id,text,sentiment,aspect
8,To tommelfingre op! !,positive,noi_chung
9,Tak Mr. George Siedel !,positive,ky_nang_giang_day
14,dias var klare.,positive,ky_nang_giang_day
1186,Thank you Mr . George Siedel !,positive,ky_nang_giang_day
1247,Kudos you endeavour to create a better society .,positive,noi_chung
1899,"Proporcionó excelentes ""consejos para profanos"" con poca o ninguna base investigativa.",negative,ky_nang_giang_day
1900,Gracias a todos los autores por tan maravilloso material.,positive,cung_cap_tai_lieu
1901,Se lo recomiendo a cualquiera que esté interesado en este campo.,positive,de_xuat
1902,La sesión de introducción fue muy repetitiva.,negative,ky_nang_giang_day
1903,Abrió una perspectiva completamente diferente para aprender y enseñar inglés...,positive,noi_chung
1904,También pensé que las instrucciones finales tarea eran un poco confusas.,negative,bai_tap
1905,Este fue un curso magnífico curso.,positive,noi_chung
1906,"Lo más importante es que este curso ahora me dio la confianza de que puedo aprender cualquier cosa con una actitud de aprendizaje, incluso aunque no tenga talento o interés en ello.",positive,chuong_trinh_hoc
1907,"Informé de todo esto y nunca recibí ni una sola respuesta, quizás porque no soy cliente que paga.",negative,hanh_vi
1908,Todos aquellos que completen este curso curso obtendrán beneficios de por vida.,positive,noi_chung
1909,Esta es una excelente introducción a un enfoque más formal de los algoritmos y espero con interés el resto de los cursos de la especialización.,positive,noi_chung
1909,Esta es una excelente introducción a un enfoque más formal de los algoritmos y espero con interés el resto de los cursos de la especialización.,positive,chuong_trinh_hoc
1910,Esperando con ansias la próxima entrega de este curso.,positive,noi_chung
1911,Definitivamente recomendaré este curso curso a mis amigos y familiares.,positive,de_xuat
1912,Este es simplemente un inicio curso que le permitirá familiarizarse con los conceptos básicos de ML usando Python.,negative,chuong_trinh_hoc
1913,Mi única crítica fue la forma en que se configuran los comentarios y las críticas.,negative,hanh_vi
1914,Los resultados serán muy útiles.,positive,ham_diem
1915,Estoy muy contento con el curso y me gustaría tener un curso de Aprender a hablar coreano 2!,positive,noi_chung
1916,Es un curso muy bien estructurado y efectivo curso.,positive,chuong_trinh_hoc
1917,"Aparte de eso, ¡excelente curso, excelente profesor y excelente contenido!",positive,cung_cap_tai_lieu
1917,"Aparte de eso, ¡excelente curso, excelente profesor y excelente contenido!",positive,ky_nang_giang_day
1917,"Aparte de eso, ¡excelente curso, excelente profesor y excelente contenido!",positive,noi_chung
1918,"Fue un curso muy interesante curso, sin embargo, estaba sesgado hacia la historia española con las inclusiones.",positive,noi_chung
1919,"Generalmente me gustan los cursos con un fuerte componente científico, pero esta clase estaba bien presentada para personas de nivel medio o personas que no tienen formación científica.",positive,ky_nang_giang_day
1920,Gran clase .,positive,noi_chung
1921,Es un buen curso y los contenidos son muy útiles.,positive,noi_chung
1921,Es un buen curso y los contenidos son muy útiles.,positive,cung_cap_tai_lieu
1922,Fue un desafío de alguna manera y MUY interesante.,positive,noi_chung
1922,Fue un desafío de alguna manera y MUY interesante.,positive,chuong_trinh_hoc
1923,"Excelente conferencias, decepcionante por la dificultad de las tareas.",positive,ky_nang_giang_day
1923,"Excelente conferencias, decepcionante por la dificultad de las tareas.",positive,bai_tap
1924,Este curso me inspira mucho.,positive,noi_chung
1925,"La forma de abordar el tema es bastante clara y directa, y es fácil de entender.",positive,chuong_trinh_hoc
1926,"En general, el curso es muy informativo, rico, basado en instrucciones y tiene muy buenos ejercicios que cubren todo el contenido del curso con una buena experiencia práctica como punto de partida.",positive,chuong_trinh_hoc
1926,"En general, el curso es muy informativo, rico, basado en instrucciones y tiene muy buenos ejercicios que cubren todo el contenido del curso con una buena experiencia práctica como punto de partida.",positive,bai_tap
1926,"En general, el curso es muy informativo, rico, basado en instrucciones y tiene muy buenos ejercicios que cubren todo el contenido del curso con una buena experiencia práctica como punto de partida.",positive,ky_nang_giang_day
1926,"En general, el curso es muy informativo, rico, basado en instrucciones y tiene muy buenos ejercicios que cubren todo el contenido del curso con una buena experiencia práctica como punto de partida.",positive,noi_chung
1927,"Recomendaría este curso, pero espero que los administradores del curso tomen en cuenta estos comentarios y hagan las tareas más claras en el futuro.",positive,de_xuat
1928,"Si interpreta literatura del campo psicológico o médico, este es un gran recurso.",positive,noi_chung
1929,Me divertí mucho y aprendí mucha información.,positive,chuong_trinh_hoc
1929,Me divertí mucho y aprendí mucha información.,positive,noi_chung
1930,Este es un curso ideal para una persona que está considerando utilizar Google Cloud Platform pero no está seguro de cuáles son las ventajas y capacidades.,positive,noi_chung
1931,También recomiendo encarecidamente la revisión de álgebra lineal.,positive,de_xuat
1932,Me ayudó a pasar de cero conocimientos técnicos sobre aprendizaje automático hasta el punto en el que me siento cómodo implementándolo y puedo pensar en esas implementaciones.,positive,noi_chung
1933,Esto fue una especie de pérdida de tiempo.,negative,chuong_trinh_hoc
1934,Me gusta mucho este curso.,positive,noi_chung
1935,Trabajo de curso fue bastante fácil.,positive,bai_tap
1936,"Entender las estadísticas no es fácil, pero caffo nos hace entenderlas fácilmente...",positive,ky_nang_giang_day
1938,"Le doy 4 estrellas de 5 porque necesita algunas mejoras cerca de las fechas límite esperadas en la semana 3, y por algunos errores técnicos: uno debe iniciar sesión en un navegador para participar en el foro de discusión; no pude hacerlo funcionar desde mis aplicaciones de iPad o iPhone.",neutral,chuong_trinh_hoc
1938,"Le doy 4 estrellas de 5 porque necesita algunas mejoras cerca de las fechas límite esperadas en la semana 3, y por algunos errores técnicos: uno debe iniciar sesión en un navegador para participar en el foro de discusión; no pude hacerlo funcionar desde mis aplicaciones de iPad o iPhone.",negative,noi_chung
1939,"Según recuerdo, el curso original Introducción a Python del Dr. Chuck curso, que se lanzó hace unos 3 o 4 años, se dividió en dos.",positive,noi_chung
1940,Impresionante curso.,positive,noi_chung
1941,"No importa si comete errores, el tutor está a su lado y le proporciona el código fuente antes y después.",positive,ky_nang_giang_day
1942,Su estilo claro y simplista de presentación de conceptos complejos con ejemplos adecuados garantiza que el estudiante capte la esencia con facilidad y navegue a través de algoritmos complejos con confianza.,positive,ky_nang_giang_day
1942,Su estilo claro y simplista de presentación de conceptos complejos con ejemplos adecuados garantiza que el estudiante capte la esencia con facilidad y navegue a través de algoritmos complejos con confianza.,positive,kinh_nghiem
1943,Gracias a Coursera y a la Universidad Estatal de Michigan por la oportunidad.,positive,noi_chung
1944,Aprendí mucho en esta especialización y ahora tengo una visión más grande para mi aprendizaje futuro y para mi startup.,positive,noi_chung
1945,Recomiendo mucho este curso.,positive,de_xuat
1946,¡Gracias por proporcionar este curso!,positive,noi_chung
1947,¡Se lo recomiendo a todos aquellos que quieran empezar a aprender Python o programación en general!,positive,de_xuat
1948,"En otras palabras, te enseña cómo escribir código R que funcione, pero no te enseña cómo escribir buen código en R.",positive,chuong_trinh_hoc
1949,Es un excelente curso para comprender y aprender los principios del aprendizaje automático y sus métodos y algoritmos.,positive,noi_chung
1949,Es un excelente curso para comprender y aprender los principios del aprendizaje automático y sus métodos y algoritmos.,positive,chuong_trinh_hoc
1950,¡DOS PULGARES ARRIBA!,positive,chuong_trinh_hoc
1951,Gracias Profesor Chuck y CTA.,positive,ky_nang_giang_day
1952,Muchas gracias por este Curso.,positive,noi_chung
1953,Es como si el diseño gráfico se hubiera hecho fácil.,positive,ky_nang_giang_day
1954,"Sin embargo, perdí mucho tiempo viendo videos incompletos y tratando de completar cuestionarios cubriendo material que no fue abordado o solo parcialmente abordado en los videos.",negative,ky_nang_giang_day
1954,"Sin embargo, perdí mucho tiempo viendo videos incompletos y tratando de completar cuestionarios cubriendo material que no fue abordado o solo parcialmente abordado en los videos.",negative,bai_tap
1955,Los profesores son fáciles de escuchar.,positive,ky_nang_giang_day
1956,"Y sería mejor si pudiéramos ver todo el código del video, pero en la semana 1, lección 3, algunas funciones se bloquearon y no estoy seguro de si lo hago bien yo solo.",negative,noi_chung
1957,"Realmente bueno curso, lo recomiendo a cualquiera que trabaje en la región MENA como periodista o persona de negocios.",positive,de_xuat
1957,"Realmente bueno curso, lo recomiendo a cualquiera que trabaje en la región MENA como periodista o persona de negocios.",positive,de_xuat
1958,Realmente aprendí mucho de este curso.,positive,noi_chung
1959,Andrew se toma el tiempo para explicar claramente los conceptos.,neutral,ky_nang_giang_day
1960,"De hecho, ¡nunca he experimentado algo tan asombroso! conferencia",positive,ky_nang_giang_day
1961,"Realmente interesante curso, realmente disfruto la clase con Dr. Chuck porque hace una explicación fácil de diferentes conceptos en programación que hace que los ejercicios sean fáciles de resolver.",positive,noi_chung
1961,"Realmente interesante curso, realmente disfruto la clase con Dr. Chuck porque hace una explicación fácil de diferentes conceptos en programación que hace que los ejercicios sean fáciles de resolver.",positive,ky_nang_giang_day
1961,"Realmente interesante curso, realmente disfruto la clase con Dr. Chuck porque hace una explicación fácil de diferentes conceptos en programación que hace que los ejercicios sean fáciles de resolver.",positive,ky_nang_giang_day
1961,"Realmente interesante curso, realmente disfruto la clase con Dr. Chuck porque hace una explicación fácil de diferentes conceptos en programación que hace que los ejercicios sean fáciles de resolver.",positive,ky_nang_giang_day
1962,"Me encantó la forma en que se explican los diferentes temas, me gustan los gráficos, los videos, los cuestionarios - ¡todo!",positive,chuong_trinh_hoc
1962,"Me encantó la forma en que se explican los diferentes temas, me gustan los gráficos, los videos, los cuestionarios - ¡todo!",positive,ky_nang_giang_day
1962,"Me encantó la forma en que se explican los diferentes temas, me gustan los gráficos, los videos, los cuestionarios - ¡todo!",positive,bai_tap
1963,Me gusta el profesor y las conversaciones son una buena práctica de escucha.,positive,ky_nang_giang_day
1964,Las tareas fueron muy instructivas y bien explicadas por el personal en el Foro de discusión. Muchas gracias a el personal y a la Universidad de Michigan por el curso.,positive,bai_tap
1964,Las tareas fueron muy instructivas y bien explicadas por el personal en el Foro de discusión. Muchas gracias a el personal y a la Universidad de Michigan por el curso.,positive,ky_nang_giang_day
1964,Las tareas fueron muy instructivas y bien explicadas por el personal en el Foro de discusión. Muchas gracias a el personal y a la Universidad de Michigan por el curso.,positive,hanh_vi
1965,Estoy extremadamente insatisfecho y desearía no haber pagado por esta especialización.,negative,noi_chung
1966,Lo recomiendo mucho.,positive,de_xuat
1967,"Incluso era irrelevante para mi campo de estudio, pero el profesor Murayama lo hizo tan fácil de entender como si hubiera estado estudiando este tema toda mi vida.",positive,ky_nang_giang_day
1968,"Muy bien informado profesor, pero fácil y agradable de seguir.",positive,ky_nang_giang_day
1968,"Muy bien informado profesor, pero fácil y agradable de seguir.",positive,ky_nang_giang_day
1970,¡Realmente está cambiando la vida curso!,positive,noi_chung
1971,Este curso tiene dos grandes proyectos.,positive,chuong_trinh_hoc
1972,"Si tienes dificultades con el cálculo, definitivamente deberías tomar este curso 1.",positive,noi_chung
1973,"En general, una gran experiencia.",positive,noi_chung
1974,Primera vez tomando un curso de programación curso.,positive,noi_chung
1975,"El proyecto final en sí fue decepcionante, aprendí mucho más haciendo mi propia aplicación en la clase n.° 3.",negative,bai_tap
1976,"Pero el instructor no dio una breve descripción de lo que es, en lugar de eso, simplemente continúa diciendo que cuando no tienes una pregunta clara en tu mente, corres el riesgo de dragar datos.",negative,ky_nang_giang_day
1977,Realmente no fue fácil para mí terminar estos curso en mis apretados horarios pero encontré algo de sentimiento sobre el lenguaje de la computadora a través de este curso.,negative,noi_chung
1978,El estudio de caso tarea final fue definitivamente útil para pensar en varias de las métricas cubiertas durante las cuatro semanas.,positive,bai_tap
1979,"Estoy disfrutando de la mezcla de conceptos básicos y detalles, además de las excursiones al LHC y un tokamac.",positive,chuong_trinh_hoc
1980,Me tomó 2 semanas (no 6 horas como menciona el tutor) completar la mitad de la segunda tarea y estoy a punto de decir que no aprendí nada sobre MongoDB.,negative,bai_tap
1981,Disfruté cada minuto del curso y recomiendo a otros que hagan lo mismo : ) El conocimiento que se transmite aquí es de suma importancia no solo para quienes enseñan inglés sino también para cualquier profesor de cualquier materia.,positive,de_xuat
1981,Disfruté cada minuto del curso y recomiendo a otros que hagan lo mismo : ) El conocimiento que se transmite aquí es de suma importancia no solo para quienes enseñan inglés sino también para cualquier profesor de cualquier materia.,positive,de_xuat
1981,Disfruté cada minuto del curso y recomiendo a otros que hagan lo mismo : ) El conocimiento que se transmite aquí es de suma importancia no solo para quienes enseñan inglés sino también para cualquier profesor de cualquier materia.,positive,ky_nang_giang_day
1982,"Para aquellos que tienen el conocimiento esencial de todo eso, el curso sería una repetición de lo básico.",positive,noi_chung
1983,Desearía que tuvieran más clases relacionadas con PP de UVA.,negative,ky_nang_giang_day
1984,"Mi única queja es que la tarea es bastante restrictiva (solo un juego de una página por semana, lo que significa que solo puedes hacer lo que quieras), pero aprecio el hecho de que simplifica las cosas y, en todo caso, te impulsa a ser aún más creativo, más allá del típico ""juego de mesa"".",negative,bai_tap
1985,Bueno curso para principiantes como yo.,positive,noi_chung
1986,Prof. Severance es un muy buen instructor que hace que las cosas difíciles parezcan fáciles.,positive,ky_nang_giang_day
1986,Prof. Severance es un muy buen instructor que hace que las cosas difíciles parezcan fáciles.,positive,ky_nang_giang_day
1987,"Gracias, Profesor Randy, Universidad Northwester y Coursera.",positive,ky_nang_giang_day
1988,El curso es excelente.,positive,noi_chung
1989,"Tal como están las cosas, nunca pude subir las fotografías para el mensaje final.",negative,noi_chung
1990,Un curso útil y práctico curso que fue divertido e interesante de hacer.,positive,noi_chung
1991,El contenido es genial y no se extiende demasiado hasta el punto de asustarte y hacer que te desanimes a desarrollar el juego.,positive,cung_cap_tai_lieu
1991,El contenido es genial y no se extiende demasiado hasta el punto de asustarte y hacer que te desanimes a desarrollar el juego.,positive,cung_cap_tai_lieu
1992,"Cobertura decente de los aspectos básicos, pero algunos de los datos, herramientas y enfoques utilizados están desactualizados entre dos y tres años, lo que resulta particularmente problemático en el cambiante espacio social.",positive,noi_chung
1993,"Lo aprecié porque realmente me ayudó a comprender los detalles de las citas, lo cual necesitaba saber para continuar con este curso.",positive,chuong_trinh_hoc
1994,"Las videoconferencias te ayudarán a aprobar los exámenes, ya que son principalmente teoría y antecedentes.",positive,ky_nang_giang_day
1994,"Las videoconferencias te ayudarán a aprobar los exámenes, ya que son principalmente teoría y antecedentes.",positive,bai_tap
1995,Cinco estrellas fáciles.,positive,noi_chung
1996,"Gracias a todos los que trabajan en Coursera y en la Universidad de Virginia, quienes hicieron posible este MOOC.",positive,noi_chung
1997,"Me gusta el método de ""aprender haciendo"" adoptado y durante el curso construiste un buen sitio web.",positive,chuong_trinh_hoc
1998,Tomé esta clase hace más de un año y todavía puedo recordar las historias de los casos.,negative,noi_chung
1999,No hay mucho que aprender,neutral,noi_chung
2000,Abre una gran variedad de temas y los traza a lo largo de la evolución de la fotografía desde sus inicios hasta hoy.,positive,chuong_trinh_hoc
2001,"Pagué una cantidad decente de dinero para asistir a este curso y estoy muy decepcionado de que simplemente se ejecuta en piloto automático sin ningún lugar a donde ir para obtener resoluciones, preguntas o ayuda.",negative,chuong_trinh_hoc
2001,"Pagué una cantidad decente de dinero para asistir a este curso y estoy muy decepcionado de que simplemente se ejecuta en piloto automático sin ningún lugar a donde ir para obtener resoluciones, preguntas o ayuda.",negative,hanh_vi
2002,Auditar el curso me dio acceso a todo el material y conocimiento del curso  que necesitaba sin tener que vaciar mi cuenta bancaria.,positive,noi_chung
2003,Dr. Mathew Yee King es mi favorito de todo este curso.,positive,ky_nang_giang_day
2004,Me gusta mucho la forma en que los investigadores presentan su área y hablan de las publicaciones recientes relacionadas.,positive,ky_nang_giang_day
2005,He tenido una gran experiencia aprendiendo una nueva área de estudio con el tutorial bien explicado y bien guiado del Dr. Ng.,positive,noi_chung
2005,He tenido una gran experiencia aprendiendo una nueva área de estudio con el tutorial bien explicado y bien guiado del Dr. Ng.,positive,ky_nang_giang_day
2005,He tenido una gran experiencia aprendiendo una nueva área de estudio con el tutorial bien explicado y bien guiado del Dr. Ng.,positive,ky_nang_giang_day
2006,Definitivamente recomiendo a cualquiera que esté interesado en la programación en Python que considere tomar este curso con Dr Chuck.,positive,de_xuat
2006,Definitivamente recomiendo a cualquiera que esté interesado en la programación en Python que considere tomar este curso con Dr Chuck.,positive,ky_nang_giang_day
2007,¡Compartir y agradable curso!,positive,noi_chung
2008,Ha sido una experiencia fantástica y no puedo esperar para poner en práctica lo que he aprendido.,positive,noi_chung
2009,"No sé cuál es el problema, ya que estudio bien los videos y cuando llega el momento de tomar examen nunca apruebo, así que miro los videos una y otra vez, pero siempre obtengo el mismo resultado. En cuanto a los otros idiomas, no estoy seguro de cuál es el punto de esto.",negative,bai_tap
2010,Es simple y fácil de entender.,positive,chuong_trinh_hoc
2011,"Este curso puede ser útil para personas que recién comienzan como profesionales de las redes sociales, pero si ya estás trabajando en este campo, encontrarás este curso increíblemente aburrido.",negative,chuong_trinh_hoc
2012,"Gracias por hacerme entender los conceptos básicos de las finanzas, Dios mío.",positive,chuong_trinh_hoc
2013,"Los demás aspectos de la literatura, la pintura y las artes más populares (faldas escocesas, tradiciones orales, etc.) fueron una agradable sorpresa.",positive,ky_nang_giang_day
2014,"Muy útil. Toda la información que se cubre es más o menos de sentido común, y sin embargo, la gente no presta atención a todas las pequeñas cosas que se discuten en este curso. Bueno, me divertí escuchando las conferencias y definitivamente aplicaré los conceptos a mi rutina diaria. Gracias.",positive,chuong_trinh_hoc
2015,Mejora respecto al primero curso.,positive,noi_chung
2016,Muy bueno contenido.,positive,noi_chung
2017,"Es un comienzo sólido, mejor que leerlo en algún lugar de Internet.",positive,noi_chung
2018,"Además, el profesor es difícil de entender la mayor parte del tiempo.",negative,ky_nang_giang_day
2019,¡Gracias Prof. Dan !,positive,ky_nang_giang_day
2020,"Finalmente, este curso me ayudó a tener una idea de diferentes teorías políticas y aumentó mucho más mi interés.",positive,noi_chung
2021,¡Simplemente increíble!,positive,noi_chung
2022,Espero que esto sea útil.,positive,noi_chung
2023,Si buscas un curso general sobre HTML esto es para ti.,positive,noi_chung
2024,¡Es increíble!,positive,noi_chung
2025,"Además, ¿qué pasa si no estás totalmente de acuerdo con la IDEA de que la temática presentación del arte es la forma en que el arte moderno tiene que ser presentado?",negative,ky_nang_giang_day
2026,"Dicho esto, parece que podrían haber hecho un trabajo mucho mejor en el video al presentar conceptos centrales que habrían brindado a los no programadores un mejor punto de partida para buscar investigadores externos.",positive,ky_nang_giang_day
2026,"Dicho esto, parece que podrían haber hecho un trabajo mucho mejor en el video al presentar conceptos centrales que habrían brindado a los no programadores un mejor punto de partida para buscar investigadores externos.",positive,ky_nang_giang_day
2027,Realmente siento que este curso me ha proporcionado algunas nuevas perspectivas valiosas con las que ver el mundo que me rodea y a mí mismo.,positive,noi_chung
2028,Aprendí muchas habilidades básicas de dirección que son fundamentales para mi sueño de ser director de orquesta.,positive,noi_chung
2029,Los cursos son geniales.,positive,noi_chung
2030,Fue un desafío .,positive,noi_chung
2031,Lo recomiendo seguro.,positive,de_xuat
2032,El profesor Yaakov Chaikin es muy hábil y hace que sus videos sean divertidos de ver.,positive,ky_nang_giang_day
2032,El profesor Yaakov Chaikin es muy hábil y hace que sus videos sean divertidos de ver.,positive,ky_nang_giang_day
2033,El material está bien administrado y organizado pero no puedo escuchar ni comprender realmente.,positive,cung_cap_tai_lieu
2034,Temas complejos relacionados de una manera comprensible para aquellos que tienen algunos conocimientos básicos en esta área.,positive,chuong_trinh_hoc
2035,"Definitivamente, me llevo algunas cosas que puedo poner en práctica en mi trabajo.",positive,noi_chung
2036,Realmente siento que he aprendido mucho de este curso y espero implementar algunas de sus técnicas.,positive,noi_chung
2036,Realmente siento que he aprendido mucho de este curso y espero implementar algunas de sus técnicas.,positive,noi_chung
2037,Excelente curso.,positive,noi_chung
2038,"El Profesor es excelente, didáctico y explica las lecciones con claridad.",positive,ky_nang_giang_day
2038,"El Profesor es excelente, didáctico y explica las lecciones con claridad.",positive,ky_nang_giang_day
2038,"El Profesor es excelente, didáctico y explica las lecciones con claridad.",positive,ky_nang_giang_day
2039,La tarea también le brinda la oportunidad de practicar estos algoritmos en algún ejemplo de aplicación.,positive,bai_tap
2040,¡Otro gran agradecimiento por su gran humor!,positive,ky_nang_giang_day
2041,Obtuve una nueva perspectiva sobre usabilidad (pruebas e implementación) que emplearé en mis prácticas de autenticación de red y desarrollo de políticas.,positive,noi_chung
2042,"He intentado empezar con Unity a partir de libros y tutoriales por mi cuenta, pero nunca llegué tan lejos en las 4 semanas de este curso.",negative,noi_chung
2043,"Hay un cierto estilo de enseñanza al que debes acostumbrarte al principio, pero cuando lo haces, lecciones se vuelven muy claras y fáciles de seguir.",positive,ky_nang_giang_day
2043,"Hay un cierto estilo de enseñanza al que debes acostumbrarte al principio, pero cuando lo haces, lecciones se vuelven muy claras y fáciles de seguir.",positive,ky_nang_giang_day
2044,"Inteligente, casual y a la vez preciso lecciones te ayudará a recorrer los pasos iniciales necesarios en el lenguaje, construyendo una base fundamental donde construirás tus habilidades de codificación en Python.",positive,ky_nang_giang_day
2044,"Inteligente, casual y a la vez preciso lecciones te ayudará a recorrer los pasos iniciales necesarios en el lenguaje, construyendo una base fundamental donde construirás tus habilidades de codificación en Python.",positive,ky_nang_giang_day
2045,Lleno de errores .,negative,noi_chung
2046,Se detiene a menudo para leer estas notas y no tiene ningún entusiasmo en enseñar esta clase.,negative,ky_nang_giang_day
2046,Se detiene a menudo para leer estas notas y no tiene ningún entusiasmo en enseñar esta clase.,negative,hanh_vi
2047,Me aburrí cuando llegué a la semana 3 y parece imposible mantenerme concentrado y completar todo tareas.,negative,bai_tap
2047,Me aburrí cuando llegué a la semana 3 y parece imposible mantenerme concentrado y completar todo tareas.,negative,noi_chung
2048,"Claro videos (subtitulado para personas que no hablan inglés), en una forma compacta, consejos y trucos para el aprendizaje y la memoria que son tan obvios finalmente cuando los miramos en retrospectiva, pero tan útiles.",positive,ky_nang_giang_day
2048,"Claro videos (subtitulado para personas que no hablan inglés), en una forma compacta, consejos y trucos para el aprendizaje y la memoria que son tan obvios finalmente cuando los miramos en retrospectiva, pero tan útiles.",positive,ky_nang_giang_day
2049,"Lo único que me gustó de este curso fueron los conjuntos de problemas, que fueron interesantes de hacer.",positive,bai_tap
2050,¡Obsoleto y sin soporte!,negative,noi_chung
2050,¡Obsoleto y sin soporte!,negative,noi_chung
2051,Muy claro profesor.,positive,ky_nang_giang_day
2052,Instructor y mentores no agregaron valor al curso.,negative,ky_nang_giang_day
2052,Instructor y mentores no agregaron valor al curso.,negative,ky_nang_giang_day
2053,"Para las personas con experiencia (probablemente una buena cantidad, ya que este es un curso de ciencia de datos para ejecutivos), fue bastante básico.",neutral,chuong_trinh_hoc
2055,Muy buen enfoque práctico para el aprendizaje automático.,positive,noi_chung
2056,"El contenido del curso es extremadamente útil para jóvenes científicos emergentes como yo; sin embargo, los videos fueron muy difíciles de seguir porque el equipo habla rápido y con un acento francés muy fuerte.",positive,cung_cap_tai_lieu
2056,"El contenido del curso es extremadamente útil para jóvenes científicos emergentes como yo; sin embargo, los videos fueron muy difíciles de seguir porque el equipo habla rápido y con un acento francés muy fuerte.",positive,ky_nang_giang_day
2057,"Además, aprendí muchas de estas estadísticas en la universidad y las explicaciones proporcionadas en estas lecciones en realidad me confundieron acerca de cosas que ya sé.",negative,chuong_trinh_hoc
2058,"Años después, necesitaba mejorar mis habilidades y descubrí que Coursera tenía muchas de las clases que quería tomar, y ahora siento que mi MFA es un MFA.",positive,noi_chung
2059,Me gustó el hecho de que se utilizaran charlas TED y otras fuentes de vídeo en el programa de estudios.,positive,cung_cap_tai_lieu
2060,"Aún así intenté ver el contenido del curso, pero encontré que el instructor hablaba más sobre lo que planeaba cubrir en lugar de cubrir realmente algo sustancial.",negative,kinh_nghiem
2061,Fue un curso muy agradable.,positive,noi_chung
2062,Así que creo que deben existir mejores materiales para diapositivas más organizadas.,negative,cung_cap_tai_lieu
2063,Sería útil algún trabajo como tarea final.,negative,bai_tap
2064,Me encantaría ver más revisiones por pares (aún no he recibido ninguna sobre mis poemas).,negative,hanh_vi
2065,"Pero el contenido y los ejercicios propuestos son geniales, uno de los mejores y más sensatos enfoques para la improvisación bebop.",positive,ky_nang_giang_day
2066,Recomiendo mucho este curso.,positive,de_xuat
2067,"Gracias Dr. Zwetsloot, sus lecciones y ejemplos fueron: prácticos, nítidos y claros.",positive,ky_nang_giang_day
2067,"Gracias Dr. Zwetsloot, sus lecciones y ejemplos fueron: prácticos, nítidos y claros.",positive,ky_nang_giang_day
2068,"Sólo le di 4 estrellas porque a veces es muy difícil de entender, especialmente las palabras clave (no me refiero al acento sino a los nombres latinos del grupo y de la familia, etc.); tuve que revisar constantemente los subtítulos para esto.",positive,chuong_trinh_hoc
2068,"Sólo le di 4 estrellas porque a veces es muy difícil de entender, especialmente las palabras clave (no me refiero al acento sino a los nombres latinos del grupo y de la familia, etc.); tuve que revisar constantemente los subtítulos para esto.",neutral,chuong_trinh_hoc
2069,"Se vuelve un poco irregular en las semanas 3 y 4 (parece que algunas de las hojas de trabajo no fueron revisadas para detectar errores), pero nunca es una pérdida de tiempo.",negative,chuong_trinh_hoc
2069,"Se vuelve un poco irregular en las semanas 3 y 4 (parece que algunas de las hojas de trabajo no fueron revisadas para detectar errores), pero nunca es una pérdida de tiempo.",positive,noi_chung
2070,No es adecuado para principiantes absolutos ni tampoco como curso independiente curso.,negative,noi_chung
2072,"Si el método hubiera tenido un poco más de variación, como animaciones, análisis de vídeo, estudios de casos, tal vez más visitantes expertos, etc., habría sido incluso mejor y más duradero a largo plazo.",neutral,ky_nang_giang_day
2073,Personalmente disfruté hacer este curso y espero hacer más curso.,positive,noi_chung
2074,"Las conferencias son entretenidas e informativas, y el profesor es encantador y divertido.",positive,ky_nang_giang_day
2074,"Las conferencias son entretenidas e informativas, y el profesor es encantador y divertido.",positive,noi_chung
2075,Es un excelente curso de introducción sobre cómo identificar oportunidades de emprendimiento social.,positive,noi_chung
2076,"Los estudios de caso fueron relevantes e interesantes, y los oradores invitados también fueron buenos.",positive,chuong_trinh_hoc
2076,"Los estudios de caso fueron relevantes e interesantes, y los oradores invitados también fueron buenos.",positive,chuong_trinh_hoc
2076,"Los estudios de caso fueron relevantes e interesantes, y los oradores invitados también fueron buenos.",positive,ky_nang_giang_day
2077,"Además, muchas veces los subtítulos en inglés no son correctos, tengo la sensación de que la máquina lo ha hecho.",negative,noi_chung
2078,¡¡¡Dos pulgares arriba!!!,positive,noi_chung
2079,"La primera semana, el profesor repasó toda la trama de Harry Potter, lo cual parecía una pérdida de tiempo.",negative,ky_nang_giang_day
2080,Realmente genial curso en todos los aspectos.,positive,noi_chung
2081,Esto debería quedar claro desde el principio en la descripción del curso.,neutral,noi_chung
2082,Me encantan las indicaciones dadas por el instructor.,positive,ky_nang_giang_day
2083,"Excelente curso para comprender los estudios y políticas sobre el terrorismo, sus orígenes y las formas de entenderlo.",positive,noi_chung
2084,"Es cierto que, con un libro de texto gratuito para una versión anterior, este es un problema menor hasta ahora en la serie.",positive,noi_chung
2085,bueno curso.,positive,noi_chung
2086,"El tema es interesante, el curso contenido está presentado claramente y las conferencias son informativas.",positive,noi_chung
2086,"El tema es interesante, el curso contenido está presentado claramente y las conferencias son informativas.",positive,ky_nang_giang_day
2086,"El tema es interesante, el curso contenido está presentado claramente y las conferencias son informativas.",positive,ky_nang_giang_day
2087,"Para mí, me demostró que las empresas son más parecidas de lo que pensamos.",positive,noi_chung
2088,La mayoría de la clase era simplemente una copia del libro de Stokes.,negative,noi_chung
2089,Realmente me gusta cómo cada video es una mirada en profundidad a un ejemplo específico y que te dice qué ignorar y cuándo.,positive,ky_nang_giang_day
2090,Creo que el curso debería agregar un video para explicar más en detalle algunos conceptos como variables. Muchos de mis problemas surgieron de profundas dudas que tenía sobre esto. Tal vez explicar las variables en el hardware y las variables como indicadores.,neutral,ky_nang_giang_day
2091,Me pareció que la clase estaba bien enseñada y esperaba participar en cada semana de la clase .,positive,noi_chung
2092,Este curso me ha proporcionado las herramientas y la metodología que necesito para ser más estratégico y centrado en la gestión de mi carrera.,positive,chuong_trinh_hoc
2093,"Solo una tarea al final, por lo que pasas 3 semanas antes de que te pidan codificar (esto parece un gran error para cualquier curso de programación).",negative,bai_tap
2094,Esta fue una fantástica clase.,positive,noi_chung
2095,Me pareció que el profesor era brillante y perspicaz.,positive,ky_nang_giang_day
2096,Es el comienzo perfecto para principiantes absolutos.,positive,noi_chung
2097,Me gustó mucho cómo el ritmo de las tareas aumenta en complejidad a un ritmo muy agradable.,positive,bai_tap
2099,Uno de los mejores cursos que he tomado hasta ahora.,positive,noi_chung
2100,"Asignaciones solicitamos que usted sea fotografiado o filmado, y no hay ninguna exención de responsabilidad de que sus fotos o su privacidad serán protegidas.",negative,bai_tap
2101,Gracias a los profesores que hicieron posible este curso y especialmente a Dr. Peng quien estuvo dispuesto a pasar un tiempo con nosotros cara a cara vía video.,positive,ky_nang_giang_day
2101,Gracias a los profesores que hicieron posible este curso y especialmente a Dr. Peng quien estuvo dispuesto a pasar un tiempo con nosotros cara a cara vía video.,positive,ky_nang_giang_day
2102,"Gracias a Barb Oakley y Terry Sejnowski, se han convertido en mis profesores favoritos.",positive,ky_nang_giang_day
2102,"Gracias a Barb Oakley y Terry Sejnowski, se han convertido en mis profesores favoritos.",positive,ky_nang_giang_day
2103,"En primer lugar, el instructor tenía un material y equipo muy bien organizado.",positive,ky_nang_giang_day
2103,"En primer lugar, el instructor tenía un material y equipo muy bien organizado.",positive,cung_cap_tai_lieu
2104,Me gustó el contenido y tareas.,positive,bai_tap
2105,Definitivamente vale la pena el tiempo invertido en seguir este curso.,positive,chuong_trinh_hoc
2106,"La semana de programación dinámica fue algo más difícil que las otras semanas, pero creo que eso se podría remediar con más visualizaciones durante las conferencias.",positive,ky_nang_giang_day
2106,"La semana de programación dinámica fue algo más difícil que las otras semanas, pero creo que eso se podría remediar con más visualizaciones durante las conferencias.",neutral,chuong_trinh_hoc
2107,Dr. Charles Los métodos de enseñanza son muy efectivos.,positive,ky_nang_giang_day
2108,Me resulta difícil ver la relevancia.,negative,ky_nang_giang_day
2109,"En ese sentido, sentí que el curso empezó a orientarse más hacia los estudiantes que hacia los adultos que trabajan.",positive,noi_chung
2111,Aprendí mucho de esto para enseñarme a mí mismo y a mis hijos también.,positive,noi_chung
2112,"En general, no disfruto de este curso curso, principalmente porque es muy difícil.",negative,noi_chung
2113,"Al final, te sentirás bien al aprender informática.",positive,noi_chung
2114,"El vocabulario cubierto fue muy limitado, y el curso realmente no enfatizó la gramática, por lo que no debes esperar poder formar tus propias oraciones después de tomar este curso .",positive,noi_chung
2114,"El vocabulario cubierto fue muy limitado, y el curso realmente no enfatizó la gramática, por lo que no debes esperar poder formar tus propias oraciones después de tomar este curso .",negative,noi_chung
2114,"El vocabulario cubierto fue muy limitado, y el curso realmente no enfatizó la gramática, por lo que no debes esperar poder formar tus propias oraciones después de tomar este curso .",negative,chuong_trinh_hoc
2115,"Además, parece que es un auténtico fan de los Beatles como yo.",positive,noi_chung
2116,"He terminado el curso y compré dos de los libros del instructor para ""revivir"" este material.",positive,noi_chung
2117,Este curso no sólo enseña Python sino también cómo programar.,positive,noi_chung
2118,"Disfruté mucho de las conferencias con explicaciones claras de diferentes aspectos de la estructura política, militar y social griega y las diferencias entre las diferentes polis.",positive,ky_nang_giang_day
2118,"Disfruté mucho de las conferencias con explicaciones claras de diferentes aspectos de la estructura política, militar y social griega y las diferencias entre las diferentes polis.",positive,ky_nang_giang_day
2119,Un excelente curso curso.,positive,noi_chung
2120,Decepcionado por esta clase.,negative,noi_chung
2121,Este es un curso creat .,positive,noi_chung
2122,¡Gracias Sr. George Siedel!,positive,ky_nang_giang_day
2123,¡Este es definitivamente mi curso favorito en Coursera y en cualquier otro lugar de Internet!,positive,noi_chung
2124,Es realmente una verdadera clase para principiantes.,positive,noi_chung
2125,En particular me sorprendió la baja calidad del material.,negative,cung_cap_tai_lieu
2126,Excelente !,positive,noi_chung
2127,"Para mí, sería más útil si los profesores o mentores brindaran su propia retroalimentación en la tarea de la semana 4: Prototipos.",neutral,hanh_vi
2128,Y el profesor Sr. Tim Roughgarden presentó la esencia que necesito.,positive,ky_nang_giang_day
2129,Uno de los cursos  más útiles que he tenido...,positive,chuong_trinh_hoc
2130,¡Creo que puedo aprender con éxito cosas que nunca pensé que podría!,positive,noi_chung
2131,Muchas gracias por hacer disponible este material.,positive,cung_cap_tai_lieu
2132,"Si bien el entusiasmo y la pasión del Profesor Kaul por las finanzas son inspiradores, sus conferencias no son del todo útiles cuando llega el momento de afrontar las tareas.",negative,ky_nang_giang_day
2132,"Si bien el entusiasmo y la pasión del Profesor Kaul por las finanzas son inspiradores, sus conferencias no son del todo útiles cuando llega el momento de afrontar las tareas.",positive,ky_nang_giang_day
2133,"Aún así, un buen curso curso de una de las mejores escuelas de negocios del mundo.",positive,noi_chung
2134,La lista de lecturas opcionales es útil para obtener una comprensión más profunda.,positive,cung_cap_tai_lieu
2135,Creo que esta es una muy buena introducción a Programación funcional.,positive,cung_cap_tai_lieu
2136,Me gustó el formato video corto es atractivo y más fácil de incorporar a nuestras vidas.,positive,ky_nang_giang_day
2136,Me gustó el formato video corto es atractivo y más fácil de incorporar a nuestras vidas.,positive,ky_nang_giang_day
2136,Me gustó el formato video corto es atractivo y más fácil de incorporar a nuestras vidas.,positive,ky_nang_giang_day
2137,"Además, si estás siguiendo la serie completa de cursos, habrás adquirido un buen dominio del análisis de estrés.",positive,noi_chung
2138,Este curso me enseñó mucho y ahora estoy en camino de aprender Python avanzado.,positive,noi_chung
2139,Las primeras tres semanas son totalmente triviales.,negative,noi_chung
2140,Realmente aprecié las conferencias concisas pero exhaustivas del Dr. White a lo largo del curso.,positive,ky_nang_giang_day
2140,Realmente aprecié las conferencias concisas pero exhaustivas del Dr. White a lo largo del curso.,positive,ky_nang_giang_day
2141,Las lecturas adicionales fueron realmente refrescantes y me gustaría aprender más sobre la combinación de tratamiento/uso de dos o más antibióticos y otras acciones para erradicar infecciones crónicas.,positive,noi_chung
2142,El contenido del curso y las tareas son bastante buenos para cubrir los fundamentos de cómo manipular datos en Python. Aprendí mucho que puedo aplicar en la práctica.,positive,noi_chung
2142,El contenido del curso y las tareas son bastante buenos para cubrir los fundamentos de cómo manipular datos en Python. Aprendí mucho que puedo aplicar en la práctica.,positive,bai_tap
2143,Me siento absolutamente honrado de haber tenido el privilegio de tomar un curso tan fascinante sobre algo que me apasiona.,positive,noi_chung
2144,El ritmo es bueno.,positive,chuong_trinh_hoc
2145,¡Este curso es maravilloso!,positive,noi_chung
2146,También creo que se debería dedicar más tiempo a los bonos de proyectos y al uso de estructuras derivadas para asegurar flujos de efectivo y ratios de trabajo para apoyar la financiación y los proyectos competitivos.,neutral,chuong_trinh_hoc
2147,Podrás sumergirte en casi una docena de teorías organizacionales y aprender cuándo y cómo aplicarlas como parte de tu caja de herramientas de gestión.,positive,noi_chung
2148,¡Súper satisfecho con este curso de 1 año!,positive,noi_chung
2149,Nuestras tareas eran sencillas y no sentía ningún entusiasmo al hacerlas.,negative,bai_tap
2149,Nuestras tareas eran sencillas y no sentía ningún entusiasmo al hacerlas.,negative,bai_tap
2150,"Y por cierto Jana es la mejor profesora entre todas las que he visto en Coursera, muy viva, abierta, entusiasta y dando información con estructura y al punto.",positive,ky_nang_giang_day
2150,"Y por cierto Jana es la mejor profesora entre todas las que he visto en Coursera, muy viva, abierta, entusiasta y dando información con estructura y al punto.",positive,noi_chung
2151,Meloni es una instructora encantadora. Realmente te hace desear que las presentaciones fueran mucho más largas de lo que son.,positive,ky_nang_giang_day
2152,Una gran oportunidad y una visita obligada para cualquiera que estudie o trabaje en Educación.,positive,noi_chung
2153,Diré que a veces sería difícil seguir a los profesores ese es el único problema que tuve con este curso.,negative,ky_nang_giang_day
2154,Este curso es una introducción muy interesante a la Teoría Sociológica Clásica.,positive,chuong_trinh_hoc
2155,profesor es muy monótono y no es atractivo.,negative,ky_nang_giang_day
2156,En este curso los estudiantes se convierten en miembros de una comunidad de aprendizaje activa y siempre activa.,positive,noi_chung
2157,La calidad del contenido es muy buena.,positive,cung_cap_tai_lieu
2158,"La calificación se realiza a modo de revisión por pares, lo cual es bueno ya que permite ver cómo sus compañeros abordaron el problema.",positive,ham_diem
2159,Progresé en la creación de juegos cuando era novato.,positive,noi_chung
2160,Gracias Margaret y Denis por organizar este curso.,positive,ky_nang_giang_day
2161,Un curso extremadamente bien estructurado y útil.,positive,chuong_trinh_hoc
2161,Un curso extremadamente bien estructurado y útil.,positive,chuong_trinh_hoc
2162,"Cobrar 79 dólares por este curso parece una mala relación calidad-precio, especialmente para un estudiante como yo.",negative,chuong_trinh_hoc
2163,Me gustó el hecho de que se hiciera hincapié en la depuración y la mejora del rendimiento de los algoritmos.,positive,noi_chung
2164,"Así que, por supuesto, le debo un gran agradecimiento.",positive,ky_nang_giang_day
2165,"De todas formas, sigue siendo un curso muy sólido e instructivo.",positive,noi_chung
2166,El Dr. Chuck no escatimó esfuerzos para hacer que este curso fuera extraordinariamente comprensible y fácil de usar para los estudiantes.,positive,ky_nang_giang_day
2166,El Dr. Chuck no escatimó esfuerzos para hacer que este curso fuera extraordinariamente comprensible y fácil de usar para los estudiantes.,positive,chuong_trinh_hoc
2166,El Dr. Chuck no escatimó esfuerzos para hacer que este curso fuera extraordinariamente comprensible y fácil de usar para los estudiantes.,positive,chuong_trinh_hoc
2167,"El alcance del curso es interesante, el objetivo es ambicioso y la estructura está bien, pero los contenidos y los cuestionarios muy a menudo no son pertinentes.",positive,noi_chung
2167,"El alcance del curso es interesante, el objetivo es ambicioso y la estructura está bien, pero los contenidos y los cuestionarios muy a menudo no son pertinentes.",positive,chuong_trinh_hoc
2167,"El alcance del curso es interesante, el objetivo es ambicioso y la estructura está bien, pero los contenidos y los cuestionarios muy a menudo no son pertinentes.",positive,chuong_trinh_hoc
2167,"El alcance del curso es interesante, el objetivo es ambicioso y la estructura está bien, pero los contenidos y los cuestionarios muy a menudo no son pertinentes.",neutral,bai_tap
2168,"Aunque tenía experiencia previa con cálculo, este curso me ayudó a aclarar algunos de los conceptos básicos y me hizo mirar el cálculo desde una perspectiva totalmente diferente.",positive,chuong_trinh_hoc
2169,Excelente curso para cualquiera que sea nuevo en programación informática y quiera aprender Python.,positive,noi_chung
2170,Aprenderás algo nuevo o mejorarás en algún área.,positive,noi_chung
2171,El programa está bien estructurado y el contenido se aborda con cierta profundidad (teniendo en cuenta la naturaleza introductoria del curso).,positive,chuong_trinh_hoc
2171,El programa está bien estructurado y el contenido se aborda con cierta profundidad (teniendo en cuenta la naturaleza introductoria del curso).,positive,chuong_trinh_hoc
2172,"En definitiva, es una lástima que profesor Ng no ofrezca una especialización correspondiente.",negative,kinh_nghiem
2173,"El curso debe indicar claramente que la tarea solo funciona en el entorno Linux/UNIX y es necesario probar más a fondo los scripts en las plataformas del sistema operativo Linux más populares, diferentes versiones de C++ y diferentes versiones de Python.",neutral,bai_tap
2174,Recomiendo ampliamente el lenguaje y las herramientas del análisis financiero para el nuevo ejecutivo y para el ejecutivo con larga trayectoria que busca actualizar sus conocimientos y habilidades para hacer crecer su negocio.,positive,de_xuat
2175,"Además de las lecciones en vídeo, también se proporcionan notas de clase y tareas para práctica adicional.",positive,cung_cap_tai_lieu
2177,"Entregué mis tareas a tiempo, pero incluso después de un mes todavía no tengo ningún compañero que haya completado mi revisión, lo que luego retrasa la ""finalización"" de mi curso.",negative,ham_diem
2178,"Aunque gran parte del contenido parece de sentido común, probablemente sea necesario construir aquí una base común para más adelante cursos.",positive,noi_chung
2179,Me siento más seguro y preparado para seguir estudiando y tomando mi TEFL ahora que he tomado esta clase.,positive,chuong_trinh_hoc
2181,"Este es un curso realmente fascinante porque está organizado de manera que los estudiantes realmente pueden aprovecharlo al máximo, aunque en realidad requiere un mayor esfuerzo en comparación con otros cursos.",positive,noi_chung
2181,"Este es un curso realmente fascinante porque está organizado de manera que los estudiantes realmente pueden aprovecharlo al máximo, aunque en realidad requiere un mayor esfuerzo en comparación con otros cursos.",positive,chuong_trinh_hoc
2181,"Este es un curso realmente fascinante porque está organizado de manera que los estudiantes realmente pueden aprovecharlo al máximo, aunque en realidad requiere un mayor esfuerzo en comparación con otros cursos.",neutral,noi_chung
2182,Felicitaciones por su esfuerzo por crear una sociedad mejor.,positive,noi_chung
2183,Este curso es una muy buena introducción curso.,positive,noi_chung
2184,El diseñador del curso nunca consideró a la audiencia y nunca identificó los objetivos de este curso.,negative,chuong_trinh_hoc
2184,El diseñador del curso nunca consideró a la audiencia y nunca identificó los objetivos de este curso.,negative,chuong_trinh_hoc
2185,Algunos clips educativos parecen sacados de YouTube o videos promocionales de alguna iniciativa determinada.,neutral,cung_cap_tai_lieu
2186,El personal fue excelente en su apoyo y capacidad de respuesta.,positive,ky_nang_giang_day
2186,El personal fue excelente en su apoyo y capacidad de respuesta.,positive,hanh_vi
2188,Lo mejor que he visto en esta zona.,positive,noi_chung
2189,Este curso es el mejor curso en línea que he escuchado hasta ahora en Coursera.,positive,noi_chung
2190,Él y otros también compartieron datos interesantes sobre aquellos que participan activamente en el movimiento.,positive,kinh_nghiem
2191,Esta ha sido una de las mejores experiencias educativas que he tenido y he obtenido algunos doctorados y MBA.,positive,noi_chung
2192,No es gratuito (obtienes una licencia de un año) y oculta toda la acción al usuario.,negative,noi_chung
2193,"Un par de semanas, las conferencias son bastante largas y densas, mientras que otras son un poco áridas.",negative,ky_nang_giang_day
2193,"Un par de semanas, las conferencias son bastante largas y densas, mientras que otras son un poco áridas.",negative,ky_nang_giang_day
2194,"Las conferencias son una descripción general muy breve de los temas, sin que en realidad se enseñe nada.",negative,ky_nang_giang_day
2195,Algunas partes necesitan más aclaración.,negative,ky_nang_giang_day
2196,Me gustó mucho el curso.,positive,noi_chung
2197,Este curso está realmente bien organizado.,positive,chuong_trinh_hoc
2198,"Por lo demás, una clase estupenda.",positive,noi_chung
2199,Un curso verdaderamente notable curso sobre programación funcional.,positive,noi_chung
2200,El personal del curso responde rápidamente a cualquier consulta.,positive,hanh_vi
2201,¡Me gustó mucho el curso,positive,noi_chung
2202,"Genial conferencias y muy bien explicado, salvo una conferencia (la 6ª, quizá fui yo, que no entendía bien el tema).",positive,ky_nang_giang_day
2202,"Genial conferencias y muy bien explicado, salvo una conferencia (la 6ª, quizá fui yo, que no entendía bien el tema).",negative,ky_nang_giang_day
2203,Los instructores están diseñando este curso de manera muy eficiente.,positive,chuong_trinh_hoc
2204,Soy nuevo en el campo de la investigación cualitativa y estoy disfrutando cada conferencia aquí.,positive,ky_nang_giang_day
2205,"En resumen, este curso proporciona una base sólida para desarrollar habilidades en desarrollo web, y lo recomiendo sinceramente a todos los que estén interesados en este campo.",positive,chuong_trinh_hoc
2206,"Esperaba ver mucho más sobre Diseño de “Información”, en un sentido de Diseño de Comunicación, Diseño de Datos, Teoría de la Comunicación y cómo se puede eliminar la ambigüedad de un diseño (visual, industrial, de contenido o cualquier otro diseño).",negative,noi_chung
2207,"No seguí el curso para obtener un ""certificado"", sino para aprender y recibir retroalimentación.",negative,hanh_vi
2208,Ojalá hubiera podido leer también los materiales adicionales.,negative,cung_cap_tai_lieu
2209,Realmente me gustó su minimalismo y lo encontré como un gran tema para escribir.,positive,chuong_trinh_hoc
2210,"Los buenos profesores hacen que la experiencia de aprendizaje sea sencilla y divertida, los malos profesores la hacen como una tortura.",positive,ky_nang_giang_day
2211,La profesora Barbara Oakley describió cosas con ayudas visuales.,positive,ky_nang_giang_day
2212,La forma de presentar fue excelente.,positive,ky_nang_giang_day
2213,¡Podéis imaginar lo responsables que son los profesores (incluidos todos los individuos que participan en la realización de esta conferencia)! ¡Gracias a todos de nuevo!,positive,ky_nang_giang_day
2214,"Sin embargo, para lo que es, es decir, un nivel muy inicial curso para enseñar los conceptos de programación con Python, está muy bien ejecutado.",positive,noi_chung
2215,"El curso es muy interesante y abundante, ni siquiera puedo dejar de escuchar las lecciones de uno en uno.",positive,noi_chung
2215,"El curso es muy interesante y abundante, ni siquiera puedo dejar de escuchar las lecciones de uno en uno.",positive,chuong_trinh_hoc
2216,Este curso es definitivamente beneficioso en muchos niveles.,positive,noi_chung
2217,Aunque la visión general es muy clara.,positive,chuong_trinh_hoc
2218,Recomendaría este curso a cualquier persona que sienta pasión por la biología del cáncer.,positive,de_xuat
2220,"Los amables mentores responden mis preguntas rápidamente y en detalle, lo que me hace sentir apoyado.",positive,ky_nang_giang_day
2220,"Los amables mentores responden mis preguntas rápidamente y en detalle, lo que me hace sentir apoyado.",positive,hanh_vi
2221,Definitivamente un curso imprescindible.,positive,noi_chung
2222,"El proyecto final fue considerablemente más difícil que el material enseñado en clase y los problemas con el curso (por ejemplo, el archivo del examen final no estaba disponible) obviamente no se habían solucionado desde la última versión del curso.",negative,bai_tap
2222,"El proyecto final fue considerablemente más difícil que el material enseñado en clase y los problemas con el curso (por ejemplo, el archivo del examen final no estaba disponible) obviamente no se habían solucionado desde la última versión del curso.",negative,cung_cap_tai_lieu
2223,Muy muy aburrido .,negative,noi_chung
2224,"GitHub ha cambiado y no coincide con los videos, por lo que cualquier información entregada no ayuda a que alguien se ponga en funcionamiento.",negative,ky_nang_giang_day
2224,"GitHub ha cambiado y no coincide con los videos, por lo que cualquier información entregada no ayuda a que alguien se ponga en funcionamiento.",negative,ky_nang_giang_day
2225,"Además, los TA deberían ser más activos en los foros.",neutral,hanh_vi
2226,El profesor Duquette se puede sentir a través de los videos.,positive,ky_nang_giang_day
2227,Siento que no entendí realmente esos conceptos hasta que vi las conferencias de esa semana y de la semana siguiente.,negative,chuong_trinh_hoc
2228,El único curso con el que realmente comencé a aprender algo de programación.,positive,noi_chung
2229,"Habría sido interesante escuchar un poco más sobre el funcionamiento interno de los SVM, este tema fue tratado un poco brevemente para mi gusto.",positive,noi_chung
2230,Genial y fácil de entender.,positive,chuong_trinh_hoc
2231,"Este no es un curso sobre concurrencia con Scala; tiene una cobertura muy básica de hilos y sincronización hacia el principio, y eso es todo.",positive,noi_chung
2232,"¡Un aplauso para George Siedel, ""Negotiation Team"" y Coursera!",positive,ky_nang_giang_day
2233,"Bien planificado, permite a los estudiantes interactuar y dar pequeños pasos en este lenguaje realmente poderoso.",positive,chuong_trinh_hoc
2233,"Bien planificado, permite a los estudiantes interactuar y dar pequeños pasos en este lenguaje realmente poderoso.",positive,noi_chung
2234,Un gran curso para despertarte y empezar a trabajar en el mundo de la escritura de guiones.,positive,noi_chung
2235,También era muy sensible con su público.,positive,hanh_vi
2236,Muy a menudo nos bombardean con datos y no podemos extraer ningún sentido de ellos.,conflict,noi_chung
2237,Fue un poco confuso y los cuestionarios requerían buscar información en Internet y no había forma real de saber que estos temas estarían en los cuestionarios.,negative,bai_tap
2238,Muy completo curso que tiene relevancia para científicos investigadores académicos y aquellos con menos formación científica.,positive,chuong_trinh_hoc
2238,Muy completo curso que tiene relevancia para científicos investigadores académicos y aquellos con menos formación científica.,positive,noi_chung
2239,"Hay algunos pequeños desafíos en asignaciones, pero aún así es una gran oportunidad para transformar todos esos conceptos en mis conocimientos y experiencias.",neutral,bai_tap
2239,"Hay algunos pequeños desafíos en asignaciones, pero aún así es una gran oportunidad para transformar todos esos conceptos en mis conocimientos y experiencias.",positive,bai_tap
2240,Los videos fueron magníficamente grabados y los puntos explicados.,positive,ky_nang_giang_day
2241,Estoy agradecido por la oportunidad de aprender.,positive,noi_chung
2242,Bien organizado .,positive,chuong_trinh_hoc
2243,Me encantó este curso.,positive,noi_chung
2244,"Fue muy decepcionante pagar por la certificación y no poder obtenerla debido a problemas con los desarrolladores del curso (una falta de comprensión de cómo funciona cursora, está claro que no les importó adaptarse a un curso de 5 semanas) y actividades revisadas por pares propuestas que tomaron más de 6 semanas para realizarse. además del marco de tiempo del curso)",negative,chuong_trinh_hoc
2244,"Fue muy decepcionante pagar por la certificación y no poder obtenerla debido a problemas con los desarrolladores del curso (una falta de comprensión de cómo funciona cursora, está claro que no les importó adaptarse a un curso de 5 semanas) y actividades revisadas por pares propuestas que tomaron más de 6 semanas para realizarse. además del marco de tiempo del curso)",negative,chuong_trinh_hoc
2245,"Comprendo que el objetivo de la falta de orientación específica era alentarnos a explorar la ""creación"" de múltiples iteraciones de las imágenes.",negative,ky_nang_giang_day
2246,Este fue un curso fantástico .,positive,noi_chung
2247,¡Éste fue un gran curso!,positive,noi_chung
2248,Las tareas calificadas por pares se explicaban por sí solas para responder las preguntas.,positive,bai_tap
2249,Mucho de esto contenido se repitió de las dos primeras partes de esta especialización.,negative,cung_cap_tai_lieu
2250,No sé si el SEO es realmente simple y lógico o si sólo parece así por lo claro y fácil de escuchar que dice la Sra.,positive,ky_nang_giang_day
2251,"Rápido, sencillo, completo y todo con un aspecto muy profesional.",positive,noi_chung
2251,"Rápido, sencillo, completo y todo con un aspecto muy profesional.",positive,noi_chung
2251,"Rápido, sencillo, completo y todo con un aspecto muy profesional.",positive,noi_chung
2251,"Rápido, sencillo, completo y todo con un aspecto muy profesional.",positive,noi_chung
2252,"Preferiría menos opciones en preguntas del examen final para demostrar mejor el conocimiento del material, no las habilidades para tomar exámenes.",negative,bai_tap
2253,"Esperaba algunas respuestas oficiales a mi pregunta, aunque sólo hay unas pocas preguntas por semana del curso.",negative,hanh_vi
2254,He aprendido muchísimas cosas nuevas. Me gustaría tener más materiales sobre el tema. ¿Podría el personal adjuntar algunas lecturas recomendadas? ¿Otros cursos? Gracias por hacer este curso : ),positive,de_xuat
2254,He aprendido muchísimas cosas nuevas. Me gustaría tener más materiales sobre el tema. ¿Podría el personal adjuntar algunas lecturas recomendadas? ¿Otros cursos? Gracias por hacer este curso : ),neutral,cung_cap_tai_lieu
2254,He aprendido muchísimas cosas nuevas. Me gustaría tener más materiales sobre el tema. ¿Podría el personal adjuntar algunas lecturas recomendadas? ¿Otros cursos? Gracias por hacer este curso : ),neutral,de_xuat
2255,Creo que la especialización es buena para alguien sin mucho conocimiento en el campo (como yo).,positive,noi_chung
2256,"Sin embargo, todavía encontré que el ritmo era demasiado lento, con demasiadas distracciones (""divertidos"" videos, profesor bebiendo y cometiendo errores, ¡hummm!).",negative,ky_nang_giang_day
2256,"Sin embargo, todavía encontré que el ritmo era demasiado lento, con demasiadas distracciones (""divertidos"" videos, profesor bebiendo y cometiendo errores, ¡hummm!).",negative,chuong_trinh_hoc
2256,"Sin embargo, todavía encontré que el ritmo era demasiado lento, con demasiadas distracciones (""divertidos"" videos, profesor bebiendo y cometiendo errores, ¡hummm!).",negative,ky_nang_giang_day
2257,En este curso estudiarás el fundamento de los algoritmos matemáticos y aprenderás cómo traducirlos a lenguajes de cálculo como Octave o MAtlab.,positive,noi_chung
2258,"Sé que lleva mucho tiempo preparar esto material, pero claramente ese último esfuerzo por la calidad no se hizo.",negative,cung_cap_tai_lieu
2259,Mejore este módulo para que sea más agradable para los estudiantes que realmente quieren aprender.,neutral,noi_chung
2260,Y eso es realmente molesto.,negative,noi_chung
2261,"Lo que me encantó de este curso es la naturaleza de las tareas que enfatizaron el punto de hacer negociaciones con otros compañeros de clase, me obligó a interactuar con completos desconocidos de diferentes países y revisar el trabajo de otros, lo cual fue una experiencia inmensamente placentera.",positive,bai_tap
2261,"Lo que me encantó de este curso es la naturaleza de las tareas que enfatizaron el punto de hacer negociaciones con otros compañeros de clase, me obligó a interactuar con completos desconocidos de diferentes países y revisar el trabajo de otros, lo cual fue una experiencia inmensamente placentera.",positive,hanh_vi
2262,Charles es encantador !,positive,ky_nang_giang_day
2263,"Gracias y bien hecho Snape, eres increíble.",positive,ky_nang_giang_day
2264,¡No puedo decir suficientes cosas buenas sobre todos los cursos en esta especialización!,positive,noi_chung
2265,Tengo una maestría y hasta que tomé este MOOC,positive,noi_chung
2266,Le habría dado 5 estrellas pero podría mejorar un poco.,positive,chuong_trinh_hoc
2267,¡Un curso realmente asombroso!,positive,noi_chung
2268,Curso fantástico mentor / TA.,positive,ky_nang_giang_day
2269,"Hicieron un gran trabajo, muchachos.",positive,noi_chung
2270,Es un curso muy completo curso como introducción a la materia.,positive,chuong_trinh_hoc
2271,Bueno curso buena enseñanza.,positive,noi_chung
2271,Bueno curso buena enseñanza.,positive,ky_nang_giang_day
2272,Realmente necesita ser rehecho.,neutral,noi_chung
2273,¡Recomiendo mucho el curso!,positive,de_xuat
2274,"El estilo de conferencias del Dr. Chuck es realmente inspirador, divertido y útil.",positive,ky_nang_giang_day
2274,"El estilo de conferencias del Dr. Chuck es realmente inspirador, divertido y útil.",positive,hanh_vi
2274,"El estilo de conferencias del Dr. Chuck es realmente inspirador, divertido y útil.",positive,ky_nang_giang_day
2275,¡Excelente curso!,positive,noi_chung
2276,No tomé ningún curso (en realidad porque soy ingeniero) y nunca he estado tan feliz de ver un curso o hacer un ejercicio.,positive,noi_chung
2277,El primero curso me da el entusiasmo para empezar los siguientes.,positive,noi_chung
2278,No creo que mi resultado de este curso haya sido significativo debido a la estructura del curso y me arrepiento de haber pagado por los 3 cursos.,negative,bai_tap
2279,Las tareas son desafiantes pero agradables y tienen un buen ritmo.,positive,bai_tap
2280,Definitivamente recomendaré este curso curso a todos aquellos que quieran realizar exámenes de contabilidad forense y fraude.,positive,de_xuat
2281,Este es un excelente curso que es muy informativo.,positive,noi_chung
2281,Este es un excelente curso que es muy informativo.,positive,chuong_trinh_hoc
2282,"La parte más útil parece ser la de establecer objetivos, y eso es lo que recomendaría hacer para comenzar a la mayoría de los estudiantes.",positive,de_xuat
2283,Este profesor es muy comprensivo y directo.,positive,ky_nang_giang_day
2283,Este profesor es muy comprensivo y directo.,positive,kinh_nghiem
2284,Esto dio lugar a una gran pérdida de tiempo con la clasificadora.,negative,chuong_trinh_hoc
2285,Incluso he comenzado a leer artículos de revistas de Page y Zellner porque me fascinan mucho los modelos que me muestran en este curso.,positive,chuong_trinh_hoc
2286,A veces parece que algunos de los Profesores hablan muy rápido en comparación con las ofertas básicas del MBA.,neutral,ky_nang_giang_day
2287,El curso material es interesante.,positive,cung_cap_tai_lieu
2288,Recomendaría este curso a cualquiera que quiera aprender más sobre cómo piensan los perros.,positive,de_xuat
2289,Las tareas fueron muy fáciles y divertidas de hacer. Aprendí mucho en poco tiempo.,positive,bai_tap
2289,Las tareas fueron muy fáciles y divertidas de hacer. Aprendí mucho en poco tiempo.,positive,bai_tap
2289,Las tareas fueron muy fáciles y divertidas de hacer. Aprendí mucho en poco tiempo.,positive,bai_tap
2290,Me encantó el foro y los mentores.,positive,ky_nang_giang_day
2291,Gracias .,positive,noi_chung
2292,"En general bien, gracias Prof. Geoffery !",positive,noi_chung
2292,"En general bien, gracias Prof. Geoffery !",positive,ky_nang_giang_day
2293,"Si tengo alguna recomendación, sugeriría un desglose de abreviaturas y conceptos, ya que tuve dificultades especialmente debido a mi experiencia no financiera.",neutral,chuong_trinh_hoc
2294,"La ausencia de cualquier ayuda por parte de los TA, según mi experiencia, es la razón.",negative,hanh_vi
2295,"Tenía el concepto erróneo de que el aprendizaje automático es un hueso duro de roer, pero el profesor Ng ha diseñado el curso de tal manera que los estudiantes obtengan lo mejor del curso de aprendizaje automático con una buena cantidad de esfuerzo.",positive,ky_nang_giang_day
2296,¡Lo recomiendo!,positive,de_xuat
2297,Excelente !,positive,noi_chung
2298,Tengo un comentario negativo sobre el curso de Cheri Alexander contenidos por varias cosas: 1 - Demasiada repetición.,negative,cung_cap_tai_lieu
2299,Este curso ha sido una experiencia maravillosa.,positive,noi_chung
2300,El mejor curso que he hecho (y he tomado muchos).,positive,noi_chung
2301,Magnífico y desafiante.,positive,noi_chung
2302,"Lo que echo de menos: el estudio material debería proporcionar más información (teórica) y mejor organizada (por ejemplo, sobre temas como diseño de bases de datos, estructuras de datos, etc.).",negative,cung_cap_tai_lieu
2302,"Lo que echo de menos: el estudio material debería proporcionar más información (teórica) y mejor organizada (por ejemplo, sobre temas como diseño de bases de datos, estructuras de datos, etc.).",negative,cung_cap_tai_lieu
2303,Realmente disfruté esta mirada honesta a la historia de Israel como país.,positive,noi_chung
2304,"Estas conferencias incluyeron algunos recursos, pero definitivamente se podrían introducir más.",neutral,cung_cap_tai_lieu
2305,¡Excelente curso!,positive,noi_chung
2306,Recomendaría este curso curso a cualquiera que tenga interés en la historia o la ficción histórica.,positive,de_xuat
2307,Este curso fue sencillo.,neutral,noi_chung
2308,Los profesores prestan atención a puntos gramaticales realmente confusos.,positive,ky_nang_giang_day
2309,Si todos los videos hubieran sido de buena calidad escuchable le hubiera dado 5 estrellas al curso,negative,ky_nang_giang_day
2310,"Si tienes experiencia en programación en otro lenguaje, debería ser posible completar este curso con bastante rapidez.",positive,chuong_trinh_hoc
2311,Esta es una gran clase hasta ahora.,positive,noi_chung
2312,Esto ha demostrado ser el eslabón perdido hacia mi felicidad.,positive,noi_chung
2313,Bueno curso.,positive,noi_chung
2314,¡Gran experiencia!,positive,noi_chung
2315,El instructor escribe y habla simultáneamente.,negative,ky_nang_giang_day
2316,Es un excelente curso para aquellos que quieran explorar el aspecto de programación funcional de la informática.,positive,noi_chung
2317,Realmente genial curso para complementar la lectura de Dayan y Abbott.,positive,noi_chung
2318,Es lo mejor que hay,positive,noi_chung
2319,1. Las velocidades de 75x o 2x hacen que el ritmo sea más manejable y fácil de seguir.,positive,ky_nang_giang_day
2320,Lo más importante es que los mentores en el foro de discusión son realmente agradables.,positive,hanh_vi
2321,Es necesario dedicar un tiempo significativo a investigar contenido enseñado y descomponer tareas de programación lleva tiempo.,neutral,bai_tap
2321,Es necesario dedicar un tiempo significativo a investigar contenido enseñado y descomponer tareas de programación lleva tiempo.,negative,cung_cap_tai_lieu
2322,Malo contenido y instructor.,negative,cung_cap_tai_lieu
2322,Malo contenido y instructor.,negative,ky_nang_giang_day
2323,Los ejercicios también están bien diseñados para guiar a los estudiantes en la dirección correcta sin preocuparse demasiado por los detalles de implementación que respaldan los temas principales.,positive,bai_tap
2324,El resto del curso estuvo bien.,positive,noi_chung
2325,"Nunca he sido bueno en matemáticas ni en química, pero la profesora explica los distintos procesos de una manera tan simplista que hasta ahora he aprobado los exámenes con una puntuación perfecta y tengo una comprensión bastante buena de todo lo que está diciendo.",positive,ky_nang_giang_day
2325,"Nunca he sido bueno en matemáticas ni en química, pero la profesora explica los distintos procesos de una manera tan simplista que hasta ahora he aprobado los exámenes con una puntuación perfecta y tengo una comprensión bastante buena de todo lo que está diciendo.",positive,ky_nang_giang_day
2326,"Aunque el meteorito se mueve a un ritmo rápido, este curso . no.",negative,chuong_trinh_hoc
2327,Este curso también me ayudó a mejorar mis habilidades de comunicación y entrevistas en inglés.,positive,chuong_trinh_hoc
2328,Me ha gustado mucho este curso.,positive,noi_chung
2329,Excelente curso para principiantes o estudiantes que aspiran a dedicarse profesionalmente al análisis de datos.,positive,noi_chung
2330,"Si bien el contenido fue útil, esta clase podría haber mejorado mucho si se hubieran proporcionado diapositivas en lugar de solo una transcripción.",negative,ky_nang_giang_day
2330,"Si bien el contenido fue útil, esta clase podría haber mejorado mucho si se hubieran proporcionado diapositivas en lugar de solo una transcripción.",positive,cung_cap_tai_lieu
2331,Utilicé muchas de las técnicas aprendidas en los otros cursos.,positive,noi_chung
2332,¡Hasta ahora simplemente genial!,positive,noi_chung
2333,¡Este curso ha sido fantástico!,positive,noi_chung
2334,Las conferencias no cubren lo necesario en algunas tareas.,negative,ky_nang_giang_day
2335,También trae algo de relajación la hora de oficina videos.,positive,ky_nang_giang_day
2336,"Muy bueno ejercicios de programación, progresivamente desafiante y bueno para sedimentar el conocimiento.",positive,bai_tap
2336,"Muy bueno ejercicios de programación, progresivamente desafiante y bueno para sedimentar el conocimiento.",positive,bai_tap
2336,"Muy bueno ejercicios de programación, progresivamente desafiante y bueno para sedimentar el conocimiento.",positive,bai_tap
2337,¡Me encanta este Curso!,positive,noi_chung
2338,Un curso curso muy interesante y útil para aquellos que quieran aprender a limpiar datos en Python.,positive,noi_chung
2338,Un curso curso muy interesante y útil para aquellos que quieran aprender a limpiar datos en Python.,positive,noi_chung
2339,Excelente entrante curso.,positive,chuong_trinh_hoc
2340,Una cosa muy pequeña pero importante que me ha llamado la atención es la energía con la que profesor enseña.,positive,ky_nang_giang_day
2341,El curso está bien estructurado y es bastante informativo.,positive,chuong_trinh_hoc
2341,El curso está bien estructurado y es bastante informativo.,positive,chuong_trinh_hoc
2342,Profesor impresionante.,positive,ky_nang_giang_day
2343,"Muy bien construido, lógico y comprensible curso.",positive,chuong_trinh_hoc
2343,"Muy bien construido, lógico y comprensible curso.",positive,chuong_trinh_hoc
2344,"Me gustó el curso en general, pero sentí que podría haber habido más explicaciones con las respuestas a los proyectos  semanales.",positive,noi_chung
2344,"Me gustó el curso en general, pero sentí que podría haber habido más explicaciones con las respuestas a los proyectos  semanales.",neutral,bai_tap
2345,Las clases conferencias y prácticas son muy fáciles de entender.,positive,ky_nang_giang_day
2346,Disfruté mucho el curso.,positive,noi_chung
2348,Comienza desde lo básico y se vuelve un poco desafiante y divertido a medida que comienzas a proyectar formas de usarlo.,positive,chuong_trinh_hoc
2348,Comienza desde lo básico y se vuelve un poco desafiante y divertido a medida que comienzas a proyectar formas de usarlo.,positive,noi_chung
2349,Se lo recomiendo mucho a todo el mundo y especialmente a los estudiantes de psicología.,positive,de_xuat
2350,"Lo siento, hay varias veces que tengo que volver a ver los videos y aún así no entiendo.",negative,ky_nang_giang_day
2351,"Recomendaría tomar este curso como último de los cuatro, antes de comenzar el proyecto Capstone, si planeas completar todas las partes.",positive,de_xuat
2352,"Estoy pensando en ser veterinario, así que este curso realmente me está ayudando.",positive,chuong_trinh_hoc
2353,Lo recomiendo solo por eso aunque estés familiarizado con el tema.,positive,de_xuat
2354,"Si uno sólo se preocupa por la palabra hablada, entonces podrá reunir una cantidad aceptable de información.",neutral,noi_chung
2355,¡Éste es uno de los cursos más increíbles que he tomado!,positive,noi_chung
2356,¡Disfruté esta clase al máximo!,positive,chuong_trinh_hoc
2357,"El presentador enfatiza cada palabra y habla de una manera muy poco natural, lo que hace que sea muy agotador escucharlo, y los cuestionarios en video son demasiado básicos y toman demasiado tiempo.",negative,ky_nang_giang_day
2357,"El presentador enfatiza cada palabra y habla de una manera muy poco natural, lo que hace que sea muy agotador escucharlo, y los cuestionarios en video son demasiado básicos y toman demasiado tiempo.",negative,bai_tap
2357,"El presentador enfatiza cada palabra y habla de una manera muy poco natural, lo que hace que sea muy agotador escucharlo, y los cuestionarios en video son demasiado básicos y toman demasiado tiempo.",negative,bai_tap
2358,La única razón por la que no obtuvo 5 estrellas fue porque la información de la clase no se presentó con 100% de claridad.,positive,noi_chung
2359,Si no hubiera habido tantos contratiempos con los vídeos y cuestionarios,negative,ky_nang_giang_day
2359,Si no hubiera habido tantos contratiempos con los vídeos y cuestionarios,negative,bai_tap
2360,"Es cierto que se cubren la mayoría de los aspectos básicos para ser justos, pero la progresión es muy rápida.",positive,noi_chung
2360,"Es cierto que se cubren la mayoría de los aspectos básicos para ser justos, pero la progresión es muy rápida.",negative,noi_chung
2361,"Para cualquiera que esté considerando hacer el curso , tenga en cuenta que los requisitos de tiempo pueden ser muchos: las conferencias están bien, pero dos o tres de las tareas  tomaron mucho más de 3 horas (si planea realmente luchar con la codificación, esto es relevante).",neutral,chuong_trinh_hoc
2361,"Para cualquiera que esté considerando hacer el curso , tenga en cuenta que los requisitos de tiempo pueden ser muchos: las conferencias están bien, pero dos o tres de las tareas  tomaron mucho más de 3 horas (si planea realmente luchar con la codificación, esto es relevante).",positive,ky_nang_giang_day
2361,"Para cualquiera que esté considerando hacer el curso , tenga en cuenta que los requisitos de tiempo pueden ser muchos: las conferencias están bien, pero dos o tres de las tareas  tomaron mucho más de 3 horas (si planea realmente luchar con la codificación, esto es relevante).",neutral,bai_tap
2362,Por lo demás siento que he aprendido mucho y siento que esta es una gran introducción clase.,positive,chuong_trinh_hoc
2362,Por lo demás siento que he aprendido mucho y siento que esta es una gran introducción clase.,positive,noi_chung
2363,"Hubo algunos errores con los cuestionarios, pero en general estaba bien organizado y tenía mucha información para un curso corto.",negative,bai_tap
2363,"Hubo algunos errores con los cuestionarios, pero en general estaba bien organizado y tenía mucha información para un curso corto.",positive,noi_chung
2364,Gracias a este curso encontré dónde estoy haciendo mal y actualmente estoy aprendiendo cosas nuevas más fácilmente y una y otra vez repito la información que he estudiado hace algunos años.,positive,noi_chung
2365,"Sin embargo, los exámenes y pruebas parecían ser de un nivel muy diferente y a menudo cubrían material que apenas se había discutido en las conferencias.",positive,bai_tap
2365,"Sin embargo, los exámenes y pruebas parecían ser de un nivel muy diferente y a menudo cubrían material que apenas se había discutido en las conferencias.",negative,cung_cap_tai_lieu
2366,Excelente curso curso para explicar los fundamentos de Project Finance resumiendo los conceptos clave e incluyendo algunos breves ejemplos.,positive,noi_chung
2366,Excelente curso curso para explicar los fundamentos de Project Finance resumiendo los conceptos clave e incluyendo algunos breves ejemplos.,positive,chuong_trinh_hoc
2367,"Hay algo de buen contenido sobre creatividad en este curso, aunque apenas aborda resolución de problemas.",positive,cung_cap_tai_lieu
2367,"Hay algo de buen contenido sobre creatividad en este curso, aunque apenas aborda resolución de problemas.",conflict,cung_cap_tai_lieu
2368,Los formatos y las adaptaciones personales comenzaron a ser más comprendidos y aceptados mutuamente.,positive,noi_chung
2369,Algunos de los presentadores necesitan trabajar en sus habilidades de presentación (personalmente no tuve problemas con los acentos).,negative,ky_nang_giang_day
2370,El profesor Noor lo explica con tanta claridad que incluso un niño de 5 años puede aprender sobre el ADN.,positive,kinh_nghiem
2371,Pienso que el programa ha sido presentado de forma creativa y bien presentada.,positive,chuong_trinh_hoc
2372,Aprendí mucho con este curso y me di cuenta de lo que estaba haciendo mal mientras intentaba aprender en el pasado.,positive,noi_chung
2373,Para mí habría sido más personal si sólo hubiera estado Dr. Fredericks frente a la cámara.,positive,ky_nang_giang_day
2374,Recomiendo un nivel decente de comodidad con la programación.,neutral,de_xuat
2375,Actualmente estoy en mi semana 2 del Curso y tengo que decir que ¡disfruté muchísimo la Semana 1!,positive,noi_chung
2377,"El curso fue genial, pero está tomando un poco de tiempo obtener una calificación debido a las evaluaciones de pares.",positive,noi_chung
2377,"El curso fue genial, pero está tomando un poco de tiempo obtener una calificación debido a las evaluaciones de pares.",negative,ham_diem
2378,Le daría 4/5 una vez que esté todo solucionado.,neutral,noi_chung
2379,"Pensé que toda la información era excelente, pero a veces el curso era simplemente muy soso, especialmente en términos de la presentación .",positive,noi_chung
2379,"Pensé que toda la información era excelente, pero a veces el curso era simplemente muy soso, especialmente en términos de la presentación .",negative,chuong_trinh_hoc
2379,"Pensé que toda la información era excelente, pero a veces el curso era simplemente muy soso, especialmente en términos de la presentación .",negative,ky_nang_giang_day
2380,"Por lo demás, los temas se trataron en profundidad y dieron lugar a reflexiones.",positive,ky_nang_giang_day
2380,"Por lo demás, los temas se trataron en profundidad y dieron lugar a reflexiones.",positive,ky_nang_giang_day
2381,"Te brinda conocimientos básicos de lo que se necesita para ser un buen orador en público, y puedes aplicar este conocimiento no sólo en presentaciones, sino también en tu vida diaria.",positive,noi_chung
2382,¡Aprendí mucho de este curso!,positive,noi_chung
2383,Asistiré a los otros cursos  y probablemente prepararé algunos materiales para poder cubrir todo el curso 1 al 4 en una semana.,positive,noi_chung
2384,"El único punto de crítica que tengo es que las tareas de programación no son lo suficientemente difíciles de resolver, ¡pero aún así es un curso de 5 estrellas con seguridad!",negative,bai_tap
2385,Agradezco la oportunidad y la creación del curso.,positive,noi_chung
2386,La razón por la que le doy 2 estrellas es porque sentí que los cuestionarios eran irrazonablemente difíciles (o quizás tenían errores).,negative,bai_tap
2386,La razón por la que le doy 2 estrellas es porque sentí que los cuestionarios eran irrazonablemente difíciles (o quizás tenían errores).,negative,chuong_trinh_hoc
2387,"Además, el material adicional entrevistas es bastante interesante.",positive,cung_cap_tai_lieu
2388,"A veces encontré que las tareas eran confusas (leí la descripción de una pregunta, pensé que se suponía que debía responder varios pasos a la vez, solo para darme cuenta de que las tareas se desglosarían con mucho más detalle más adelante).",negative,bai_tap
2389,Genial curso en primer lugar.,positive,noi_chung
2390,Imagino que los recordatorios y la breve revisión de los temas que ya se han cubierto serían muy útiles para las personas que toman el curso al ritmo recomendado.,positive,de_xuat
2391,¡Espero que Robert Wright continúe creando ofertas para el mundo de Coursera!,positive,ky_nang_giang_day
2392,También me gustó el final documentos PDF.,positive,cung_cap_tai_lieu
2393,Una clase de cinco semanas sobre los mecanismos biológicos de la percepción del habla y la música por los humanos.,positive,noi_chung
2394,¡Gracias por estas 5 semanas tan agradables y que valen la pena!,positive,chuong_trinh_hoc
2394,¡Gracias por estas 5 semanas tan agradables y que valen la pena!,positive,noi_chung
2395,Diseño de Programas Funcionales en Scala es uno de los mejores cursos para aquellos que quieren aplicar el estilo de programación funcional en el diseño de aplicaciones más grandes utilizando conceptos de programación funcional.,positive,noi_chung
2396,"Revisaré algunos módulos nuevamente para refrescar el conocimiento o repasarlos nuevamente, ya que había mucho que aprender.",positive,cung_cap_tai_lieu
2396,"Revisaré algunos módulos nuevamente para refrescar el conocimiento o repasarlos nuevamente, ya que había mucho que aprender.",positive,cung_cap_tai_lieu
2397,¿Puedes imaginar el impacto en nuestra sociedad si cada vez más personas desarrollaran conciencia sobre una vida feliz y plena?,positive,noi_chung
2398,"Dicho esto, disfruté el curso y aprendí mucho.",positive,noi_chung
2399,Las diapositivas fueron claras.,positive,ky_nang_giang_day
2400,"Sin embargo, a medida que los modelos se vuelven más complicados, parte del material no se explica muy bien, especialmente el último módulo sobre ""aprendizaje profundo"" es bastante superfluo.",negative,cung_cap_tai_lieu
2400,"Sin embargo, a medida que los modelos se vuelven más complicados, parte del material no se explica muy bien, especialmente el último módulo sobre ""aprendizaje profundo"" es bastante superfluo.",negative,cung_cap_tai_lieu
2400,"Sin embargo, a medida que los modelos se vuelven más complicados, parte del material no se explica muy bien, especialmente el último módulo sobre ""aprendizaje profundo"" es bastante superfluo.",negative,cung_cap_tai_lieu
2401,Las conferencias hacen exactamente lo que necesitas.,positive,ky_nang_giang_day
2402,"Dado que en el mundo real la mayoría de las tasas tienden a expresarse como tasas efectivas, sería bueno que esta cuestión se abordara expresamente.",positive,chuong_trinh_hoc
2403,Una excelente introducción al tema para el profesional de la informática.,positive,chuong_trinh_hoc
2404,¡Genial curso con fascinantes profesores!,positive,noi_chung
2404,¡Genial curso con fascinantes profesores!,positive,ky_nang_giang_day
2405,Me resultó un poco más difícil aprender de Dr Senjowski.,positive,ky_nang_giang_day
2406,Estoy profundamente satisfecho con el curso.,positive,noi_chung
2407,Este curso puede proporcionarme el tercer idioma.,positive,noi_chung
2408,"Fue difícil, pero sobre todo debido a mi falta de conocimientos básicos sobre estadística.",negative,chuong_trinh_hoc
2409,El curso tarea requiere conocimientos que no se tratan en el curso.,negative,bai_tap
2409,El curso tarea requiere conocimientos que no se tratan en el curso.,negative,noi_chung
2410,Realmente me alegro de haberle dedicado tiempo.,positive,noi_chung
2411,También me hace reír en cada vídeo.,positive,ky_nang_giang_day
2412,Me inscribiré a más cursos de Paleontología.,positive,noi_chung
2413,"Este curso me ha abierto los ojos, realmente lo disfruté.",positive,chuong_trinh_hoc
2414,"Dios mío, ojalá tuviera estos profesores para enseñarnos en nuestra universidad.",positive,ky_nang_giang_day
2415,He disfrutado mucho con este curso.,positive,noi_chung
2416,"En general, la clase tuvo la cantidad justa de desafío y diversión.",positive,ky_nang_giang_day
2417,Increíble !,positive,noi_chung
2418,El único cambio que podría sugerir es equilibrar mejor la carga de trabajo entre las tres semanas.,positive,chuong_trinh_hoc
2419,Parece que nadie supervisa el foro.,negative,hanh_vi
2420,Me ha gustado especialmente cómo se han destacado constantemente las relaciones entre las neurociencias y los consejos prácticos sobre cómo aprender.,positive,noi_chung
2422,Buena y necesaria introducción a Python.,positive,noi_chung
2423,"Excelente análisis, exposición clara y comprensible de un tema complejo.",positive,ky_nang_giang_day
2423,"Excelente análisis, exposición clara y comprensible de un tema complejo.",positive,ky_nang_giang_day
2423,"Excelente análisis, exposición clara y comprensible de un tema complejo.",positive,ky_nang_giang_day
2424,He tomado varias clases aquí y tengo que decir que esta es una de las mejores.,positive,noi_chung
2426,Todavía hago estos ejercicios y trato de notar buenas y malas soluciones de diseño en todo lo que me rodea.,positive,bai_tap
2427,Parece una forma de ganar dinero en lugar de enseñar algo útil; al diseñar personajes para videojuegos también es importante la habilidad que tienes u obtienes al hacerlo y esto no le da ningún énfasis.,negative,chuong_trinh_hoc
2427,Parece una forma de ganar dinero en lugar de enseñar algo útil; al diseñar personajes para videojuegos también es importante la habilidad que tienes u obtienes al hacerlo y esto no le da ningún énfasis.,negative,chuong_trinh_hoc
2428,Me alegré de tener esta oportunidad de aprender tecnología avanzada y completar algunos ejemplos para su aplicación.,positive,noi_chung
2429,"Me inscribí en el curso para aprender métodos nuevos y efectivos para absorber y aplicar información más rápidamente en mi vida laboral profesional, y al mismo tiempo equilibrar las demandas de administrar una empresa nueva por las noches.",positive,noi_chung
2429,"Me inscribí en el curso para aprender métodos nuevos y efectivos para absorber y aplicar información más rápidamente en mi vida laboral profesional, y al mismo tiempo equilibrar las demandas de administrar una empresa nueva por las noches.",positive,chuong_trinh_hoc
2430,Los cuestionarios están completamente desconectados de las conferencias y básicamente requieren encontrar y leer las páginas correctas de Wikipedia.,negative,bai_tap
2431,¡¡¡Excelente curso!!!,positive,noi_chung
2432,Este es un curso increíble  . .,positive,noi_chung
2433,"Recomiendo encarecidamente este curso curso a todos aquellos que buscan un repaso de ""Resistencia de materiales"".",positive,de_xuat
2434,¡Qué herramientas tan maravillosas he obtenido de ello!,positive,noi_chung
2435,¡Excelente trabajo!,positive,noi_chung
2436,El curso me pareció bastante fácil.,positive,noi_chung
2437,"En general, el material fue bueno, seguí estudiando incluso cuando quería abandonar y ahora me siento informado sobre la lección enseñada.",positive,cung_cap_tai_lieu
2437,"En general, el material fue bueno, seguí estudiando incluso cuando quería abandonar y ahora me siento informado sobre la lección enseñada.",positive,noi_chung
2438,"Un cambio sería hacer que los foros tuvieran el mismo formato que curso 1 - 3, ya que esta sería una forma mucho más eficiente de revisar los problemas.",neutral,hanh_vi
2439,Esta es una clase de Estadística avanzada clase.,positive,noi_chung
2440,"Un par de notaciones matemáticas también eran incorrectas, por ejemplo ""<"" cuando el profesor dijo ""menor o igual a"".",negative,ky_nang_giang_day
2441,Lo recomendaría especialmente para principiantes.,positive,de_xuat
2442,"Deseo que en un futuro cercano Coursera y, más específicamente, la Universidad de Michigan ofrezcan Matemáticas con Python, es decir, numpy, pandas, etc., ¡y hagan análisis de datos con Python!",positive,noi_chung
2443,¡Este curso es imprescindible para cualquiera que quiera aprender informática!,positive,noi_chung
2444,"Si tienes algunos conocimientos de programación en otro lenguaje y estás familiarizado con HTML/CSS, este curso hace un trabajo fantástico al presentar Ruby y Rails.",positive,noi_chung
2445,"Más importante: este curso se centra principalmente en lo académico, pero también vincula el conocimiento con el aprendizaje cotidiano (habilidades como cocinar buenos platos, aprender un deporte o cualquier otra habilidad en realidad).",positive,noi_chung
2446,"Además, muchas de las preguntas de la prueba no eran claras y no seguían las mejores prácticas para realizar la prueba.",negative,bai_tap
2446,"Además, muchas de las preguntas de la prueba no eran claras y no seguían las mejores prácticas para realizar la prueba.",negative,bai_tap
2447,"He completado alrededor de 6 cursos hasta ahora y, si bien todos ellos me resultaron muy informativos, este es el primero que me dio pena ver terminar.",neutral,chuong_trinh_hoc
2448,"Realmente desearía que hubiera más interacción con los instructores, pero en general este es un curso increíble y me encantó.",negative,hanh_vi
2448,"Realmente desearía que hubiera más interacción con los instructores, pero en general este es un curso increíble y me encantó.",positive,chuong_trinh_hoc
2448,"Realmente desearía que hubiera más interacción con los instructores, pero en general este es un curso increíble y me encantó.",positive,noi_chung
2449,Un excelente curso que realmente te ofrece un desafío.,positive,noi_chung
2449,Un excelente curso que realmente te ofrece un desafío.,positive,chuong_trinh_hoc
2450,Sus videos están explicados con fluidez.,positive,cung_cap_tai_lieu
2450,Sus videos están explicados con fluidez.,positive,ky_nang_giang_day
2451,Ambos instructores son increíbles.,positive,ky_nang_giang_day
2452,"Pero si estás interesado en la neurociencia y quieres aprender los conceptos básicos de cómo funciona el cerebro humano (según nuestro conocimiento actual), entonces te recomiendo que te esfuerces y elijas el curso  incluso si no tienes una sólida formación en ciencias de la vida o en medicina.",positive,de_xuat
2453,"Este es el mejor lugar para comenzar para un principiante, ya que no solo cubre los aspectos técnicos de la seguridad, sino que también habla sobre el modelado de amenazas y la identificación de adversarios y sus capacidades.",positive,noi_chung
2454,Quizás las partes dedicadas a la preparación y estudio del examen deberían haber sido más cortas.,neutral,bai_tap
2455,Tu conocimiento aumentará exponencialmente con cada minuto que utilices para estudiar.,positive,noi_chung
2456,"Es un material excelente para mis ensayos de ingreso a la facultad de medicina y, en general, te convierte en una persona más interesante.",positive,cung_cap_tai_lieu
2457,El proyecto final fue exhaustivo y se basó en trabajos anteriores.,positive,bai_tap
2458,Espero ver a los instructores cubrir los algoritmos con mayor detalle en los próximos cursos de la especialización.,neutral,ky_nang_giang_day
2459,¡El curso más útil que he tomado!,positive,noi_chung
2460,"Sin embargo, lo encontré bastante breve y no hubo mucha interacción dentro de los foros.",neutral,hanh_vi
2461,Me encanta .,positive,noi_chung
2462,"Este curso es lo suficientemente simple para entender la complejidad que implica el desarrollo de un juego, pero eso no quiere decir que no suponga un desafío.",positive,chuong_trinh_hoc
2463,El curso ayuda a creer en la fuerza interior y la creatividad.,positive,noi_chung
2464,"Me proporciona abundantes recursos, incluidos libros electrónicos, notas del profesor para la clase y notas de estudiantes anteriores para el curso.",positive,cung_cap_tai_lieu
2465,Oakley una profesora muy agradable,positive,ky_nang_giang_day
2466,No es gratis .,negative,noi_chung
2467,¡Felicitaciones Profesor Odeh !,positive,ky_nang_giang_day
2468,"Aún así, recomendaría este curso curso, pero definitivamente deberías grabar nuevamente cada lección sin errores y corregir esos errores.",positive,de_xuat
2469,"Fácil de seguir, bien construido. Jim es minucioso y claro al explicar material bastante complejo.",positive,chuong_trinh_hoc
2469,"Fácil de seguir, bien construido. Jim es minucioso y claro al explicar material bastante complejo.",positive,chuong_trinh_hoc
2469,"Fácil de seguir, bien construido. Jim es minucioso y claro al explicar material bastante complejo.",positive,ky_nang_giang_day
2469,"Fácil de seguir, bien construido. Jim es minucioso y claro al explicar material bastante complejo.",positive,ky_nang_giang_day
2470,"En general, disfruté bastante del curso.",positive,noi_chung
2471,"Excelente serie cursos que me obligó a tomar algunos pasos (documentos de diseño) que normalmente escatimaría y, al hacerlo, me di cuenta de su verdadero valor.",positive,noi_chung
2472,"Un título mejor para el curso sería ""por qué no hay alma"".",negative,noi_chung
2473,Estas ideas se pueden utilizar con empresas pequeñas o grandes.,positive,noi_chung
2474,En realidad aprendí mucho más de lo que esperaba de un curso en línea a través de videos de conferencias y un enfoque práctico.,positive,chuong_trinh_hoc
2475,Aprendí mucho y lo hice de una manera muy agradable.,positive,chuong_trinh_hoc
2476,"Barb practica lo que enseña, le apasiona mucho este tema y es una verdadera inspiración.",positive,ky_nang_giang_day
2476,"Barb practica lo que enseña, le apasiona mucho este tema y es una verdadera inspiración.",positive,ky_nang_giang_day
2476,"Barb practica lo que enseña, le apasiona mucho este tema y es una verdadera inspiración.",positive,ky_nang_giang_day
2477,Pensé que era una buena maestra pero no enseñó los pasos básicos para hablar y aprender chino.,negative,ky_nang_giang_day
2478,"Me gustó mucho la sección de diccionario y la sección de archivos. Supongo que las tuplas son fáciles, pero son débiles, pueden cambiar el juego en las próximas lecciones.",positive,ky_nang_giang_day
2479,Los tutoriales y ejercicios son guías rápidas que pueden completarse en 10 a 15 minutos cada uno.,positive,bai_tap
2480,Aunque el curso material es muy bueno pero lo que creo es que Procesamiento de Imágenes es un curso donde solo la teoría no es suficiente.,positive,cung_cap_tai_lieu
2480,Aunque el curso material es muy bueno pero lo que creo es que Procesamiento de Imágenes es un curso donde solo la teoría no es suficiente.,negative,cung_cap_tai_lieu
2481,Valerie logró descubrir y enseñar una habilidad muy importante para todos en estos tiempos cambiantes y desafiantes.,positive,ky_nang_giang_day
2482,Excelente profesor.,positive,ky_nang_giang_day
2483,Recomiendo tomar también el Diseño de Lecciones.,positive,de_xuat
2484,"El profesor es muy atractivo, explica con facilidad, es un profesor muy amigable que te guía de manera efectiva como si no estuvieras tomando esta clase en línea.",positive,ky_nang_giang_day
2484,"El profesor es muy atractivo, explica con facilidad, es un profesor muy amigable que te guía de manera efectiva como si no estuvieras tomando esta clase en línea.",positive,ky_nang_giang_day
2484,"El profesor es muy atractivo, explica con facilidad, es un profesor muy amigable que te guía de manera efectiva como si no estuvieras tomando esta clase en línea.",positive,ky_nang_giang_day
2485,¡Él necesita su propio programa de televisión! ¡Se pegó! La información se pegó.,negative,ky_nang_giang_day
2486,"¡Me encantaron las conferencias cortas, los consejos y trucos y la información sobre cómo funciona nuestro cerebro!",negative,ky_nang_giang_day
2487,"Nuestra instructora fue fácil de comprender en su pronunciación en inglés, fue profesional y parecía disfrutar el tema.",positive,ky_nang_giang_day
2487,"Nuestra instructora fue fácil de comprender en su pronunciación en inglés, fue profesional y parecía disfrutar el tema.",positive,ky_nang_giang_day
2487,"Nuestra instructora fue fácil de comprender en su pronunciación en inglés, fue profesional y parecía disfrutar el tema.",positive,ky_nang_giang_day
2488,"- - - - - - - - - Se dedica demasiado tiempo a presentar definiciones y muy poco tiempo para que los estudiantes practiquen y revisen. El acento del presentador impide constantemente el reconocimiento instantáneo de lo que está diciendo. Los subtítulos a veces no representan con precisión lo que está diciendo. A veces hay errores ortográficos, lo que hace aún más difícil saber lo que está diciendo. Este estudiante fue inundado con fórmulas que necesitaban ser practicadas, ¡y ni siquiera tuve tiempo de escribirlas!",negative,noi_chung
2488,"- - - - - - - - - Se dedica demasiado tiempo a presentar definiciones y muy poco tiempo para que los estudiantes practiquen y revisen. El acento del presentador impide constantemente el reconocimiento instantáneo de lo que está diciendo. Los subtítulos a veces no representan con precisión lo que está diciendo. A veces hay errores ortográficos, lo que hace aún más difícil saber lo que está diciendo. Este estudiante fue inundado con fórmulas que necesitaban ser practicadas, ¡y ni siquiera tuve tiempo de escribirlas!",negative,ky_nang_giang_day
2488,"- - - - - - - - - Se dedica demasiado tiempo a presentar definiciones y muy poco tiempo para que los estudiantes practiquen y revisen. El acento del presentador impide constantemente el reconocimiento instantáneo de lo que está diciendo. Los subtítulos a veces no representan con precisión lo que está diciendo. A veces hay errores ortográficos, lo que hace aún más difícil saber lo que está diciendo. Este estudiante fue inundado con fórmulas que necesitaban ser practicadas, ¡y ni siquiera tuve tiempo de escribirlas!",negative,ky_nang_giang_day
2489,Estoy disfrutando de echar una nueva mirada a los perros.,positive,noi_chung
2490,Soy profesor universitario de Estadística y me gradué de un programa de doctorado; incluso con esa formación no pude seguir el curso instructor.,negative,ky_nang_giang_day
2491,Habría sido útil tener una discusión sobre cómo manejar las características categóricas.,positive,noi_chung
2492,"Alvarez, Newell y Adamson demostraron un muy buen dominio de los temas tratados, con incluso algunas conversaciones divertidas y entretenidas a lo largo de las conferencias.",positive,ky_nang_giang_day
2492,"Alvarez, Newell y Adamson demostraron un muy buen dominio de los temas tratados, con incluso algunas conversaciones divertidas y entretenidas a lo largo de las conferencias.",positive,ky_nang_giang_day
2493,¡Increíble curso!,positive,noi_chung
2494,Algunos de los videos son conceptos muy básicos sobre cómo liderar un equipo (es decir:,negative,ky_nang_giang_day
2495,"Me hubiera gustado que esta clase hubiera profundizado más en términos de la ciencia real y la investigación involucrada (los estudios a los que se refiere el Dr. Fredrickson en su mayoría solo se mencionan brevemente) y haber pasado menos tiempo escuchando a los estudiantes en el lugar discutir sus opiniones personales (aunque aprecié sus ideas, me hubiera gustado haber aprendido más información real).",positive,ky_nang_giang_day
2496,"No vale la pena por el dinero, pero hazlo si quieres completar toda la especialización.",negative,chuong_trinh_hoc
2497,Muy adecuado para principiantes en programación.,positive,noi_chung
2498,¡Excelente curso!,positive,noi_chung
2500,"Este curso tiene información sorprendente en las conferencias, pero es difícil en las conferencias en video seleccionar qué fragmentos de información serán relevantes en los exámenes, tendrás que volver a tomar los exámenes varias veces, sin importar qué tan bien tomes notas.",positive,noi_chung
2500,"Este curso tiene información sorprendente en las conferencias, pero es difícil en las conferencias en video seleccionar qué fragmentos de información serán relevantes en los exámenes, tendrás que volver a tomar los exámenes varias veces, sin importar qué tan bien tomes notas.",negative,ky_nang_giang_day
2500,"Este curso tiene información sorprendente en las conferencias, pero es difícil en las conferencias en video seleccionar qué fragmentos de información serán relevantes en los exámenes, tendrás que volver a tomar los exámenes varias veces, sin importar qué tan bien tomes notas.",negative,bai_tap
2501,"Cuando voy a hacer otras revisiones por pares para otras personas sobre la misma tarea, ¡me presentan tareas vencidas hace 6 meses de cursos anteriores!",negative,bai_tap
2502,Contenido increíble en exhibición.,positive,noi_chung
2503,"Si estos son realmente ""conceptos fundamentales"", tal como los describen los mentores, uno pensaría que los profesores dedicarían tiempo a esos conceptos en los videos en lugar de a casos de uso más arcanos (que son precisamente el tipo de cosas que tiene sentido buscar en otras fuentes).",negative,kinh_nghiem
2504,¡Abridor de ojos!,positive,noi_chung
2505,Las ilustraciones animadas proporcionadas hicieron que la conferencia fuera extremadamente divertida de ver y mucho más fácil de entender.,positive,ky_nang_giang_day
2506,Los videos y explicaciones son muy pobres.,negative,cung_cap_tai_lieu
2507,Pude ver la mejora desde la primera semana hasta la última semana.,positive,chuong_trinh_hoc
2508,"Increíble módulo curso, aprendí muchos conceptos para clasificaciones usando árboles de decisión, funciones logísticas, boosting, conjunto y forma de atacar problemas.",positive,chuong_trinh_hoc
2508,"Increíble módulo curso, aprendí muchos conceptos para clasificaciones usando árboles de decisión, funciones logísticas, boosting, conjunto y forma de atacar problemas.",positive,noi_chung
2509,"La clase de Reptiles Marinos Antiguos hizo un trabajo mucho mejor al presentar esta información, aunque hizo algunas listas repetidas.",neutral,ky_nang_giang_day
2510,Me pareció que el curso se enseñaba excepcionalmente bien.,positive,chuong_trinh_hoc
2511,La mayor parte del material no requirió muchas referencias a la documentación de Apple para completar las tareas.,positive,cung_cap_tai_lieu
2511,La mayor parte del material no requirió muchas referencias a la documentación de Apple para completar las tareas.,positive,bai_tap
2512,Aprendizaje introductorio muy profundo de Python.,positive,noi_chung
2513,Disfruté aprendiendo Octave y realizando las tareas semanales; los ejercicios  me mostraron cómo realizar tareas de manera sencilla que parecerían imposibles para un profano en la materia.,positive,chuong_trinh_hoc
2513,Disfruté aprendiendo Octave y realizando las tareas semanales; los ejercicios  me mostraron cómo realizar tareas de manera sencilla que parecerían imposibles para un profano en la materia.,positive,noi_chung
2514,"Fácil de entender, recordar y practicar.",positive,ky_nang_giang_day
2515,No está a la altura del proyecto de gestión de la Universidad de Virginia curso.,negative,noi_chung
2516,No tuve nada que ver con la programación en toda mi vida: ¡esta conferencia fue mi primer paso y realmente me enamoró! : ),positive,ky_nang_giang_day
2517,Los tutoriales de flash son útiles.,positive,noi_chung
2518,¡Gracias por traernos un excelente programa y valiosas herramientas para los gerentes!,positive,noi_chung
2519,Siento que los cuestionarios podrían haber sido un poco más desafiantes.,neutral,bai_tap
2520,Mucha información que podrás seguir desarrollando por ti mismo.,positive,noi_chung
2521,"Sin embargo, los conjuntos de problemas en este desafío de programación a menudo no están tan bien definidos, lo que hace que sea realmente difícil de resolver (especialmente el problema del conjunto de datos).",negative,bai_tap
2522,Las pruebas en particular son difíciles.,negative,bai_tap
2523,Excelente .,positive,noi_chung
2524,"Excelente estudio de caso, pero la forma de involucrar a la audiencia podría haber sido mucho mejor.",positive,noi_chung
2524,"Excelente estudio de caso, pero la forma de involucrar a la audiencia podría haber sido mucho mejor.",negative,noi_chung
2525,Fue una revelación sobre cómo se hacen los negocios y cómo las cosas se hacen parecer tan simples en el módulo simplemente con tener un enfoque sistemático del riesgo y la mitigación del riesgo durante el desarrollo de un negocio.,positive,chuong_trinh_hoc
2526,"Dr. McGarrity con un gran sentido del humor brinda todo el apoyo necesario para superar tus miedos, pararte frente a una lente y dar un discurso de confianza en uno mismo.",positive,ky_nang_giang_day
2527,"Nuevos conceptos no explicados en profundidad, diapositivas descuidadas e incluso falta un video de la conferencia en un momento (tuve que encontrar un enlace en YouTube).",negative,ky_nang_giang_day
2528,"Increíble, fácil de entender lecciones.",positive,noi_chung
2528,"Increíble, fácil de entender lecciones.",positive,chuong_trinh_hoc
2529,He leído el libro de Profesor Kandori y él es uno de los principales investigadores en este campo.,positive,ky_nang_giang_day
2530,"Durante la sesión se discuten varios casos reales para comprender mejor la lección, pero quedan varias dudas sobre la teoría.",positive,chuong_trinh_hoc
2530,"Durante la sesión se discuten varios casos reales para comprender mejor la lección, pero quedan varias dudas sobre la teoría.",negative,ky_nang_giang_day
2531,Muchas gracias por esta interesante experiencia de aprendizaje.,positive,noi_chung
2532,Fantástico profesor.,positive,ky_nang_giang_day
2533,Muchos materiales muy útiles.,positive,cung_cap_tai_lieu
2534,"Mucho material adicional para practicar y Dr. Chuck lo mantiene interesante y divertido, sin ser exagerado.",positive,cung_cap_tai_lieu
2534,"Mucho material adicional para practicar y Dr. Chuck lo mantiene interesante y divertido, sin ser exagerado.",positive,ky_nang_giang_day
2535,"Si consulta sitios de preguntas y respuestas en Internet, probablemente encontrará que este es el inicio curso más recomendado para ramas relacionadas de la ciencia y la ingeniería.",positive,de_xuat
2536,"Aunque me gustó el tema, no volveré a tomar más clases con este instructor.",negative,ky_nang_giang_day
2537,Barbara y Terrence son facilitadores fabulosos.,positive,ky_nang_giang_day
2537,Barbara y Terrence son facilitadores fabulosos.,positive,ky_nang_giang_day
2538,Aunque realmente fue difícil entender qué debía hacer en cada una tarea.,negative,bai_tap
2539,Uno de los cursos  más interesantes y atractivos que he tomado.,positive,noi_chung
2540,"Finalmente, las preguntas del cuestionario de la antepenúltima semana fueron un poco confusas y no coincidían bien con lo que realmente dijeron los instructores.",negative,bai_tap
2540,"Finalmente, las preguntas del cuestionario de la antepenúltima semana fueron un poco confusas y no coincidían bien con lo que realmente dijeron los instructores.",negative,bai_tap
2541,"Tomé este curso con un interés especial en el aspecto musical, es decir, el blues, del curso.",positive,noi_chung
2541,"Tomé este curso con un interés especial en el aspecto musical, es decir, el blues, del curso.",positive,noi_chung
2542,En cada lección del curso se ofrece una descripción adecuada y breve.,positive,chuong_trinh_hoc
2543,El curso  realmente pierde el foco y es desafortunado que ahora esté estancado aquí y no pueda continuar con toda la especialización.,negative,chuong_trinh_hoc
2544,Gracias también a su personal y asistentes de laboratorio por ayudarnos a crear un programa tan bien diseñado.,positive,ky_nang_giang_day
2544,Gracias también a su personal y asistentes de laboratorio por ayudarnos a crear un programa tan bien diseñado.,positive,ky_nang_giang_day
2545,. es el mejor curso de mi vida !! ! !,positive,noi_chung
2546,Me parece genial y útil.,positive,noi_chung
2547,"En la conclusión, Iyengar afirma que no hay libros de texto disponibles para el campo porque es ""nuevo"", pero una búsqueda en Amazon muestra que parecen existir varios, y muchos de los estudios a los que se hace referencia en este curso tienen años, incluso más de una década en algunos casos.",negative,ky_nang_giang_day
2548,"Este curso en cierto sentido, cambió mi forma de estudiar.",positive,noi_chung
2549,"También me pareció absurdo que cada vez que el profesor introducía un concepto muy básico de álgebra lineal, repetía en tono un tanto condescendiente ""esto es para los expertos en álgebra lineal"".",positive,ky_nang_giang_day
2550,"Gracias Dr. Chuck, su forma de enseñar y su interés en integrar a estudiantes de todo el mundo son muy apreciados.",positive,ky_nang_giang_day
2550,"Gracias Dr. Chuck, su forma de enseñar y su interés en integrar a estudiantes de todo el mundo son muy apreciados.",positive,ky_nang_giang_day
2551,Sería mejor si alguien lo explicara en vídeo.,negative,ky_nang_giang_day
2552,2- Se utilizaron ejemplos muy vagos.,negative,cung_cap_tai_lieu
2553,"Sin embargo, estoy un poco sorprendido de no haber obtenido un certificado por hacerlo.",negative,chuong_trinh_hoc
2554,Especialmente la sección de política en la semana 8.,neutral,noi_chung
2555,"Las afirmaciones la mayoría de las veces no están justificadas en absoluto (""el prototipado incremental producirá un software rico en características y robusto"").",negative,noi_chung
2556,"A menos que estés dispuesto a sufrir durante varias horas arrancándote el pelo porque su analizador no acepta un código escrito perfectamente, no tomes este curso.",negative,noi_chung
2557,Este curso claramente tiene una agenda.,negative,chuong_trinh_hoc
2558,"Un poco difícil, especialmente porque hay mucha parte de RBM / DBN / DBM.",negative,chuong_trinh_hoc
2559,"No esperaba mucho cuando me inscribí hace unas semanas, pero cuanto más estudiaba y veía las lecciones, más me sorprendía con tantos consejos y recursos excelentes para comprender y convertirse en un mejor estudiante.",positive,cung_cap_tai_lieu
2560,Recomendaría esta clase a cualquiera que quiera tener una buena comprensión del aprendizaje automático.,positive,de_xuat
2561,Las preguntas no respondidas en el foro de discusión requirieron una escalada.,negative,hanh_vi
2562,Todo es genial en este curso.,positive,noi_chung
2563,Fue muy gratificante participar en este curso fundacional .,positive,noi_chung
2564,Utilicé Python para hacer todas las tareas  pero no me molesté en enviar mis respuestas para obtener crédito por el curso porque habría tenido que volver a implementarlo en Octave.,negative,bai_tap
2565,"Servance, es un gran desarrollo de los fundamentos de la programación (los primeros dos cursos) que te servirán durante el resto de tu vida, así como un curso que te dará una especie de intento de comprensión de las grandes cosas que Python puede hacer por ti.",positive,noi_chung
2566,El instructor es un DIOS.,positive,ky_nang_giang_day
2567,Es difícil obtener los puntos clave de esos materiales y lo que los instructores quieren decirme.,negative,cung_cap_tai_lieu
2567,Es difícil obtener los puntos clave de esos materiales y lo que los instructores quieren decirme.,negative,ky_nang_giang_day
2568,Excelente curso.,positive,noi_chung
2569,Desearía haber tenido esto curso cuando comencé la universidad; debería ser obligatorio material para estudiantes y alumnos de todo el mundo.,positive,noi_chung
2569,Desearía haber tenido esto curso cuando comencé la universidad; debería ser obligatorio material para estudiantes y alumnos de todo el mundo.,positive,cung_cap_tai_lieu
2570,Tengo muchas ganas de completar los cursos restantes .,positive,noi_chung
2571,Un curso maravilloso que realmente me ayudó a aprender mucho sobre la forma en que aprendemos y cómo puedo mejorar mi propio aprendizaje.,positive,noi_chung
2571,Un curso maravilloso que realmente me ayudó a aprender mucho sobre la forma en que aprendemos y cómo puedo mejorar mi propio aprendizaje.,positive,chuong_trinh_hoc
2572,Desearía poder asistir a alguna de sus clases en persona.,positive,ky_nang_giang_day
2573,¡Este curso es completo y los instructores son geniales!,positive,noi_chung
2573,¡Este curso es completo y los instructores son geniales!,positive,ky_nang_giang_day
2574,"Realmente aprecio el entusiasmo del Dr. Len por su tema, y el gran apoyo de sus asistentes de enseñanza.",positive,ky_nang_giang_day
2574,"Realmente aprecio el entusiasmo del Dr. Len por su tema, y el gran apoyo de sus asistentes de enseñanza.",positive,ky_nang_giang_day
2575,Las conferencias y los ejercicios son increíbles.,positive,ky_nang_giang_day
2575,Las conferencias y los ejercicios son increíbles.,positive,bai_tap
2576,Todo se explica de forma sencilla pero con gran cantidad de detalles.,positive,ky_nang_giang_day
2577,"Ni Hao, me gustó el curso, buen contenido del curso, aunque la primera semana que incluye los tonos fue difícil ya que es difícil memorizarlos.",positive,noi_chung
2577,"Ni Hao, me gustó el curso, buen contenido del curso, aunque la primera semana que incluye los tonos fue difícil ya que es difícil memorizarlos.",negative,chuong_trinh_hoc
2577,"Ni Hao, me gustó el curso, buen contenido del curso, aunque la primera semana que incluye los tonos fue difícil ya que es difícil memorizarlos.",positive,noi_chung
2578,"Instructor la calidad es baja, la calidad de producción de instructor videos es baja.",negative,ky_nang_giang_day
2578,"Instructor la calidad es baja, la calidad de producción de instructor videos es baja.",negative,ky_nang_giang_day
2578,"Instructor la calidad es baja, la calidad de producción de instructor videos es baja.",negative,ky_nang_giang_day
2579,"Gracias a ti y a tu equipo (si lo hay), tengo bastante confianza en diseñar bases de datos a pequeña escala y jugar con ellas.",positive,ky_nang_giang_day
2580,Se necesitan pruebas.,neutral,noi_chung
2581,No puedo recomendar esto lo suficiente.,positive,de_xuat
2582,Descubrí que la rúbrica de calificación en particular se centraba demasiado en elementos simples de la interfaz de usuario y no lo suficiente en asegurarse de que el código fuera bueno o que el juego incluso funcionara.,negative,ham_diem
2583,"Fácil de seguir, excelentes ejemplos, explicado con claridad, atractivo presentaciones y tareas, consejos de los expertos; todas esas cosas hicieron que este fuera un curso que no pude ""dejar"".",positive,chuong_trinh_hoc
2583,"Fácil de seguir, excelentes ejemplos, explicado con claridad, atractivo presentaciones y tareas, consejos de los expertos; todas esas cosas hicieron que este fuera un curso que no pude ""dejar"".",positive,cung_cap_tai_lieu
2583,"Fácil de seguir, excelentes ejemplos, explicado con claridad, atractivo presentaciones y tareas, consejos de los expertos; todas esas cosas hicieron que este fuera un curso que no pude ""dejar"".",positive,ky_nang_giang_day
2583,"Fácil de seguir, excelentes ejemplos, explicado con claridad, atractivo presentaciones y tareas, consejos de los expertos; todas esas cosas hicieron que este fuera un curso que no pude ""dejar"".",positive,ky_nang_giang_day
2583,"Fácil de seguir, excelentes ejemplos, explicado con claridad, atractivo presentaciones y tareas, consejos de los expertos; todas esas cosas hicieron que este fuera un curso que no pude ""dejar"".",positive,bai_tap
2583,"Fácil de seguir, excelentes ejemplos, explicado con claridad, atractivo presentaciones y tareas, consejos de los expertos; todas esas cosas hicieron que este fuera un curso que no pude ""dejar"".",positive,kinh_nghiem
2584,"Hay algunas cosas que podrían ayudar a mejorar el curso: - Para un curso de cuatro semanas, siento que el material no fue suficiente.",negative,cung_cap_tai_lieu
2585,Barbara Oakley y su equipo hicieron un buen trabajo preparando este increíble taller.,positive,ky_nang_giang_day
2585,Barbara Oakley y su equipo hicieron un buen trabajo preparando este increíble taller.,positive,noi_chung
2586,Sugeriría aumentar la cantidad de revisiones requeridas por cada estudiante para que una revisión incorrecta (basada en un error del usuario) no influya en su calificación de manera tan significativa.,negative,ham_diem
2587,"Habría sido una reseña rotunda de cinco estrellas pero algunos ""mentor"" pensaron que era necesario secuestrar un hilo de un estudiante que preguntaba sobre la necesidad de más de un ""break"" en un bucle while para dar una conferencia sobre lo que constituye un pseudocódigo y lo que no en una pregunta que no es una tarea.",negative,hanh_vi
2588,El código para los ejercicios se creó para Eclipse ADT y Google dejó de brindar soporte para Eclipse hace un tiempo.,negative,bai_tap
2589,"Obtuve algunos beneficios clave del curso, particularmente la técnica pomodoro, que estoy usando.",positive,noi_chung
2590,Esta es una excelente introducción al idioma y la gramática china.,positive,noi_chung
2591,También lo recomendaría a cualquier persona cuya futura profesión esté relacionada de alguna manera con la economía/finanzas/contabilidad porque son habilidades básicas.,positive,de_xuat
2592,La estructura del curso está cuidadosamente diseñada.,positive,chuong_trinh_hoc
2593,"Los estándares de calificación son extraños: se deben dar calificaciones máximas a las tareas realizadas en público, como si las cosas hechas en privado no fueran creativas; hay mejores formas de hacer que alguien salga de su zona de confort.",negative,ham_diem
2594,"Me pareció que el curso era muy confuso y que el lenguaje utilizado en las pruebas y exámenes no siempre coincidía con el lenguaje utilizado en las lecciones, lo que hacía muy difícil entender lo que se quería.",negative,chuong_trinh_hoc
2594,"Me pareció que el curso era muy confuso y que el lenguaje utilizado en las pruebas y exámenes no siempre coincidía con el lenguaje utilizado en las lecciones, lo que hacía muy difícil entender lo que se quería.",negative,bai_tap
2594,"Me pareció que el curso era muy confuso y que el lenguaje utilizado en las pruebas y exámenes no siempre coincidía con el lenguaje utilizado en las lecciones, lo que hacía muy difícil entender lo que se quería.",negative,cung_cap_tai_lieu
2594,"Me pareció que el curso era muy confuso y que el lenguaje utilizado en las pruebas y exámenes no siempre coincidía con el lenguaje utilizado en las lecciones, lo que hacía muy difícil entender lo que se quería.",negative,chuong_trinh_hoc
2595,"El curso fue excelente, todos profesores fueron excelentes, especialmente",positive,noi_chung
2595,"El curso fue excelente, todos profesores fueron excelentes, especialmente",positive,ky_nang_giang_day
2596,"Lamentablemente, la configuración del entorno de desarrollo está desactualizada.",negative,noi_chung
2597,Me encanta este programa. Me ha ayudado a desarrollar más mi capacidad para abordar un tema o curso. Felicitaciones a Dra. Barbara Oakley. Eres una buena profesora.,positive,chuong_trinh_hoc
2597,Me encanta este programa. Me ha ayudado a desarrollar más mi capacidad para abordar un tema o curso. Felicitaciones a Dra. Barbara Oakley. Eres una buena profesora.,positive,ky_nang_giang_day
2597,Me encanta este programa. Me ha ayudado a desarrollar más mi capacidad para abordar un tema o curso. Felicitaciones a Dra. Barbara Oakley. Eres una buena profesora.,positive,chuong_trinh_hoc
2598,¡Increíble curso!,positive,noi_chung
2599,Muy revelador... me dio los conceptos básicos de las operaciones logísticas.,positive,chuong_trinh_hoc
2599,Muy revelador... me dio los conceptos básicos de las operaciones logísticas.,positive,noi_chung
2600,Esto realmente ayuda con una introducción a algunos conceptos fundamentales de Internet.,positive,noi_chung
2601,Lo único que aprenderás a través de la experiencia es que algunas personas deberían mantenerse tan lejos de la escritura autocalificadores como el planeta les permita.,negative,ham_diem
2602,El profesor realmente sabe su trabajo y lo está haciendo muy bien.,positive,ky_nang_giang_day
2602,El profesor realmente sabe su trabajo y lo está haciendo muy bien.,positive,ky_nang_giang_day
2603,Espero que las escuelas enseñen esto formalmente en algún momento en el futuro.,positive,noi_chung
2604,Explicó cómo funciona el cerebro cuando intentas aprender algo de una manera muy práctica y sencilla.,positive,chuong_trinh_hoc
2604,Explicó cómo funciona el cerebro cuando intentas aprender algo de una manera muy práctica y sencilla.,positive,ky_nang_giang_day
2605,Aprecio que me esté poniendo al día para los próximos cursos pero encontré que el ritmo de aprendizaje era un poco lento con pruebas muy simples tareas.,negative,bai_tap
2605,Aprecio que me esté poniendo al día para los próximos cursos pero encontré que el ritmo de aprendizaje era un poco lento con pruebas muy simples tareas.,negative,noi_chung
2607,"Además, el proyecto final revisado por pares no está muy bien explicado y utiliza herramientas y métodos que ni siquiera están dentro del alcance del módulo.",negative,ky_nang_giang_day
2608,Grandes ejemplos .,positive,chuong_trinh_hoc
2609,Gran tema y algunos muy bien presentados videos.,positive,noi_chung
2609,Gran tema y algunos muy bien presentados videos.,positive,ky_nang_giang_day
2610,Completo contenido.,positive,noi_chung
2611,¡¡¡Más aún porque es gratis!!!,positive,noi_chung
2612,Gracias cursora por proporcionar una beca para este curso.,positive,chuong_trinh_hoc
2613,"Hay algunas lecciones sobre pronunciación del inglés, que me parecieron un poco tediosas ya que soy hablante nativo, pero no es nada que le quite valor a la clase en general.",negative,ky_nang_giang_day
2614,¡Excelente especialización!,positive,noi_chung
2615,Dr. Chunk es muy divertido y enseña bien.,positive,ky_nang_giang_day
2615,Dr. Chunk es muy divertido y enseña bien.,positive,ky_nang_giang_day
2616,"Algunos de los materiales son estrictamente por sonido, por lo que si no puedes seguir los cambios de acordes, es posible que estés perdido.",negative,cung_cap_tai_lieu
2617,"El curso profundizó aún más mi amor por la materia y las plataformas de evaluación  fueron desafiantes, pero no me parecieron laboriosas.",positive,noi_chung
2617,"El curso profundizó aún más mi amor por la materia y las plataformas de evaluación  fueron desafiantes, pero no me parecieron laboriosas.",positive,bai_tap
2617,"El curso profundizó aún más mi amor por la materia y las plataformas de evaluación  fueron desafiantes, pero no me parecieron laboriosas.",positive,bai_tap
2618,Esta fue una de mis clases favoritas.,positive,noi_chung
2619,"Este fue un curso que provocó la reflexión, fue la punta del iceberg, fue inspirador y simple, apropiado para casi cualquier persona interesada en ""las artes"".",positive,noi_chung
2621,Proporciona una excelente descripción general.,positive,noi_chung
2622,Los videos deben cambiar para incluir más detalles sobre el tema presentado.,negative,ky_nang_giang_day
2623,Apreciar el conocimiento amplio pero detallado.,positive,noi_chung
2624,La forma en que presentaron este curso curso y su enfoque fue fácil y comprensible.,positive,chuong_trinh_hoc
2625,"En general, disfruté del contenido y del curso.",positive,noi_chung
2625,"En general, disfruté del contenido y del curso.",positive,noi_chung
2626,"No tengo duda de que profesores son excelentes profesionales en el área, además de grandes entusiastas del aprendizaje automático.",positive,ky_nang_giang_day
2626,"No tengo duda de que profesores son excelentes profesionales en el área, además de grandes entusiastas del aprendizaje automático.",positive,ky_nang_giang_day
2627,"Como se indica en el resumen, este curso está dirigido a aquellos que no tienen experiencia en programación.",positive,noi_chung
2628,"Jeff Leek, es un gran profesor.",positive,ky_nang_giang_day
2629,No puedo recomendar este curso lo suficiente.,positive,de_xuat
2630,"Luego, los videos se volvieron cada vez más confusos y obsoletos.",negative,ky_nang_giang_day
2630,"Luego, los videos se volvieron cada vez más confusos y obsoletos.",negative,ky_nang_giang_day
2631,Excelente enseñanza.,positive,ky_nang_giang_day
2632,Me encantan las conferencias.,positive,ky_nang_giang_day
2633,Obtuve lo que esperaba en este curso.,positive,chuong_trinh_hoc
2634,"Como soy un verdadero principiante sin experiencia en programación o ciencia de datos, sentí que las tareas de programación estaban demasiado lejos de los ejercicios de Swirl (que sentí que eran súper útiles y apropiados para principiantes) y las conferencias.",negative,bai_tap
2636,"La clase es una descripción general bastante buena de las métricas en general. Es más amplia que profunda y, a veces, los videos y las explicaciones no fueron los más fáciles de digerir.",positive,noi_chung
2636,"La clase es una descripción general bastante buena de las métricas en general. Es más amplia que profunda y, a veces, los videos y las explicaciones no fueron los más fáciles de digerir.",negative,ky_nang_giang_day
2637,El curso sobre el algoritmo de aprendizaje automático es muy básico.,negative,chuong_trinh_hoc
2638,"Las tareas no son demasiadas, ni muy pocas.",positive,bai_tap
2639,"Esto es muy útil curso, mis habilidades mejoraron después de pasar por estas sesiones.",positive,noi_chung
2639,"Esto es muy útil curso, mis habilidades mejoraron después de pasar por estas sesiones.",positive,noi_chung
2640,"Probé el curso Python curso de la Universidad Rice, ¡y una parte del curso Python curso de Codecademy!",positive,noi_chung
2641,. sigue así excelente curso .,positive,noi_chung
2642,"Creo que podré aplicar los métodos discutidos en el curso a diario sin tener que dedicar mucho tiempo a aprenderlos, ya que son muy prácticos.",positive,chuong_trinh_hoc
2642,"Creo que podré aplicar los métodos discutidos en el curso a diario sin tener que dedicar mucho tiempo a aprenderlos, ya que son muy prácticos.",positive,chuong_trinh_hoc
2643,"Este curso te dice cómo aprender de manera efectiva y eficiente, de una manera relajada, fácil de entender (incluso si tu inglés no es bueno como el mío) y aplicable en cualquier campo.",positive,chuong_trinh_hoc
2644,"Realmente no he tomado ningún curso de Neurociencia y tengo que decir que esto fue todo un desafío con mi carga de trabajo a tiempo completo en la escuela, ¡pero lo hice!",negative,chuong_trinh_hoc
2646,Es una gran oportunidad para evolucionar profesionalmente.,positive,noi_chung
2647,"Muy pocos ejemplos prácticos y ejercicios, pero cubre los conceptos básicos como: sintaxis, semántica, qué tener en cuenta al crear su propio sitio web.",negative,bai_tap
2647,"Muy pocos ejemplos prácticos y ejercicios, pero cubre los conceptos básicos como: sintaxis, semántica, qué tener en cuenta al crear su propio sitio web.",positive,bai_tap
2648,Está aclarando muchas de mis dudas y ahora siento que realmente estoy aprendiendo AngularJS.,positive,chuong_trinh_hoc
2649,"Felicitaciones a los organizadores, especialmente a Maya Adams.",positive,ky_nang_giang_day
2650,"Le habría dado 5 estrellas, pero hacia el final, sentí que las lecciones se volvieron un poco más descuidadas.",positive,chuong_trinh_hoc
2650,"Le habría dado 5 estrellas, pero hacia el final, sentí que las lecciones se volvieron un poco más descuidadas.",neutral,noi_chung
2651,Contenido es bueno.,positive,cung_cap_tai_lieu
2652,Algunas de las conferencias fueron difíciles de seguir.,negative,ky_nang_giang_day
2653,La última parte es reveladora.,positive,chuong_trinh_hoc
2654,Las herramientas proporcionadas para revisar el material y evaluarse a sí mismo son muy efectivas.,positive,chuong_trinh_hoc
2655,Disfruté muchísimo participando en este curso .,positive,noi_chung
2656,"Pero hay un montón de cuestionarios, que a veces se alejan bastante del material de la conferencia y tienes que investigar mucho para responder todas las preguntas correctamente.",negative,bai_tap
2656,"Pero hay un montón de cuestionarios, que a veces se alejan bastante del material de la conferencia y tienes que investigar mucho para responder todas las preguntas correctamente.",negative,cung_cap_tai_lieu
2657,¡Mi curso curso en línea favorito hasta el momento (me he inscrito en más de 200 y he completado más de 50 de ellos)!,positive,noi_chung
2658,El instructor Andrew Ng lo guía a través del material en conferencias fáciles de entender que están divididas por tema en sesiones de video perfectamente sincronizadas con exámenes individuales cuestionarios durante cada video que lo ayudan a evaluar qué tan bien ha entendido y comprendido el tema discutido en la lección.,positive,ky_nang_giang_day
2658,El instructor Andrew Ng lo guía a través del material en conferencias fáciles de entender que están divididas por tema en sesiones de video perfectamente sincronizadas con exámenes individuales cuestionarios durante cada video que lo ayudan a evaluar qué tan bien ha entendido y comprendido el tema discutido en la lección.,positive,ky_nang_giang_day
2658,El instructor Andrew Ng lo guía a través del material en conferencias fáciles de entender que están divididas por tema en sesiones de video perfectamente sincronizadas con exámenes individuales cuestionarios durante cada video que lo ayudan a evaluar qué tan bien ha entendido y comprendido el tema discutido en la lección.,positive,bai_tap
2659,Los cuestionarios también son muy confusos y a veces me siento frustrado.,negative,bai_tap
2659,Los cuestionarios también son muy confusos y a veces me siento frustrado.,negative,bai_tap
2660,"Este es un buen curso introductorio, una recopilación de conceptos relacionados con las ciudades sostenibles.",neutral,noi_chung
2661,Me encanta este curso curso un montón.,positive,noi_chung
2662,Estoy involucrado en una encuesta de referencia sobre comportamiento de saneamiento e higiene en escuelas de la India y encontré este curso relevante para mi comprensión de cómo el comportamiento es el resultado de normas que surgen a su vez de expectativas empíricas y normativas.,positive,chuong_trinh_hoc
2663,Un curso estupendo curso y disponible en el momento justo.,positive,noi_chung
2664,Asegúrese de dejar suficiente tiempo para la lectura y las tareas principales .,neutral,bai_tap
2665,Esta fue una excelente introducción curso al mundo del aprendizaje automático.,positive,noi_chung
2666,Los materiales son geniales y fáciles de entender.,positive,cung_cap_tai_lieu
2666,Los materiales son geniales y fáciles de entender.,positive,cung_cap_tai_lieu
2667,Este fue un buen curso .,positive,noi_chung
2668,Eso es lo que obtendrás al tomar este curso (citado porque esas son las palabras utilizadas para describir el patrón de educación general en mi universidad).,positive,noi_chung
2669,¡El mejor curso en esta especialización!,positive,noi_chung
2670,Fue muy accesible y tenía algunos ejemplos geniales.,positive,noi_chung
2670,Fue muy accesible y tenía algunos ejemplos geniales.,positive,chuong_trinh_hoc
2671,Espero que disfrutes del curso como yo : ),positive,noi_chung
2672,No lo encontré realmente útil. Quizás la forma en que esperaba era diferente.,negative,noi_chung
2673,"La mejor parte fue la metodología de enseñanza práctica y, además, el entusiasmo fue ""Qué error cometí"": aprender y corregir validando el trabajo de otros participantes.",positive,ky_nang_giang_day
2674,Excelente manera de revisar/repensar qué es aprender y cuál es la mejor manera de hacerlo.,positive,noi_chung
2675,Gracias creadores.,positive,noi_chung
2676,Pero gastamos dinero para que alguien nos enseñe esas cosas.,negative,noi_chung
2677,Este curso me muestra lo malos que eran mis hábitos de estudio y me ayuda a mejorarlos.,positive,noi_chung
2678,Este curso es uno de los curso más prácticos en cursora.,positive,chuong_trinh_hoc
2679,Me encanta que el curso también sea muy difícil: no lo han simplificado para nosotros.,positive,noi_chung
2679,Me encanta que el curso también sea muy difícil: no lo han simplificado para nosotros.,negative,chuong_trinh_hoc
2680,"En general, ¡este curso es genial!",positive,noi_chung
2681,La mejor enseñanza curso jamás impartida.,positive,noi_chung
2682,Impresionante curso online curso.,positive,noi_chung
2683,¡Fantástico contenido! .,positive,cung_cap_tai_lieu
2684,"Existen muchas técnicas que se enseñan para concentrarse, así como métodos de pensamiento intuitivo.",positive,chuong_trinh_hoc
2685,Nick Santos o tal vez el profesor Santos es un profesor muy entusiasta y realmente alienta al estudiante a sobresalir y tener éxito.,positive,ky_nang_giang_day
2685,Nick Santos o tal vez el profesor Santos es un profesor muy entusiasta y realmente alienta al estudiante a sobresalir y tener éxito.,positive,ky_nang_giang_day
2686,¡Experiencia increíble!,positive,noi_chung
2687,Realmente recomiendo este curso curso no solo para la nutrición infantil sino también para adultos 'quisquillosos' y testarudos.,positive,de_xuat
2688,Los ejercicios todavía están diseñados con mucho cuidado.,positive,bai_tap
2689,Este curso curso ha hecho exactamente lo que anunciaba.,positive,noi_chung
2690,También las dudas se aclaran en el foro de discusión periódicamente y lo más rápido posible.,positive,hanh_vi
2691,¡Me encanta la parte del video extra del curso!,positive,noi_chung
2693,La interacción con otros estudiantes sería muy beneficiosa en forma de tarea grupal.,positive,hanh_vi
2694,Una introducción básica al marco meteorJS.,positive,noi_chung
2695,Este curso  avanza a un ritmo muy rápido y simplemente no tiene el encanto de todos los demás cursos de la especialización.,negative,noi_chung
2695,Este curso  avanza a un ritmo muy rápido y simplemente no tiene el encanto de todos los demás cursos de la especialización.,negative,noi_chung
2696,Me encanta especialmente el entusiasmo y la pasión del profesor por ayudar a todos a aprender conocimientos de aprendizaje automático de vanguardia.,positive,ky_nang_giang_day
2696,Me encanta especialmente el entusiasmo y la pasión del profesor por ayudar a todos a aprender conocimientos de aprendizaje automático de vanguardia.,positive,hanh_vi
2697,¡Muchas gracias a Profesor Charles por realizar el curso y compartir generosamente su trabajo con nosotros!,positive,ky_nang_giang_day
2698,"Los profesores tendrían más tiempo para explicar cada parte de las clases, por lo que la dificultad aumentaría uniformemente entre semanas.",neutral,ky_nang_giang_day
2699,"Aún no lo he terminado, pero no puedo esperar para darle una reseña de 5 estrellas.",positive,chuong_trinh_hoc
2700,Y sería muy bueno tener una diapositiva de resumen al final del curso.,negative,cung_cap_tai_lieu
2701,Tengo experiencia programando en PHP utilizando el framework web Laravel.,positive,noi_chung
2702,"En cualquier caso, merece la pena dedicarle mi tiempo, lo recomiendo.",positive,chuong_trinh_hoc
2702,"En cualquier caso, merece la pena dedicarle mi tiempo, lo recomiendo.",positive,de_xuat
2703,"El instructor se perdió entre enseñar R y enseñar estadísticas, por lo que al final no hizo ninguna de las dos cosas.",negative,ky_nang_giang_day
2704,"Encontré algunos de los ejercicios un poco más difíciles que el contenido dado, y el soporte aún no es tan perfecto, pero uno puede encontrar buena ayuda en los foros si pregunta con anticipación (en mi caso, debo agradecer mucho a mis compañeros Brian y Richard... fueron verdaderos mentores).",negative,bai_tap
2704,"Encontré algunos de los ejercicios un poco más difíciles que el contenido dado, y el soporte aún no es tan perfecto, pero uno puede encontrar buena ayuda en los foros si pregunta con anticipación (en mi caso, debo agradecer mucho a mis compañeros Brian y Richard... fueron verdaderos mentores).",negative,hanh_vi
2705,"¡Gracias, Colleen!",positive,ky_nang_giang_day
2706,Andrew es un gran pedagogo y fue un placer escuchar sus explicaciones.,positive,ky_nang_giang_day
2707,Este curso fue genial.,positive,noi_chung
2708,Todos fueron muy atractivos.,positive,ky_nang_giang_day
2709,"Sin embargo, sigo pensando que el precio es un poco elevado en comparación con otros cursos similares que puedes encontrar en línea.",negative,chuong_trinh_hoc
2710,"Los profesores, aunque no hablaban inglés muy fluido, eran los mejores y sabían exactamente lo que enseñaban, lo que me hizo muy feliz.",negative,ky_nang_giang_day
2710,"Los profesores, aunque no hablaban inglés muy fluido, eran los mejores y sabían exactamente lo que enseñaban, lo que me hizo muy feliz.",positive,ky_nang_giang_day
2711,Un gran curso para iniciarse en la programación en general y con Python en particular.,positive,noi_chung
2712,Programación R bien organizada curso para aficionados académicos con algunos conocimientos previos de programación orientada a objetos.,positive,chuong_trinh_hoc
2713,Los materiales de lectura fueron realmente interesantes.,positive,cung_cap_tai_lieu
2714,En el futuro no tendrás nada que mostrar en tu CV.,negative,chuong_trinh_hoc
2715,Una nueva perspectiva o visión del aprendizaje siempre es beneficiosa y este curso puede sorprenderte o cambiar por completo tu forma de aprender.,positive,noi_chung
2716,¡Salud por el bien! profesor.,positive,ky_nang_giang_day
2717,"Puede resultar difícil encontrar cierta información, especialmente en la sección Discusión.",negative,hanh_vi
2718,Estoy agradecido a todos ustedes por darme nuevas experiencias.,positive,noi_chung
2719,"Además, no estaba del todo claro cómo componer el regulador PID desde el enfoque ""sistemático"".",negative,ky_nang_giang_day
2720,También disfruté mucho los mapas interactivos y los consejos técnicos.,positive,noi_chung
2721,"Sentí que no estaba aprendiendo nada nuevo, pero los clips de películas me permitieron verlas bajo una nueva luz.",negative,chuong_trinh_hoc
2722,El libro de texto y el curso exámenes han agregado un gran valor al curso.,positive,cung_cap_tai_lieu
2722,El libro de texto y el curso exámenes han agregado un gran valor al curso.,positive,bai_tap
2722,El libro de texto y el curso exámenes han agregado un gran valor al curso.,positive,chuong_trinh_hoc
2723,"Como principiante total, no solo en Python, sino también en programación, encontré este curso extremadamente útil.",positive,noi_chung
2724,"Hubo muchos problemas con los conjuntos de problemas: incorrectos, poco claros, más allá del alcance de curso, colocados en un orden de contenido incorrecto.",negative,ky_nang_giang_day
2725,Este curso curso reafirmó mi interés por Leiden de hace 10 años.,positive,noi_chung
2726,La manera en que los profesores nos enseñaron y nos evaluaron a través de los desafíos conceptuales realmente me cautivó.,positive,ky_nang_giang_day
2726,La manera en que los profesores nos enseñaron y nos evaluaron a través de los desafíos conceptuales realmente me cautivó.,positive,ky_nang_giang_day
2727,La manera de enseñar es muy lúcida y fácil de entender.,positive,ky_nang_giang_day
2727,La manera de enseñar es muy lúcida y fácil de entender.,positive,ky_nang_giang_day
2728,Aprendí mucho en este curso y seguiré aprendiendo sus otros curso de Python.,positive,chuong_trinh_hoc
2729,"Sin embargo, desde el principio fui aprendiendo cosas nuevas.",positive,noi_chung
2730,¡Lo super recomiendo!,positive,de_xuat
2731,"Tuve dificultades en algunas secciones, ya que no tengo mucha experiencia con la fisiología.",negative,noi_chung
2732,"Valiosa experiencia práctica ejercicios y lo mejor de todo, contar con profesores que son autoridades en su campo.",positive,bai_tap
2732,"Valiosa experiencia práctica ejercicios y lo mejor de todo, contar con profesores que son autoridades en su campo.",positive,ky_nang_giang_day
2733,"¡Muchas gracias, Coursera y Dr. Chuck!",positive,ky_nang_giang_day
2734,El curso  me ha sido útil para darme cuenta de dónde he ido a parar todo mi tiempo sin resultados cuantificables y espero poder adquirir el hábito de una buena gestión del tiempo.,positive,chuong_trinh_hoc
2735,"Este es un curso difícil, los cuestionarios no son triviales y la última tarea fue una gran cantidad de trabajo.",negative,chuong_trinh_hoc
2735,"Este es un curso difícil, los cuestionarios no son triviales y la última tarea fue una gran cantidad de trabajo.",negative,bai_tap
2735,"Este es un curso difícil, los cuestionarios no son triviales y la última tarea fue una gran cantidad de trabajo.",negative,bai_tap
2736,Gracias a esta serie de cursos comencé a trabajar mejor mis habilidades fotográficas y me pareció realmente interesante y sorprendente.,positive,noi_chung
2736,Gracias a esta serie de cursos comencé a trabajar mejor mis habilidades fotográficas y me pareció realmente interesante y sorprendente.,positive,noi_chung
2737,Este curso es realmente espléndido.,positive,noi_chung
2738,"Curso es bueno, la razón por la que le doy una calificación baja es porque es un poco redundante con el curso 3 ""Introducción al desarrollo de Meteor.js"".",positive,noi_chung
2738,"Curso es bueno, la razón por la que le doy una calificación baja es porque es un poco redundante con el curso 3 ""Introducción al desarrollo de Meteor.js"".",negative,chuong_trinh_hoc
2739,"Estoy obteniendo más de los otros dos, pero este fue una introducción fantástica para hacerme pensar.",positive,noi_chung
2740,El curso material está estructurado de manera integral.,positive,cung_cap_tai_lieu
2741,En general es un gran curso.,positive,noi_chung
2742,"La dificultad de este curso justifica la utilización de vídeos conferencias para transmitir muchos conceptos y técnicas, como el sistema Fitch.",negative,ky_nang_giang_day
2743,Se lo recomiendo a todos aquellos que quieran aprender Machine Learning.,positive,de_xuat
2744,Se fomenta la creatividad y se imponen muy pocas restricciones y reglas.,positive,chuong_trinh_hoc
2745,El Dr. Lafayette hizo un trabajo maravilloso en sus historias y descripciones para hacer reales las luchas y los éxitos del Movimiento.,positive,ky_nang_giang_day
2746,En este curso se abarcan muchos contenidos y conocimientos.,positive,cung_cap_tai_lieu
2746,En este curso se abarcan muchos contenidos y conocimientos.,positive,chuong_trinh_hoc
2747,"Estoy disfrutando mucho de este curso, es informativo y está muy bien organizado y presentado.",positive,noi_chung
2747,"Estoy disfrutando mucho de este curso, es informativo y está muy bien organizado y presentado.",positive,chuong_trinh_hoc
2747,"Estoy disfrutando mucho de este curso, es informativo y está muy bien organizado y presentado.",positive,chuong_trinh_hoc
2747,"Estoy disfrutando mucho de este curso, es informativo y está muy bien organizado y presentado.",positive,chuong_trinh_hoc
2748,Hay muchas mejores opciones para aprender a codificar.,negative,noi_chung
2749,Por lo demás fue fantástico.,positive,noi_chung
2751,"Disfruté mucho el curso. Normalmente, los cursos en línea son un poco difíciles para mí, pero no con este curso.",positive,noi_chung
2752,Este curso fue muy útil para mí en términos de recordar los conceptos de Negocios y Emprendimientos.,positive,noi_chung
2752,Este curso fue muy útil para mí en términos de recordar los conceptos de Negocios y Emprendimientos.,positive,noi_chung
2753,"Contenido y ejemplos extremadamente útiles, prácticos y relevantes, además de un curso excelente profesor y muy útil personal y otros estudiantes.",positive,chuong_trinh_hoc
2753,"Contenido y ejemplos extremadamente útiles, prácticos y relevantes, además de un curso excelente profesor y muy útil personal y otros estudiantes.",positive,chuong_trinh_hoc
2753,"Contenido y ejemplos extremadamente útiles, prácticos y relevantes, además de un curso excelente profesor y muy útil personal y otros estudiantes.",positive,ky_nang_giang_day
2753,"Contenido y ejemplos extremadamente útiles, prácticos y relevantes, además de un curso excelente profesor y muy útil personal y otros estudiantes.",positive,ky_nang_giang_day
2754,"Aunque este curso se centra en la enseñanza del idioma inglés, creo que sigue siendo útil para profesores de otras materias, ¡incluso de otros idiomas!",positive,chuong_trinh_hoc
2754,"Aunque este curso se centra en la enseñanza del idioma inglés, creo que sigue siendo útil para profesores de otras materias, ¡incluso de otros idiomas!",positive,noi_chung
2755,Mucha información práctica después de las primeras 2-3 semanas.,positive,chuong_trinh_hoc
2756,Ella simplemente lee las diapositivas en lugar de proporcionar más ejemplos y escenarios para ayudar a los estudiantes a comprender el material.,negative,ky_nang_giang_day
2757,Introducción útil a la resolución de conflictos.,positive,noi_chung
2758,Quiero aprender más de ti porque enseñas lo que no sé y que son idénticos a las lecciones.,positive,ky_nang_giang_day
2759,"Algunas de las pruebas parecen requerir una calculadora avanzada, pero pude usar una simple y hacer una especie de estimación.",neutral,bai_tap
2760,¡Realmente me ayudó a comenzar con mi estudio de Python!,positive,noi_chung
2761,Muy buena introducción a la serie Pandas y DataFrames para la ciencia de datos.,positive,noi_chung
2762,"Demostraciones de comida fáciles y rápidas de hacer, lo suficientemente básicas como para que los estudiantes puedan desarrollarlas según lo que tengan a mano.",positive,ky_nang_giang_day
2763,Deberías avergonzarte de ti mismo por promover esta basura.,negative,chuong_trinh_hoc
2764,¡Gracias por tu esfuerzo!,positive,noi_chung
2765,Videos cortos pero muy informativos.,positive,ky_nang_giang_day
2765,Videos cortos pero muy informativos.,positive,ky_nang_giang_day
2766,Quiere decir que es agradable y no supone una carga de trabajo demasiado grande.,positive,chuong_trinh_hoc
2767,"Soy estudiante de Ingeniería Física en la UFG, en el estado de Goiás, Brasil, y estos conocimientos me ayudarán en el Análisis de Datos, que es básicamente la principal actividad de un Físico Experimental.",positive,noi_chung
2768,"En primer lugar Peter Clarke, ¡qué leyenda! Gracias por toda la ayuda, especialmente durante la semana 2.",positive,ky_nang_giang_day
2768,"En primer lugar Peter Clarke, ¡qué leyenda! Gracias por toda la ayuda, especialmente durante la semana 2.",positive,ky_nang_giang_day
2769,Gracias por este gran curso.,positive,noi_chung
2770,Te da las herramientas y te habla de los procesos con los que debes rodearte.,positive,noi_chung
2771,Excelente curso curso sobre el aprendizaje y cómo funciona el cerebro.,positive,noi_chung
2772,¡Disfruté todo el curso !,positive,noi_chung
2773,"Por lo demás, disfruté la clase y aprendí muchísimo.",positive,noi_chung
2774,Excelente curso en cuanto a contenidos y lecturas sugeridas.,positive,noi_chung
2775,"No estaba muy claro dónde acceder al libro, ni qué lecturas correspondían a qué conferencias.",negative,cung_cap_tai_lieu
2776,También respondieron rápidamente a cualquier pregunta que tenía sobre las conferencias.,positive,hanh_vi
2777,Aprecio el esfuerzo que se puso en hacer este curso así como también en obtener los clips de película.,positive,noi_chung
2778,Muchas gracias a Barbara OAKLEY y otros profesores.,positive,ky_nang_giang_day
2779,Las personas que son nuevas en la fotografía pueden encontrar esto muy interesante.,positive,noi_chung
2780,"Muchas gracias por hacer este curso, es realmente útil para aprender y también fácil de seguir, así que creo que cuanto antes lo aprendas, mejor serás cuando tengas que aprender algo nuevo y especialmente si eres un estudiante :)",positive,noi_chung
2780,"Muchas gracias por hacer este curso, es realmente útil para aprender y también fácil de seguir, así que creo que cuanto antes lo aprendas, mejor serás cuando tengas que aprender algo nuevo y especialmente si eres un estudiante :)",positive,noi_chung
2781,Muy recomendable para aquellas personas que puedan realizar su propio aprendizaje.,positive,de_xuat
2782,¡Es absolutamente increíble!,positive,noi_chung
2783,Siento que he aprendido mucho en tan poco tiempo.,positive,noi_chung
2784,Aunque me hubiera gustado que hubiera habido más prácticas para inculcar el conocimiento firme de cuál era el contenido.,positive,cung_cap_tai_lieu
2785,Sin duda ayudará a todos los principiantes y estudiantes continuos.,positive,noi_chung
2786,Me parecieron muy claras y concisas las conferencias y las tareas.,positive,ky_nang_giang_day
2786,Me parecieron muy claras y concisas las conferencias y las tareas.,positive,bai_tap
2787,"Pero especialmente Tarea 3 en lo que respecta a la limpieza de los datos, se debe mejorar.",neutral,bai_tap
2788,"En otras palabras, tengo mucho que esperar de los próximos cursos y espero poder aprender lo suficiente para convertirme en un profesional de SIG.",positive,noi_chung
2789,"Este curso tiene cierto potencial, pero necesita urgentemente una actualización para 2017.",negative,chuong_trinh_hoc
2790,Bastante bueno curso para un programador Java primerizo.,positive,noi_chung
2791,Este curso es increíble.,positive,noi_chung
2792,Gracias Coursera y UOL.,positive,noi_chung
2793,Ha sido una emoción enorme cada noche llegar a casa del trabajo y sentarme al lado de la computadora para ver los videos y estudiar Machine Learning.,positive,ky_nang_giang_day
2794,Estoy muy feliz de haber tenido este curso.,positive,noi_chung
2795,"La información enseñada de manera ""fácil de aprender"" por Dr. Kuhar fue increíble.",positive,ky_nang_giang_day
2795,"La información enseñada de manera ""fácil de aprender"" por Dr. Kuhar fue increíble.",positive,ky_nang_giang_day
2796,"Carne, necesitamos más carne.",negative,noi_chung
2797,Creo que es el mejor a la hora de explicar algo.,positive,ky_nang_giang_day
2798,¡Gracias Andrew !,positive,ky_nang_giang_day
2799,El curso estuvo bien organizado.,positive,chuong_trinh_hoc
2800,Su enfoque de la enseñanza es maravilloso y me intrigaron sus puntos de vista sobre la escritura.,positive,ky_nang_giang_day
2801,"La primera semana fue un poco lenta, pero",neutral,noi_chung
2803,Me encantó este curso.,positive,noi_chung
2804,"A diferencia del curso  anterior en esta secuencia, este curso proporcionó poca o ninguna información sustancial.",negative,chuong_trinh_hoc
2805,Este curso por sí solo no aporta mucho.,negative,noi_chung
2806,"A veces no hay comprensión del contenido, solo se utiliza la palabra más cercana al sonido producido.",negative,ky_nang_giang_day
2807,El profesor Shiller explica los conceptos de una manera sencilla para que todos los entiendan.,positive,ky_nang_giang_day
2808,Excelente .,positive,noi_chung
2809,Pero proporcionar algunas tareas más rigurosas tareas opcionales puede ser una adición bienvenida al curso.,neutral,bai_tap
2810,Experiencia real en el uso de aplicaciones reales.,positive,chuong_trinh_hoc
2811,Los videos son informativos y están bien elaborados.,positive,ky_nang_giang_day
2812,"Esa es la única razón por la que no doy una recompensa directa de 5 estrellas, ya que creo que la falta de interacción en la vida real no se recupera totalmente con los cuestionarios y ejercicios, deberían ser más en mi opinión.",negative,bai_tap
2813,Es realmente encantador tener la oportunidad de escuchar sus perspectivas sobre las cosas y que describan cómo piensan sobre lo que están haciendo y ver sus diferentes procesos.,positive,noi_chung
2814,"Aspectos positivos: muy práctico, interesante tareasÁreas de desarrollo: 4 estrellas porque a veces quiero más información concisa y menos información no muy importante en las lecciones. Lo siento, por una cuestión de tiempo. En general, un buen curso . Lo recomendaría.",positive,bai_tap
2814,"Aspectos positivos: muy práctico, interesante tareasÁreas de desarrollo: 4 estrellas porque a veces quiero más información concisa y menos información no muy importante en las lecciones. Lo siento, por una cuestión de tiempo. En general, un buen curso . Lo recomendaría.",positive,de_xuat
2814,"Aspectos positivos: muy práctico, interesante tareasÁreas de desarrollo: 4 estrellas porque a veces quiero más información concisa y menos información no muy importante en las lecciones. Lo siento, por una cuestión de tiempo. En general, un buen curso . Lo recomendaría.",positive,de_xuat
2814,"Aspectos positivos: muy práctico, interesante tareasÁreas de desarrollo: 4 estrellas porque a veces quiero más información concisa y menos información no muy importante en las lecciones. Lo siento, por una cuestión de tiempo. En general, un buen curso . Lo recomendaría.",positive,de_xuat
2815,El profesor es realmente entretenido y es genial enseñando.,positive,ky_nang_giang_day
2815,El profesor es realmente entretenido y es genial enseñando.,positive,ky_nang_giang_day
2816,Le ayuda a comprender el proceso de pensamiento que implica la fijación de precios.,positive,chuong_trinh_hoc
2817,Me pareció decepcionante el nivel de interacción en el grupo que se estaba formando foro y perdí el interés inmediatamente debido a que me preocupaba que el nivel de interacción solo continuara disminuyendo a medida que avanzaba el curso.,negative,noi_chung
2818,Muy informativo curso.,positive,chuong_trinh_hoc
2819,"Al ser tan detallado e informativo, gran parte del material es bastante desafiante.",negative,cung_cap_tai_lieu
2820,Es sorprendente lo simple y emocionante que es al mismo tiempo.,positive,noi_chung
2821,Todo es perfecto en este curso.,positive,noi_chung
2822,"Gracias a profesores, les deseo todo lo mejor.",positive,ky_nang_giang_day
2823,"Los videos están bien hechos, salvo algunos pequeños problemas de fecha (como versiones de software), pero eso es comprensible.",positive,ky_nang_giang_day
2823,"Los videos están bien hechos, salvo algunos pequeños problemas de fecha (como versiones de software), pero eso es comprensible.",positive,chuong_trinh_hoc
2824,Los ejemplos aclararon las cosas y los ejercicios de tarea realmente consolidaron los puntos de aprendizaje.,positive,cung_cap_tai_lieu
2824,Los ejemplos aclararon las cosas y los ejercicios de tarea realmente consolidaron los puntos de aprendizaje.,positive,bai_tap
2825,"Creo que cubren los hechos más esenciales que uno necesita saber sobre la UE), y las tareas calificadas por pares abordan algunos temas que invitan a la reflexión y estimulan el pensamiento crítico de los estudiantes.",positive,bai_tap
3760,Pun grešaka.,negative,noi_chung
3761,Dva palca gore! !,positive,noi_chung
3763,Test su cool .,positive,bai_tap
3766,slajdovi bili su jasni.,positive,ky_nang_giang_day
3769,Stvarno divno.,positive,noi_chung
3772,Menarik tentu saja!,positive,noi_chung
3858,Eu recomendo fortemente este curso.,positive,de_xuat
3859,Obrigado por fornecer este curso!,positive,noi_chung
3899,Bom curso para iniciantes como eu.,positive,noi_chung
3909,Cinco estrelas fáceis.,positive,noi_chung
3934,Obrigado Prof. Dan!,positive,ky_nang_giang_day
3951,Excelente curso.,positive,noi_chung
3959,Cheio de erros.,negative,noi_chung
3968,Fascinante curso!,positive,noi_chung
4024,Que ótimo professor!,positive,ky_nang_giang_day
4033,Um excelente curso.,positive,noi_chung
4036,Obrigado Sr. George Siedel!,positive,ky_nang_giang_day
4040,Excelente !,positive,noi_chung
4091,Ótimo Professor.,positive,ky_nang_giang_day
4148,"Uma salva de palmas para George Siedel, ""Negotiation Team"" e Coursera!",positive,ky_nang_giang_day
4184,Curso fantástico mentor / TA.,positive,ky_nang_giang_day
4190,Excelente curso!,positive,noi_chung
4206,Obrigado .,positive,noi_chung
4211,Recomendo!,positive,de_xuat
4212,Excelente !,positive,noi_chung
4220,Excelente curso!,positive,noi_chung
4245,Ótimo curso!,positive,noi_chung
4255,Excelente entrada prato.,positive,chuong_trinh_hoc
4293,Eu daria 4/5 quando tudo estiver resolvido.,neutral,noi_chung
4304,Ótimo curso antes de tudo.,positive,noi_chung
4346,Excelente curso ! ! !,positive,noi_chung
4356,Eu recomendaria especialmente para iniciantes.,positive,de_xuat
4361,Ótimo Curso! .,positive,noi_chung
4399,Excelente professor.,positive,ky_nang_giang_day
4414,Excelente curso!,positive,noi_chung
4430,"Fácil de entender, lembrar e praticar.",positive,ky_nang_giang_day
4439,Excelente .,positive,noi_chung
4448,Fantástico professor.,positive,ky_nang_giang_day
4484,Excelente curso.,positive,noi_chung
4545,Excelente ensino.,positive,ky_nang_giang_day
4591,Ótimo curso!,positive,noi_chung
4619,"Obrigada, Colleen!",positive,ky_nang_giang_day
4673,Ótimo curso.,positive,noi_chung
4684,Obrigado por este ótimo curso.,positive,noi_chung
4712,Obrigado Andrew!,positive,ky_nang_giang_day
4722,Excelente .,positive,noi_chung
4743,Dva palce hore! !,positive,noi_chung
4756,Tack Mr . George Siedel !,positive,ky_nang_giang_day
4757,Annars en bra klass.,positive,noi_chung
4768,Darasa kubwa.,positive,noi_chung
4770,Asante Prof Chuck na CTA's.,positive,ky_nang_giang_day
4771,Asante sana kwa hili Kozi .,positive,noi_chung
4773,"Asante , Profesa Randy, Chuo Kikuu cha Northwester na Coursera.",positive,ky_nang_giang_day
4775,Siyo sana kujifunza.,neutral,noi_chung
4781,Nimejifunza mengi sana!,positive,noi_chung
4782,Imejaa makosa.,negative,noi_chung
4785,Ni mkuu sana profesa !,positive,ky_nang_giang_day
4786,Asante Bw. George Siedel !,positive,ky_nang_giang_day
4790,Na hiyo inakera sana.,negative,noi_chung
4793,Asante.,positive,noi_chung
4800,Sio bure.,negative,noi_chung
4801,Hongera Profesa Odeh !,positive,ky_nang_giang_day
4802,Bora profesa .,positive,ky_nang_giang_day
4803,Ajabu profesa .,positive,ky_nang_giang_day
4805,Mifano kubwa.,positive,chuong_trinh_hoc
4807,Inasaidia sana.,positive,noi_chung
4809,Yaliyomo ni nzuri.,positive,cung_cap_tai_lieu
4812,Asante sana Barbara OAKLEY na walimu wengine.,positive,ky_nang_giang_day
4816,Tempo iyi.,positive,chuong_trinh_hoc
4817,Harika bir ders mentor / TA.,positive,ky_nang_giang_day
6794,"Great Hotel , no Monkey Bar",negative,thiet_bi_day_hoc
6863,"La cama era muy cómoda, la habitación era tranquila y tenía todas las comodidades necesarias, incluido acceso gratuito a Internet de alta velocidad.",positive,thiet_bi_day_hoc
6864,"presión. las toallas eran muy gruesas y suaves. no piscina. lo único malo de este hotel es que está conectado al complejo de oficinas plaza de las américas, que está cerrado los fines de semana, por lo que todas las tiendas no están abiertas. hay una pista de patinaje sobre hielo que está abierta para patinaje limitado. pague los $ 20 por el servicio de valet parking a menos que planee conducir a otras partes de dallas. el tren dart está a solo 2 cuadras de la puerta principal.",negative,thiet_bi_day_hoc
6865,"Se trata de un hotel de negocios hotel, con habitaciones habitaciones y baños habitaciones modernos, limpios y sofisticados área de recepción, muy profesionales personal y de buen tamaño.",positive,thiet_bi_day_hoc
6866,"Mi solicitud de periódico faltante fue respondida con ""llegará aquí"".",neutral,thiet_bi_day_hoc
6867,No probé el restaurante ni el desayuno.,positive,thiet_bi_day_hoc
6868,El ambiente es muy romántico y el servicio fue genial.,positive,thiet_bi_day_hoc
6869,"Un hotel excelente estancia, agradable spa, bueno comida, muy amable personal y bastante asequible.",positive,thiet_bi_day_hoc
6870,"Acceso por ascensor, recepción 24 horas.",positive,thiet_bi_day_hoc
6871,"Genial Hotel, no Monkey Bar",negative,thiet_bi_day_hoc
6872,"Es enorme, con muchas opciones de comida y entretenimiento, sospecho que la gente va allí de vacaciones y nunca sale del recinto.",positive,thiet_bi_day_hoc
6873,Los ejercicios instalaciones también son fantásticos.,positive,thiet_bi_day_hoc
6874,"El único defecto fue el restaurante Neptune, el desayuno fue genial, pero la cena fue terriblemente cara y no tan buena. En general, tenemos pocas quejas, si es que tenemos alguna, no podemos esperar a volver.",negative,thiet_bi_day_hoc
6876,"El lugar es limpio, elegante y si consigues una oferta habitaciones tiene una excelente relación calidad-precio.",positive,noi_chung
6877,"La habitación estaba limpia, el baño habitación era de un tamaño decente y había Internet wifi gratis, lo que siempre es una ventaja.",positive,thiet_bi_day_hoc
6878,pero había aire acondicionado en la habitación.,negative,noi_chung
6879,Piscina en la azotea lo suficientemente grande para un chapuzón refrescante si estás allí cuando hace suficiente calor y te sientes un poco como en una escena de una Mary Poppins española mirando los tejados desde la terraza de la piscina.,positive,thiet_bi_day_hoc
6880,"No utilicé mucho las instalaciones de ejercicio, pero parecían más que adecuadas.",positive,thiet_bi_day_hoc
6881,"Fue muy agradable sentarse junto a la gran chimenea, pedir una bebida y ver pasar los barcos.",positive,thiet_bi_day_hoc
6882,"Es cierto que algunas instalaciones podrían mejorar su mantenimiento (por ejemplo, la plomería), pero por el precio, volvería a Triton sin dudarlo.",neutral,thiet_bi_day_hoc
6883,"La casa de huéspedes es preciosa, de estilo español (paredes blancas y techo de tejas rojas) y con pequeños patios y espacios privados.",positive,thiet_bi_day_hoc
6884,"Utilizamos la zona del jardín, pero no la piscina aunque parecía muy tentadora, pero el clima no era realmente lo suficientemente cálido.",negative,thiet_bi_day_hoc
6885,"Estuve en Nueva York por negocios y este hotel me pareció ideal, el servicio era bueno y el área el bar era impresionante.",positive,noi_chung
6886,El lugar donde desayunas es precioso.,positive,thiet_bi_day_hoc
6887,"La playa es encantadora, la piscina tiene una temperatura perfecta y el bar en la piscina es genial.",positive,thiet_bi_day_hoc
6887,"La playa es encantadora, la piscina tiene una temperatura perfecta y el bar en la piscina es genial.",positive,thiet_bi_day_hoc
6887,"La playa es encantadora, la piscina tiene una temperatura perfecta y el bar en la piscina es genial.",positive,thiet_bi_day_hoc
6888,"Las habitaciones eran pequeñas pero adecuadas y la sala de desayuno era un poco apretada, pero por lo demás no hay quejas.",neutral,thiet_bi_day_hoc
6889,¡Era la falta de una piscina!,negative,thiet_bi_day_hoc
6890,"La piscina es inmensa y, como nadador, fui más que bienvenido.",positive,thiet_bi_day_hoc
6891,Valet parking buen servicio pero caro.,positive,thiet_bi_day_hoc
6891,Valet parking buen servicio pero caro.,negative,thiet_bi_day_hoc
6892,El hotel representa una buena relación calidad-precio para Nueva York y tiene un excelente centro de salud y piscina.,positive,thiet_bi_day_hoc
6893,"Desde la recepción acogedora, las galletas y manzanas en el vestíbulo, los muebles de lujo y el patio abierto más lindo con juegos de bistro, este hotel estrellas lo hace bien.",positive,thiet_bi_day_hoc
6894,"Estaba muy limpio, también las mucamas fueron muy serviciales, limpiando nuestra habitación cuando bajamos a desayunar. También tienen un gran salón de belleza en el hotel.",positive,thiet_bi_day_hoc
6895,"Bien decorada habitación  aunque pequeña, estaba bien equipada.",positive,noi_chung
6896,Para un hotel de 3 estrellas  las instalaciones son geniales y el personal fue muy amable y servicial.,positive,thiet_bi_day_hoc
6897,"El acceso a Internet es pago (unos 10 dólares estadounidenses) y es por cable, así que lleva tu propio enrutador inalámbrico (Apple fabrica uno de bolsillo fantástico). Hay una tienda de conveniencia abajo que cobra de más por todo, pero cuando lo necesitas, está allí.",negative,thiet_bi_day_hoc
6897,"El acceso a Internet es pago (unos 10 dólares estadounidenses) y es por cable, así que lleva tu propio enrutador inalámbrico (Apple fabrica uno de bolsillo fantástico). Hay una tienda de conveniencia abajo que cobra de más por todo, pero cuando lo necesitas, está allí.",negative,thiet_bi_day_hoc
6898,"Está lejos de las playas y sus instalaciones de piscina y salud son muy pequeñas, teniendo en cuenta que está en Florida.",negative,thiet_bi_day_hoc
6899,"La piscina de la azotea es realmente solo una piscina de inmersión, pero la azotea es encantadora para sentarse y tomar algunas bebidas relajantes. desayuno ¡Muy caro!",neutral,thiet_bi_day_hoc
6900,pero tenemos que pagar por valet parking el precio que pagamos,negative,thiet_bi_day_hoc
6901,El hotel se asemeja a una casa con elegancia y comodidades de  lujosas.,positive,thiet_bi_day_hoc
6902,Las instalaciones eran viejas y el moho era un problema definitivo para nosotros.,negative,thiet_bi_day_hoc
6903,El único inconveniente fueron los cargos exorbitantes incluso por llamadas locales cortas llamadas telefónicas y acceso a Internet.,negative,thiet_bi_day_hoc
6904,"no hay - la única comida que se sirve es el desayuno, que tienes que bajar a comer y solo hay un minibar con algo de agua, etc. en tu habitación -",positive,thiet_bi_day_hoc
6905,"Soy una persona muy quisquillosa y, siempre que puedo, me gusta alojarme en hoteles de 4 estrellas, pero no pude encontrar ningún defecto en este hotel, salvo que no había instalaciones para preparar té en la habitación.",negative,thiet_bi_day_hoc
6906,El spa también es uno de los mejores!,positive,thiet_bi_day_hoc
6907,"Las principales atracciones turísticas se encuentran en Mitte, pero se puede llegar fácilmente a ellas con el U-Bahn o con la línea S desde el cercano Zoo Bahnhoff.",positive,noi_chung
6908,"Sin embargo, el enorme balcón que teníamos y el moderno baño compensaron eso.",positive,thiet_bi_day_hoc
6909,>¡No hay acceso a Internet en habitaciones de hotel! !,negative,thiet_bi_day_hoc
6910,El hotel  estaba en una buena zona con buenos restaurantes a poca distancia y el tranvía justo al otro lado de la calle.,positive,noi_chung
6911,"Club lounge es agradable, aunque no hay ofertas calientes en desayuno, que aunque está bien para mi esposa, espera una oferta caliente en Grand Hyatt Grand Clubs (el mejor está en Hong Kong).",positive,thiet_bi_day_hoc
6912,"Si pasas el rato en el hotel (bar 1), ¡seguro que te cruzas con alguna celebridad durante la semana que se toma un descanso del rodaje!",positive,thiet_bi_day_hoc
6913,"Olor a humedad en algunos pasillos, baños solo con ducha, pequeños ascensores, malolientes gimnasio",negative,thiet_bi_day_hoc
6913,"Olor a humedad en algunos pasillos, baños solo con ducha, pequeños ascensores, malolientes gimnasio",negative,thiet_bi_day_hoc
6914,"* Instalaciones - habitaciones estaban limpias y cómodas, acceso wi-fi gratuito (traiga su computadora portátil para navegar en su habitación), bar del hotel abierto por la tarde y por la noche en la planta baja, agradable desayuno por las mañanas (panes, cereales, fruta, carnes), mini-nevera en la habitación, habitaciones tienen A/CContras:",positive,thiet_bi_day_hoc
6915,Quiero agregar que el Hilton tiene el mejor club de salud que he encontrado en mis viajes de negocios.,positive,thiet_bi_day_hoc
6916,"Nos alojamos en el piso Royal y fue perfecto: todas las comodidades que puedas desear, incluido un salón siempre abierto con cava (¡champán!), agua, té y chocolates.",positive,thiet_bi_day_hoc
6917,"No se puede criticar al personal ni al servicio del Regent, pero nos decepcionó escuchar a nuestra llegada que la piscina estaba cerrada por reformas.",negative,thiet_bi_day_hoc
6918,"Pruebe el restaurante giratorio 'The View' en el Marriott Marquis, Times Square, ¡vistas fabulosas y la comida también buena!",positive,thiet_bi_day_hoc
6919,"Aunque el bañohabitación en mi habitación parecía un poco anticuado en comparación con otros en el hotel, toda la habitación estaba muy limpia y era cómoda y ofrecía una excelente relación calidad-precio.",positive,noi_chung
6920,"Tenga en cuenta que aparcar su coche le costará $30, incluso si lo estaciona usted mismo.",negative,thiet_bi_day_hoc
6921,"Realmente disfruté la ubicación, el hotel es genial (agradable vestíbulo, elegante habitaciones, bueno servicio de conserjería, etc.).",positive,thiet_bi_day_hoc
6922,"Tenía una pequeña zona para sentarse, con dos sillas y una mesa, pero las camas eran muy duras (hay que agacharse con cuidado para no romperse alguna parte del cuerpo).",positive,thiet_bi_day_hoc
6923,El Paris hotel en Florencia es mucho más que un hotel bonito y particular. Reservamos el Paris Hotel en Florencia a través de nuestra Agencia de Viajes que nos lo sugirió como un hotel muy bonito y particular: el Paris hotel es mucho más que un hotel bonito y particular. La sala de desayunos es única con sus frescos del siglo XVI y la atmósfera que impregna cada rincón del hotel.,positive,thiet_bi_day_hoc
6924,Tener nuestra propia piscina fue fabuloso.,positive,thiet_bi_day_hoc
6925,"La ubicación, las habitaciones, la sala de estar al aire libre en la azotea fueron perfectas para una estadía relajante y memorable en Florencia.",positive,thiet_bi_day_hoc
6926,"Aún así, valió la pena el viaje al restaurante sólo para tomar fotos.",neutral,thiet_bi_day_hoc
6927,"Somos huéspedes del hotel, ¡el estacionamiento debería ser gratuito!",neutral,thiet_bi_day_hoc
6928,"Excelente hotel en el medio de la nada Me alojé aquí durante un fin de semana largo y me impresionaron mucho las  habitaciones, modernas, divertidas y de gran tamaño habitaciones, aunque tiene un pequeño centro de conferencias.",positive,thiet_bi_day_hoc
6929,"El mejor hotel en el que nos hemos alojado Este hotel es absolutamente magnífico: ubicación perfecta (a 10 minutos a pie de la calle comercial principal y a 15-20 minutos a pie de la Ciudad Prohibida/Plaza de Tian'anmen); personal muy eficiente, servicial y amable  que habla bien inglés; y las habitaciones / instalaciones de ocio son excelentes.",positive,thiet_bi_day_hoc
6930,"La piscina no vale la pena tenerla en cuenta a la hora de elegir hotel, ya que es pequeña, pero hay una bonita terraza en la azotea.",negative,thiet_bi_day_hoc
6930,"La piscina no vale la pena tenerla en cuenta a la hora de elegir hotel, ya que es pequeña, pero hay una bonita terraza en la azotea.",positive,thiet_bi_day_hoc
6931,No olvides visitar el Casino ¡Te encantará!,positive,thiet_bi_day_hoc
6932,El único inconveniente para mí fue que lo usamos como base y no pudimos apreciar las instalaciones.,negative,thiet_bi_day_hoc
6933,Las instalaciones son muy buenas para un 2,positive,thiet_bi_day_hoc
6934,La piscina del sótano era perfecta para relajarse antes de las cenas tardías en la ciudad.,positive,thiet_bi_day_hoc
6936,"sitio web . La cama  es terriblemente cómoda, tienes un bar de cortesía, lleno de refrescos y algunos bocadillos, los artículos de tocador son de Lanvin.",positive,thiet_bi_day_hoc
6937,La ventaja principal fue la piscina . . .,positive,thiet_bi_day_hoc
6938,"Excelente instalaciones, pero esté atento a las tarifas reducidas. Star City tiene comodidad las 24 horas, los 7 días de la semana gracias al casino contiguo, pero las habitaciones en sí están un poco cansadas.",positive,thiet_bi_day_hoc
6938,"Excelente instalaciones, pero esté atento a las tarifas reducidas. Star City tiene comodidad las 24 horas, los 7 días de la semana gracias al casino contiguo, pero las habitaciones en sí están un poco cansadas.",neutral,thiet_bi_day_hoc
6939,"Excelentes vistas del puerto/ciudad, excelente servicio, excelente hotel, excelente habitación, excelente comida, excelente bar, excelente instalaciones, excelente ubicación, limpio, cómodo, moderno y el personal siempre fue tan servicial como pudo.",positive,thiet_bi_day_hoc
8300,Great Lecture!! Helped me a lot.,positive,chuong_trinh_hoc
8751,"Este curso  es excelente, muy necesario en el mundo moderno.",positive,chuong_trinh_hoc
8752,"Después de ver el video 3blue1brown sobre dualidad, solo veo xT*A*x como el resultado de aplicar una transformación lineal a un vector x y luego proyectar ese nuevo vector nuevamente sobre x; si los vectores todavía apuntan ""en la misma dirección"", es decir, la proyección es positiva, entonces A es definida positiva.",neutral,chuong_trinh_hoc
8753,"@[USERNAME]¡Gracias, hombre! Esa fue una muy buena explicación :)",positive,chuong_trinh_hoc
8754,¡Este chico es increíble! Disfruto mucho las conferencias.,positive,ky_nang_giang_day
8754,¡Este chico es increíble! Disfruto mucho las conferencias.,positive,chuong_trinh_hoc
8755,"Dios mío, deja de mover la cámara :<",negative,thiet_bi_day_hoc
8756,"Einstein no pudo hacerlo, pero... Gilbert ¡puede!",positive,ky_nang_giang_day
8756,"Einstein no pudo hacerlo, pero... Gilbert ¡puede!",negative,ky_nang_giang_day
8757,"Hice un curso intensivo de Álgebra lineal en el que solo se calculaban estos. Conocía todos los pasos, pero ¿realmente lo sabía? Ahora sí lo sé... Gracias Gilbert Strang. Me esfuerzo por hacer TODOS los cursos que tienes disponibles en Internet. En qué mundo tan extraordinario vivimos hoy en día...",positive,ky_nang_giang_day
8757,"Hice un curso intensivo de Álgebra lineal en el que solo se calculaban estos. Conocía todos los pasos, pero ¿realmente lo sabía? Ahora sí lo sé... Gracias Gilbert Strang. Me esfuerzo por hacer TODOS los cursos que tienes disponibles en Internet. En qué mundo tan extraordinario vivimos hoy en día...",positive,chuong_trinh_hoc
8758,¡Tanto amor y respeto por Prof. Strang! ¡Muchas gracias!,positive,ky_nang_giang_day
8759,"No, gracias. Estoy bien con Cálculo",positive,kien_thuc
8760,"19:16, ¿por qué todas las (matrices 1:5x5) están en un (espacio vectorial de dimensión 2:25)?",neutral,kien_thuc
8760,"19:16, ¿por qué todas las (matrices 1:5x5) están en un (espacio vectorial de dimensión 2:25)?",neutral,kien_thuc
8761,Es divertido... Mantiene la conferencia interesante.,positive,ky_nang_giang_day
8761,Es divertido... Mantiene la conferencia interesante.,positive,chuong_trinh_hoc
8762,"4:28 Dios, ¿es falso? ¿No debería ser x = 1 e y = 2? Y está bien, pero x = -1 no parece correcto.",neutral,kien_thuc
8762,"4:28 Dios, ¿es falso? ¿No debería ser x = 1 e y = 2? Y está bien, pero x = -1 no parece correcto.",neutral,kien_thuc
8762,"4:28 Dios, ¿es falso? ¿No debería ser x = 1 e y = 2? Y está bien, pero x = -1 no parece correcto.",neutral,kien_thuc
8762,"4:28 Dios, ¿es falso? ¿No debería ser x = 1 e y = 2? Y está bien, pero x = -1 no parece correcto.",neutral,kien_thuc
8763,"Este chico es un profesor increíble. Aprendí Álgebra Lineal con él, a pesar de estar en la universidad. Con cariño desde Brasil <3",positive,ky_nang_giang_day
8764,Enseñar es solo un sueldo para este tipo.,negative,chuong_trinh_hoc
8764,Enseñar es solo un sueldo para este tipo.,negative,ky_nang_giang_day
8765,¿Por qué dice que su definición es ambigua? ¿De qué manera definir una función como un subconjunto de AxB hace que la definición sea menos ambigua?,neutral,kien_thuc
8766,"Por supuesto, será fácil para un estudiante de secundaria entender esto. Es la tercera lección... La gente en esa clase solo tiene conocimientos de matemáticas de secundaria.",positive,chuong_trinh_hoc
8766,"Por supuesto, será fácil para un estudiante de secundaria entender esto. Es la tercera lección... La gente en esa clase solo tiene conocimientos de matemáticas de secundaria.",positive,noi_chung
8767,¿Cómo puede comparar suma de áreas con volumen? Es mejor si usamos n*(n+1*(2n+1)/6) para representar suma de n^2 términos y lo comparamos con otros dos términos.,neutral,kien_thuc
8767,¿Cómo puede comparar suma de áreas con volumen? Es mejor si usamos n*(n+1*(2n+1)/6) para representar suma de n^2 términos y lo comparamos con otros dos términos.,neutral,kien_thuc
8767,¿Cómo puede comparar suma de áreas con volumen? Es mejor si usamos n*(n+1*(2n+1)/6) para representar suma de n^2 términos y lo comparamos con otros dos términos.,neutral,kien_thuc
8768,"Esta conferencia cubre la mayor parte de mi módulo de matemáticas e ingeniería de control. Chicos, son unos genios.",positive,chuong_trinh_hoc
8768,"Esta conferencia cubre la mayor parte de mi módulo de matemáticas e ingeniería de control. Chicos, son unos genios.",positive,ky_nang_giang_day
8769,Este chico es muy genial,positive,ky_nang_giang_day
8770,Soy estudiante de ingeniería en una universidad de dos años cuyo nombre no mencionaré. Puedo seguir esta conferencia del MIT de un hombre mucho mejor que cualquier otro profesor de matemáticas que haya tenido en la universidad... Imagínese.,positive,chuong_trinh_hoc
8770,Soy estudiante de ingeniería en una universidad de dos años cuyo nombre no mencionaré. Puedo seguir esta conferencia del MIT de un hombre mucho mejor que cualquier otro profesor de matemáticas que haya tenido en la universidad... Imagínese.,negative,ky_nang_giang_day
8771,"Para los curiosos, la ley de los cosenos también se llama “ley de Al-Kashi” (en Francia y en el mundo árabe y persa). Al Kashi era un matemático persa (los invito a que consulten su página de Wikipedia). ¡Genial! conferencia Me sorprendió sinceramente que lo que a los estudiantes sirios les enseñan en el 11.º grado, los estadounidenses lo aprenden en la universidad. Para los de otros países, ¿cuándo aprendieron el producto escalar? Solo tengo curiosidad.",positive,chuong_trinh_hoc
8772,"11:41""Las filas de C son combinaciones de filas de B.""Pero esto sólo funciona para matrices cuadradas, ¿no?",neutral,kien_thuc
8773,"Este (video 1) se detiene repetidamente alrededor de las 20:00. Esperaba poder ver la revisión que estaba por comenzar aquí y luego volver a los problemas del libro de texto, además, parece que no puedo ver la lección 8 en mi navegador; ese es otro problema.",positive,chuong_trinh_hoc
8774,"El problema es que Cálculo parece difícil cuando lo haces por primera vez, pero luego, cuando avanzas y tomas clases de nivel superior, te das cuenta de que Cálculo es solo la introducción a las matemáticas de nivel superior. Mi asignatura de matemáticas favorita siempre ha sido Ecuaciones diferenciales.",neutral,kien_thuc
8774,"El problema es que Cálculo parece difícil cuando lo haces por primera vez, pero luego, cuando avanzas y tomas clases de nivel superior, te das cuenta de que Cálculo es solo la introducción a las matemáticas de nivel superior. Mi asignatura de matemáticas favorita siempre ha sido Ecuaciones diferenciales.",positive,kien_thuc
8775,Creo que es mejor ver primero el increíble video TA Linan Chen y luego regresar y ver esta conferencia.,positive,ky_nang_giang_day
8775,Creo que es mejor ver primero el increíble video TA Linan Chen y luego regresar y ver esta conferencia.,positive,chuong_trinh_hoc
8776,Heyyy deja de mover la cámara,negative,thiet_bi_day_hoc
8777,5:14 ¿cuántas filas debe recorrer un hombre?,neutral,kien_thuc
8778,Estimados chicos: ¿algún libro que me recomienden para acompañar este excelente curso ? Gracias,positive,de_xuat
8779,"Su enseñanza es rigurosa, precisa, estricta y concisa, al punto, me ayuda a aclarar la comprensión confusa en estadística.",positive,chuong_trinh_hoc
8780,¿Qué libro está leyendo Gilbert? ¿Alguien puede decirme el nombre? Soy de la India y estoy a punto de hacer mi maestría y necesito este (curso 1),neutral,chuong_trinh_hoc
8781,Este tipo es el Sr. Rogers de álgebra lineal.,positive,ky_nang_giang_day
8781,Este tipo es el Sr. Rogers de álgebra lineal.,positive,kien_thuc
8781,Este tipo es el Sr. Rogers de álgebra lineal.,positive,noi_chung
8782,La diferencia  entre los departamentos de Ingeniería Eléctrica y Matemáticas es que Ingeniería Eléctrica comienza a contar en 0 y Matemáticas en 1... parafraseado en 18:10. Eso me hizo reír.,neutral,kien_thuc
8783,¡Muy útil para futuros estudiantes! ¡Excelente trabajo! ¡Gracias!,positive,chuong_trinh_hoc
8783,¡Muy útil para futuros estudiantes! ¡Excelente trabajo! ¡Gracias!,positive,ky_nang_giang_day
8784,"Finalmente, todo en las últimas dos conferencias está tomando forma. ¡Por fin lo estoy entendiendo!",positive,chuong_trinh_hoc
8785,Jaja. El 'R' en la ecuación del gas ideal no es 'radio'.,neutral,kien_thuc
8786,"Hermoso conferencia, simplemente hermoso. El profesor Strang está dibujando la belleza de Álgebra lineal en una pizarra.",positive,chuong_trinh_hoc
8786,"Hermoso conferencia, simplemente hermoso. El profesor Strang está dibujando la belleza de Álgebra lineal en una pizarra.",positive,ky_nang_giang_day
8786,"Hermoso conferencia, simplemente hermoso. El profesor Strang está dibujando la belleza de Álgebra lineal en una pizarra.",positive,thiet_bi_day_hoc
8786,"Hermoso conferencia, simplemente hermoso. El profesor Strang está dibujando la belleza de Álgebra lineal en una pizarra.",neutral,kien_thuc
8787,"Esas primeras palabras ""la última clase en álgebra lineal en MIT este otoño"" ya te hacen sentir nostalgia :'(",neutral,chuong_trinh_hoc
8787,"Esas primeras palabras ""la última clase en álgebra lineal en MIT este otoño"" ya te hacen sentir nostalgia :'(",neutral,kien_thuc
8787,"Esas primeras palabras ""la última clase en álgebra lineal en MIT este otoño"" ya te hacen sentir nostalgia :'(",neutral,noi_chung
8788,"Veo todas las conferencias a 1,25x pero este tipo no. Él es rápido.",neutral,chuong_trinh_hoc
8788,"Veo todas las conferencias a 1,25x pero este tipo no. Él es rápido.",neutral,ky_nang_giang_day
8789,"Este chico es increíble... Cuando profesores enseñaron esto en mi universidad, todo me salió increíble...",positive,ky_nang_giang_day
8789,"Este chico es increíble... Cuando profesores enseñaron esto en mi universidad, todo me salió increíble...",positive,ky_nang_giang_day
8790,Mejor explicación para la familia exponencial,positive,kien_thuc
8791,No existen soluciones no triviales para matriz nxn si sus columnas son linealmente independientes,neutral,kien_thuc
8791,No existen soluciones no triviales para matriz nxn si sus columnas son linealmente independientes,neutral,kien_thuc
8791,No existen soluciones no triviales para matriz nxn si sus columnas son linealmente independientes,neutral,kien_thuc
8792,"Gracias por ti videos y notas de la conferencia. Desearía poder donar, pero tal vez si tengo éxito en esto y gane un mejor salario por la Gracia de Allah.",positive,chuong_trinh_hoc
8792,"Gracias por ti videos y notas de la conferencia. Desearía poder donar, pero tal vez si tengo éxito en esto y gane un mejor salario por la Gracia de Allah.",positive,thiet_bi_day_hoc
8793,Le pido a nuestro Señor que lo proteja a usted y a toda su familia. Y gracias al MIT Open Courseware por todo.,positive,chuong_trinh_hoc
8794,"Me sorprende que Prof. Gilbert pudiera terminar esta conferencia sin ninguna sorpresa, lo que demuestra lo profesional que es.",positive,ky_nang_giang_day
8794,"Me sorprende que Prof. Gilbert pudiera terminar esta conferencia sin ninguna sorpresa, lo que demuestra lo profesional que es.",positive,chuong_trinh_hoc
8795,¿Cómo se elige un número aleatorio para x? como x=0. ¿Cómo es posible? ¿Qué me estoy perdiendo?,negative,kien_thuc
8795,¿Cómo se elige un número aleatorio para x? como x=0. ¿Cómo es posible? ¿Qué me estoy perdiendo?,negative,kien_thuc
8796,¡Gracias por tus lecciones!,positive,ky_nang_giang_day
8796,¡Gracias por tus lecciones!,positive,chuong_trinh_hoc
8797,¡Este es un video increíble! Aquí está mi tutorial sobre Descenso de gradiente estocástico con una explicación del código (en Python). Espero que también pueda ser de ayuda. https://youtu.be/uXuBUkW_0tA,positive,chuong_trinh_hoc
8797,¡Este es un video increíble! Aquí está mi tutorial sobre Descenso de gradiente estocástico con una explicación del código (en Python). Espero que también pueda ser de ayuda. https://youtu.be/uXuBUkW_0tA,neutral,kien_thuc
8798,"¿Por qué das como ejemplo altura, en min 40, si sabemos que es una variable continua y hablamos de variables discretas? Por favor, corrige mis ideas si no entiendo algo.",neutral,kien_thuc
8799,"Excelente conferencia, gran explicación visual y conceptual explicaciones, ¡muy apreciado!",positive,chuong_trinh_hoc
8799,"Excelente conferencia, gran explicación visual y conceptual explicaciones, ¡muy apreciado!",positive,kien_thuc
8800,"Después de tres o más años de estudiar álgebra lineal, finalmente entendí el significado fundamental de la SVD... realmente me llevó un largo camino llegar aquí... Gracias Dr. Strang.",positive,ky_nang_giang_day
8800,"Después de tres o más años de estudiar álgebra lineal, finalmente entendí el significado fundamental de la SVD... realmente me llevó un largo camino llegar aquí... Gracias Dr. Strang.",neutral,kien_thuc
8800,"Después de tres o más años de estudiar álgebra lineal, finalmente entendí el significado fundamental de la SVD... realmente me llevó un largo camino llegar aquí... Gracias Dr. Strang.",neutral,kien_thuc
8801,"Genial, supongo que al menos has echado un vistazo a los cursos de matemáticas que ofrece el MIT. Este es un curso que quizás tengas que hacer o no, según tus circunstancias personales y tu campo de interés. Este material y 18.03 Ecuaciones diferenciales son suficientes para gran parte de la física, por lo que realmente no importa cuándo lo hagas, siempre y cuando termines aprendiéndolo.",neutral,chuong_trinh_hoc
8802,¿Alguien me puede explicar cómo escribió el inversos a las 21:42?,neutral,kien_thuc
8803,Física libre vista previa ¡Mi favorita!,positive,chuong_trinh_hoc
8804,Magnífico claridad. Profesor de Matemáticas de renombre mundial . Ver cómo actúa en el escenario uno debe inspirar. Adorno tus talones.,positive,thiet_bi_day_hoc
8804,Magnífico claridad. Profesor de Matemáticas de renombre mundial . Ver cómo actúa en el escenario uno debe inspirar. Adorno tus talones.,positive,ky_nang_giang_day
8805,"Dios mío... esto es simplemente increíble, gracias MIT, gracias profesor Strang",positive,ky_nang_giang_day
8806,La forma en que conecta el flujo de ideas..........,positive,ky_nang_giang_day
8807,"Jaja, les dio a esos niños la mirada de ""los odio y estoy a punto de matarlos... oh, mierda, me están filmando"".",neutral,ky_nang_giang_day
8808,"Jaja, estoy aquí porque mi profesor de Calc3  en Purdue dio las peores dos clases de revisión de cursos de la HISTORIA. Voy a crear una cuenta en RateMyProfesor solo para hablar de él.",negative,ky_nang_giang_day
8809,"42:34 ¿Alguien puede explicar la pregunta de probabilidad nuevamente, por favor?",neutral,kien_thuc
8810,"¡Ay, Dios mío! Entendí (algo de) lo que estaba diciendo. ¡Felicitaciones al profesor!",positive,ky_nang_giang_day
8811,Veo 3 conferencias de él cada semana. Es increíble.,positive,chuong_trinh_hoc
8812,¡Realmente puedo entender esto! ¡Guau!,positive,chuong_trinh_hoc
8813,Bueno conferencias pero este tipo es un poco idiota.,positive,chuong_trinh_hoc
8813,Bueno conferencias pero este tipo es un poco idiota.,negative,ky_nang_giang_day
8814,"Un agradecimiento de mi parte también. Disfruté mucho de esta (serie 1) y aprendí mucho (álgebra lineal 2), que ahora es mi rama favorita de las matemáticas.",positive,thiet_bi_day_hoc
8814,"Un agradecimiento de mi parte también. Disfruté mucho de esta (serie 1) y aprendí mucho (álgebra lineal 2), que ahora es mi rama favorita de las matemáticas.",positive,chuong_trinh_hoc
8815,"Las matemáticas no se limitan a fórmulas y álgebra, sino que se basan en conocimientos y procesos de pensamiento, y eso las hace maravillosas. Gracias Prof. Gilbert Strang por las maravillosas conferencias",positive,ky_nang_giang_day
8816,Pura belleza. Acabo de terminar este curso solo por el placer de haberlo explicado muy bien matemáticas. Muchas gracias prof. Auroux y MIT. Dios los bendiga.,positive,chuong_trinh_hoc
8816,Pura belleza. Acabo de terminar este curso solo por el placer de haberlo explicado muy bien matemáticas. Muchas gracias prof. Auroux y MIT. Dios los bendiga.,positive,ky_nang_giang_day
8816,Pura belleza. Acabo de terminar este curso solo por el placer de haberlo explicado muy bien matemáticas. Muchas gracias prof. Auroux y MIT. Dios los bendiga.,positive,noi_chung
8816,Pura belleza. Acabo de terminar este curso solo por el placer de haberlo explicado muy bien matemáticas. Muchas gracias prof. Auroux y MIT. Dios los bendiga.,positive,kien_thuc
8817,"magnitud del producto vectorial es área. Pero, ¿cómo encuentro la magnitud de un vector que tiene tres componentes i, j, k?",neutral,kien_thuc
8817,"magnitud del producto vectorial es área. Pero, ¿cómo encuentro la magnitud de un vector que tiene tres componentes i, j, k?",neutral,kien_thuc
8817,"magnitud del producto vectorial es área. Pero, ¿cómo encuentro la magnitud de un vector que tiene tres componentes i, j, k?",neutral,kien_thuc
8817,"magnitud del producto vectorial es área. Pero, ¿cómo encuentro la magnitud de un vector que tiene tres componentes i, j, k?",neutral,kien_thuc
8818,"18:09 ¿Por qué el r rango de r va de r de 0 a 1? Creo que la definición de S en este prproblema necesita una clasificación de further. S debería ser un paraboloide de z = x^2 + y^2 entre z=0 y z=1. Es un poco confuso decir simplemente ""por encima del disco unitario"".",negative,kien_thuc
8818,"18:09 ¿Por qué el r rango de r va de r de 0 a 1? Creo que la definición de S en este prproblema necesita una clasificación de further. S debería ser un paraboloide de z = x^2 + y^2 entre z=0 y z=1. Es un poco confuso decir simplemente ""por encima del disco unitario"".",negative,kien_thuc
8819,"Álgebra lineal ¿Inútil? Tonto, la computadora en la que estás escribiendo este comentario no existiría sin ella... ¡Diablos!, nada en el mundo moderno funciona sin que se utilice el álgebra lineal en segundo plano. Aprende algo antes de compartir tu falta de conocimiento.",positive,kien_thuc
8820,Esta fue una clase mucho más fácil que las anteriores. Gracias a Dios por el descanso.,positive,chuong_trinh_hoc
8821,"La belleza del cálculo es que la maquinaria en sí no es complicada, hay herramientas limitadas, pero el alcance y la aplicación han sido tan amplios como la imaginación de la humanidad. Solo hay que desarrollar la intuición y todo es fácil entonces, bueno conferencias de OCW, como siempre",positive,chuong_trinh_hoc
8822,¡Es genial! ¡Gracias profesor!,positive,ky_nang_giang_day
8822,¡Es genial! ¡Gracias profesor!,positive,chuong_trinh_hoc
8823,Muchas gracias Dr. Strang por hacer que esto sea intuitivo y natural. Solo había leído SVD en fragmentos y nunca había tenido lo que podría considerar una comprensión lo suficientemente buena hasta que vi esta conferencia.,positive,ky_nang_giang_day
8823,Muchas gracias Dr. Strang por hacer que esto sea intuitivo y natural. Solo había leído SVD en fragmentos y nunca había tenido lo que podría considerar una comprensión lo suficientemente buena hasta que vi esta conferencia.,positive,kien_thuc
8823,Muchas gracias Dr. Strang por hacer que esto sea intuitivo y natural. Solo había leído SVD en fragmentos y nunca había tenido lo que podría considerar una comprensión lo suficientemente buena hasta que vi esta conferencia.,positive,chuong_trinh_hoc
8824,"Siento que sé todo bien en conferencia, pero mientras me siento a hacer los ejercicios no puedo resolver la mayoría. ¿Vale la pena continuar?",positive,chuong_trinh_hoc
8824,"Siento que sé todo bien en conferencia, pero mientras me siento a hacer los ejercicios no puedo resolver la mayoría. ¿Vale la pena continuar?",negative,noi_chung
8824,"Siento que sé todo bien en conferencia, pero mientras me siento a hacer los ejercicios no puedo resolver la mayoría. ¿Vale la pena continuar?",negative,chuong_trinh_hoc
8825,"A partir de las 20:00 aproximadamente, el profesor no explicó claramente cómo cambió dx.dy a r.dr.d(theta). ¿Alguien podría ayudarme? Quiero decir, muéstrame paso a paso. Te lo agradecería muchísimo. [iminent=aqC6F9gUWfOB] Las actitudes nobles merecen reconocimiento.",neutral,ky_nang_giang_day
8825,"A partir de las 20:00 aproximadamente, el profesor no explicó claramente cómo cambió dx.dy a r.dr.d(theta). ¿Alguien podría ayudarme? Quiero decir, muéstrame paso a paso. Te lo agradecería muchísimo. [iminent=aqC6F9gUWfOB] Las actitudes nobles merecen reconocimiento.",neutral,kien_thuc
8825,"A partir de las 20:00 aproximadamente, el profesor no explicó claramente cómo cambió dx.dy a r.dr.d(theta). ¿Alguien podría ayudarme? Quiero decir, muéstrame paso a paso. Te lo agradecería muchísimo. [iminent=aqC6F9gUWfOB] Las actitudes nobles merecen reconocimiento.",neutral,kien_thuc
8826,Gracias a Profesor Strang y a todo equipo del MIT por proporcionar uno de los mejores contenidos de forma gratuita. Hoy he completado el viaje.,positive,ky_nang_giang_day
8826,Gracias a Profesor Strang y a todo equipo del MIT por proporcionar uno de los mejores contenidos de forma gratuita. Hoy he completado el viaje.,positive,noi_chung
8827,"Desde las 10:40 Profesor cambió la notación, ¿no? Creo que intercambia la notación de g(.) y b(.).",neutral,ky_nang_giang_day
8827,"Desde las 10:40 Profesor cambió la notación, ¿no? Creo que intercambia la notación de g(.) y b(.).",neutral,kien_thuc
8827,"Desde las 10:40 Profesor cambió la notación, ¿no? Creo que intercambia la notación de g(.) y b(.).",neutral,kien_thuc
8828,"Dios, ¡me encanta como enseñas!",positive,ky_nang_giang_day
8829,"Después de 10 años, todavía no puedo entender claramente por qué la dimensión del espacio nulo es n-r...",neutral,kien_thuc
8830,"¿Alguien me puede decir por qué a las 7:50 el segundo ∆x tiende a 1 y no a cero, por favor?",neutral,kien_thuc
8831,"¡Ojalá mi universidad tuviera esas pizarrones! No, es broma: ¡el MIT es genial! ¡Ojalá tuviera este profesor!",positive,ky_nang_giang_day
8831,"¡Ojalá mi universidad tuviera esas pizarrones! No, es broma: ¡el MIT es genial! ¡Ojalá tuviera este profesor!",positive,thiet_bi_day_hoc
8832,"Me alegro de ver estas conferencias. ¡Habría sido un honor recibir clases de este profesor! Muchas cosas tienen sentido hoy en día, cosas que no tenían sentido cuando fui a la universidad hace una década.",positive,chuong_trinh_hoc
8832,"Me alegro de ver estas conferencias. ¡Habría sido un honor recibir clases de este profesor! Muchas cosas tienen sentido hoy en día, cosas que no tenían sentido cuando fui a la universidad hace una década.",positive,ky_nang_giang_day
8833,Los niños vieron por primera vez cicloide y los estudiantes de JEE en INDIA lo recordaron después de resolver las preguntas de ROTACIÓN :),positive,thiet_bi_day_hoc
8834,"Profe: ""te diviertes con facilidad"" jajajajajaja @35:47",neutral,ky_nang_giang_day
8835,He aprobado suficientes exámenes de matemáticas y otras materias. Dejé la clase porque otros estudiantes y profesores están locos.,negative,noi_chung
8835,He aprobado suficientes exámenes de matemáticas y otras materias. Dejé la clase porque otros estudiantes y profesores están locos.,negative,ky_nang_giang_day
8836,Realmente disfruté esto conferencia... me ayudó a comprender la doble integración mediante la visualización perfecta... gracias profesor.,positive,chuong_trinh_hoc
8836,Realmente disfruté esto conferencia... me ayudó a comprender la doble integración mediante la visualización perfecta... gracias profesor.,positive,ky_nang_giang_day
8837,"¿Cuál es la pregunta en el minuto 30:51? Ah, y la palabra Paralelipípedo suena graciosa.",positive,kien_thuc
8838,"No tengo ninguna duda de que este hombre es un genio del álgebra lineal, pero no tengo idea de qué está hablando. Su manera) de hablar no es lineal.",negative,ky_nang_giang_day
8839,¿Hay una secuela? ¿Como Álgebra lineal 2?,neutral,kien_thuc
8840,Esta es la forma más correcta manera de aprender álgebra lineal. Establecer sentido directo pero no ser enterrado por miles de definición y prueba.,negative,kien_thuc
8840,Esta es la forma más correcta manera de aprender álgebra lineal. Establecer sentido directo pero no ser enterrado por miles de definición y prueba.,positive,chuong_trinh_hoc
8840,Esta es la forma más correcta manera de aprender álgebra lineal. Establecer sentido directo pero no ser enterrado por miles de definición y prueba.,positive,noi_chung
8841,"Maldita sea, esta es una gran conferencia... de alguna manera se conecta con el problema de mínimos cuadrados mediante la interpretación de álgebra lineal pura sin usar cálculo. Qué iluminación.",positive,chuong_trinh_hoc
8841,"Maldita sea, esta es una gran conferencia... de alguna manera se conecta con el problema de mínimos cuadrados mediante la interpretación de álgebra lineal pura sin usar cálculo. Qué iluminación.",positive,kien_thuc
8842,"Agradable conferencia, gracias señor Auroux",positive,chuong_trinh_hoc
8842,"Agradable conferencia, gracias señor Auroux",positive,ky_nang_giang_day
8843,"Jajaja, ¿por qué votar sobre la fórmula suma del seno?",positive,kien_thuc
8844,Resulta de gran ayuda tener una visión geométrica del tema. ¡Genial! conferencia,positive,chuong_trinh_hoc
8845,Nueve personas perdieron accidentalmente el botón me gusta por un par de centímetros,positive,chuong_trinh_hoc
8846,¿Qué pasa con los malditos imbéciles que llegan 14 minutos tarde y empiezan a mover muebles y a abrir y cerrar sus malditas mochilas? Ojalá Strang tuviera algo de Sadoway en él y echara a esos idiotas arrogantes.,negative,ky_nang_giang_day
8847,"Para cualquiera que esté confundido por qué u[t] = exp(At* u[0]) se muestra aquí, un video hecho por @3Blue1Brown realmente lo explica bien: Título: 'Cómo (y por qué) elevar e a la potencia de una matriz | DE6' Enlace: https://www.youtube.com/watch?v=O85OWBJ2ayo&list=PLZHQObOWTQDNPOjrT6KVlfJuKtYTftqH6&index=7&ab_channel=3Blue1Brown Espero que esto pueda ayudarte ~",positive,ky_nang_giang_day
8847,"Para cualquiera que esté confundido por qué u[t] = exp(At* u[0]) se muestra aquí, un video hecho por @3Blue1Brown realmente lo explica bien: Título: 'Cómo (y por qué) elevar e a la potencia de una matriz | DE6' Enlace: https://www.youtube.com/watch?v=O85OWBJ2ayo&list=PLZHQObOWTQDNPOjrT6KVlfJuKtYTftqH6&index=7&ab_channel=3Blue1Brown Espero que esto pueda ayudarte ~",neutral,kien_thuc
8848,"Si tuviera tatuajes, me haría un tatuaje con el nombre de Gilbert Strang :) Un tipo increíble, una conferencia increíble, un MIT increíble",positive,ky_nang_giang_day
8848,"Si tuviera tatuajes, me haría un tatuaje con el nombre de Gilbert Strang :) Un tipo increíble, una conferencia increíble, un MIT increíble",positive,chuong_trinh_hoc
8849,"Compré el libro Álgebra lineal y aprendizaje a partir de datos, que se utiliza como apuntes para la serie de cursos. Podría pedirlo prestado de la biblioteca de mi universidad de forma gratuita, pero realmente creo que es un libro que vale la pena conservar y quiero mostrar mi respeto a Dr. Strang por compartir su sabiduría desinteresadamente, gracias profesor.",positive,ky_nang_giang_day
8850,"Vaya, NULL es genial por poner esto en Youtube.",positive,chuong_trinh_hoc
8850,"Vaya, NULL es genial por poner esto en Youtube.",positive,noi_chung
8851,"Profesor: ""De hecho, tiendo a hablar más rápido, así que espero que todos entiendan"". Yo: toco al doble de velocidad.",neutral,ky_nang_giang_day
8852,"Esto demuestra que puedes ser una persona brillante pero un mal profesor. MIT o no, me quedaré con Khan Academy.",negative,chuong_trinh_hoc
8852,"Esto demuestra que puedes ser una persona brillante pero un mal profesor. MIT o no, me quedaré con Khan Academy.",negative,chuong_trinh_hoc
8853,Simplemente un profesor y curso fenomenal. Miré un par de conferencias para ayudar a una de mis hijas con su cálculo curso y terminé haciendo toda la clase porque era muy agradable. ¡DISFRUTANTE! Gran trabajo MIT. El esfuerzo que ponen en estos OCW curso es realmente apreciado.,positive,ky_nang_giang_day
8853,Simplemente un profesor y curso fenomenal. Miré un par de conferencias para ayudar a una de mis hijas con su cálculo curso y terminé haciendo toda la clase porque era muy agradable. ¡DISFRUTANTE! Gran trabajo MIT. El esfuerzo que ponen en estos OCW curso es realmente apreciado.,positive,chuong_trinh_hoc
8853,Simplemente un profesor y curso fenomenal. Miré un par de conferencias para ayudar a una de mis hijas con su cálculo curso y terminé haciendo toda la clase porque era muy agradable. ¡DISFRUTANTE! Gran trabajo MIT. El esfuerzo que ponen en estos OCW curso es realmente apreciado.,positive,chuong_trinh_hoc
8854,¡Excelentes clases! Ha sido una bendición poder tomar la clase del profesor Strang en línea.,positive,chuong_trinh_hoc
8854,¡Excelentes clases! Ha sido una bendición poder tomar la clase del profesor Strang en línea.,positive,ky_nang_giang_day
8855,¡Por favor publique el curso de introducción a la probabilidad! :D ¡Gracias por los videos por cierto!,positive,chuong_trinh_hoc
8856,37:13 ¿Alguien me puede decir por qué es así? (-1/pendiente de la tangente),neutral,kien_thuc
8857,Es cierto... la próxima generación será mucho más inteligente que nosotros... porque eventualmente cada carrera universidad estará haciendo OCW... y los estudiantes podrán escuchar a tantos profesores diferentes sobre el mismo tema.,neutral,noi_chung
8857,Es cierto... la próxima generación será mucho más inteligente que nosotros... porque eventualmente cada carrera universidad estará haciendo OCW... y los estudiantes podrán escuchar a tantos profesores diferentes sobre el mismo tema.,neutral,noi_chung
8857,Es cierto... la próxima generación será mucho más inteligente que nosotros... porque eventualmente cada carrera universidad estará haciendo OCW... y los estudiantes podrán escuchar a tantos profesores diferentes sobre el mismo tema.,neutral,ky_nang_giang_day
8858,"DR. Strang , esta es una conferencia increíble que demuestra el poder del álgebra numérica lineal. La teoría de control/ingeniería utiliza una enorme cantidad de álgebra lineal) para resolver problemas de tipo satélite. Los sistemas robóticos, que son parte de la ingeniería de control, también utilizan una gran dosis de álgebra lineal).",positive,chuong_trinh_hoc
8858,"DR. Strang , esta es una conferencia increíble que demuestra el poder del álgebra numérica lineal. La teoría de control/ingeniería utiliza una enorme cantidad de álgebra lineal) para resolver problemas de tipo satélite. Los sistemas robóticos, que son parte de la ingeniería de control, también utilizan una gran dosis de álgebra lineal).",positive,ky_nang_giang_day
8858,"DR. Strang , esta es una conferencia increíble que demuestra el poder del álgebra numérica lineal. La teoría de control/ingeniería utiliza una enorme cantidad de álgebra lineal) para resolver problemas de tipo satélite. Los sistemas robóticos, que son parte de la ingeniería de control, también utilizan una gran dosis de álgebra lineal).",positive,kien_thuc
8858,"DR. Strang , esta es una conferencia increíble que demuestra el poder del álgebra numérica lineal. La teoría de control/ingeniería utiliza una enorme cantidad de álgebra lineal) para resolver problemas de tipo satélite. Los sistemas robóticos, que son parte de la ingeniería de control, también utilizan una gran dosis de álgebra lineal).",positive,kien_thuc
8859,"Esa es la parte más fácil de calcmath debería poner a prueba tus habilidades de lógica/resolución de problemas, no tus habilidades de memorización.",neutral,kien_thuc
8860,"¡De hecho, sacudió mi mundo! ¡Escuchar su conferencia es una especie de placer!",positive,chuong_trinh_hoc
8861,Encuentro esta conferencia un poco caótica.,neutral,chuong_trinh_hoc
8862,Me encanta el estilo de este chico... No puedo encontrar vídeos en su sitio web...,positive,ky_nang_giang_day
8863,¿Cómo factorizaste esa ecuación de 19:53 diferencia?,neutral,kien_thuc
8864,Sr. Strang! Jajajaja que lindo en 43:10,positive,ky_nang_giang_day
8865,"@[USERNAME]Creo que estas estadísticas son ciertas, porque no creo que los estudiantes tengan que volver a ver por segunda vez las clases que ya han impartido en la universidad. Creo que estos videos son principalmente para quienes aprenden por su cuenta o para quienes quieren refrescar sus mentes. Yo tengo 25 años y no soy estudiante.",neutral,chuong_trinh_hoc
8866,"¿Quién demonios puede poner el botón de ""No me gusta"" en esto? Es gratis conferencia, te enfermas y ¡puedes encontrar lo que perdiste aquí! ¡Gracias MIT!",positive,chuong_trinh_hoc
8866,"¿Quién demonios puede poner el botón de ""No me gusta"" en esto? Es gratis conferencia, te enfermas y ¡puedes encontrar lo que perdiste aquí! ¡Gracias MIT!",positive,noi_chung
8867,"Estos cursos son increíbles, muchas gracias. MIT OCW",positive,chuong_trinh_hoc
8867,"Estos cursos son increíbles, muchas gracias. MIT OCW",positive,noi_chung
8868,"¿Y qué si lo olvidó? Mi profesor olvida muchas fórmulas, pero sigue siendo un experto en integración.",neutral,kien_thuc
8868,"¿Y qué si lo olvidó? Mi profesor olvida muchas fórmulas, pero sigue siendo un experto en integración.",positive,kien_thuc
8868,"¿Y qué si lo olvidó? Mi profesor olvida muchas fórmulas, pero sigue siendo un experto en integración.",positive,ky_nang_giang_day
8869,"¿Por qué dividió (x^10-1) y (x^2-1) por NULL? ¿Alguien podría explicarme eso, por favor? Se lo agradecería mucho. ¡Gracias! :D <3",neutral,ky_nang_giang_day
8869,"¿Por qué dividió (x^10-1) y (x^2-1) por NULL? ¿Alguien podría explicarme eso, por favor? Se lo agradecería mucho. ¡Gracias! :D <3",neutral,kien_thuc
8869,"¿Por qué dividió (x^10-1) y (x^2-1) por NULL? ¿Alguien podría explicarme eso, por favor? Se lo agradecería mucho. ¡Gracias! :D <3",neutral,kien_thuc
8869,"¿Por qué dividió (x^10-1) y (x^2-1) por NULL? ¿Alguien podría explicarme eso, por favor? Se lo agradecería mucho. ¡Gracias! :D <3",neutral,kien_thuc
8870,"Al final, ¿por qué dice que matriz convierte una ecuación diferencial de quinto orden en una ecuación diferencial de primer orden? Hay órdenes superiores en el L.H.S.",neutral,kien_thuc
8871,"Sólo estoy mirando por interés, pero él explica esto muuucho mejor de lo que mi maestro solía hacerlo cuando todavía iba a la escuela...",positive,ky_nang_giang_day
8871,"Sólo estoy mirando por interés, pero él explica esto muuucho mejor de lo que mi maestro solía hacerlo cuando todavía iba a la escuela...",negative,ky_nang_giang_day
8872,"Acabo de obtener una calificación bastante baja  en mi clase, desearía haber pasado más tiempo viendo sus videos ...",negative,noi_chung
8872,"Acabo de obtener una calificación bastante baja  en mi clase, desearía haber pasado más tiempo viendo sus videos ...",positive,chuong_trinh_hoc
8873,Este chico es tan lindo,positive,ky_nang_giang_day
8874,A esas 9 personas a las que no les gustó esto video...,negative,chuong_trinh_hoc
8875,"Alrededor de las 14:04, con respecto al flujo, ¿qué pasa si curva también se mueve? ¿Cómo abordar eso?",neutral,kien_thuc
8876,"Esta conferencia me hizo doler el cerebro, probablemente porque no sé nada de física.",negative,chuong_trinh_hoc
8877,Prof. Alex: El mundo es Silvestre. Tweety: ¡Hola! ¿Y yo?,neutral,ky_nang_giang_day
8878,bueno conferencia pero siempre puedo escuchar el producto COS en lugar del producto CROSS...,positive,chuong_trinh_hoc
8879,X²+y²+z²1 es la ecuación de la esfera unitaria,neutral,kien_thuc
8879,X²+y²+z²1 es la ecuación de la esfera unitaria,neutral,kien_thuc
8880,¿Por qué siempre consideramos una superficie nivelada para demostrar que gradiente es perpendicular a vector tangente a la superficie... qué pasa si la partícula se mueve sobre una superficie que no tiene un valor constante en todo su dominio de definición?,neutral,kien_thuc
8880,¿Por qué siempre consideramos una superficie nivelada para demostrar que gradiente es perpendicular a vector tangente a la superficie... qué pasa si la partícula se mueve sobre una superficie que no tiene un valor constante en todo su dominio de definición?,neutral,kien_thuc
8880,¿Por qué siempre consideramos una superficie nivelada para demostrar que gradiente es perpendicular a vector tangente a la superficie... qué pasa si la partícula se mueve sobre una superficie que no tiene un valor constante en todo su dominio de definición?,neutral,kien_thuc
8880,¿Por qué siempre consideramos una superficie nivelada para demostrar que gradiente es perpendicular a vector tangente a la superficie... qué pasa si la partícula se mueve sobre una superficie que no tiene un valor constante en todo su dominio de definición?,neutral,kien_thuc
8880,¿Por qué siempre consideramos una superficie nivelada para demostrar que gradiente es perpendicular a vector tangente a la superficie... qué pasa si la partícula se mueve sobre una superficie que no tiene un valor constante en todo su dominio de definición?,neutral,kien_thuc
8880,¿Por qué siempre consideramos una superficie nivelada para demostrar que gradiente es perpendicular a vector tangente a la superficie... qué pasa si la partícula se mueve sobre una superficie que no tiene un valor constante en todo su dominio de definición?,neutral,kien_thuc
8881,"Una de las razones por las que realmente me gusta este increíble profesor es que siempre borra tres pizarrones seguidos, así que tengo la oportunidad de saltearlos.",positive,ky_nang_giang_day
8882,"Bueno, esto es una matemática que requiere un conocimiento terrible (clase 1). ¿Cómo se llega al cálculo multivariable sin un conocimiento sólido de trigonometría y geometría vectorial?",negative,chuong_trinh_hoc
8883,"Al probar que (1-cosθ/θ) tiende a 0 cuando θ tiende a 0 en la interpretación geométrica, ¿no debería estar usando 2θ en lugar de θ, ya que duplicó la theta cuando la reflejó sobre lo que parece ser el eje x? Además, ¿por qué parece estar usando lo que a mí me parece sinθ (la línea verde que significa la altura de un punto específico en el círculo unitario) al probar que el numerador de la función disminuye significativamente ""más rápido"" que el denominador, ya que θ debería ser la longitud del arco desde 0 hasta un ángulo específico en el círculo unitario?",negative,kien_thuc
8883,"Al probar que (1-cosθ/θ) tiende a 0 cuando θ tiende a 0 en la interpretación geométrica, ¿no debería estar usando 2θ en lugar de θ, ya que duplicó la theta cuando la reflejó sobre lo que parece ser el eje x? Además, ¿por qué parece estar usando lo que a mí me parece sinθ (la línea verde que significa la altura de un punto específico en el círculo unitario) al probar que el numerador de la función disminuye significativamente ""más rápido"" que el denominador, ya que θ debería ser la longitud del arco desde 0 hasta un ángulo específico en el círculo unitario?",negative,kien_thuc
8883,"Al probar que (1-cosθ/θ) tiende a 0 cuando θ tiende a 0 en la interpretación geométrica, ¿no debería estar usando 2θ en lugar de θ, ya que duplicó la theta cuando la reflejó sobre lo que parece ser el eje x? Además, ¿por qué parece estar usando lo que a mí me parece sinθ (la línea verde que significa la altura de un punto específico en el círculo unitario) al probar que el numerador de la función disminuye significativamente ""más rápido"" que el denominador, ya que θ debería ser la longitud del arco desde 0 hasta un ángulo específico en el círculo unitario?",neutral,ky_nang_giang_day
8883,"Al probar que (1-cosθ/θ) tiende a 0 cuando θ tiende a 0 en la interpretación geométrica, ¿no debería estar usando 2θ en lugar de θ, ya que duplicó la theta cuando la reflejó sobre lo que parece ser el eje x? Además, ¿por qué parece estar usando lo que a mí me parece sinθ (la línea verde que significa la altura de un punto específico en el círculo unitario) al probar que el numerador de la función disminuye significativamente ""más rápido"" que el denominador, ya que θ debería ser la longitud del arco desde 0 hasta un ángulo específico en el círculo unitario?",negative,kien_thuc
8884,Este hombre es una leyenda. Gracias por todo.,positive,ky_nang_giang_day
8885,"Estoy siguiendo completamente el MIT courseware para estudiar mis cursos de preingeniería, ¡genial! > gracias MIT",positive,chuong_trinh_hoc
8886,"¡La explicación del campo de maíz me dejó atónita! ¡Gracias, ahora lo entiendo! campos vectoriales",positive,kien_thuc
8887,¿Por qué el volumen es bajo?,negative,thiet_bi_day_hoc
8888,Tiene el acento francés más lindo ^^Genial Conferencia,positive,ky_nang_giang_day
8888,Tiene el acento francés más lindo ^^Genial Conferencia,positive,chuong_trinh_hoc
8889,Entonces... ¿las integrales de línea sobre funciones escalares valued fu no están cubiertas en este course)? ¡¡Cómo se atreve u!!,negative,chuong_trinh_hoc
8889,Entonces... ¿las integrales de línea sobre funciones escalares valued fu no están cubiertas en este course)? ¡¡Cómo se atreve u!!,neutral,noi_chung
8890,"Dios mío, ahora estoy cursando multivariable en mi último año de secundaria y los exámenes finales son la semana que viene. Esto es oro. GRACIAS MIT.",neutral,chuong_trinh_hoc
8890,"Dios mío, ahora estoy cursando multivariable en mi último año de secundaria y los exámenes finales son la semana que viene. Esto es oro. GRACIAS MIT.",positive,noi_chung
8891,La invención y el desarrollo de Google se deben a Matrices de Markov. Las cosas que vemos y usamos todos los días en nuestras vidas se basan en teorías y conceptos matemáticos.,positive,kien_thuc
8892,"Todos los seres vivos tienen la suerte de tener a Gilbert Strang entre ellos, se den cuenta de ello o no.",positive,ky_nang_giang_day
8893,"Esto no es una conferencia, esto es arte.",positive,chuong_trinh_hoc
8894,"Sí, se complica cuando fórmula derivada se agrega a la mezcla.",neutral,kien_thuc
8895,"Me parecen muy interesantes estos videos, sin embargo me molesta el desorden que tienen muchos profesores a la hora de escribir. Caligrafía poco clara y desordenada. Sería bueno que pudieran mejorar esos aspectos.",negative,ky_nang_giang_day
8895,"Me parecen muy interesantes estos videos, sin embargo me molesta el desorden que tienen muchos profesores a la hora de escribir. Caligrafía poco clara y desordenada. Sería bueno que pudieran mejorar esos aspectos.",negative,noi_chung
8896,Este chico realmente es un buen profesor.,positive,ky_nang_giang_day
8897,"En lugar de matemáticas, la otra materia vídeos no tiene letras. Espero que tomen las medidas necesarias lo antes posible.",neutral,kien_thuc
8897,"En lugar de matemáticas, la otra materia vídeos no tiene letras. Espero que tomen las medidas necesarias lo antes posible.",negative,thiet_bi_day_hoc
8897,"En lugar de matemáticas, la otra materia vídeos no tiene letras. Espero que tomen las medidas necesarias lo antes posible.",negative,thiet_bi_day_hoc
8897,"En lugar de matemáticas, la otra materia vídeos no tiene letras. Espero que tomen las medidas necesarias lo antes posible.",negative,ky_nang_giang_day
8898,"43:30 ¿Cómo puede ser que espacio de columnas de Q sea igual que espacio de columnas de A? Sé que sus dimensiones son iguales, pero Q está compuesto por vectores ortogonales y A no. Necesito ayuda, chicos {{{(>_<)}}}",neutral,kien_thuc
8898,"43:30 ¿Cómo puede ser que espacio de columnas de Q sea igual que espacio de columnas de A? Sé que sus dimensiones son iguales, pero Q está compuesto por vectores ortogonales y A no. Necesito ayuda, chicos {{{(>_<)}}}",neutral,kien_thuc
8898,"43:30 ¿Cómo puede ser que espacio de columnas de Q sea igual que espacio de columnas de A? Sé que sus dimensiones son iguales, pero Q está compuesto por vectores ortogonales y A no. Necesito ayuda, chicos {{{(>_<)}}}",neutral,kien_thuc
8898,"43:30 ¿Cómo puede ser que espacio de columnas de Q sea igual que espacio de columnas de A? Sé que sus dimensiones son iguales, pero Q está compuesto por vectores ortogonales y A no. Necesito ayuda, chicos {{{(>_<)}}}",neutral,kien_thuc
8899,¡Este video es asombroso! ¡ASOMBROSO! ¡Todos los principios encajan perfectamente con la realidad! ¡LARGA VIDA A LAS MATRICES!,positive,chuong_trinh_hoc
8899,¡Este video es asombroso! ¡ASOMBROSO! ¡Todos los principios encajan perfectamente con la realidad! ¡LARGA VIDA A LAS MATRICES!,positive,chuong_trinh_hoc
8899,¡Este video es asombroso! ¡ASOMBROSO! ¡Todos los principios encajan perfectamente con la realidad! ¡LARGA VIDA A LAS MATRICES!,positive,kien_thuc
8900,"¡Genial! conferencia Me llevó un momento procesarlo r x v = constante. Siempre he pensado en la segunda ecuación de Kepler como ""área igual en tiempo igual"", pero eso se traduce como ""proporcional al tiempo"".",positive,chuong_trinh_hoc
8900,"¡Genial! conferencia Me llevó un momento procesarlo r x v = constante. Siempre he pensado en la segunda ecuación de Kepler como ""área igual en tiempo igual"", pero eso se traduce como ""proporcional al tiempo"".",neutral,kien_thuc
8901,"No puedo creer que los estudiantes comiencen a empacar sus cosas, a golpear los escritorios, etc. a las 48:30, antes de que él termine de hablar. Qué grosero. Acaban de recibir una conferencia de un matemático brillante, ¡pero no tienen ningún respeto!",negative,noi_chung
8901,"No puedo creer que los estudiantes comiencen a empacar sus cosas, a golpear los escritorios, etc. a las 48:30, antes de que él termine de hablar. Qué grosero. Acaban de recibir una conferencia de un matemático brillante, ¡pero no tienen ningún respeto!",positive,ky_nang_giang_day
8902,Este tipo es increíble. Los profesores de la Universidad de Toronto no saben nada de matemáticas...,positive,ky_nang_giang_day
8902,Este tipo es increíble. Los profesores de la Universidad de Toronto no saben nada de matemáticas...,negative,ky_nang_giang_day
8903,Gracias señor. ¡Espero que leas esto!,positive,ky_nang_giang_day
8904,"Realmente aprecio que gilbert strang nos brinde un curso tan intuitivo. Después de ver algunos cursos de universidades estadounidenses, creo que la educación universitaria en Estados Unidos es mucho mejor que la de China.",positive,ky_nang_giang_day
8904,"Realmente aprecio que gilbert strang nos brinde un curso tan intuitivo. Después de ver algunos cursos de universidades estadounidenses, creo que la educación universitaria en Estados Unidos es mucho mejor que la de China.",positive,chuong_trinh_hoc
8905,Creo que hay un problema en 18.01sc (en el sitio web MIT OCW): Uno de los videos de recitación nos pide que tengamos en cuenta representar funciones como series antes de presentarlo.,negative,noi_chung
8905,Creo que hay un problema en 18.01sc (en el sitio web MIT OCW): Uno de los videos de recitación nos pide que tengamos en cuenta representar funciones como series antes de presentarlo.,neutral,kien_thuc
8906,El problema del tablero de dardos. Resulta que es un 1% y él dice que es bastante alto. A mí me parece que un 1% es bastante bajo.,neutral,ky_nang_giang_day
8907,"Me encantan sus conferencias pero creo que hay un pequeño error allí, corrígeme si me equivoco. El profesor Strang dijo que {(1,1,2),(2,2,5),(3,3,8)} constituye una base para R^3, pero ¿no puede ese conjunto de vectores producir solo vectores donde x1 y x2 son iguales? Entonces no puedes obtener (1,0,0) de los vectores y ciertamente no la totalidad de R^3, ¿verdad? La primera y la segunda fila incluso serían exactamente las mismas escritas como una Matriz, por lo que también deberían ser linealmente dependientes por esa razón. Nuevamente, tal vez estoy pasando por alto algo, pero no cuadra para mí. Editar: Debería haber ordenado los comentarios por nuevos primero, parece que mucha gente también vio esto, pero no llegó a los comentarios principales",positive,chuong_trinh_hoc
8907,"Me encantan sus conferencias pero creo que hay un pequeño error allí, corrígeme si me equivoco. El profesor Strang dijo que {(1,1,2),(2,2,5),(3,3,8)} constituye una base para R^3, pero ¿no puede ese conjunto de vectores producir solo vectores donde x1 y x2 son iguales? Entonces no puedes obtener (1,0,0) de los vectores y ciertamente no la totalidad de R^3, ¿verdad? La primera y la segunda fila incluso serían exactamente las mismas escritas como una Matriz, por lo que también deberían ser linealmente dependientes por esa razón. Nuevamente, tal vez estoy pasando por alto algo, pero no cuadra para mí. Editar: Debería haber ordenado los comentarios por nuevos primero, parece que mucha gente también vio esto, pero no llegó a los comentarios principales",positive,ky_nang_giang_day
8908,"Todas nuestras conferencias utilizan proyectores y computadoras, es agradable ver algunas buenas y antiguas pizarras en la educación =)",positive,chuong_trinh_hoc
8909,El enfoque geométrico del cálculo es muy útil para comprender todo tipo de conceptos.,positive,kien_thuc
8910,"¡Recién terminado! 18.01. Comenzaré pronto también 18.02. También terminé 6.042J / 18.062J, terminé el suplemento Single & multi de Herbert Gross. (Por cierto, descansa en paz). Tuve un descanso de 6.00 (continuaré y terminaré pronto). ¡Gracias por estas increíbles conferencias MIT!",positive,chuong_trinh_hoc
8910,"¡Recién terminado! 18.01. Comenzaré pronto también 18.02. También terminé 6.042J / 18.062J, terminé el suplemento Single & multi de Herbert Gross. (Por cierto, descansa en paz). Tuve un descanso de 6.00 (continuaré y terminaré pronto). ¡Gracias por estas increíbles conferencias MIT!",positive,noi_chung
8910,"¡Recién terminado! 18.01. Comenzaré pronto también 18.02. También terminé 6.042J / 18.062J, terminé el suplemento Single & multi de Herbert Gross. (Por cierto, descansa en paz). Tuve un descanso de 6.00 (continuaré y terminaré pronto). ¡Gracias por estas increíbles conferencias MIT!",positive,kien_thuc
8911,"A transpuesta no es nada más que el espacio de filas, ¿verdad? entonces, el espacio nulo de A transpuesta debería estar en el espacio de filas, pero el profesor dice A^T.(b-P)=0, donde b-p =e y e está en el espacio de columnas, pero debería estar en el espacio de filas, ¿verdad?",neutral,kien_thuc
8912,Estas recitaciones son realmente muy buenas. Son útiles para repasar rápidamente los conceptos.,positive,noi_chung
8912,Estas recitaciones son realmente muy buenas. Son útiles para repasar rápidamente los conceptos.,positive,kien_thuc
8913,"¿Quién más lo vio en 1.5x o 1.75x? Gracias, Prof. Strang. Gracias, MIT OCW.",positive,ky_nang_giang_day
8914,Vaya. No me había dado cuenta hasta que vi en este ejemplo lect. que los valores máximos de f se encuentran en infinito hasta hipérbola.,positive,chuong_trinh_hoc
8914,Vaya. No me había dado cuenta hasta que vi en este ejemplo lect. que los valores máximos de f se encuentran en infinito hasta hipérbola.,neutral,noi_chung
8914,Vaya. No me había dado cuenta hasta que vi en este ejemplo lect. que los valores máximos de f se encuentran en infinito hasta hipérbola.,neutral,kien_thuc
8914,Vaya. No me había dado cuenta hasta que vi en este ejemplo lect. que los valores máximos de f se encuentran en infinito hasta hipérbola.,neutral,kien_thuc
8914,Vaya. No me había dado cuenta hasta que vi en este ejemplo lect. que los valores máximos de f se encuentran en infinito hasta hipérbola.,neutral,kien_thuc
8915,"Esto me hace querer aplaudir. Vi su resumen conferencia que repasó este curso y casi aplaudo en mi casa. Debería comprar su libro; compré otro que funciona bien, pero no enfatiza la imagen del teorema fundamental del álgebra lineal del espacio fila-columna-espacio nulo-izquierda-espacio nulo que desarrolla este curso.",positive,chuong_trinh_hoc
8916,"Alguien me salva, no usé stop loss, no lo vi venir",neutral,kien_thuc
8917,"Si Philippe habla demasiado rápido para ti, no olvides que puedes reducir la velocidad  en la configuración. A mí me funcionó con 0,75.",neutral,ky_nang_giang_day
8917,"Si Philippe habla demasiado rápido para ti, no olvides que puedes reducir la velocidad  en la configuración. A mí me funcionó con 0,75.",neutral,thiet_bi_day_hoc
8918,Esto es realmente genial y brillante profesor que nunca había visto antes. Me gusta la metodología que utiliza y sabe cómo involucrar a sus estudiantes. Ahora puedo ver cómo se aplica álgebra lineal. Gracias Gilbert Strang y MIT.,positive,ky_nang_giang_day
8918,Esto es realmente genial y brillante profesor que nunca había visto antes. Me gusta la metodología que utiliza y sabe cómo involucrar a sus estudiantes. Ahora puedo ver cómo se aplica álgebra lineal. Gracias Gilbert Strang y MIT.,positive,ky_nang_giang_day
8918,Esto es realmente genial y brillante profesor que nunca había visto antes. Me gusta la metodología que utiliza y sabe cómo involucrar a sus estudiantes. Ahora puedo ver cómo se aplica álgebra lineal. Gracias Gilbert Strang y MIT.,positive,kien_thuc
8918,Esto es realmente genial y brillante profesor que nunca había visto antes. Me gusta la metodología que utiliza y sabe cómo involucrar a sus estudiantes. Ahora puedo ver cómo se aplica álgebra lineal. Gracias Gilbert Strang y MIT.,positive,noi_chung
8918,Esto es realmente genial y brillante profesor que nunca había visto antes. Me gusta la metodología que utiliza y sabe cómo involucrar a sus estudiantes. Ahora puedo ver cómo se aplica álgebra lineal. Gracias Gilbert Strang y MIT.,positive,kien_thuc
8919,¿Por qué la densidad conjunta no se dividió por f(x) para obtener la probabilidad posterior?,neutral,kien_thuc
8920,"¿Cómo podrían prepararse para dejar la clase antes de que él terminara la conferencia, yo me quedaría todo el día para escuchar su conferencia!!!",positive,chuong_trinh_hoc
8920,"¿Cómo podrían prepararse para dejar la clase antes de que él terminara la conferencia, yo me quedaría todo el día para escuchar su conferencia!!!",positive,ky_nang_giang_day
8921,¿eliminación de Guass-Jordan solo funciona para matrices cuadradas? ¿Y para matrices rectangulares?,neutral,kien_thuc
8921,¿eliminación de Guass-Jordan solo funciona para matrices cuadradas? ¿Y para matrices rectangulares?,neutral,kien_thuc
8921,¿eliminación de Guass-Jordan solo funciona para matrices cuadradas? ¿Y para matrices rectangulares?,neutral,kien_thuc
8922,Gilbert es muy bueno anticipando la próxima conferencia. Tengo que obligarme a dejar de mirar para poder dormir.,positive,ky_nang_giang_day
8923,¿Podrías decirme por qué tomamos multiplicador de Lagrange en la pirámide (al final de la clase)? ¿Por qué los gradientes de ambas funciones tienen que ser paralelos?,neutral,kien_thuc
8924,Nuestros profesores indios son los mejores. Jai Hind Nuestro estilo de enseñanza es el mejor porque es una interacción de ambas partes.,positive,ky_nang_giang_day
8924,Nuestros profesores indios son los mejores. Jai Hind Nuestro estilo de enseñanza es el mejor porque es una interacción de ambas partes.,positive,noi_chung
8925,"Muy simple, de mala calidad, desordenado escritura a mano. Podría haberse explicado de manera más simple, fácil y rápida.",negative,thiet_bi_day_hoc
8926,"Se puede explicar mediante cálculo lambda, mucho más conciso y elegante.",positive,kien_thuc
8927,Me han hecho un montón de ejercicios mentales para unir puntos. Gracias profesor. Espero que tu curso de Estadística de alta dimensión también esté disponible en YouTube.,positive,ky_nang_giang_day
8927,Me han hecho un montón de ejercicios mentales para unir puntos. Gracias profesor. Espero que tu curso de Estadística de alta dimensión también esté disponible en YouTube.,positive,chuong_trinh_hoc
8928,"Vaya, esta conferencia me ha abierto los ojos. ¡Gracias, profesor Strang!",positive,chuong_trinh_hoc
8928,"Vaya, esta conferencia me ha abierto los ojos. ¡Gracias, profesor Strang!",positive,ky_nang_giang_day
8929,¿Soy la única persona que ve estos videos  con una velocidad de 1.25x? :D,neutral,chuong_trinh_hoc
8930,"44:25 ""Las matrices ortogonales no cambian la longitud de x"". Supongo que se refería a ortonormal. [Gilbert Strang usa ortogonal) y ortonormal indistintamente]",neutral,kien_thuc
8930,"44:25 ""Las matrices ortogonales no cambian la longitud de x"". Supongo que se refería a ortonormal. [Gilbert Strang usa ortogonal) y ortonormal indistintamente]",neutral,ky_nang_giang_day
8930,"44:25 ""Las matrices ortogonales no cambian la longitud de x"". Supongo que se refería a ortonormal. [Gilbert Strang usa ortogonal) y ortonormal indistintamente]",neutral,kien_thuc
8931,"Señor, buenas noches/días/tardes. Esta (serie de videos 1) se ve muy bien, pero me gustaría saber qué tipo de conocimientos matemáticos necesito para comprender este curso. Gracias.",positive,chuong_trinh_hoc
8932,"¿Cómo se puede resolver el último problema cuando se pone y = acos(theta)? En realidad y, y = a sin(theta), entonces, ¿cómo y puede ser acos(theta)?",negative,kien_thuc
8932,"¿Cómo se puede resolver el último problema cuando se pone y = acos(theta)? En realidad y, y = a sin(theta), entonces, ¿cómo y puede ser acos(theta)?",negative,kien_thuc
8932,"¿Cómo se puede resolver el último problema cuando se pone y = acos(theta)? En realidad y, y = a sin(theta), entonces, ¿cómo y puede ser acos(theta)?",negative,kien_thuc
8932,"¿Cómo se puede resolver el último problema cuando se pone y = acos(theta)? En realidad y, y = a sin(theta), entonces, ¿cómo y puede ser acos(theta)?",negative,kien_thuc
8933,"Prof. Gilbert Strang, se suponía que debía asistir a sus cursos Álgebra lineal y Métodos matriciales para ML como requisito previo para mi programa de posgrado en Ingeniería eléctrica en la UBC, Canadá. Debo decir que perdí la noción del tiempo al asistir a sus conferencias y usted cambió mi perspectiva de pensar las matemáticas. Muchas gracias y le debo mucho por inspirarme. Deseo convertirme en un profesor como usted en el futuro. ¡Deséeme lo mejor si llega a ver este mensaje! Con mucho cariño, de Simran Suresh, India",positive,ky_nang_giang_day
8933,"Prof. Gilbert Strang, se suponía que debía asistir a sus cursos Álgebra lineal y Métodos matriciales para ML como requisito previo para mi programa de posgrado en Ingeniería eléctrica en la UBC, Canadá. Debo decir que perdí la noción del tiempo al asistir a sus conferencias y usted cambió mi perspectiva de pensar las matemáticas. Muchas gracias y le debo mucho por inspirarme. Deseo convertirme en un profesor como usted en el futuro. ¡Deséeme lo mejor si llega a ver este mensaje! Con mucho cariño, de Simran Suresh, India",neutral,chuong_trinh_hoc
8933,"Prof. Gilbert Strang, se suponía que debía asistir a sus cursos Álgebra lineal y Métodos matriciales para ML como requisito previo para mi programa de posgrado en Ingeniería eléctrica en la UBC, Canadá. Debo decir que perdí la noción del tiempo al asistir a sus conferencias y usted cambió mi perspectiva de pensar las matemáticas. Muchas gracias y le debo mucho por inspirarme. Deseo convertirme en un profesor como usted en el futuro. ¡Deséeme lo mejor si llega a ver este mensaje! Con mucho cariño, de Simran Suresh, India",neutral,chuong_trinh_hoc
8933,"Prof. Gilbert Strang, se suponía que debía asistir a sus cursos Álgebra lineal y Métodos matriciales para ML como requisito previo para mi programa de posgrado en Ingeniería eléctrica en la UBC, Canadá. Debo decir que perdí la noción del tiempo al asistir a sus conferencias y usted cambió mi perspectiva de pensar las matemáticas. Muchas gracias y le debo mucho por inspirarme. Deseo convertirme en un profesor como usted en el futuro. ¡Deséeme lo mejor si llega a ver este mensaje! Con mucho cariño, de Simran Suresh, India",neutral,noi_chung
8933,"Prof. Gilbert Strang, se suponía que debía asistir a sus cursos Álgebra lineal y Métodos matriciales para ML como requisito previo para mi programa de posgrado en Ingeniería eléctrica en la UBC, Canadá. Debo decir que perdí la noción del tiempo al asistir a sus conferencias y usted cambió mi perspectiva de pensar las matemáticas. Muchas gracias y le debo mucho por inspirarme. Deseo convertirme en un profesor como usted en el futuro. ¡Deséeme lo mejor si llega a ver este mensaje! Con mucho cariño, de Simran Suresh, India",positive,chuong_trinh_hoc
8934,"A las 14:20 la (fórmula de dimensión 1) es más intuitiva si se enuncia como dim(S) + dim(U) - dim(S∩U) = dim(S+U) es decir, ""la dimensión de S sumada a la dimensión de U menos la dimensión de la intersección de S y U es la dimensión de S+U""... mucho más fácil de visualizar expresado de esa manera ¿no es así?",neutral,kien_thuc
8935,él te dice que t t) es NULL que es una manera de encontrar la deriva\vativa. hay otras reglas que no t sé por qué él t no repasaría t).,neutral,ky_nang_giang_day
8935,él te dice que t t) es NULL que es una manera de encontrar la deriva\vativa. hay otras reglas que no t sé por qué él t no repasaría t).,neutral,kien_thuc
8935,él te dice que t t) es NULL que es una manera de encontrar la deriva\vativa. hay otras reglas que no t sé por qué él t no repasaría t).,neutral,kien_thuc
8935,él te dice que t t) es NULL que es una manera de encontrar la deriva\vativa. hay otras reglas que no t sé por qué él t no repasaría t).,neutral,kien_thuc
8935,él te dice que t t) es NULL que es una manera de encontrar la deriva\vativa. hay otras reglas que no t sé por qué él t no repasaría t).,neutral,kien_thuc
8936,¿De dónde viene el logaritmo?,neutral,kien_thuc
8937,Siempre es muy triste pensar que un video educativo  99% mejor que todos los demás solo tiene 70k vistas 10 años después de ser subido.,negative,chuong_trinh_hoc
8938,Gracias Prof. David Jerison y Prof. Muller. Acabo de completar serie completa de conferencias. 18/4/22,positive,ky_nang_giang_day
8938,Gracias Prof. David Jerison y Prof. Muller. Acabo de completar serie completa de conferencias. 18/4/22,positive,ky_nang_giang_day
8938,Gracias Prof. David Jerison y Prof. Muller. Acabo de completar serie completa de conferencias. 18/4/22,positive,thiet_bi_day_hoc
8939,Es muy muy útil. Muchas gracias.,positive,chuong_trinh_hoc
8940,"Esto es Matemáticas Analíticas, en resumen el análisis se mueve desde la variable y termina en la claridad de la función...",neutral,kien_thuc
8941,Estoy de acuerdo. Llevo estudiando cálculo tres años y esta es la primera vez que entiendo realmente el concepto de diferencial.,positive,kien_thuc
8942,"¿Por qué la probabilidad de P(1 cara) es 3p(1-p)^2...? ¿No debería ser 2p(1-p)^2, porque solo hay 2 probabilidades de que suceda en lugar de 3... o no lo estoy entendiendo bien? Está en 9:14, por favor ayuda.",neutral,kien_thuc
8943,"Gracias, señor. Solo quería agradecerle por haberme dado una visión más profunda de la probabilidad. Estudié esto desde la primera lección hasta ahora. Estudiaré las últimas cinco lecciones más adelante.",positive,ky_nang_giang_day
8943,"Gracias, señor. Solo quería agradecerle por haberme dado una visión más profunda de la probabilidad. Estudié esto desde la primera lección hasta ahora. Estudiaré las últimas cinco lecciones más adelante.",positive,chuong_trinh_hoc
8944,"Querido Gilbert Strang!! Deseo besar tus manos, tus sagradas manos, pues eres mi Gurú de Álgebra matricial. Explicas muy bien. Tu forma de enseñar es milagrosa.",positive,ky_nang_giang_day
8944,"Querido Gilbert Strang!! Deseo besar tus manos, tus sagradas manos, pues eres mi Gurú de Álgebra matricial. Explicas muy bien. Tu forma de enseñar es milagrosa.",positive,noi_chung
8944,"Querido Gilbert Strang!! Deseo besar tus manos, tus sagradas manos, pues eres mi Gurú de Álgebra matricial. Explicas muy bien. Tu forma de enseñar es milagrosa.",positive,kien_thuc
8945,"Estoy de acuerdo con lo de tiza, de verdad. Me siento muy cansado de mirar una pantalla de computadora y tener que lidiar con los 32 o más destellos de luz por segundo día tras día. De alguna manera, el maestro se siente más presente y más conectado con el material cuando usa tiza, creo. Tampoco me gustan las tareas en línea.",negative,thiet_bi_day_hoc
8945,"Estoy de acuerdo con lo de tiza, de verdad. Me siento muy cansado de mirar una pantalla de computadora y tener que lidiar con los 32 o más destellos de luz por segundo día tras día. De alguna manera, el maestro se siente más presente y más conectado con el material cuando usa tiza, creo. Tampoco me gustan las tareas en línea.",positive,thiet_bi_day_hoc
8945,"Estoy de acuerdo con lo de tiza, de verdad. Me siento muy cansado de mirar una pantalla de computadora y tener que lidiar con los 32 o más destellos de luz por segundo día tras día. De alguna manera, el maestro se siente más presente y más conectado con el material cuando usa tiza, creo. Tampoco me gustan las tareas en línea.",negative,noi_chung
8946,"Cuando presenta fórmula de Taylor, no es del todo correcto porque la fórmula que presenta es para serie de MacLaurin ya que está centrada en 0.",neutral,ky_nang_giang_day
8946,"Cuando presenta fórmula de Taylor, no es del todo correcto porque la fórmula que presenta es para serie de MacLaurin ya que está centrada en 0.",neutral,kien_thuc
8946,"Cuando presenta fórmula de Taylor, no es del todo correcto porque la fórmula que presenta es para serie de MacLaurin ya que está centrada en 0.",neutral,kien_thuc
8947,Este tipo es un superhombre en matemáticas.,positive,ky_nang_giang_day
8948,"Usé esto para aprender cálculo vectorial por mi cuenta en el verano, terminando el primer año de Multi-Calc básico en la universidad, desde la lección 15 hasta la lección 29. También utilicé Vector Analysis de Schaum para problemas y Vector Calc de SJ Colley como referencia adicional. Vi todos los videos en al menos 1,25x y lo terminé en 2 semanas. Dennis Auroux es una absoluta delicia y sus habilidades para frotar la tabla son taaaan impresionantes. Sus explicaciones son espectaculares y realmente disfruté su énfasis en las aplicaciones (particularmente de la física: inercia, ecuaciones de Maxwell, etc.). Una cosa que extrañé fue la falta de información sobre las ecuaciones de Frenet-Serret, que me parecieron increíbles en general, y la falta de práctica de más problemas, pero bueno, ¡podrías hacer ambas cosas por tu cuenta como lo hice yo! De todos modos, 12 años después de que se lanzó este video, todavía recomendaría este (curso 2:) con todo mi corazón. ¡Es increíble! ¡Gracias MIT por publicar esto y gracias Profesor Auroux por ser un conferenciante increíble!",positive,ky_nang_giang_day
8948,"Usé esto para aprender cálculo vectorial por mi cuenta en el verano, terminando el primer año de Multi-Calc básico en la universidad, desde la lección 15 hasta la lección 29. También utilicé Vector Analysis de Schaum para problemas y Vector Calc de SJ Colley como referencia adicional. Vi todos los videos en al menos 1,25x y lo terminé en 2 semanas. Dennis Auroux es una absoluta delicia y sus habilidades para frotar la tabla son taaaan impresionantes. Sus explicaciones son espectaculares y realmente disfruté su énfasis en las aplicaciones (particularmente de la física: inercia, ecuaciones de Maxwell, etc.). Una cosa que extrañé fue la falta de información sobre las ecuaciones de Frenet-Serret, que me parecieron increíbles en general, y la falta de práctica de más problemas, pero bueno, ¡podrías hacer ambas cosas por tu cuenta como lo hice yo! De todos modos, 12 años después de que se lanzó este video, todavía recomendaría este (curso 2:) con todo mi corazón. ¡Es increíble! ¡Gracias MIT por publicar esto y gracias Profesor Auroux por ser un conferenciante increíble!",positive,de_xuat
8949,"A las 21:04, min(X,Y=2), ¿el área sombreada en rojo cubre toda el área del evento B? ¿Alguien puede explicarlo? Estoy confundido.",negative,kien_thuc
8950,Alan Edelman es inequívocamente erudito al afirmar la concordancia que tiene el Álgebra Lineal con los temas aplicados del Aprendizaje Automático y las Redes Neuronales.,positive,ky_nang_giang_day
8951,18:38 ¿Pensé que la derivada no era un número? *_* Estoy confundido,neutral,kien_thuc
8952,A veces Matemáticas parece una religión. Ten fe en mí hasta que lo demuestre. Al menos él lo demuestra.,neutral,ky_nang_giang_day
8952,A veces Matemáticas parece una religión. Ten fe en mí hasta que lo demuestre. Al menos él lo demuestra.,neutral,kien_thuc
8953,Interesante video y muy importante para los ingenieros. Deberian aprovechar esta informacion. Felicitaciones!!!,positive,thiet_bi_day_hoc
8954,Fue un muy buen video.,positive,chuong_trinh_hoc
8955,"Hola, chicos. ¿Podrían volver a subir esto eliminando la imagen estática de fondo (2)?",negative,thiet_bi_day_hoc
8955,"Hola, chicos. ¿Podrían volver a subir esto eliminando la imagen estática de fondo (2)?",negative,thiet_bi_day_hoc
8956,La mejor manera de enseñar determinantes. Solía preocuparme por el hecho de que esta es la peor parte de álgebra lineal ya que implica una gran fórmula que me arrojaron. Me encantó la intuición sobre la propiedad 9 de volúmenes de cubos n-dimensionales. Nunca pensé que los determinantes me entusiasmarían tanto. Larga vida a Prof. Strang. Gracias MIT.,positive,ky_nang_giang_day
8956,La mejor manera de enseñar determinantes. Solía preocuparme por el hecho de que esta es la peor parte de álgebra lineal ya que implica una gran fórmula que me arrojaron. Me encantó la intuición sobre la propiedad 9 de volúmenes de cubos n-dimensionales. Nunca pensé que los determinantes me entusiasmarían tanto. Larga vida a Prof. Strang. Gracias MIT.,negative,kien_thuc
8956,La mejor manera de enseñar determinantes. Solía preocuparme por el hecho de que esta es la peor parte de álgebra lineal ya que implica una gran fórmula que me arrojaron. Me encantó la intuición sobre la propiedad 9 de volúmenes de cubos n-dimensionales. Nunca pensé que los determinantes me entusiasmarían tanto. Larga vida a Prof. Strang. Gracias MIT.,positive,kien_thuc
8957,"Muchas gracias, esto fue realmente útil.",positive,chuong_trinh_hoc
8958,Y así se volvió inmortal.,positive,chuong_trinh_hoc
8959,Estudio Ingeniería en Computación en el IPN en México y después de este verano tomaré Álgebra Lineal. No puedo creer que acabo de encontrar estos videos . ¡Es como tomar un curso en el MIT! No hay forma de que pueda reprobar ese curso ahora. Gracias por compartir esta información útil.,positive,chuong_trinh_hoc
8960,¡Me encantan! Estas conferencias son simplemente increíbles.,positive,chuong_trinh_hoc
8961,Soy un salvavidas y voy a registrar en forma cruzada todas las clases de matemáticas en mit. No sé por qué mi profesor asume que soy más inteligente que los estudiantes de mit,positive,noi_chung
8961,Soy un salvavidas y voy a registrar en forma cruzada todas las clases de matemáticas en mit. No sé por qué mi profesor asume que soy más inteligente que los estudiantes de mit,negative,ky_nang_giang_day
8961,Soy un salvavidas y voy a registrar en forma cruzada todas las clases de matemáticas en mit. No sé por qué mi profesor asume que soy más inteligente que los estudiantes de mit,positive,noi_chung
8962,"¿Me recomiendan algún libro  para leer sobre GLM, especialmente sobre la parte Prueba de hipótesis que no está cubierta en el curso? Gracias",positive,de_xuat
8962,"¿Me recomiendan algún libro  para leer sobre GLM, especialmente sobre la parte Prueba de hipótesis que no está cubierta en el curso? Gracias",neutral,kien_thuc
8962,"¿Me recomiendan algún libro  para leer sobre GLM, especialmente sobre la parte Prueba de hipótesis que no está cubierta en el curso? Gracias",neutral,kien_thuc
8962,"¿Me recomiendan algún libro  para leer sobre GLM, especialmente sobre la parte Prueba de hipótesis que no está cubierta en el curso? Gracias",neutral,de_xuat
8963,"Hay muy pocos casos en los que tuve dificultad para entender lo que Prof. Tsitsiklis está diciendo... uno de ellos es -- 21:48: Va a haber una cantidad considerable de probabilidad de que Y lleve el valor cerca de 0. ¿Por qué? ¿Alguien puede explicarme por favor? ... De todos modos, estas son algunas de las mejores (y rigurosas) conferencias sobre probabilidad en youtube. Me encantan. Prof. Tsitsiklis y su equipo de TA muestran su total dedicación para entregar este contenido sobresaliente, lo cual es encomiable. Su compromiso y dedicación hicieron que se contribuyeran pequeños fondos al MIT OCW para promover la causa del MIT de difundir la educación a las masas.",negative,kien_thuc
8963,"Hay muy pocos casos en los que tuve dificultad para entender lo que Prof. Tsitsiklis está diciendo... uno de ellos es -- 21:48: Va a haber una cantidad considerable de probabilidad de que Y lleve el valor cerca de 0. ¿Por qué? ¿Alguien puede explicarme por favor? ... De todos modos, estas son algunas de las mejores (y rigurosas) conferencias sobre probabilidad en youtube. Me encantan. Prof. Tsitsiklis y su equipo de TA muestran su total dedicación para entregar este contenido sobresaliente, lo cual es encomiable. Su compromiso y dedicación hicieron que se contribuyeran pequeños fondos al MIT OCW para promover la causa del MIT de difundir la educación a las masas.",positive,chuong_trinh_hoc
8963,"Hay muy pocos casos en los que tuve dificultad para entender lo que Prof. Tsitsiklis está diciendo... uno de ellos es -- 21:48: Va a haber una cantidad considerable de probabilidad de que Y lleve el valor cerca de 0. ¿Por qué? ¿Alguien puede explicarme por favor? ... De todos modos, estas son algunas de las mejores (y rigurosas) conferencias sobre probabilidad en youtube. Me encantan. Prof. Tsitsiklis y su equipo de TA muestran su total dedicación para entregar este contenido sobresaliente, lo cual es encomiable. Su compromiso y dedicación hicieron que se contribuyeran pequeños fondos al MIT OCW para promover la causa del MIT de difundir la educación a las masas.",positive,ky_nang_giang_day
8963,"Hay muy pocos casos en los que tuve dificultad para entender lo que Prof. Tsitsiklis está diciendo... uno de ellos es -- 21:48: Va a haber una cantidad considerable de probabilidad de que Y lleve el valor cerca de 0. ¿Por qué? ¿Alguien puede explicarme por favor? ... De todos modos, estas son algunas de las mejores (y rigurosas) conferencias sobre probabilidad en youtube. Me encantan. Prof. Tsitsiklis y su equipo de TA muestran su total dedicación para entregar este contenido sobresaliente, lo cual es encomiable. Su compromiso y dedicación hicieron que se contribuyeran pequeños fondos al MIT OCW para promover la causa del MIT de difundir la educación a las masas.",positive,ky_nang_giang_day
8964,No entiendo por qué rango(P) es 1... ¿Alguien me ayuda por favor?,neutral,kien_thuc
8965,¡Muchas gracias!,positive,ky_nang_giang_day
8966,"@[USERNAME] No estoy seguro si alguien te lo dijo o si ya viste el siguiente (video 1:), él lo señaló. No es mi intención, solo quería informarte.",neutral,chuong_trinh_hoc
8967,"En la sección Espacio de filas ortogonal al espacio nulo, (tiempo 25.40) necesitamos transposición para la fila. Porque (fila)*x es el producto escalar, no (fila)^T*x.",neutral,kien_thuc
8968,"hermoso método. él incluso corre el riesgo de parecer estúpido durante la clase, pero su método es tan hermoso, tan efectivo. Es un VERDADERO MAESTRO.",positive,chuong_trinh_hoc
8968,"hermoso método. él incluso corre el riesgo de parecer estúpido durante la clase, pero su método es tan hermoso, tan efectivo. Es un VERDADERO MAESTRO.",positive,ky_nang_giang_day
8969,"@[USERNAME]Los de Khanacademy te dan la intuición, pero la capacidad de derivarlos, al menos para mí, hace que este sea superior. Si bien el Sr. Khan es excelente para darte intuición, creo que es mucho mejor para ti poder derivar las ecuaciones para que puedas obtener la intuición. Además, no te dice cómo derivar nada, salvo unos pocos ejemplos (por lo que he visto).",negative,chuong_trinh_hoc
8970,Qué dulce... desearía que mi profesor de álgebra lineal (1.º) estuviera realmente interesado en enseñar matemáticas.,neutral,ky_nang_giang_day
8971,"35:55 El tamaño de la matriz identidad debería ser nxn para que sea conforme, ¿no es así?",neutral,kien_thuc
8972,"Si necesito entender esta conferencia para continuar con el resto del curso, será mejor que abandone las matemáticas para siempre...",negative,chuong_trinh_hoc
8973,"Este tipo es un genio... Dios mío, tiene una mente rápida.",positive,ky_nang_giang_day
8974,¿Qué tenía de divertido la intersección del plano (1)?,neutral,kien_thuc
8975,"¡Genial (serie 1)! Sin embargo, a partir del minuto 31:00, utiliza un lenguaje poco preciso y no es muy preciso con la notación (o me estoy perdiendo algo). En mi humilde opinión, no es correcto escribir Y=g(X). Además, debajo de eso también escribe g(x) (""x"" minúscula). Creo que lo correcto debería ser Y=g o X (donde ""o"" es composición de funciones). Solo entonces tiene sentido g(x) (""x"" minúscula). De lo contrario, si lo que está escribiendo ""Y=g(X)"" es la forma correcta, ¿cuál es el dominio de g?",positive,chuong_trinh_hoc
8975,"¡Genial (serie 1)! Sin embargo, a partir del minuto 31:00, utiliza un lenguaje poco preciso y no es muy preciso con la notación (o me estoy perdiendo algo). En mi humilde opinión, no es correcto escribir Y=g(X). Además, debajo de eso también escribe g(x) (""x"" minúscula). Creo que lo correcto debería ser Y=g o X (donde ""o"" es composición de funciones). Solo entonces tiene sentido g(x) (""x"" minúscula). De lo contrario, si lo que está escribiendo ""Y=g(X)"" es la forma correcta, ¿cuál es el dominio de g?",negative,ky_nang_giang_day
8976,¿A quién no le gusta un video con este hombre en él?,positive,chuong_trinh_hoc
8976,¿A quién no le gusta un video con este hombre en él?,positive,noi_chung
8977,"En general, la gente de la India, especialmente de Bihar, piensa que es muy inteligente en matemáticas, pero eso es del tipo ""Rattaficación"" según mi experiencia. ¡Aquí están las matemáticas reales! Literalmente me encantó esto conferencia, deseo completar toda la parte de cálculo desde aquí, no para ninguna entrada sino solo para llevar mi comprensión al siguiente nivel. Gracias MIT :)",positive,chuong_trinh_hoc
8977,"En general, la gente de la India, especialmente de Bihar, piensa que es muy inteligente en matemáticas, pero eso es del tipo ""Rattaficación"" según mi experiencia. ¡Aquí están las matemáticas reales! Literalmente me encantó esto conferencia, deseo completar toda la parte de cálculo desde aquí, no para ninguna entrada sino solo para llevar mi comprensión al siguiente nivel. Gracias MIT :)",positive,noi_chung
8977,"En general, la gente de la India, especialmente de Bihar, piensa que es muy inteligente en matemáticas, pero eso es del tipo ""Rattaficación"" según mi experiencia. ¡Aquí están las matemáticas reales! Literalmente me encantó esto conferencia, deseo completar toda la parte de cálculo desde aquí, no para ninguna entrada sino solo para llevar mi comprensión al siguiente nivel. Gracias MIT :)",neutral,noi_chung
8977,"En general, la gente de la India, especialmente de Bihar, piensa que es muy inteligente en matemáticas, pero eso es del tipo ""Rattaficación"" según mi experiencia. ¡Aquí están las matemáticas reales! Literalmente me encantó esto conferencia, deseo completar toda la parte de cálculo desde aquí, no para ninguna entrada sino solo para llevar mi comprensión al siguiente nivel. Gracias MIT :)",neutral,noi_chung
8978,"Esta es una obra maestra  que explica los fundamentos del álgebra lineal, aunque no cubre los temas avanzados, como la derivada, que se utilizan en ML y DL. Se recomienda enfáticamente seguir el curso completo de OCW en lugar de solo mirar los videos.",positive,de_xuat
8979,"Estaba muy nervioso por tomar cálculo multivariable en la universidad, porque no entendía cálculo vectorial que estaba aprendiendo al final de cálculo 2. Ahora me doy cuenta de que no es tan difícil porque lo entiendo, ¡y esa asignatura secundaria de matemáticas es mía!",positive,kien_thuc
8979,"Estaba muy nervioso por tomar cálculo multivariable en la universidad, porque no entendía cálculo vectorial que estaba aprendiendo al final de cálculo 2. Ahora me doy cuenta de que no es tan difícil porque lo entiendo, ¡y esa asignatura secundaria de matemáticas es mía!",negative,chuong_trinh_hoc
8979,"Estaba muy nervioso por tomar cálculo multivariable en la universidad, porque no entendía cálculo vectorial que estaba aprendiendo al final de cálculo 2. Ahora me doy cuenta de que no es tan difícil porque lo entiendo, ¡y esa asignatura secundaria de matemáticas es mía!",positive,chuong_trinh_hoc
8980,"Profesor Jerison, ¡muchas gracias por brindarnos una serie de cálculo tan fascinante!",positive,ky_nang_giang_day
8980,"Profesor Jerison, ¡muchas gracias por brindarnos una serie de cálculo tan fascinante!",positive,chuong_trinh_hoc
8981,La (clase 1) es tan alborotada... debe ser por ese sexy acento francés.,neutral,chuong_trinh_hoc
8982,"¡Dejen de seguir al tipo con la cámara! Quiero ver la pizarra. ¡Estamos aquí para aprender sobre teoremas, no para admirar la camisa del tipo!",negative,thiet_bi_day_hoc
8982,"¡Dejen de seguir al tipo con la cámara! Quiero ver la pizarra. ¡Estamos aquí para aprender sobre teoremas, no para admirar la camisa del tipo!",neutral,thiet_bi_day_hoc
8982,"¡Dejen de seguir al tipo con la cámara! Quiero ver la pizarra. ¡Estamos aquí para aprender sobre teoremas, no para admirar la camisa del tipo!",neutral,kien_thuc
8982,"¡Dejen de seguir al tipo con la cámara! Quiero ver la pizarra. ¡Estamos aquí para aprender sobre teoremas, no para admirar la camisa del tipo!",negative,noi_chung
8983,"Este (1er curso) realmente es genial en la serie de matemáticas,",positive,chuong_trinh_hoc
8984,"Esto es realmente útil, lo que me hace sentir que las matemáticas no son tan conceptuales.",positive,kien_thuc
8985,"Todavía estoy confundido acerca de la independencia vectores. ¿Cómo es que [112],[225] son independientes? 2(1)-2 = 0. Entonces, obtenemos un 0 usando alguna combinación lineal, ¿cierto?",neutral,kien_thuc
8986,"¿Qué puedo decir? Estoy tomando estas conferencias por la noche, antes de irme a dormir, y nunca pensé que me gustaría estudiar cálculo solo por diversión. Ni siquiera me gusta estudiar en absoluto, ¡pero todas estas conferencias del MIT son tan interesantes! Además, Denis es lindo :3",positive,chuong_trinh_hoc
8987,Incluso Gilbert Strang no nos dice de dónde viene la fórmula del determinante... Realmente triste... Las propiedades 1-3 también son deducibles de esa fórmula.,neutral,ky_nang_giang_day
8988,¿Comenzó diciendo que esto era mucho más simple e intuitivo? ¿Entonces por qué mi profesor siempre sonaba como si viniera del espacio exterior?,negative,ky_nang_giang_day
8988,¿Comenzó diciendo que esto era mucho más simple e intuitivo? ¿Entonces por qué mi profesor siempre sonaba como si viniera del espacio exterior?,positive,ky_nang_giang_day
8989,Muy bien conferencia Profesor Strang gracias desde la Selva Amazónica.,positive,chuong_trinh_hoc
8989,Muy bien conferencia Profesor Strang gracias desde la Selva Amazónica.,positive,ky_nang_giang_day
8990,¿Por qué A-lamda I es singular a las 19:00?,neutral,kien_thuc
8991,"Apenas puedo dudar en decir que estas conferencias son incomparables con las conferencias a las que asisto para Álgebra lineal en la universidad. Es asombroso la frecuencia con la que, al ver estos videos, pienso: ""¡Ahora lo entiendo, lo entiendo!"". ¡Felicitaciones a usted Profesor Strang!",positive,ky_nang_giang_day
8991,"Apenas puedo dudar en decir que estas conferencias son incomparables con las conferencias a las que asisto para Álgebra lineal en la universidad. Es asombroso la frecuencia con la que, al ver estos videos, pienso: ""¡Ahora lo entiendo, lo entiendo!"". ¡Felicitaciones a usted Profesor Strang!",positive,chuong_trinh_hoc
8991,"Apenas puedo dudar en decir que estas conferencias son incomparables con las conferencias a las que asisto para Álgebra lineal en la universidad. Es asombroso la frecuencia con la que, al ver estos videos, pienso: ""¡Ahora lo entiendo, lo entiendo!"". ¡Felicitaciones a usted Profesor Strang!",positive,kien_thuc
8991,"Apenas puedo dudar en decir que estas conferencias son incomparables con las conferencias a las que asisto para Álgebra lineal en la universidad. Es asombroso la frecuencia con la que, al ver estos videos, pienso: ""¡Ahora lo entiendo, lo entiendo!"". ¡Felicitaciones a usted Profesor Strang!",positive,chuong_trinh_hoc
8992,"4:14: Bien, vamos a votar: ¿es sen-sen o sen-coseno? ¡Prueba por popularidad!",neutral,kien_thuc
8992,"4:14: Bien, vamos a votar: ¿es sen-sen o sen-coseno? ¡Prueba por popularidad!",neutral,kien_thuc
8993,"Profesor Strang, simplemente: ¡¡¡Gracias de nuevo!!!",positive,ky_nang_giang_day
8995,"Gracias Gilbert Strang y MIT por compartir esto. ¡Bien, listos para el viaje! ¡Vamos!",neutral,ky_nang_giang_day
8996,"'Yo era el hermano pequeño' jajaja, genial conferencia como siempre",positive,chuong_trinh_hoc
8997,"A las 22:00 M = B solo se aplica si B es invertible, ¿no? ¿Qué sucede en otros casos en los que B no lo es?",neutral,kien_thuc
8997,"A las 22:00 M = B solo se aplica si B es invertible, ¿no? ¿Qué sucede en otros casos en los que B no lo es?",neutral,kien_thuc
8998,Esta clase fue puro arte,positive,chuong_trinh_hoc
8999,"¡Qué ser humano tan maravilloso, y debe ser excelente maestro también!",positive,ky_nang_giang_day
9000,mit tiene alta calidad de pizarra,positive,thiet_bi_day_hoc
9000,mit tiene alta calidad de pizarra,positive,noi_chung
9001,14:24 Esto aclara la diferencia entre los ejemplos 2 y 3. Simplemente muestra cuán poco intuitivos pueden ser algunos problemas de probabilidad.,negative,kien_thuc
9002,La siguiente conferencia puede ser...pura felicidad. :D,positive,chuong_trinh_hoc
9003,"Gracias profesor Gilbert Strang y al MiT por esta serie absolutamente fabulosa serie sobre álgebra lineal, para beneficio de estudiantes de todo el mundo. Para mí, esto es lo mejor de Estados Unidos. Saludos desde Trondheim, Noruega.",positive,ky_nang_giang_day
9003,"Gracias profesor Gilbert Strang y al MiT por esta serie absolutamente fabulosa serie sobre álgebra lineal, para beneficio de estudiantes de todo el mundo. Para mí, esto es lo mejor de Estados Unidos. Saludos desde Trondheim, Noruega.",positive,chuong_trinh_hoc
9004,Ojalá hubiera tenido a este tipo para Cálculo I y II. ¡No puedo creer la diferencia que supone tener una letra clara y clara!,positive,thiet_bi_day_hoc
9004,Ojalá hubiera tenido a este tipo para Cálculo I y II. ¡No puedo creer la diferencia que supone tener una letra clara y clara!,positive,ky_nang_giang_day
9005,¿Quién es responsable de las fluctuaciones del volumen del audio? ¡GAH! Este video es casi imposible de ver.,negative,chuong_trinh_hoc
9005,¿Quién es responsable de las fluctuaciones del volumen del audio? ¡GAH! Este video es casi imposible de ver.,negative,thiet_bi_day_hoc
9006,A las 45:22 ¿cómo puede ser que el momento de inercia tenga dimensión de [M*l^4]? Creo que debería ser [M*l^2] ¿cierto?,negative,kien_thuc
9007,quiero entender por qué A_s tiene dos filas idénticas-.-,neutral,kien_thuc
9007,quiero entender por qué A_s tiene dos filas idénticas-.-,neutral,kien_thuc
9008,Esta Conferencia parece carecer un poco de ejemplos y ilustraciones.,negative,chuong_trinh_hoc
9008,Esta Conferencia parece carecer un poco de ejemplos y ilustraciones.,negative,thiet_bi_day_hoc
9008,Esta Conferencia parece carecer un poco de ejemplos y ilustraciones.,negative,thiet_bi_day_hoc
9009,"Hola, ¿Alguien me puede ayudar a aprender Cálculo de manera lineal? Quiero decir desde lo más básico. Muchas gracias, me será de gran ayuda.",neutral,kien_thuc
9010,"¿Cómo es el límite integral de la línea del ejemplo 1: c3 curva de 0 a 1/raíz2? ¿Por qué es punto (1/raíz2,1/raíz2)?",neutral,kien_thuc
9010,"¿Cómo es el límite integral de la línea del ejemplo 1: c3 curva de 0 a 1/raíz2? ¿Por qué es punto (1/raíz2,1/raíz2)?",neutral,kien_thuc
9011,"Gracias por tan excelente conferencia . Por favor, presente pruebas de las normas generales del hospital.",positive,chuong_trinh_hoc
9012,"Pensé que sería genial cuando sumó los dos bucles en la imagen, luego sumó las dos bases vector para N(A^T) y creó un dependiente vector. Esperaba que eso sucediera solo en teoría, pero verlo realmente sucedió me dejó atónito.",positive,kien_thuc
9012,"Pensé que sería genial cuando sumó los dos bucles en la imagen, luego sumó las dos bases vector para N(A^T) y creó un dependiente vector. Esperaba que eso sucediera solo en teoría, pero verlo realmente sucedió me dejó atónito.",positive,kien_thuc
9012,"Pensé que sería genial cuando sumó los dos bucles en la imagen, luego sumó las dos bases vector para N(A^T) y creó un dependiente vector. Esperaba que eso sucediera solo en teoría, pero verlo realmente sucedió me dejó atónito.",positive,ky_nang_giang_day
9013,"¿Alguien aquí que pueda responder la pregunta (a las 42:42) ""Si matrices A y B tienen los mismos 4 subespacios, entonces _____llene_el_espacio_en_blanco____"".",neutral,kien_thuc
9013,"¿Alguien aquí que pueda responder la pregunta (a las 42:42) ""Si matrices A y B tienen los mismos 4 subespacios, entonces _____llene_el_espacio_en_blanco____"".",neutral,kien_thuc
9014,"Estoy confundido acerca de la intersección). 1) Si la intersección) no contiene el origen, entonces no puede multiplicar por cero y, por lo tanto, no satisface la condición 22) v&w puede estar en ambos subespacios y se puede agregar o multiplicar escalarmente en cualquiera de los dos, pero una vez que el subespacio está restringido, ¿cómo sabe que esto sigue siendo cierto?",neutral,kien_thuc
9014,"Estoy confundido acerca de la intersección). 1) Si la intersección) no contiene el origen, entonces no puede multiplicar por cero y, por lo tanto, no satisface la condición 22) v&w puede estar en ambos subespacios y se puede agregar o multiplicar escalarmente en cualquiera de los dos, pero una vez que el subespacio está restringido, ¿cómo sabe que esto sigue siendo cierto?",neutral,kien_thuc
9014,"Estoy confundido acerca de la intersección). 1) Si la intersección) no contiene el origen, entonces no puede multiplicar por cero y, por lo tanto, no satisface la condición 22) v&w puede estar en ambos subespacios y se puede agregar o multiplicar escalarmente en cualquiera de los dos, pero una vez que el subespacio está restringido, ¿cómo sabe que esto sigue siendo cierto?",neutral,kien_thuc
9014,"Estoy confundido acerca de la intersección). 1) Si la intersección) no contiene el origen, entonces no puede multiplicar por cero y, por lo tanto, no satisface la condición 22) v&w puede estar en ambos subespacios y se puede agregar o multiplicar escalarmente en cualquiera de los dos, pero una vez que el subespacio está restringido, ¿cómo sabe que esto sigue siendo cierto?",neutral,kien_thuc
9014,"Estoy confundido acerca de la intersección). 1) Si la intersección) no contiene el origen, entonces no puede multiplicar por cero y, por lo tanto, no satisface la condición 22) v&w puede estar en ambos subespacios y se puede agregar o multiplicar escalarmente en cualquiera de los dos, pero una vez que el subespacio está restringido, ¿cómo sabe que esto sigue siendo cierto?",neutral,kien_thuc
9015,Este tipo podría ser el peor profesor de todos los tiempos.,negative,ky_nang_giang_day
9016,"Genial profesor...hace que álgebra lineal tenga más sentido y sea más fácil de entender... quiero decir, se supone que debería ser más fácil... el propósito de álgebra lineal es hacer que las cosas complejas sean más fáciles de resolver... pero desafortunadamente muchos profesores no lo enseñan correctamente, lo que hace que parezca muy difícil de aprender.",positive,ky_nang_giang_day
9016,"Genial profesor...hace que álgebra lineal tenga más sentido y sea más fácil de entender... quiero decir, se supone que debería ser más fácil... el propósito de álgebra lineal es hacer que las cosas complejas sean más fáciles de resolver... pero desafortunadamente muchos profesores no lo enseñan correctamente, lo que hace que parezca muy difícil de aprender.",positive,chuong_trinh_hoc
9016,"Genial profesor...hace que álgebra lineal tenga más sentido y sea más fácil de entender... quiero decir, se supone que debería ser más fácil... el propósito de álgebra lineal es hacer que las cosas complejas sean más fáciles de resolver... pero desafortunadamente muchos profesores no lo enseñan correctamente, lo que hace que parezca muy difícil de aprender.",negative,ky_nang_giang_day
9017,Nunca había visto a alguien así.... ¡¡¡Increíble!!!!,positive,ky_nang_giang_day
9018,¿No puedo elegir también otros valores para x2 y x4 para encontrar otras soluciones particulares? ¿No desplazarían también el espacio nulo a otro punto y cubrirían regiones que no estaban ya definidas? ¿O la solución particular + el espacio nulo contienen el conjunto de todas las soluciones posibles para Rx=b?,neutral,kien_thuc
9019,¿Alguien podría explicar cómo hacer la integral en 28:00?,neutral,kien_thuc
9020,"En 42:10, ¿por qué se usa Zigma * para simular M? ¿No podemos usar directamente A para hacerlo?",negative,kien_thuc
9021,"Gracias Profesor Strang, ¡Usted inspira a la gente a amar las matemáticas, como debería ser!",positive,ky_nang_giang_day
9022,"28:43 Estoy un poco confundido, ¿por qué obtenemos vector cero aquí? ¿No debería ser vector 3, -1 https://matrixcalc.org/en/#%7B%7B1,2%7D,%7B3,6%7D%7D%2A%7B%7B3%7D,%7B-1%7D%7D",neutral,kien_thuc
9022,"28:43 Estoy un poco confundido, ¿por qué obtenemos vector cero aquí? ¿No debería ser vector 3, -1 https://matrixcalc.org/en/#%7B%7B1,2%7D,%7B3,6%7D%7D%2A%7B%7B3%7D,%7B-1%7D%7D",neutral,kien_thuc
9023,Creo que B_j debería ser A transpuesta reemplazada por b 24:16,neutral,kien_thuc
9024,¿Alguien sabe algo más concreto sobre los resultados de Srebro ? ¿Ya se han verificado? ¿Qué tan generales son? 44:54,neutral,kien_thuc
9025,Estas conferencias merecen una puntuación IMDB más alta que la mayoría de las series de Netflix.,positive,chuong_trinh_hoc
9026,¡Protejamos a este hombre a toda costa! ¡Ahora sabemos cómo es un ángel!,positive,ky_nang_giang_day
9027,¡¡¡Qué bien!!! Así nunca estudio determinante,neutral,kien_thuc
9028,"A*S=S*Lambda (Usando la vista de combinación lineal (parte de la columna Ax1=b1) de la multiplicación de matrices), ¡Eso es brillante y claro! ¡Gracias!",positive,kien_thuc
9028,"A*S=S*Lambda (Usando la vista de combinación lineal (parte de la columna Ax1=b1) de la multiplicación de matrices), ¡Eso es brillante y claro! ¡Gracias!",positive,noi_chung
9029,Tomando un descanso de NULL para aprender algo que me ayude a no morir,neutral,chuong_trinh_hoc
9029,Tomando un descanso de NULL para aprender algo que me ayude a no morir,neutral,noi_chung
9030,"¿Cuál es la intuición detrás de 'Ax = b no tiene solución, sin embargo Transpose(A Ax = Transpose(A) b) tiene una solución'? Estoy teniendo un momento difícil.",negative,kien_thuc
9030,"¿Cuál es la intuición detrás de 'Ax = b no tiene solución, sin embargo Transpose(A Ax = Transpose(A) b) tiene una solución'? Estoy teniendo un momento difícil.",negative,kien_thuc
9031,"¿Por qué carajos se congela mi video cuando llega a 00:27 segundos? ¡Parece como si mi proveedor de servicios Ethernet me estuviera impidiendo escuchar un gran lec! De todos modos, necesito un poco de café...",positive,chuong_trinh_hoc
9032,"Estimado profesor, Álgebra lineal es fascinante. Me costó entender Álgebra porque no podía ver más allá de los símbolos y las notaciones. Pero no me había dado cuenta antes de que el álgebra es un lenguaje simbólico para expresar formas geométricas.",positive,chuong_trinh_hoc
9032,"Estimado profesor, Álgebra lineal es fascinante. Me costó entender Álgebra porque no podía ver más allá de los símbolos y las notaciones. Pero no me había dado cuenta antes de que el álgebra es un lenguaje simbólico para expresar formas geométricas.",positive,kien_thuc
9033,Por fin un verdadero vídeo de análisis serie de conferencias del OCW :'). Gracias,positive,chuong_trinh_hoc
9034,"Me alegro mucho de no haberme rendido y haber llegado hasta aquí, gracias Prof. Strang",positive,ky_nang_giang_day
9035,"Como alguien que ha estudiado matemáticas durante 40 años y ha enseñado matemáticas durante 30 años, puedo decir que la sabiduría y la perspicacia de Profesor Strang son asombrosas. Además, su capacidad para compartir esta perspicacia con entusiasmo (por más peculiar y rara que sea) es un regalo para todos nosotros. Gracias, señor. Bendice a todos aquellos que se dedican a la enseñanza.",positive,ky_nang_giang_day
9036,"La descomposición de la representación decimal de los números reales fue genial. ¡Gracias! También me llama la atención que en una universidad de clase mundial como MIT, las conferencias todavía se impartan de una manera tan tradicional.",neutral,kien_thuc
9036,"La descomposición de la representación decimal de los números reales fue genial. ¡Gracias! También me llama la atención que en una universidad de clase mundial como MIT, las conferencias todavía se impartan de una manera tan tradicional.",neutral,kien_thuc
9036,"La descomposición de la representación decimal de los números reales fue genial. ¡Gracias! También me llama la atención que en una universidad de clase mundial como MIT, las conferencias todavía se impartan de una manera tan tradicional.",positive,noi_chung
9036,"La descomposición de la representación decimal de los números reales fue genial. ¡Gracias! También me llama la atención que en una universidad de clase mundial como MIT, las conferencias todavía se impartan de una manera tan tradicional.",positive,chuong_trinh_hoc
9037,Me gusta mucho la Videoconferencia 14 variables no independientes de su,positive,chuong_trinh_hoc
9038,¿Cuál es la aplicación de producto escalar en el cálculo multivariable? ¿Deberíamos esperar utilizarlo para pensar en gradientes? ¿Puntos críticos?,neutral,kien_thuc
9039,Suponemos que la concepción errónea de números complejos puede llevar a la comprensión errónea de algoritmos algébricos. En ese caso específico también vamos a abordarlo mediante prácticas en espacios de trabajo. Edificio C.,neutral,kien_thuc
9039,Suponemos que la concepción errónea de números complejos puede llevar a la comprensión errónea de algoritmos algébricos. En ese caso específico también vamos a abordarlo mediante prácticas en espacios de trabajo. Edificio C.,neutral,kien_thuc
9040,¿Cómo puedo encontrar el número de pivote en una matriz?,neutral,kien_thuc
9041,¿Cuál libro sería adecuado para esta serie de conferencias?,neutral,thiet_bi_day_hoc
9042,¡¡Genial!! Conferencia Me ayudó mucho.,positive,chuong_trinh_hoc
9043,56:29 subtítulo corrección en lugar de densidad de personalidad debería haber sido densidad de probabilidad. Gracias por el contenido =),neutral,noi_chung
9043,56:29 subtítulo corrección en lugar de densidad de personalidad debería haber sido densidad de probabilidad. Gracias por el contenido =),positive,ky_nang_giang_day
9044,No sabía que 18.06 existía desde hace siglos jajaja. El examen del año cero.,negative,noi_chung
9044,No sabía que 18.06 existía desde hace siglos jajaja. El examen del año cero.,negative,chuong_trinh_hoc
9045,¡Genial video señor! ¡Gracias a usted!,positive,chuong_trinh_hoc
9045,¡Genial video señor! ¡Gracias a usted!,positive,ky_nang_giang_day
9046,"14:11 - Él simplemente se lanzó a esto. No hay teoría, no hay descripción del ""plan"" detrás de lo que estábamos haciendo. ¿Podemos obtener algo de TEORÍA de esto en lugar de perder tiempo trabajando álgebra? ¿Qué HACEMOS realmente con estas ideas?",negative,kien_thuc
9047,Accidentalmente hice clic en este programa y lo vi. Se suponía que debía ver Yoona's Big Mouth en Disney+. Gracias Prof. Strang por la información.,neutral,ky_nang_giang_day
9048,"En realidad, esto es una conferencia de mierda, ni siquiera explica qué significa integrar ambos lados.",negative,chuong_trinh_hoc
9049,"Si la matriz tiene todas las conexiones, eventualmente tiene ciclos, pero no es un fracaso. ¿Qué es un rigor correcto criterios?",neutral,kien_thuc
9050,Los noté desde que vi la cuarta conferencia... Creo que es algún tipo de comentarios generados por computadora que alguien del MIT está usando. Pero no estoy seguro de en qué sentido. Es una mierda espeluznante.,negative,chuong_trinh_hoc
9050,Los noté desde que vi la cuarta conferencia... Creo que es algún tipo de comentarios generados por computadora que alguien del MIT está usando. Pero no estoy seguro de en qué sentido. Es una mierda espeluznante.,negative,noi_chung
9051,"Si Platón tenía razón sobre la teoría de las formas, estoy bastante seguro de que este es el IDEAL conferencia.",positive,chuong_trinh_hoc
9052,"Bueno, ¡él literalmente escribió el libro!",positive,ky_nang_giang_day
9053,"También me encanta esta serie de conferencia, pero en esta conferencia encuentro que no explica lo suficiente perpendicular). El ejemplo con la pizarra y el suelo es simplemente confuso (al menos para mí y mis colegas), porque obviamente forman un ángulo recto y, por lo tanto, son (8: perpendiculares). Y obviamente ambos son subespacios. Lo que me lleva a creer que la definición es incorrecta, lo que estoy seguro de que no es así.",negative,chuong_trinh_hoc
9053,"También me encanta esta serie de conferencia, pero en esta conferencia encuentro que no explica lo suficiente perpendicular). El ejemplo con la pizarra y el suelo es simplemente confuso (al menos para mí y mis colegas), porque obviamente forman un ángulo recto y, por lo tanto, son (8: perpendiculares). Y obviamente ambos son subespacios. Lo que me lleva a creer que la definición es incorrecta, lo que estoy seguro de que no es así.",negative,kien_thuc
9053,"También me encanta esta serie de conferencia, pero en esta conferencia encuentro que no explica lo suficiente perpendicular). El ejemplo con la pizarra y el suelo es simplemente confuso (al menos para mí y mis colegas), porque obviamente forman un ángulo recto y, por lo tanto, son (8: perpendiculares). Y obviamente ambos son subespacios. Lo que me lleva a creer que la definición es incorrecta, lo que estoy seguro de que no es así.",neutral,thiet_bi_day_hoc
9053,"También me encanta esta serie de conferencia, pero en esta conferencia encuentro que no explica lo suficiente perpendicular). El ejemplo con la pizarra y el suelo es simplemente confuso (al menos para mí y mis colegas), porque obviamente forman un ángulo recto y, por lo tanto, son (8: perpendiculares). Y obviamente ambos son subespacios. Lo que me lleva a creer que la definición es incorrecta, lo que estoy seguro de que no es así.",positive,thiet_bi_day_hoc
9053,"También me encanta esta serie de conferencia, pero en esta conferencia encuentro que no explica lo suficiente perpendicular). El ejemplo con la pizarra y el suelo es simplemente confuso (al menos para mí y mis colegas), porque obviamente forman un ángulo recto y, por lo tanto, son (8: perpendiculares). Y obviamente ambos son subespacios. Lo que me lleva a creer que la definición es incorrecta, lo que estoy seguro de que no es así.",negative,ky_nang_giang_day
9053,"También me encanta esta serie de conferencia, pero en esta conferencia encuentro que no explica lo suficiente perpendicular). El ejemplo con la pizarra y el suelo es simplemente confuso (al menos para mí y mis colegas), porque obviamente forman un ángulo recto y, por lo tanto, son (8: perpendiculares). Y obviamente ambos son subespacios. Lo que me lleva a creer que la definición es incorrecta, lo que estoy seguro de que no es así.",neutral,thiet_bi_day_hoc
9053,"También me encanta esta serie de conferencia, pero en esta conferencia encuentro que no explica lo suficiente perpendicular). El ejemplo con la pizarra y el suelo es simplemente confuso (al menos para mí y mis colegas), porque obviamente forman un ángulo recto y, por lo tanto, son (8: perpendiculares). Y obviamente ambos son subespacios. Lo que me lleva a creer que la definición es incorrecta, lo que estoy seguro de que no es así.",neutral,kien_thuc
9053,"También me encanta esta serie de conferencia, pero en esta conferencia encuentro que no explica lo suficiente perpendicular). El ejemplo con la pizarra y el suelo es simplemente confuso (al menos para mí y mis colegas), porque obviamente forman un ángulo recto y, por lo tanto, son (8: perpendiculares). Y obviamente ambos son subespacios. Lo que me lleva a creer que la definición es incorrecta, lo que estoy seguro de que no es así.",neutral,kien_thuc
9053,"También me encanta esta serie de conferencia, pero en esta conferencia encuentro que no explica lo suficiente perpendicular). El ejemplo con la pizarra y el suelo es simplemente confuso (al menos para mí y mis colegas), porque obviamente forman un ángulo recto y, por lo tanto, son (8: perpendiculares). Y obviamente ambos son subespacios. Lo que me lleva a creer que la definición es incorrecta, lo que estoy seguro de que no es así.",neutral,kien_thuc
9054,"Esta es una excelente conferencia sobre eliminación de matrices que finalmente estoy aprendiendo por primera vez. DR. Strang, me encanta la forma en que explica multiplicación de matrices.",positive,chuong_trinh_hoc
9054,"Esta es una excelente conferencia sobre eliminación de matrices que finalmente estoy aprendiendo por primera vez. DR. Strang, me encanta la forma en que explica multiplicación de matrices.",positive,ky_nang_giang_day
9054,"Esta es una excelente conferencia sobre eliminación de matrices que finalmente estoy aprendiendo por primera vez. DR. Strang, me encanta la forma en que explica multiplicación de matrices.",positive,kien_thuc
9054,"Esta es una excelente conferencia sobre eliminación de matrices que finalmente estoy aprendiendo por primera vez. DR. Strang, me encanta la forma en que explica multiplicación de matrices.",positive,kien_thuc
9055,Nadie: Dr. Strang mantuvo la misma vestimenta excepto en 2-3 conferencias donde se puso el suéter sobre la camisa.,positive,ky_nang_giang_day
9055,Nadie: Dr. Strang mantuvo la misma vestimenta excepto en 2-3 conferencias donde se puso el suéter sobre la camisa.,positive,chuong_trinh_hoc
9056,¿No se supone que grad(f) es [x by] en lugar de [2x 2by]?,neutral,kien_thuc
9056,¿No se supone que grad(f) es [x by] en lugar de [2x 2by]?,neutral,kien_thuc
9056,¿No se supone que grad(f) es [x by] en lugar de [2x 2by]?,neutral,kien_thuc
9057,"Independencia, base y dimensión. Hmmm, parece un título de Robert Nozick. ¡Gracias Dr. Strang!",positive,ky_nang_giang_day
9058,Estoy muy agradecido por estas conferencias. Aunque el movimiento de cámara a veces resulta molesto.,positive,chuong_trinh_hoc
9058,Estoy muy agradecido por estas conferencias. Aunque el movimiento de cámara a veces resulta molesto.,negative,thiet_bi_day_hoc
9059,"46:15 ¡Mierda! ¡Dio un adelanto de álgebra abstracta justo ahí! Acabo de terminar álgebra abstracta y estaba viendo estas conferencias porque... no necesito una razón, ¡y me acabo de dar cuenta de eso ahora! Prof Strang es increíble. Me alegro de poder ver estas conferencias desde cualquier lugar y en cualquier momento que quiera :)",positive,chuong_trinh_hoc
9059,"46:15 ¡Mierda! ¡Dio un adelanto de álgebra abstracta justo ahí! Acabo de terminar álgebra abstracta y estaba viendo estas conferencias porque... no necesito una razón, ¡y me acabo de dar cuenta de eso ahora! Prof Strang es increíble. Me alegro de poder ver estas conferencias desde cualquier lugar y en cualquier momento que quiera :)",positive,ky_nang_giang_day
9059,"46:15 ¡Mierda! ¡Dio un adelanto de álgebra abstracta justo ahí! Acabo de terminar álgebra abstracta y estaba viendo estas conferencias porque... no necesito una razón, ¡y me acabo de dar cuenta de eso ahora! Prof Strang es increíble. Me alegro de poder ver estas conferencias desde cualquier lugar y en cualquier momento que quiera :)",positive,ky_nang_giang_day
9059,"46:15 ¡Mierda! ¡Dio un adelanto de álgebra abstracta justo ahí! Acabo de terminar álgebra abstracta y estaba viendo estas conferencias porque... no necesito una razón, ¡y me acabo de dar cuenta de eso ahora! Prof Strang es increíble. Me alegro de poder ver estas conferencias desde cualquier lugar y en cualquier momento que quiera :)",positive,chuong_trinh_hoc
9060,"He hablado sobre este tema en este momento, no entiendo nada al respecto, tengo poca confianza en mí mismo, pero al ver esto conferencia, entiendo todo nuevamente.",positive,chuong_trinh_hoc
9061,Gilbert Strang - una leyenda en ciernes...,positive,ky_nang_giang_day
9062,"numéricamente incorrecto. Acepté que las unidades eran correctas hace más de un mes. Por favor, aprenda a leer.",positive,kien_thuc
9063,GOAT Clases magistrales como primer curso en probabilidad,positive,chuong_trinh_hoc
9063,GOAT Clases magistrales como primer curso en probabilidad,positive,kien_thuc
9064,29:33 debería ser que puedes encontrar un vector x distinto de cero con Ax=0,neutral,kien_thuc
9064,29:33 debería ser que puedes encontrar un vector x distinto de cero con Ax=0,neutral,kien_thuc
9065,La pasión por las matemáticas y enseñarlas se nota en ti y es realmente contagiosa. Te estaré eternamente agradecida. <3,positive,ky_nang_giang_day
9066,"Por qué esto solo tuvo 300 000 visitas = 30 000 visitas por año de todo el mundo. Hay millones de estudiantes de ingeniería, matemáticas y ciencias que necesitan álgebra lineal cada año.",neutral,chuong_trinh_hoc
9066,"Por qué esto solo tuvo 300 000 visitas = 30 000 visitas por año de todo el mundo. Hay millones de estudiantes de ingeniería, matemáticas y ciencias que necesitan álgebra lineal cada año.",positive,kien_thuc
9067,"Dr. Strang Gracias por ayudarme a volver a aprender álgebra lineal y sus conceptos importantes. Cuando tomé esta clase en la Universidad de Maryland, condado de Baltimore, al profesor no le importaba si la aprendía o no.",positive,ky_nang_giang_day
9067,"Dr. Strang Gracias por ayudarme a volver a aprender álgebra lineal y sus conceptos importantes. Cuando tomé esta clase en la Universidad de Maryland, condado de Baltimore, al profesor no le importaba si la aprendía o no.",negative,ky_nang_giang_day
9068,"En 22:38, ¿el dF/dt no es un vector? ¿Alguien puede explicarlo? Gracias.",neutral,kien_thuc
9069,"""No sabemos realmente qué significa dividir por diferenciales"". Podría haber jurado que Abraham Robinson era famoso por algo... ¿Qué era eso de nuevo?",neutral,kien_thuc
9070,Leyenda de las matemáticas. Gracias señor por su amor hacia los estudiantes y la enseñanza matemáticas,positive,ky_nang_giang_day
9070,Leyenda de las matemáticas. Gracias señor por su amor hacia los estudiantes y la enseñanza matemáticas,positive,kien_thuc
9071,"Mmm ese último problema: que matriz 3x2 se multiplica por matriz cero [0,0] no da como resultado otra matriz cero?!",neutral,kien_thuc
9071,"Mmm ese último problema: que matriz 3x2 se multiplica por matriz cero [0,0] no da como resultado otra matriz cero?!",neutral,kien_thuc
9072,"Creo que la clase empieza a volverse confusa a partir de las 18:30, con alguna claridad ocasional, prof. Strang empieza a arrojar hechos que no tienen una conexión lógica clara. Por ejemplo, la introducción de Hessenberg superior, tri-diagonal y bi-diagonal, por qué los buscamos y de qué manera ayudan a los métodos QR no me resulta muy natural.",negative,ky_nang_giang_day
9073,Me gusta mucho Videoconferencia 07: Reseña. De tu,positive,chuong_trinh_hoc
9074,18:06 ¿Por qué restó 2 unidades?,neutral,kien_thuc
9075,Creo que hay un pequeño error en el gráfico de (a_i*x-b^2). El límite área de confusión no es a_i/b_i sino b_i/a_i,neutral,kien_thuc
9075,Creo que hay un pequeño error en el gráfico de (a_i*x-b^2). El límite área de confusión no es a_i/b_i sino b_i/a_i,neutral,kien_thuc
9075,Creo que hay un pequeño error en el gráfico de (a_i*x-b^2). El límite área de confusión no es a_i/b_i sino b_i/a_i,neutral,kien_thuc
9075,Creo que hay un pequeño error en el gráfico de (a_i*x-b^2). El límite área de confusión no es a_i/b_i sino b_i/a_i,neutral,kien_thuc
9076,Este artículo trata sobre los matemáticos que descubrieron que la forma más rápida de multiplicar es n*log(n) pasos en lugar de los n^2 habituales.https://www.quantamagazine.org/mathematicians-discover-the-perfect-way-to-multiply-20190411/ el profesor Strang le muestra cómo es eso en esta conferencia.,neutral,ky_nang_giang_day
9077,No olvidemos otra gran cosa del MIT: el MIT comparte estas cosas conferencias.,positive,chuong_trinh_hoc
9078,Este hombre es muy gracioso,positive,ky_nang_giang_day
9079,Esto me inspira a hacer una pequeña contribución al MIT OCW.,neutral,chuong_trinh_hoc
9080,¡Muy útil para futuros estudiantes! ¡Genial trabajo! ¡Gracias!,positive,ky_nang_giang_day
9080,¡Muy útil para futuros estudiantes! ¡Genial trabajo! ¡Gracias!,positive,chuong_trinh_hoc
9081,¿Por qué el espacio nulo de A está en Rn en lugar de Rm cuando los vectores de solución especial tienen m componentes?,neutral,kien_thuc
9081,¿Por qué el espacio nulo de A está en Rn en lugar de Rm cuando los vectores de solución especial tienen m componentes?,neutral,kien_thuc
9081,¿Por qué el espacio nulo de A está en Rn en lugar de Rm cuando los vectores de solución especial tienen m componentes?,neutral,kien_thuc
9081,¿Por qué el espacio nulo de A está en Rn en lugar de Rm cuando los vectores de solución especial tienen m componentes?,neutral,kien_thuc
9082,Gracias por el maravilloso contenido :D El profesor Strang es mi modelo a seguir. Tiene la belleza que no se oxida con el paso del tiempo.,positive,chuong_trinh_hoc
9082,Gracias por el maravilloso contenido :D El profesor Strang es mi modelo a seguir. Tiene la belleza que no se oxida con el paso del tiempo.,positive,ky_nang_giang_day
9083,"Genial Conferencia. ¿Alguien podría responder a mi pregunta? Entiendo que el vector de error (b-p) es más pequeño cuando e es ortogonal al espacio columna. Lo que me confunde es la parte del error al cuadrado (2). Al usar la proyección, pensé que lo que se resolvió es la Xhat que podría minimizar el vector de error en lugar del error al cuadrado. ¿Alguien podría ayudarme a aclarar esto?",positive,chuong_trinh_hoc
9083,"Genial Conferencia. ¿Alguien podría responder a mi pregunta? Entiendo que el vector de error (b-p) es más pequeño cuando e es ortogonal al espacio columna. Lo que me confunde es la parte del error al cuadrado (2). Al usar la proyección, pensé que lo que se resolvió es la Xhat que podría minimizar el vector de error en lugar del error al cuadrado. ¿Alguien podría ayudarme a aclarar esto?",neutral,kien_thuc
9084,@[USERNAME]Creo que x está limitado a números entre 0 y 1,neutral,kien_thuc
9085,¿Alguien más piensa que habla con la misma pasión por las matemáticas que NULL por Química? Me encanta este tipo.,positive,ky_nang_giang_day
9085,¿Alguien más piensa que habla con la misma pasión por las matemáticas que NULL por Química? Me encanta este tipo.,positive,noi_chung
9085,¿Alguien más piensa que habla con la misma pasión por las matemáticas que NULL por Química? Me encanta este tipo.,positive,noi_chung
9086,@[USERNAME]No creo haber aprendido nunca que los vectores propios de una matriz simétrica (u ortogonal) son ortogonales. Eso parece... mágico...,neutral,kien_thuc
9087,¿Quién más ve estos videos a 2x?,neutral,chuong_trinh_hoc
9088,"En realidad, noté la (CONFUSIÓN DE VOLUMEN DE ÁREA 1) la primera vez y también entendí el poder de 1 :) Así que merezco un agradecimiento de un profesor del MIT... ¡Hurra!",positive,kien_thuc
9089,"@[USERNAME]Necesitas un mínimo de precálculo. Los estudiantes normalmente no se saltan cálculo múltiple (aunque pueden hacerlo) porque muy pocas escuelas secundarias enseñan cálculo multivariable, aunque ofrecen un examen avanzado para salteártelo si aprendiste de cualquier manera.",neutral,kien_thuc
9089,"@[USERNAME]Necesitas un mínimo de precálculo. Los estudiantes normalmente no se saltan cálculo múltiple (aunque pueden hacerlo) porque muy pocas escuelas secundarias enseñan cálculo multivariable, aunque ofrecen un examen avanzado para salteártelo si aprendiste de cualquier manera.",neutral,kien_thuc
9090,¿Por qué tenemos que escribir dx en una integral?,neutral,kien_thuc
9090,¿Por qué tenemos que escribir dx en una integral?,neutral,kien_thuc
9091,"Soy estudiante de ingeniería y he estado buscando esto durante mucho tiempo. análisis real, análisis funcional. Espero que en el futuro haya análisis complejo. Esto es extremadamente útil para el procesamiento de señales digitales. Una cosa extraña es que actualmente todos los cosas de aprendizaje automático no están diseñados para cosas que tienen números complejos dentro de ellos.",positive,kien_thuc
9091,"Soy estudiante de ingeniería y he estado buscando esto durante mucho tiempo. análisis real, análisis funcional. Espero que en el futuro haya análisis complejo. Esto es extremadamente útil para el procesamiento de señales digitales. Una cosa extraña es que actualmente todos los cosas de aprendizaje automático no están diseñados para cosas que tienen números complejos dentro de ellos.",positive,kien_thuc
9091,"Soy estudiante de ingeniería y he estado buscando esto durante mucho tiempo. análisis real, análisis funcional. Espero que en el futuro haya análisis complejo. Esto es extremadamente útil para el procesamiento de señales digitales. Una cosa extraña es que actualmente todos los cosas de aprendizaje automático no están diseñados para cosas que tienen números complejos dentro de ellos.",positive,kien_thuc
9091,"Soy estudiante de ingeniería y he estado buscando esto durante mucho tiempo. análisis real, análisis funcional. Espero que en el futuro haya análisis complejo. Esto es extremadamente útil para el procesamiento de señales digitales. Una cosa extraña es que actualmente todos los cosas de aprendizaje automático no están diseñados para cosas que tienen números complejos dentro de ellos.",neutral,kien_thuc
9091,"Soy estudiante de ingeniería y he estado buscando esto durante mucho tiempo. análisis real, análisis funcional. Espero que en el futuro haya análisis complejo. Esto es extremadamente útil para el procesamiento de señales digitales. Una cosa extraña es que actualmente todos los cosas de aprendizaje automático no están diseñados para cosas que tienen números complejos dentro de ellos.",neutral,kien_thuc
9092,¡Me encanta la forma en que enseña! Gracias,positive,thiet_bi_day_hoc
9093,"No voy a mentir, bueno (video 1), pero las miniaturas dan escalofríos",positive,chuong_trinh_hoc
9094,"Excelente, excelente conferencia porque el profesor Strang explica y se centra en las ideas clave y el significado intuitivo, no solo en la mecánica, como hacen la mayoría de los libros y tutoriales. ¡Gracias, profesor Strang, por compartir su gran mente y sus habilidades como gran educador!",positive,chuong_trinh_hoc
9094,"Excelente, excelente conferencia porque el profesor Strang explica y se centra en las ideas clave y el significado intuitivo, no solo en la mecánica, como hacen la mayoría de los libros y tutoriales. ¡Gracias, profesor Strang, por compartir su gran mente y sus habilidades como gran educador!",positive,ky_nang_giang_day
9095,"¿Cuántas veces te ha hecho sonreír ver una conferencia? Yo sonreía constantemente, cada vez que señalaba algo en lo que no había pensado por la forma en que lo mencionaba. ¡Qué profesor tan increíble!",positive,ky_nang_giang_day
9095,"¿Cuántas veces te ha hecho sonreír ver una conferencia? Yo sonreía constantemente, cada vez que señalaba algo en lo que no había pensado por la forma en que lo mencionaba. ¡Qué profesor tan increíble!",positive,ky_nang_giang_day
9096,El prof es bastante divertido.,positive,ky_nang_giang_day
9097,"Espero que la mayoría de ustedes hayan notado que en 42:21 estábamos tratando con una ""función del baño"" ;)",positive,kien_thuc
9098,Te amo señor. Con amor desde la India.,positive,ky_nang_giang_day
9099,"@3:30, ¿por qué omite los escalares sigma (valores singulares) en esta suma de vectores singulares izquierdo y derecho para producir X? ¿Es correcto?",negative,kien_thuc
9100,Un maestro vivo del álgebra lineal que no se deja intimidar por las ideas espontáneas mientras articula los significados más profundos ocultos en la misteriosa criatura matemática llamada matrices.,positive,ky_nang_giang_day
9101,"Gracias MIT, gracias Sr. Strang, ¡¡¡así es como se debería enseñar TODO!!!",positive,noi_chung
9101,"Gracias MIT, gracias Sr. Strang, ¡¡¡así es como se debería enseñar TODO!!!",positive,ky_nang_giang_day
9102,Construye hasta el adjunto para medios triviales. Bien hecho.,positive,ky_nang_giang_day
9102,Construye hasta el adjunto para medios triviales. Bien hecho.,positive,kien_thuc
9102,Construye hasta el adjunto para medios triviales. Bien hecho.,positive,kien_thuc
9103,"Este parece un buen curso introductorio curso y me resulta útil para repasar y refrescar mis conocimientos previos. También hay una maravillosa serie de conferencias del MIT dictadas en 1970 por el asombroso Herb Gross, llamada ""Calculus Revisited"". Herb todavía está vivo y está haciendo nuevos videos sobre matemáticas desde jardín de infantes hasta 12.º grado. Si comentas sobre sus videos de cálculo, es muy probable que te responda. Es realmente un profesor único y maravilloso, y recomiendo encarecidamente esa serie. Puedes encontrarla en YouTube o en el mismo sitio en el que se encuentra esta serie de conferencias.",positive,de_xuat
9104,"Cuanto más veo estos vídeos, más odio al camarógrafo",negative,thiet_bi_day_hoc
9105,Muy bonito y conciso explicación. Gracias.,positive,thiet_bi_day_hoc
9106,He seguido toda la serie y este es el MEJOR curso de Estadística que he hecho. Gracias Prof. Tsitsiklis por ser tan claro y conciso. Nunca imaginé que un curso de estadística inicial mejoraría tanto mi comprensión y me daría tanta confianza. ¡Esto es mágico!,positive,chuong_trinh_hoc
9106,He seguido toda la serie y este es el MEJOR curso de Estadística que he hecho. Gracias Prof. Tsitsiklis por ser tan claro y conciso. Nunca imaginé que un curso de estadística inicial mejoraría tanto mi comprensión y me daría tanta confianza. ¡Esto es mágico!,positive,ky_nang_giang_day
9107,"Incluso si Dios enseñara álgebra lineal, no habría sido mejor que esto.",positive,chuong_trinh_hoc
9108,"Alrededor de 33:30, ¿cómo sabemos que x=xp+xn da una solución completa de Bx=b? La forma en que lo pienso es que B*xp+B*xn=b+0, por lo que solo obtenemos una solución particular que elegimos arbitrariamente. ¿Puedo hacer combinaciones lineales con los vectores base del espacio nulo para obtener todas las demás soluciones o qué me estoy perdiendo? Gracias",neutral,kien_thuc
9108,"Alrededor de 33:30, ¿cómo sabemos que x=xp+xn da una solución completa de Bx=b? La forma en que lo pienso es que B*xp+B*xn=b+0, por lo que solo obtenemos una solución particular que elegimos arbitrariamente. ¿Puedo hacer combinaciones lineales con los vectores base del espacio nulo para obtener todas las demás soluciones o qué me estoy perdiendo? Gracias",neutral,kien_thuc
9109,Viniendo de conferencia 4 Siento como si mis oídos estuvieran siendo acariciados sensualmente.,positive,chuong_trinh_hoc
9110,"Para cualquiera que esté viendo esto y no sienta que está entendiendo completamente el concepto, Prof Strang tiene una conferencia actualizada en 18.065 sobre la SVD, que creo que lo explica de una manera más clara: https://youtu.be/rYz83XPxiZo",positive,ky_nang_giang_day
9110,"Para cualquiera que esté viendo esto y no sienta que está entendiendo completamente el concepto, Prof Strang tiene una conferencia actualizada en 18.065 sobre la SVD, que creo que lo explica de una manera más clara: https://youtu.be/rYz83XPxiZo",positive,chuong_trinh_hoc
9111,"Me encanta que ni siquiera necesite explicarlo con detalle, sino que todos ya estaban interesados en el tema Álgebra lineal que enseña. Realmente alienta a los estudiantes a pensar en otras ideas basadas en los sólidos conocimientos que él podría brindarles.",positive,ky_nang_giang_day
9111,"Me encanta que ni siquiera necesite explicarlo con detalle, sino que todos ya estaban interesados en el tema Álgebra lineal que enseña. Realmente alienta a los estudiantes a pensar en otras ideas basadas en los sólidos conocimientos que él podría brindarles.",positive,chuong_trinh_hoc
9112,Tomé el curso 18.06 en 1992 y él lo impartió. Excelente material y un profesor increíble.,positive,ky_nang_giang_day
9113,¿Alguien tiene soluciones a los conjuntos de problemas en ocw?,neutral,kien_thuc
9114,"Mi compañero de clase y yo estudiamos Calc BC de forma independiente... nos dijeron que aprendiéramos sustituciones trigonométricas, pasamos 2 o 3 semanas en ellas, luego descubrimos que no estaban en el examen AP -.- *suspiro* sustituciones trigonométricas arruina a todos.",negative,kien_thuc
9115,Eres uno de los mejores profesores. señor Saludos cordiales y buena salud desde la India...,positive,ky_nang_giang_day
9116,Él simplemente plantó despreocupadamente la idea de la teoría de grupos al final de la conferencia - ¡Genial! Si tan solo uno pudiera hacer una lista de reproducción de matemáticas de todos los mejores conferenciantes) del mundo... tal vez lo haga.,positive,ky_nang_giang_day
9116,Él simplemente plantó despreocupadamente la idea de la teoría de grupos al final de la conferencia - ¡Genial! Si tan solo uno pudiera hacer una lista de reproducción de matemáticas de todos los mejores conferenciantes) del mundo... tal vez lo haga.,positive,chuong_trinh_hoc
9117,"Sin lugar a dudas, una de las conferencias más interesantes. La forma en que Profesor mostró ideas de investigación aquí y allá y casi en todas partes simplemente me dejó atónito. Fue muy, muy interesante y la mejor parte es que también es asequible para los que no son matemáticos (aunque viene de un matemático, sin embargo, siento que las matemáticas son muy poco importantes, fue más hacia el lado intuitivo de SGD).",positive,ky_nang_giang_day
9117,"Sin lugar a dudas, una de las conferencias más interesantes. La forma en que Profesor mostró ideas de investigación aquí y allá y casi en todas partes simplemente me dejó atónito. Fue muy, muy interesante y la mejor parte es que también es asequible para los que no son matemáticos (aunque viene de un matemático, sin embargo, siento que las matemáticas son muy poco importantes, fue más hacia el lado intuitivo de SGD).",positive,kien_thuc
9118,¿Siempre fue viejo? :P,neutral,ky_nang_giang_day
9119,"... y se encuentran, bueno, estaban *acordados de encontrarse* en punto x = 1, y = 2! :))",neutral,kien_thuc
9119,"... y se encuentran, bueno, estaban *acordados de encontrarse* en punto x = 1, y = 2! :))",neutral,kien_thuc
9120,"11:20 la (matriz 1:) no es una rotación de ningún ángulo, en realidad es una reflexión. (Puedes verlo por el hecho de que det(Q)=-1)",neutral,kien_thuc
9121,Personas normales de 65 años o menos: Finalmente tuve alivio del ajetreo de la vida Gilbert strangs en el futuro a los 90 años: Hoy vamos a comenzar con los métodos matriciales...,positive,ky_nang_giang_day
9122,"¡Qué increíble conferencia, gracias!",positive,chuong_trinh_hoc
9123,"Terminé esta conferencia el 16 de septiembre de 2022 a las 22:35 h. Gracias Prof. Strang, el último mes (del 7 de agosto al 16 de septiembre) fue maravilloso y memorable.",positive,ky_nang_giang_day
9124,"La integral del caldero de la bruja ejemplo simplemente da la energía total dentro del caldero, ¿verdad? ¡Me encantó esto conferencia!",positive,chuong_trinh_hoc
9124,"La integral del caldero de la bruja ejemplo simplemente da la energía total dentro del caldero, ¿verdad? ¡Me encantó esto conferencia!",positive,noi_chung
9125,"He intentado estudiar los diferenciales a través de múltiples fuentes y siempre me confundo. En este video, aborda explícitamente el problema de la confianza en los diferenciales. Esta es la primera vez que entiendo el concepto.",positive,ky_nang_giang_day
9126,¿A alguien más realmente le gusta el tiza amarilla en 13:37?,negative,thiet_bi_day_hoc
9127,El profesor Gilbert Strang ¡es una leyenda por derecho propio!,positive,ky_nang_giang_day
9128,A Feynman le habría encantado Prof. Strang.,positive,ky_nang_giang_day
9129,"Creo que cometió un error en A+B antes del minuto 26:23 porque no estoy muy seguro, pero por lo que vi, formó un rectángulo que tiene longitud A y ancho B, sin embargo, dijo que A+B es la diagonal de este rectángulo, pero teóricamente hablando, todas las diagonales de un rectángulo son la raíz cuadrada de la suma del largo al cuadrado y el ancho al cuadrado. ¿Cierto? Y antes de que el video llegue al minuto 23:33, veo a un par de estudiantes haciendo la pregunta que yo debería haber hecho. Pero NADIE ES PERFECTO. Así que, por favor, sean amables con él.",neutral,ky_nang_giang_day
9130,"No puedo encontrar un buen Curso de optimización (con conferencias en video) en el sitio web del MIT, ¿alguna sugerencia?",neutral,chuong_trinh_hoc
9130,"No puedo encontrar un buen Curso de optimización (con conferencias en video) en el sitio web del MIT, ¿alguna sugerencia?",neutral,noi_chung
9131,la única parte de cálculo de una sola variable que no me gusta... ¡principalmente porque siempre me quedo sin papel para resolver estos problemas!,neutral,chuong_trinh_hoc
9132,48:58 ¿Por qué no es 1/2 * a1 * 2u1/sqrt(u1^2+h^2)?,neutral,kien_thuc
9133,"Me quito el sombrero Profesor, ¡usted es una inspiración!",positive,ky_nang_giang_day
9134,"Muy bueno, pero uno pensaría que el MIT podría permitirse algo mejor borradores de pizarra.",negative,thiet_bi_day_hoc
9135,"Soy un estudiante de informática que está viendo estas conferencias porque sentí que necesitaba entender mejor el Álgebra Lineal para dos campos: Aprendizaje Automático e Información Cuántica. Es increíble que ambos se superpongan con este curso de Álgebra Lineal (se habló de ML cuando hicimos matrices de proyección, ya que esa es exactamente la solución de forma cerrada para la regresión lineal), y ahora se está cubriendo QI, que utiliza espacios de vectores complejos. :)",positive,chuong_trinh_hoc
9136,Bonito video. Nunca había visto pizarrones . Sería bueno tenerlos cuando doy clases jeje.,positive,chuong_trinh_hoc
9136,Bonito video. Nunca había visto pizarrones . Sería bueno tenerlos cuando doy clases jeje.,positive,thiet_bi_day_hoc
9137,Esperemos que seamos vecinos en el cielo Sr. Strang.,positive,ky_nang_giang_day
9138,¡Qué increíble conferencia del profesor Jerison,positive,chuong_trinh_hoc
9138,¡Qué increíble conferencia del profesor Jerison,positive,ky_nang_giang_day
9139,Por fin entendí el origen del método de mínimos cuadrados... (estoy en 2do año de aeronáutica y este profesor es mil veces mejor que los de la universidad. Unos cuantos podrían aprender a enseñar además de la lección de álgebra),positive,ky_nang_giang_day
9139,Por fin entendí el origen del método de mínimos cuadrados... (estoy en 2do año de aeronáutica y este profesor es mil veces mejor que los de la universidad. Unos cuantos podrían aprender a enseñar además de la lección de álgebra),negative,ky_nang_giang_day
9139,Por fin entendí el origen del método de mínimos cuadrados... (estoy en 2do año de aeronáutica y este profesor es mil veces mejor que los de la universidad. Unos cuantos podrían aprender a enseñar además de la lección de álgebra),neutral,kien_thuc
9140,¿Cómo puedo obtener esta conferencia libro de texto? pdf o algo así,neutral,thiet_bi_day_hoc
9141,"Excelente conferencia, pero sería genial si el movimiento de cámara fuera menor. Escribe con bastante claridad y muy ordenado. También es un gran profesor.",positive,chuong_trinh_hoc
9141,"Excelente conferencia, pero sería genial si el movimiento de cámara fuera menor. Escribe con bastante claridad y muy ordenado. También es un gran profesor.",positive,ky_nang_giang_day
9142,Como ver a alguien como Aristóteles enseñar,positive,noi_chung
9142,Como ver a alguien como Aristóteles enseñar,positive,ky_nang_giang_day
9143,"¡¡¡Oh, es un gran profesor!!! ¡¡¡con pausa apropiada y una velocidad moderada!!! Me alegro de aprender mucho.",positive,ky_nang_giang_day
9143,"¡¡¡Oh, es un gran profesor!!! ¡¡¡con pausa apropiada y una velocidad moderada!!! Me alegro de aprender mucho.",positive,thiet_bi_day_hoc
9143,"¡¡¡Oh, es un gran profesor!!! ¡¡¡con pausa apropiada y una velocidad moderada!!! Me alegro de aprender mucho.",positive,thiet_bi_day_hoc
9144,"33:18 El coqueteo comienza en fila 2, no en fila de la matriz, a lo que me refiero.",neutral,kien_thuc
9144,"33:18 El coqueteo comienza en fila 2, no en fila de la matriz, a lo que me refiero.",neutral,kien_thuc
9145,A este tipo le deben pagar muchísimo,neutral,ky_nang_giang_day
9146,"Chicos, al final del vídeo, ¿por qué no es b(transpuesta * q1 = 0), como a(transpuesta) * q2 es 0?",negative,kien_thuc
9147,"Incluso a una edad avanzada, sigue siendo muy agudo. He visto a profesores viejos confundirse; este hombre es extremadamente agudo. Da grandes conferencias y enseña mucho.",positive,ky_nang_giang_day
9148,¿Qué es Convexo? Así es... jajaja,neutral,kien_thuc
9149,¡¡Esto es muy informativo!! ¡Me dan ganas de volver a ir a clase mañana!,positive,chuong_trinh_hoc
9150,Me encanta este tipo. Estoy dando un curso como este y tomando notas. ¡Es un placer escuchar estas conferencias! :),positive,ky_nang_giang_day
9150,Me encanta este tipo. Estoy dando un curso como este y tomando notas. ¡Es un placer escuchar estas conferencias! :),positive,chuong_trinh_hoc
9151,"@[USERNAME]When the el profesor menciona que el sistema es singular, ¿por qué he dice que lo es porque (0,0,..0) es una solución de the system? ¿Un espacio nulo no trivial de la matriz A no hace que la ecuación the Ax=0 sea singular?",neutral,kien_thuc
9151,"@[USERNAME]When the el profesor menciona que el sistema es singular, ¿por qué he dice que lo es porque (0,0,..0) es una solución de the system? ¿Un espacio nulo no trivial de la matriz A no hace que la ecuación the Ax=0 sea singular?",neutral,chuong_trinh_hoc
9152,"En 4:11, el vector de espacio nulo ¿no está compuesto por 5 ceros?",neutral,kien_thuc
9153,"Gracias Dr. am de Kenia, Universidad de Nairobi, haciendo economía, esto es muy útil.",positive,ky_nang_giang_day
9154,"Al principio, el estilo de este tipo  parece extraño y torpe, pero luego, 30 minutos después, te das cuenta de que te ha atrapado por completo y te ha hipnotizado por completo. Increíble enseñanza.",negative,thiet_bi_day_hoc
9154,"Al principio, el estilo de este tipo  parece extraño y torpe, pero luego, 30 minutos después, te das cuenta de que te ha atrapado por completo y te ha hipnotizado por completo. Increíble enseñanza.",positive,chuong_trinh_hoc
9155,Un gran agradecimiento a este profesor por sus esfuerzos para brindarnos cursos sobre álgebra lineal.,positive,ky_nang_giang_day
9156,"Gran hombre. Gran profesor. Realmente entiende lo que enseña. Casi se convierte en el alumno mientras enseña. Me encanta su sentido del humor. ""¿Fingir confusión?"" Me encanta lo realista y sencillo que es. Dios, ¿por qué mis profesores no se parecen en nada a él?",positive,ky_nang_giang_day
9157,Tengo un título en matemáticas y todavía disfruto de estas conferencias. Auroux es un gran conferenciante.,positive,chuong_trinh_hoc
9157,Tengo un título en matemáticas y todavía disfruto de estas conferencias. Auroux es un gran conferenciante.,positive,ky_nang_giang_day
9158,"En el minuto 23:34, ¿por qué a_1 y a_2 deberían ser perpendiculares al NULL? ¿Cómo puede ser eso posible?",negative,kien_thuc
9158,"En el minuto 23:34, ¿por qué a_1 y a_2 deberían ser perpendiculares al NULL? ¿Cómo puede ser eso posible?",negative,kien_thuc
9158,"En el minuto 23:34, ¿por qué a_1 y a_2 deberían ser perpendiculares al NULL? ¿Cómo puede ser eso posible?",negative,kien_thuc
9158,"En el minuto 23:34, ¿por qué a_1 y a_2 deberían ser perpendiculares al NULL? ¿Cómo puede ser eso posible?",negative,kien_thuc
9159,Esto es lo mejor. ¡Gracias por este conocimiento gratuito y de calidad! <3,positive,ky_nang_giang_day
9159,Esto es lo mejor. ¡Gracias por este conocimiento gratuito y de calidad! <3,positive,chuong_trinh_hoc
9160,El profesor hizo un buen trabajo al explicar estos conceptos para que parezcan intuitivos :) ¡Gracias!,positive,ky_nang_giang_day
9160,El profesor hizo un buen trabajo al explicar estos conceptos para que parezcan intuitivos :) ¡Gracias!,positive,kien_thuc
9161,Gracias Prof. Strang por hacer que esto esté disponible de forma gratuita.,positive,ky_nang_giang_day
9161,Gracias Prof. Strang por hacer que esto esté disponible de forma gratuita.,positive,chuong_trinh_hoc
9162,"¿Dónde están conferencias: 8,17,26 y 34???",neutral,chuong_trinh_hoc
9163,44:58 ¿Cuál es E por A? EA Sports,neutral,kien_thuc
9163,44:58 ¿Cuál es E por A? EA Sports,neutral,noi_chung
9164,"Me encanta este tipo, realmente muestra la manera COMPLETA de hacer las cosas. Y su prueba de la regla del producto es hermosa <3",positive,ky_nang_giang_day
9164,"Me encanta este tipo, realmente muestra la manera COMPLETA de hacer las cosas. Y su prueba de la regla del producto es hermosa <3",neutral,chuong_trinh_hoc
9165,Impresionante estilo de enseñanza...Muchas gracias!!!,positive,thiet_bi_day_hoc
9166,Gracias por el videotengo insomnio así que miro esto espero poder dormir,negative,chuong_trinh_hoc
9166,Gracias por el videotengo insomnio así que miro esto espero poder dormir,negative,chuong_trinh_hoc
9167,"Soy un estudiante de posgrado especializado en ingeniería eléctrica e informática. Aunque la mayoría de nosotros hemos aprendido álgebra lineal en la licenciatura, me gustaría recomendar este curso a quienes estén interesados en el aprendizaje automático y el procesamiento de señales. ¡Gracias Prof.Strang!",positive,ky_nang_giang_day
9167,"Soy un estudiante de posgrado especializado en ingeniería eléctrica e informática. Aunque la mayoría de nosotros hemos aprendido álgebra lineal en la licenciatura, me gustaría recomendar este curso a quienes estén interesados en el aprendizaje automático y el procesamiento de señales. ¡Gracias Prof.Strang!",positive,de_xuat
9168,"column space es un número column space de filas, y el (espacio 1: columna column space) está en R^column space?",neutral,kien_thuc
9168,"column space es un número column space de filas, y el (espacio 1: columna column space) está en R^column space?",neutral,kien_thuc
9169,Me encanta la forma en que dice paralelogramo <3,positive,ky_nang_giang_day
9170,"""Cuanto más se mueve theta con theta, más incertidumbre elimina de theta..."" ¡Guau!",neutral,kien_thuc
9170,"""Cuanto más se mueve theta con theta, más incertidumbre elimina de theta..."" ¡Guau!",neutral,kien_thuc
9171,Me sorprendió que solo hubiera 200.000 vistas para esta increíble conferencia en 10 años.,positive,chuong_trinh_hoc
9171,Me sorprendió que solo hubiera 200.000 vistas para esta increíble conferencia en 10 años.,negative,noi_chung
9172,"@[USERNAME]B pero ¿cómo sabemos que B es invertible? Encontré una prueba que no supone que B sea invertible:Supongamos que tenemos x tal que ABx = lambda * x. Multiplicamos por la izquierda ambos lados por B: BABx = lambda * Bx. Esto muestra que Bx es un vector propio de BA, y su valor propio es lambda.",neutral,kien_thuc
9172,"@[USERNAME]B pero ¿cómo sabemos que B es invertible? Encontré una prueba que no supone que B sea invertible:Supongamos que tenemos x tal que ABx = lambda * x. Multiplicamos por la izquierda ambos lados por B: BABx = lambda * Bx. Esto muestra que Bx es un vector propio de BA, y su valor propio es lambda.",neutral,kien_thuc
9173,"Escuchar a profesor Strang es como ver una película de ciencia ficción, de vez en cuando empiezo a ver exactamente el mismo concepto desde diferentes puntos de vista.",positive,ky_nang_giang_day
9173,"Escuchar a profesor Strang es como ver una película de ciencia ficción, de vez en cuando empiezo a ver exactamente el mismo concepto desde diferentes puntos de vista.",positive,kien_thuc
9174,¿Alguien me puede decir por qué no podemos obtener la Matriz triangular inferior L directamente a partir de la E combinada que podría derivarse simplemente utilizando eliminación gaussiana? Gracias,neutral,kien_thuc
9174,¿Alguien me puede decir por qué no podemos obtener la Matriz triangular inferior L directamente a partir de la E combinada que podría derivarse simplemente utilizando eliminación gaussiana? Gracias,neutral,kien_thuc
9174,¿Alguien me puede decir por qué no podemos obtener la Matriz triangular inferior L directamente a partir de la E combinada que podría derivarse simplemente utilizando eliminación gaussiana? Gracias,neutral,kien_thuc
9175,"@[USERNAME]LOL aurox podría doblarte en 2 matemáticamente con su cerebro, hijo",positive,ky_nang_giang_day
9176,MUCHO MEJOR que mi profesor de Álgebra lineal,negative,ky_nang_giang_day
9177,¿Por qué se considera que nuestro mundo es tridimensional? ¿Por qué no podría serlo n-Dimensiones?,neutral,kien_thuc
9178,¿Por qué se mencionan cosas como derivada en MIT de esta manera? Esto es fácil matemáticas escolares.,negative,kien_thuc
9178,¿Por qué se mencionan cosas como derivada en MIT de esta manera? Esto es fácil matemáticas escolares.,negative,noi_chung
9178,¿Por qué se mencionan cosas como derivada en MIT de esta manera? Esto es fácil matemáticas escolares.,neutral,kien_thuc
9179,"¿Se trata de una asignatura de matemáticas de grado curso? Si es así, ¿en qué año suelen cursarla los estudiantes?",neutral,chuong_trinh_hoc
9180,"Bien, estamos ejecutando una fórmula determinante aquí. ¡jajaja!",neutral,kien_thuc
9181,¿Tiene esto sentido si sólo sé matemáticas básicas?,neutral,kien_thuc
9182,"De hecho, aprobé mi tercer curso Álgebra lineal aplicada con gran éxito simplemente recordando todos estos resultados, porque el profesor nunca intentó explicar lo que sucede detrás de escena. Así que después de casi 20 años, todavía estoy aquí tratando de entender qué es qué. Debería haber ido a MIT.",positive,noi_chung
9182,"De hecho, aprobé mi tercer curso Álgebra lineal aplicada con gran éxito simplemente recordando todos estos resultados, porque el profesor nunca intentó explicar lo que sucede detrás de escena. Así que después de casi 20 años, todavía estoy aquí tratando de entender qué es qué. Debería haber ido a MIT.",negative,chuong_trinh_hoc
9183,La inteligencia es la posesión de conocimiento... inteligencia = ser bueno para aprender y/o ser bueno para aplicar o usar el conocimiento.,positive,ky_nang_giang_day
9184,Lo mejor discusión sobre Baye con lo que me he topado.,positive,chuong_trinh_hoc
9185,"Responda a una pregunta a continuación sobre por qué nos importan los 4 subespacios fundamentales en el estudio de Ax = b: En palabras del profesor Strang (no en esta conferencia) ""comprender los cuatro subespacios fundamentales eleva la comprensión de Ax = b a un punto de vista de espacio vectorial, específicamente, a un nivel de comprensión de subespacio vectorial"". Valdrá la pena al aprender diferentes tipos de factorizaciones de matrices, por ejemplo, descomposición de valor único, SVD, donde A = U∑V^T. Donde U se compone de vectores ortonormales en el espacio fila, V de vectores ortonormales en el espacio columna, ∑ por la matriz diagonal de los cuadrados de los valores singulares. De manera similar, todas las demás factorizaciones matriciales QR, Q(LAMBDA)Q^T, etc. se benefician de su descripción en términos de subespacios. Esta comprensión/percepción es súper poderosa, incluso crítica, en optimización, aprendizaje automático, problemas mal planteados, etc. Por favor, no ignore este enfoque del subespacio vectorial, es solo aparentemente que no parece brillar cuando se aprende por primera vez, pero créame, es oro puro, y la claridad con la que el profesor Strang lo explica es invaluable... él mismo lo dijo, te vuelve loco cuando se extiende a conjuntos de matrices y conjuntos de funciones (el ejemplo de la ecuación diferencial, un preludio a la Transformada Rápida de Fourier), pero los dividendos que obtienes son enormes.",positive,kien_thuc
9186,Felicitaciones al equipo de gestión del ángulo de la cámara; excelente edición de audio y video.,positive,noi_chung
9186,Felicitaciones al equipo de gestión del ángulo de la cámara; excelente edición de audio y video.,positive,thiet_bi_day_hoc
9187,"Lo explica con tanta claridad que es asombroso. En lugar de limitarse a dar definiciones, explica y da ejemplos de por qué y cómo funciona, de forma simplificada.",positive,ky_nang_giang_day
9188,El chocolate Dove no es suave como la seda. Esta conferencia sí lo es.,positive,chuong_trinh_hoc
9189,Muy bonito tablero trabajo y excelente conferencia.,positive,chuong_trinh_hoc
9189,Muy bonito tablero trabajo y excelente conferencia.,positive,chuong_trinh_hoc
9190,Te recomiendo que primero 3Blue1Brown y estas clases intenten hacer un zoom en C.Lay book... con esa visión podrán entender mucho mejor este video,positive,de_xuat
9190,Te recomiendo que primero 3Blue1Brown y estas clases intenten hacer un zoom en C.Lay book... con esa visión podrán entender mucho mejor este video,neutral,de_xuat
9190,Te recomiendo que primero 3Blue1Brown y estas clases intenten hacer un zoom en C.Lay book... con esa visión podrán entender mucho mejor este video,neutral,de_xuat
9190,Te recomiendo que primero 3Blue1Brown y estas clases intenten hacer un zoom en C.Lay book... con esa visión podrán entender mucho mejor este video,neutral,de_xuat
9191,¿Es esta una lección para la facultad de matemáticas?,neutral,chuong_trinh_hoc
9191,¿Es esta una lección para la facultad de matemáticas?,neutral,noi_chung
9192,"La próxima vez, por favor coloque el tema principal de cada conferencia en el título del video.",neutral,chuong_trinh_hoc
9192,"La próxima vez, por favor coloque el tema principal de cada conferencia en el título del video.",neutral,thiet_bi_day_hoc
9193,"Hombre, estas pruebas son descuidadas como la mierda.",negative,ky_nang_giang_day
9194,La aproximación de Taylor recibe casi tanto odio como Steve Bartman,negative,kien_thuc
9194,La aproximación de Taylor recibe casi tanto odio como Steve Bartman,negative,noi_chung
9195,"Excelente video, excelente conferencia, excelente profesor.",positive,ky_nang_giang_day
9195,"Excelente video, excelente conferencia, excelente profesor.",positive,chuong_trinh_hoc
9195,"Excelente video, excelente conferencia, excelente profesor.",positive,chuong_trinh_hoc
9196,"Es mi sueño conocer prof. Gilbert strang. Su voz, sus palabras, sus acciones tocan mi alma. Por favor, prof. Lea mi comentario para que pueda satisfacerlo solo con esto. Y rezo para que pueda vivir 1000 años.",positive,ky_nang_giang_day
9197,una pizarra con tizas y plumeros ... ¡hace tiempo que no veo una de estas! ... Me sorprende que esta conferencia no utilice pizarrones blancos / powerpoint,neutral,thiet_bi_day_hoc
9197,una pizarra con tizas y plumeros ... ¡hace tiempo que no veo una de estas! ... Me sorprende que esta conferencia no utilice pizarrones blancos / powerpoint,neutral,thiet_bi_day_hoc
9197,una pizarra con tizas y plumeros ... ¡hace tiempo que no veo una de estas! ... Me sorprende que esta conferencia no utilice pizarrones blancos / powerpoint,neutral,thiet_bi_day_hoc
9197,una pizarra con tizas y plumeros ... ¡hace tiempo que no veo una de estas! ... Me sorprende que esta conferencia no utilice pizarrones blancos / powerpoint,positive,chuong_trinh_hoc
9197,una pizarra con tizas y plumeros ... ¡hace tiempo que no veo una de estas! ... Me sorprende que esta conferencia no utilice pizarrones blancos / powerpoint,neutral,thiet_bi_day_hoc
9197,una pizarra con tizas y plumeros ... ¡hace tiempo que no veo una de estas! ... Me sorprende que esta conferencia no utilice pizarrones blancos / powerpoint,neutral,thiet_bi_day_hoc
9198,"amarillo + azul = verde, ¡también enseña arte!",positive,ky_nang_giang_day
9199,"Recuerde aumentar la velocidad de reproducción  a 1,5x.",neutral,thiet_bi_day_hoc
9200,Le tomó 5 meses a mi maestro explicarme esto video de 30 minutos,negative,ky_nang_giang_day
9200,Le tomó 5 meses a mi maestro explicarme esto video de 30 minutos,positive,thiet_bi_day_hoc
9201,"En PMF condicional, ¿qué sucede si la probabilidad de cada variable aleatoria no es la misma? Entonces, ¿cómo escalamos cada probabilidad?",neutral,kien_thuc
9201,"En PMF condicional, ¿qué sucede si la probabilidad de cada variable aleatoria no es la misma? Entonces, ¿cómo escalamos cada probabilidad?",negative,chuong_trinh_hoc
9202,El mejor curso de álgebra lineal. ¡Gracias Prof. Strang!,positive,chuong_trinh_hoc
9202,El mejor curso de álgebra lineal. ¡Gracias Prof. Strang!,positive,ky_nang_giang_day
9203,Gracias profesor strang. Tus clases son increíbles.,positive,ky_nang_giang_day
9203,Gracias profesor strang. Tus clases son increíbles.,positive,chuong_trinh_hoc
9204,"Profesor Strang, gracias por una excelente conferencia sobre matrices de distancia, estructura de redes neuronales y la función de aprendizaje. Todos estos conceptos matemáticos mejoran mi comprensión del aprendizaje automático.",positive,ky_nang_giang_day
9204,"Profesor Strang, gracias por una excelente conferencia sobre matrices de distancia, estructura de redes neuronales y la función de aprendizaje. Todos estos conceptos matemáticos mejoran mi comprensión del aprendizaje automático.",positive,chuong_trinh_hoc
9205,"@[USERNAME]Sí... es cierto, pero cuando se trata de matemáticas, ciencias y tecnología, MIT es el mejor, el sitio web es web.mit.edu.",positive,noi_chung
9205,"@[USERNAME]Sí... es cierto, pero cuando se trata de matemáticas, ciencias y tecnología, MIT es el mejor, el sitio web es web.mit.edu.",positive,kien_thuc
9205,"@[USERNAME]Sí... es cierto, pero cuando se trata de matemáticas, ciencias y tecnología, MIT es el mejor, el sitio web es web.mit.edu.",positive,noi_chung
9205,"@[USERNAME]Sí... es cierto, pero cuando se trata de matemáticas, ciencias y tecnología, MIT es el mejor, el sitio web es web.mit.edu.",positive,noi_chung
9206,¡Me gustan mucho sus conferencias!,positive,chuong_trinh_hoc
9207,No me gusta cómo este hombre borra la pizarra. Pero me gusta su explicación.,positive,chuong_trinh_hoc
9207,No me gusta cómo este hombre borra la pizarra. Pero me gusta su explicación.,negative,ky_nang_giang_day
9208,"¿Alguien podría darme una pista de por qué utilizar A(TAX(hat)=A(T)b) para resolver [C,D] en 21:05? Según tengo entendido, AX(hat) no puede ser b si ajustamos una línea cuyos puntos son P1, P2, P3 en lugar de b1, b2, b3 o [1 2 2]_t.",neutral,kien_thuc
9209,"Al buscar un vector ortogonal, ¿hay pasos específicos para encontrarlo, o tenemos que encontrar un vector (mediante inspección) que cuando se multiplica por otro vector a través del producto escalar es cero?",neutral,kien_thuc
9210,Se me puso la piel de gallina la primera vez que vi esta conferencia . Es un profesor increíble.,positive,ky_nang_giang_day
9210,Se me puso la piel de gallina la primera vez que vi esta conferencia . Es un profesor increíble.,positive,chuong_trinh_hoc
9211,"De verdad, eres como un imán Profesor Strang! No podía creer que había terminado todas tus conferencias. ¿Por qué no sigues y sigues? ¡Gracias!",positive,ky_nang_giang_day
9211,"De verdad, eres como un imán Profesor Strang! No podía creer que había terminado todas tus conferencias. ¿Por qué no sigues y sigues? ¡Gracias!",positive,chuong_trinh_hoc
9212,Dr. Gilbert ¡Hizo que estas cosas de cofactores fueran tan obvias!,positive,ky_nang_giang_day
9213,"jajaja 29:53 ""a esta altura, pienso en las matrices como personas"". A medida que nos acercamos al final del curso, solo quiero agradecerte OTRA VEZ, entre la plétora de otras apreciaciones. Ha sido un viaje extraordinario, no creo que ningún otro profesor en el mundo entero lo hubiera hecho tan agradable como tú Sr. Strang. Un ejemplo: el comentario en este momento solo agrega esa capa adicional de novedad y disfrute que hace que toda la experiencia sea simplemente extraordinaria.",positive,ky_nang_giang_day
9213,"jajaja 29:53 ""a esta altura, pienso en las matrices como personas"". A medida que nos acercamos al final del curso, solo quiero agradecerte OTRA VEZ, entre la plétora de otras apreciaciones. Ha sido un viaje extraordinario, no creo que ningún otro profesor en el mundo entero lo hubiera hecho tan agradable como tú Sr. Strang. Un ejemplo: el comentario en este momento solo agrega esa capa adicional de novedad y disfrute que hace que toda la experiencia sea simplemente extraordinaria.",positive,thiet_bi_day_hoc
9214,Me gusta la forma en que se prepara para introducir un tema. Muy reflexivo y agradable.,positive,ky_nang_giang_day
9215,5 años de física + 4 años de doctorado en astrofísica y este hombre logró darme una imagen mucho más clara de operaciones de álgebra que la que obtuve de todos mis profesores. ¡Muchas gracias por estas conferencias Proff. Strang!,positive,ky_nang_giang_day
9215,5 años de física + 4 años de doctorado en astrofísica y este hombre logró darme una imagen mucho más clara de operaciones de álgebra que la que obtuve de todos mis profesores. ¡Muchas gracias por estas conferencias Proff. Strang!,positive,chuong_trinh_hoc
9215,5 años de física + 4 años de doctorado en astrofísica y este hombre logró darme una imagen mucho más clara de operaciones de álgebra que la que obtuve de todos mis profesores. ¡Muchas gracias por estas conferencias Proff. Strang!,positive,kien_thuc
9215,5 años de física + 4 años de doctorado en astrofísica y este hombre logró darme una imagen mucho más clara de operaciones de álgebra que la que obtuve de todos mis profesores. ¡Muchas gracias por estas conferencias Proff. Strang!,negative,ky_nang_giang_day
9216,¿Por qué eligió específicamente una caja con fondo cuadrado?,neutral,ky_nang_giang_day
9217,¿Por qué f se toma como X^2 + Y^2 y no otra cosa?,neutral,kien_thuc
9217,¿Por qué f se toma como X^2 + Y^2 y no otra cosa?,neutral,kien_thuc
9217,¿Por qué f se toma como X^2 + Y^2 y no otra cosa?,neutral,kien_thuc
9218,"Me gusta mucho el Vídeo Transposiciones, Permutaciones,Espacios R^nDe Tu",positive,chuong_trinh_hoc
9218,"Me gusta mucho el Vídeo Transposiciones, Permutaciones,Espacios R^nDe Tu",positive,kien_thuc
9218,"Me gusta mucho el Vídeo Transposiciones, Permutaciones,Espacios R^nDe Tu",positive,kien_thuc
9218,"Me gusta mucho el Vídeo Transposiciones, Permutaciones,Espacios R^nDe Tu",positive,kien_thuc
9219,Es fantástico ver una (serie 1: análisis funcional) cargada.,positive,kien_thuc
9220,Profesor Strang Gracias por otro plan conferencia sobre la estructura de las redes neuronales para el aprendizaje profundo y automático. El aprendizaje es un proceso que dura toda la vida.,positive,ky_nang_giang_day
9220,Profesor Strang Gracias por otro plan conferencia sobre la estructura de las redes neuronales para el aprendizaje profundo y automático. El aprendizaje es un proceso que dura toda la vida.,positive,chuong_trinh_hoc
9221,"WOW....Genial...Profesor es directo, al punto, simple y completo al mismo tiempo al explicar los conceptos....",positive,ky_nang_giang_day
9221,"WOW....Genial...Profesor es directo, al punto, simple y completo al mismo tiempo al explicar los conceptos....",positive,chuong_trinh_hoc
9222,Uno pensaría que para entonces el MIT ya habría inventado un dispositivo de borrado automático de pizarras.,negative,thiet_bi_day_hoc
9223,"Wolfgang J. Paul, si estás aquí: ¡haz que las tareas y los exámenes sean más fáciles!",positive,ky_nang_giang_day
9224,"""proyectores están intentando ser identidad, pero es imposible.""",neutral,kien_thuc
9224,"""proyectores están intentando ser identidad, pero es imposible.""",neutral,kien_thuc
9225,Esta conferencia es una verdadera obra maestra. Me quedé asombrado con la sensación similar a la que se siente al ver películas de suspenso.,positive,chuong_trinh_hoc
9226,"Gracias Prof. Strang y gracias MIT. Brillantes conferencias, muy apreciadas.",positive,ky_nang_giang_day
9226,"Gracias Prof. Strang y gracias MIT. Brillantes conferencias, muy apreciadas.",positive,noi_chung
9226,"Gracias Prof. Strang y gracias MIT. Brillantes conferencias, muy apreciadas.",positive,chuong_trinh_hoc
9227,Ni siquiera la belleza Gilbert Strang puede hacerme amar a esa maldita Álgebra,positive,ky_nang_giang_day
9227,Ni siquiera la belleza Gilbert Strang puede hacerme amar a esa maldita Álgebra,negative,kien_thuc
9228,El profesor Jerison es la cabra,positive,ky_nang_giang_day
9229,"Me ayuda a entender de qué está hablando realmente mi profesor, gracias :)",positive,ky_nang_giang_day
9230,"Alguien dijo que no conocía la ley de los cosenos, entonces surge otra pregunta: ""¿cómo entraron en NULL?""",negative,noi_chung
9230,"Alguien dijo que no conocía la ley de los cosenos, entonces surge otra pregunta: ""¿cómo entraron en NULL?""",neutral,kien_thuc
9230,"Alguien dijo que no conocía la ley de los cosenos, entonces surge otra pregunta: ""¿cómo entraron en NULL?""",neutral,noi_chung
9231,"¿Habla en algún lugar de espacios vectoriales, subespacios, espacios euclidianos?",neutral,ky_nang_giang_day
9231,"¿Habla en algún lugar de espacios vectoriales, subespacios, espacios euclidianos?",negative,kien_thuc
9231,"¿Habla en algún lugar de espacios vectoriales, subespacios, espacios euclidianos?",negative,kien_thuc
9231,"¿Habla en algún lugar de espacios vectoriales, subespacios, espacios euclidianos?",negative,kien_thuc
9232,"Taylor (serie 1:) es increíble, todos se volvieron locos JAJAJA!! Estúpido chico del MIT",positive,chuong_trinh_hoc
9233,"Gracias Profesor. Un profesor inspirador. He disfrutado mucho de cada una de estas conferencias. Si hubiera tenido la suerte de haberte tenido como uno de mis profesores hace 52 años, las cosas habrían sido diferentes. (Año 1: Filosofía de estadística matemática :: se ofreció la finalización de las 3 :: Años 2 a 5 Filosofía) Carrera como profesor de matemáticas/informática y desarrollador de software. Ahora jubilado. Un saludo para ti y los tuyos",positive,ky_nang_giang_day
9233,"Gracias Profesor. Un profesor inspirador. He disfrutado mucho de cada una de estas conferencias. Si hubiera tenido la suerte de haberte tenido como uno de mis profesores hace 52 años, las cosas habrían sido diferentes. (Año 1: Filosofía de estadística matemática :: se ofreció la finalización de las 3 :: Años 2 a 5 Filosofía) Carrera como profesor de matemáticas/informática y desarrollador de software. Ahora jubilado. Un saludo para ti y los tuyos",positive,chuong_trinh_hoc
9234,gracias profesor Strang... realmente aprecio su serie de conferencias y me dan ganas de estudiar matemáticas más avanzadas........... realmente le agradezco mucho...,positive,ky_nang_giang_day
9234,gracias profesor Strang... realmente aprecio su serie de conferencias y me dan ganas de estudiar matemáticas más avanzadas........... realmente le agradezco mucho...,positive,chuong_trinh_hoc
9234,gracias profesor Strang... realmente aprecio su serie de conferencias y me dan ganas de estudiar matemáticas más avanzadas........... realmente le agradezco mucho...,positive,kien_thuc
9235,¡VIVA FRANCIA! Este hombre sabe lo que hace.,positive,ky_nang_giang_day
9236,La primera conferencia tuvo 580.000 espectadores y la conferencia 23 tuvo 30.000 espectadores. ¿Esas personas realmente quieren aprender algo?,negative,noi_chung
9236,La primera conferencia tuvo 580.000 espectadores y la conferencia 23 tuvo 30.000 espectadores. ¿Esas personas realmente quieren aprender algo?,neutral,kien_thuc
9237,Ya ni siquiera sé por qué voy a mis clases de álgebra lineal. Este tipo es increíble.,positive,ky_nang_giang_day
9237,Ya ni siquiera sé por qué voy a mis clases de álgebra lineal. Este tipo es increíble.,negative,chuong_trinh_hoc
9238,¿Por qué NULL etiquetó los ejes para weirdlNULL? ¿Por qué NULL usó z para el eje vertical cuando podría haber usado simplemente NULL para evitar confusiones?,negative,ky_nang_giang_day
9238,¿Por qué NULL etiquetó los ejes para weirdlNULL? ¿Por qué NULL usó z para el eje vertical cuando podría haber usado simplemente NULL para evitar confusiones?,negative,thiet_bi_day_hoc
9238,¿Por qué NULL etiquetó los ejes para weirdlNULL? ¿Por qué NULL usó z para el eje vertical cuando podría haber usado simplemente NULL para evitar confusiones?,neutral,kien_thuc
9238,¿Por qué NULL etiquetó los ejes para weirdlNULL? ¿Por qué NULL usó z para el eje vertical cuando podría haber usado simplemente NULL para evitar confusiones?,neutral,kien_thuc
9238,¿Por qué NULL etiquetó los ejes para weirdlNULL? ¿Por qué NULL usó z para el eje vertical cuando podría haber usado simplemente NULL para evitar confusiones?,neutral,kien_thuc
9239,"P = A.x(sombrero), ¿verdad? Entonces, en 32:10, ¿por qué sustituye P por x(sombrero)? A.P Por favor, ayúdenme con la intuición detrás de eso.",neutral,kien_thuc
9240,"Hasta ahora, esta ha sido la única lección difícil lección. Creo que en esta lección tendré que entender mucho de lo que dice. Al principio estuvo bien. Se puso difícil hasta los 30 minutos, luego vuelve a ser fácil.",negative,chuong_trinh_hoc
9240,"Hasta ahora, esta ha sido la única lección difícil lección. Creo que en esta lección tendré que entender mucho de lo que dice. Al principio estuvo bien. Se puso difícil hasta los 30 minutos, luego vuelve a ser fácil.",negative,ky_nang_giang_day
9241,"Vaya, esto conferencia es realmente denso.",negative,chuong_trinh_hoc
9242,Este video es enorme.45 min?,neutral,chuong_trinh_hoc
9243,"Gracias Denis, eres un profesor brillante.",positive,ky_nang_giang_day
9244,Me encanta cómo al final tél él sigue asintiendo con la cabeza en su anuncio él hasta que termina tél video xD,positive,ky_nang_giang_day
9244,Me encanta cómo al final tél él sigue asintiendo con la cabeza en su anuncio él hasta que termina tél video xD,neutral,chuong_trinh_hoc
9245,"¿Tendremos más adelante en el curso alguna explicación del ejemplo de las 9 dimensiones? No lo entendí bien aunque es un maestro, un gran Profesor realmente.",positive,ky_nang_giang_day
9246,Me sorprende que estas universidades de primer nivel no actualicen sus sistemas a pizarrones blancos... o simplemente vayan y pidan al departamento de tecnología una pizarra de realidad virtual o algo así.,neutral,thiet_bi_day_hoc
9246,Me sorprende que estas universidades de primer nivel no actualicen sus sistemas a pizarrones blancos... o simplemente vayan y pidan al departamento de tecnología una pizarra de realidad virtual o algo así.,negative,noi_chung
9247,¿Alguien podría decirme por qué es esto cierto? ¿Cómo se puede calcular lambda con trace? ¡Muchas gracias!,neutral,kien_thuc
9247,¿Alguien podría decirme por qué es esto cierto? ¿Cómo se puede calcular lambda con trace? ¡Muchas gracias!,neutral,kien_thuc
9248,"Mi segundo semestre está a punto de comenzar. Tenemos matemáticas 2 y, para prepararme para eso, estoy aquí. Mi superior me lo sugirió. Estoy en el nivel básico (primer año) de la Licenciatura en Ciencias de Datos y Aplicaciones del IIT MADRAS (India). ¡Parece una buena carrera! ¡Todavía tengo que explorar más! Por cierto, gracias a los respetados Prof. Gilbert y MIT.",positive,ky_nang_giang_day
9248,"Mi segundo semestre está a punto de comenzar. Tenemos matemáticas 2 y, para prepararme para eso, estoy aquí. Mi superior me lo sugirió. Estoy en el nivel básico (primer año) de la Licenciatura en Ciencias de Datos y Aplicaciones del IIT MADRAS (India). ¡Parece una buena carrera! ¡Todavía tengo que explorar más! Por cierto, gracias a los respetados Prof. Gilbert y MIT.",positive,noi_chung
9249,¡Genial conferencia! Gracias profesor y MIT.,positive,chuong_trinh_hoc
9249,¡Genial conferencia! Gracias profesor y MIT.,positive,ky_nang_giang_day
9250,Las ideas claves en una sola conferencia ¡Bravo Dr. Gilbert Strang! ¡Me encanta tu presentación!,positive,chuong_trinh_hoc
9250,Las ideas claves en una sola conferencia ¡Bravo Dr. Gilbert Strang! ¡Me encanta tu presentación!,positive,ky_nang_giang_day
9250,Las ideas claves en una sola conferencia ¡Bravo Dr. Gilbert Strang! ¡Me encanta tu presentación!,positive,thiet_bi_day_hoc
9251,"En mi clase de cálculo FTC2 me dijeron que era la más sencilla, que solo mostraba el cambio de variable. Aquí debo conocer el panorama general detrás de esto.",positive,kien_thuc
9252,"en 48:42, ¿de qué álgebra está hablando para obtener 1/3 como resultado de la suma de todas las probabilidades?",neutral,ky_nang_giang_day
9253,"A las 28:11, ¿cómo podemos suponer que espacio nulo es 0, si las variables libres son 0, en la ecuación echleon reducida = [-F I] para encontrar el espacio nulo F = 0 ya que la variable libre es 0, pero aún puedo escribir 1 en lugar de I para obtener espacio nulo distinto de cero?",neutral,kien_thuc
9254,"@[USERNAME]¿Las derivadas parciales están relacionadas con EDP de la misma manera que las derivadas están relacionadas con EDO? Sé lo que se necesita para un semestre de EDO, por lo que supuse que la relación entre las derivadas y EDO era la misma que entre las derivadas parciales y EDP. Sin embargo, no sé nada sobre EDP.",neutral,kien_thuc
9254,"@[USERNAME]¿Las derivadas parciales están relacionadas con EDP de la misma manera que las derivadas están relacionadas con EDO? Sé lo que se necesita para un semestre de EDO, por lo que supuse que la relación entre las derivadas y EDO era la misma que entre las derivadas parciales y EDP. Sin embargo, no sé nada sobre EDP.",neutral,kien_thuc
9255,"Estoy confundido alrededor de 17:25, detA no debería ser detA^n*I)? porque es la matriz de detA, por lo que cada fila se puede dividir en detA), ¡así que es detA^n*I)!",neutral,kien_thuc
9255,"Estoy confundido alrededor de 17:25, detA no debería ser detA^n*I)? porque es la matriz de detA, por lo que cada fila se puede dividir en detA), ¡así que es detA^n*I)!",neutral,kien_thuc
9255,"Estoy confundido alrededor de 17:25, detA no debería ser detA^n*I)? porque es la matriz de detA, por lo que cada fila se puede dividir en detA), ¡así que es detA^n*I)!",neutral,kien_thuc
9255,"Estoy confundido alrededor de 17:25, detA no debería ser detA^n*I)? porque es la matriz de detA, por lo que cada fila se puede dividir en detA), ¡así que es detA^n*I)!",neutral,kien_thuc
9255,"Estoy confundido alrededor de 17:25, detA no debería ser detA^n*I)? porque es la matriz de detA, por lo que cada fila se puede dividir en detA), ¡así que es detA^n*I)!",neutral,kien_thuc
9256,"Eso es todo lo que recuerdo de Calc 1, la derivada de x^2 = 2x jajaja. Por supuesto, ese era el ""atajo"", pero teníamos que hacerlo con toda la notación dy/dx. Recuerdo que me encantaba hacer derivadas de cocientes por diversión. ¿Qué me pasa? Por cierto, soy licenciada en lingüística.",positive,kien_thuc
9257,"¿Por qué se enseña esto en MIT? Siento que si asistes a esa escuela, al menos deberías tener una idea de FTC. ¡Excelente video! Gracias MIT",positive,chuong_trinh_hoc
9257,"¿Por qué se enseña esto en MIT? Siento que si asistes a esa escuela, al menos deberías tener una idea de FTC. ¡Excelente video! Gracias MIT",positive,noi_chung
9257,"¿Por qué se enseña esto en MIT? Siento que si asistes a esa escuela, al menos deberías tener una idea de FTC. ¡Excelente video! Gracias MIT",neutral,kien_thuc
9258,Es por eso que estabas revisando tu calculas hace justo un año.,neutral,kien_thuc
9259,"¿Alguien me puede explicar la lógica/prueba detrás del algoritmo rref? Me pasó completamente desapercibido, jaja.",negative,kien_thuc
9260,"toda la conferencia fue increíble, divina, gaussiana, extraña...!!!!!!!!!!!!",positive,chuong_trinh_hoc
9261,¡Gracias! Preparé mi examen final de secundaria con esta lección conferencia. ¡Realmente me ayudó!,positive,chuong_trinh_hoc
9262,"Sabes por qué escribe tan rápido. Si crees que es por estilo, te equivocas. Por la duración del vídeo.",positive,chuong_trinh_hoc
9263,Me gustan tus conferencias inteligentes y avanzadas (2). Son muy desafiantes... extraño es el más inteligente. Gracias.,positive,ky_nang_giang_day
9263,Me gustan tus conferencias inteligentes y avanzadas (2). Son muy desafiantes... extraño es el más inteligente. Gracias.,positive,chuong_trinh_hoc
9264,"Psh, ese ejemplo tenía una solución mucho más fácil . Solo multiplica las dos primeras ecuaciones, cancela xy (ya que claramente ninguna puede ser 0) y obtendrás L^2 = 4. Me alegro de finalmente aprender Multiplicadores de Lagrange, aunque; mi profesor los pasó por alto en AP Calc, por lo que siempre me parecieron un algoritmo mágico que nunca conocería y que resuelve trivialmente problemas de optimización.",positive,kien_thuc
9264,"Psh, ese ejemplo tenía una solución mucho más fácil . Solo multiplica las dos primeras ecuaciones, cancela xy (ya que claramente ninguna puede ser 0) y obtendrás L^2 = 4. Me alegro de finalmente aprender Multiplicadores de Lagrange, aunque; mi profesor los pasó por alto en AP Calc, por lo que siempre me parecieron un algoritmo mágico que nunca conocería y que resuelve trivialmente problemas de optimización.",positive,kien_thuc
9265,Esta conferencia fue hermosa... La forma en que todo se conecta y se vincula es asombrosa... ¡Un conocimiento invaluable! Gracias Sr. Strang,positive,chuong_trinh_hoc
9265,Esta conferencia fue hermosa... La forma en que todo se conecta y se vincula es asombrosa... ¡Un conocimiento invaluable! Gracias Sr. Strang,positive,ky_nang_giang_day
9266,"27:45. ¿No debería ser simplemente A? Quiero decir A=[a1 a2]. Pero ahora tenemos a1(trans) y a2(trans) en sus columnas, no solo a1, a2. ¿Cómo podría ser A(trans.)?",neutral,kien_thuc
9267,Me Gustan Mucho Los Video Volumenes por discos y conchas De Tu,positive,chuong_trinh_hoc
9268,"33:24 Su sol aparentemente es ""hembra"" jajaja",neutral,ky_nang_giang_day
9269,"¡Dios mío! Como todos los demás aquí, toda la serie de conferencias  ha sido alucinante. He estado obsesionada con ella durante la última semana, dedicando alrededor de 5 horas por día simplemente a absorber el material, ¡es magnífico! Siempre tuve problemas con Álgebra lineal y tengo un examen de visión por computadora en dos semanas que depende mucho del álgebra lineal. Intenté de alguna manera evitarlo como lo hice con otros cursos, pero luego decidí que ya era suficiente y que necesitaba entender de qué se trata realmente Álgebra lineal. ¡Nunca esperé que fuera tan elegante y tan simple! ¡Esto es ARTE!",positive,chuong_trinh_hoc
9269,"¡Dios mío! Como todos los demás aquí, toda la serie de conferencias  ha sido alucinante. He estado obsesionada con ella durante la última semana, dedicando alrededor de 5 horas por día simplemente a absorber el material, ¡es magnífico! Siempre tuve problemas con Álgebra lineal y tengo un examen de visión por computadora en dos semanas que depende mucho del álgebra lineal. Intenté de alguna manera evitarlo como lo hice con otros cursos, pero luego decidí que ya era suficiente y que necesitaba entender de qué se trata realmente Álgebra lineal. ¡Nunca esperé que fuera tan elegante y tan simple! ¡Esto es ARTE!",positive,kien_thuc
9270,"Se emplea en toda la física que se utiliza para fabricar prácticamente cualquier dispositivo electrónico, incluido el que utilizas para propagar tu estupidez. Sin cálculo, serías estúpido y estarías solo.",positive,kien_thuc
9271,"Los videos del profesor Gilbert Strang me ayudaron durante mis estudios de maestría en ingeniería. Lo volví a ver entre 2011 y 2014 durante mi doctorado. El año pasado recibí su nuevo libro y hoy lo estoy viendo (de nuevo). Está enseñando álgebra lineal para análisis de datos, procesamiento de señales y aprendizaje automático porque tengo que enseñar Fundamentos de IA a mis estudiantes de grado. ¡Muchas gracias, profesor Strang, usted es mi mejor mentor en línea en matemáticas!",positive,chuong_trinh_hoc
9272,"Vaya, hace 15 años... Prof. Strang ¡Parece un niño!",neutral,ky_nang_giang_day
9273,Muy buena explicación.Muchas gracias.,positive,ky_nang_giang_day
9274,Realmente eres un excelente y maravilloso profesor para mí,positive,ky_nang_giang_day
9275,"Serie fenomenal, gracias MIT y Prof.Auroux!",positive,ky_nang_giang_day
9275,"Serie fenomenal, gracias MIT y Prof.Auroux!",positive,ky_nang_giang_day
9276,La derivada de 30x^3 + 12x^4 +15+ 1 es 90x^2+48^3=0 ¿verdad?,neutral,kien_thuc
9276,La derivada de 30x^3 + 12x^4 +15+ 1 es 90x^2+48^3=0 ¿verdad?,neutral,kien_thuc
9277,"Estoy viendo esto en Dinamarca para el examen preliminar. Podría haber visto este curso curso primero, un trabajo increíble. ¡Muchas gracias!",positive,chuong_trinh_hoc
9278,"Hay un ERROR en la fórmula  del minuto 32:31. Debe ser S(Λ^100)c para que funcione como se supone it. Sin embargo, it es una excelente conferencia, muchas gracias. :)",negative,kien_thuc
9278,"Hay un ERROR en la fórmula  del minuto 32:31. Debe ser S(Λ^100)c para que funcione como se supone it. Sin embargo, it es una excelente conferencia, muchas gracias. :)",positive,chuong_trinh_hoc
9278,"Hay un ERROR en la fórmula  del minuto 32:31. Debe ser S(Λ^100)c para que funcione como se supone it. Sin embargo, it es una excelente conferencia, muchas gracias. :)",positive,chuong_trinh_hoc
9279,Impresionante cómo el profesor Strang usa un error en la lección 9 para llamar la atención sobre el hecho de que R(C(A) = R(C(A')))... muchos profesores motivados por el ego simplemente lo habrían ignorado.,positive,ky_nang_giang_day
9279,Impresionante cómo el profesor Strang usa un error en la lección 9 para llamar la atención sobre el hecho de que R(C(A) = R(C(A')))... muchos profesores motivados por el ego simplemente lo habrían ignorado.,positive,kien_thuc
9280,Gracias Profesor StrangGracias MIT OCW2022/08/07,positive,ky_nang_giang_day
9281,Me enseñaron que la inversa de la matriz A se puede encontrar como -> (1/ |A| * adj(A)) ...... ¿está bien que me saltee estos métodos... porque soy bastante frecuente con eso?,neutral,kien_thuc
9281,Me enseñaron que la inversa de la matriz A se puede encontrar como -> (1/ |A| * adj(A)) ...... ¿está bien que me saltee estos métodos... porque soy bastante frecuente con eso?,neutral,kien_thuc
9282,¡Esta conferencia está cerrada bajo cualquier otra conferencia!,positive,chuong_trinh_hoc
9283,¿Cómo puedo obtener los trabajos que les dio el profesor? ¿Alguien los sube a alguna página?,neutral,ky_nang_giang_day
9283,¿Cómo puedo obtener los trabajos que les dio el profesor? ¿Alguien los sube a alguna página?,neutral,noi_chung
9284,Te deseo una larga vida Prof. Strang....el mundo nunca olvidará tu contribución...,positive,ky_nang_giang_day
9285,"¡El tipo escribió mal la serie! La serie real debería haber sido 1/2+1/4+1/8+1/16... Y no puede ir más allá del doble de la longitud de un bloque, medido desde el extremo izquierdo del bloque superior hasta el extremo derecho del bloque inferior. Y esto significa que en realidad necesitaría una cantidad infinita de bloques para alinear los extremos de los bloques superior e inferior. Así que el tipo en realidad no pudo pasar el bloque inferior, solo parece que así sea desde ese ángulo. (Créanme, resolví esta cuestión en la clase de física en la escuela secundaria).",negative,ky_nang_giang_day
9285,"¡El tipo escribió mal la serie! La serie real debería haber sido 1/2+1/4+1/8+1/16... Y no puede ir más allá del doble de la longitud de un bloque, medido desde el extremo izquierdo del bloque superior hasta el extremo derecho del bloque inferior. Y esto significa que en realidad necesitaría una cantidad infinita de bloques para alinear los extremos de los bloques superior e inferior. Así que el tipo en realidad no pudo pasar el bloque inferior, solo parece que así sea desde ese ángulo. (Créanme, resolví esta cuestión en la clase de física en la escuela secundaria).",negative,ky_nang_giang_day
9286,Acabo de terminar su álgebra lineal 18.06 del año 2005... ¡Dios mío! He estudiado en la universidad durante 10 años y no he conocido a un mejor profesor de matemáticas. ¡¡¡Excelente enseñanza!!! Terminé el curso y puedo hacer cómodamente algunas operaciones con matrices sin tener que escribirlas. Te deseo muchos años más de felicidad y buena salud profesor Strang.,positive,ky_nang_giang_day
9286,Acabo de terminar su álgebra lineal 18.06 del año 2005... ¡Dios mío! He estudiado en la universidad durante 10 años y no he conocido a un mejor profesor de matemáticas. ¡¡¡Excelente enseñanza!!! Terminé el curso y puedo hacer cómodamente algunas operaciones con matrices sin tener que escribirlas. Te deseo muchos años más de felicidad y buena salud profesor Strang.,positive,chuong_trinh_hoc
9286,Acabo de terminar su álgebra lineal 18.06 del año 2005... ¡Dios mío! He estudiado en la universidad durante 10 años y no he conocido a un mejor profesor de matemáticas. ¡¡¡Excelente enseñanza!!! Terminé el curso y puedo hacer cómodamente algunas operaciones con matrices sin tener que escribirlas. Te deseo muchos años más de felicidad y buena salud profesor Strang.,positive,chuong_trinh_hoc
9287,¿Tal vez sea porque tienen que pagar tanto a sus profesores? Y probablemente utilizarían el dinero para financiar más en educación por Internet porque el dinero se asigna a partes específicas dentro de MIT.,neutral,ky_nang_giang_day
9287,¿Tal vez sea porque tienen que pagar tanto a sus profesores? Y probablemente utilizarían el dinero para financiar más en educación por Internet porque el dinero se asigna a partes específicas dentro de MIT.,neutral,noi_chung
9287,¿Tal vez sea porque tienen que pagar tanto a sus profesores? Y probablemente utilizarían el dinero para financiar más en educación por Internet porque el dinero se asigna a partes específicas dentro de MIT.,neutral,thiet_bi_day_hoc
9288,Él es el mejor profesor que conozco,positive,ky_nang_giang_day
9289,46:19 El Profesor Strange descarga su ira en la clase.,negative,ky_nang_giang_day
9290,"Este tipo no me gusta tanto como el otro profesor, parece omitir algunas explicaciones necesarias.",negative,ky_nang_giang_day
9290,"Este tipo no me gusta tanto como el otro profesor, parece omitir algunas explicaciones necesarias.",positive,ky_nang_giang_day
9291,Claramente dependiente -v1 + 2v = v3. Pero lo aclara la próxima vez. No es tan importante en esta lección.,neutral,ky_nang_giang_day
9291,Claramente dependiente -v1 + 2v = v3. Pero lo aclara la próxima vez. No es tan importante en esta lección.,neutral,chuong_trinh_hoc
9291,Claramente dependiente -v1 + 2v = v3. Pero lo aclara la próxima vez. No es tan importante en esta lección.,neutral,kien_thuc
9292,"Gracias Dr. Strang. Me gradué de la escuela secundaria sin conocimientos de matemáticas. En mi camino para aprender matemáticas por mi cuenta, usted se ha convertido en un gran mentor.",positive,ky_nang_giang_day
9293,¿Cuál es el texto utilizado para esta clase?,neutral,thiet_bi_day_hoc
9294,"¿Por qué este video tiene tantos ""no me gusta""? Absolutamente asombroso conferencia.",positive,chuong_trinh_hoc
9294,"¿Por qué este video tiene tantos ""no me gusta""? Absolutamente asombroso conferencia.",positive,chuong_trinh_hoc
9295,El director de admisiones de Análisis de Negocios de la escuela de negocios McCombs me dijo que mirara estos videos para comprender el álgebra lineal.,neutral,chuong_trinh_hoc
9296,"He estado trabajando en los conjuntos de problemas  para estas conferencias en el sitio web del MIT, pero no parece dar soluciones para los problemas de la parte B; ¿alguien sabe dónde puedo encontrarlos?",neutral,kien_thuc
9297,"Bonita conferencia, pero también deberías agregar el contenido de conferencia en descripción para que las personas no tengan que leer toda la conferencia para saber si es relevante para su curso o no.",positive,chuong_trinh_hoc
9297,"Bonita conferencia, pero también deberías agregar el contenido de conferencia en descripción para que las personas no tengan que leer toda la conferencia para saber si es relevante para su curso o no.",negative,thiet_bi_day_hoc
9298,No puedo entender cómo A podría ser un número negativo cuando se da como e^c y e es un número positivo.,neutral,kien_thuc
9298,No puedo entender cómo A podría ser un número negativo cuando se da como e^c y e es un número positivo.,neutral,kien_thuc
9299,"Lo siento, me perdí en 32""14. ¿Qué pasó exactamente con cómo obtuvo la última fila de esa (matriz 2:) que era casi una identidad?",neutral,ky_nang_giang_day
9299,"Lo siento, me perdí en 32""14. ¿Qué pasó exactamente con cómo obtuvo la última fila de esa (matriz 2:) que era casi una identidad?",neutral,kien_thuc
9300,"Si algún día me gradúo, será 100% gracias a este chico.",positive,ky_nang_giang_day
9301,Gilbert es un gran profesor de matemáticas...,positive,ky_nang_giang_day
9302,"Te está llevando a pensar, en lugar de a demostrar un teorema tras otro.",positive,ky_nang_giang_day
9303,Esta es mi favorita conferencia,positive,chuong_trinh_hoc
9304,Mira lo genial que es este profesor. Soy de YEMEN >...mit.edu/~jnt/home.html,positive,ky_nang_giang_day
9305,"Bueno explicación pero la convención para las letras asignadas a los ángulos (phi, theta) es diferente a la más habitual. Theta, generalmente se usa para el ángulo del eje z",negative,kien_thuc
9305,"Bueno explicación pero la convención para las letras asignadas a los ángulos (phi, theta) es diferente a la más habitual. Theta, generalmente se usa para el ángulo del eje z",positive,noi_chung
9306,Cuando le digo a la gente que asistí MIT :-),positive,chuong_trinh_hoc
9307,Genial profesor se cambió la camisa,positive,ky_nang_giang_day
9308,¡Demasiado suspenso! Estoy empezando el siguiente (video 1:) ahora,neutral,chuong_trinh_hoc
9310,"Creo que Strang omite un punto clave en el ejemplo de la ecuación diferencial, que es que los n vectores propios únicos forman una base para R^n,, razón por la cual u0 puede expresarse como una combinación lineal de los vectores propios.",neutral,kien_thuc
9310,"Creo que Strang omite un punto clave en el ejemplo de la ecuación diferencial, que es que los n vectores propios únicos forman una base para R^n,, razón por la cual u0 puede expresarse como una combinación lineal de los vectores propios.",neutral,kien_thuc
9311,Me gusta mucho el Video de tus problemas de Max-min,positive,chuong_trinh_hoc
9312,Sólo quiero saber quién entra al MIT sin haber tomado ya Cálculo I.,neutral,kien_thuc
9313,Esas pizarras me dejan boquiabierto,positive,thiet_bi_day_hoc
9314,"Creo que rompe con la convención habitual para matriz m * n siendo: m filas, n columnas... lo que me confundió, pero de todos modos fue una gran conferencia... edito: estaba equivocado 9:12... entendí mal lo que dijo allí, por supuesto, el espacio de columnas tiene m (filas muchas) componentes, porque las columnas van m (filas-muchas) componentes hacia abajo... gracias Robert Smits",positive,ky_nang_giang_day
9314,"Creo que rompe con la convención habitual para matriz m * n siendo: m filas, n columnas... lo que me confundió, pero de todos modos fue una gran conferencia... edito: estaba equivocado 9:12... entendí mal lo que dijo allí, por supuesto, el espacio de columnas tiene m (filas muchas) componentes, porque las columnas van m (filas-muchas) componentes hacia abajo... gracias Robert Smits",neutral,kien_thuc
9315,"¡Bien hecho, prof! Algunas personas son buenas en Álgebra lineal, ¡algunas pueden hacer que otras sean buenas en Álgebra lineal!",positive,ky_nang_giang_day
9315,"¡Bien hecho, prof! Algunas personas son buenas en Álgebra lineal, ¡algunas pueden hacer que otras sean buenas en Álgebra lineal!",negative,ky_nang_giang_day
9315,"¡Bien hecho, prof! Algunas personas son buenas en Álgebra lineal, ¡algunas pueden hacer que otras sean buenas en Álgebra lineal!",negative,kien_thuc
9315,"¡Bien hecho, prof! Algunas personas son buenas en Álgebra lineal, ¡algunas pueden hacer que otras sean buenas en Álgebra lineal!",positive,kien_thuc
9316,"Estimado IDidactl, muchas gracias por tu respuesta. Ahora entiendo. Gracias de nuevo. ¿Estás tomando su clase también?",positive,ky_nang_giang_day
9317,¡Es tan bueno explicando! ¡¡ ...,positive,ky_nang_giang_day
9318,"Este chico sabe lo que hace. Disfruté mucho de su clase . Califica bien, no es difícil, pero es justo.",positive,ky_nang_giang_day
9318,"Este chico sabe lo que hace. Disfruté mucho de su clase . Califica bien, no es difícil, pero es justo.",positive,chuong_trinh_hoc
9319,"Me llevó algo de tiempo, pero todo el ejemplo de Ascrewedup es realmente genial para ver por qué las diagonales fuera de lugar son 0.",positive,kien_thuc
9320,"Eso tarea que dejó, ¿de qué libro es?, ¿y qué páginas son esas? ¡¡¡Realmente necesito practicar esto!!!",neutral,thiet_bi_day_hoc
9321,"Si un punto es la intersección de dos línea y una línea es la intersección de dos plano, ¿es entonces un plano la (6: intersección de dos espacios tridimensionales? Eso no tiene ningún sentido, pero it casi parece que it sería cierto si siguieras siguiendo la lógica inicial.",neutral,kien_thuc
9321,"Si un punto es la intersección de dos línea y una línea es la intersección de dos plano, ¿es entonces un plano la (6: intersección de dos espacios tridimensionales? Eso no tiene ningún sentido, pero it casi parece que it sería cierto si siguieras siguiendo la lógica inicial.",neutral,kien_thuc
9321,"Si un punto es la intersección de dos línea y una línea es la intersección de dos plano, ¿es entonces un plano la (6: intersección de dos espacios tridimensionales? Eso no tiene ningún sentido, pero it casi parece que it sería cierto si siguieras siguiendo la lógica inicial.",neutral,kien_thuc
9321,"Si un punto es la intersección de dos línea y una línea es la intersección de dos plano, ¿es entonces un plano la (6: intersección de dos espacios tridimensionales? Eso no tiene ningún sentido, pero it casi parece que it sería cierto si siguieras siguiendo la lógica inicial.",neutral,kien_thuc
9321,"Si un punto es la intersección de dos línea y una línea es la intersección de dos plano, ¿es entonces un plano la (6: intersección de dos espacios tridimensionales? Eso no tiene ningún sentido, pero it casi parece que it sería cierto si siguieras siguiendo la lógica inicial.",neutral,kien_thuc
9321,"Si un punto es la intersección de dos línea y una línea es la intersección de dos plano, ¿es entonces un plano la (6: intersección de dos espacios tridimensionales? Eso no tiene ningún sentido, pero it casi parece que it sería cierto si siguieras siguiendo la lógica inicial.",neutral,kien_thuc
9321,"Si un punto es la intersección de dos línea y una línea es la intersección de dos plano, ¿es entonces un plano la (6: intersección de dos espacios tridimensionales? Eso no tiene ningún sentido, pero it casi parece que it sería cierto si siguieras siguiendo la lógica inicial.",neutral,kien_thuc
9321,"Si un punto es la intersección de dos línea y una línea es la intersección de dos plano, ¿es entonces un plano la (6: intersección de dos espacios tridimensionales? Eso no tiene ningún sentido, pero it casi parece que it sería cierto si siguieras siguiendo la lógica inicial.",neutral,kien_thuc
9323,"Terminado (30/11/22). ¡A por el examen! ¡Gracias, Dr. Strang y equipo MIT OCW!",positive,ky_nang_giang_day
9323,"Terminado (30/11/22). ¡A por el examen! ¡Gracias, Dr. Strang y equipo MIT OCW!",positive,noi_chung
9324,Tiene una comprensión clara y profunda de lo que está diciendo... ¡excelente conferencia!,positive,ky_nang_giang_day
9324,Tiene una comprensión clara y profunda de lo que está diciendo... ¡excelente conferencia!,positive,chuong_trinh_hoc
9325,"Meh, bueno video pero sus conferencias no son mucho mejores que las de mi universidad. El profesor más destacado del MIT es Walter Lewin :D",positive,chuong_trinh_hoc
9325,"Meh, bueno video pero sus conferencias no son mucho mejores que las de mi universidad. El profesor más destacado del MIT es Walter Lewin :D",neutral,chuong_trinh_hoc
9326,"Gracias, Profesor Strang. 2019-05-17 12:32:56",positive,ky_nang_giang_day
9327,"Esta es la clase de cálculo más intuitiva y completa que he visto conferencia. ¡Gracias, MIT!",positive,chuong_trinh_hoc
9327,"Esta es la clase de cálculo más intuitiva y completa que he visto conferencia. ¡Gracias, MIT!",positive,noi_chung
9328,Profesor Me salvaste. Gracias por tus clases. Nuestro profesor universitario es el peor en la enseñanza álgebra lineal.,positive,ky_nang_giang_day
9328,Profesor Me salvaste. Gracias por tus clases. Nuestro profesor universitario es el peor en la enseñanza álgebra lineal.,positive,chuong_trinh_hoc
9328,Profesor Me salvaste. Gracias por tus clases. Nuestro profesor universitario es el peor en la enseñanza álgebra lineal.,negative,ky_nang_giang_day
9328,Profesor Me salvaste. Gracias por tus clases. Nuestro profesor universitario es el peor en la enseñanza álgebra lineal.,negative,chuong_trinh_hoc
9329,"@[USERNAME]pueden permitirse las mejores tizas del mundo. estas tizas contienen aproximadamente un 28% de calcio, por eso son muy resistentes y puedes dibujar líneas rectas largas. Y si alguien tiene problemas con los dientes, también se pueden comer. Pero antes debes aplastar tizas o raspar la pizarra y mezclarla con un poco de limón u otro ácido. Sin ácido, no consumirás calcio. También se llaman tizas comestibles.",positive,thiet_bi_day_hoc
9330,"Ojalá este tipo me hubiera enseñado Matemáticas 293 y 294 en Cornell. Mi chico apenas podía hablar inglés, y mucho menos explicar lo que estábamos tratando de lograr. Entendí que si queríamos vectores propios perpendiculares a NULL obtendríamos sustentación relativa al flujo... pero este tipo habría simplificado un poco las matemáticas.",positive,ky_nang_giang_day
9330,"Ojalá este tipo me hubiera enseñado Matemáticas 293 y 294 en Cornell. Mi chico apenas podía hablar inglés, y mucho menos explicar lo que estábamos tratando de lograr. Entendí que si queríamos vectores propios perpendiculares a NULL obtendríamos sustentación relativa al flujo... pero este tipo habría simplificado un poco las matemáticas.",neutral,chuong_trinh_hoc
9330,"Ojalá este tipo me hubiera enseñado Matemáticas 293 y 294 en Cornell. Mi chico apenas podía hablar inglés, y mucho menos explicar lo que estábamos tratando de lograr. Entendí que si queríamos vectores propios perpendiculares a NULL obtendríamos sustentación relativa al flujo... pero este tipo habría simplificado un poco las matemáticas.",neutral,kien_thuc
9330,"Ojalá este tipo me hubiera enseñado Matemáticas 293 y 294 en Cornell. Mi chico apenas podía hablar inglés, y mucho menos explicar lo que estábamos tratando de lograr. Entendí que si queríamos vectores propios perpendiculares a NULL obtendríamos sustentación relativa al flujo... pero este tipo habría simplificado un poco las matemáticas.",neutral,kien_thuc
9331,"Soy estudiante del IIT. Tenemos algunos profesores que enseñan bien este tema. La mayoría son muy aburridos. Gracias, MIT.",negative,ky_nang_giang_day
9333,¡Me tomó 15 segundos darme cuenta de que estaba hablando inglés!,negative,ky_nang_giang_day
9334,"Estoy intentando entender por qué multiplicación de matrices debería funcionar de la manera en que lo hace y no puedo encontrar un buen recurso que hable sobre este tema específico. El hecho de que ni siquiera Gauss pudiera verlo es un consuelo, pero me encantaría tener en mis manos una buena explicación.",neutral,kien_thuc
9335,"Si hoy se eliminara todo el contenido de YouTube, lo más molesto para mí probablemente sería perder esta serie de lecciones.",positive,thiet_bi_day_hoc
9336,"Ahora entiendo por qué los estadounidenses son unos inútiles matemáticas, maldita sea (sí, soy francés).",neutral,kien_thuc
9337,¡Gracias! Esta es una conferencia increíble,positive,chuong_trinh_hoc
9338,"He estado viendo todos los videos anteriores y comprendiendo la mayor parte de lo que sucede, pero siempre descubrí que no tenía ninguna relación entre lo que veía y lo que ya sabía. No podía integrar el nuevo conjunto de conceptos a mi conocimiento actual. Fue bastante desconcertante. Ahora, con los primeros 18 minutos de esta conferencia todo simplemente encajó. Es como si estuviera flotando en el espacio y tuviera dificultades para navegar, pero aún así podía moverme de un punto a otro. Ahora entendí la gravedad. Esto es bastante impresionante.",positive,chuong_trinh_hoc
9339,"Muchas gracias Dr. Strang, estoy muy emocionado por la próxima conferencia.",positive,ky_nang_giang_day
9339,"Muchas gracias Dr. Strang, estoy muy emocionado por la próxima conferencia.",positive,chuong_trinh_hoc
9340,"Una de las mejores conferencias en Youtube, gracias Prof. Gilbert por explicarlo maravillosamente.",positive,ky_nang_giang_day
9341,¡Una de las mejores conferencias de cálculo!,positive,chuong_trinh_hoc
9342,Mirar Dr. Strang nunca es aburrido,positive,ky_nang_giang_day
9343,"Jerison solo compara los términos de mayor grado tanto en el numerador (1) como en el denominador (1/x), porque eso es todo lo que importa cuando el límite se acerca al infinito. Y sí, el factor desaparece hasta llegar a cero después de que se realiza esa comparación. Simplemente ha eliminado el resto de los términos de antemano porque son irrelevantes cuando x se acerca al infinito.",neutral,ky_nang_giang_day
9344,En realidad disfruté mucho más las conferencias de profesor Miler que las de profesor Jerison.,positive,ky_nang_giang_day
9344,En realidad disfruté mucho más las conferencias de profesor Miler que las de profesor Jerison.,neutral,ky_nang_giang_day
9345,densidad ¿en gramos por pulgada cúbica? ¡Qué raro! Pero al final tenía mucha prisa...,neutral,kien_thuc
9345,densidad ¿en gramos por pulgada cúbica? ¡Qué raro! Pero al final tenía mucha prisa...,neutral,ky_nang_giang_day
9347,¿Está esto estadísticas relacionado con campo empresarial?,neutral,kien_thuc
9347,¿Está esto estadísticas relacionado con campo empresarial?,neutral,noi_chung
9348,"¡Usted es el rey, señor Strang! Gracias",positive,ky_nang_giang_day
9349,"¡Muchas gracias, Profesor Strang!",positive,ky_nang_giang_day
9350,¿Por qué mi universidad no permite que estudiantes graben las clases? Es muy bueno tenerlas en casa en formato de video. Puedes volver a verlas y rebobinar el tiempo cada vez que te pierdas algo porque no prestaste atención. Es muy útil.,negative,noi_chung
9350,¿Por qué mi universidad no permite que estudiantes graben las clases? Es muy bueno tenerlas en casa en formato de video. Puedes volver a verlas y rebobinar el tiempo cada vez que te pierdas algo porque no prestaste atención. Es muy útil.,neutral,noi_chung
9350,¿Por qué mi universidad no permite que estudiantes graben las clases? Es muy bueno tenerlas en casa en formato de video. Puedes volver a verlas y rebobinar el tiempo cada vez que te pierdas algo porque no prestaste atención. Es muy útil.,positive,thiet_bi_day_hoc
9350,¿Por qué mi universidad no permite que estudiantes graben las clases? Es muy bueno tenerlas en casa en formato de video. Puedes volver a verlas y rebobinar el tiempo cada vez que te pierdas algo porque no prestaste atención. Es muy útil.,positive,chuong_trinh_hoc
9351,Eso es porque eres pésimo en esto.,negative,ky_nang_giang_day
9352,¿Por qué no Leipzig continua y simplemente acotada?,neutral,kien_thuc
9353,Excelente (1ª lección). ¡Gracias por compartir!,positive,chuong_trinh_hoc
9354,"47:25 abajo a la izquierda: ¿Cómo se define Var(u^TX)? ¿Qué significa la ""varianza"" de un vector aleatorio? Muchas gracias",neutral,kien_thuc
9355,"¡Este profesor es increíble! No solo me hizo aprender álgebra lineal, sino que me hizo muy feliz ver que todavía hay gente tan apasionada por su trabajo. ¡Me encanta!",positive,ky_nang_giang_day
9356,"A las 28:00 horas hizo lo que hace Walter Lewin. ¿Es un requisito indispensable que todos los profesores del MIT tengan la capacidad de hacer esa ""línea de puntos""?",neutral,ky_nang_giang_day
9357,Hoy he terminado este curso. Sólo quiero decir que Prof. David Jerison es un excelente y extraordinario profesor. Muchas gracias a todos aquellos que han hecho posible que este curso esté disponible en línea y para todos de forma gratuita. Muchas gracias MIT...,positive,ky_nang_giang_day
9357,Hoy he terminado este curso. Sólo quiero decir que Prof. David Jerison es un excelente y extraordinario profesor. Muchas gracias a todos aquellos que han hecho posible que este curso esté disponible en línea y para todos de forma gratuita. Muchas gracias MIT...,positive,chuong_trinh_hoc
9358,Una gran conferencia. En 38.58 debería haber dicho Probabilidad de observar los datos dado que los datos se distribuyen según parámetros theta,positive,chuong_trinh_hoc
9358,Una gran conferencia. En 38.58 debería haber dicho Probabilidad de observar los datos dado que los datos se distribuyen según parámetros theta,neutral,ky_nang_giang_day
9358,Una gran conferencia. En 38.58 debería haber dicho Probabilidad de observar los datos dado que los datos se distribuyen según parámetros theta,neutral,kien_thuc
9358,Una gran conferencia. En 38.58 debería haber dicho Probabilidad de observar los datos dado que los datos se distribuyen según parámetros theta,neutral,kien_thuc
9359,¿No es esto como construir una fórmula iterativa para aproximar la raíz?,neutral,kien_thuc
9360,Llevo 49 minutos y todavía tengo la esperanza de que llegue pronto a PCA jajaja... aunque genial conferencia,positive,chuong_trinh_hoc
9361,Son demasiado buenos. Pasé días leyendo definiciones abstractas y explicaciones formales en libros para comprender los conceptos que este profesor explica de manera tan vívida y creativa en 10 segundos. ¡Gracias!,positive,ky_nang_giang_day
9362,"Oh, haber tenido un profesor como este que quería que aprendieras matemáticas, a diferencia de mis clases que estaban destinadas a eliminar a la mayor cantidad de estudiantes posible en el futuro.",positive,ky_nang_giang_day
9363,Fue un final hermoso . Me hizo llorar.,positive,chuong_trinh_hoc
9364,Ojalá hubiera ido a una universidad de la Ivy League donde las clases fueran realmente comprensibles. A diferencia de mi universidad |:,positive,chuong_trinh_hoc
9364,Ojalá hubiera ido a una universidad de la Ivy League donde las clases fueran realmente comprensibles. A diferencia de mi universidad |:,positive,noi_chung
9364,Ojalá hubiera ido a una universidad de la Ivy League donde las clases fueran realmente comprensibles. A diferencia de mi universidad |:,negative,noi_chung
9365,"En 1:08:10, esos lambda no deberían ser valores propios de Sigma? (¿o matriz de covarianza?)",negative,kien_thuc
9366,"@[NOMBRE DE USUARIO]DIOS MÍO, pensé que era el único que pensaba esto. Powerpoint simplemente no me ayuda. ¡Realmente desearía que mis profesores usaran una pizarra!",negative,chuong_trinh_hoc
9367,"Estoy empezando a trabajar en línea con la clase de Prof. Strang en YouTube. Me encanta su estilo, su velocidad y su pasión por inspirar la reflexión sobre las respuestas. El hombre parece ser uno de los educadores y pensadores verdaderamente talentosos. ¡Gracias a MIT por publicar este y otros conocimientos en línea!",positive,ky_nang_giang_day
9367,"Estoy empezando a trabajar en línea con la clase de Prof. Strang en YouTube. Me encanta su estilo, su velocidad y su pasión por inspirar la reflexión sobre las respuestas. El hombre parece ser uno de los educadores y pensadores verdaderamente talentosos. ¡Gracias a MIT por publicar este y otros conocimientos en línea!",positive,thiet_bi_day_hoc
9367,"Estoy empezando a trabajar en línea con la clase de Prof. Strang en YouTube. Me encanta su estilo, su velocidad y su pasión por inspirar la reflexión sobre las respuestas. El hombre parece ser uno de los educadores y pensadores verdaderamente talentosos. ¡Gracias a MIT por publicar este y otros conocimientos en línea!",positive,thiet_bi_day_hoc
9367,"Estoy empezando a trabajar en línea con la clase de Prof. Strang en YouTube. Me encanta su estilo, su velocidad y su pasión por inspirar la reflexión sobre las respuestas. El hombre parece ser uno de los educadores y pensadores verdaderamente talentosos. ¡Gracias a MIT por publicar este y otros conocimientos en línea!",positive,noi_chung
9368,¿Es este un buen curso  para análisis de datos?,positive,chuong_trinh_hoc
9369,"1:14:50 He estado pensando en esta pregunta durante días que está relacionada con pset2 #4 [proyección de decidible si y solo si T es reconocible]. ¿Cómo podemos estar seguros de que las pruebas en sí mismas no causan bucles? En el sentido del problema de proyección, ¿cómo puedo estar seguro de que T reconocible está probando nuevas entradas y no está perdiendo el tiempo con círculos sin sentido en un par específico de (x, y)?",neutral,kien_thuc
9369,"1:14:50 He estado pensando en esta pregunta durante días que está relacionada con pset2 #4 [proyección de decidible si y solo si T es reconocible]. ¿Cómo podemos estar seguros de que las pruebas en sí mismas no causan bucles? En el sentido del problema de proyección, ¿cómo puedo estar seguro de que T reconocible está probando nuevas entradas y no está perdiendo el tiempo con círculos sin sentido en un par específico de (x, y)?",neutral,kien_thuc
9370,"Plano de octava dimensión dentro de un espacio de novena dimensión. Si los valores de las columnas 8.ª y 9.ª son iguales, sería como un plano sobre un plano como una cebolla. Estoy confundido.",neutral,kien_thuc
9370,"Plano de octava dimensión dentro de un espacio de novena dimensión. Si los valores de las columnas 8.ª y 9.ª son iguales, sería como un plano sobre un plano como una cebolla. Estoy confundido.",neutral,kien_thuc
9371,¡La autoformación con tan buenos profesores es el futuro! Gracias Profesor Strang.,positive,ky_nang_giang_day
9371,¡La autoformación con tan buenos profesores es el futuro! Gracias Profesor Strang.,positive,ky_nang_giang_day
9372,"Me encanta la cantidad de pequeños extras que agrega constantemente, como pequeñas ""notas"" para saber ^^ mantiene la mente despierta y entretenida en el asombro :Dojará que mis profesores estuvieran tan involucrados en sus conferencias :)",positive,ky_nang_giang_day
9372,"Me encanta la cantidad de pequeños extras que agrega constantemente, como pequeñas ""notas"" para saber ^^ mantiene la mente despierta y entretenida en el asombro :Dojará que mis profesores estuvieran tan involucrados en sus conferencias :)",negative,ky_nang_giang_day
9372,"Me encanta la cantidad de pequeños extras que agrega constantemente, como pequeñas ""notas"" para saber ^^ mantiene la mente despierta y entretenida en el asombro :Dojará que mis profesores estuvieran tan involucrados en sus conferencias :)",negative,chuong_trinh_hoc
9373,¡Qué privilegio debe ser tener un profesor tan maravilloso! ¡Gracias MIT por estas 35 conferencias!,positive,ky_nang_giang_day
9373,¡Qué privilegio debe ser tener un profesor tan maravilloso! ¡Gracias MIT por estas 35 conferencias!,positive,chuong_trinh_hoc
9374,"why es Q no en the other lado, si nos movemos hacia abajo (South) desde where dh/dx es 0 than también h which disminuye right? Quiero decir dh/dy < 0 para both puntos right? why solo para the el superior?",neutral,kien_thuc
9374,"why es Q no en the other lado, si nos movemos hacia abajo (South) desde where dh/dx es 0 than también h which disminuye right? Quiero decir dh/dy < 0 para both puntos right? why solo para the el superior?",neutral,kien_thuc
9374,"why es Q no en the other lado, si nos movemos hacia abajo (South) desde where dh/dx es 0 than también h which disminuye right? Quiero decir dh/dy < 0 para both puntos right? why solo para the el superior?",neutral,kien_thuc
9374,"why es Q no en the other lado, si nos movemos hacia abajo (South) desde where dh/dx es 0 than también h which disminuye right? Quiero decir dh/dy < 0 para both puntos right? why solo para the el superior?",neutral,kien_thuc
9375,Suena como el senador Pat Geary de El Padrino 2.,neutral,ky_nang_giang_day
9376,Cuánta energía para un video grabado  con una clase vacía. ¡Muchas gracias Profesor Gilbert!,positive,ky_nang_giang_day
9376,Cuánta energía para un video grabado  con una clase vacía. ¡Muchas gracias Profesor Gilbert!,positive,chuong_trinh_hoc
9377,"Esto es lo que yo llamo una clase de matemáticas ""valiosa"". Se dedica tiempo a explicar a los estudiantes ""por qué"" las cosas son ciertas. En las instituciones en las que he estado, se dedica tiempo a leer diapositivas para los estudiantes y mostrarles cómo resolver problemas sin siquiera tener la más mínima idea sobre el procedimiento que se sigue para resolver un problema.",positive,chuong_trinh_hoc
9377,"Esto es lo que yo llamo una clase de matemáticas ""valiosa"". Se dedica tiempo a explicar a los estudiantes ""por qué"" las cosas son ciertas. En las instituciones en las que he estado, se dedica tiempo a leer diapositivas para los estudiantes y mostrarles cómo resolver problemas sin siquiera tener la más mínima idea sobre el procedimiento que se sigue para resolver un problema.",negative,noi_chung
9378,"Completé todo el curso hoy, 27/08/2021. No recuerdo cuándo comencé, pero el primer capítulo me dio mucha intuición y eso me animó a seguir estudiando hasta el final del curso. Gracias, Profesor Gilbert Strang. Eres mi gran profesor de Matemáticas. Me inspiraste a seguir avanzando en estas cosas. Realmente espero poder conocerte algún día.",positive,ky_nang_giang_day
9378,"Completé todo el curso hoy, 27/08/2021. No recuerdo cuándo comencé, pero el primer capítulo me dio mucha intuición y eso me animó a seguir estudiando hasta el final del curso. Gracias, Profesor Gilbert Strang. Eres mi gran profesor de Matemáticas. Me inspiraste a seguir avanzando en estas cosas. Realmente espero poder conocerte algún día.",positive,chuong_trinh_hoc
9379,¡Gracias profesor! Realmente ayuda mucho a comprender cómo funciona la visión artificial en 3D.,positive,ky_nang_giang_day
9379,¡Gracias profesor! Realmente ayuda mucho a comprender cómo funciona la visión artificial en 3D.,positive,noi_chung
9380,¡Qué conferencia tan increíble y cautivadora! GRACIAS.,positive,chuong_trinh_hoc
9380,¡Qué conferencia tan increíble y cautivadora! GRACIAS.,positive,ky_nang_giang_day
9381,"Tengo mucho respeto por el profesor Gilbert Strang. Tiene una edad muy avanzada en estos videos pero aún puede dar conferencias excelentes. De hecho, estamos en 2018 y todavía está dando conferencias.",positive,ky_nang_giang_day
9381,"Tengo mucho respeto por el profesor Gilbert Strang. Tiene una edad muy avanzada en estos videos pero aún puede dar conferencias excelentes. De hecho, estamos en 2018 y todavía está dando conferencias.",positive,chuong_trinh_hoc
9381,"Tengo mucho respeto por el profesor Gilbert Strang. Tiene una edad muy avanzada en estos videos pero aún puede dar conferencias excelentes. De hecho, estamos en 2018 y todavía está dando conferencias.",positive,chuong_trinh_hoc
9382,"En 32:00, the prove es solo the component e y p eigual a b. Pero creo que the e debería ser be perpendicular a the line, no tomare the y components... i.e. a las 32:00, para la prueba the, there es una suposición de que the x componentee de b,e, p are the same. De todos modos, es un great video series para review. :>",negative,kien_thuc
9382,"En 32:00, the prove es solo the component e y p eigual a b. Pero creo que the e debería ser be perpendicular a the line, no tomare the y components... i.e. a las 32:00, para la prueba the, there es una suposición de que the x componentee de b,e, p are the same. De todos modos, es un great video series para review. :>",positive,chuong_trinh_hoc
9383,@[USERNAME]Porque lo explicó bien.,positive,ky_nang_giang_day
9384,Soy de la India y me encanta tu enseñanza,positive,chuong_trinh_hoc
9385,"Ok, ni siquiera sé qué está pasando y no sé por dónde empezar a aprender cálculo jajaja",neutral,kien_thuc
9386,"Dios que salva vidas, gracias",positive,ky_nang_giang_day
9387,Me encanta este chico. Es muy divertido y sabe explicar las cosas muy bien.,positive,ky_nang_giang_day
9388,"No entiendo... Soy realmente tonto por estar en el MIT, pero ¿qué diablos está pasando con estos estudiantes? No deberían confundirse por cosas tan simples como esa. ¿Alguien me puede decir si los estudiantes del MIT realmente no son tan inteligentes como dice la gente?",neutral,ky_nang_giang_day
9389,Gracias por la analogía  a las 21:00. Es la primera vez que me pasa esto :),positive,kien_thuc
9390,"Gracias profesor Strang, ¡no sabes lo útil que es esto para muchos de nosotros!",positive,ky_nang_giang_day
9390,"Gracias profesor Strang, ¡no sabes lo útil que es esto para muchos de nosotros!",positive,chuong_trinh_hoc
9391,"Tengo una pregunta aquí, para mí un punto en 3d es cero dimensional, pero si alguna entidad viviente es más pequeña que ese punto, alguna cosa viviente microscópica, para ella el punto tendrá alguna dimensión, entonces, ¿es para que el vector espacios que estoy estudiando, lo pueda visualizar en mi espacio existente, si alguien está allí en un espacio diferente, hará algún otro espacio vectorial? ¿La solución seguirá siendo la misma en diferentes espacios para un problema o ejemplo en particular?",neutral,kien_thuc
9391,"Tengo una pregunta aquí, para mí un punto en 3d es cero dimensional, pero si alguna entidad viviente es más pequeña que ese punto, alguna cosa viviente microscópica, para ella el punto tendrá alguna dimensión, entonces, ¿es para que el vector espacios que estoy estudiando, lo pueda visualizar en mi espacio existente, si alguien está allí en un espacio diferente, hará algún otro espacio vectorial? ¿La solución seguirá siendo la misma en diferentes espacios para un problema o ejemplo en particular?",neutral,kien_thuc
9392,"Para el check-in 21.2, how viene D rechaza <D>1000000 en el paso 1. En la entrada w, marque f(n) celdas de cinta wdonde n = |<D>1000000|. Luego ¿qué sucede?",neutral,kien_thuc
9392,"Para el check-in 21.2, how viene D rechaza <D>1000000 en el paso 1. En la entrada w, marque f(n) celdas de cinta wdonde n = |<D>1000000|. Luego ¿qué sucede?",neutral,kien_thuc
9392,"Para el check-in 21.2, how viene D rechaza <D>1000000 en el paso 1. En la entrada w, marque f(n) celdas de cinta wdonde n = |<D>1000000|. Luego ¿qué sucede?",neutral,kien_thuc
9392,"Para el check-in 21.2, how viene D rechaza <D>1000000 en el paso 1. En la entrada w, marque f(n) celdas de cinta wdonde n = |<D>1000000|. Luego ¿qué sucede?",neutral,kien_thuc
9393,¿Podría ver (A^t(A)) como un producto escalar de dos vectores en el espacio matricial?,neutral,kien_thuc
9394,"Toma notas realmente buenas  y asimílalas. Ahora, intenta presentar la misma conferencia sin memorizarla toda como si fuera un guión. No es tan fácil, ¿verdad? Ya ves que Strang no se refiere a notas). Sigue trabajando en ello y habrás internalizado la idea.",positive,ky_nang_giang_day
9394,"Toma notas realmente buenas  y asimílalas. Ahora, intenta presentar la misma conferencia sin memorizarla toda como si fuera un guión. No es tan fácil, ¿verdad? Ya ves que Strang no se refiere a notas). Sigue trabajando en ello y habrás internalizado la idea.",positive,noi_chung
9395,"Soy Fayçal de Casablanca en Marruecos y te agradezco mucho por esto cursos, me hace ver las matrices con claridad :)",positive,chuong_trinh_hoc
9396,Bravo!!! Sin duda lo mejor y de primera calidad cosas.,positive,chuong_trinh_hoc
9397,¡Qué hombre tan maravilloso! ¡Simplemente maravilloso!,positive,ky_nang_giang_day
9398,"A una persona no le gustó esto video porque se dio cuenta de que una vez que 3d flux se explicó de manera excelente, todavía no lo entendió.",positive,thiet_bi_day_hoc
9398,"A una persona no le gustó esto video porque se dio cuenta de que una vez que 3d flux se explicó de manera excelente, todavía no lo entendió.",positive,kien_thuc
9399,"Lo siento, tengo una pregunta tonta en el minuto 9:10, en la segunda y tercera matriz, en la tercera columna, ¿por qué es -2 y 5? No entendí esa parte.",neutral,kien_thuc
9400,"¿Puede alguien por favor t decirnos por quéy estamos stuck usando (*) at 26:32 t para encontrar t el valor de y? Si sustituyotitute 2 por x, y^2 tendrá 2 valores, 0,73205 y -2,73205. Podemos descartar -2,73205 ya que that t=dará valores imaginary para y. ¿Puede alguien por favor tdecirme en qué me estoy equivocando? Many g)gracias de antemano.",neutral,kien_thuc
9400,"¿Puede alguien por favor t decirnos por quéy estamos stuck usando (*) at 26:32 t para encontrar t el valor de y? Si sustituyotitute 2 por x, y^2 tendrá 2 valores, 0,73205 y -2,73205. Podemos descartar -2,73205 ya que that t=dará valores imaginary para y. ¿Puede alguien por favor tdecirme en qué me estoy equivocando? Many g)gracias de antemano.",neutral,kien_thuc
9400,"¿Puede alguien por favor t decirnos por quéy estamos stuck usando (*) at 26:32 t para encontrar t el valor de y? Si sustituyotitute 2 por x, y^2 tendrá 2 valores, 0,73205 y -2,73205. Podemos descartar -2,73205 ya que that t=dará valores imaginary para y. ¿Puede alguien por favor tdecirme en qué me estoy equivocando? Many g)gracias de antemano.",neutral,kien_thuc
9400,"¿Puede alguien por favor t decirnos por quéy estamos stuck usando (*) at 26:32 t para encontrar t el valor de y? Si sustituyotitute 2 por x, y^2 tendrá 2 valores, 0,73205 y -2,73205. Podemos descartar -2,73205 ya que that t=dará valores imaginary para y. ¿Puede alguien por favor tdecirme en qué me estoy equivocando? Many g)gracias de antemano.",neutral,kien_thuc
9401,16:15 ¿Por qué el interior de la bandera de Japón (segunda matriz) tiene rango 1? ¿Quizás sea 2?,negative,kien_thuc
9402,"Este tipo es algo especial. Voy a mi clase de Álgebra lineal y normalmente salgo sintiéndome más confundido que cuando entré, luego vengo a ver estos videos y las cosas cobran sentido en un minuto. No es solo lo que sabe, sino que sabe cómo explicarlo, simplemente brillante.",positive,chuong_trinh_hoc
9402,"Este tipo es algo especial. Voy a mi clase de Álgebra lineal y normalmente salgo sintiéndome más confundido que cuando entré, luego vengo a ver estos videos y las cosas cobran sentido en un minuto. No es solo lo que sabe, sino que sabe cómo explicarlo, simplemente brillante.",negative,kien_thuc
9403,"Esto es como chocolate intelectual puro. Gilbert Strang debería haberse hecho cargo de la Fábrica de Chocolate Wonka, no Charlie.",positive,ky_nang_giang_day
9404,"Tuve que ir a la Academia Khan para aprender lo que este tipo estaba enseñando: todo lo que tenía que hacer era decir ""en este punto, estoy agregando cero a esta ecuación"".",negative,ky_nang_giang_day
9405,Esta es la mejor conferencia que he escuchado. Gracias profesor.,positive,chuong_trinh_hoc
9405,Esta es la mejor conferencia que he escuchado. Gracias profesor.,positive,ky_nang_giang_day
9406,"Perra, eso es lo que pensé; lástima que terminé esta clase el semestre pasado",negative,chuong_trinh_hoc
9407,5/32 es la probabilidad de x-1/2(5/24)/(4/3) son las áreasProbabilidad es mucho más interesante que las fórmulas de integración (lo que estoy haciendo en la escuela),positive,kien_thuc
9408,"En 30.41 escribe ""NULL"", dice que S es la matriz de vectores propios, pero no dice nada sobre QUÉ ES ESTE ""v pequeño"", y por qué hizo ese truco... es desalentador",negative,ky_nang_giang_day
9408,"En 30.41 escribe ""NULL"", dice que S es la matriz de vectores propios, pero no dice nada sobre QUÉ ES ESTE ""v pequeño"", y por qué hizo ese truco... es desalentador",negative,kien_thuc
9409,Me encanta el acento de este chico.,positive,ky_nang_giang_day
9410,"La integral de senx (1) es bastante fácil. Si quieres calcular la integral de senx (2), simplemente comprueba si n es par o impar. Si es impar, el área es 2; si es par, el área es igual a cero.",positive,kien_thuc
9410,"La integral de senx (1) es bastante fácil. Si quieres calcular la integral de senx (2), simplemente comprueba si n es par o impar. Si es impar, el área es 2; si es par, el área es igual a cero.",neutral,kien_thuc
9411,Probar cierres usando NFAs parece un código de trampa,neutral,kien_thuc
9412,"""Acento esto"", ""acento aquello"", ni siquiera soy un hablante nativo, mi inglés es muy básico y puedo entender perfectamente a este tipo... ¿por qué se quejan los estadounidenses?",positive,ky_nang_giang_day
9413,Los tradicionales ángulos de cámara eran MUCHO más agradables a la vista.,positive,thiet_bi_day_hoc
9414,Sonido es muy bajo y Escritura a mano tampoco es perfectamente visible.,negative,thiet_bi_day_hoc
9414,Sonido es muy bajo y Escritura a mano tampoco es perfectamente visible.,negative,thiet_bi_day_hoc
9415,¡Es el profesor de Futurama en la vida real! Jaja extraño es una leyenda viviente.,positive,ky_nang_giang_day
9416,"Este es el mejor curso de Álgebra lineal que he experimentado. No hay palabras para expresar mi gratitud al profesor Strang, a sus ayudantes de cátedra y al equipo de OCW. Estoy inundada de alegría después de haber completado este curso.",positive,chuong_trinh_hoc
9416,"Este es el mejor curso de Álgebra lineal que he experimentado. No hay palabras para expresar mi gratitud al profesor Strang, a sus ayudantes de cátedra y al equipo de OCW. Estoy inundada de alegría después de haber completado este curso.",positive,ky_nang_giang_day
9416,"Este es el mejor curso de Álgebra lineal que he experimentado. No hay palabras para expresar mi gratitud al profesor Strang, a sus ayudantes de cátedra y al equipo de OCW. Estoy inundada de alegría después de haber completado este curso.",positive,noi_chung
9416,"Este es el mejor curso de Álgebra lineal que he experimentado. No hay palabras para expresar mi gratitud al profesor Strang, a sus ayudantes de cátedra y al equipo de OCW. Estoy inundada de alegría después de haber completado este curso.",positive,noi_chung
9417,No puedo creer que esté viendo esto para entretenerme por voluntad propia. Probablemente sea el mejor profesor de matemáticas que he tenido.,positive,ky_nang_giang_day
9417,No puedo creer que esté viendo esto para entretenerme por voluntad propia. Probablemente sea el mejor profesor de matemáticas que he tenido.,neutral,noi_chung
9418,"¿Qué pasó con el sonido  esta vez? Jajaja, más eco esta vez. Me encanta estudiar de esta manera. ¡Es mucho mejor que leer libros, MALDITOS! Tiene una gran habilidad, pero no te olvides de practicar problemas sobre los temas que repasas, eso ayuda a retener las ideas de la conferencia.",positive,thiet_bi_day_hoc
9418,"¿Qué pasó con el sonido  esta vez? Jajaja, más eco esta vez. Me encanta estudiar de esta manera. ¡Es mucho mejor que leer libros, MALDITOS! Tiene una gran habilidad, pero no te olvides de practicar problemas sobre los temas que repasas, eso ayuda a retener las ideas de la conferencia.",neutral,ky_nang_giang_day
9419,"Lo hace no como si estuviera haciendo matemáticas, sino como arte, como poesía.",positive,ky_nang_giang_day
9420,Tengo 17 años y sé lo que dijo el porf jajaja :P,neutral,ky_nang_giang_day
9421,Con esto todo es fácil profesor,positive,ky_nang_giang_day
9422,¿Qué usó para escribir? ¡No puedo dejar de pensar en eso!,neutral,thiet_bi_day_hoc
9423,"Completé el 18.06 hoy. Comencé el 16.03.2020 en Japón (soy chino) y hoy es el 29.03. Estos 14 días cambiaron mi vida por completo y me inspiraron. Y ahora las matemáticas son algo completamente nuevo para mí. Esta conferencia no fue como una conferencia, es mucho más como un juego, un viaje, una película inspiradora. ¡Gracias, Profesor Strang, y gracias a las personas que hicieron los subtítulos en mandarín para este video conferencia! Profesor Strang, usted es el MEJOR PROFESOR de toda mi vida. Y recordaré la conferencia 18.06 por siempre.",positive,ky_nang_giang_day
9423,"Completé el 18.06 hoy. Comencé el 16.03.2020 en Japón (soy chino) y hoy es el 29.03. Estos 14 días cambiaron mi vida por completo y me inspiraron. Y ahora las matemáticas son algo completamente nuevo para mí. Esta conferencia no fue como una conferencia, es mucho más como un juego, un viaje, una película inspiradora. ¡Gracias, Profesor Strang, y gracias a las personas que hicieron los subtítulos en mandarín para este video conferencia! Profesor Strang, usted es el MEJOR PROFESOR de toda mi vida. Y recordaré la conferencia 18.06 por siempre.",positive,chuong_trinh_hoc
9424,Todas las presentaciones de este profesor son excelentes y están bien presentadas para tomar notas y aprender escuchando. Buen ritmo.,positive,chuong_trinh_hoc
9425,¿Es esto una conferencia para idiotas o qué? Durante las últimas dos conferencias) dijo como uno o dos puntos importantes y simplemente sigue repitiéndolos...,negative,chuong_trinh_hoc
9425,¿Es esto una conferencia para idiotas o qué? Durante las últimas dos conferencias) dijo como uno o dos puntos importantes y simplemente sigue repitiéndolos...,negative,ky_nang_giang_day
9426,¿Puede mi profesor de álgebra lineal  aprender a enseñar contigo?,positive,ky_nang_giang_day
9426,¿Puede mi profesor de álgebra lineal  aprender a enseñar contigo?,negative,ky_nang_giang_day
9427,"Él es el maestro más asombroso. La forma en que comparte el conocimiento se vuelve muy fácil de entender e imaginar, lo cual es una belleza de su enseñanza.",positive,ky_nang_giang_day
9428,Gracias MIT por poner a nuestra disposición estas conferencias. Es revelador ver a profesores tan talentosos  enseñar. Es mentalmente estimulante pensar en estos conceptos. Es satisfactorio aprender.,positive,chuong_trinh_hoc
9428,Gracias MIT por poner a nuestra disposición estas conferencias. Es revelador ver a profesores tan talentosos  enseñar. Es mentalmente estimulante pensar en estos conceptos. Es satisfactorio aprender.,positive,ky_nang_giang_day
9428,Gracias MIT por poner a nuestra disposición estas conferencias. Es revelador ver a profesores tan talentosos  enseñar. Es mentalmente estimulante pensar en estos conceptos. Es satisfactorio aprender.,positive,noi_chung
9429,"Tengo un pequeño problema con el jacobiano. ¿Por qué necesitamos tomar el valor absoluto del determinante? En el caso de una sola variable, la derivada puede considerarse de manera similar como el ""tipo de cambio"" de dx a du si cambiamos las variables y en un sentido similar al jacobiano, pero en ese caso, incluso si la derivada es negativa, no tomamos los valor absoluto. Pero ¿por qué deberíamos tomar los valor absoluto en el caso del determinante jacobiano?",neutral,kien_thuc
9429,"Tengo un pequeño problema con el jacobiano. ¿Por qué necesitamos tomar el valor absoluto del determinante? En el caso de una sola variable, la derivada puede considerarse de manera similar como el ""tipo de cambio"" de dx a du si cambiamos las variables y en un sentido similar al jacobiano, pero en ese caso, incluso si la derivada es negativa, no tomamos los valor absoluto. Pero ¿por qué deberíamos tomar los valor absoluto en el caso del determinante jacobiano?",neutral,kien_thuc
9430,Prefiero dividir primero la integración según la ruta y luego elegir el sistema de coordenadas apropiado para cada ruta. Gracias.,neutral,kien_thuc
9430,Prefiero dividir primero la integración según la ruta y luego elegir el sistema de coordenadas apropiado para cada ruta. Gracias.,neutral,kien_thuc
9430,Prefiero dividir primero la integración según la ruta y luego elegir el sistema de coordenadas apropiado para cada ruta. Gracias.,neutral,kien_thuc
9431,"Eres el mejor profesor que he visto, sigue así.",positive,ky_nang_giang_day
9432,Realmente tengo que pensar e imaginar mucho en esta conferencia y me encantó.,positive,chuong_trinh_hoc
9433,"¡Muy útil (1 curso)! ¡Puedes aprender Álgebra Lineal tú mismo! Permite que el conocimiento llegue a todos, de forma gratuita y eficaz.",positive,chuong_trinh_hoc
9434,Perdería algunos puntos porque usaría el sistema de coordenadas estándar (mirando el gráfico de contorno arriba) :(,neutral,kien_thuc
9435,¿Estos cursos te enseñan prácticamente lo mismo que una clase AP Cálculo AB de secundaria?,neutral,kien_thuc
9436,"Sé que es una pregunta estúpida, pero ¿puede alguien explicar por qué r = 2acos theta en lugar de 2asec theta?",neutral,kien_thuc
9436,"Sé que es una pregunta estúpida, pero ¿puede alguien explicar por qué r = 2acos theta en lugar de 2asec theta?",neutral,kien_thuc
9437,¿Cuántas horas al día? Me gustaría terminar todo estos en una semana.,neutral,thiet_bi_day_hoc
9438,"¡Sí! ¡Entiendo cálculo vectorial claramente! ¡Buen trabajo, profesor!",positive,kien_thuc
9438,"¡Sí! ¡Entiendo cálculo vectorial claramente! ¡Buen trabajo, profesor!",positive,ky_nang_giang_day
9439,Profesor Strang - ¡gracias por las increíbles conferencias y todos los conocimientos que comparte con nosotros!,positive,chuong_trinh_hoc
9439,Profesor Strang - ¡gracias por las increíbles conferencias y todos los conocimientos que comparte con nosotros!,positive,ky_nang_giang_day
9440,"Gracias Profesor Denis Auroux y MIT. Acabo de completar el 18.02, (18 de agosto de 2022). Cálculo de una variable - Prof. David Jerison Cálculo multivariable - Prof. Denis Auroux. ¡Gracias de nuevo!",positive,ky_nang_giang_day
9440,"Gracias Profesor Denis Auroux y MIT. Acabo de completar el 18.02, (18 de agosto de 2022). Cálculo de una variable - Prof. David Jerison Cálculo multivariable - Prof. Denis Auroux. ¡Gracias de nuevo!",positive,noi_chung
9440,"Gracias Profesor Denis Auroux y MIT. Acabo de completar el 18.02, (18 de agosto de 2022). Cálculo de una variable - Prof. David Jerison Cálculo multivariable - Prof. Denis Auroux. ¡Gracias de nuevo!",positive,ky_nang_giang_day
9441,"Tengo curiosidad por saber si hay otra estadística (clase 2) en OCW que se recomiende además de este (curso 1) sobre probabilidad. Creo que esta es la (clase 2) que más me beneficiará, pero creo que una (clase 2) de estadística con videoconferencias sería excelente.",positive,de_xuat
9441,"Tengo curiosidad por saber si hay otra estadística (clase 2) en OCW que se recomiende además de este (curso 1) sobre probabilidad. Creo que esta es la (clase 2) que más me beneficiará, pero creo que una (clase 2) de estadística con videoconferencias sería excelente.",positive,de_xuat
9442,"Le pregunté a mi prof ""¿por qué minimizamos el cuadrado del error en el LSM?"" Él respondió ""para reducir la distancia"". Hoy entendí qué quiere decir con eso después de 3 años.",neutral,kien_thuc
9442,"Le pregunté a mi prof ""¿por qué minimizamos el cuadrado del error en el LSM?"" Él respondió ""para reducir la distancia"". Hoy entendí qué quiere decir con eso después de 3 años.",neutral,kien_thuc
9442,"Le pregunté a mi prof ""¿por qué minimizamos el cuadrado del error en el LSM?"" Él respondió ""para reducir la distancia"". Hoy entendí qué quiere decir con eso después de 3 años.",neutral,ky_nang_giang_day
9443,"En el minuto 27:20, tengo que adivinar la fila porque no quiero pensar, así que tomé la fila como [x, y, z] y luego la resolví manualmente para encontrar que x + z = -3 la resolvería. Pensé que era muy inteligente, pero... En el minuto 37:40, no pude resolverlo tomando las variables, aunque la matriz P era fácil de pensar, pero en el momento de la clase parece difícil, pero supongo que se logra con la práctica.",neutral,kien_thuc
9443,"En el minuto 27:20, tengo que adivinar la fila porque no quiero pensar, así que tomé la fila como [x, y, z] y luego la resolví manualmente para encontrar que x + z = -3 la resolvería. Pensé que era muy inteligente, pero... En el minuto 37:40, no pude resolverlo tomando las variables, aunque la matriz P era fácil de pensar, pero en el momento de la clase parece difícil, pero supongo que se logra con la práctica.",neutral,kien_thuc
9444,¿Por qué M(e) se equiparó a 1?,neutral,kien_thuc
9445,Solo quiero agradecerle a Sir Strang por hacer una serie tan increíble. Su serie realmente me ayudó mucho.,positive,ky_nang_giang_day
9445,Solo quiero agradecerle a Sir Strang por hacer una serie tan increíble. Su serie realmente me ayudó mucho.,positive,chuong_trinh_hoc
9446,¿Alguien puede aclarar mi pregunta...! En 32.01 se dijo que r12(n) = 1- r11(n)... es correcto intuitivamente pero si calculo r12(n) usando el método normal lo obtuve como r11(n-10.5+r12(n-1)0.8) que no es lo mismo que 1- r11(n) (Aquí r11(n = r11(n-1)0.2+r12(n-1)0.5)),neutral,kien_thuc
9446,¿Alguien puede aclarar mi pregunta...! En 32.01 se dijo que r12(n) = 1- r11(n)... es correcto intuitivamente pero si calculo r12(n) usando el método normal lo obtuve como r11(n-10.5+r12(n-1)0.8) que no es lo mismo que 1- r11(n) (Aquí r11(n = r11(n-1)0.2+r12(n-1)0.5)),neutral,kien_thuc
9446,¿Alguien puede aclarar mi pregunta...! En 32.01 se dijo que r12(n) = 1- r11(n)... es correcto intuitivamente pero si calculo r12(n) usando el método normal lo obtuve como r11(n-10.5+r12(n-1)0.8) que no es lo mismo que 1- r11(n) (Aquí r11(n = r11(n-1)0.2+r12(n-1)0.5)),neutral,kien_thuc
9446,¿Alguien puede aclarar mi pregunta...! En 32.01 se dijo que r12(n) = 1- r11(n)... es correcto intuitivamente pero si calculo r12(n) usando el método normal lo obtuve como r11(n-10.5+r12(n-1)0.8) que no es lo mismo que 1- r11(n) (Aquí r11(n = r11(n-1)0.2+r12(n-1)0.5)),neutral,kien_thuc
9446,¿Alguien puede aclarar mi pregunta...! En 32.01 se dijo que r12(n) = 1- r11(n)... es correcto intuitivamente pero si calculo r12(n) usando el método normal lo obtuve como r11(n-10.5+r12(n-1)0.8) que no es lo mismo que 1- r11(n) (Aquí r11(n = r11(n-1)0.2+r12(n-1)0.5)),neutral,kien_thuc
9447,"El profesor Strang es un maestro en la enseñanza. Es un artista. Su forma de enseñar es una obra maestra. Gracias, señor. Respeto, desde la India.",positive,ky_nang_giang_day
9448,Tal vez Gil Strang hubiera reemplazado a Newton si fuera su contemporáneo.,positive,ky_nang_giang_day
9449,Esta serie  es muy útil. Mi profesor  no puede enseñarme cómo salir de una bolsa de papel. ¡Por fin entiendo todo esto! ¡Estos  videos son la manera en que estoy aprobando mi clase de matemáticas! ¡Gracias!,positive,chuong_trinh_hoc
9449,Esta serie  es muy útil. Mi profesor  no puede enseñarme cómo salir de una bolsa de papel. ¡Por fin entiendo todo esto! ¡Estos  videos son la manera en que estoy aprobando mi clase de matemáticas! ¡Gracias!,negative,ky_nang_giang_day
9449,Esta serie  es muy útil. Mi profesor  no puede enseñarme cómo salir de una bolsa de papel. ¡Por fin entiendo todo esto! ¡Estos  videos son la manera en que estoy aprobando mi clase de matemáticas! ¡Gracias!,positive,chuong_trinh_hoc
9450,"Vale, pero ¿cuál es realmente la diferencia entre independencia de la trayectoria y de la superficie? ¿Puede un campo ser independiente de la trayectoria pero no de la superficie?... y 25:50 la divergencia del rotacional de un campo vectorial es siempre 0. ¿Implica esto que todos los campos vectoriales tengan potencial escalar o no?",neutral,kien_thuc
9451,Un punto que creo que debería haber enfatizado más es que concatenación con lenguaje vacío te da lenguaje vacío. Entonces se vuelve obvio por qué ninguna flecha es lo mismo que flecha con y lenguaje vacío.,negative,ky_nang_giang_day
9451,Un punto que creo que debería haber enfatizado más es que concatenación con lenguaje vacío te da lenguaje vacío. Entonces se vuelve obvio por qué ninguna flecha es lo mismo que flecha con y lenguaje vacío.,neutral,kien_thuc
9451,Un punto que creo que debería haber enfatizado más es que concatenación con lenguaje vacío te da lenguaje vacío. Entonces se vuelve obvio por qué ninguna flecha es lo mismo que flecha con y lenguaje vacío.,neutral,kien_thuc
9451,Un punto que creo que debería haber enfatizado más es que concatenación con lenguaje vacío te da lenguaje vacío. Entonces se vuelve obvio por qué ninguna flecha es lo mismo que flecha con y lenguaje vacío.,neutral,kien_thuc
9452,"Intenté aprender el concepto con este video hace meses y juro que me asustó. ¿POR QUÉ LO HACE SONAR TAN DIFÍCIL? Toda esta lección se basa en la ecuación punto-pendiente, que en realidad es solo la fórmula de la pendiente. ¿Cómo se obtiene la pendiente m? (y_2 - y_1)/(x_2 - x_1) = m --> Pendiente Luego, pasamos las x a la ecuación punto-pendiente my - y_1 = m(x - x_1) --> Luego, resolvemos para y, y = m(x - x_0) + y_0 --> Linealización Hace que parezca como si la ecuación surgiera de la nada... :o",negative,ky_nang_giang_day
9453,"39:38 espera, ¿por qué tienes una línea? ¿Por qué no se dibuja como un círculo sólido o algo así? No lo entiendo bien",neutral,kien_thuc
9454,"Buena observación. En Portugal lo aprendimos usando la prueba del teorema de Squezze, y esa es la forma correcta. En realidad soy matemático. El enfoque intuitivo usado en la lección solo tuvo el beneficio de ahorrarles a los estudiantes la complejidad de la topología de conjuntos puntuales en su sentido básico.",positive,kien_thuc
9454,"Buena observación. En Portugal lo aprendimos usando la prueba del teorema de Squezze, y esa es la forma correcta. En realidad soy matemático. El enfoque intuitivo usado en la lección solo tuvo el beneficio de ahorrarles a los estudiantes la complejidad de la topología de conjuntos puntuales en su sentido básico.",negative,kien_thuc
9455,"Si te dan los componentes de dos vectores (por ejemplo, u = (2, 3, 6) y v = (2, 3, -6)), ¿cómo usas esto para encontrar el (ángulo 1) entre ellos?",neutral,kien_thuc
9456,¿Cuál es la suma de los dos valores propios? Dime lo que acabo de decir. :D,neutral,kien_thuc
9457,¿Por qué se hace iteración en newtons? No puedo entender la lógica detrás de esto.,neutral,kien_thuc
9458,30:30 Supongo que esto debería ser al principio de la conferencia pero fue una muy buena conferencia gracias por tus esfuerzos <3,positive,chuong_trinh_hoc
9459,"¡Gracias, Prof. Auroux y MIT! Lo aprendí desde la lección 1 hasta la lección 32. Fecha de publicación: 12 de noviembre de 2017",positive,ky_nang_giang_day
9460,"Es difícil apreciar lo bien presentado que está en la primera lectura. Cuanto más se aprende LA, más se aprecia estilo de presentación.",positive,chuong_trinh_hoc
9460,"Es difícil apreciar lo bien presentado que está en la primera lectura. Cuanto más se aprende LA, más se aprecia estilo de presentación.",positive,thiet_bi_day_hoc
9461,¡Gracias Profesor Strang! Mañana por la mañana me levantaré temprano y veré este video con la mejor parte de mi día. ¡También necesito comprar un cuaderno súper caro solo para la clase de Profesor Strang!,positive,ky_nang_giang_day
9461,¡Gracias Profesor Strang! Mañana por la mañana me levantaré temprano y veré este video con la mejor parte de mi día. ¡También necesito comprar un cuaderno súper caro solo para la clase de Profesor Strang!,positive,chuong_trinh_hoc
9462,No aprendí nada sobre álgebra lineal en mi propia universidad. Luego encontré estas conferencias del MIT. ¡¡¡Este material es ORO!!!,positive,chuong_trinh_hoc
9463,"Fui a una universidad comunitaria y mis instructores eran al menos tan buenos como cualquiera de los instructores que he visto en este canal. Específicamente mi instructor de física Dr. Lecuyer, mis instructores de matemáticas Dr. Madson y Sr. Young.",positive,ky_nang_giang_day
9463,"Fui a una universidad comunitaria y mis instructores eran al menos tan buenos como cualquiera de los instructores que he visto en este canal. Específicamente mi instructor de física Dr. Lecuyer, mis instructores de matemáticas Dr. Madson y Sr. Young.",positive,ky_nang_giang_day
9463,"Fui a una universidad comunitaria y mis instructores eran al menos tan buenos como cualquiera de los instructores que he visto en este canal. Específicamente mi instructor de física Dr. Lecuyer, mis instructores de matemáticas Dr. Madson y Sr. Young.",positive,ky_nang_giang_day
9464,A las 35:35 si tomamos la derivada de la respuesta que no va a ser x^3(x^4+2). necesitamos x^4 multiplicado por (x^4+2)^6. ¿Alguien puede explicar qué está pasando?,neutral,kien_thuc
9464,A las 35:35 si tomamos la derivada de la respuesta que no va a ser x^3(x^4+2). necesitamos x^4 multiplicado por (x^4+2)^6. ¿Alguien puede explicar qué está pasando?,neutral,kien_thuc
9465,¿Alguien puede explicarme el problema del sombrero? Especialmente la varianza. ¡Muchas gracias!,neutral,kien_thuc
9465,¿Alguien puede explicarme el problema del sombrero? Especialmente la varianza. ¡Muchas gracias!,neutral,kien_thuc
9466,Si tuviera esta clase... la reprobaría.,negative,chuong_trinh_hoc
9467,¡Ojalá fuera mi profesor! :( ¡Explica las cosas con tanta claridad y detalle!,positive,ky_nang_giang_day
9467,¡Ojalá fuera mi profesor! :( ¡Explica las cosas con tanta claridad y detalle!,positive,kien_thuc
9468,"Estoy agradecida de haber encontrado este curso, el profesor fue puro amor y logré aprender a través del curso. Gracias profesor, fue un honor.",positive,ky_nang_giang_day
9468,"Estoy agradecida de haber encontrado este curso, el profesor fue puro amor y logré aprender a través del curso. Gracias profesor, fue un honor.",positive,chuong_trinh_hoc
9469,"32:36 habla hipotéticamente sobre (espacio 1: 9 dimensional). ""va a ser difícil visualizarlos... no pretendo hacerlo"". ""finge que lo haces"", aunque no puedo.",negative,kien_thuc
9470,"Puedes encontrar el valor 2*y0, cuando la derivada de 1/x corta el eje Y, haciendo triángulos similares. Si la pendiente refleja un cambio de y0 a 0 cuando X cambia de x0 a 2*x0, entonces debería cambiar de y0 a 2*y0 cuando X cambia de x0 a 0. Es más fácil verlo en un gráfico. La notación f' es de Lagrange, no de Newton. Me encanta MITOCW. ¡Gracias!",positive,chuong_trinh_hoc
9471,Lo aprendí en mi licenciatura en informática en alemán. Mi profesor era mucho peor y hablaba en mi idioma. Entiendo mejor esto en inglés que mi profesor. En mi idioma. Un gran cumplido para Dr. Strang,positive,ky_nang_giang_day
9472,Me encanta esto profe. Gracias,positive,ky_nang_giang_day
9473,"Si no te gusta esto profesores explicaciones te recomiendo que veas los videos de Thinkwell cálculo. Lamentablemente no son gratuitos, pero nunca había visto una explicación tan intuitiva, sencilla y divertida de cálculo que te ayude a entender realmente los conceptos =)",positive,ky_nang_giang_day
9473,"Si no te gusta esto profesores explicaciones te recomiendo que veas los videos de Thinkwell cálculo. Lamentablemente no son gratuitos, pero nunca había visto una explicación tan intuitiva, sencilla y divertida de cálculo que te ayude a entender realmente los conceptos =)",positive,kien_thuc
9473,"Si no te gusta esto profesores explicaciones te recomiendo que veas los videos de Thinkwell cálculo. Lamentablemente no son gratuitos, pero nunca había visto una explicación tan intuitiva, sencilla y divertida de cálculo que te ayude a entender realmente los conceptos =)",positive,thiet_bi_day_hoc
9474,"Oh, hombre, estas pruebas probabilísticas son tan jodidamente hermosas... ¿Son intrínsecamente equivalentes a algún tipo de conteo?",positive,kien_thuc
9475,"Mierda, ni siquiera es tu profesor y estás besándole el trasero. Puedes ver cómo consigues que tus profesores te aprueben.",negative,ky_nang_giang_day
9476,Este tipo da la conferencia como si hubiera una clase llena de estudiantes sentados allí. Increíble,positive,ky_nang_giang_day
9477,Profesor Strang gracias por explicar y analizar las definiciones y desigualdades de probabilidad y estadística. Las imágenes y los ejemplos realmente me ayudan a comprender la calidad de esta conferencia.,positive,ky_nang_giang_day
9477,Profesor Strang gracias por explicar y analizar las definiciones y desigualdades de probabilidad y estadística. Las imágenes y los ejemplos realmente me ayudan a comprender la calidad de esta conferencia.,positive,chuong_trinh_hoc
9478,"Gracias Prof. Strang, me gustó mucho su curso. Muchas gracias",positive,ky_nang_giang_day
9478,"Gracias Prof. Strang, me gustó mucho su curso. Muchas gracias",positive,chuong_trinh_hoc
9479,"""muy apropiado para mí como suplente profesor contarte sobre sustitución""XD",positive,ky_nang_giang_day
9479,"""muy apropiado para mí como suplente profesor contarte sobre sustitución""XD",neutral,kien_thuc
9480,"Es una leyenda, gracias MIT.",positive,ky_nang_giang_day
9481,"por 'todo (matriz 1:3 por 3)', ¿quiere decir que la matriz tiene 3 filas y 3 columnas?",neutral,kien_thuc
9482,"Debe ser algo que los estudiantes aprendan durante su primer año... el MIT es prestigioso, no puede ser tan básico.",positive,noi_chung
9482,"Debe ser algo que los estudiantes aprendan durante su primer año... el MIT es prestigioso, no puede ser tan básico.",neutral,kien_thuc
9483,Esta conferencia fue bastante confusa,negative,chuong_trinh_hoc
9484,"Muy buena instrucción. Va a una velocidad perfecta: buen ritmo de repaso, pero si no sabes mucho de vectores, puedes aprenderlo muy rápido con esta velocidad. Muy bueno",positive,ky_nang_giang_day
9485,"Estoy muy emocionado de aprender un curso más curso en video de Prof. Gilbert Strang, ¡uno de los mejores profesores que he tenido!",positive,chuong_trinh_hoc
9485,"Estoy muy emocionado de aprender un curso más curso en video de Prof. Gilbert Strang, ¡uno de los mejores profesores que he tenido!",positive,ky_nang_giang_day
9486,"Estas son explicaciones muy buenas sobre las transformaciones lineales y sus matrices, gracias una vez más al padrino de la linealidad el Dr. Gilbert Strang. Tomé clases introductorias de álgebra lineal en la Universidad de Maryland en el condado de Baltimore a fines de los años 80 y mi profesor no se parecía en nada a lo que es el Dr. Strang. Esta leyenda del MIT es un hallazgo poco común.",positive,ky_nang_giang_day
9487,"Estoy confundido... Para R² los subespacios son: 1 origen 2 línea en sí... Bien hasta aquí, pero el último es cualquier línea que pase por el origen o algo más.",negative,kien_thuc
9488,"Los estudiantes son realmente estúpidos. El profesor está tratando de enseñar cómo establecer el límite de las integrales, pero todo lo que los estudiantes quieren hacer es calcularlo. Siguen sugiriendo formas de ""simplificar"" el cálculo, sin darse cuenta de que no es lo más conveniente para el profesor llevar a cabo la integración.",negative,noi_chung
9488,"Los estudiantes son realmente estúpidos. El profesor está tratando de enseñar cómo establecer el límite de las integrales, pero todo lo que los estudiantes quieren hacer es calcularlo. Siguen sugiriendo formas de ""simplificar"" el cálculo, sin darse cuenta de que no es lo más conveniente para el profesor llevar a cabo la integración.",neutral,ky_nang_giang_day
9489,"¿Cómo se traslada esta idea a valores propios y funciones propias de los operadores diferenciales? No parecen exactamente matrices, ¿verdad?",neutral,kien_thuc
9489,"¿Cómo se traslada esta idea a valores propios y funciones propias de los operadores diferenciales? No parecen exactamente matrices, ¿verdad?",neutral,kien_thuc
9490,Solo estudié matemáticas hasta el sexto grado (alrededor del grado 12) y un día me invitaron a ver una clase de matrices. Y déjenme decirles que después de los primeros 14 minutos de este video realmente me enamoré de matemáticas,positive,chuong_trinh_hoc
9490,Solo estudié matemáticas hasta el sexto grado (alrededor del grado 12) y un día me invitaron a ver una clase de matrices. Y déjenme decirles que después de los primeros 14 minutos de este video realmente me enamoré de matemáticas,positive,kien_thuc
9491,La serie de videos  es una revisión excelente y rápida del álgebra lineal.,positive,chuong_trinh_hoc
9492,"El ruido y silbido del micrófono distrae en esta conferencia, espero que alguien pueda solucionarlo.",negative,thiet_bi_day_hoc
10241,44:58 Apa itu E dikali A? EA sports,neutral,kien_thuc
10241,44:58 Apa itu E dikali A? EA sports,neutral,noi_chung
10346,"legal palestra, obrigado sr. auroux",positive,chuong_trinh_hoc
10346,"legal palestra, obrigado sr. auroux",positive,ky_nang_giang_day
10441,Obrigado Prof. David Jerison e Prof. Muller. Concluí a série completa de palestras agora mesmo.18/4/22,positive,ky_nang_giang_day
10441,Obrigado Prof. David Jerison e Prof. Muller. Concluí a série completa de palestras agora mesmo.18/4/22,positive,ky_nang_giang_day
10441,Obrigado Prof. David Jerison e Prof. Muller. Concluí a série completa de palestras agora mesmo.18/4/22,positive,thiet_bi_day_hoc
10504,A próxima palestra pode ser... pura felicidade. :D,positive,chuong_trinh_hoc
10621,"... e eles se encontram, bem, eles estavam *combinados de se encontrar* em ponto x = 1, y = 2! :))",neutral,kien_thuc
10621,"... e eles se encontram, bem, eles estavam *combinados de se encontrar* em ponto x = 1, y = 2! :))",neutral,kien_thuc
10630,Feynman teria adorado Prof Strang.,positive,ky_nang_giang_day
10697,Ótimo vídeo ótimo palestra ótimo professor.,positive,ky_nang_giang_day
10697,Ótimo vídeo ótimo palestra ótimo professor.,positive,chuong_trinh_hoc
10697,Ótimo vídeo ótimo palestra ótimo professor.,positive,chuong_trinh_hoc
10751,Ótimo palestra! Obrigado professor e MIT.,positive,chuong_trinh_hoc
10751,Ótimo palestra! Obrigado professor e MIT.,positive,ky_nang_giang_day
10784,Esta palestra está fechada para quaisquer outras palestras)!,positive,chuong_trinh_hoc
10791,46:19 Professor Strange desabafa sua raiva na classe,negative,ky_nang_giang_day
10828,"Obrigado, Prof Strang. 2019-05-17 12:32:56",positive,ky_nang_giang_day
10848,Gostaria de ter instrutores como ele!,positive,ky_nang_giang_day
10885,@[USERNAME]Porque ele explicou bem.,positive,ky_nang_giang_day
10888,"Deus salvador de vidas, obrigado",positive,ky_nang_giang_day
11009,Inapendeza! Asante profesa!,positive,ky_nang_giang_day
11009,Inapendeza! Asante profesa!,positive,chuong_trinh_hoc
11012,Ni muhimu sana sana. Asante sana.,positive,chuong_trinh_hoc
11015,Asante sana sana!,positive,ky_nang_giang_day
11017,"Profesa Strang, kwa urahisi : Asante tena !!!",positive,ky_nang_giang_day
11020,Convext ni nini? kama hiyo ....hahah,neutral,kien_thuc
11021,44:58 E mara A ni nini? EA sports,neutral,kien_thuc
11021,44:58 E mara A ni nini? EA sports,neutral,noi_chung
11023,Kubwa hotuba! Asante profesa na MIT.,positive,chuong_trinh_hoc
11023,Kubwa hotuba! Asante profesa na MIT.,positive,ky_nang_giang_day
11026,Asante Profesa StrangAsante MIT OCW2022/08/07,positive,ky_nang_giang_day
11028,"Asante profesa strang, ni muhimu sana!",positive,ky_nang_giang_day
11029,Wewe ni mfalme Bw Strang! Asante,positive,ky_nang_giang_day
11030,"Asante sana, Profesa Strang!",positive,ky_nang_giang_day
11031,Bora hotuba. Asante kwa kushiriki!,positive,chuong_trinh_hoc
11034,Ninapenda mtu huyu lafudhi.,positive,ky_nang_giang_day
11037,"Asante Prof. Strang , nilipenda sana course yako sana. Asante sana",positive,ky_nang_giang_day
11037,"Asante Prof. Strang , nilipenda sana course yako sana. Asante sana",positive,chuong_trinh_hoc
13055,Cubre todos los conceptos básicos para que puedas comenzar en el desarrollo web con una base sólida.,positive,chuong_trinh_hoc
13056,"Estoy agradecido a Prof. Raj y Coursera, por brindarme esta increíble experiencia.",positive,ky_nang_giang_day
13057,El instructor a menudo analiza verbalmente la fórmula estadística con unas cuantas viñetas en una diapositiva con el foco puesto en sí mismo.,negative,ky_nang_giang_day
13057,El instructor a menudo analiza verbalmente la fórmula estadística con unas cuantas viñetas en una diapositiva con el foco puesto en sí mismo.,negative,ky_nang_giang_day
13058,"Aparte de eso, pude seguir fácilmente el contenido del curso.",positive,cung_cap_tai_lieu
13059,"Bueno curso en general, aprendí mucho y lo disfruté, pero necesitaría actualizarse y corregirse (ciertas partes del código no funcionan como lo hacían cuando se produjo el curso, lo que puede ser bastante confuso).",positive,noi_chung
13059,"Bueno curso en general, aprendí mucho y lo disfruté, pero necesitaría actualizarse y corregirse (ciertas partes del código no funcionan como lo hacían cuando se produjo el curso, lo que puede ser bastante confuso).",positive,chuong_trinh_hoc
13059,"Bueno curso en general, aprendí mucho y lo disfruté, pero necesitaría actualizarse y corregirse (ciertas partes del código no funcionan como lo hacían cuando se produjo el curso, lo que puede ser bastante confuso).",positive,noi_chung
13059,"Bueno curso en general, aprendí mucho y lo disfruté, pero necesitaría actualizarse y corregirse (ciertas partes del código no funcionan como lo hacían cuando se produjo el curso, lo que puede ser bastante confuso).",negative,chuong_trinh_hoc
13059,"Bueno curso en general, aprendí mucho y lo disfruté, pero necesitaría actualizarse y corregirse (ciertas partes del código no funcionan como lo hacían cuando se produjo el curso, lo que puede ser bastante confuso).",negative,chuong_trinh_hoc
13060,Habría sido útil corregir los errores en la calificación de exámenes tal como se habían señalado y reconocido hace meses.,negative,hanh_vi
13061,En resumen buen curso con ejemplos interesantes del profesor.,positive,noi_chung
13061,En resumen buen curso con ejemplos interesantes del profesor.,positive,kinh_nghiem
13062,Parece entusiasmada por compartir su idea y sabiduría.,positive,ky_nang_giang_day
13063,Es difícil fallar en curso ya que solo se requiere el mínimo.,positive,noi_chung
13064,"¡Realmente recomiendo esto a cualquiera que quiera aprender más en profundidad sobre el sistema alfabético, nuevos vocabularios, tiempo, estructuras de oraciones, conteo, tiempo y más!",positive,de_xuat
13065,"Realmente apreciado Dra. Barbara Oakley, Dr. Terrence Sejnowski y todo el equipo.",positive,ky_nang_giang_day
13065,"Realmente apreciado Dra. Barbara Oakley, Dr. Terrence Sejnowski y todo el equipo.",positive,ky_nang_giang_day
13066,"Excelente curso, muy útil y pasos muy claros.",positive,noi_chung
13066,"Excelente curso, muy útil y pasos muy claros.",positive,cung_cap_tai_lieu
13066,"Excelente curso, muy útil y pasos muy claros.",positive,cung_cap_tai_lieu
13067,"Profesional, basado en evidencia.",positive,chuong_trinh_hoc
13067,"Profesional, basado en evidencia.",positive,chuong_trinh_hoc
13068,Me obligó a sentarme y pensar.,positive,bai_tap
13069,Absolutamente increíble curso.,positive,noi_chung
13070,"Los profesores tienen clases muy informativas y breves video conferencias, y tomar las preguntas y los cuestionarios inmediatamente después de las clases es muy útil para mantenerse involucrado sin consumir demasiado tiempo.",positive,ky_nang_giang_day
13070,"Los profesores tienen clases muy informativas y breves video conferencias, y tomar las preguntas y los cuestionarios inmediatamente después de las clases es muy útil para mantenerse involucrado sin consumir demasiado tiempo.",neutral,ky_nang_giang_day
13070,"Los profesores tienen clases muy informativas y breves video conferencias, y tomar las preguntas y los cuestionarios inmediatamente después de las clases es muy útil para mantenerse involucrado sin consumir demasiado tiempo.",positive,bai_tap
13070,"Los profesores tienen clases muy informativas y breves video conferencias, y tomar las preguntas y los cuestionarios inmediatamente después de las clases es muy útil para mantenerse involucrado sin consumir demasiado tiempo.",positive,bai_tap
13071,"A pesar de un método de instrucción aparentemente ""casual"", el contenido seguramente mantiene al estudiante alerta.",positive,ky_nang_giang_day
13071,"A pesar de un método de instrucción aparentemente ""casual"", el contenido seguramente mantiene al estudiante alerta.",neutral,ky_nang_giang_day
13073,Material de apoyo parece bien seleccionado e informativo.,positive,cung_cap_tai_lieu
13073,Material de apoyo parece bien seleccionado e informativo.,positive,cung_cap_tai_lieu
13074,Agradezco al profesor por construir y dictar este curso.,positive,ky_nang_giang_day
13074,Agradezco al profesor por construir y dictar este curso.,positive,ky_nang_giang_day
13075,"El curso es una muy buena introducción a muchas áreas relacionadas con IoT desde una perspectiva de IBM. nodeRED, Python en Raspberry Pi, SenseHat, node.js, etc. son herramientas muy poderosas.",positive,noi_chung
13076,"Lamento decir que este Curso es realmente aburrido, pobre en recursos y",negative,noi_chung
13076,"Lamento decir que este Curso es realmente aburrido, pobre en recursos y",negative,chuong_trinh_hoc
13077,Uno de los mejores cursos para tomar.,positive,noi_chung
13078,El contenido es definitivamente 5 de 5.,positive,cung_cap_tai_lieu
13079,Soy profesional y mi único objetivo es cómo diseñar una página web que sea accesible pero ¡estoy muy lejos de mi objetivo!,positive,noi_chung
13080,Me alegro mucho de haber decidido unirme a esto y completarlo.,positive,noi_chung
13082,"Excelente curso sobre los conceptos básicos del derecho y la política ambiental, muy fácil de seguir y atractivo para la audiencia.",positive,noi_chung
13082,"Excelente curso sobre los conceptos básicos del derecho y la política ambiental, muy fácil de seguir y atractivo para la audiencia.",positive,chuong_trinh_hoc
13082,"Excelente curso sobre los conceptos básicos del derecho y la política ambiental, muy fácil de seguir y atractivo para la audiencia.",positive,chuong_trinh_hoc
13083,Excelente conferencia.,positive,ky_nang_giang_day
13084,"En él explican las carreras de SEO, el panorama actual del SEO y algunos conceptos básicos de SEO.",positive,noi_chung
13085,"Con este curso y el libro ""Python para Informática"" he aprendido los conceptos básicos de Python muy rápidamente y sin mucho esfuerzo.",positive,noi_chung
13085,"Con este curso y el libro ""Python para Informática"" he aprendido los conceptos básicos de Python muy rápidamente y sin mucho esfuerzo.",positive,noi_chung
13085,"Con este curso y el libro ""Python para Informática"" he aprendido los conceptos básicos de Python muy rápidamente y sin mucho esfuerzo.",positive,cung_cap_tai_lieu
13085,"Con este curso y el libro ""Python para Informática"" he aprendido los conceptos básicos de Python muy rápidamente y sin mucho esfuerzo.",positive,cung_cap_tai_lieu
13086,"Tan bellamente ""curada"", tan intrincada pero simple en su ejecución, una visión asombrosa de la fotografía estadounidense.",positive,chuong_trinh_hoc
13086,"Tan bellamente ""curada"", tan intrincada pero simple en su ejecución, una visión asombrosa de la fotografía estadounidense.",positive,chuong_trinh_hoc
13086,"Tan bellamente ""curada"", tan intrincada pero simple en su ejecución, una visión asombrosa de la fotografía estadounidense.",positive,noi_chung
13086,"Tan bellamente ""curada"", tan intrincada pero simple en su ejecución, una visión asombrosa de la fotografía estadounidense.",positive,chuong_trinh_hoc
13087,Gracias por compartir tus conocimientos con el mundo.,positive,ky_nang_giang_day
13088,"Esto viene de una persona que ha tenido dificultades para ir a la escuela, por lo que el resultado es muy bueno.",positive,noi_chung
13089,¡Las recetas dadas son fáciles de usar o adaptar y también sabrosas!,positive,chuong_trinh_hoc
13090,Cumple lo prometido.,positive,noi_chung
13091,Una buena introducción curso al arte de la trama.,positive,noi_chung
13092,"En términos de teoría de arquitectura de software general, este curso es un buen repaso para una persona que ya esté trabajando con arquitectura de software.",positive,noi_chung
13093,Hay opciones del curso cada semana para tu interés.,positive,noi_chung
13094,"Es genial que el curso sea a mi propio ritmo, pude comenzar el curso  inmediatamente para aprender cosas que necesito inmediatamente en mi trabajo y clases.",positive,noi_chung
13094,"Es genial que el curso sea a mi propio ritmo, pude comenzar el curso  inmediatamente para aprender cosas que necesito inmediatamente en mi trabajo y clases.",positive,chuong_trinh_hoc
13094,"Es genial que el curso sea a mi propio ritmo, pude comenzar el curso  inmediatamente para aprender cosas que necesito inmediatamente en mi trabajo y clases.",positive,noi_chung
13094,"Es genial que el curso sea a mi propio ritmo, pude comenzar el curso  inmediatamente para aprender cosas que necesito inmediatamente en mi trabajo y clases.",positive,chuong_trinh_hoc
13095,La presentación sería mucho mejor si el instructor se pusiera en un segundo plano y el foco se reorientara hacia un recorrido estilo pizarra de la ecuación en cuestión.,negative,ky_nang_giang_day
13096,Y el autocalificador funciona realmente mal.,negative,ham_diem
13097,"En general, fue una forma buena y más rápida de obtener una introducción a HTML y Javascript.",positive,noi_chung
13097,"En general, fue una forma buena y más rápida de obtener una introducción a HTML y Javascript.",positive,noi_chung
13098,Poner algunos números en la diapositiva sin ninguna explicación de cómo funciona.,negative,ky_nang_giang_day
13099,Grandes teorías .,positive,noi_chung
13100,"A veces tu comedia estuvo por encima y más allá, pero al final del día, fue un buen curso y aprendí bastante.",positive,noi_chung
13100,"A veces tu comedia estuvo por encima y más allá, pero al final del día, fue un buen curso y aprendí bastante.",positive,noi_chung
13100,"A veces tu comedia estuvo por encima y más allá, pero al final del día, fue un buen curso y aprendí bastante.",positive,ky_nang_giang_day
13101,Me abrió los ojos a la cantidad de investigaciones que se realizan para proteger nuestras montañas y sus ecosistemas.,positive,noi_chung
13103,Pones mucho esfuerzo y luego aprendes mucho.,positive,noi_chung
13104,También me ayudó a desarrollar una visión general fundamentada para aprender más.,positive,noi_chung
13105,La mitad de este curso curso debería haberse condensado o excluido.,negative,chuong_trinh_hoc
13107,Gracias al equipo de Coursera y a la docencia profesores.,positive,ky_nang_giang_day
13108,Realmente lo disfruté .,positive,noi_chung
13109,"Como había leído mucho sobre el tema anteriormente, la mayoría de las ideas no eran nuevas para mí, pero algunas definitivamente sí lo eran, y la presentación simplemente explicó todo de manera extremadamente concisa y vinculó todo de manera brillante.",positive,ky_nang_giang_day
13109,"Como había leído mucho sobre el tema anteriormente, la mayoría de las ideas no eran nuevas para mí, pero algunas definitivamente sí lo eran, y la presentación simplemente explicó todo de manera extremadamente concisa y vinculó todo de manera brillante.",positive,ky_nang_giang_day
13110,Las descripciones de las aplicaciones #1 y #2 no me resultaron muy claras al principio (probablemente porque el inglés no es mi primera lengua).,negative,chuong_trinh_hoc
13111,"La instructora tiene mucho conocimiento y explica los conceptos con mucha claridad y, la mayoría de las veces, de manera muy divertida.",positive,ky_nang_giang_day
13111,"La instructora tiene mucho conocimiento y explica los conceptos con mucha claridad y, la mayoría de las veces, de manera muy divertida.",positive,ky_nang_giang_day
13111,"La instructora tiene mucho conocimiento y explica los conceptos con mucha claridad y, la mayoría de las veces, de manera muy divertida.",positive,ky_nang_giang_day
13112,¡Me encanta Coursera!,positive,noi_chung
13113,Me pareció excelente este curso curso.,positive,noi_chung
13114,Dra. Oakley hace que sea fácil seguir toda la información y su manera de hacer anima a terminar el curso.,positive,ky_nang_giang_day
13114,Dra. Oakley hace que sea fácil seguir toda la información y su manera de hacer anima a terminar el curso.,positive,ky_nang_giang_day
13115,El sistema de revisión por pares le permite saber exactamente qué buscan los calificadores.,positive,noi_chung
13116,Excelente introducción al tema por uno de los investigadores más importantes en el campo.,positive,noi_chung
13117,El Dr. Chuck es un profesor muy amigable y afable.,positive,ky_nang_giang_day
13118,El curso está lleno de excelentes ejemplos y con un lenguaje muy fácil.,positive,chuong_trinh_hoc
13118,El curso está lleno de excelentes ejemplos y con un lenguaje muy fácil.,positive,chuong_trinh_hoc
13119,Mi pequeña crítica: A veces me hubiera gustado más opciones vídeos que contuvieran pruebas de las fórmulas.,negative,ky_nang_giang_day
13120,"No recomendaría este curso para un programador principiante, ya que los conceptos que Oderski cubre son bastante complejos y la tarea no es simple.",negative,de_xuat
13120,"No recomendaría este curso para un programador principiante, ya que los conceptos que Oderski cubre son bastante complejos y la tarea no es simple.",negative,cung_cap_tai_lieu
13120,"No recomendaría este curso para un programador principiante, ya que los conceptos que Oderski cubre son bastante complejos y la tarea no es simple.",negative,bai_tap
13121,"Aprendí algunas cosas nuevas, pero en general no creo haber entendido los conceptos básicos.",positive,noi_chung
13121,"Aprendí algunas cosas nuevas, pero en general no creo haber entendido los conceptos básicos.",negative,cung_cap_tai_lieu
13122,"Genial, muy fácil para principiantes.",positive,noi_chung
13122,"Genial, muy fácil para principiantes.",positive,noi_chung
13123,¡Me encanta la Universidad de Duke!,positive,noi_chung
13124,"En general, el curso es de menor calidad que los anteriores de Gregory Northcraft.",negative,chuong_trinh_hoc
13125,Tengo sentimientos encontrados sobre esto clase.,neutral,noi_chung
13126,"Este curso no es para estudiantes ""alimentados con biberón"".",neutral,noi_chung
13128,Este curso curso ofrece una buena introducción sobre cómo desarrollar una aplicación.,positive,noi_chung
13129,Ventajas: ¡Los tutores están bien preparados para el curso!,positive,ky_nang_giang_day
13130,En general estoy muy satisfecho con el curso.,positive,noi_chung
13131,"Este curso sobre nutrición, que incluye opciones orgánicas y holísticas, ofrece ideas prácticas y fáciles de usar sobre opciones de alimentación saludable y placentera no sólo para niños sino también para adultos.",positive,chuong_trinh_hoc
13132,Es una excelente introducción y descripción general del aprendizaje automático.,positive,noi_chung
13133,"Gracias Dr. Chuck, eres el mejor! : )",positive,ky_nang_giang_day
13134,"Realmente, realmente lo disfruté.",positive,noi_chung
13135,Es un material sólido con experiencia práctica.,positive,noi_chung
13137,El enfoque temático funciona bien y los artistas se eligen con cuidado para ofrecer una visión amplia visión general del tema.,positive,cung_cap_tai_lieu
13137,El enfoque temático funciona bien y los artistas se eligen con cuidado para ofrecer una visión amplia visión general del tema.,positive,cung_cap_tai_lieu
13138,Mi única sugerencia es usar un color diferente al blanco sobre neón para los dibujos de la pizarra para que sean más fáciles de ver.,negative,ky_nang_giang_day
13139,Creo que MoMA han utilizado bien sus recursos.,positive,noi_chung
13140,"De lo contrario, realmente informativo.",positive,chuong_trinh_hoc
13141,El curso obtendría una calificación más alta si se centrara más en aplicaciones prácticas y no tanto en el álgebra.,negative,cung_cap_tai_lieu
13142,¡Muy bien curso!,positive,noi_chung
13143,Es un esfuerzo realmente adorable.,positive,ky_nang_giang_day
13144,Me gustó mucho este curso.,positive,noi_chung
13145,Me gusta asistir a cursos donde hay diversión y pasión y esto es bastante habitual en él.,neutral,ky_nang_giang_day
13146,Me ayudó a reestructurar mi aprendizaje del idioma.,positive,noi_chung
13147,El Sr. Yaakov Chaikin es uno de los mejores maestros.,positive,ky_nang_giang_day
13148,"Espero que, para un curso presencial, este instructor brinde retroalimentación individualizada que proporcione ese contenido.",positive,hanh_vi
13149,"El Dr. Seknowski es muy entusiasta al brindar la información, lo que me intrigó para continuar.",positive,ky_nang_giang_day
13150,Necesitas una formación en ingeniería para saber cómo interpretar las ecuaciones lo suficiente como para terminar las tareas de codificación en Matlab.,negative,noi_chung
13151,Disfruto mucho las lecciones porque me muestran la estructura profesional de la industria de la moda y los principales actores del lujo.,positive,noi_chung
13151,Disfruto mucho las lecciones porque me muestran la estructura profesional de la industria de la moda y los principales actores del lujo.,positive,chuong_trinh_hoc
13152,Excelente curso y excelente profesor.,positive,noi_chung
13152,Excelente curso y excelente profesor.,positive,ky_nang_giang_day
13153,¡¡¡Excelente curso!!!,positive,noi_chung
13154,A menudo pasaba todo el tiempo mirando los videos preguntándome cómo resolveríamos algún problema solo para que me presentaran una fórmula sin ninguna explicación de dónde provenía.,negative,ky_nang_giang_day
13155,"El Dr. Ng es muy considerado al utilizar un lenguaje sencillo para explicar todos los conceptos, lo que hace que esta clase sea realmente fácil de seguir.",positive,ky_nang_giang_day
13155,"El Dr. Ng es muy considerado al utilizar un lenguaje sencillo para explicar todos los conceptos, lo que hace que esta clase sea realmente fácil de seguir.",positive,ky_nang_giang_day
13156,El material es de alta calidad.,positive,cung_cap_tai_lieu
13157,Encontré su presentación concisa y agradable.,positive,ky_nang_giang_day
13157,Encontré su presentación concisa y agradable.,positive,ky_nang_giang_day
13158,"Podría ser más desafiante, pero sigue siendo un curso divertido, bien presentado y equilibrado que beneficia tanto al principiante como al novato.",neutral,chuong_trinh_hoc
13158,"Podría ser más desafiante, pero sigue siendo un curso divertido, bien presentado y equilibrado que beneficia tanto al principiante como al novato.",positive,noi_chung
13158,"Podría ser más desafiante, pero sigue siendo un curso divertido, bien presentado y equilibrado que beneficia tanto al principiante como al novato.",positive,ky_nang_giang_day
13158,"Podría ser más desafiante, pero sigue siendo un curso divertido, bien presentado y equilibrado que beneficia tanto al principiante como al novato.",positive,noi_chung
13159,También he adquirido experiencia práctica en estos conceptos desafiantes a través de las tareas de programación en Java.,positive,bai_tap
13160,"El comienzo es impresionante, pero al final a veces me costó concentrarme :)",positive,noi_chung
13160,"El comienzo es impresionante, pero al final a veces me costó concentrarme :)",negative,noi_chung
13161,Ha aumentado mi interés en la Diplomacia Global.,positive,noi_chung
13162,¡Muchísimas gracias por poner este curso en línea y por crear Coursera!,positive,noi_chung
13163,"El curso utiliza Octave / Matlab para los ejercicios de programación, pero esperamos que lo cambien a Python, ya que es más adecuado para principiantes.",neutral,bai_tap
13165,"Para mí, una muy buena combinación de 1. una visión teórica de los conceptos de bases de datos y procesamiento de datos, MapReduce y las implementaciones más importantes de los diversos conceptos (bases de datos SQL y NoSQL), 2. la aplicación práctica de estos conceptos en el mundo real ejercicios de programación.",positive,noi_chung
13165,"Para mí, una muy buena combinación de 1. una visión teórica de los conceptos de bases de datos y procesamiento de datos, MapReduce y las implementaciones más importantes de los diversos conceptos (bases de datos SQL y NoSQL), 2. la aplicación práctica de estos conceptos en el mundo real ejercicios de programación.",positive,bai_tap
13166,Excelente curso: No es aburrido.,positive,noi_chung
13166,Excelente curso: No es aburrido.,positive,noi_chung
13167,El proyecto final del curso nuevamente parece hecho a las apuradas y sin otra revisión: el conjunto de datos enviado debería ser revisado automáticamente.,negative,bai_tap
13168,Me gustó lo feroces que son los italianos con el sello Made in Italy y entendí un poco más de este concepto gracias a las explicaciones en los videos.,positive,ky_nang_giang_day
13168,Me gustó lo feroces que son los italianos con el sello Made in Italy y entendí un poco más de este concepto gracias a las explicaciones en los videos.,positive,noi_chung
13169,Las herramientas bioinformáticas discutidas en este curso son muy útiles y se explican de manera clara.,positive,noi_chung
13169,Las herramientas bioinformáticas discutidas en este curso son muy útiles y se explican de manera clara.,positive,ky_nang_giang_day
13170,"Las pruebas siempre me preocupan, pero los consejos aquí tienen mucho sentido, como dormir bien la noche anterior.",neutral,bai_tap
13171,"Algunas de las actividades fueron repetitivas, pero supongo que el arte de escribir lo es, pero había una sensación de que el curso se estaba agotando al final con una carta de propuesta a un editor con muy poco material de ejemplo proporcionado para ayudar.",neutral,bai_tap
13171,"Algunas de las actividades fueron repetitivas, pero supongo que el arte de escribir lo es, pero había una sensación de que el curso se estaba agotando al final con una carta de propuesta a un editor con muy poco material de ejemplo proporcionado para ayudar.",neutral,noi_chung
13172,Habrían ayudado más ejemplos en videoconferencias.,negative,cung_cap_tai_lieu
13173,"Las conferencias son rápidas, fáciles de entender pero aún así interesantes.",positive,ky_nang_giang_day
13173,"Las conferencias son rápidas, fáciles de entender pero aún así interesantes.",positive,ky_nang_giang_day
13173,"Las conferencias son rápidas, fáciles de entender pero aún así interesantes.",positive,ky_nang_giang_day
13174,"Me gustaron especialmente las tareas de programación, y el autocalificador funcionó muy bien.",positive,bai_tap
13174,"Me gustaron especialmente las tareas de programación, y el autocalificador funcionó muy bien.",positive,ham_diem
13175,Este podría ser un gran curso para aquellos que no tienen experiencia previa en finanzas o negocios.,positive,noi_chung
13176,"Bueno, después del curso de regresión, que en realidad me pareció interesante, el curso de clasificación no parece tan bueno.",negative,noi_chung
13177,Pero no siento que me esté ayudando a ser más efectivo en su uso.,negative,noi_chung
13178,Es un curso verdaderamente sistemático e integrado curso que introduce cómo aprender de manera más efectiva y eficiente.,positive,chuong_trinh_hoc
13179,"Genial curso, lo recomiendo a todos los que quieran aprender como funcionan los shields, conectividad a internet con Arduino e incluso conceptos básicos de Arduino.",positive,de_xuat
13179,"Genial curso, lo recomiendo a todos los que quieran aprender como funcionan los shields, conectividad a internet con Arduino e incluso conceptos básicos de Arduino.",positive,de_xuat
13181,Mi único problema fue con el último ejercicio porque no entendí muy claramente cómo hacer que el programa averigüe los números mínimos y máximos.,negative,bai_tap
13182,"A veces, iba demasiado rápido y tenía que cambiar rápidamente de Unity a Coursera para presionar el botón de ""pausa"" y darme tiempo de ponerme al día.",negative,chuong_trinh_hoc
13183,"Muy útil, gracias a la Sra.",positive,ky_nang_giang_day
13184,"La semana 4 parece tener desproporcionadamente más material que las semanas anteriores, como si los autores hubieran intentado",negative,cung_cap_tai_lieu
13185,Pero las cosas que aprendí son útiles y estoy definitivamente seguro de que lo que aprendí aquí lo puedo usar en mi trabajo como ingeniero de software.,positive,noi_chung
13186,"Todos los demás módulos ISB son mucho mejores en Course ERA, excepto este.",positive,noi_chung
13187,No esperaba ese salto en dificultad y disfruté mucho del curso pero el proyecto final simplemente fue una lucha.,positive,noi_chung
13187,No esperaba ese salto en dificultad y disfruté mucho del curso pero el proyecto final simplemente fue una lucha.,positive,bai_tap
13187,No esperaba ese salto en dificultad y disfruté mucho del curso pero el proyecto final simplemente fue una lucha.,positive,chuong_trinh_hoc
13188,"No responde a todas las preguntas ni aborda todos los conceptos que necesita saber para dirigir una gran corporación, pero es una fantástica descripción general de los métodos pasados y presentes de estrategia comercial, y es de valor para cualquier persona con mentalidad empresarial.",neutral,noi_chung
13188,"No responde a todas las preguntas ni aborda todos los conceptos que necesita saber para dirigir una gran corporación, pero es una fantástica descripción general de los métodos pasados y presentes de estrategia comercial, y es de valor para cualquier persona con mentalidad empresarial.",positive,noi_chung
13188,"No responde a todas las preguntas ni aborda todos los conceptos que necesita saber para dirigir una gran corporación, pero es una fantástica descripción general de los métodos pasados y presentes de estrategia comercial, y es de valor para cualquier persona con mentalidad empresarial.",positive,noi_chung
13189,"El único aspecto que cambiaría es el nivel técnico de (algunas de) las conferencias: a veces son incluso demasiado fáciles, y se utiliza mucho tiempo para explicar cosas muy básicas.",neutral,ky_nang_giang_day
13189,"El único aspecto que cambiaría es el nivel técnico de (algunas de) las conferencias: a veces son incluso demasiado fáciles, y se utiliza mucho tiempo para explicar cosas muy básicas.",neutral,ky_nang_giang_day
13190,"En total, este curso curso aborda cada uno de los principales campos de la bioinformática que cualquier estudiante que ingresa a este campo debe conocer.",positive,noi_chung
13191,Ahora me siento más seguro para abordar el TDAH en el aula.,positive,noi_chung
13192,El profesor explica conceptos detrás de por qué es necesario utilizar ciertos componentes en lugar de simplemente dar una lista de cosas para combinar y replicar los proyectos.,neutral,ky_nang_giang_day
13193,El capstone es genial.,positive,bai_tap
13194,"Sus explicaciones en videos son geniales y realmente me han enseñado no sólo a codificar, sino a hacerlo de la manera más eficiente posible.",positive,ky_nang_giang_day
13194,"Sus explicaciones en videos son geniales y realmente me han enseñado no sólo a codificar, sino a hacerlo de la manera más eficiente posible.",positive,ky_nang_giang_day
13195,Gran explicación .,positive,chuong_trinh_hoc
13196,"Si eres totalmente nuevo en el aprendizaje automático, podrías encontrar algo de valor en este curso.",positive,chuong_trinh_hoc
13197,Si no conoces R Studio o programación en R este curso te resultará muy difícil.,negative,noi_chung
13198,Quiz son demasiado fáciles.,neutral,bai_tap
13199,"Es decir, en JSON para mí fue confuso escuchar ""una lista de diccionarios"".",negative,chuong_trinh_hoc
13200,Tal vez se podrían agregar algunas 'conferencias opcionales',negative,cung_cap_tai_lieu
13201,"Explica las cosas bien y de forma concisa, a veces con el uso de diagramas sencillos.",positive,ky_nang_giang_day
13201,"Explica las cosas bien y de forma concisa, a veces con el uso de diagramas sencillos.",positive,ky_nang_giang_day
13202,¡Bonito y desafiante!,positive,noi_chung
13202,¡Bonito y desafiante!,positive,chuong_trinh_hoc
13203,"Otra vez otro buen curso por uno de sus instructores, Sr. Severance.",positive,noi_chung
13203,"Otra vez otro buen curso por uno de sus instructores, Sr. Severance.",positive,ky_nang_giang_day
13204,Tiene información excelente y muy concisa sobre el eclipse y el sol.,positive,chuong_trinh_hoc
13204,Tiene información excelente y muy concisa sobre el eclipse y el sol.,positive,chuong_trinh_hoc
13205,"Me diste suficientes ejemplos para poder consultarlos más adelante si los necesitaba, pero no tantos como para ralentizar el ritmo de la clase.",negative,cung_cap_tai_lieu
13205,"Me diste suficientes ejemplos para poder consultarlos más adelante si los necesitaba, pero no tantos como para ralentizar el ritmo de la clase.",positive,cung_cap_tai_lieu
13205,"Me diste suficientes ejemplos para poder consultarlos más adelante si los necesitaba, pero no tantos como para ralentizar el ritmo de la clase.",negative,cung_cap_tai_lieu
13206,Muy buena introducción a python.,positive,noi_chung
13207,Lo encontré muy interesante y espero continuar el viaje del big data.,positive,noi_chung
13208,Una adición muy útil a mi base de conocimientos y caja de herramientas de marketing.,positive,noi_chung
13209,Un buen nivel de entrada curso sobre arte moderno y contemporáneo.,positive,noi_chung
13210,Tiene un costo de matrícula un poco más caro que otros cursos como Data Science (Johns Hopkins) y Data life (HarvardX_edx).,negative,chuong_trinh_hoc
13211,Excelente conferencias y el profesor Raj es igualmente brillante.,positive,ky_nang_giang_day
13211,Excelente conferencias y el profesor Raj es igualmente brillante.,positive,ky_nang_giang_day
13212,También te anima a reflexionar con frecuencia a lo largo del curso para que pienses en formas de aplicar los conceptos a tus propias experiencias.,positive,chuong_trinh_hoc
13213,"El horario es ajustado, pero puedes cambiar fácilmente a la siguiente sesión para tener más tiempo.",negative,chuong_trinh_hoc
13213,"El horario es ajustado, pero puedes cambiar fácilmente a la siguiente sesión para tener más tiempo.",positive,chuong_trinh_hoc
13214,Lo recomiendo 100% !,positive,de_xuat
13215,¡Excelente curso!,positive,noi_chung
13216,"Si no puedes completar este curso, no pienses que no eres lo suficientemente inteligente para completarlo; más bien, simplemente no tienes los requisitos previos adecuados.",negative,noi_chung
13217,"Si quieres aprender sobre la teoría de mapas y POR QUÉ los mapas son interesantes e importantes, debes consultar este curso.",positive,noi_chung
13218,Los cuestionarios fueron desafiantes y pusieron a prueba bien el material del curso.,positive,bai_tap
13218,Los cuestionarios fueron desafiantes y pusieron a prueba bien el material del curso.,positive,bai_tap
13219,"A pesar de que yo mismo tengo una formación cuantitativa avanzada, todavía creo que hay muchas cosas que aprender de esta clase.",positive,chuong_trinh_hoc
13220,Se centra principalmente en el análisis de datos en Excel en lugar de enseñarle todas las funciones de Excel.,positive,noi_chung
13221,"Lo aprecio, pero parece que se cobra una tarifa por la certificación después de completar el curso :(.",positive,noi_chung
13222,Este curso me indicó lo importante e irremplazable que es la alimentación saludable durante el crecimiento y desarrollo de los niños.,positive,noi_chung
13223,Hice este curso curso el año pasado y lo considero uno de los mejores que he visto.,positive,noi_chung
13224,Este es el primer curso en línea que hago sobre música y debo decir que fue realmente genial.,positive,noi_chung
13225,Fue un curso de muy agradable.,positive,noi_chung
13226,El instructor Prof. Andrew Ng fue fantástico.,positive,ky_nang_giang_day
13227,Andrew explica todo claramente y con suficientes detalles para que cualquiera pueda entenderlo.,positive,ky_nang_giang_day
13227,Andrew explica todo claramente y con suficientes detalles para que cualquiera pueda entenderlo.,positive,ky_nang_giang_day
13228,Me encantó cada momento y ahora estoy conmovida porque se acabó.,positive,noi_chung
13229,Tengo tantos héroes nuevos al haber completado este curso.,positive,noi_chung
13230,Muy bien pensado y presentado paso a paso.,positive,noi_chung
13231,"Consejos muy genéricos, aunque las entrevistas con escritores infantiles fueron esclarecedoras y útiles.",positive,cung_cap_tai_lieu
13231,"Consejos muy genéricos, aunque las entrevistas con escritores infantiles fueron esclarecedoras y útiles.",positive,cung_cap_tai_lieu
13231,"Consejos muy genéricos, aunque las entrevistas con escritores infantiles fueron esclarecedoras y útiles.",neutral,cung_cap_tai_lieu
13232,Genial curso para obtener una idea básica de lo que es la programación.,positive,noi_chung
13233,Realmente disfruté el curso.,positive,noi_chung
13234,Todavía tengo muchas preguntas sin respuesta y foro está muy inactivo.,negative,hanh_vi
13234,Todavía tengo muchas preguntas sin respuesta y foro está muy inactivo.,negative,hanh_vi
13235,"Además, hicieron un muy buen trabajo al seleccionar temas centrales en programación orientada a objetos.",positive,noi_chung
13236,"No era lo que esperaba cuando me inscribí, pero lo disfruté completamente.",positive,noi_chung
13237,"Las entrevistas con investigadores y profesionales de diferentes universidades, Parques Canadá, etc. fueron excelentes herramientas de aprendizaje.",positive,ky_nang_giang_day
13238,Uno de los mejores cursos que he tomado.,positive,noi_chung
13239,¡Increíblemente simple y aún así lleno de información!,positive,noi_chung
13240,"El curso se imparte de forma sencilla, fácil de seguir y con instrucciones claras.",positive,chuong_trinh_hoc
13240,"El curso se imparte de forma sencilla, fácil de seguir y con instrucciones claras.",positive,chuong_trinh_hoc
13241,Dr. Chuck es genial y muy atractivo.,positive,ky_nang_giang_day
13241,Dr. Chuck es genial y muy atractivo.,positive,hanh_vi
13242,"Este curso me ha ayudado a conocerme mucho mejor a mí mismo, a comprender a los demás y la condición humana en general.",positive,noi_chung
13243,"Excelente curso, bien enseñado por instructores.",positive,noi_chung
13243,"Excelente curso, bien enseñado por instructores.",positive,ky_nang_giang_day
13244,Probablemente tomaré el curso otra vez.,positive,noi_chung
13245,"Ok, porque te brinda un nivel profundo de comprensión detrás de los fundamentos numéricos de los algoritmos básicos de aprendizaje automático.",positive,chuong_trinh_hoc
13246,"Un curso muy interesante, lo disfruté de principio a fin, invita a la reflexión y genera mucha autoconciencia.",positive,chuong_trinh_hoc
13246,"Un curso muy interesante, lo disfruté de principio a fin, invita a la reflexión y genera mucha autoconciencia.",positive,noi_chung
13246,"Un curso muy interesante, lo disfruté de principio a fin, invita a la reflexión y genera mucha autoconciencia.",positive,chuong_trinh_hoc
13246,"Un curso muy interesante, lo disfruté de principio a fin, invita a la reflexión y genera mucha autoconciencia.",positive,chuong_trinh_hoc
13247,Genial Sitio !,positive,cung_cap_tai_lieu
13248,¡Estoy muy emocionado y entusiasmado!,positive,noi_chung
13249,"Un curso absolutamente completo curso que enseña sobre empresas de Lujo, pero principalmente sobre Moda.",positive,noi_chung
13250,También hay instrucciones ligeramente contradictorias entre la descripción de la tarea y la revisión.,negative,chuong_trinh_hoc
13251,Realmente disfruté el contenido y aprendí muchísimo.,positive,cung_cap_tai_lieu
13251,Realmente disfruté el contenido y aprendí muchísimo.,positive,cung_cap_tai_lieu
13252,"Una descripción general clara, práctica y bien presentada del campo del marketing digital, con énfasis en la igualdad de condiciones: Kevin se esfuerza por proporcionar recursos y herramientas gratuitos para que cualquier especialista en marketing pueda utilizar el poder del análisis digital sin verse obstaculizado por limitaciones de recursos.",positive,ky_nang_giang_day
13252,"Una descripción general clara, práctica y bien presentada del campo del marketing digital, con énfasis en la igualdad de condiciones: Kevin se esfuerza por proporcionar recursos y herramientas gratuitos para que cualquier especialista en marketing pueda utilizar el poder del análisis digital sin verse obstaculizado por limitaciones de recursos.",positive,ky_nang_giang_day
13252,"Una descripción general clara, práctica y bien presentada del campo del marketing digital, con énfasis en la igualdad de condiciones: Kevin se esfuerza por proporcionar recursos y herramientas gratuitos para que cualquier especialista en marketing pueda utilizar el poder del análisis digital sin verse obstaculizado por limitaciones de recursos.",positive,ky_nang_giang_day
13252,"Una descripción general clara, práctica y bien presentada del campo del marketing digital, con énfasis en la igualdad de condiciones: Kevin se esfuerza por proporcionar recursos y herramientas gratuitos para que cualquier especialista en marketing pueda utilizar el poder del análisis digital sin verse obstaculizado por limitaciones de recursos.",positive,ky_nang_giang_day
13253,"Más ejemplos de gráficos de tipo financiero: - Máximo / Mínimo / Apertura / Cierre, etc.",negative,cung_cap_tai_lieu
13254,"Sería aún mejor con: - más análisis videos (como el que hubo la semana pasada) particiones disponibles en formatos inteligentes (por ejemplo, musescore) para que los instrumentos transpositores puedan evitar codificar las particiones",neutral,ky_nang_giang_day
13255,"La carga de trabajo en este curso es más intensa que el curso anterior en la especialización, especialmente en la semana 3.",negative,cung_cap_tai_lieu
13256,Estoy muy decepcionado con esta clase y probablemente no aprobaré porque no tengo tiempo para descubrir cómo programar en R.,negative,noi_chung
13256,Estoy muy decepcionado con esta clase y probablemente no aprobaré porque no tengo tiempo para descubrir cómo programar en R.,negative,noi_chung
13257,"El curso cubre conceptos básicos, ética, historia y métodos prácticos.",positive,noi_chung
13258,Instructor realmente hizo este curso.,positive,ky_nang_giang_day
13259,Barb Oakley es maravillosa y me mantuvo involucrado todo el tiempo.,positive,ky_nang_giang_day
13259,Barb Oakley es maravillosa y me mantuvo involucrado todo el tiempo.,positive,ky_nang_giang_day
13260,Disfruté mucho este curso y me emociono cada vez que hago clic en nueva lección.,positive,noi_chung
13260,Disfruté mucho este curso y me emociono cada vez que hago clic en nueva lección.,positive,noi_chung
13261,Hay mucho que contemplar en este rico y denso curso:,positive,noi_chung
13261,Hay mucho que contemplar en este rico y denso curso:,positive,noi_chung
13262,En las conferencias no hay ninguna pérdida de tiempo en dar explicaciones.,positive,ky_nang_giang_day
13263,Me gustó especialmente la lección sobre la posibilidad lógica del viaje en el tiempo.,positive,cung_cap_tai_lieu
13264,Curso es muy bueno.,positive,noi_chung
13265,1. Bien estructurado 2. Fácil de comprender 3. Ejemplos convincentes 4. Motivador para generar un impacto en su país en desarrollo,positive,chuong_trinh_hoc
13265,1. Bien estructurado 2. Fácil de comprender 3. Ejemplos convincentes 4. Motivador para generar un impacto en su país en desarrollo,positive,chuong_trinh_hoc
13265,1. Bien estructurado 2. Fácil de comprender 3. Ejemplos convincentes 4. Motivador para generar un impacto en su país en desarrollo,positive,chuong_trinh_hoc
13266,Los viejos videoclips con las explicaciones fueron geniales!,positive,ky_nang_giang_day
13267,"Creo que el curso debería haber cubierto algunos conceptos más en detalle que son relevantes para los dispositivos IoT, por ejemplo, las interrupciones y su uso, y una discusión detallada del protocolo SPI.",neutral,chuong_trinh_hoc
13268,El contenido está muy orientado al aprendizaje en línea.,positive,cung_cap_tai_lieu
13269,Sólo puedo esperar que imparta más cursos en el futuro.,positive,ky_nang_giang_day
13270,"Muy fácil de entender, todos los temas discutidos se presentan de una manera sencilla y sin esfuerzo.",positive,cung_cap_tai_lieu
13270,"Muy fácil de entender, todos los temas discutidos se presentan de una manera sencilla y sin esfuerzo.",positive,cung_cap_tai_lieu
13270,"Muy fácil de entender, todos los temas discutidos se presentan de una manera sencilla y sin esfuerzo.",positive,chuong_trinh_hoc
13271,"Recomiendo encarecidamente este curso para cualquiera que desee tener un conocimiento completo de la nutrición real y tradicional (orgánica, como la cocina de la abuela).",positive,de_xuat
13272,¡Realmente recomiendo a todos que se inscriban!,positive,de_xuat
13273,La mejor parte de las tareas consistió en poder ver las entregas de los compañeros y aprender de ellos revisando las técnicas de código que usaron.,positive,ham_diem
13274,Los dos presentadores principales estaban muy bien informados y el proyecto estaba dirigido a una audiencia internacional.,positive,ky_nang_giang_day
13274,Los dos presentadores principales estaban muy bien informados y el proyecto estaba dirigido a una audiencia internacional.,positive,ky_nang_giang_day
13275,Una buena manera de aprender ambos.,positive,noi_chung
13276,Disfruté mucho la clase y me encantó el desafío de descubrir cómo completar las tareas.,positive,noi_chung
13276,Disfruté mucho la clase y me encantó el desafío de descubrir cómo completar las tareas.,positive,bai_tap
13277,"Me gusta este curso, pero para mí fue un poco más difícil entender algunas cosas básicas.",positive,chuong_trinh_hoc
13277,"Me gusta este curso, pero para mí fue un poco más difícil entender algunas cosas básicas.",negative,chuong_trinh_hoc
13278,Creo que esta etapa del curso podría resumirse en solo una semana de trabajo.,neutral,noi_chung
13279,Descripción rápida de la plataforma Arduino.,positive,noi_chung
13280,El contenido del curso no está respaldado por investigaciones.,negative,cung_cap_tai_lieu
13281,"Tal vez debería haber más en las ""lecturas sugeridas "" para que las personas interesadas puedan ampliar sus conocimientos.",neutral,cung_cap_tai_lieu
13282,Un bonito curso corto curso.,positive,noi_chung
13283,"Sin embargo, también descubrí que no me dio la riqueza de principios y técnicas que encontré en otros cursos en esta secuencia.",negative,chuong_trinh_hoc
13284,Hay mucha información excelente en este curso y está presentada de muy buena manera.,positive,noi_chung
13284,Hay mucha información excelente en este curso y está presentada de muy buena manera.,positive,ky_nang_giang_day
13285,Gran conferenciante que utiliza ejemplos tangibles para transmitir conceptos complejos.,positive,ky_nang_giang_day
13286,Recomendaría el curso a cualquiera que se preocupe por el desarrollo profesional.,positive,de_xuat
13287,"Creo que la mayor parte de lo que se enseña aquí debería ser conocido idealmente por la mayoría de las personas, para poder tomar decisiones más informadas y reflexivas sobre la vida, así como para comprender lo que sucederá en las próximas décadas.",positive,noi_chung
13288,No soy principiante curso.,negative,noi_chung
13289,"Genial curso, excelente instructor.",positive,noi_chung
13289,"Genial curso, excelente instructor.",positive,ky_nang_giang_day
13290,"Gracias Luay, Scott y Joe por otro excelente curso.",positive,ky_nang_giang_day
13290,"Gracias Luay, Scott y Joe por otro excelente curso.",positive,noi_chung
13291,"Lleno de información útil, convincente y nueva .",positive,cung_cap_tai_lieu
13291,"Lleno de información útil, convincente y nueva .",positive,cung_cap_tai_lieu
13291,"Lleno de información útil, convincente y nueva .",positive,cung_cap_tai_lieu
13292,"Este curso brindó una gran oportunidad para explorar la creatividad, con tareas que no requerían que tuviéramos habilidades en tipos particulares de expresión gráfica.",positive,noi_chung
13292,"Este curso brindó una gran oportunidad para explorar la creatividad, con tareas que no requerían que tuviéramos habilidades en tipos particulares de expresión gráfica.",positive,bai_tap
13293,"Fue interactivo, valioso y glamoroso.",positive,chuong_trinh_hoc
13294,El instructor proporciona muchos consejos útiles.,positive,ky_nang_giang_day
13295,"En general, creo que este es un gran comienzo para principiantes en Java, especialmente para aquellos nuevos en programación.",positive,noi_chung
13296,"Un enfoque de sentido común sobre cómo llevar ""Una vida de felicidad y plenitud"".",positive,noi_chung
13297,"Aunque una parte dependía demasiado de scripts prefabricados, estaba al nivel de juegos que tienen sentido para un principiante sin ser demasiado complejos (como lo son todos los tutoriales de Unity).",negative,chuong_trinh_hoc
13298,"Gira principalmente en torno a ZMOT y las mejores técnicas de análisis de marketing y recopilación de datos, y en torno a 30 minutos de contenido, y la última semana fue más bien un ""resumen"".",negative,cung_cap_tai_lieu
13299,Me hubiera gustado que profundizara un poco más.,neutral,chuong_trinh_hoc
13300,Obtenga mucho conocimiento de esta clase.,positive,chuong_trinh_hoc
13301,Fácil de seguir con buenas explicaciones y varios ejemplos.,positive,chuong_trinh_hoc
13301,Fácil de seguir con buenas explicaciones y varios ejemplos.,positive,chuong_trinh_hoc
13302,Me atrae tomar este curso aunque es relativamente caro.,positive,noi_chung
13303,"Sin embargo, lo he disfrutado.",positive,noi_chung
13304,Me pareció que el curso es una (re)introducción al aprendizaje automático muy útil.,positive,noi_chung
13305,"Después de completar el curso de 10 semanas sobre aprendizaje automático curso de Andrew Ng, este curso curso me pareció un poco corto.",negative,noi_chung
13306,Este sería un curso de 5 estrellas si no fuera por el proyecto final.,negative,bai_tap
13307,Sorprendentemente inspirador .,positive,noi_chung
13308,Gracias a Colleen van Lent y a la Universidad de Michigan por crear el Programa Especializado: Diseño Web para Todos y especialmente a Coursera por hacer esto posible.,positive,ky_nang_giang_day
13309,Muy poco contenido que ofrecer aparte de algunos clips cortos y lecturas medianamente interesantes .,negative,cung_cap_tai_lieu
13309,Muy poco contenido que ofrecer aparte de algunos clips cortos y lecturas medianamente interesantes .,neutral,noi_chung
13310,El curso material fue bastante esclarecedor y brindó una visión de cómo se percibía la magia durante la Edad Media.,positive,cung_cap_tai_lieu
13311,"En general, este es un curso realmente excelente curso.",positive,noi_chung
13312,¡Solo 3 semanas y ya he aprendido mucho!,positive,noi_chung
13369,J'adore Coursera !,positive,noi_chung
13452,Excellente explication.,positive,chuong_trinh_hoc
13607,Excelente palestra.,positive,ky_nang_giang_day
13624,Grandes teorias.,positive,noi_chung
13678,Excelente curso ! ! !,positive,noi_chung
13716,Ótimo curso.,positive,noi_chung
13741,Excelente curso!,positive,noi_chung
13769,"Excelente curso, bem ensinado por instrutores.",positive,noi_chung
13769,"Excelente curso, bem ensinado por instrutores.",positive,ky_nang_giang_day
13773,Ótimo Site!,positive,cung_cap_tai_lieu
13784,Instrutor realmente fez este curso.,positive,ky_nang_giang_day
13815,"Ótimo curso, excelente instrutor.",positive,noi_chung
13815,"Ótimo curso, excelente instrutor.",positive,ky_nang_giang_day
13842,Stora teorier.,positive,noi_chung
13844,Bora hotuba .,positive,ky_nang_giang_day
14406,Este es el primer resort caribeño en el que me he alojado que no tenía licuadoras detrás de la barra.,negative,thiet_bi_day_hoc
14407,"Servicio fue simplemente excelente, rápido servicio de valet, genial conserje, servicial personal, excelente desayuno.",positive,thiet_bi_day_hoc
14408,Mini bar como de costumbre era muy caro y el lugar cobra de más por cosas como el centro de salud y Internet.,negative,thiet_bi_day_hoc
14408,Mini bar como de costumbre era muy caro y el lugar cobra de más por cosas como el centro de salud y Internet.,negative,thiet_bi_day_hoc
14408,Mini bar como de costumbre era muy caro y el lugar cobra de más por cosas como el centro de salud y Internet.,negative,thiet_bi_day_hoc
14409,"Agradable hotel, bueno ubicación, bueno instalaciones Un gran hotel en unos jardines preciosos.",positive,thiet_bi_day_hoc
14410,Excelente zona piscina y gimnasio también.,positive,thiet_bi_day_hoc
14410,Excelente zona piscina y gimnasio también.,positive,thiet_bi_day_hoc
14411,"Impresionante ubicación, seguro estacionamiento y un interior interesante.",positive,thiet_bi_day_hoc
14412,"Necesita una renovación, pero cumplió con nuestras necesidades y el clima alrededor junto a la piscina era fabuloso.",positive,thiet_bi_day_hoc
14413,"El vestíbulo es bastante bonito, pero las habitaciones y los pasillos son anticuados.",positive,thiet_bi_day_hoc
14414,El hotel cuenta con un hermoso jardín  donde podrá sentarse y relajarse después de un día recorriendo la ciudad.,positive,thiet_bi_day_hoc
14415,Restaurante adjunto al hotel es fantástico - - una agradable sorpresa.,positive,thiet_bi_day_hoc
14416,No podríamos haber estado más satisfechos con Aqua Palms and Spa.,positive,thiet_bi_day_hoc
14417,"Aunque el vestíbulo reformado restaurantes y bares sigue siendo elegante y lujoso, las habitaciones estándar habitaciones recuerdan mucho más a un dormitorio decrépito.",positive,thiet_bi_day_hoc
14418,Los comentarios en otras reseñas sobre áreas sucias piscina son ciertos.,negative,thiet_bi_day_hoc
14419,"En general, está bien hotel, las habitaciones son geniales, impecables, bien equipadas y, de todos modos, la mía habría tenido un excelente acceso para sillas de ruedas, la recepción y el personal son serviciales y el desayuno era simple, pero sabroso y abundante.",positive,thiet_bi_day_hoc
14420,"Aunque hotel y la azotea son un servicio muy agradable, definitivamente manténgase alejado de su restaurante y de su muy arrogante gerente Alex.",negative,thiet_bi_day_hoc
14421,Lo mejor fue tener un Starbucks en el lobby  y poder caminar directamente al centro de Times Square.,positive,thiet_bi_day_hoc
14835,Me encanta cómo en cada conferencia hasta ahora lograron idear una forma nueva y creativa de grabar sonido. Es lindo pero molesto.,positive,chuong_trinh_hoc
14835,Me encanta cómo en cada conferencia hasta ahora lograron idear una forma nueva y creativa de grabar sonido. Es lindo pero molesto.,positive,thiet_bi_day_hoc
14836,"1 minuto y estoy aburrido, a la mierda con esto... matemáticas es patético.",negative,kien_thuc
14837,"Jajaja, es bueno, pero su acento francés hace que su conferencia sea extraña.",neutral,ky_nang_giang_day
14838,"¿Por qué el método para el Ejemplo 3 tiene dtheta? Tiene sentido para mí que cuando encuentres la integral con respecto a dx multipliques la función por dx para formar una serie de rectángulos, pero ¿por qué estamos multiplicando altura dada por sintheta por el ángulo?",neutral,kien_thuc
14838,"¿Por qué el método para el Ejemplo 3 tiene dtheta? Tiene sentido para mí que cuando encuentres la integral con respecto a dx multipliques la función por dx para formar una serie de rectángulos, pero ¿por qué estamos multiplicando altura dada por sintheta por el ángulo?",neutral,kien_thuc
14839,maravilloso conferencia ¡¡¡muchas gracias!!!,positive,chuong_trinh_hoc
14840,"¡Excelente conferencia! Pero, ¿no se supone que debemos hacer una proyección ortogonal? En lugar de eso, hizo una proyección paralela al eje Y porque calcula p1, p2 y p3 tomando los valores t 1, 2 y 3. También puedes verlo en su dibujo. ¿Por qué toma esta proyección en lugar de la ortogonal? ¿Y cómo puede resultar que e sea ortogonal a p?",positive,chuong_trinh_hoc
14840,"¡Excelente conferencia! Pero, ¿no se supone que debemos hacer una proyección ortogonal? En lugar de eso, hizo una proyección paralela al eje Y porque calcula p1, p2 y p3 tomando los valores t 1, 2 y 3. También puedes verlo en su dibujo. ¿Por qué toma esta proyección en lugar de la ortogonal? ¿Y cómo puede resultar que e sea ortogonal a p?",neutral,kien_thuc
14841,"@[USERNAME]Creo que el camarógrafo generalmente se queda dormido. Quizás es un profesional que no entiende ni una palabra de matemáticas, por eso se enoja y toma pequeñas siestas.",negative,thiet_bi_day_hoc
14841,"@[USERNAME]Creo que el camarógrafo generalmente se queda dormido. Quizás es un profesional que no entiende ni una palabra de matemáticas, por eso se enoja y toma pequeñas siestas.",positive,ky_nang_giang_day
14842,"Genial, hice esto hace como un semestre y medio en higshcool. ¡También aprobé el examen! :Dgosh cálculo ¡es increíble!",positive,kien_thuc
14843,Gracias esto no tiene precio.Genial entrevista.,positive,thiet_bi_day_hoc
14844,¡La prueba de que A^tA es invertible alrededor de 39:00 fue genial!,positive,kien_thuc
14844,¡La prueba de que A^tA es invertible alrededor de 39:00 fue genial!,positive,kien_thuc
14844,¡La prueba de que A^tA es invertible alrededor de 39:00 fue genial!,positive,kien_thuc
14845,El profesor Strang explica en detalle en esta conferencia los clústeres en gráficos y cómo los vectores propios determinan los clústeres. El papel de la agrupación espectral y su inicio con la matriz laplaciana. Gracias a MIT por todas estas fantásticas conferencias).,positive,chuong_trinh_hoc
14845,El profesor Strang explica en detalle en esta conferencia los clústeres en gráficos y cómo los vectores propios determinan los clústeres. El papel de la agrupación espectral y su inicio con la matriz laplaciana. Gracias a MIT por todas estas fantásticas conferencias).,positive,chuong_trinh_hoc
14846,"Oh, Dios mío... ¡la pizarra y la tiza son fenomenales!",positive,thiet_bi_day_hoc
14846,"Oh, Dios mío... ¡la pizarra y la tiza son fenomenales!",positive,thiet_bi_day_hoc
14847,"Me gusta este profesor, pero ha explicado muy mal los problemas relacionados con las tasas. Es muy difícil ver la belleza de las matemáticas con este hombre, pero está bien para casos prácticos. Gracias MIT",neutral,ky_nang_giang_day
14848,¿Por qué utilizó la tercera derivada de x(theta) pero solo la segunda derivada para y(theta) en la aproximación de Taylor?,neutral,kien_thuc
14849,"¡La Conferencia se ha vuelto inmortal, señor! ¡Gracias! (Ref. - primera oración de Prof. Strang en la conferencia)",positive,chuong_trinh_hoc
14849,"¡La Conferencia se ha vuelto inmortal, señor! ¡Gracias! (Ref. - primera oración de Prof. Strang en la conferencia)",positive,ky_nang_giang_day
14850,"Esta es la belleza de la vida, ¡muchas gracias Profesor Strang y MIT!",positive,ky_nang_giang_day
14851,¡Este hombre es un gran maestro!,positive,ky_nang_giang_day
14852,No entiendo lo de la tasa de convergencia :S ..Tomas la diferencia y luego ¿qué?.,neutral,kien_thuc
14852,No entiendo lo de la tasa de convergencia :S ..Tomas la diferencia y luego ¿qué?.,neutral,kien_thuc
14853,Sólo quiero agradecerle y decirle que me encanta el brillo en sus ojos cuando enseña.,positive,ky_nang_giang_day
14854,Puedo imaginar que el algoritmo  donde se resta a1 de todos los a subsiguientes también sería mucho más fácil de paralelizar.,positive,kien_thuc
14855,Gran mejora en la calidad del vídeo  en comparación con la versión 18.06,positive,chuong_trinh_hoc
14856,"Aprender álgebra lineal contigo es como ver películas. Es fascinante, emocionante, convincente y divertido. ¡Muchas gracias! Profesor Strang. ¡Tengo mucha suerte de poder aprender esta materia contigo!",positive,ky_nang_giang_day
14857,"La aplicación del Teorema fundamental del álgebra lineal es el tema constante de las conferencias del profesor Strang:http://mathworld.wolfram.com/FundamentalTheoremofLinearAlgebra.htmlNunca había oído hablar de este teorema antes de estas conferencias, y soy un viejo bastardo. ¡Así que ha sido una experiencia de aprendizaje divertida!",positive,kien_thuc
14857,"La aplicación del Teorema fundamental del álgebra lineal es el tema constante de las conferencias del profesor Strang:http://mathworld.wolfram.com/FundamentalTheoremofLinearAlgebra.htmlNunca había oído hablar de este teorema antes de estas conferencias, y soy un viejo bastardo. ¡Así que ha sido una experiencia de aprendizaje divertida!",positive,chuong_trinh_hoc
14858,prof gilbert strang: enseñando la belleza del álgebra lineal yo: me pregunto cómo vamos a lograr que esos borradores queden atascados detrás del tablero...,positive,ky_nang_giang_day
14858,prof gilbert strang: enseñando la belleza del álgebra lineal yo: me pregunto cómo vamos a lograr que esos borradores queden atascados detrás del tablero...,negative,noi_chung
14859,"En el minuto 41:54, Strang obtiene los valores propios correctamente de memoria. ¡Estoy impresionado!",positive,ky_nang_giang_day
14860,@[USERNAME]¿Por qué habría un raíz cuadrada de 2 pi allí? No entiendo el significado de lo que está diciendo cuando no hay factores de ajuste y esta es la varianza asintótica verdadera. ¿Por qué habría algo de eso?,neutral,kien_thuc
14861,Estos cursos son los mejores en Matemáticas.,positive,chuong_trinh_hoc
14862,"Interesante prueba: mostrar que la probabilidad de que dos eventos coincidentes separados sea mayor que la probabilidad de que ocurra un solo evento en el universo de eventos, diciendo que no son eventos coincidentes, sino un solo evento con una probabilidad mayor que la de que ocurra un solo evento en el universo específico. Muy inteligente.",positive,kien_thuc
14863,Esto sería mucho mejor si se hubiera utilizado un micrófono con cancelación de ruido.,negative,thiet_bi_day_hoc
14863,Esto sería mucho mejor si se hubiera utilizado un micrófono con cancelación de ruido.,positive,thiet_bi_day_hoc
14864,Una forma fantástica de presentar Pseudoinverse. GS es un gran profesor. Gracias OCW por ponerlo a disposición,positive,ky_nang_giang_day
14865,Quiero agradecer al MIT por publicar esto y Sir Gilbert Strang por una conferencia tan increíble.,positive,ky_nang_giang_day
14865,Quiero agradecer al MIT por publicar esto y Sir Gilbert Strang por una conferencia tan increíble.,positive,chuong_trinh_hoc
14866,Acabo de darme cuenta de que mi profesor nunca me enseñó los pasos completos... solo los atajos. ¡Es genial!,positive,chuong_trinh_hoc
14867,"Si Denis Auroux hubiera sido mi profesor de matemáticas toda mi vida, Euler estaría comiendo mi polvo.",positive,ky_nang_giang_day
14867,"Si Denis Auroux hubiera sido mi profesor de matemáticas toda mi vida, Euler estaría comiendo mi polvo.",neutral,noi_chung
14868,"Vaya, esta conferencia es difícil, pero muy interesante al mismo tiempo :3",positive,chuong_trinh_hoc
14869,Me encantaría ver más de Alex Townsend. ¡Qué conferenciante fantástico!,positive,ky_nang_giang_day
14869,Me encantaría ver más de Alex Townsend. ¡Qué conferenciante fantástico!,positive,chuong_trinh_hoc
14870,"Estoy confundido con Thm2, el instructor dijo y explicó que x es más burdo que x' pero como x' está contenido en x y considerando la definición de la partición, ¿no debería su explicación ser opuesta mientras demuestra Thm2? entonces x contiene x' y más, creo",neutral,kien_thuc
14871,Muchas gracias Prof. Gilbert,positive,ky_nang_giang_day
14872,He llegado aquí desde Lec 1. Muy satisfecho.,positive,chuong_trinh_hoc
14873,"Es real horas algebristas, amigos.",neutral,chuong_trinh_hoc
14874,"Gracias, Prof. Gilbert Strang y MIT.",positive,ky_nang_giang_day
14875,MIT ha hecho un gran servicio a la humanidad al grabar sus conferencias y compartirlas en línea. Son tan hermosas que las generaciones futuras lo recordarán como el Mozart de esta materia.,positive,chuong_trinh_hoc
14876,"A las 31:20, ¿un dfa convertido desde nfa siempre contiene 2^q estados? Quiero decir, ¿Q' es igual a P(Q) o Q' es un subconjunto de P(Q)?",neutral,kien_thuc
14876,"A las 31:20, ¿un dfa convertido desde nfa siempre contiene 2^q estados? Quiero decir, ¿Q' es igual a P(Q) o Q' es un subconjunto de P(Q)?",neutral,kien_thuc
14876,"A las 31:20, ¿un dfa convertido desde nfa siempre contiene 2^q estados? Quiero decir, ¿Q' es igual a P(Q) o Q' es un subconjunto de P(Q)?",neutral,kien_thuc
14876,"A las 31:20, ¿un dfa convertido desde nfa siempre contiene 2^q estados? Quiero decir, ¿Q' es igual a P(Q) o Q' es un subconjunto de P(Q)?",neutral,kien_thuc
14876,"A las 31:20, ¿un dfa convertido desde nfa siempre contiene 2^q estados? Quiero decir, ¿Q' es igual a P(Q) o Q' es un subconjunto de P(Q)?",neutral,kien_thuc
14877,"Para cualquiera que esté pensando en ver las 35 lecciones conferencias, hágalo. El profesor Auroux enseña mejor que nadie que haya visto antes. Todo está estructurado, pensado y fluye de un tema al siguiente con tanta naturalidad que se sorprenderá de haber escuchado más de 50 minutos de matemáticas.",positive,ky_nang_giang_day
14877,"Para cualquiera que esté pensando en ver las 35 lecciones conferencias, hágalo. El profesor Auroux enseña mejor que nadie que haya visto antes. Todo está estructurado, pensado y fluye de un tema al siguiente con tanta naturalidad que se sorprenderá de haber escuchado más de 50 minutos de matemáticas.",positive,chuong_trinh_hoc
14878,"Fracciones parciales comienza en 0:45 hasta 18:20, que también es importante.",positive,kien_thuc
14879,"Hay muchos comentarios que dicen que algunas de las explicaciones del profesor no son lo suficientemente rigurosas. El MIT tiene 2 o 3 niveles de cálculo introductorio. Este es para estudiantes de primer año con poco o ningún conocimiento de cálculo en la escuela secundaria, y que probablemente se especializarán en ingeniería, donde la clave es obtener la respuesta correcta en lugar de ser rigurosamente correctos. Si vas al sitio web de OCW, puedes encontrar el que está dirigido a estudiantes que quieren especializarse en matemáticas o física. Es totalmente diferente y mucho más difícil.",negative,chuong_trinh_hoc
14879,"Hay muchos comentarios que dicen que algunas de las explicaciones del profesor no son lo suficientemente rigurosas. El MIT tiene 2 o 3 niveles de cálculo introductorio. Este es para estudiantes de primer año con poco o ningún conocimiento de cálculo en la escuela secundaria, y que probablemente se especializarán en ingeniería, donde la clave es obtener la respuesta correcta en lugar de ser rigurosamente correctos. Si vas al sitio web de OCW, puedes encontrar el que está dirigido a estudiantes que quieren especializarse en matemáticas o física. Es totalmente diferente y mucho más difícil.",negative,ky_nang_giang_day
14880,Muchas gracias señor. Desde la India.,positive,ky_nang_giang_day
14881,"Vaya, estoy en la clase de precálculo, queriendo empezar con cálculo, y nada de esto ni de conferencia tenía sentido, siguió hablando de límites y derivadas e incluso mostró ejemplos, pero nunca explicó cómo obtenerlos tan bien, o incluso qué eran... ¿las personas de esta clase tuvieron exposición previa a este material?",negative,chuong_trinh_hoc
14881,"Vaya, estoy en la clase de precálculo, queriendo empezar con cálculo, y nada de esto ni de conferencia tenía sentido, siguió hablando de límites y derivadas e incluso mostró ejemplos, pero nunca explicó cómo obtenerlos tan bien, o incluso qué eran... ¿las personas de esta clase tuvieron exposición previa a este material?",negative,ky_nang_giang_day
14881,"Vaya, estoy en la clase de precálculo, queriendo empezar con cálculo, y nada de esto ni de conferencia tenía sentido, siguió hablando de límites y derivadas e incluso mostró ejemplos, pero nunca explicó cómo obtenerlos tan bien, o incluso qué eran... ¿las personas de esta clase tuvieron exposición previa a este material?",neutral,kien_thuc
14881,"Vaya, estoy en la clase de precálculo, queriendo empezar con cálculo, y nada de esto ni de conferencia tenía sentido, siguió hablando de límites y derivadas e incluso mostró ejemplos, pero nunca explicó cómo obtenerlos tan bien, o incluso qué eran... ¿las personas de esta clase tuvieron exposición previa a este material?",neutral,kien_thuc
14881,"Vaya, estoy en la clase de precálculo, queriendo empezar con cálculo, y nada de esto ni de conferencia tenía sentido, siguió hablando de límites y derivadas e incluso mostró ejemplos, pero nunca explicó cómo obtenerlos tan bien, o incluso qué eran... ¿las personas de esta clase tuvieron exposición previa a este material?",neutral,kien_thuc
14881,"Vaya, estoy en la clase de precálculo, queriendo empezar con cálculo, y nada de esto ni de conferencia tenía sentido, siguió hablando de límites y derivadas e incluso mostró ejemplos, pero nunca explicó cómo obtenerlos tan bien, o incluso qué eran... ¿las personas de esta clase tuvieron exposición previa a este material?",neutral,noi_chung
14882,32:36 ¿Alguien se dio cuenta de que no dijo eso? :D,neutral,ky_nang_giang_day
14883,"Señor, en la última conferencia, ¿cómo pasan esos dos vector columna a través del origen?",neutral,kien_thuc
14884,100 estudiantes en una clase. Cada uno paga aproximadamente 50 USD por día para la universidad. Quizás 25 USD solo por esto conferencia. (¡2500 USD en total!) ¡Y lo obtenemos gratis! Esto realmente ayuda a aquellos que no tienen oportunidades de aprender y avanzar.,positive,chuong_trinh_hoc
14885,"3:13 ""remontándonos a los griegos..."" :) bueno, señor, creo que los griegos todavía están en el mundo.",neutral,ky_nang_giang_day
14886,"Este tipo es genial. Estudié ingeniería en una universidad menos prestigiosa que el MIT y recuerdo que los profesores se negaban a explicarme los pasos de álgebra. Me decían: ""Ya deberías saber esto"".",positive,ky_nang_giang_day
14887,"¿La gente hace cálculo vectorial sólo por diversión? Bueno, mi amigo dice que lo disfruta.",neutral,kien_thuc
14888,Absolutamente legendario. El profesor Strang explica Álgebra lineal 10 veces mejor que mi propio profesor en la escuela. : ),positive,ky_nang_giang_day
14888,Absolutamente legendario. El profesor Strang explica Álgebra lineal 10 veces mejor que mi propio profesor en la escuela. : ),positive,chuong_trinh_hoc
14888,Absolutamente legendario. El profesor Strang explica Álgebra lineal 10 veces mejor que mi propio profesor en la escuela. : ),negative,ky_nang_giang_day
14889,"Este tipo es una leyenda. Lo adoro. La pulcritud de sus clases es igual a la belleza de matemáticas, y 18.02 es definitivamente mi curso abierto favorito MIT.",positive,ky_nang_giang_day
14889,"Este tipo es una leyenda. Lo adoro. La pulcritud de sus clases es igual a la belleza de matemáticas, y 18.02 es definitivamente mi curso abierto favorito MIT.",positive,chuong_trinh_hoc
14889,"Este tipo es una leyenda. Lo adoro. La pulcritud de sus clases es igual a la belleza de matemáticas, y 18.02 es definitivamente mi curso abierto favorito MIT.",positive,noi_chung
14889,"Este tipo es una leyenda. Lo adoro. La pulcritud de sus clases es igual a la belleza de matemáticas, y 18.02 es definitivamente mi curso abierto favorito MIT.",positive,kien_thuc
14890,Este profesor es una pura leyenda.,positive,ky_nang_giang_day
14891,Muy bueno lección. Muy fácil de entender. Gracias por compartir.,positive,chuong_trinh_hoc
14892,Incluso se puede derivar la ley de los cosenos a partir de la geometría elemental y de la mera definición del seno y el coseno. Basta con utilizar Pitágoras y lo conseguirás.,positive,kien_thuc
14893,"El instructor se confundió? con el término cos, C punto C tiene un ángulo de cero, entonces, cos (0) es 1, es por eso que no aparece cos en C punto C, no tiene nada que ver con volver a la definición de producto escalar, (¡tan simple!)",neutral,ky_nang_giang_day
14894,"MIT, por favor proporcione agua y esponjas para las necesidades de limpieza de su profesor pizarra, ¿qué diablos?",negative,thiet_bi_day_hoc
14895,El mejor tiza que he visto jamás,positive,thiet_bi_day_hoc
14896,"Esta (serie 1:) está al nivel de Breaking Bad. Los mismos altibajos, la misma tensión, el mismo misterio y la misma emoción.",positive,chuong_trinh_hoc
14897,Agradable conferencia señor. Con cariño desde la India🇮🇳🇮🇳,positive,chuong_trinh_hoc
14898,"¿Por qué lo llama ""NULL""?",neutral,ky_nang_giang_day
14898,"¿Por qué lo llama ""NULL""?",neutral,kien_thuc
14899,Hola señor mi pregunta es ¿por qué usamos exponencial?,neutral,kien_thuc
14900,Stat es un sub muy difícil...,negative,chuong_trinh_hoc
14901,Me Gusta Mucho El Video De Tu Eliminacion Con Matrices,positive,chuong_trinh_hoc
14902,¡Gracias por estas conferencias y por el esfuerzo en armar estos videos!,positive,chuong_trinh_hoc
14903,"Informativo sin excesos, intrínsecamente entretenido y con un buen ritmo. Espero que el resto de la serie de conferencias  esté tan bien hecha como esta primera introducción.",positive,chuong_trinh_hoc
14903,"Informativo sin excesos, intrínsecamente entretenido y con un buen ritmo. Espero que el resto de la serie de conferencias  esté tan bien hecha como esta primera introducción.",positive,chuong_trinh_hoc
14904,"mismo contenido que mi universidad que no es de la Ivy League. De hecho, como el profesor es tan bueno aquí y tuve que aprender todo por mi cuenta, diría que fue más difícil.",positive,ky_nang_giang_day
14904,"mismo contenido que mi universidad que no es de la Ivy League. De hecho, como el profesor es tan bueno aquí y tuve que aprender todo por mi cuenta, diría que fue más difícil.",neutral,noi_chung
14905,"Todavía no he cursado Cálculo, mucha gente lo considera el talón de Aquiles de quienes buscan una formación superior. Espero que no sea así.",neutral,kien_thuc
14906,Un buen video  para complementar el gradiente y el ritmo de aprendizaje :-) : https://www.youtube.com/watch?v=NomUbVmmyro,positive,chuong_trinh_hoc
14907,"Soy economista, pero si con este profesor también puedo convertirme en ingeniero en 6 meses. También me pregunto si estos profesores toman clases de dibujo. ¡Sus círculos son buenos!",positive,ky_nang_giang_day
14908,No puedo evitar notar que alguien en esa sala de conferencias tiene una tos fuerte.,negative,noi_chung
14908,No puedo evitar notar que alguien en esa sala de conferencias tiene una tos fuerte.,neutral,chuong_trinh_hoc
14909,"Oh, hombre... tantas palabras, tantas líneas, útiles para la autoconfusión... relájate, hombre, un martini votka hará el trabajo...",negative,ky_nang_giang_day
14910,"Esto es lo que me gusta de estas buenas escuelas: que los profesores se dedican a enseñar. La mayoría de los demás profesores son pésimos y aburridos, y terminan siendo egocéntricos por naturaleza. Los amo, muchachos.",positive,ky_nang_giang_day
14910,"Esto es lo que me gusta de estas buenas escuelas: que los profesores se dedican a enseñar. La mayoría de los demás profesores son pésimos y aburridos, y terminan siendo egocéntricos por naturaleza. Los amo, muchachos.",negative,ky_nang_giang_day
14911,"Dios, ¡amo a este hombre!",positive,ky_nang_giang_day
14912,"Estimado señor, ¿la fórmula aproximación lineal no son los dos primeros términos de la expansión de Taylor? ¿Es aproximación lineal como serie de Taylor pero para funciones lineales?",neutral,kien_thuc
14912,"Estimado señor, ¿la fórmula aproximación lineal no son los dos primeros términos de la expansión de Taylor? ¿Es aproximación lineal como serie de Taylor pero para funciones lineales?",neutral,kien_thuc
14912,"Estimado señor, ¿la fórmula aproximación lineal no son los dos primeros términos de la expansión de Taylor? ¿Es aproximación lineal como serie de Taylor pero para funciones lineales?",neutral,kien_thuc
14912,"Estimado señor, ¿la fórmula aproximación lineal no son los dos primeros términos de la expansión de Taylor? ¿Es aproximación lineal como serie de Taylor pero para funciones lineales?",neutral,kien_thuc
14912,"Estimado señor, ¿la fórmula aproximación lineal no son los dos primeros términos de la expansión de Taylor? ¿Es aproximación lineal como serie de Taylor pero para funciones lineales?",neutral,kien_thuc
14913,"Sí, podría haber cubierto la prueba de proporción en el mismo tiempo que le llevó explicar por qué no estaba cubriendo el radio de convergencia.",neutral,ky_nang_giang_day
14913,"Sí, podría haber cubierto la prueba de proporción en el mismo tiempo que le llevó explicar por qué no estaba cubriendo el radio de convergencia.",neutral,kien_thuc
14914,pero entonces ¿QUÉ ES DETERMINANTE?,negative,kien_thuc
14915,"Si alguien pudiera explicar lo que dice en 34:35, sería genial. Realmente no lo entiendo. ¡Ojalá pudiera ser más específico al explicar mi confusión!",neutral,thiet_bi_day_hoc
14916,¿Por qué el centro de masas de Cn+1bloque= Cn+1,neutral,kien_thuc
14917,Esto es algo bonito tiza,positive,thiet_bi_day_hoc
14918,Dios los bendiga a Gilbert Strang y también gracias a MIT por ponerlos en la web. ¿Qué hacíamos antes de Internet?,positive,ky_nang_giang_day
14918,Dios los bendiga a Gilbert Strang y también gracias a MIT por ponerlos en la web. ¿Qué hacíamos antes de Internet?,positive,noi_chung
14918,Dios los bendiga a Gilbert Strang y también gracias a MIT por ponerlos en la web. ¿Qué hacíamos antes de Internet?,positive,thiet_bi_day_hoc
14919,"@[USERNAME]Sí, tienes razón, básicamente el primer año en la universidad es mucho más fácil que los niveles A. El segundo año es un duro despertar, te dejas el alma trabajando. Por supuesto, todos los genios publicación aquí descubrieron la energía oscura en su primer año (o pensarías que ese fue el caso por la forma en que actúan de manera tan condescendiente y presumida sobre esto conferencia.) No se les ha ocurrido que el MIT tiene cierta experiencia en la educación de algunas de las mentes más brillantes y que recapitular los principios básicos podría tener un propósito válido.",positive,chuong_trinh_hoc
14919,"@[USERNAME]Sí, tienes razón, básicamente el primer año en la universidad es mucho más fácil que los niveles A. El segundo año es un duro despertar, te dejas el alma trabajando. Por supuesto, todos los genios publicación aquí descubrieron la energía oscura en su primer año (o pensarías que ese fue el caso por la forma en que actúan de manera tan condescendiente y presumida sobre esto conferencia.) No se les ha ocurrido que el MIT tiene cierta experiencia en la educación de algunas de las mentes más brillantes y que recapitular los principios básicos podría tener un propósito válido.",negative,noi_chung
14920,"@[USERNAME]Tal vez sea porque ya entiendo multiplicadores de Lagrange, pero no deberían estar tan perdidos. Esta explicación es bastante decente, en mi humilde opinión.",neutral,kien_thuc
14920,"@[USERNAME]Tal vez sea porque ya entiendo multiplicadores de Lagrange, pero no deberían estar tan perdidos. Esta explicación es bastante decente, en mi humilde opinión.",positive,thiet_bi_day_hoc
14921,"Un final increíble para una serie increíble (1). Gracias MIT OpenCourseWare, gracias Profesor David Jerison y gracias Profesor Haynes Miller",positive,chuong_trinh_hoc
14921,"Un final increíble para una serie increíble (1). Gracias MIT OpenCourseWare, gracias Profesor David Jerison y gracias Profesor Haynes Miller",positive,ky_nang_giang_day
14921,"Un final increíble para una serie increíble (1). Gracias MIT OpenCourseWare, gracias Profesor David Jerison y gracias Profesor Haynes Miller",positive,ky_nang_giang_day
14922,¿Por qué no explicó método de las arandelas? Lo mencionan en la recitación vid.,neutral,kien_thuc
14922,¿Por qué no explicó método de las arandelas? Lo mencionan en la recitación vid.,neutral,kien_thuc
14922,¿Por qué no explicó método de las arandelas? Lo mencionan en la recitación vid.,neutral,chuong_trinh_hoc
14923,Fue muy gracioso cuando vio su error :D:D,neutral,ky_nang_giang_day
14924,"En muchos cursos de álgebra lineal que he visto, a los estudiantes se les explican de manera sencilla las distintas relaciones entre los subespacios fundamentales. Pero en este curso, estas ideas se presentan de manera convincente y accesible. Esto es muy importante porque permite que los estudiantes comprendan realmente esas ideas clave del álgebra lineal hasta el punto en que se vuelven intuitivas, en lugar de simplemente memorizar propiedades y fórmulas. ¡Otra gran conferencia del profesor Strang!",positive,chuong_trinh_hoc
14924,"En muchos cursos de álgebra lineal que he visto, a los estudiantes se les explican de manera sencilla las distintas relaciones entre los subespacios fundamentales. Pero en este curso, estas ideas se presentan de manera convincente y accesible. Esto es muy importante porque permite que los estudiantes comprendan realmente esas ideas clave del álgebra lineal hasta el punto en que se vuelven intuitivas, en lugar de simplemente memorizar propiedades y fórmulas. ¡Otra gran conferencia del profesor Strang!",positive,ky_nang_giang_day
14926,"@[USERNAME]La parábola no importa en términos de límites porque sabemos que se convierte en el círculo unitario en el plano xy. La integral doble solo se ocupa del plano xy, y eso es todo lo que necesitas saber para configurar la integral.",negative,kien_thuc
14927,"Me gusta mucho la Videoconferencia 16: Ecuaciones diferenciales, Separación de variables de tu",positive,chuong_trinh_hoc
14927,"Me gusta mucho la Videoconferencia 16: Ecuaciones diferenciales, Separación de variables de tu",neutral,kien_thuc
14927,"Me gusta mucho la Videoconferencia 16: Ecuaciones diferenciales, Separación de variables de tu",neutral,kien_thuc
14928,Es muy agradable conferencia aprecio su arduo trabajo,positive,chuong_trinh_hoc
14928,Es muy agradable conferencia aprecio su arduo trabajo,positive,noi_chung
14929,"Profesor Strang, me gustaría agradecerle humildemente por compartir este conocimiento invaluable con todos nosotros. Y, por supuesto, gracias MIT por subir contenido tan asombroso. Pasé los últimos 2,5 meses viendo todos los videos, preparando los 10 conjuntos de problemas, 3 cuestionarios y el examen final. Incluso subí mis soluciones aquí: https://github.com/alivay/mit_1806_linear_algebra en formatos latex y pdf.",positive,ky_nang_giang_day
14929,"Profesor Strang, me gustaría agradecerle humildemente por compartir este conocimiento invaluable con todos nosotros. Y, por supuesto, gracias MIT por subir contenido tan asombroso. Pasé los últimos 2,5 meses viendo todos los videos, preparando los 10 conjuntos de problemas, 3 cuestionarios y el examen final. Incluso subí mis soluciones aquí: https://github.com/alivay/mit_1806_linear_algebra en formatos latex y pdf.",positive,chuong_trinh_hoc
14930,¿Por qué la cámara  se tambalea? ¿Por qué no se enfoca el tablero? Más distracciones,negative,thiet_bi_day_hoc
14931,"La chica que levantó la mano en la primera fila cuando él preguntó cuál era el nombre de la matriz... :'( La universidad es solo un Dora la Exploradora de alto nivel donde el profesor hace una pregunta, te mira fijamente durante 15 segundos y luego la responde él mismo.",neutral,ky_nang_giang_day
14932,"Entonces... me sentía un poco moderno, así que comencé a simplificar 1/8 - cos(4x) /8 en términos con solo x y terminé con solo sin^2(x cos^2(x)).. Ahora bien, eso es bastante interesante, ¿verdad? Porque es lo mismo que el integrando más una constante. ¿Alguien ha probado esto?",positive,kien_thuc
14932,"Entonces... me sentía un poco moderno, así que comencé a simplificar 1/8 - cos(4x) /8 en términos con solo x y terminé con solo sin^2(x cos^2(x)).. Ahora bien, eso es bastante interesante, ¿verdad? Porque es lo mismo que el integrando más una constante. ¿Alguien ha probado esto?",positive,kien_thuc
14933,"Gilbert Strang, el nombre que todos los estudiantes universitarios del mundo conocen. Es un genio y un gran profesor.",positive,ky_nang_giang_day
14934,"Acabo de terminar después de 11 semanas de ver todas las conferencias, hacer todas las tareas y rendir todos los exámenes. No puedo agradecer lo suficiente a Prof. Strang y al MIT por crear y publicar esta serie de conferencias. Es muy raro encontrar un matemático obviamente brillante que realmente parezca disfrutar enseñando cursos de nivel introductorio, y fue un placer pasar ~30 horas con Prof. Strang a través de estos videos. Ya había tomado Álgebra lineal antes, pero necesitaba un repaso después de 10 años, y este curso fue perfecto para guiarme a través de los conceptos.",positive,chuong_trinh_hoc
14934,"Acabo de terminar después de 11 semanas de ver todas las conferencias, hacer todas las tareas y rendir todos los exámenes. No puedo agradecer lo suficiente a Prof. Strang y al MIT por crear y publicar esta serie de conferencias. Es muy raro encontrar un matemático obviamente brillante que realmente parezca disfrutar enseñando cursos de nivel introductorio, y fue un placer pasar ~30 horas con Prof. Strang a través de estos videos. Ya había tomado Álgebra lineal antes, pero necesitaba un repaso después de 10 años, y este curso fue perfecto para guiarme a través de los conceptos.",positive,ky_nang_giang_day
14935,"Ahora dudo señor que usted sea la bendición para los matemáticos y también para los relacionados con este campo, a menudo disfruto de sus conferencias en mis vocaciones.",positive,chuong_trinh_hoc
14935,"Ahora dudo señor que usted sea la bendición para los matemáticos y también para los relacionados con este campo, a menudo disfruto de sus conferencias en mis vocaciones.",positive,ky_nang_giang_day
14936,19:00 Demostración por inducción matemática.41:41 Lema de bombeo.,neutral,kien_thuc
14937,"En la última prueba (A'A es invertible), ¿por qué se le permite multiplicar ambos lados por un vector fila? ¿No debería eso cambiar el conjunto solución? Por ejemplo, supongamos que [x1 x2 x3 x4]' = 0. Entonces x = vector 0. Pero si multiplico ambos lados por [1 -1 0 0], entonces [1 1 0 0]' se convierte en una solución. ¿Debo asumir que esta operación solo puede sumar soluciones, por lo que la prueba sigue siendo válida (ya que después de la operación, solo 0 está en el espacio nulo)?",negative,kien_thuc
14937,"En la última prueba (A'A es invertible), ¿por qué se le permite multiplicar ambos lados por un vector fila? ¿No debería eso cambiar el conjunto solución? Por ejemplo, supongamos que [x1 x2 x3 x4]' = 0. Entonces x = vector 0. Pero si multiplico ambos lados por [1 -1 0 0], entonces [1 1 0 0]' se convierte en una solución. ¿Debo asumir que esta operación solo puede sumar soluciones, por lo que la prueba sigue siendo válida (ya que después de la operación, solo 0 está en el espacio nulo)?",neutral,kien_thuc
14938,¿Sir Gilbert Strang todavía está vivo?,neutral,ky_nang_giang_day
14939,"@[USERNAME]hey, ¿entiendes la primera parte cuando afirmó que ( d/dx +x y = 0), se traduce a dy/dx +xy = 0? Estoy un poco confundido con eso. Veo en la primera ecuación que se dio que dy/dx = f(x) = y. Por lo tanto, y debería ser igual a dy/dx, entonces, ¿no debería ser la ecuación (d/dx)(dy/dx) = -xy?",neutral,kien_thuc
14939,"@[USERNAME]hey, ¿entiendes la primera parte cuando afirmó que ( d/dx +x y = 0), se traduce a dy/dx +xy = 0? Estoy un poco confundido con eso. Veo en la primera ecuación que se dio que dy/dx = f(x) = y. Por lo tanto, y debería ser igual a dy/dx, entonces, ¿no debería ser la ecuación (d/dx)(dy/dx) = -xy?",neutral,kien_thuc
14940,"25:24 Para demostrar que AB y BA comparten los mismos valores propios, creo que aquí la prueba solo demuestra el caso cuando B es invertible. Por lo tanto, no se trata de una prueba general.",neutral,kien_thuc
14940,"25:24 Para demostrar que AB y BA comparten los mismos valores propios, creo que aquí la prueba solo demuestra el caso cuando B es invertible. Por lo tanto, no se trata de una prueba general.",neutral,kien_thuc
14940,"25:24 Para demostrar que AB y BA comparten los mismos valores propios, creo que aquí la prueba solo demuestra el caso cuando B es invertible. Por lo tanto, no se trata de una prueba general.",neutral,kien_thuc
14940,"25:24 Para demostrar que AB y BA comparten los mismos valores propios, creo que aquí la prueba solo demuestra el caso cuando B es invertible. Por lo tanto, no se trata de una prueba general.",neutral,kien_thuc
14941,¿Por qué u_0 se puede escribir como una combinación lineal del vector propio de A? 29:55,neutral,kien_thuc
14941,¿Por qué u_0 se puede escribir como una combinación lineal del vector propio de A? 29:55,neutral,kien_thuc
14942,"Estoy tomando clase de álgebra lineal en mi propia universidad. Es una de las 20 mejores universidades, pero el profesor ¡lo arruina todo por completo! ¡Ni siquiera hizo hincapié en el cierre de la combinación lineal cuando presentó el espacio vectorial! Pensé que el álgebra lineal era muy difícil, pero me di cuenta de que en realidad no lo es después de ver este video!",negative,ky_nang_giang_day
14942,"Estoy tomando clase de álgebra lineal en mi propia universidad. Es una de las 20 mejores universidades, pero el profesor ¡lo arruina todo por completo! ¡Ni siquiera hizo hincapié en el cierre de la combinación lineal cuando presentó el espacio vectorial! Pensé que el álgebra lineal era muy difícil, pero me di cuenta de que en realidad no lo es después de ver este video!",negative,chuong_trinh_hoc
14942,"Estoy tomando clase de álgebra lineal en mi propia universidad. Es una de las 20 mejores universidades, pero el profesor ¡lo arruina todo por completo! ¡Ni siquiera hizo hincapié en el cierre de la combinación lineal cuando presentó el espacio vectorial! Pensé que el álgebra lineal era muy difícil, pero me di cuenta de que en realidad no lo es después de ver este video!",positive,thiet_bi_day_hoc
14943,Obtuve 70 de 75 en mi examen final de álgebra lineal gracias MIT...,positive,chuong_trinh_hoc
14944,"Me encanta este tipo. Me perdí un poco en el tema Taylor, pero necesito revisarlo y estaba aquí principalmente por la parte de representación paramétrica.",positive,ky_nang_giang_day
14945,"No sé por qué, pero me siento un poco triste al saber que este (1er curso) terminó.",positive,chuong_trinh_hoc
14946,"@[USERNAME]Habla de ello en la lección 2, aunque no lo prueba.",positive,ky_nang_giang_day
14946,"@[USERNAME]Habla de ello en la lección 2, aunque no lo prueba.",neutral,kien_thuc
14947,MIT pizarrones tienden al infinito,positive,thiet_bi_day_hoc
14948,"Saludemos a este hombre, ha enseñado a más estudiantes álgebra lineal que nadie en la historia, ¡y es probable que continúe haciéndolo eternamente!",positive,ky_nang_giang_day
14948,"Saludemos a este hombre, ha enseñado a más estudiantes álgebra lineal que nadie en la historia, ¡y es probable que continúe haciéndolo eternamente!",positive,kien_thuc
14949,46:31 Utilice la (Fórmula del cofactor 1) del principio.,neutral,kien_thuc
14950,"@[USERNAME]El hecho de que A^T * A y A * A^T tengan los mismos valores propios distintos de cero me está asombrando. Supongo que esto está íntimamente relacionado con el hecho de que det(B = det(B^T),), ya que det es donde obtenemos los polinomios/valores propios característicos...",neutral,kien_thuc
14950,"@[USERNAME]El hecho de que A^T * A y A * A^T tengan los mismos valores propios distintos de cero me está asombrando. Supongo que esto está íntimamente relacionado con el hecho de que det(B = det(B^T),), ya que det es donde obtenemos los polinomios/valores propios característicos...",neutral,kien_thuc
14950,"@[USERNAME]El hecho de que A^T * A y A * A^T tengan los mismos valores propios distintos de cero me está asombrando. Supongo que esto está íntimamente relacionado con el hecho de que det(B = det(B^T),), ya que det es donde obtenemos los polinomios/valores propios característicos...",neutral,kien_thuc
14951,"Hoy terminé este curso, no soy un estudiante de ciencias, soy un estudiante de Ecología y recién comencé a aprender matemáticas para poder hacer una maestría más adelante y este es el primer curso que tomé y realmente me inspiró a aprender más matemáticas y nunca dejarlo. Álgebra lineal, esto no podría haber sido posible sin Prof. Stang y MIT OCW. Muchas gracias, las palabras no pueden expresar mi gratitud.",positive,ky_nang_giang_day
14951,"Hoy terminé este curso, no soy un estudiante de ciencias, soy un estudiante de Ecología y recién comencé a aprender matemáticas para poder hacer una maestría más adelante y este es el primer curso que tomé y realmente me inspiró a aprender más matemáticas y nunca dejarlo. Álgebra lineal, esto no podría haber sido posible sin Prof. Stang y MIT OCW. Muchas gracias, las palabras no pueden expresar mi gratitud.",positive,noi_chung
14951,"Hoy terminé este curso, no soy un estudiante de ciencias, soy un estudiante de Ecología y recién comencé a aprender matemáticas para poder hacer una maestría más adelante y este es el primer curso que tomé y realmente me inspiró a aprender más matemáticas y nunca dejarlo. Álgebra lineal, esto no podría haber sido posible sin Prof. Stang y MIT OCW. Muchas gracias, las palabras no pueden expresar mi gratitud.",positive,chuong_trinh_hoc
14951,"Hoy terminé este curso, no soy un estudiante de ciencias, soy un estudiante de Ecología y recién comencé a aprender matemáticas para poder hacer una maestría más adelante y este es el primer curso que tomé y realmente me inspiró a aprender más matemáticas y nunca dejarlo. Álgebra lineal, esto no podría haber sido posible sin Prof. Stang y MIT OCW. Muchas gracias, las palabras no pueden expresar mi gratitud.",positive,kien_thuc
14952,"En lugar de utilizar la fórmula del doble ángulo y expandir el cuadrado, podría haber utilizado exponenciales complejos para linealizar cos theta al cuarto, ¿verdad?",neutral,ky_nang_giang_day
14953,"Creo que el grad(f) a las 16:00 debería ser 0.5(S+S transposex-a), ¿verdad? De todos modos, ¡gracias por la increíble conferencia!",positive,chuong_trinh_hoc
14953,"Creo que el grad(f) a las 16:00 debería ser 0.5(S+S transposex-a), ¿verdad? De todos modos, ¡gracias por la increíble conferencia!",positive,ky_nang_giang_day
14953,"Creo que el grad(f) a las 16:00 debería ser 0.5(S+S transposex-a), ¿verdad? De todos modos, ¡gracias por la increíble conferencia!",neutral,kien_thuc
14953,"Creo que el grad(f) a las 16:00 debería ser 0.5(S+S transposex-a), ¿verdad? De todos modos, ¡gracias por la increíble conferencia!",neutral,kien_thuc
14954,Enamorado de esquema del curso,positive,chuong_trinh_hoc
14955,A las 28:10 ¿por qué estamos estancados usando (*) para encontrar y? Me parece que se puede resolver fácilmente.,negative,kien_thuc
14956,Gracias por esta (1ª conferencia): https://www.youtube.com/richcoast,positive,chuong_trinh_hoc
14957,"Cuando conecté los puntos en mi cabeza alrededor de los 15 minutos, cuando (el profesor 2) estaba hablando sobre por qué hacemos esta proyección, fue uno de los momentos más alucinantes en mi mente. Sentí que iba de arriba a abajo en el cerebro diminuto: el meme del cerebro galáctico en un lapso de un segundo. Increíble curso",positive,chuong_trinh_hoc
14957,"Cuando conecté los puntos en mi cabeza alrededor de los 15 minutos, cuando (el profesor 2) estaba hablando sobre por qué hacemos esta proyección, fue uno de los momentos más alucinantes en mi mente. Sentí que iba de arriba a abajo en el cerebro diminuto: el meme del cerebro galáctico en un lapso de un segundo. Increíble curso",positive,ky_nang_giang_day
14958,"Me preguntaba si un semicírculo es diferenciable en x=+1. Yo diría que no, ya que se convierte en menos infinito.",neutral,kien_thuc
14959,"Como soy un ávido fanático de Rick y Morty (CI 200), pensé en visitar videos de cálculo para ver si los profesores estaban haciendo un buen trabajo.",neutral,chuong_trinh_hoc
14959,"Como soy un ávido fanático de Rick y Morty (CI 200), pensé en visitar videos de cálculo para ver si los profesores estaban haciendo un buen trabajo.",neutral,ky_nang_giang_day
14960,Estoy confundido con z superior y z inferior ¿alguien me puede ayudar con esto?,neutral,kien_thuc
14960,Estoy confundido con z superior y z inferior ¿alguien me puede ayudar con esto?,neutral,kien_thuc
14961,El profesor está muy interesado en el tema y explica muy bien. Supongo que es alumno de Albert Einstein. Wallah profesor,positive,ky_nang_giang_day
14961,El profesor está muy interesado en el tema y explica muy bien. Supongo que es alumno de Albert Einstein. Wallah profesor,positive,noi_chung
14962,"¡Ojalá preguntas de probabilidad tuvieran la mitad de claridad en su información que la forma en que habla Profesor...! Como mencionó al final, es muy fácil confundirse al resolver las preguntas de probabilidad basadas en situaciones reales porque la información proporcionada puede fácilmente tener múltiples interpretaciones si no se mantiene la máxima claridad.",neutral,ky_nang_giang_day
14962,"¡Ojalá preguntas de probabilidad tuvieran la mitad de claridad en su información que la forma en que habla Profesor...! Como mencionó al final, es muy fácil confundirse al resolver las preguntas de probabilidad basadas en situaciones reales porque la información proporcionada puede fácilmente tener múltiples interpretaciones si no se mantiene la máxima claridad.",neutral,kien_thuc
14963,"Sabiendo que la clase  está vacía, 19:09 se vuelve increíblemente hilarante.",neutral,thiet_bi_day_hoc
14964,"Está bien, puede que sea una revisión de alguna manera, pero en mi universidad ¡todo esto son requisitos previos muy básicos antes de que te permitan ingresar al curso!",neutral,noi_chung
14964,"Está bien, puede que sea una revisión de alguna manera, pero en mi universidad ¡todo esto son requisitos previos muy básicos antes de que te permitan ingresar al curso!",neutral,kien_thuc
14965,"Genial video, finalmente lo entiendo! :) gracias, MIT!!!",positive,chuong_trinh_hoc
14966,La parte espacio vectorial sonaba como una introducción a álgebra abstracta. ¡Genial!,positive,kien_thuc
14966,La parte espacio vectorial sonaba como una introducción a álgebra abstracta. ¡Genial!,neutral,kien_thuc
14967,Me alegra ver que está bien. Mucho mejor que la calidad de 240p del original videos de álgebra lineal.,negative,chuong_trinh_hoc
14967,Me alegra ver que está bien. Mucho mejor que la calidad de 240p del original videos de álgebra lineal.,positive,chuong_trinh_hoc
14968,Este chico me enseñó más de lo que aprendí cuando estudié matemáticas durante cuatro años.,positive,ky_nang_giang_day
14969,"Alrededor de las 18:02, cuando prof strang muestra cuándo obtendríamos una matriz simétrica, multiplica R^t por R. ¿No escribió el orden al revés? ¿No sería R en R^t?",neutral,kien_thuc
14969,"Alrededor de las 18:02, cuando prof strang muestra cuándo obtendríamos una matriz simétrica, multiplica R^t por R. ¿No escribió el orden al revés? ¿No sería R en R^t?",positive,ky_nang_giang_day
14970,Es muy importante desarrollar una visión geométrica de álgebra lineal.,neutral,kien_thuc
14971,¿Por qué Idm no descarga esta conferencia y solo se pueden descargar algunas conferencias) de estas conferencias)?,neutral,thiet_bi_day_hoc
14972,En 6:07 escribe E2 es aproximadamente el cuadrado de E1. Pero ¿no debería ser E1 aproximadamente el cuadrado de E2?,neutral,kien_thuc
14972,En 6:07 escribe E2 es aproximadamente el cuadrado de E1. Pero ¿no debería ser E1 aproximadamente el cuadrado de E2?,neutral,kien_thuc
14973,Los estudiantes del MIT no han visto la ley de los cosenos... smh,neutral,kien_thuc
14974,"38:38 No entendí lo que quiso decir. Y es una variable aleatoria  que indica el tiempo que tenemos que esperar. Y en cuanto al tiempo, ¿no es continua? Entonces Y también debería ser una variable aleatoria continua. ¿Por qué mencionó PMF en lugar de PDF?",neutral,kien_thuc
14974,"38:38 No entendí lo que quiso decir. Y es una variable aleatoria  que indica el tiempo que tenemos que esperar. Y en cuanto al tiempo, ¿no es continua? Entonces Y también debería ser una variable aleatoria continua. ¿Por qué mencionó PMF en lugar de PDF?",neutral,kien_thuc
14974,"38:38 No entendí lo que quiso decir. Y es una variable aleatoria  que indica el tiempo que tenemos que esperar. Y en cuanto al tiempo, ¿no es continua? Entonces Y también debería ser una variable aleatoria continua. ¿Por qué mencionó PMF en lugar de PDF?",neutral,kien_thuc
14974,"38:38 No entendí lo que quiso decir. Y es una variable aleatoria  que indica el tiempo que tenemos que esperar. Y en cuanto al tiempo, ¿no es continua? Entonces Y también debería ser una variable aleatoria continua. ¿Por qué mencionó PMF en lugar de PDF?",neutral,ky_nang_giang_day
14974,"38:38 No entendí lo que quiso decir. Y es una variable aleatoria  que indica el tiempo que tenemos que esperar. Y en cuanto al tiempo, ¿no es continua? Entonces Y también debería ser una variable aleatoria continua. ¿Por qué mencionó PMF en lugar de PDF?",neutral,kien_thuc
14974,"38:38 No entendí lo que quiso decir. Y es una variable aleatoria  que indica el tiempo que tenemos que esperar. Y en cuanto al tiempo, ¿no es continua? Entonces Y también debería ser una variable aleatoria continua. ¿Por qué mencionó PMF en lugar de PDF?",neutral,kien_thuc
14974,"38:38 No entendí lo que quiso decir. Y es una variable aleatoria  que indica el tiempo que tenemos que esperar. Y en cuanto al tiempo, ¿no es continua? Entonces Y también debería ser una variable aleatoria continua. ¿Por qué mencionó PMF en lugar de PDF?",neutral,kien_thuc
14975,"¡Vaya! Prof. Tsitsiklis ¡es bueno! Me recuerda a Gilbert Strang y Walter Lewin. Probablemente todos los profesores del MIT sean buenos, ¿no?",positive,ky_nang_giang_day
14975,"¡Vaya! Prof. Tsitsiklis ¡es bueno! Me recuerda a Gilbert Strang y Walter Lewin. Probablemente todos los profesores del MIT sean buenos, ¿no?",positive,ky_nang_giang_day
14976,No entiendo por qué suma de valores esperados da la media. ¿Podrían ayudarme? Gracias de antemano.,neutral,kien_thuc
14977,¿Alguien me puede ayudar a entender lo que pasa en el minuto 12:30? No puedo entender lo que hizo allí.,neutral,ky_nang_giang_day
14978,"Oh Dios, prof. strang es tan gracioso. Está actuando con naturalidad. Me gusta mucho.",positive,ky_nang_giang_day
14979,"Señor, su estilo de explicar es excepcional... Gracias a NULL por hacer este noble trabajo que beneficia a cientos de miles de estudiantes en el mundo... ¡siga con el gran trabajo!",positive,ky_nang_giang_day
14979,"Señor, su estilo de explicar es excepcional... Gracias a NULL por hacer este noble trabajo que beneficia a cientos de miles de estudiantes en el mundo... ¡siga con el gran trabajo!",positive,noi_chung
14980,"Gracias Dr. Strang, he estado aquí desde la lección 1 hasta la 34. Increíble curso",positive,ky_nang_giang_day
14980,"Gracias Dr. Strang, he estado aquí desde la lección 1 hasta la 34. Increíble curso",positive,chuong_trinh_hoc
14981,Gracias profe Tengo un examen mañana por la mañana.,positive,ky_nang_giang_day
14982,Tuve la suerte de ver la prof. Gilbert Strang conferencia. Estoy muy agradecido contigo.,positive,chuong_trinh_hoc
14982,Tuve la suerte de ver la prof. Gilbert Strang conferencia. Estoy muy agradecido contigo.,positive,ky_nang_giang_day
14983,"Muy bien. Gracias. Pero en el primer ejemplo en el minuto 29:30, ¿por qué vas (-1) en la dirección ""X""? Creo que es (+1), por lo que el vector será < 1, 1, 0 >.",negative,kien_thuc
14983,"Muy bien. Gracias. Pero en el primer ejemplo en el minuto 29:30, ¿por qué vas (-1) en la dirección ""X""? Creo que es (+1), por lo que el vector será < 1, 1, 0 >.",positive,ky_nang_giang_day
14984,"Colombia explotó porque un soldador aflojó el tornillo de una junta tórica. Idiota, no arruines los hechos. Colombia explotó por culpa de Power Point. Vaya, eres inteligente.",negative,ky_nang_giang_day
14985,Muy bueno contenido para entender inferencia bayesiana. Gracias prof.,positive,ky_nang_giang_day
14985,Muy bueno contenido para entender inferencia bayesiana. Gracias prof.,positive,chuong_trinh_hoc
14985,Muy bueno contenido para entender inferencia bayesiana. Gracias prof.,neutral,kien_thuc
14986,¿Por qué una matriz 4x4 tiene 24 matrices de permutación mientras que una matriz 3x3 tiene 6? No entiendo cómo lo calcularon tan rápido.,neutral,kien_thuc
14986,¿Por qué una matriz 4x4 tiene 24 matrices de permutación mientras que una matriz 3x3 tiene 6? No entiendo cómo lo calcularon tan rápido.,neutral,kien_thuc
14987,Mi conferencia es tan inteligente que nos enseñó a todos estos 35 conferencias) en una conferencia) ¿soy el único que sabe tanto?,negative,ky_nang_giang_day
14987,Mi conferencia es tan inteligente que nos enseñó a todos estos 35 conferencias) en una conferencia) ¿soy el único que sabe tanto?,neutral,chuong_trinh_hoc
14988,"Mi profesor no es malo, pero no se compara con este profesor. Cero confusión.",neutral,ky_nang_giang_day
14989,"Jajaja, esos comentarios molestos generados por computadora están por todos lados en los videos del MIT  que he estado viendo. ¿Alguna teoría sobre su existencia?",negative,thiet_bi_day_hoc
14989,"Jajaja, esos comentarios molestos generados por computadora están por todos lados en los videos del MIT  que he estado viendo. ¿Alguna teoría sobre su existencia?",negative,noi_chung
14990,"Supongo que no entiendo cómo el último conjunto de vectores crea un subespacio/plano. Dado que x, y y z se utilizan en ambos vectores, ¿no sería el subespacio esencialmente todo R3 con combinaciones lineales que podrían extenderse a través de ese plano infinitamente debido a z?",neutral,kien_thuc
14991,"Claro, conciso, coherente, así que a quién no le gustó esto.",positive,chuong_trinh_hoc
14992,¡Mierda! Esto es bueno conferencia,positive,chuong_trinh_hoc
14993,16:20 ¿pequeño análisis de señal? jajaja,neutral,kien_thuc
14994,"¡¡¡Gracias Sr. Strang por su conferencia!!! ¡¡¡Todavía no entiendo el hecho de que con 2 millones de suscriptores, solo 4000 siguen su conferencia!!! ¡¡¡Su cadena es una de las mejores que encontré sobre ciencia básica, felicitaciones!!!",positive,ky_nang_giang_day
14994,"¡¡¡Gracias Sr. Strang por su conferencia!!! ¡¡¡Todavía no entiendo el hecho de que con 2 millones de suscriptores, solo 4000 siguen su conferencia!!! ¡¡¡Su cadena es una de las mejores que encontré sobre ciencia básica, felicitaciones!!!",positive,chuong_trinh_hoc
14995,"Si eres una persona común y corriente como yo, que no tiene nada que ver con la información dada en este video, como yo (soy chef en un restaurante), piensas: ¿DE QUÉ WTF ESTÁ HABLANDO ÉL? Y vi esto 10 malditos minutos...",negative,ky_nang_giang_day
14996,Su libro también parece muy bueno.,positive,thiet_bi_day_hoc
14997,"""No hablen todos a la vez"" ¿Está bromeando o intentando ocultar el hecho de que la clase está vacía? Aún no estoy seguro :)",negative,ky_nang_giang_day
14998,¡Guau! La forma en la que enseña es increíble... Muchas gracias.,positive,ky_nang_giang_day
14999,Bonito corte de pelo ;) ¡Y genial conferencia por supuesto!,positive,noi_chung
14999,Bonito corte de pelo ;) ¡Y genial conferencia por supuesto!,positive,chuong_trinh_hoc
15000,"Acabo de terminar todo el curso Cálculo de una variable. Gracias MIT OCW por hacer esto posible. Brasil, 2015.",positive,noi_chung
15000,"Acabo de terminar todo el curso Cálculo de una variable. Gracias MIT OCW por hacer esto posible. Brasil, 2015.",neutral,chuong_trinh_hoc
15001,"¡Este profesor no es muy bueno ni siquiera para la escuela secundaria! Su demostración es muy pobre, no puedo entender cómo es posible que sea MIT profesor ???!!! ¡Su demostración geométrica y explicación son realmente malas!",negative,ky_nang_giang_day
15001,"¡Este profesor no es muy bueno ni siquiera para la escuela secundaria! Su demostración es muy pobre, no puedo entender cómo es posible que sea MIT profesor ???!!! ¡Su demostración geométrica y explicación son realmente malas!",negative,thiet_bi_day_hoc
15001,"¡Este profesor no es muy bueno ni siquiera para la escuela secundaria! Su demostración es muy pobre, no puedo entender cómo es posible que sea MIT profesor ???!!! ¡Su demostración geométrica y explicación son realmente malas!",negative,thiet_bi_day_hoc
15001,"¡Este profesor no es muy bueno ni siquiera para la escuela secundaria! Su demostración es muy pobre, no puedo entender cómo es posible que sea MIT profesor ???!!! ¡Su demostración geométrica y explicación son realmente malas!",negative,chuong_trinh_hoc
15002,¿Alguien sabe cómo calcular la probabilidad de que x sea mayor o igual a 1/2?,neutral,kien_thuc
15003,Me alegro de ver a esta persona con vida en 2019. Que Dios le dé una larga vida.,positive,ky_nang_giang_day
15004,"Estoy muy contento de que haya cursos excelentes y gratuitos. Los jóvenes deberían valorar el hecho de tener Internet y poder aprender de materiales de otras universidades, especialmente de otros países y de otras partes del mundo.",positive,chuong_trinh_hoc
15005,Sobre cómo averiguar volumen del tetraedro usando la integral triple. ¿Cuál es el procedimiento para los límites?,neutral,kien_thuc
15175,Hvala vam puno prof. Gilbert,positive,ky_nang_giang_day
15215,Muito obrigado Prof. Gilbert,positive,ky_nang_giang_day
15228,33:31 Minnie Mouse aprende Cálculo 2. Ótimo palestra!,positive,chuong_trinh_hoc
15344,"Legal corte de cabelo ;) E ótimo palestra, claro!",positive,noi_chung
15344,"Legal corte de cabelo ;) E ótimo palestra, claro!",positive,chuong_trinh_hoc
15352,bolo to fakt vtipne ked videl svoju chybu :D:D,neutral,ky_nang_giang_day
15358,Asante sana Prof. Gilbert,positive,ky_nang_giang_day
15361,je bwana Gilbert strang bado yuko hai??,neutral,ky_nang_giang_day
15709,Fantastisk!,positive,noi_chung
16848,"Sí, una gran parte de la codificación es aprender nuevas herramientas en el momento, pero sería fantástico entender las teorías fundamentales detrás de cómo funcionan algunas de estas bibliotecas y conceptos al menos una vez antes de sumergirse en esa realidad.",negative,cung_cap_tai_lieu
16848,"Sí, una gran parte de la codificación es aprender nuevas herramientas en el momento, pero sería fantástico entender las teorías fundamentales detrás de cómo funcionan algunas de estas bibliotecas y conceptos al menos una vez antes de sumergirse en esa realidad.",negative,chuong_trinh_hoc
16849,"¡Muchas gracias, Dr. Chuck y el equipo!",positive,ky_nang_giang_day
16850,"Sería fantástico si pudieras empaquetar todas las herramientas necesarias para un curso determinado en una imagen de máquina virtual predefinida, lista para ser descargada desde el curso.",negative,noi_chung
16851,Lo único negativo que puedo decir es que espero que puedan actualizar el tiempo que tarda en calificar tareas en el servidor.,negative,ham_diem
16852,Quizás es un poco corto.,negative,chuong_trinh_hoc
16853,Las tareas son desafiantes e interesantes.,positive,bai_tap
16853,Las tareas son desafiantes e interesantes.,positive,bai_tap
16855,Es realmente bueno descripción general sobre la producción y gestión de productos lácteos.,positive,noi_chung
16856,"La minuciosa atención a los detalles, la intuición acerca de los obstáculos particulares para los nuevos estudiantes (y también para los más competentes, de hecho) y, por supuesto, el humor autocrítico contribuyen a hacer de este curso curso bastante avanzado, ¡un curso muy divertido!",positive,noi_chung
16856,"La minuciosa atención a los detalles, la intuición acerca de los obstáculos particulares para los nuevos estudiantes (y también para los más competentes, de hecho) y, por supuesto, el humor autocrítico contribuyen a hacer de este curso curso bastante avanzado, ¡un curso muy divertido!",positive,chuong_trinh_hoc
16856,"La minuciosa atención a los detalles, la intuición acerca de los obstáculos particulares para los nuevos estudiantes (y también para los más competentes, de hecho) y, por supuesto, el humor autocrítico contribuyen a hacer de este curso curso bastante avanzado, ¡un curso muy divertido!",positive,chuong_trinh_hoc
16856,"La minuciosa atención a los detalles, la intuición acerca de los obstáculos particulares para los nuevos estudiantes (y también para los más competentes, de hecho) y, por supuesto, el humor autocrítico contribuyen a hacer de este curso curso bastante avanzado, ¡un curso muy divertido!",positive,noi_chung
16857,Podría disfrutar más de toda la experiencia (curso 1) si el diseño no fuera tan técnico.,neutral,noi_chung
16858,Ahora siento que tengo una buena idea de lo que es la ingeniería de software.,positive,noi_chung
16859,"Lo cual no me molesta, sin embargo, algunos de los comentarios no eran relevantes, por lo que fue un poco extraño.",negative,ky_nang_giang_day
16860,Muy claro conferencias.,positive,ky_nang_giang_day
16861,Aprendí muchísimo y comprendí y retuve más sólo gracias a su estilo y métodos de enseñanza.,positive,noi_chung
16861,Aprendí muchísimo y comprendí y retuve más sólo gracias a su estilo y métodos de enseñanza.,positive,ky_nang_giang_day
16862,La base de datos Oracle en Virtual Box y la integración de datos de Pentaho fueron una pesadilla.,negative,cung_cap_tai_lieu
16863,Ejercicios y tutoriales son muy útiles para complementar conferencias y ayudar a aumentar nuestras habilidades en el dominio.,positive,bai_tap
16863,Ejercicios y tutoriales son muy útiles para complementar conferencias y ayudar a aumentar nuestras habilidades en el dominio.,positive,ky_nang_giang_day
16863,Ejercicios y tutoriales son muy útiles para complementar conferencias y ayudar a aumentar nuestras habilidades en el dominio.,positive,ky_nang_giang_day
16864,El curso  es difícil y requiere conocimientos previos de R.,negative,noi_chung
16865,Desearía que hubiera un programa completo al que pudiéramos acceder al comienzo del curso para prepararnos para la tarea.,negative,cung_cap_tai_lieu
16866,Me encantó la sencillez del curso .,positive,noi_chung
16867,"Además, como los estudiantes comienzan a tener que leer varios documentos , etc., las expectativas de tiempo por semana deberían aumentarse.",negative,cung_cap_tai_lieu
16867,"Además, como los estudiantes comienzan a tener que leer varios documentos , etc., las expectativas de tiempo por semana deberían aumentarse.",negative,chuong_trinh_hoc
16868,"Una vez más, Prof. Chaikin ha acertado en el diseño (¡muy práctico!) de las lecciones y en la presentación del contenido.",positive,ky_nang_giang_day
16869,El aprendizaje se explica en términos simples y los consejos y las mejores prácticas realmente quedan grabados en la memoria.,positive,cung_cap_tai_lieu
16869,El aprendizaje se explica en términos simples y los consejos y las mejores prácticas realmente quedan grabados en la memoria.,positive,cung_cap_tai_lieu
16870,Realmente lo disfruté.,positive,noi_chung
16871,El instructor es obviamente experto en el tema así como en la enseñanza y la información se transmite con mucha claridad.,positive,ky_nang_giang_day
16871,El instructor es obviamente experto en el tema así como en la enseñanza y la información se transmite con mucha claridad.,positive,ky_nang_giang_day
16872,Poco o ningún apoyo.,negative,noi_chung
16873,Te da la sensación de estar en una clase real.,positive,noi_chung
16874,Aclaró muchas de las cosas que antes estaban borrosas.,positive,chuong_trinh_hoc
16875,El verdadero inconveniente de este curso es que el foro no funciona.,negative,cung_cap_tai_lieu
16875,El verdadero inconveniente de este curso es que el foro no funciona.,negative,noi_chung
16876,Agradezco mucho tener la oportunidad de tomar este curso .,positive,noi_chung
16877,"Sin embargo, la razón por la que solo he calificado con 3 estrellas es que lo único útil que aprendes en este (curso 1) es el marco de pensamiento de diseño.",negative,chuong_trinh_hoc
16879,"Fue un buen curso, sin embargo, parece que la grabación era del curso anterior.",positive,noi_chung
16879,"Fue un buen curso, sin embargo, parece que la grabación era del curso anterior.",negative,ky_nang_giang_day
16880,Nunca lo he usado antes y no entiendo por qué debería dejar mis datos personales en algún lugar si no planeo utilizar este servicio en el futuro.,negative,noi_chung
16881,Es fantástico ser parte de un curso  que tiene tantas personas apasionadas y dedicadas a la salud del planeta.,positive,noi_chung
16882,Realmente ha adoptado un enfoque fantástico al presentar este curso.,positive,ky_nang_giang_day
16883,Este curso  combina perfectamente los conocimientos que adquirí.,positive,noi_chung
16884,"Sin embargo, aprecio el desafío y la seriedad del tema.",positive,chuong_trinh_hoc
16885,"Podría ser útil para algunos (especialmente para aquellos en B2C o dispuestos a jugar con la tecnología), pero para mí fue una pérdida de tiempo.",negative,noi_chung
16886,"Hubo un poco de ayuda en las tareas de programación, pero eso puede deberse a los antecedentes antes mencionados que el estudiante presentó.",neutral,bai_tap
16887,Pienso que sería mejor si estos vídeos estuvieran dispersos en el resto de la especialización.,neutral,ky_nang_giang_day
16888,Los conceptos y técnicas que he aprendido hasta ahora me han ayudado a mejorar mucho en mi vida universitaria como estudiante y en mi trabajo como profesor de inglés.,positive,noi_chung
16889,Desafiante Tareas.,positive,bai_tap
16890,"Emocionante, revelador y",positive,noi_chung
16890,"Emocionante, revelador y",positive,chuong_trinh_hoc
16891,"La introducción es mucho más de lo que es este curso, en mi respetuosa opinión.",negative,cung_cap_tai_lieu
16892,Este curso  me ha dado todo lo que necesito para profundizar más y hacer los experimentos.,positive,noi_chung
16893,Conceptos bien enseñados.,positive,ky_nang_giang_day
16894,"Además, creo que sentirse abrumado podría causar que muchos estudiantes simplemente abandonen el curso antes de comprender realmente cómo los recursos disponibles (documentación, etc.) podrían ayudarlos.",negative,cung_cap_tai_lieu
16895,"Cambió mi manera de pensar sobre varias cosas, que es lo que creo que debería ser la educación.",positive,noi_chung
16896,Desafiando con la gamificación.,positive,chuong_trinh_hoc
16897,Excelente tutores y material.,positive,ky_nang_giang_day
16897,Excelente tutores y material.,positive,cung_cap_tai_lieu
16898,No se puede superar eso.,positive,noi_chung
16899,Bien pasado y lleno de información.,positive,chuong_trinh_hoc
16899,Bien pasado y lleno de información.,positive,chuong_trinh_hoc
16900,Jeff dice al principio que esto es sólo una descripción general y señala otros recursos.,positive,noi_chung
16901,"Lexalytics no está disponible para Mac, por lo que ni siquiera pude usarlo.",negative,noi_chung
16902,Este curso  está muy bien estructurado y muy bien presentado.,positive,chuong_trinh_hoc
16902,Este curso  está muy bien estructurado y muy bien presentado.,positive,chuong_trinh_hoc
16903,El diseño del curso  está bien pensado y bien llevado a cabo.,positive,chuong_trinh_hoc
16903,El diseño del curso  está bien pensado y bien llevado a cabo.,positive,chuong_trinh_hoc
16904,"Por lo tanto, la ayuda del Foro es una necesidad real para que este curso funcione sin problemas.",negative,cung_cap_tai_lieu
16905,"Veo valor en incluir este material en la especialización, pero no como un curso completo.",negative,noi_chung
16906,Se volvió un poco confuso y abrumador.,negative,cung_cap_tai_lieu
16906,Se volvió un poco confuso y abrumador.,negative,cung_cap_tai_lieu
16907,Creo que aprendí mucho de este curso y espero con ansias la especialización curso.,positive,noi_chung
16908,"Este (curso 4) podría haber sido mejor con la inclusión de más ejemplos, el (profesor 2) es muy monótono y lamentablemente no veo un foro de discusión para este (curso 4), además de eso, cada vez que intentaba responder a los comentarios, el botón de respuesta se volvía gris y no pasaba nada.",negative,noi_chung
16908,"Este (curso 4) podría haber sido mejor con la inclusión de más ejemplos, el (profesor 2) es muy monótono y lamentablemente no veo un foro de discusión para este (curso 4), además de eso, cada vez que intentaba responder a los comentarios, el botón de respuesta se volvía gris y no pasaba nada.",negative,ky_nang_giang_day
16908,"Este (curso 4) podría haber sido mejor con la inclusión de más ejemplos, el (profesor 2) es muy monótono y lamentablemente no veo un foro de discusión para este (curso 4), además de eso, cada vez que intentaba responder a los comentarios, el botón de respuesta se volvía gris y no pasaba nada.",negative,cung_cap_tai_lieu
16908,"Este (curso 4) podría haber sido mejor con la inclusión de más ejemplos, el (profesor 2) es muy monótono y lamentablemente no veo un foro de discusión para este (curso 4), además de eso, cada vez que intentaba responder a los comentarios, el botón de respuesta se volvía gris y no pasaba nada.",negative,noi_chung
16909,El poder de MATLAB está bien presentado en estas clases.,positive,cung_cap_tai_lieu
16910,La última semana del curso  también presenta un marco interesante y aparentemente efectivo para el pensamiento de diseño.,positive,noi_chung
16911,Me lo pasé genial haciendo esto (curso 1).,positive,noi_chung
16912,"Gracias Profesor, y gracias Coursera.",positive,noi_chung
16913,Tienes que ser objetivo .,negative,chuong_trinh_hoc
16914,Inspira a los docentes sobre cómo enseñar y practicar el carácter que puede influenciar a los estudiantes a practicar lo mismo dondequiera que estén.,positive,noi_chung
16915,Este es un curso maravilloso (de 2 horas) y definitivamente lo recomendaría a otros.,positive,de_xuat
16915,Este es un curso maravilloso (de 2 horas) y definitivamente lo recomendaría a otros.,positive,de_xuat
16916,Asombroso !,positive,noi_chung
16917,Andrew Ng es un gran maestro.,positive,ky_nang_giang_day
16918,"Sin embargo, este programa de cursos es más bien un logro insignificante, un enfoque insignificante.",negative,chuong_trinh_hoc
16919,Creo que utilizaré los conocimientos que adquirí en el curso  en mis trabajos futuros.,positive,noi_chung
16920,Las tareas semanales  fueron desafiantes y muy divertidas.,positive,bai_tap
16921,El material cubierto en este curso es adecuado y muy esclarecedor.,positive,cung_cap_tai_lieu
16921,El material cubierto en este curso es adecuado y muy esclarecedor.,positive,cung_cap_tai_lieu
16922,"He hecho todo el curso de Python de Codecademy curso, que estaba muy centrado en el aspecto práctico, y es genial hacer ahora este curso para entender la teoría que hay detrás y lo que estaba haciendo realmente.",positive,noi_chung
16923,"El Dr. Chuck también ha compartido algunos datos interesantes (entrevistas) a lo largo del curso, que me parecieron bastante informativos.",positive,ky_nang_giang_day
16923,"El Dr. Chuck también ha compartido algunos datos interesantes (entrevistas) a lo largo del curso, que me parecieron bastante informativos.",positive,chuong_trinh_hoc
16924,"Me gustaría calificar este fabuloso curso como excelente bajo Dra. Emma Jakoi y Dra. Jennifer Carbrey, instructores brillantes. Muchas gracias por todas las amables explicaciones dadas a mis preguntas y buenos cuestionarios en video, agradables conjuntos de problemas y estimulantes para la mente exámenes.",positive,noi_chung
16924,"Me gustaría calificar este fabuloso curso como excelente bajo Dra. Emma Jakoi y Dra. Jennifer Carbrey, instructores brillantes. Muchas gracias por todas las amables explicaciones dadas a mis preguntas y buenos cuestionarios en video, agradables conjuntos de problemas y estimulantes para la mente exámenes.",positive,noi_chung
16924,"Me gustaría calificar este fabuloso curso como excelente bajo Dra. Emma Jakoi y Dra. Jennifer Carbrey, instructores brillantes. Muchas gracias por todas las amables explicaciones dadas a mis preguntas y buenos cuestionarios en video, agradables conjuntos de problemas y estimulantes para la mente exámenes.",positive,ky_nang_giang_day
16924,"Me gustaría calificar este fabuloso curso como excelente bajo Dra. Emma Jakoi y Dra. Jennifer Carbrey, instructores brillantes. Muchas gracias por todas las amables explicaciones dadas a mis preguntas y buenos cuestionarios en video, agradables conjuntos de problemas y estimulantes para la mente exámenes.",positive,ky_nang_giang_day
16924,"Me gustaría calificar este fabuloso curso como excelente bajo Dra. Emma Jakoi y Dra. Jennifer Carbrey, instructores brillantes. Muchas gracias por todas las amables explicaciones dadas a mis preguntas y buenos cuestionarios en video, agradables conjuntos de problemas y estimulantes para la mente exámenes.",positive,bai_tap
16924,"Me gustaría calificar este fabuloso curso como excelente bajo Dra. Emma Jakoi y Dra. Jennifer Carbrey, instructores brillantes. Muchas gracias por todas las amables explicaciones dadas a mis preguntas y buenos cuestionarios en video, agradables conjuntos de problemas y estimulantes para la mente exámenes.",positive,bai_tap
16924,"Me gustaría calificar este fabuloso curso como excelente bajo Dra. Emma Jakoi y Dra. Jennifer Carbrey, instructores brillantes. Muchas gracias por todas las amables explicaciones dadas a mis preguntas y buenos cuestionarios en video, agradables conjuntos de problemas y estimulantes para la mente exámenes.",positive,bai_tap
16924,"Me gustaría calificar este fabuloso curso como excelente bajo Dra. Emma Jakoi y Dra. Jennifer Carbrey, instructores brillantes. Muchas gracias por todas las amables explicaciones dadas a mis preguntas y buenos cuestionarios en video, agradables conjuntos de problemas y estimulantes para la mente exámenes.",positive,hanh_vi
16925,Me gusta el contenido del curso.,positive,cung_cap_tai_lieu
16926,"Por otra parte, las preguntas  se parecen a problemas de bioinformática del mundo real.",positive,bai_tap
16927,Aborda el tema con una vitalidad y un espíritu que captan la atención.,positive,ky_nang_giang_day
16928,Muy informativo .,positive,chuong_trinh_hoc
16929,Comenzaré diciendo que este (1er curso) ofrece una buena visión de una amplia variedad de aplicaciones de la impresión 3D.,positive,chuong_trinh_hoc
16930,Margaret Meloni hizo este curso tan colorido con su voz melódica y buenas explicaciones.,positive,ky_nang_giang_day
16930,Margaret Meloni hizo este curso tan colorido con su voz melódica y buenas explicaciones.,positive,ky_nang_giang_day
16931,El curso  fue genial.,positive,noi_chung
16932,Creo que fue un error del calificador.,negative,ham_diem
16933,Realmente aprecio tu ayuda.,positive,ky_nang_giang_day
16934,Excelente curso (1 curso) para aprender los conceptos básicos de Python.,positive,noi_chung
16935,El curso  comienza en un nivel muy básico y avanza a un ritmo con el que uno se sienta perfectamente cómodo.,positive,noi_chung
16935,El curso  comienza en un nivel muy básico y avanza a un ritmo con el que uno se sienta perfectamente cómodo.,positive,chuong_trinh_hoc
16936,"El tiempo para realizar los ""quizes"" no es largo.",neutral,bai_tap
16937,"Se podría haber hecho mucho mejor, especialmente las conferencias.",positive,noi_chung
16938,Es un muy buen punto de partida para cualquier persona interesada en FSI.,positive,noi_chung
16939,"Yo recomendaría que estuviera más orientado a los datos, como esos estudios de caso con ejemplos específicos, para que converja naturalmente en la creación de un estudio de caso para una ciudad al final del curso como proyecto final en lugar de un estudio opcional.",negative,de_xuat
16940,¡Muchas gracias por un fantástico curso !,positive,noi_chung
16941,"Además, se sugiere reducir las discusiones centradas en los desafíos (el curso  ha tomado demasiado tiempo) y más hacia los diferentes servicios nuevos adoptados por diferentes ciudades para capturar beneficios/impacto en el PIB de la ciudad.",negative,chuong_trinh_hoc
16942,Soy un ingeniero mecánico de habla hispana con solo un pasatiempo de programación y pude terminar con una calificación de 99%.,positive,noi_chung
16943,"Excelente curso, el profesor hizo un muy buen trabajo explicando un tema muy difícil a un grupo de estudiantes con antecedentes significativamente diferentes.",positive,noi_chung
16943,"Excelente curso, el profesor hizo un muy buen trabajo explicando un tema muy difícil a un grupo de estudiantes con antecedentes significativamente diferentes.",positive,ky_nang_giang_day
16944,Además aprenderás y practicarás con librerías que te pueden hacer la vida más sencilla : ),positive,noi_chung
16945,Increíblemente interesante y esclarecedor recursos también.,positive,cung_cap_tai_lieu
16945,Increíblemente interesante y esclarecedor recursos también.,positive,cung_cap_tai_lieu
16946,"Increíble tarea de la que aprendí mucho y me encantó la estructura, el sentimiento y el profesor.",positive,bai_tap
16946,"Increíble tarea de la que aprendí mucho y me encantó la estructura, el sentimiento y el profesor.",positive,noi_chung
16948,Este curso  es muy útil para brindar ideas sobre cómo hacerlo mejor.,positive,noi_chung
16949,"Me gustó especialmente la parte de Seguridad, que trato tangencialmente en el trabajo y nunca pude comprender bien los conceptos, pero ahora sí.",positive,noi_chung
16949,"Me gustó especialmente la parte de Seguridad, que trato tangencialmente en el trabajo y nunca pude comprender bien los conceptos, pero ahora sí.",positive,chuong_trinh_hoc
16950,"En mi opinión, este (curso 1) debería ser un punto de partida para cualquier persona que quiera aprender aprendizaje automático.",positive,noi_chung
16951,"El taller  revitalizó mis habilidades poéticas, que estaban más que un poco oxidadas antes de tomar la clase.",positive,noi_chung
16952,No aburre con demasiados detalles.,positive,chuong_trinh_hoc
16952,No aburre con demasiados detalles.,positive,ky_nang_giang_day
16953,Esa sola semana de curso puede literalmente ayudar a muchas empresas / ONG.,positive,noi_chung
16954,Me gustaron los ejercicios.,positive,bai_tap
16955,Muchas gracias por este curso.,positive,noi_chung
16956,Este curso  proporciona todos los fundamentos necesarios con un poco de matemáticas que da una idea intuitiva de los algoritmos.,positive,chuong_trinh_hoc
16956,Este curso  proporciona todos los fundamentos necesarios con un poco de matemáticas que da una idea intuitiva de los algoritmos.,positive,chuong_trinh_hoc
16957,El profesor Douglas Kearney es un instructor excelente y entretenido con mucha sabiduría para impartir.,positive,ky_nang_giang_day
16957,El profesor Douglas Kearney es un instructor excelente y entretenido con mucha sabiduría para impartir.,positive,ky_nang_giang_day
16957,El profesor Douglas Kearney es un instructor excelente y entretenido con mucha sabiduría para impartir.,positive,ky_nang_giang_day
16958,El Sr. Bloom ¡es un gran profesor!,positive,ky_nang_giang_day
16959,¡Absolutamente brillante!,positive,noi_chung
16960,He cumplido parte de mis objetivos al tomar este programa.,positive,noi_chung
16961,Un curso muy refrescante curso que se centra en el crecimiento del carácter de los estudiantes.,positive,noi_chung
16962,Con mucho gusto recomendaría este curso .,positive,de_xuat
16963,Los cuestionarios fueron fáciles de resolver una vez que te tomaste el tiempo de ver todos los videos relacionados.,positive,bai_tap
16963,Los cuestionarios fueron fáciles de resolver una vez que te tomaste el tiempo de ver todos los videos relacionados.,positive,ky_nang_giang_day
16964,Es muy difícil aprender técnicas de procesamiento del lenguaje natural si nunca has tomado ninguna clase al respecto.,negative,chuong_trinh_hoc
16965,Las ilustraciones son una delicia!,positive,ky_nang_giang_day
16966,Pero prepárate: es mucho material.,negative,cung_cap_tai_lieu
16968,"Excelente (curso de 1 hora), especialmente si quieres empezar desde cero.",positive,noi_chung
16969,Su entusiasmo es algo que debería ayudarle a seguir adelante con el curso.,positive,ky_nang_giang_day
16970,¡Contabilidad Gerencial (semana 4) transforma mi mentalidad!,positive,noi_chung
16971,Muy decepcionado con este curso final.,negative,noi_chung
16972,Se introdujeron muchos conceptos bibliotecas y conceptos nuevos en los dos últimos capítulos.,negative,cung_cap_tai_lieu
16972,Se introdujeron muchos conceptos bibliotecas y conceptos nuevos en los dos últimos capítulos.,positive,cung_cap_tai_lieu
16972,Se introdujeron muchos conceptos bibliotecas y conceptos nuevos en los dos últimos capítulos.,positive,cung_cap_tai_lieu
16972,Se introdujeron muchos conceptos bibliotecas y conceptos nuevos en los dos últimos capítulos.,negative,cung_cap_tai_lieu
16973,La cantidad de trabajo y tiempo invertido en crear este curso completo y diverso (de 3 horas) es extremadamente impresionante.,positive,chuong_trinh_hoc
16973,La cantidad de trabajo y tiempo invertido en crear este curso completo y diverso (de 3 horas) es extremadamente impresionante.,positive,chuong_trinh_hoc
16973,La cantidad de trabajo y tiempo invertido en crear este curso completo y diverso (de 3 horas) es extremadamente impresionante.,positive,chuong_trinh_hoc
16974,¡Gracias Relay / GSE y Coursera!,positive,ky_nang_giang_day
16975,"Y sí, como cualquier buen profesor, Yakov siente la necesidad de ahondar en sutilezas teóricas en las que la mayoría no entraría.",positive,ky_nang_giang_day
16976,La clase  estuvo bien organizada y fue fácil de entender.,positive,chuong_trinh_hoc
16976,La clase  estuvo bien organizada y fue fácil de entender.,positive,chuong_trinh_hoc
16977,Este es simplemente un gran curso curso.,positive,noi_chung
16978,"Aborda un área de investigación bastante compleja, pero ha transmitido magistralmente las habilidades y métodos esenciales a un ritmo un poco desafiante, pero no hasta el punto de resultar intimidante.",positive,cung_cap_tai_lieu
16978,"Aborda un área de investigación bastante compleja, pero ha transmitido magistralmente las habilidades y métodos esenciales a un ritmo un poco desafiante, pero no hasta el punto de resultar intimidante.",positive,chuong_trinh_hoc
16978,"Aborda un área de investigación bastante compleja, pero ha transmitido magistralmente las habilidades y métodos esenciales a un ritmo un poco desafiante, pero no hasta el punto de resultar intimidante.",neutral,chuong_trinh_hoc
16979,"El curso  definitivamente ha logrado lo que enseña, que es asegurarse de que recuerdes el material poniéndote a prueba y utilizando la repetición espaciada.",positive,noi_chung
16980,Estoy seguro de que mis habilidades de programación han llegado a un nivel superior y lo he estado recomendando a todos mis amigos y colegas.,positive,de_xuat
16980,Estoy seguro de que mis habilidades de programación han llegado a un nivel superior y lo he estado recomendando a todos mis amigos y colegas.,positive,de_xuat
16981,¡Gracias por el increíble contenido!,positive,cung_cap_tai_lieu
16982,Me referiré a los materiales una y otra vez.,positive,cung_cap_tai_lieu
16983,¡¡¡Al grano y muy útil!!!,positive,noi_chung
16984,"Me encantan los profesores, pero desafortunadamente, no siento mucha conexión conmigo (realmente no veo tanta importancia para mí en identificar si una empresa está haciendo estados financieros falsos; no soy un inversionista, y mi trabajo diario realmente no tiene mucho que ver con estados financieros).",positive,ky_nang_giang_day
16984,"Me encantan los profesores, pero desafortunadamente, no siento mucha conexión conmigo (realmente no veo tanta importancia para mí en identificar si una empresa está haciendo estados financieros falsos; no soy un inversionista, y mi trabajo diario realmente no tiene mucho que ver con estados financieros).",negative,noi_chung
16985,Las conferencias fueron geniales y motivadoras.,positive,ky_nang_giang_day
16985,Las conferencias fueron geniales y motivadoras.,positive,ky_nang_giang_day
16986,"Considerando todo esto, es un gran curso .",positive,noi_chung
16987,No apto para estudiantes nuevos en el campo médico.,neutral,noi_chung
16988,La lista de literatura proporcionada fue bastante extensa y elegida estratégicamente.,positive,cung_cap_tai_lieu
16988,La lista de literatura proporcionada fue bastante extensa y elegida estratégicamente.,positive,cung_cap_tai_lieu
16989,"Gracias por su excelente conferencia, Dr. Chunk.",positive,ky_nang_giang_day
16990,"En resumen, esta (clase 1) funciona bien.",positive,noi_chung
16991,"Sin embargo, proporciona suficiente material adicional para trabajar y llegar tan lejos en el tema como uno desee.",negative,cung_cap_tai_lieu
16991,"Sin embargo, proporciona suficiente material adicional para trabajar y llegar tan lejos en el tema como uno desee.",negative,noi_chung
16992,Todos los oradores fueron extremadamente informativos y sugerentes.,positive,ky_nang_giang_day
16992,Todos los oradores fueron extremadamente informativos y sugerentes.,positive,ky_nang_giang_day
16993,Divertido .,positive,noi_chung
16994,Puede esperar aprender un poco sobre qué es el aprendizaje automático y cómo hacerlo utilizando el paquete caret en R.,positive,noi_chung
16995,Los materiales del curso están formulados con mucha precisión y son comprensibles.,positive,cung_cap_tai_lieu
16995,Los materiales del curso están formulados con mucha precisión y son comprensibles.,positive,cung_cap_tai_lieu
16996,"Hola, gracias por este curso  bien estructurado.",positive,chuong_trinh_hoc
16997,"A pesar de los desafíos, el material  es muy fascinante y cualquiera que esté interesado en la anatomía aprenderá algo.",positive,cung_cap_tai_lieu
16998,Increíble profesores !!! !!!,positive,ky_nang_giang_day
16999,"En términos de contenido y cómo se desarrolla el curso, superó mis expectativas.",positive,cung_cap_tai_lieu
16999,"En términos de contenido y cómo se desarrolla el curso, superó mis expectativas.",positive,chuong_trinh_hoc
17000,El curso  utiliza investigación externa.,positive,chuong_trinh_hoc
17002,Fueron un poco desafiantes al final.,positive,bai_tap
17003,"Porque no todo lo que se cuestiona en los ""quizes"" se piensa en las clases.",neutral,bai_tap
17004,Este (curso 1) es IMPRESCINDIBLE si estás buscando aprender conceptos de aprendizaje automático o ingresar a la industria de la ciencia de datos.,positive,noi_chung
17005,Sentí que iban demasiado rápido.,positive,noi_chung
17006,Me encantaría .,positive,noi_chung
17007,Disfruté mucho el curso  y aprendí muchísimo.,positive,noi_chung
17007,Disfruté mucho el curso  y aprendí muchísimo.,positive,noi_chung
17008,El instructor es fácil de entender y hace un buen trabajo al introducir el idioma.,positive,ky_nang_giang_day
17008,El instructor es fácil de entender y hace un buen trabajo al introducir el idioma.,positive,ky_nang_giang_day
17009,Los proyectos/tareas son increíbles.,positive,bai_tap
17010,Este curso  fue difícil de seguir y las pruebas gratuitas que se ofrecieron parecían impuestas sobre nosotros.,negative,chuong_trinh_hoc
17011,Los temas están muy bien explicados y tienen una secuencia lógica.,positive,cung_cap_tai_lieu
17011,Los temas están muy bien explicados y tienen una secuencia lógica.,positive,cung_cap_tai_lieu
17012,"Las tareas fueron un poco más complejas que las del primer curso, pero aún así son muy divertidas.",negative,bai_tap
17012,"Las tareas fueron un poco más complejas que las del primer curso, pero aún así son muy divertidas.",positive,bai_tap
17013,"El foro de discusión proporciona cierto nivel de ayuda, pero básicamente estás solo.",neutral,cung_cap_tai_lieu
17014,¡Este curso  fue genial!,positive,noi_chung
17015,Explicando todo en detalle.,positive,ky_nang_giang_day
17017,"Estrella - - por sentirse un poco sobre rieles, y no sentir la implicación del instructor.",negative,ky_nang_giang_day
17017,"Estrella - - por sentirse un poco sobre rieles, y no sentir la implicación del instructor.",negative,noi_chung
17018,El curso  fue realmente bueno y me ayudó a obtener algunas nuevas técnicas e ideas de aprendizaje.,positive,noi_chung
17018,El curso  fue realmente bueno y me ayudó a obtener algunas nuevas técnicas e ideas de aprendizaje.,positive,chuong_trinh_hoc
17019,Este es un curso  muy interesante y gratificante.,positive,noi_chung
17019,Este es un curso  muy interesante y gratificante.,positive,noi_chung
17020,Reproducir la grabación para otros estudiantes para calificaciones es demasiado engorroso.,negative,ham_diem
17021,El curso  no contiene diálogos ni situaciones reales en las que se revise vocabulario.,negative,chuong_trinh_hoc
17022,No te pierdas este curso .,positive,noi_chung
17023,Prof. Cramer presenta los conceptos fundamentales de la mecánica estadística de una manera sensata que hace que este difícil tema sea bastante manejable incluso para principiantes.,positive,ky_nang_giang_day
17024,Sólido curso.,positive,noi_chung
17025,"La lista de lectura recomendada, con enlaces a la mayoría de los elementos, vale el tiempo que se le dedica.",positive,cung_cap_tai_lieu
17026,"En general, es una excelente clase si planeas visitar el país y quieres poder arreglártelas sin un traductor, ya que todos sabemos que no todos los nativos chinos hablan inglés.",positive,noi_chung
17027,Sachs y esta obra revolucionaria para nuestro mundo.,positive,ky_nang_giang_day
17028,"Para alguien como yo, que tiene 17 años de experiencia en programación y algo de experiencia práctica en redes neuronales de la universidad y herramientas analíticas para algunas aplicaciones en R, es un excelente repaso de los fundamentos y una gran amplitud de elementos tecnológicos prácticos que son más útiles en aplicaciones de aprendizaje automático.",positive,chuong_trinh_hoc
17029,"Este curso, el instructor Sr. Gabriele Troilo, el curso materiales, videos y las entrevistas con profesionales fueron absolutamente perfectos.",positive,ky_nang_giang_day
17029,"Este curso, el instructor Sr. Gabriele Troilo, el curso materiales, videos y las entrevistas con profesionales fueron absolutamente perfectos.",positive,cung_cap_tai_lieu
17029,"Este curso, el instructor Sr. Gabriele Troilo, el curso materiales, videos y las entrevistas con profesionales fueron absolutamente perfectos.",positive,ky_nang_giang_day
17030,"Un mejor esquema de evaluación ponderaría las pruebas y los ensayos, por ejemplo, 60% pruebas, 40% ensayos.",negative,ham_diem
17031,"Pero este lo encontré un poco difícil y a veces perdido, especialmente en relaciones de muchos a muchos.",negative,chuong_trinh_hoc
17032,Es un curso muy útil  aunque necesitas más horas para completarlo.,positive,noi_chung
17032,Es un curso muy útil  aunque necesitas más horas para completarlo.,negative,chuong_trinh_hoc
17033,"El profesor es muy cuidadoso, claro y metódico.",positive,ky_nang_giang_day
17033,"El profesor es muy cuidadoso, claro y metódico.",positive,ky_nang_giang_day
17033,"El profesor es muy cuidadoso, claro y metódico.",positive,ky_nang_giang_day
17034,Habría preferido tener un solo instructor consistentemente bueno .,negative,ky_nang_giang_day
17035,Demasiadas tareas opcionales tal vez.,negative,bai_tap
17036,"Las conferencias son cautivadoras, pero a un nivel apropiado para principiantes en astronomía.",positive,ky_nang_giang_day
17036,"Las conferencias son cautivadoras, pero a un nivel apropiado para principiantes en astronomía.",positive,chuong_trinh_hoc
17037,Este es un curso increíble curso.,positive,noi_chung
17039,También las tareas son muy agradables.,positive,bai_tap
17040,Las presentaciones en video están bien hechas con información que es vital para desarrollar la habilidad necesaria para ser un escritor eficaz.,positive,ky_nang_giang_day
17041,"Una vez más, gracias Dr. Chuck y a su equipo por crear un curso tan interesante y apasionante.",positive,ky_nang_giang_day
17042,"La forma en que Dr. BArbara Oakley y Dr. Sejnowsky desarrollaron este importante curso para nosotros los estudiantes también aplica muchas formas interesantes de comprensión de una manera más natural, así como una explicación clara de los métodos sobre cómo obtener un mejor enfoque cuando estamos tratando de aprender algo.",positive,ky_nang_giang_day
17042,"La forma en que Dr. BArbara Oakley y Dr. Sejnowsky desarrollaron este importante curso para nosotros los estudiantes también aplica muchas formas interesantes de comprensión de una manera más natural, así como una explicación clara de los métodos sobre cómo obtener un mejor enfoque cuando estamos tratando de aprender algo.",positive,chuong_trinh_hoc
17042,"La forma en que Dr. BArbara Oakley y Dr. Sejnowsky desarrollaron este importante curso para nosotros los estudiantes también aplica muchas formas interesantes de comprensión de una manera más natural, así como una explicación clara de los métodos sobre cómo obtener un mejor enfoque cuando estamos tratando de aprender algo.",positive,noi_chung
17043,"Gracias Profesor Hare y Coursera, ya que disfruto de este increíble curso que desafía muchos estereotipos.",positive,ky_nang_giang_day
17043,"Gracias Profesor Hare y Coursera, ya que disfruto de este increíble curso que desafía muchos estereotipos.",positive,noi_chung
17044,"De hecho, difunde técnicas y conceptos útiles para el aprendizaje.",positive,chuong_trinh_hoc
17045,Desearía que ofrecieran un certificado gratuito para aquellos que completen el curso .,positive,chuong_trinh_hoc
17046,"Consideré que este curso (de 2 horas) fue fantástico, y en mi opinión, este curso (de 2 horas) debería ser un requisito para todos los miembros del Senado y la Cámara de Representantes de los Estados Unidos, ya que podrían tomar decisiones menos tontas al promover la democracia en países musulmanes.",positive,noi_chung
17046,"Consideré que este curso (de 2 horas) fue fantástico, y en mi opinión, este curso (de 2 horas) debería ser un requisito para todos los miembros del Senado y la Cámara de Representantes de los Estados Unidos, ya que podrían tomar decisiones menos tontas al promover la democracia en países musulmanes.",positive,noi_chung
17047,Profesor Edwin Bakker El enfoque didáctico es especialmente adecuado para mi concepción ideal de cómo un profesor debe comunicarse con su audiencia.,positive,ky_nang_giang_day
17048,Explicando la información claramente.,positive,chuong_trinh_hoc
17049,Los instructores eran muy buenos en su trabajo.,positive,ky_nang_giang_day
17050,Este tiene que ser el peor curso de Coursera curso que he tomado y he tomado bastantes.,negative,noi_chung
17051,Definitivamente recomiendo esto a alguien que esté intentando obtener una introducción a la programación.,positive,de_xuat
17052,"La organización, contenido, actividades, práctica y tareas fueron perfectas.",positive,chuong_trinh_hoc
17052,"La organización, contenido, actividades, práctica y tareas fueron perfectas.",positive,cung_cap_tai_lieu
17052,"La organización, contenido, actividades, práctica y tareas fueron perfectas.",positive,bai_tap
17052,"La organización, contenido, actividades, práctica y tareas fueron perfectas.",positive,bai_tap
17053,Los videos son muy aburridos e inútiles en comparación con el increíble contenido de los primeros 6 cursos de la especialización.,negative,ky_nang_giang_day
17054,Tengo una palabra: fantástico.,positive,noi_chung
17055,El profesor es claro en la explicación y también homurioso.,positive,ky_nang_giang_day
17055,El profesor es claro en la explicación y también homurioso.,positive,ky_nang_giang_day
17056,Muy muy mala comunicación por parte de los profesores.,negative,hanh_vi
17057,"Además, Mohamed Noor es muy entusiasta y proporciona muchos buenos ejemplos para ilustrar el curso.",positive,ky_nang_giang_day
17057,"Además, Mohamed Noor es muy entusiasta y proporciona muchos buenos ejemplos para ilustrar el curso.",positive,ky_nang_giang_day
17057,"Además, Mohamed Noor es muy entusiasta y proporciona muchos buenos ejemplos para ilustrar el curso.",positive,kinh_nghiem
17058,Te anima a centrarte en la narrativa y nunca te distrae de ella.,positive,ky_nang_giang_day
17059,"De ritmo lento, el orden de los capítulos tiene sentido; el mejor curso de Python que he hecho y el único que me mantuvo atento.",positive,chuong_trinh_hoc
17059,"De ritmo lento, el orden de los capítulos tiene sentido; el mejor curso de Python que he hecho y el único que me mantuvo atento.",positive,chuong_trinh_hoc
17060,"Estamos obteniendo ideas básicas, pero repasando toda la información estructurando las ideas demasiado rápido, SIN ejemplos o con ejemplos limitados, que es lo que más nos enseñará.",positive,noi_chung
17060,"Estamos obteniendo ideas básicas, pero repasando toda la información estructurando las ideas demasiado rápido, SIN ejemplos o con ejemplos limitados, que es lo que más nos enseñará.",positive,cung_cap_tai_lieu
17061,"Genial conferencias, genial tareas de programación y calificación, en general disfruté mucho esto curso.",positive,ky_nang_giang_day
17061,"Genial conferencias, genial tareas de programación y calificación, en general disfruté mucho esto curso.",positive,bai_tap
17061,"Genial conferencias, genial tareas de programación y calificación, en general disfruté mucho esto curso.",positive,ham_diem
17061,"Genial conferencias, genial tareas de programación y calificación, en general disfruté mucho esto curso.",positive,noi_chung
17062,Este curso es difícil para los recién llegados a Ruby on Rails y MongoDB.,negative,chuong_trinh_hoc
17063,Ejemplos tan relevantes y memorables que dejarán una impresión duradera.,positive,ky_nang_giang_day
17063,Ejemplos tan relevantes y memorables que dejarán una impresión duradera.,positive,ky_nang_giang_day
17064,Un poco básico para mí.,positive,noi_chung
17065,"El Profesor es excelente y muy amigable con los estudiantes, y el material del curso es muy claro.",positive,ky_nang_giang_day
17065,"El Profesor es excelente y muy amigable con los estudiantes, y el material del curso es muy claro.",positive,ky_nang_giang_day
17065,"El Profesor es excelente y muy amigable con los estudiantes, y el material del curso es muy claro.",positive,cung_cap_tai_lieu
17066,"Me encuentro aplicando lo que he aprendido a mi escritura diaria, así como a las cosas que leo y veo.",positive,chuong_trinh_hoc
17068,En este breve curso  podrás aprender algunos temas clave importantes de la estrategia empresarial.,positive,noi_chung
17069,"Como resultado, estas cuatro semanas son bastante sosas y aburridas.",negative,chuong_trinh_hoc
17070,"Lo más importante que esto logró para mí fue practicar los tonos, que son muy desafiantes.",positive,chuong_trinh_hoc
17070,"Lo más importante que esto logró para mí fue practicar los tonos, que son muy desafiantes.",positive,bai_tap
17071,Este (curso 2) me motivó a estudiar más (cursos 2) relacionados con Economía y definitivamente lo recomendaría a cualquier persona interesada en el tema y que sea nuevo en Microeconomía como yo.,positive,de_xuat
17071,Este (curso 2) me motivó a estudiar más (cursos 2) relacionados con Economía y definitivamente lo recomendaría a cualquier persona interesada en el tema y que sea nuevo en Microeconomía como yo.,positive,de_xuat
17072,Orientación práctica y útil para evitar los errores de felicidad que cometemos día a día. No me había dado cuenta de que había tantos.,positive,chuong_trinh_hoc
17073,Gracias por tan gran curso .,positive,noi_chung
17073,Gracias por tan gran curso .,positive,noi_chung
17074,¡Pero esto es sólo el comienzo!,positive,noi_chung
17075,"Me gustaría agradecer sinceramente a la comunidad de Coursera por brindar esta maravillosa oportunidad de obtener una visión general de los conceptos de HTML, CSS y Java Script.",positive,noi_chung
17076,Me gustó más la segunda vez.,positive,noi_chung
17077,"Es muy estimulante y proporciona una perspectiva sobre la meditación, un tema que escapa a mucha gente.",positive,chuong_trinh_hoc
17077,"Es muy estimulante y proporciona una perspectiva sobre la meditación, un tema que escapa a mucha gente.",positive,noi_chung
17078,"Excelente video, cuestionarios y ejercicios.",positive,ky_nang_giang_day
17078,"Excelente video, cuestionarios y ejercicios.",positive,bai_tap
17079,Recomiendo este curso curso a todo el mundo.,positive,de_xuat
17080,"Desde entonces comencé el curso gratuito de Stanford curso impartido por un cofundador de coursera, ¡y es MUCHO mejor!",positive,noi_chung
17081,"Además, los ejercicios de tarea  me llevaron significativamente más tiempo que las estimaciones proyectadas, pero presupuesté aproximadamente el doble del tiempo y pude completar el curso a tiempo.",negative,bai_tap
17082,"Es una manera muy bien presentada y accesible de comenzar a comprender el trabajo más profundo de Einstein en su ""año milagroso"" de 1905.",positive,ky_nang_giang_day
17083,Él te introduce a la codificación de una manera que no resulta intimidante y se siente completamente natural en un par de semanas.,positive,ky_nang_giang_day
17084,Disfruté el estilo de enseñanza del Profesor Siedel.,positive,ky_nang_giang_day
17085,¡Lo recomiendo totalmente a cualquiera!,positive,de_xuat
17086,Conceptos muy interesantes de cálculo fueron enseñados en profundidad por el profesor Jim.,positive,ky_nang_giang_day
17087,Muy alentador y desafiante con mucho aprendizaje en el camino.,positive,noi_chung
17088,"Claro, volveré para comprobar el opcional material.",positive,cung_cap_tai_lieu
17089,"Las tareas también están bien diseñadas, lo que me ayuda a mejorar mi aprendizaje.",positive,bai_tap
17090,Gracias .,positive,noi_chung
17091,Es un gran curso  para comprender el propósito de contar historias en diversas plataformas y de forma sostenible en el tiempo.,positive,noi_chung
17092,El instructor fue excelente y aprendí cosas nuevas.,positive,ky_nang_giang_day
17092,El instructor fue excelente y aprendí cosas nuevas.,positive,noi_chung
17093,Se requieren fuertes habilidades matemáticas.,negative,chuong_trinh_hoc
17094,El profesor tiene muchos estudios de casos que demuestran que es un profesional del marketing y comparte casos reales / de muestra que le ayudan a comprender mejor los conceptos enseñados (no solo teóricamente).,positive,kinh_nghiem
17094,El profesor tiene muchos estudios de casos que demuestran que es un profesional del marketing y comparte casos reales / de muestra que le ayudan a comprender mejor los conceptos enseñados (no solo teóricamente).,positive,ky_nang_giang_day
17095,El profesor Charles es increíble.,positive,ky_nang_giang_day
17096,"Si bien hay algunos problemas técnicos, este es un curso increíble 1.",negative,chuong_trinh_hoc
17096,"Si bien hay algunos problemas técnicos, este es un curso increíble 1.",positive,noi_chung
17097,He tomado más de 5 clases de Coursera y esta ha sido la menos satisfactoria.,negative,noi_chung
17098,Esta fue la introducción perfecta (curso 1) para alguien que no sabe nada sobre HTML.,positive,noi_chung
17099,Disfruté mucho el análisis del contenido realizado por Profesor Michael Roth.,positive,ky_nang_giang_day
17100,El curso  destaca las premisas básicas sobre cómo ingresar mejor a un mercado y cómo mantener a un competidor fuera del mercado.,positive,chuong_trinh_hoc
17101,"Si fuera muy rápido podría silenciar el volumen hasta que terminara, pero creo que esto es totalmente innecesario.",negative,ky_nang_giang_day
17102,Agradable y elaborado.,positive,chuong_trinh_hoc
17103,Disfruté mucho este curso curso y estoy un poco triste porque terminó.,positive,noi_chung
17104,Gracias por tu orientación.,positive,hanh_vi
17105,"Además de los principales problemas técnicos y la falta de información antes del inicio pospuesto del curso y los problemas técnicos menores, la forma de enseñar está bien adaptada a las clases presenciales donde puedes sentarte en grupos de estudio para resolver los problemas juntos; los ejemplos dados  tienen poca relevancia en parte y no ayudan a resolver las tareas y, según el personal, la mejor manera de resolver las tareas es usando Google (o Stackoverflow o lo que sea). ¿En serio? De alguna manera, parece que simplemente tomaron un curso presencial, jugaron con algunas soluciones técnicas sofisticadas y ahora lo llaman MOOC. Parece que no son realmente conscientes del hecho de que la enseñanza presencial y los MOOC requieren tipos completamente diferentes de métodos pedagógicos. Es sorprendente cómo la misma universidad puede ofrecer el mejor MOOC (Dr. Chuck's) y uno de los peores (este).",negative,cung_cap_tai_lieu
17106,"Aún así está bien, pero esperaba algo mejor que los wireframes y las maquetas que ya aprendimos hace un tiempo.",neutral,noi_chung
17107,Es una tarea mal diseñada tarea que desperdicia el tiempo de los estudiantes y crea mucha frustración.,negative,bai_tap
17108,"Los videos son claros, fáciles de seguir y con muchos ejemplos, excelente información y contenido.",positive,ky_nang_giang_day
17108,"Los videos son claros, fáciles de seguir y con muchos ejemplos, excelente información y contenido.",positive,ky_nang_giang_day
17108,"Los videos son claros, fáciles de seguir y con muchos ejemplos, excelente información y contenido.",positive,ky_nang_giang_day
17108,"Los videos son claros, fáciles de seguir y con muchos ejemplos, excelente información y contenido.",positive,ky_nang_giang_day
17110,El instructor tiende a ser gracioso y eso alivia el estrés en el momento de aprender.,positive,ky_nang_giang_day
17111,"El curso  ha abordado todos los fundamentos y me ha brindado la dirección y la información que necesitaba como persona que no está en el campo médico, lo que facilita la investigación futura.",positive,noi_chung
17111,"El curso  ha abordado todos los fundamentos y me ha brindado la dirección y la información que necesitaba como persona que no está en el campo médico, lo que facilita la investigación futura.",positive,noi_chung
17111,"El curso  ha abordado todos los fundamentos y me ha brindado la dirección y la información que necesitaba como persona que no está en el campo médico, lo que facilita la investigación futura.",positive,noi_chung
17112,"Un curso magnífico curso (y el libro que lo acompaña, El genio de los perros, y el sitio web de ciencia ciudadana, Dognition, también son maravillosos).",positive,noi_chung
17113,¡Me alegro mucho de haber encontrado este curso :!,positive,noi_chung
17114,Quizás esté diseñado para aquellos que son más analíticos que yo.,negative,noi_chung
17115,"Hace que aprender sobre la rima, la metáfora y la escansión sea sencillo mientras agudiza tu concentración, para que tu escritura pueda sorprenderte.",positive,ky_nang_giang_day
17116,"Después de todo, este curso está orientado al uso de Python para el análisis y la ciencia de datos, que no es un tema para principiantes absolutos.",neutral,noi_chung
17117,"Es un curso  condensado y delicado, lo que significa que para adquirir la habilidad de construir un sitio web, lo único que hay que hacer es seguir los pasos del vídeo y terminar la tarea; y, sin embargo, cada tema del curso , incluso una línea de código, merece una mayor contemplación.",positive,noi_chung
17118,Todos los ejercicios de MATLAB/Octave  son interesantes y relevantes.,positive,bai_tap
17118,Todos los ejercicios de MATLAB/Octave  son interesantes y relevantes.,positive,bai_tap
17119,Ella presenta material de una manera que es realmente accesible y fácil de digerir.,positive,cung_cap_tai_lieu
17120,"Normalmente prefiero Lynda a Coursera para las tareas y los exámenes, pero no en este caso...",negative,bai_tap
17121,Me gustaría ver más interacción y calificación ejercicios de programación en el medio videos para realmente enfatizar los conceptos.,negative,bai_tap
17121,Me gustaría ver más interacción y calificación ejercicios de programación en el medio videos para realmente enfatizar los conceptos.,positive,ky_nang_giang_day
17122,Tal vez Profesor Waters - Rist y su equipo podrían realizar otra clase de Osteoarqueología introduciendo técnicas no cubiertas en este curso.,neutral,ky_nang_giang_day
17123,"Las conferencias en video son interesantes y espero con ansias el tiempo que paso viéndolas, las lecturas centrales son relevantes y hay buenas sugerencias para aquellos que desean obtener una comprensión más profunda del material.",positive,cung_cap_tai_lieu
17123,"Las conferencias en video son interesantes y espero con ansias el tiempo que paso viéndolas, las lecturas centrales son relevantes y hay buenas sugerencias para aquellos que desean obtener una comprensión más profunda del material.",positive,ky_nang_giang_day
17124,Aprendí mucho de este (1er curso).,positive,noi_chung
17125,¡Gran contenido!,positive,noi_chung
17126,"Las conferencias son muy largas, no están divididas para poder verlas con facilidad (hasta el punto que no pude descargarlas a mi teléfono para usarlas sin conexión o sin wifi).",negative,ky_nang_giang_day
17127,"Como alguien que estudia administración, he adquirido una cantidad increíble de conocimientos sobre los mercados financieros.",positive,chuong_trinh_hoc
17128,"En general, fue una buena introducción (curso 1)",positive,noi_chung
17129,Este curso  fue mucho más útil de lo que pensé que sería.,positive,noi_chung
17130,Esta fue una buena descripción general de los servicios que ofrece Google Cloud Platform.,positive,noi_chung
17131,"Brillante, otros proveedores (de 1 curso) deberían seguir un método similar.",positive,noi_chung
17132,No tengo ninguna duda sobre este fantástico método de aprendizaje.,positive,ky_nang_giang_day
17133,"Genial curso. Mi crítica constructiva tiene que ver con la organización de las actividades grupales, simplemente es muy difícil organizarse en grupos a través de personas que no conoces, especialmente dadas las diferencias de zona horaria, así como las diferencias en los horarios diarios de los miembros del grupo.",positive,noi_chung
17134,Este es uno de los mejores (si no el mejor) curso que he tomado.,positive,noi_chung
17135,Mucha información .,positive,chuong_trinh_hoc
17136,Recomiendo este (1 curso).,positive,de_xuat
17137,"Los contenidos sobre SCRUM se presentan ocho veces, parcialmente a través de la introducción y aquí.",negative,ky_nang_giang_day
17138,"Los videos  son cortos, van al grano y recomiendo a cualquiera que se comprometa.",negative,ky_nang_giang_day
17139,La calidad de la enseñanza es muy pobre y demasiado rápida para seguirla.,negative,ky_nang_giang_day
17139,La calidad de la enseñanza es muy pobre y demasiado rápida para seguirla.,negative,ky_nang_giang_day
17140,La demostración práctica de los problemas proporciona una mayor claridad.,positive,ky_nang_giang_day
17141,Fue una visión interesante.,positive,noi_chung
17142,Muchas gracias profesor.,positive,ky_nang_giang_day
17143,Aprecio que la lectura materiales fueran complementarios a los videos.,positive,cung_cap_tai_lieu
17144,"Le doy 5 estrellas al profesor, realmente se acerca a tener una enseñanza tan bien organizada material.",positive,ky_nang_giang_day
17144,"Le doy 5 estrellas al profesor, realmente se acerca a tener una enseñanza tan bien organizada material.",positive,cung_cap_tai_lieu
17145,"La gente tuvo que esperar mucho tiempo para recibir su opinión y también pensé que aquellos que habían pagado por la primera de las 5 secciones, no deberían estar obligados a pagar por las siguientes cuatro si querían al menos acceder al material, sin ser calificados.",negative,hanh_vi
17145,"La gente tuvo que esperar mucho tiempo para recibir su opinión y también pensé que aquellos que habían pagado por la primera de las 5 secciones, no deberían estar obligados a pagar por las siguientes cuatro si querían al menos acceder al material, sin ser calificados.",positive,ham_diem
17146,¡Me encantó esta clase!,positive,noi_chung
17147,Le recomendé este curso (de 2 horas) a mi amigo y cualquiera que esté interesado en la música definitivamente debería probar este curso (de 2 horas).,positive,de_xuat
17147,Le recomendé este curso (de 2 horas) a mi amigo y cualquiera que esté interesado en la música definitivamente debería probar este curso (de 2 horas).,positive,de_xuat
17148,Creo que es mejor hacer esta información no obligatoria sino a elección.,neutral,noi_chung
17149,Fue fácil comprender los puntos mencionados por él.,positive,ky_nang_giang_day
17150,"El ritmo del curso  también es extremadamente lento, aunque puede ser apropiado para estudiantes novatos.",negative,noi_chung
17150,"El ritmo del curso  también es extremadamente lento, aunque puede ser apropiado para estudiantes novatos.",positive,noi_chung
17151,¡Ojalá hubiera más tareas de programación calificadas!,negative,bai_tap
17153,Encontré este curso muy útil y aprendí cómo usar expresiones regulares y luego las usé para analizar páginas HTML y ver varias etiquetas y contenido.,positive,noi_chung
17153,Encontré este curso muy útil y aprendí cómo usar expresiones regulares y luego las usé para analizar páginas HTML y ver varias etiquetas y contenido.,positive,noi_chung
17154,Un gran nivel introductorio (curso de 1 día) a la Estrategia Competitiva.,positive,noi_chung
17155,Me gustaría agradecer a instructores y a todos aquellos que están involucrados en hacer un curso tan útil y de tan buena calidad.,positive,chuong_trinh_hoc
17155,Me gustaría agradecer a instructores y a todos aquellos que están involucrados en hacer un curso tan útil y de tan buena calidad.,positive,ky_nang_giang_day
17156,Como introducción fue una gran experiencia.,positive,noi_chung
17157,"Y, por cierto, demasiadas historias.",negative,ky_nang_giang_day
17158,"Si no puede permitirse participar, tendrá acceso limitado al material de prueba.",negative,bai_tap
17159,Los instructores se apresuraron a presentar el material del curso.,negative,ky_nang_giang_day
17160,El tema es presentado de una manera muy elegante y formal por profesor Ng comenzando con cosas básicas y avanzando con un ritmo perfecto hacia cosas más difíciles.,positive,ky_nang_giang_day
17160,El tema es presentado de una manera muy elegante y formal por profesor Ng comenzando con cosas básicas y avanzando con un ritmo perfecto hacia cosas más difíciles.,positive,ky_nang_giang_day
17161,Espléndido maravilloso (1 curso) ¡¡¡,positive,noi_chung
17162,"Este curso es muy importante para todos los estudiantes de países en desarrollo y desarrollados, ya que la creciente población mundial enfrenta una grave escasez de alimentos, por lo que ahorrar pérdidas se convierte en una necesidad del momento.",positive,noi_chung
17163,"Curso es interesante, pero a veces es tan difícil percibir la información con tanto acento:",positive,noi_chung
17163,"Curso es interesante, pero a veces es tan difícil percibir la información con tanto acento:",negative,ky_nang_giang_day
17164,"Realmente lo disfruté y lo más importante, aprendí mucho.",positive,noi_chung
17164,"Realmente lo disfruté y lo más importante, aprendí mucho.",positive,chuong_trinh_hoc
17165,"cuestionarios de plataforma y tareas te ayudan a progresar y te impulsan a revisar tus notas y el contenido del libro, lo que te permite sentirte cómodo con la velocidad de las lecciones.",positive,bai_tap
17165,"cuestionarios de plataforma y tareas te ayudan a progresar y te impulsan a revisar tus notas y el contenido del libro, lo que te permite sentirte cómodo con la velocidad de las lecciones.",positive,bai_tap
17165,"cuestionarios de plataforma y tareas te ayudan a progresar y te impulsan a revisar tus notas y el contenido del libro, lo que te permite sentirte cómodo con la velocidad de las lecciones.",positive,ky_nang_giang_day
17165,"cuestionarios de plataforma y tareas te ayudan a progresar y te impulsan a revisar tus notas y el contenido del libro, lo que te permite sentirte cómodo con la velocidad de las lecciones.",positive,ky_nang_giang_day
17166,John Covach es un instructor fantástico.,positive,ky_nang_giang_day
17167,El curso  es un enfoque muy práctico del idioma.,positive,noi_chung
17168,"Muy buena introducción, pero a medida que reviso los videos  y luego hago el cuestionario  siento que el material  no resalta exactamente lo que se necesita para el cuestionario .",positive,noi_chung
17168,"Muy buena introducción, pero a medida que reviso los videos  y luego hago el cuestionario  siento que el material  no resalta exactamente lo que se necesita para el cuestionario .",positive,ky_nang_giang_day
17168,"Muy buena introducción, pero a medida que reviso los videos  y luego hago el cuestionario  siento que el material  no resalta exactamente lo que se necesita para el cuestionario .",negative,cung_cap_tai_lieu
17168,"Muy buena introducción, pero a medida que reviso los videos  y luego hago el cuestionario  siento que el material  no resalta exactamente lo que se necesita para el cuestionario .",negative,bai_tap
17169,"Sin embargo, la verdadera razón por la que le doy 3/5 es que la notación matemática está por todas partes.",neutral,chuong_trinh_hoc
17170,"Aprenderás cosas muy interesantes sobre Machine Learning, pero también trabajarás tus habilidades de programación (MATLAB/Octave).",positive,noi_chung
17171,"Pedí ayuda en el foro, pero nadie respondió.",negative,hanh_vi
17172,¡Gracias Andrew Ng !,positive,ky_nang_giang_day
17173,"Había tomado este curso primero de los (1: cursos) de especialidad de Ruby on Rails, y decidí inscribirme en el curso completo.",positive,noi_chung
17174,"Si bien los tutores claramente saben lo que hacen, encontré las tareas realmente bastante desafiantes y de valor educativo limitado debido a la mezcla de nuevos conceptos introducidos por las conferencias junto con nuevas (para mí) matemáticas o CS que también necesitaban ser comprendidas.",positive,ky_nang_giang_day
17174,"Si bien los tutores claramente saben lo que hacen, encontré las tareas realmente bastante desafiantes y de valor educativo limitado debido a la mezcla de nuevos conceptos introducidos por las conferencias junto con nuevas (para mí) matemáticas o CS que también necesitaban ser comprendidas.",positive,bai_tap
17174,"Si bien los tutores claramente saben lo que hacen, encontré las tareas realmente bastante desafiantes y de valor educativo limitado debido a la mezcla de nuevos conceptos introducidos por las conferencias junto con nuevas (para mí) matemáticas o CS que también necesitaban ser comprendidas.",positive,noi_chung
17175,"Además, muchas tareas mejoraron mis conocimientos y habilidades sobre el aprendizaje automático.",positive,bai_tap
17176,"Para todas las personas de todas las edades, orígenes e intereses les digo: aprovechen la oportunidad de hacer esto (curso 1) y no mirarán atrás.",positive,noi_chung
17177,Me gustan mucho los retos.,positive,bai_tap
17178,Hay mucho trabajo por hacer y una pequeña parte de ese trabajo se quedará contigo.,negative,bai_tap
17178,Hay mucho trabajo por hacer y una pequeña parte de ese trabajo se quedará contigo.,negative,chuong_trinh_hoc
17179,"Aparte de las descargas, grabaciones y reproducciones necesarias, el curso estuvo presentado bien y las escalas y la interpretación de posiciones fueron particularmente útiles y claras.",positive,ky_nang_giang_day
17179,"Aparte de las descargas, grabaciones y reproducciones necesarias, el curso estuvo presentado bien y las escalas y la interpretación de posiciones fueron particularmente útiles y claras.",positive,noi_chung
17179,"Aparte de las descargas, grabaciones y reproducciones necesarias, el curso estuvo presentado bien y las escalas y la interpretación de posiciones fueron particularmente útiles y claras.",positive,chuong_trinh_hoc
17180,Las primeras 3 semanas son un buen paquete para aprender Bootstrap.,positive,noi_chung
17181,"Sin embargo, realmente aprecio todo el curso  y creo que ha sido una gran experiencia realizarlo.",positive,noi_chung
17182,Este fue el impulso que necesitaba para sumergirme por completo en el mundo del ML.,positive,noi_chung
17183,¡Muchas gracias Sr. Landers y otros autores por este curso!,positive,ky_nang_giang_day
17184,You Learning in IBM sugiere 12 horas; la mayoría en los foros tardaban entre 6 y 10 horas por tarea.,neutral,bai_tap
17185,¡¡¡Gracias por tu trabajo!!!,positive,ky_nang_giang_day
17186,Machne Learning es una herramienta importante para una variedad de ramas de la ciencia y la ingeniería y,positive,noi_chung
17187,Al finalizar el curso  no eres un experto pero tienes los conceptos y conocimientos adecuados para desarrollar tus proyectos.,positive,noi_chung
17188,"Recomiendo esto encarecidamente a cualquier profesor de ESL, TEFL o CELTA.",positive,de_xuat
17189,El curso  fue genial.,positive,noi_chung
17190,"Creo que para convertirse en un científico de datos, este es el mejor lugar para comenzar, complacido de completar el resto del curso también.",positive,chuong_trinh_hoc
17191,Es entusiasta y explica muy bien los materiales.,positive,ky_nang_giang_day
17191,Es entusiasta y explica muy bien los materiales.,positive,ky_nang_giang_day
17192,El uso de artículos de revistas reales agregó un toque práctico a la teoría y las aplicaciones de las estadísticas.,positive,chuong_trinh_hoc
17193,"Cuando me comuniqué con una maestra (Eva) sobre algunas preguntas específicas, ella fue muy servicial y me ayudó con el problema.",positive,ky_nang_giang_day
17194,El material de ciencia ciudadana también fue interesante.,positive,cung_cap_tai_lieu
17195,Un curso muy bueno curso.,positive,noi_chung
17196,"Quizás, el curso que se basa en los escritos del Sr. Bakker y uno de sus libros nos pueda parecer un propósito comercial o promocional, pero es un gran, realmente gran, curso y una manera de entender realmente el mundo en el que vivimos, y una excelente manera de nombrar muchas cosas que nos suceden a todos.",positive,chuong_trinh_hoc
17197,Llevo tres años intentando entender esto y finalmente estoy logrando avances.,positive,noi_chung
17198,"Sin embargo, sería fantástico si también pudieran proporcionar los caracteres chinos para todo lo que hemos aprendido * mientras * lo aprendemos y no al final del curso.",positive,noi_chung
17199,"En general, la calidad del curso  es buena y tiene un nivel de conocimiento apropiado para nuevos analistas.",positive,chuong_trinh_hoc
17200,Me encantó la forma,positive,noi_chung
17201,¡Gracias a Cousera y Berklee por ofrecernos la oportunidad!,positive,ky_nang_giang_day
17202,Velocidad de video 5x gracias a mucha conversación.,negative,ky_nang_giang_day
17203,Tomé los excelentes cursos de aprendizaje automático de Carlo  en la UW y realmente me sentí bastante bien.,positive,noi_chung
17203,Tomé los excelentes cursos de aprendizaje automático de Carlo  en la UW y realmente me sentí bastante bien.,positive,noi_chung
17203,Tomé los excelentes cursos de aprendizaje automático de Carlo  en la UW y realmente me sentí bastante bien.,positive,ky_nang_giang_day
17204,Ni siquiera está cubierto hasta el próximo curso.,neutral,noi_chung
17205,Está muy bien hecho con un equilibrio entre teoría en control de movimiento robótico y tareas prácticas (3 tareas) utilizando el popular lenguaje Matlab.,positive,noi_chung
17205,Está muy bien hecho con un equilibrio entre teoría en control de movimiento robótico y tareas prácticas (3 tareas) utilizando el popular lenguaje Matlab.,positive,chuong_trinh_hoc
17205,Está muy bien hecho con un equilibrio entre teoría en control de movimiento robótico y tareas prácticas (3 tareas) utilizando el popular lenguaje Matlab.,positive,bai_tap
17206,"Ellos instructores del curso deberían proporcionar más información para empezar, ya que es esencial ver los videos y leer el material del curso casi antes de que comience la nueva semana debido al hecho de que se deben crear grupos y se deben coordinar discusiones e investigaciones con los compañeros de equipo.",negative,ky_nang_giang_day
17207,Hizo que la experiencia fuera más especial.,positive,noi_chung
17208,Aparte de eso fue excelente.,positive,noi_chung
17209,Se presentan tantas ecuaciones sin explicar por qué funcionan o cómo se derivan.,negative,ky_nang_giang_day
17210,Curso también se centra mucho en la historia cuando sería más relevante mirar hacia el futuro.,neutral,chuong_trinh_hoc
17211,Sería genial tener más cursos como este.,positive,noi_chung
17212,¡Este curso  es absolutamente increíble!,positive,noi_chung
17214,Tomar este curso  me ayudó a explorar más mi escritura.,positive,chuong_trinh_hoc
17215,Y gracias Coursera también : ),positive,noi_chung
17217,Está muy bien explicado y es fácil de seguir.,positive,ky_nang_giang_day
17217,Está muy bien explicado y es fácil de seguir.,positive,ky_nang_giang_day
17218,"Sin embargo, no me gustó el hecho de que te limites a aprender a usar una plataforma paga y (¡muy!) costosa, principalmente porque hay muchos otros paquetes gratuitos disponibles para el aprendizaje automático.",negative,chuong_trinh_hoc
17219,"Sí, las tareas  requieren sumergirse en problemas que tienen poco que ver con el paralelismo per se.",positive,bai_tap
17220,Para mí fue muy interesante ver entrevistas con personas cuyo trabajo está estrechamente relacionado con la UE; estos videos son absolutamente inspiradores.,positive,ky_nang_giang_day
17220,Para mí fue muy interesante ver entrevistas con personas cuyo trabajo está estrechamente relacionado con la UE; estos videos son absolutamente inspiradores.,positive,ky_nang_giang_day
17221,Es un curso maravilloso curso.,positive,noi_chung
17222,El profesor Fowler ¡es genial!,positive,ky_nang_giang_day
17223,¡Este curso  es muy recomendable!,positive,de_xuat
17225,Toda la información se proporciona de forma muy sencilla y fácil de entender.,positive,noi_chung
17225,Toda la información se proporciona de forma muy sencilla y fácil de entender.,positive,chuong_trinh_hoc
17226,"Dejando todo de lado, si realmente tienes curiosidad sobre el aprendizaje automático, deberías tomar este curso .",positive,noi_chung
17227,"Es un desafío si no eres desarrollador y calificador y necesitas un código muy específico. Dejando eso de lado, fue un curso divertido e interesante curso, una excelente introducción a Bluemix, Node-Red y JS.",positive,noi_chung
17227,"Es un desafío si no eres desarrollador y calificador y necesitas un código muy específico. Dejando eso de lado, fue un curso divertido e interesante curso, una excelente introducción a Bluemix, Node-Red y JS.",positive,noi_chung
17228,Mi única recomendación sería agregar más preguntas en el video.,neutral,bai_tap
17229,Puedo sentir lo duro que trabajaron ustedes para hacernos llegar estos materiales.,positive,cung_cap_tai_lieu
17230,¡Éste es un gran curso !,positive,noi_chung
17231,"Es adecuado tanto para estudiantes en edad escolar como para adultos que intentan aprender algo nuevo, lo que puede resultar bastante difícil a su edad.",positive,noi_chung
17232,Estoy muy contento de haber tomado este curso  y haberlo terminado.,positive,noi_chung
17233,"Dr. Chuck por todo el material, exámenes y tareas.",positive,ky_nang_giang_day
17234,La información es buena pero va demasiado rápido y no siento que haya aprendido mucho de ella.,positive,noi_chung
17234,La información es buena pero va demasiado rápido y no siento que haya aprendido mucho de ella.,negative,chuong_trinh_hoc
17234,La información es buena pero va demasiado rápido y no siento que haya aprendido mucho de ella.,negative,chuong_trinh_hoc
17235,Pueden beneficiarse tanto las personas mayores como las más jóvenes.,positive,noi_chung
17236,Un curso práctico  impartido por un profesor capaz .,positive,chuong_trinh_hoc
17236,Un curso práctico  impartido por un profesor capaz .,positive,ky_nang_giang_day
17237,Me encantó porque proporciona grandes perspectivas para las corporaciones o empresas al vincular las teorías económicas con los negocios.,positive,chuong_trinh_hoc
17238,¡No puedo creer que sea posible encontrar un curso tan cualificado  de forma gratuita!,positive,chuong_trinh_hoc
17238,¡No puedo creer que sea posible encontrar un curso tan cualificado  de forma gratuita!,positive,chuong_trinh_hoc
17239,¡Definitivamente vale la pena el dinero que pagué!,positive,chuong_trinh_hoc
17240,Encontré este curso demasiado avanzado para mi nivel de familiaridad con las estadísticas.,positive,noi_chung
17241,Muy recomendable para cualquier persona en cualquier etapa de aprendizaje.,positive,de_xuat
17242,Espero poder tomar más clases de la Universidad de Duke.,positive,noi_chung
17243,. complicado) ) por lo que te brindan la posibilidad de pensar fuera de la caja),positive,bai_tap
17243,. complicado) ) por lo que te brindan la posibilidad de pensar fuera de la caja),positive,bai_tap
17244,Gracias a todo el cuerpo docente  por esta gran experiencia de aprendizaje.,positive,ky_nang_giang_day
17244,Gracias a todo el cuerpo docente  por esta gran experiencia de aprendizaje.,positive,ky_nang_giang_day
17245,Me encantó casi todo.,positive,noi_chung
17246,Me gustaron mucho las conferencias interactivas en formato de grupos pequeños.,positive,ky_nang_giang_day
17247,Gran experiencia .,positive,noi_chung
17248,Este curso es un muy buen repaso de los conceptos básicos y el Dr. Whiteman ha explicado las cosas con mucha claridad y precisión.,positive,noi_chung
17248,Este curso es un muy buen repaso de los conceptos básicos y el Dr. Whiteman ha explicado las cosas con mucha claridad y precisión.,positive,ky_nang_giang_day
17249,Sir Hitoshi Murayama fue increíble.,positive,ky_nang_giang_day
17250,Los videos se ejecutan demasiado rápido cuando alguien está trabajando entre múltiples ventanas para realizar tareas.,negative,ky_nang_giang_day
17251,"Las tareas son buenas y estimulan la reflexión, pero no están escritas con claridad.",positive,bai_tap
17251,"Las tareas son buenas y estimulan la reflexión, pero no están escritas con claridad.",negative,bai_tap
17252,"Además, no necesitas habilidades de programación para completar las asignaciones, pero lleva mucho tiempo aprender herramientas de visualización de datos gratuitas y listas para usar, y son demasiado limitadas para brindar los resultados que queremos.",negative,bai_tap
17253,"Probablemente sea más útil para alguien con algo de experiencia previa, tiempo limitado y algunos problemas que quieran resolver, en lugar de un estudiante.",neutral,chuong_trinh_hoc
17254,Es una clase de aprendizaje automático muy fundamental.,positive,noi_chung
17255,El curso  es más bien una descripción prolongada del campo de investigación que una parte adecuada de la educación general.,positive,noi_chung
17256,"Esto proporciona conocimientos generales para crear páginas web simples, algunas etiquetas HTML básicas y algunas prácticas.",positive,chuong_trinh_hoc
17257,El profesor básicamente leyó todo.,negative,ky_nang_giang_day
17258,No me gusta que el curso me haga sentir que debo confiar en un producto específico para resolver los problemas.,negative,noi_chung
17259,El estilo de enseñanza realmente no desafía ni proporciona conocimiento.,negative,ky_nang_giang_day
17260,"Esto es mucho más básico y ofrece una visión fundamental de todos los lenguajes de programación, no solo Python.",positive,noi_chung
17261,"Fue fantástico. No hubo muchos cálculos, pero se centró más en conceptos como la relatividad, el modelo estándar de partículas y la mecánica cuántica.",positive,noi_chung
17261,"Fue fantástico. No hubo muchos cálculos, pero se centró más en conceptos como la relatividad, el modelo estándar de partículas y la mecánica cuántica.",positive,chuong_trinh_hoc
17262,Espero que ella sea mi maestra en la universidad :( jaja.,positive,ky_nang_giang_day
17263,Esta clase fue increíble!,positive,noi_chung
17264,Me inspiró y me motivó a continuar el curso  a pesar de mi lucha por comprender ciertos conceptos.,positive,noi_chung
17265,Aquí no aprenderás muchos conceptos ni teorías ni practicarás ninguna programación R.,negative,chuong_trinh_hoc
17266,"Como resultado, cada semana pasé varias horas en los foros y stackoverflow para descubrir qué quiere el calificador automático, en lugar de aprender realmente sobre pandas.",negative,chuong_trinh_hoc
17267,Es un curso interesante curso.,positive,noi_chung
17268,La semana 4 es mejor.,positive,noi_chung
17270,"El curso  me dio una visión general de la industria, los tipos de actores que participan en ella, los diferentes modelos y estrategias que se pueden aplicar.",positive,noi_chung
17271,"Con el ritmo adecuadamente ajustado de esta clase, incluso con conocimiento de aritmética solamente y SIN programación alguna, ¡debería tener un buen desempeño en esta clase siempre que haga al menos un esfuerzo moderado!",positive,noi_chung
17272,"Gracias por tu esfuerzo, por darme un gran curso.",positive,noi_chung
17273,Tuvo un buen equilibrio entre mucha amplitud y el tiempo invertido.,positive,chuong_trinh_hoc
17274,Aprendí mucho en este (1er curso).,positive,noi_chung
17275,Y la narración fue fantástica.,positive,ky_nang_giang_day
17276,"Si eres introvertido o simplemente una persona que valora la privacidad, este no es el curso  para ti.",negative,noi_chung
17277,5 + estrellas .,positive,chuong_trinh_hoc
17278,Muy bien enseñado.,positive,noi_chung
17279,"El profesor YaaKov es un gran instructor, sus tareas están escritas con gran detalle y pasos muy claros, por lo que es fácil de comprender y ejecutar.",positive,ky_nang_giang_day
17279,"El profesor YaaKov es un gran instructor, sus tareas están escritas con gran detalle y pasos muy claros, por lo que es fácil de comprender y ejecutar.",positive,bai_tap
17279,"El profesor YaaKov es un gran instructor, sus tareas están escritas con gran detalle y pasos muy claros, por lo que es fácil de comprender y ejecutar.",positive,bai_tap
17279,"El profesor YaaKov es un gran instructor, sus tareas están escritas con gran detalle y pasos muy claros, por lo que es fácil de comprender y ejecutar.",positive,bai_tap
17280,Tanto el profesor como el personal docente siempre responden con prontitud y profundidad a tus preguntas o comentarios en el foro.,positive,hanh_vi
17280,Tanto el profesor como el personal docente siempre responden con prontitud y profundidad a tus preguntas o comentarios en el foro.,positive,hanh_vi
17281,"En mi opinión, Andrew Ng sobresale en la enseñanza de este curso.",positive,ky_nang_giang_day
17282,Este fue un excelente curso .,positive,noi_chung
17283,"Solo 2 * debido a un problema técnico que enfrenté en la mayoría de los videos no se cargan correctamente. Se atascan en algún lugar y solo continúa el audio. así que no pude terminar el curso. aparte de eso, la enseñanza es realmente buena. Espero que trabajen en ello para solucionarlo.",negative,ky_nang_giang_day
17283,"Solo 2 * debido a un problema técnico que enfrenté en la mayoría de los videos no se cargan correctamente. Se atascan en algún lugar y solo continúa el audio. así que no pude terminar el curso. aparte de eso, la enseñanza es realmente buena. Espero que trabajen en ello para solucionarlo.",positive,ky_nang_giang_day
17284,Muchas gracias por la oportunidad de realizar este curso.,positive,noi_chung
17285,Me encantó el curso .,positive,noi_chung
17286,"Por lo tanto, las tareas no son particularmente desafiantes: ¡obtienes de esta clase lo que pones en ella!",negative,bai_tap
17287,"Lo admito, el acento del instructor me distrajo al principio.",neutral,ky_nang_giang_day
17288,"Aparte de eso, es maravilloso.",positive,noi_chung
17289,Disfruto mucho descubriendo el mundo del profesor y de los amigos.,positive,noi_chung
17290,Me siento cómodo con los conceptos y algoritmos.,positive,noi_chung
17291,Habría sido agradable contar con tarjetas didácticas de computadora o incluso pequeños cuestionarios adicionales en cada lección.,negative,cung_cap_tai_lieu
17292,El profesor es excelente.,positive,ky_nang_giang_day
17293,El material proporcionado es bueno para un curso introductorio sobre nutrición infantil.,positive,cung_cap_tai_lieu
17294,Buena introducción a la macroeconomía.,positive,noi_chung
17295,"Sin embargo, algunas de las videoconferencias son sólo de calidad promedio.",negative,ky_nang_giang_day
17296,Es una excelente introducción a R.,positive,chuong_trinh_hoc
17297,Gracias Andrew Ng por sus excelentes videos cortos  que brindaron mucho conocimiento en poco tiempo.,positive,ky_nang_giang_day
17297,Gracias Andrew Ng por sus excelentes videos cortos  que brindaron mucho conocimiento en poco tiempo.,positive,ky_nang_giang_day
17298,Casi ninguna tarea me llevó más de una hora completarla.,positive,bai_tap
17299,"Muy bien hecho, gran contenido.",positive,cung_cap_tai_lieu
17300,Un problema con el curso probablemente serán las conferencias.,negative,ky_nang_giang_day
17301,"Además, el lenguaje que se enseña en este curso (Python) es mucho más intuitivo que muchos de los otros lenguajes de programación que he probado.",positive,noi_chung
17302,El curso completo  está diseñado para sobrecargarlo con terminología para que pueda prepararse rápidamente para los siguientes  cursos.,negative,chuong_trinh_hoc
17303,"Además, todavía no he descubierto el foro de discusión ya que en mi opinión no es tan atractivo.",negative,hanh_vi
17304,Puedo decir que realmente salí de aquí con información que puedo aplicar en mi carrera.,positive,noi_chung
17305,La narración ha sido maravillosa y directa desde el corazón.,positive,ky_nang_giang_day
17306,Siedel El curso realizado es muy práctico y útil.,positive,ky_nang_giang_day
17307,"El instructor explica cada detalle, aunque es posible que te enfrentes a problemas mucho más difíciles en las tareas.",negative,bai_tap
17308,"La mayoría de ellos no son legibles: tienen muchas fuentes, muchos colores, algunos tienen imágenes complicadas y otros no tienen ninguna información.",negative,ky_nang_giang_day
17309,"Siento que ahora tengo una muy buena comprensión de la regresión lineal y logística y de las redes neuronales, así como de los otros métodos de aprendizaje que abordamos.",positive,chuong_trinh_hoc
17311,Gracias de corazón por este increíble curso : ),positive,noi_chung
17312,"Sin embargo, no hay tanta práctica dentro de este curso, como esperaba.",neutral,noi_chung
17313,"Excelente (1 curso), lo recomiendo mucho!",positive,de_xuat
17313,"Excelente (1 curso), lo recomiendo mucho!",positive,de_xuat
17314,"No vi una fecha determinada, pero supongo que este curso se construyó entre 2013 y 2014, por lo que la información ciertamente está actualizada.",positive,noi_chung
17315,"Algunos conceptos en JavaScript pueden ser complicados para estudiantes sin conocimientos de informática, pero este curso  realmente hace que las cosas sean más fáciles de entender.",positive,chuong_trinh_hoc
17316,Definitivamente utilizaré las herramientas que me enseñaron en mi segundo año y ser un profesor más efectivo.,positive,noi_chung
17317,"Las personas con experiencia previa en mecánica estadística, por otro lado, se beneficiarán de la inclusión de conexiones más complejas con la mecánica cuántica y la química física.",positive,noi_chung
17318,Ahora comprendo mucho mejor la motivación y la procrastinación.,positive,chuong_trinh_hoc
17319,"A pesar de que estuve muy pendiente de mi horario durante la cuarta semana, realmente disfruté el curso.",positive,noi_chung
17320,"Nivel alto texto, gráficos y referencias.",positive,cung_cap_tai_lieu
17321,"Además de una mayor incorporación y énfasis en los materiales escritos, creo que más ejemplos de la vida real de éxitos y fracasos diplomáticos serían un uso mucho más efectivo y entretenido del tiempo de la conferencia que la filosofía esotérica que parece caracterizarla en esta edición.",negative,cung_cap_tai_lieu
17322,¡Gracias Profesor !,positive,ky_nang_giang_day
17323,"Mi mayor queja es que muchos de los programas ejercicios tienen errores que no se han corregido, a pesar de que este curso lleva funcionando años.",negative,bai_tap
17324,"Si bien estas son bases excelentes, desearía que hubiera casi una segunda parte con más información de última generación material, especialmente aprendizaje profundo y una expansión de las redes neuronales.",positive,cung_cap_tai_lieu
17325,"Encontré el ejercicio  quisquilloso y confuso, y no hay ninguna indicación ni revisión de lo que realmente hiciste mal.",negative,bai_tap
17325,"Encontré el ejercicio  quisquilloso y confuso, y no hay ninguna indicación ni revisión de lo que realmente hiciste mal.",negative,bai_tap
17326,Cada sección es clara y fluye hacia la siguiente sección.,positive,ky_nang_giang_day
17327,"Descubrí que ritmo, estilo de contenido funcionaron para mí y me permitieron continuar con otros cursos.",positive,ky_nang_giang_day
17327,"Descubrí que ritmo, estilo de contenido funcionaron para mí y me permitieron continuar con otros cursos.",positive,ky_nang_giang_day
17328,"En lugar de temerle a las clases, me encontré entusiasmado por asistir todos los días y pude progresar más rápido que en el esquema del curso  debido a su método de enseñanza extremadamente claro y de apoyo.",positive,noi_chung
17329,Explicación detallada .,positive,ky_nang_giang_day
17330,"El material fue excepcional, pero como descubrí, las tareas se diluyeron con respecto a la versión anterior del curso que estaba disponible en 2014.",positive,cung_cap_tai_lieu
17330,"El material fue excepcional, pero como descubrí, las tareas se diluyeron con respecto a la versión anterior del curso que estaba disponible en 2014.",neutral,bai_tap
17331,"Muchas gracias por este curso, ¡realmente lo disfruté!",positive,noi_chung
17332,He aprendido y disfrutado mucho estas semanas.,positive,chuong_trinh_hoc
17333,Usar la intuición o el sentido común ya es suficiente para resolverlos.,neutral,bai_tap
17334,Completar este curso  de alguna manera me hace sentir mucho mejor preparado para estudiar por mi cuenta los libros de GR de nivel intermedio/avanzado que he tenido durante tanto tiempo.,positive,chuong_trinh_hoc
17335,Así que recomiendo este (curso 1) a cualquiera que quiera mejorar y ser más eficiente en su aprendizaje.,positive,de_xuat
17336,Muy bien: Profesor es paciente y amable.,positive,ky_nang_giang_day
17336,Muy bien: Profesor es paciente y amable.,positive,ky_nang_giang_day
17336,Muy bien: Profesor es paciente y amable.,positive,noi_chung
17337,Sería fantástico si pudieran volver con un curso  de cálculo multivariable.,positive,noi_chung
17338,"¡Realmente me encantó esta clase, muchísimo, muchísimo!",positive,noi_chung
17339,Las tareas fueron difíciles y realmente pusieron a prueba tus conocimientos de Python.,positive,bai_tap
17339,Las tareas fueron difíciles y realmente pusieron a prueba tus conocimientos de Python.,positive,ky_nang_giang_day
17340,La clase está bien organizada y es una excelente introducción para los estudiantes que buscan aprender sobre marketing digital.,positive,noi_chung
17341,La variedad y concentración de detalles fue impresionante y el profesor siempre participó activamente y claramente se involucró fuertemente en el material.,positive,chuong_trinh_hoc
17341,La variedad y concentración de detalles fue impresionante y el profesor siempre participó activamente y claramente se involucró fuertemente en el material.,positive,hanh_vi
17341,La variedad y concentración de detalles fue impresionante y el profesor siempre participó activamente y claramente se involucró fuertemente en el material.,positive,ky_nang_giang_day
17342,Muy útil para principiantes. Habla muy lento y sigue repitiendo las palabras hasta que las entiendes.,positive,ky_nang_giang_day
17342,Muy útil para principiantes. Habla muy lento y sigue repitiendo las palabras hasta que las entiendes.,positive,noi_chung
17342,Muy útil para principiantes. Habla muy lento y sigue repitiendo las palabras hasta que las entiendes.,positive,ky_nang_giang_day
17343,Andrew Ng proporciona valiosas instrucciones sobre la intuición y la implementación de algoritmos de aprendizaje automático.,positive,ky_nang_giang_day
17344,Gracias Barbara y al equipo del curso por compartir sus historias personales inspiradoras.,positive,ky_nang_giang_day
17345,"Deberían reemplazar estos cuestionarios con proyectos, donde escribes código real.",negative,chuong_trinh_hoc
17346,"Bueno (curso 2), pero podría ser más desafiante.",positive,noi_chung
17346,"Bueno (curso 2), pero podría ser más desafiante.",negative,chuong_trinh_hoc
17347,"Si uno es un principiante absoluto, puede comenzar desde el principio con esta especialidad en su propio horario (a pedido, a la velocidad de la luz) y a un precio asequible ($0) y tener confianza en avances significativos en su conocimiento del funcionamiento de Internet, en general, y de Python, en particular.",positive,chuong_trinh_hoc
17348,No me resultó muy interesante escuchar las funciones de i-phone y sumsung,negative,chuong_trinh_hoc
17349,El profesor tiene una inmensa cantidad de carisma y una forma concisa de explicar los conceptos.,positive,ky_nang_giang_day
17349,El profesor tiene una inmensa cantidad de carisma y una forma concisa de explicar los conceptos.,positive,ky_nang_giang_day
17350,"Gracias, Dr. Chuck.",positive,ky_nang_giang_day
17351,Podría haber sido mejor si el problema de seguimiento tuviera más ejemplos que mostraran su aplicación práctica.,neutral,ky_nang_giang_day
17352,¡Genial (curso de 2 cursos)! Realmente cubrió muchos detalles.,positive,noi_chung
17352,¡Genial (curso de 2 cursos)! Realmente cubrió muchos detalles.,positive,chuong_trinh_hoc
17353,"Muy centrado en aplicaciones concretas, pero también en proporcionar un cierto nivel de profundidad en la parte teórica.",positive,noi_chung
17353,"Muy centrado en aplicaciones concretas, pero también en proporcionar un cierto nivel de profundidad en la parte teórica.",positive,noi_chung
17354,Sabía algunas cosas del curso  pero no tenía idea de otras.,positive,noi_chung
17355,"Puede que no esté de acuerdo con todo lo que dice el curso  y algunas de sus afirmaciones pueden haberme hecho sentir un poco incómodo, pero en general es un curso  interesante y esclarecedor.",negative,ky_nang_giang_day
17355,"Puede que no esté de acuerdo con todo lo que dice el curso  y algunas de sus afirmaciones pueden haberme hecho sentir un poco incómodo, pero en general es un curso  interesante y esclarecedor.",positive,chuong_trinh_hoc
17356,"Dicho esto, el curso  estuvo muy bien organizado, tuvo excelentes ejemplos y conferencias (aunque el audio podría aclararse bastante usando un micrófono de gama alta, preamplificador, interfaz y un software de producción de audio asequible como Reaper para aclarar la voz).",positive,chuong_trinh_hoc
17356,"Dicho esto, el curso  estuvo muy bien organizado, tuvo excelentes ejemplos y conferencias (aunque el audio podría aclararse bastante usando un micrófono de gama alta, preamplificador, interfaz y un software de producción de audio asequible como Reaper para aclarar la voz).",positive,chuong_trinh_hoc
17356,"Dicho esto, el curso  estuvo muy bien organizado, tuvo excelentes ejemplos y conferencias (aunque el audio podría aclararse bastante usando un micrófono de gama alta, preamplificador, interfaz y un software de producción de audio asequible como Reaper para aclarar la voz).",positive,ky_nang_giang_day
17357,Prof. Yaakov Chaikin es un mentor talentoso.,positive,ky_nang_giang_day
17358,"El curso  es muy bueno, pero me gustaría hacer tres sugerencias: 1) No tienes una retroalimentación de lo que hiciste mal en los ejercicios.",positive,noi_chung
17359,Se lo recomendaría encarecidamente a todo aquel que quiera comprender los matices del poder y la influencia y usarlos para impulsar las ideas correctas y evitar dejarse influenciar por las equivocadas.,positive,de_xuat
17360,Harris enseña cosas complejas de una manera fácil.,positive,ky_nang_giang_day
17361,¡Has hecho un gran trabajo!,positive,noi_chung
17362,Este curso  me ha ayudado mucho a convertirme en un líder visionario.,positive,noi_chung
17363,"Además, tiene excelentes habilidades de presentación, que hacen que sus conferencias sean amenas y fáciles de seguir.",positive,ky_nang_giang_day
17363,"Además, tiene excelentes habilidades de presentación, que hacen que sus conferencias sean amenas y fáciles de seguir.",positive,ky_nang_giang_day
17364,"Dra. Maya Adam hizo un muy buen trabajo con los videos de las conferencias, el contenido del curso, etc.",positive,ky_nang_giang_day
17365,Realmente adoré al instructor (su acento y forma de explicar lo hicieron muy divertido).,positive,ky_nang_giang_day
17366,Algunos problemas con la tarea de programación .,negative,bai_tap
17367,El método paso a paso para explicar este campo complejo en términos simples es realmente útil.,positive,ky_nang_giang_day
17368,Excepcional presentación.,positive,ky_nang_giang_day
17369,Este es un excelente curso curso para que cualquiera comprenda de qué se trata el aprendizaje automático.,positive,noi_chung
17370,Un poco decepcionado.,negative,noi_chung
17371,"Pero es un curso excepcional curso, y es asombroso, si lo piensas, tener horas de acceso gratuito a Gary Burton.",positive,noi_chung
17372,"Descargar código puede ser una opción, aunque es mejor que escribamos el código siguiendo la lección, porque descargar me vuelve perezoso; escribir el código por nosotros mismos es una buena forma de aprender.",negative,noi_chung
17373,Muchas gracias a Sr. Kim por su enseñanza altamente profesional y por los momentos divertidos.,positive,ky_nang_giang_day
17373,Muchas gracias a Sr. Kim por su enseñanza altamente profesional y por los momentos divertidos.,positive,ky_nang_giang_day
17374,Porque la lectura la podemos hacer nosotros mismos y hay muchos contenidos disponibles de forma gratuita.,positive,cung_cap_tai_lieu
17375,El curso  es realmente bueno.,positive,noi_chung
17376,"Combinado con el curso HTML y CSS curso en CODECADEMY tengo la capacidad de escribir HTML simple, leer el código de otras personas y encontrar los recursos necesarios para comenzar con mi propia página.",positive,noi_chung
17377,"Hola, me encantó este curso .",positive,noi_chung
17378,"En general, disfruté mucho de este curso (y fue bastante fácil para mí porque ya tengo cierta experiencia en esto), pero hubo algunos problemas técnicos, especialmente con respecto al acceso a las tareas.",positive,noi_chung
17378,"En general, disfruté mucho de este curso (y fue bastante fácil para mí porque ya tengo cierta experiencia en esto), pero hubo algunos problemas técnicos, especialmente con respecto al acceso a las tareas.",negative,bai_tap
17379,"Esta clase enseñó bien los conceptos básicos de R, pero no hizo nada para enseñar cómo probar el código R (¡una parte clave de la escritura de código!), las mejores prácticas para la modularización y la factorización, etc.",positive,ky_nang_giang_day
17380,He revisado 7 artículos (requisito de 3) y se muestran como deficientes.,negative,noi_chung
17381,"Junto con la parte 1 del curso , lo recomendaré a todos los estudiantes que trabajen en nanotecnología.",positive,de_xuat
17382,"Tengo muchas más preguntas, pero hasta que no vea el final (curso 1), no puedo decir si serán respondidas.",neutral,noi_chung
17383,"Sentí que el curso  está más centrado en el Reino Unido; además, debería ser una ventaja adicional tener un poco más de conocimiento sobre la educación en referencia a los antiguos educadores.",positive,noi_chung
17383,"Sentí que el curso  está más centrado en el Reino Unido; además, debería ser una ventaja adicional tener un poco más de conocimiento sobre la educación en referencia a los antiguos educadores.",positive,noi_chung
17384,"Las conferencias explican los conceptos básicos fundamentales de Swift, que son realmente útiles, pero no son lo suficientemente completos.",negative,ky_nang_giang_day
17385,Gracias por esta conferencia. ¡Es una experiencia que realmente me cambió la vida!,positive,chuong_trinh_hoc
17386,Creo que en general los profesores hicieron un gran trabajo al explicar los materiales del curso.,positive,ky_nang_giang_day
17387,Fue una buena experiencia .,positive,noi_chung
17388,Creo que pasé alrededor de 20 horas por semana para tratar de absorber el material.,positive,cung_cap_tai_lieu
17389,Me encantan las conferencias de la Dra. Oakley (2: su uso de metáforas y zombies hacen que el curso sea realmente divertido.,positive,ky_nang_giang_day
17389,Me encantan las conferencias de la Dra. Oakley (2: su uso de metáforas y zombies hacen que el curso sea realmente divertido.,positive,ky_nang_giang_day
17391,Al final sentí que realmente tenía un conocimiento sólido de la programación de bajo nivel y los conceptos básicos de programación.,positive,chuong_trinh_hoc
17392,Me siento muy apegado a este (1.er curso) y me resultaría extremadamente difícil no tener una reacción afectiva hacia él.,positive,noi_chung
17393,La notación funcional y las series serían especialmente útiles.,positive,chuong_trinh_hoc
17394,Estoy eternamente agradecido.,positive,noi_chung
17395,"La solución de los problemas suele resultar bastante sencilla, pero no es aplicable a un conjunto grande de problemas, sino solo al conjunto de datos particular que se da (y las características de este conjunto de datos no están dadas; por lo que termino pensando en todas las posibilidades que podrían ocurrir para ese conjunto de datos, lo que hace que el problema sea más difícil).",neutral,bai_tap
17396,"He completado este curso en poco tiempo, pero el curso es increíble y proporciona información básica y los videos están ayudando mucho.",positive,noi_chung
17396,"He completado este curso en poco tiempo, pero el curso es increíble y proporciona información básica y los videos están ayudando mucho.",positive,cung_cap_tai_lieu
17397,La información que te da además del curso en sí es muy útil para crear tus propios juegos y practicar por tu cuenta.,positive,kinh_nghiem
17398,También sentí que las secciones sobre programación dinámica parecían un poco apresuradas y necesitaba dedicar un poco de tiempo a investigar esto en terceros antes de sentirme cómodo completando los ejercicios.,negative,cung_cap_tai_lieu
17399,El profesor Yaakov es increíblemente talentoso y mantiene las lecciones dinámicas y entra en detalles sin hacerlo aburrido.,positive,ky_nang_giang_day
17399,El profesor Yaakov es increíblemente talentoso y mantiene las lecciones dinámicas y entra en detalles sin hacerlo aburrido.,positive,ky_nang_giang_day
17399,El profesor Yaakov es increíblemente talentoso y mantiene las lecciones dinámicas y entra en detalles sin hacerlo aburrido.,positive,ky_nang_giang_day
17400,Este curso es genial.,positive,noi_chung
17401,"Las diapositivas  tienen varios errores y faltas tipográficas, lo que hace dudar de todo el curso.",negative,ky_nang_giang_day
17402,"El texto necesario que debía haber sido enseñado fue entregado con cuidado, sin asfixiar al estudiante.",positive,cung_cap_tai_lieu
17403,Recomendaría este curso curso a desarrolladores existentes sin conocimientos previos de informática.,positive,de_xuat
17404,Muchas opiniones basadas en poca evidencia.,negative,chuong_trinh_hoc
17405,Esta serie de clases vale la pena en tiempo y dinero.,positive,chuong_trinh_hoc
17406,Eso es realmente fantástico.,positive,noi_chung
17407,Es un curso recomendado  para cualquier profesor.,positive,de_xuat
17408,El curso material no cubría lo que necesitábamos para los exámenes semanales (particularmente en las semanas 3 y 4) y el examen final fue inmensamente difícil.,negative,bai_tap
17408,El curso material no cubría lo que necesitábamos para los exámenes semanales (particularmente en las semanas 3 y 4) y el examen final fue inmensamente difícil.,negative,cung_cap_tai_lieu
17657,Prof. Charles est incroyable.,positive,ky_nang_giang_day
17972,zabavno .,positive,noi_chung
17974,Sjajno profesor .,positive,ky_nang_giang_day
17975,Hvala vam puno profesore.,positive,ky_nang_giang_day
17979,"Stvarno sam volio ovaj razred, jako, jako!",positive,noi_chung
17985,Prof. Charles luar biasa.,positive,ky_nang_giang_day
17990,"Kecuali itu, itu luar biasa.",positive,noi_chung
17997,De professor las in principe alles.,negative,ky_nang_giang_day
18014,Muito claro palestras.,positive,ky_nang_giang_day
18043,Desafiador Tarefas.,positive,bai_tap
18044,"Emocionante, perspicaz e",positive,noi_chung
18044,"Emocionante, perspicaz e",positive,chuong_trinh_hoc
18115,Eu recomendaria com prazer este curso.,positive,de_xuat
18138,As palestras foram ótimas e envolventes.,positive,ky_nang_giang_day
18138,As palestras foram ótimas e envolventes.,positive,ky_nang_giang_day
18142,"Obrigado pela sua ótima palestra, Dr. Chunk.",positive,ky_nang_giang_day
18149,"Olá, obrigado por este curso bem estruturado .",positive,chuong_trinh_hoc
18159,Eu adoraria.,positive,noi_chung
18177,Sólido curso.,positive,noi_chung
18217,Um pouco básico para mim.,positive,noi_chung
18219,Ótimo professor.,positive,ky_nang_giang_day
18244,Obrigado .,positive,noi_chung
18290,Eu recomendo este curso.,positive,de_xuat
18303,Foi fácil entender os pontos mencionados por ele.,positive,ky_nang_giang_day
18416,Espero que ela seja minha professora na faculdade : ( jaja .,positive,ky_nang_giang_day
18423,Lindo !,positive,noi_chung
18431,5+ estrelas.,positive,chuong_trinh_hoc
18476,Obrigado Professor!,positive,ky_nang_giang_day
18504,"Obrigado, Dr. Chuck.",positive,ky_nang_giang_day
18576,Var en bra upplevelse.,positive,noi_chung
18577,"Asante sana , Dk. Chuck na timu !",positive,ky_nang_giang_day
18580,"Asante Profesa , na asante Coursera.",positive,noi_chung
18583,Nilipenda mazoezi .,positive,bai_tap
18584,Asante sana kwa hili kozi .,positive,noi_chung
18588,Imara kozi .,positive,noi_chung
18591,"Bora video , maswali na mazoezi .",positive,ky_nang_giang_day
18591,"Bora video , maswali na mazoezi .",positive,bai_tap
18592,Asante.,positive,noi_chung
18595,Asante sana profesa .,positive,ky_nang_giang_day
18603,Nilipenda kozi .,positive,noi_chung
18605,Asante Profesa !,positive,ky_nang_giang_day
18606,"Asante , Dr. Chuck .",positive,ky_nang_giang_day
19820,El personal  fue excelente: muy amable y servicial.,positive,thiet_bi_day_hoc
19820,El personal  fue excelente: muy amable y servicial.,positive,thiet_bi_day_hoc
19821,El vestíbulo  es lo suficientemente grande para albergar a cien personas.,positive,thiet_bi_day_hoc
19822,"Si bien tiene una calificación de 2 estrellas, es porque no tiene cosas como ascensores, un gran vestíbulo elegante o plancha para los huéspedes, ¡pero todo lo demás era de 4 estrellas!",negative,thiet_bi_day_hoc
19823,"Todo es genial: la piscina, la playa, la comida, los cócteles pero solo hay un problema con la habitación con un olor horrible y ciertamente no es de 5 estrellas sino de 3.",positive,thiet_bi_day_hoc
19823,"Todo es genial: la piscina, la playa, la comida, los cócteles pero solo hay un problema con la habitación con un olor horrible y ciertamente no es de 5 estrellas sino de 3.",positive,thiet_bi_day_hoc
19824,Fui al Millennium Hotel con mi esposo y ¡me enamoré por completo del área de spa/piscina!,positive,thiet_bi_day_hoc
19825,La única queja es que el wifi gratuito es un poco lento.,negative,thiet_bi_day_hoc
19826,El bar es acogedor y el restaurante excepcional.,positive,thiet_bi_day_hoc
19826,El bar es acogedor y el restaurante excepcional.,positive,thiet_bi_day_hoc
19827,"Agradable recepción, cerca de cafés y trattorias, a pocos pasos del tren -",positive,thiet_bi_day_hoc
19828,"Los únicos aspectos negativos que notamos fueron que el servicio de transporte desde LAX es a pedido, lo cual no sabíamos y perdimos algo de tiempo esperando en la acera antes de llamar, y si alquila un automóvil o conduce, tenga en cuenta que el estacionamiento del hotel cuesta $ 15,00 por noche.",negative,thiet_bi_day_hoc
19829,"El restaurante es muy bueno, precios razonables, menú enorme, muy popular.",positive,thiet_bi_day_hoc
19829,"El restaurante es muy bueno, precios razonables, menú enorme, muy popular.",positive,thiet_bi_day_hoc
19830,"Langham Place es mi nuevo negocio hotel a partir de ahora en Hong Kong. No tuve tiempo de explorar los alrededores, pero puedo sacar mejores conclusiones sobre el hotel y sus instalaciones.",positive,thiet_bi_day_hoc
19831,El restaurante en la azotea es excelente y vale la pena visitarlo.,positive,thiet_bi_day_hoc
19832,"El área piscina y jacuzzi fue increíble, aunque casi no tuvimos tiempo para relajarnos porque estábamos muy ocupados recorriendo Los Ángeles.",positive,thiet_bi_day_hoc
19832,"El área piscina y jacuzzi fue increíble, aunque casi no tuvimos tiempo para relajarnos porque estábamos muy ocupados recorriendo Los Ángeles.",positive,thiet_bi_day_hoc
19833,"El desayuno era de primera categoría, al igual que el encantador bar en la azotea.",positive,thiet_bi_day_hoc
19834,El acceso gratuito a Internet en el vestíbulo y un Starbucks lo convirtieron en la base perfecta para explorar Boston durante unos días.,positive,thiet_bi_day_hoc
19835,"También disfrutamos de las actividades junto a la piscina, por ejemplo, clases de español, aeróbic acuático; gracias al equipo de actividades que hizo un gran trabajo.",positive,thiet_bi_day_hoc
19836,Lo único que el hotel podría mejorar eran los asientos en el vestíbulo principal: hay un par de sillas y un sofá y mucho espacio vacío.,neutral,thiet_bi_day_hoc
19837,"No volvería a The Clift; el Redwood Bar es divertido y el personal de recepción y de recepción es bueno, pero eso es todo.",positive,thiet_bi_day_hoc
19838,"Sobre todo nos impresionó el roof top bar, que sirve té y café gratis y era un lugar fantástico para ver la puesta de sol.",positive,thiet_bi_day_hoc
19838,"Sobre todo nos impresionó el roof top bar, que sirve té y café gratis y era un lugar fantástico para ver la puesta de sol.",positive,thiet_bi_day_hoc
19838,"Sobre todo nos impresionó el roof top bar, que sirve té y café gratis y era un lugar fantástico para ver la puesta de sol.",positive,thiet_bi_day_hoc
19839,"No hay nada extraordinario en este hotel, el gimnasio es pintoresco, las habitaciones son pequeñas, el baño es realmente grande, era aproximadamente la mitad del tamaño del dormitorio...",negative,thiet_bi_day_hoc
19840,"El servicio es bueno, bastante bueno, y las escaleras (no hay ascensor) pueden dar miedo si tienes maletas grandes.",negative,thiet_bi_day_hoc
19841,"Intentar conseguir una bebida en el hotel bar fue un desafío, pero si no tienes prisa, la conseguirás.",positive,thiet_bi_day_hoc
19841,"Intentar conseguir una bebida en el hotel bar fue un desafío, pero si no tienes prisa, la conseguirás.",neutral,thiet_bi_day_hoc
19842,También fue agradable poder obtener estación de computadora Internet de forma gratuita.,positive,thiet_bi_day_hoc
19842,También fue agradable poder obtener estación de computadora Internet de forma gratuita.,positive,thiet_bi_day_hoc
19843,Enorme variedad en el enorme desayuno tipo buffet y la mejor piscina / sauna / club de salud que jamás hayamos usado.,positive,thiet_bi_day_hoc
19844,Tenían un gran suministro de todos los periódicos disponibles en el vestíbulo de forma gratuita.,positive,thiet_bi_day_hoc
19845,"La habitación : estaba muy limpia, el baño era bonito y el alojamiento era muy moderno.",positive,thiet_bi_day_hoc
19846,"Una vez que el aire acondicionado está funcionando no escuchas el ruido, y cuando sólo necesitas cinco minutos para llegar a cualquier lugar, te olvidas de la mala educación del personal de recepción.",positive,thiet_bi_day_hoc
19847,"Tenga en cuenta que no tenía instalaciones para hacer ejercicio y el restaurante del hotel era caro; sin embargo, había opciones para comer disponibles en varios restaurantes a entre 1 y 3 minutos a pie.",negative,thiet_bi_day_hoc
19847,"Tenga en cuenta que no tenía instalaciones para hacer ejercicio y el restaurante del hotel era caro; sin embargo, había opciones para comer disponibles en varios restaurantes a entre 1 y 3 minutos a pie.",negative,thiet_bi_day_hoc
19848,Prepárese para pagar $ 25 por día también por el estacionamiento.,negative,thiet_bi_day_hoc
19849,estacionamiento es muy caro y a la tarifa de estacionamiento se le suman los impuestos.,negative,thiet_bi_day_hoc
19850,"Se ve el océano desde cada habitación, el mayordomo fue genial y, si bien el personal no fue el más eficiente del mundo, sus esfuerzos y amabilidad lo compensan.",positive,noi_chung
19851,"Excelente ubicación a poca distancia de la estación de tren y del estacionamiento del hotel (tarifa diaria razonable de $ 13,00 USD).",positive,thiet_bi_day_hoc
19852,"Muy agradable hotel, con excelentes instalaciones si es necesario.",positive,thiet_bi_day_hoc
19853,El desayuno era bueno y el bar  en la parte delantera del hotel tenía un ambiente agradable.,positive,thiet_bi_day_hoc
19863,Bar espace convivial .,positive,thiet_bi_day_hoc
19924,Baa eneo - kirafiki .,positive,thiet_bi_day_hoc
20679,"Looks like a Monte Carlo method, doesn't it?",neutral,kien_thuc
20891,"DR. Strang, al observar los exámenes aprobados en el MIT, me parecen muy desafiantes. Hay muchos giros y vueltas en sus exámenes. Espero que los estudiantes del MIT estén aprendiendo álgebra lineal que los acompañará para siempre. Se supone que estos estudiantes son los más brillantes del mundo.",negative,ky_nang_giang_day
20891,"DR. Strang, al observar los exámenes aprobados en el MIT, me parecen muy desafiantes. Hay muchos giros y vueltas en sus exámenes. Espero que los estudiantes del MIT estén aprendiendo álgebra lineal que los acompañará para siempre. Se supone que estos estudiantes son los más brillantes del mundo.",negative,noi_chung
20891,"DR. Strang, al observar los exámenes aprobados en el MIT, me parecen muy desafiantes. Hay muchos giros y vueltas en sus exámenes. Espero que los estudiantes del MIT estén aprendiendo álgebra lineal que los acompañará para siempre. Se supone que estos estudiantes son los más brillantes del mundo.",neutral,noi_chung
20891,"DR. Strang, al observar los exámenes aprobados en el MIT, me parecen muy desafiantes. Hay muchos giros y vueltas en sus exámenes. Espero que los estudiantes del MIT estén aprendiendo álgebra lineal que los acompañará para siempre. Se supone que estos estudiantes son los más brillantes del mundo.",neutral,kien_thuc
20892,"Este (video 1) es lo que me mantiene en la vida, Dios bendiga el cálculo.",positive,chuong_trinh_hoc
20893,Entiendo cómo se sintieron cuando dijo Expansión de Taylor.,neutral,kien_thuc
20894,Este chico es un gran profesor.,positive,ky_nang_giang_day
20895,Prof Leonard es mucho mejor,positive,ky_nang_giang_day
20896,¡Espera! ¿Cómo se puede aceptar cadena ab si q3 no acepta el estado/estado final? 14:,neutral,kien_thuc
20897,"¿Alguien tiene la intuición de por qué proyección y mínimos cuadrados llegan a la misma solución? Mi única intuición es que noción de ""longitud"" es algo así como ""al cuadrado""",neutral,kien_thuc
20897,"¿Alguien tiene la intuición de por qué proyección y mínimos cuadrados llegan a la misma solución? Mi única intuición es que noción de ""longitud"" es algo así como ""al cuadrado""",neutral,kien_thuc
20897,"¿Alguien tiene la intuición de por qué proyección y mínimos cuadrados llegan a la misma solución? Mi única intuición es que noción de ""longitud"" es algo así como ""al cuadrado""",neutral,kien_thuc
20897,"¿Alguien tiene la intuición de por qué proyección y mínimos cuadrados llegan a la misma solución? Mi única intuición es que noción de ""longitud"" es algo así como ""al cuadrado""",neutral,kien_thuc
20898,"Muchas gracias a profesor Jerison, Joel Lewis, Christine Breiner, profesor Miller y al MIT por este excelente curso gratuito. La buena educación nunca ha sido tan accesible. ¡A las 18.02!",positive,ky_nang_giang_day
20898,"Muchas gracias a profesor Jerison, Joel Lewis, Christine Breiner, profesor Miller y al MIT por este excelente curso gratuito. La buena educación nunca ha sido tan accesible. ¡A las 18.02!",positive,ky_nang_giang_day
20898,"Muchas gracias a profesor Jerison, Joel Lewis, Christine Breiner, profesor Miller y al MIT por este excelente curso gratuito. La buena educación nunca ha sido tan accesible. ¡A las 18.02!",positive,ky_nang_giang_day
20898,"Muchas gracias a profesor Jerison, Joel Lewis, Christine Breiner, profesor Miller y al MIT por este excelente curso gratuito. La buena educación nunca ha sido tan accesible. ¡A las 18.02!",positive,ky_nang_giang_day
20898,"Muchas gracias a profesor Jerison, Joel Lewis, Christine Breiner, profesor Miller y al MIT por este excelente curso gratuito. La buena educación nunca ha sido tan accesible. ¡A las 18.02!",positive,noi_chung
20898,"Muchas gracias a profesor Jerison, Joel Lewis, Christine Breiner, profesor Miller y al MIT por este excelente curso gratuito. La buena educación nunca ha sido tan accesible. ¡A las 18.02!",positive,chuong_trinh_hoc
20899,"Si esto fue durante el otoño de 2007, ¿por qué se subió el 14 de abril de 2009?",neutral,chuong_trinh_hoc
20900,"@[NOMBRE DE USUARIO]hmmm, me salté lo fácil partes vectoriales jajaja. Pero ella parece un poco marrón dorada, no el típico color rubio de Paris Hilton. Podría ser la iluminación la que la hace rubia.",positive,noi_chung
20900,"@[NOMBRE DE USUARIO]hmmm, me salté lo fácil partes vectoriales jajaja. Pero ella parece un poco marrón dorada, no el típico color rubio de Paris Hilton. Podría ser la iluminación la que la hace rubia.",positive,ky_nang_giang_day
20901,¡Me encantan las pizarras! Me alegro de que todavía las usen.,positive,thiet_bi_day_hoc
20901,¡Me encantan las pizarras! Me alegro de que todavía las usen.,positive,ky_nang_giang_day
20902,"Pensándolo bien, quiero agradecer a mi profesor de estadística. Dios no permita que este tipo enseñe en mi alma mater. Solo mencionar desviación estándar sin ninguna explicación... no.",negative,ky_nang_giang_day
20902,"Pensándolo bien, quiero agradecer a mi profesor de estadística. Dios no permita que este tipo enseñe en mi alma mater. Solo mencionar desviación estándar sin ninguna explicación... no.",neutral,kien_thuc
20902,"Pensándolo bien, quiero agradecer a mi profesor de estadística. Dios no permita que este tipo enseñe en mi alma mater. Solo mencionar desviación estándar sin ninguna explicación... no.",neutral,noi_chung
20903,35:00 ¿Por qué mata al basevector v2? ¿Es porque lo transforma?,neutral,kien_thuc
20904,"Brillante, mejor insight que el original 18.06",negative,chuong_trinh_hoc
20904,"Brillante, mejor insight que el original 18.06",positive,chuong_trinh_hoc
20905,¿Por qué no utilizar una pizarra más grande?,negative,thiet_bi_day_hoc
20906,"para el cicloide, la prueba se dio en términos de ángulo, luego se dijo que en radio = 1 y velocidad = unidad, el ángulo puede reemplazarse con tiempo. Por lo tanto, el vector r del cicloide se obtuvo en términos de t. Además, usando este r en términos de t, la velocidad se calculó como sqrt (2-2cost). Mi pregunta es cuándo se llegó a la relación en términos de t usando velocidad = unidad, ¿por qué viene como sqrt (2-2cost)?",positive,kien_thuc
20906,"para el cicloide, la prueba se dio en términos de ángulo, luego se dijo que en radio = 1 y velocidad = unidad, el ángulo puede reemplazarse con tiempo. Por lo tanto, el vector r del cicloide se obtuvo en términos de t. Además, usando este r en términos de t, la velocidad se calculó como sqrt (2-2cost). Mi pregunta es cuándo se llegó a la relación en términos de t usando velocidad = unidad, ¿por qué viene como sqrt (2-2cost)?",negative,kien_thuc
20907,"Pensé que lo miraría durante 5 minutos, pero terminé quedándome toda la clase...",neutral,chuong_trinh_hoc
20908,"La absoluta falta de rigor y la falta de precisión de la lección  hacen que este video sea un segmento de divulgación científica en lugar de una lección de matemáticas . Un buen segmento de divulgación científica, pero ciertamente espero que los estudiantes de Física e ingeniería del MIT se sientan orientados a tomar algo con un nivel más alto, significativamente más alto. Los estudiantes de grado de Física no necesitan un rigor total, pero una falta tan total de él no desarrolla el pensamiento matemático.",negative,chuong_trinh_hoc
20909,Acabo de terminar el 18.02. ¡Gracias Prof. Denis Auroux y MIT OCW!,positive,ky_nang_giang_day
20909,Acabo de terminar el 18.02. ¡Gracias Prof. Denis Auroux y MIT OCW!,positive,noi_chung
20910,El salón necesita más pizarrones,neutral,thiet_bi_day_hoc
20911,"Profesor Strang, esta es una conferencia muy útil que comienza con temas clásicos de matemáticas. La programación lineal y los juegos de dos personas son temas importantes en matemáticas aplicadas.",positive,ky_nang_giang_day
20911,"Profesor Strang, esta es una conferencia muy útil que comienza con temas clásicos de matemáticas. La programación lineal y los juegos de dos personas son temas importantes en matemáticas aplicadas.",positive,chuong_trinh_hoc
20912,"Después de ver esta conferencia, todo lo que puedo decir es que estoy realmente asombrado. ¡Qué video genial! Excepto por el hecho de que no pude entender ni una palabra que estaba diciendo (actualmente estoy estudiando Matemáticas técnicas en la escuela secundaria). Quiero decir que la cámara estaba en su punto, su escritura era agradable y los estudiantes eran bastante educados. ¡Excelente! MIT, seguro que no decepcionas :D",positive,chuong_trinh_hoc
20912,"Después de ver esta conferencia, todo lo que puedo decir es que estoy realmente asombrado. ¡Qué video genial! Excepto por el hecho de que no pude entender ni una palabra que estaba diciendo (actualmente estoy estudiando Matemáticas técnicas en la escuela secundaria). Quiero decir que la cámara estaba en su punto, su escritura era agradable y los estudiantes eran bastante educados. ¡Excelente! MIT, seguro que no decepcionas :D",neutral,noi_chung
20912,"Después de ver esta conferencia, todo lo que puedo decir es que estoy realmente asombrado. ¡Qué video genial! Excepto por el hecho de que no pude entender ni una palabra que estaba diciendo (actualmente estoy estudiando Matemáticas técnicas en la escuela secundaria). Quiero decir que la cámara estaba en su punto, su escritura era agradable y los estudiantes eran bastante educados. ¡Excelente! MIT, seguro que no decepcionas :D",positive,thiet_bi_day_hoc
20912,"Después de ver esta conferencia, todo lo que puedo decir es que estoy realmente asombrado. ¡Qué video genial! Excepto por el hecho de que no pude entender ni una palabra que estaba diciendo (actualmente estoy estudiando Matemáticas técnicas en la escuela secundaria). Quiero decir que la cámara estaba en su punto, su escritura era agradable y los estudiantes eran bastante educados. ¡Excelente! MIT, seguro que no decepcionas :D",positive,chuong_trinh_hoc
20912,"Después de ver esta conferencia, todo lo que puedo decir es que estoy realmente asombrado. ¡Qué video genial! Excepto por el hecho de que no pude entender ni una palabra que estaba diciendo (actualmente estoy estudiando Matemáticas técnicas en la escuela secundaria). Quiero decir que la cámara estaba en su punto, su escritura era agradable y los estudiantes eran bastante educados. ¡Excelente! MIT, seguro que no decepcionas :D",positive,noi_chung
20912,"Después de ver esta conferencia, todo lo que puedo decir es que estoy realmente asombrado. ¡Qué video genial! Excepto por el hecho de que no pude entender ni una palabra que estaba diciendo (actualmente estoy estudiando Matemáticas técnicas en la escuela secundaria). Quiero decir que la cámara estaba en su punto, su escritura era agradable y los estudiantes eran bastante educados. ¡Excelente! MIT, seguro que no decepcionas :D",positive,chuong_trinh_hoc
20913,Introducción a las transformaciones lineales y los horrores de álgebra lineal jaja,negative,kien_thuc
20914,Increíble video para pizarra ASMR,positive,chuong_trinh_hoc
20915,Me gusta mucho el posprocesamiento de video que mejora todos esos escritura a mano.,positive,chuong_trinh_hoc
20915,Me gusta mucho el posprocesamiento de video que mejora todos esos escritura a mano.,positive,thiet_bi_day_hoc
20915,Me gusta mucho el posprocesamiento de video que mejora todos esos escritura a mano.,positive,thiet_bi_day_hoc
20916,"Cuando el profesor Stang dice que A = uV^T, sospecho que u es la columna pivote y V^T es la fila pivote. ¿Estoy en lo cierto? Pero, de todos modos, la conferencia es fantástica como siempre y estos son realmente un regalo. Muchas gracias profesor Strang y MIT.",positive,ky_nang_giang_day
20916,"Cuando el profesor Stang dice que A = uV^T, sospecho que u es la columna pivote y V^T es la fila pivote. ¿Estoy en lo cierto? Pero, de todos modos, la conferencia es fantástica como siempre y estos son realmente un regalo. Muchas gracias profesor Strang y MIT.",positive,chuong_trinh_hoc
20917,"Pregunta 23:40 - entonces tienes H2 y para construir H4 hiciste H2(H2) Para obtener H8 hiciste H2(H4) pero también haces H4(H2) = H8? Porque estaba pensando que si pones H4(H4) terminarías con 16 términos y eso debería ser lo mismo que hacer H4(H2(H2)) ya que, bueno, H2(H2) = H4...",neutral,kien_thuc
20917,"Pregunta 23:40 - entonces tienes H2 y para construir H4 hiciste H2(H2) Para obtener H8 hiciste H2(H4) pero también haces H4(H2) = H8? Porque estaba pensando que si pones H4(H4) terminarías con 16 términos y eso debería ser lo mismo que hacer H4(H2(H2)) ya que, bueno, H2(H2) = H4...",neutral,kien_thuc
20917,"Pregunta 23:40 - entonces tienes H2 y para construir H4 hiciste H2(H2) Para obtener H8 hiciste H2(H4) pero también haces H4(H2) = H8? Porque estaba pensando que si pones H4(H4) terminarías con 16 términos y eso debería ser lo mismo que hacer H4(H2(H2)) ya que, bueno, H2(H2) = H4...",neutral,kien_thuc
20917,"Pregunta 23:40 - entonces tienes H2 y para construir H4 hiciste H2(H2) Para obtener H8 hiciste H2(H4) pero también haces H4(H2) = H8? Porque estaba pensando que si pones H4(H4) terminarías con 16 términos y eso debería ser lo mismo que hacer H4(H2(H2)) ya que, bueno, H2(H2) = H4...",neutral,kien_thuc
20917,"Pregunta 23:40 - entonces tienes H2 y para construir H4 hiciste H2(H2) Para obtener H8 hiciste H2(H4) pero también haces H4(H2) = H8? Porque estaba pensando que si pones H4(H4) terminarías con 16 términos y eso debería ser lo mismo que hacer H4(H2(H2)) ya que, bueno, H2(H2) = H4...",neutral,kien_thuc
20917,"Pregunta 23:40 - entonces tienes H2 y para construir H4 hiciste H2(H2) Para obtener H8 hiciste H2(H4) pero también haces H4(H2) = H8? Porque estaba pensando que si pones H4(H4) terminarías con 16 términos y eso debería ser lo mismo que hacer H4(H2(H2)) ya que, bueno, H2(H2) = H4...",neutral,kien_thuc
20917,"Pregunta 23:40 - entonces tienes H2 y para construir H4 hiciste H2(H2) Para obtener H8 hiciste H2(H4) pero también haces H4(H2) = H8? Porque estaba pensando que si pones H4(H4) terminarías con 16 términos y eso debería ser lo mismo que hacer H4(H2(H2)) ya que, bueno, H2(H2) = H4...",neutral,kien_thuc
20917,"Pregunta 23:40 - entonces tienes H2 y para construir H4 hiciste H2(H2) Para obtener H8 hiciste H2(H4) pero también haces H4(H2) = H8? Porque estaba pensando que si pones H4(H4) terminarías con 16 términos y eso debería ser lo mismo que hacer H4(H2(H2)) ya que, bueno, H2(H2) = H4...",neutral,kien_thuc
20917,"Pregunta 23:40 - entonces tienes H2 y para construir H4 hiciste H2(H2) Para obtener H8 hiciste H2(H4) pero también haces H4(H2) = H8? Porque estaba pensando que si pones H4(H4) terminarías con 16 términos y eso debería ser lo mismo que hacer H4(H2(H2)) ya que, bueno, H2(H2) = H4...",neutral,kien_thuc
20918,Es un hombre muy dulce y un profesor genial al mismo tiempo.,positive,ky_nang_giang_day
20919,La forma en que reveló la función de probabilidad  en su forma habitual a partir de esa serie de pasos es alucinante. Ojalá mi profesor me hubiera mostrado cómo se llega desde el televisor al KL y luego a eso.,neutral,kien_thuc
20919,La forma en que reveló la función de probabilidad  en su forma habitual a partir de esa serie de pasos es alucinante. Ojalá mi profesor me hubiera mostrado cómo se llega desde el televisor al KL y luego a eso.,positive,ky_nang_giang_day
20920,"Nunca vi a alguien con tanta logicidad, comprensibilidad y claridad en la enseñanza álgebra lineal, ¡un verdadero GENIO de nuestros tiempos!",positive,ky_nang_giang_day
20920,"Nunca vi a alguien con tanta logicidad, comprensibilidad y claridad en la enseñanza álgebra lineal, ¡un verdadero GENIO de nuestros tiempos!",positive,chuong_trinh_hoc
20921,Es un placer asistir a estas conferencias. Muchas gracias a Prof. Gilbert Strang y MIT OCW.,positive,chuong_trinh_hoc
20921,Es un placer asistir a estas conferencias. Muchas gracias a Prof. Gilbert Strang y MIT OCW.,positive,ky_nang_giang_day
20921,Es un placer asistir a estas conferencias. Muchas gracias a Prof. Gilbert Strang y MIT OCW.,positive,noi_chung
20922,Esta es una de las más hermosas conferencias sobre la eliminación gaussiana.,positive,chuong_trinh_hoc
20923,¡Ojalá hubiera cubierto prueba de hipótesis de estimaciones de parámetros!,neutral,ky_nang_giang_day
20923,¡Ojalá hubiera cubierto prueba de hipótesis de estimaciones de parámetros!,neutral,kien_thuc
20924,A 3 días de terminar álgebra lineal... por fin entiendo álgebra lineal,neutral,kien_thuc
20925,Él es realmente bueno...gracias por subir esto.,positive,ky_nang_giang_day
20925,Él es realmente bueno...gracias por subir esto.,positive,thiet_bi_day_hoc
20926,Muchas gracias eres un buen hombre por darnos esto barnch en matemáticas,positive,ky_nang_giang_day
20926,Muchas gracias eres un buen hombre por darnos esto barnch en matemáticas,positive,kien_thuc
20927,Puedo sentir que el profesor Jerison se está volviendo cada vez más molesto con ese chico con todas las preguntas.,neutral,ky_nang_giang_day
20928,¡Es tan injusto que diga a las 10:40 que tienen que aprenderse todas las fórmulas en el examen! ¡Qué demonios! Tenemos que memorizar TODAS las fórmulas estúpidas.,neutral,kien_thuc
20929,"Me encanta la serie , se nota que le apasiona lo que enseña, gracias profesor. También gracias MIT por subir este contenido",positive,chuong_trinh_hoc
20929,"Me encanta la serie , se nota que le apasiona lo que enseña, gracias profesor. También gracias MIT por subir este contenido",positive,ky_nang_giang_day
20930,"Es cierto lo que dijo ""1966avc"", nos ayudaste o me ayudaste mucho. Gracias por tu aporte a la educación.",positive,ky_nang_giang_day
20931,Creo que no explicó algo importante: ¿por qué la (imagen de la fila 1) y la (imagen de la columna 2) son equivalentes? ¿Cómo es que ambas generan el (vector b 3)?,neutral,kien_thuc
20931,Creo que no explicó algo importante: ¿por qué la (imagen de la fila 1) y la (imagen de la columna 2) son equivalentes? ¿Cómo es que ambas generan el (vector b 3)?,neutral,kien_thuc
20931,Creo que no explicó algo importante: ¿por qué la (imagen de la fila 1) y la (imagen de la columna 2) son equivalentes? ¿Cómo es que ambas generan el (vector b 3)?,neutral,kien_thuc
20932,Espero que el profesor Strang pueda explicar la descomposición de rangos para calcular la pseudoinversa. Maldito límite de tiempo.,neutral,kien_thuc
20932,Espero que el profesor Strang pueda explicar la descomposición de rangos para calcular la pseudoinversa. Maldito límite de tiempo.,neutral,kien_thuc
20933,Esta conferencia ha tenido un efecto positivo en mi comprensión de la matriz y ha desempeñado un papel fundamental en toda la serie. Gracias profesor Strang. Nadie ha explicado estos conceptos de forma tan clara y coherente; me espera un mundo nuevo. Es una visita obligada. Un auténtico legado humano.,positive,chuong_trinh_hoc
20933,Esta conferencia ha tenido un efecto positivo en mi comprensión de la matriz y ha desempeñado un papel fundamental en toda la serie. Gracias profesor Strang. Nadie ha explicado estos conceptos de forma tan clara y coherente; me espera un mundo nuevo. Es una visita obligada. Un auténtico legado humano.,positive,noi_chung
20933,Esta conferencia ha tenido un efecto positivo en mi comprensión de la matriz y ha desempeñado un papel fundamental en toda la serie. Gracias profesor Strang. Nadie ha explicado estos conceptos de forma tan clara y coherente; me espera un mundo nuevo. Es una visita obligada. Un auténtico legado humano.,positive,chuong_trinh_hoc
20933,Esta conferencia ha tenido un efecto positivo en mi comprensión de la matriz y ha desempeñado un papel fundamental en toda la serie. Gracias profesor Strang. Nadie ha explicado estos conceptos de forma tan clara y coherente; me espera un mundo nuevo. Es una visita obligada. Un auténtico legado humano.,positive,ky_nang_giang_day
20933,Esta conferencia ha tenido un efecto positivo en mi comprensión de la matriz y ha desempeñado un papel fundamental en toda la serie. Gracias profesor Strang. Nadie ha explicado estos conceptos de forma tan clara y coherente; me espera un mundo nuevo. Es una visita obligada. Un auténtico legado humano.,positive,kien_thuc
20934,"DR. Strang gracias por una conferencia poderosa sobre Encuesta de dificultades con Ax=b. En sistemas lineales esta ecuación se muestra en muchos libros técnicos, sin que se piense mucho o nada en sus dificultades. Al ver esta conferencia, las dificultades de esta ecuación se explican con gran detalle.",positive,ky_nang_giang_day
20934,"DR. Strang gracias por una conferencia poderosa sobre Encuesta de dificultades con Ax=b. En sistemas lineales esta ecuación se muestra en muchos libros técnicos, sin que se piense mucho o nada en sus dificultades. Al ver esta conferencia, las dificultades de esta ecuación se explican con gran detalle.",positive,chuong_trinh_hoc
20934,"DR. Strang gracias por una conferencia poderosa sobre Encuesta de dificultades con Ax=b. En sistemas lineales esta ecuación se muestra en muchos libros técnicos, sin que se piense mucho o nada en sus dificultades. Al ver esta conferencia, las dificultades de esta ecuación se explican con gran detalle.",positive,kien_thuc
20934,"DR. Strang gracias por una conferencia poderosa sobre Encuesta de dificultades con Ax=b. En sistemas lineales esta ecuación se muestra en muchos libros técnicos, sin que se piense mucho o nada en sus dificultades. Al ver esta conferencia, las dificultades de esta ecuación se explican con gran detalle.",positive,kien_thuc
20934,"DR. Strang gracias por una conferencia poderosa sobre Encuesta de dificultades con Ax=b. En sistemas lineales esta ecuación se muestra en muchos libros técnicos, sin que se piense mucho o nada en sus dificultades. Al ver esta conferencia, las dificultades de esta ecuación se explican con gran detalle.",positive,kien_thuc
20935,"Y=x^2 ¡NO! Metros no es igual a metros al cuadrado. Prueba con Y=kx^2 donde k es un factor de conversión de unidades, es decir, 1/(1 metro). En cm, la k sería 1/(100 cm). Asegúrate de que tu ecuación sea dimensionalmente correcta ANTES de trabajar con ella. La constante k también aparece en la respuesta, lo que hace que el volumen esté en metros cúbicos (o cm cúbicos) como debería estar. ¡Esta conferencia fue un desastre y debería rehacerse!",negative,chuong_trinh_hoc
20936,"Bueno, quieren asegurarse de que todos conozcan los conceptos básicos. No todos van a la escuela en Estados Unidos o Gran Bretaña. Por ejemplo, mi escuela en Croacia ni siquiera mencionó matrices, media, mediana y moda, que son las cosas básicas en el sistema escolar estadounidense.",neutral,kien_thuc
20936,"Bueno, quieren asegurarse de que todos conozcan los conceptos básicos. No todos van a la escuela en Estados Unidos o Gran Bretaña. Por ejemplo, mi escuela en Croacia ni siquiera mencionó matrices, media, mediana y moda, que son las cosas básicas en el sistema escolar estadounidense.",neutral,kien_thuc
20936,"Bueno, quieren asegurarse de que todos conozcan los conceptos básicos. No todos van a la escuela en Estados Unidos o Gran Bretaña. Por ejemplo, mi escuela en Croacia ni siquiera mencionó matrices, media, mediana y moda, que son las cosas básicas en el sistema escolar estadounidense.",neutral,kien_thuc
20936,"Bueno, quieren asegurarse de que todos conozcan los conceptos básicos. No todos van a la escuela en Estados Unidos o Gran Bretaña. Por ejemplo, mi escuela en Croacia ni siquiera mencionó matrices, media, mediana y moda, que son las cosas básicas en el sistema escolar estadounidense.",neutral,kien_thuc
20936,"Bueno, quieren asegurarse de que todos conozcan los conceptos básicos. No todos van a la escuela en Estados Unidos o Gran Bretaña. Por ejemplo, mi escuela en Croacia ni siquiera mencionó matrices, media, mediana y moda, que son las cosas básicas en el sistema escolar estadounidense.",neutral,kien_thuc
20937,"31:34 ... ""¿problemas con esta visualización""? ... por supuesto que está tratando de visualizar la continuidad... hmmm... eso va a requerir más que una conferencia...",neutral,ky_nang_giang_day
20938,"Debo decir que hasta ahora me ha decepcionado mucho esta serie conferencia. Ya estoy familiarizado con el cálculo de una variable. Sin embargo, estoy viendo esta serie para repasar para algunas clases futuras (cosas como el cálculo multivariable y el análisis real). Sin embargo, aquí hay algunas cosas que he notado. Si este instructor hubiera dedicado más tiempo a los conceptos más rigurosos de límites y teorema de compresión, no habría tenido que dedicar tanto tiempo a intentar justificar las pruebas de los dos límites principales de esta conferencia. Además de esto, sus estudiantes estarían mejor preparados para las matemáticas futuras. Tal como están las cosas, estos estudiantes están realmente perdidos en lo que respecta a su futuro. Realmente espero que los instructores aprendan de esto. Dediquen más tiempo a las cosas que necesitan para justificar rigurosamente su afirmación: los fundamentos. Si se pasan por alto las ideas, todos pierden. Los estudiantes no entienden por qué algo es cierto y, por lo tanto, se convencen de que lo que está haciendo el profesor es una especie de brujería que no tiene sentido. Por favor, si eres instructor y estás leyendo esto, ¡trabaja en los fundamentos!",negative,chuong_trinh_hoc
20938,"Debo decir que hasta ahora me ha decepcionado mucho esta serie conferencia. Ya estoy familiarizado con el cálculo de una variable. Sin embargo, estoy viendo esta serie para repasar para algunas clases futuras (cosas como el cálculo multivariable y el análisis real). Sin embargo, aquí hay algunas cosas que he notado. Si este instructor hubiera dedicado más tiempo a los conceptos más rigurosos de límites y teorema de compresión, no habría tenido que dedicar tanto tiempo a intentar justificar las pruebas de los dos límites principales de esta conferencia. Además de esto, sus estudiantes estarían mejor preparados para las matemáticas futuras. Tal como están las cosas, estos estudiantes están realmente perdidos en lo que respecta a su futuro. Realmente espero que los instructores aprendan de esto. Dediquen más tiempo a las cosas que necesitan para justificar rigurosamente su afirmación: los fundamentos. Si se pasan por alto las ideas, todos pierden. Los estudiantes no entienden por qué algo es cierto y, por lo tanto, se convencen de que lo que está haciendo el profesor es una especie de brujería que no tiene sentido. Por favor, si eres instructor y estás leyendo esto, ¡trabaja en los fundamentos!",negative,ky_nang_giang_day
20939,@[NOMBREUSUARIO]Su nombre es Denis Auroux.,neutral,ky_nang_giang_day
20940,Supongo que tendré que leer el libro,neutral,thiet_bi_day_hoc
20941,"En 49:30 ¿alguien puede explicarme cómo en la matriz -b y -k llegaron? Me esforcé pero no pude entender, ¿o me falta algún tipo de prerrequisito aquí?",neutral,kien_thuc
20941,"En 49:30 ¿alguien puede explicarme cómo en la matriz -b y -k llegaron? Me esforcé pero no pude entender, ¿o me falta algún tipo de prerrequisito aquí?",neutral,kien_thuc
20942,"¿Cómo se demuestra la linealidad de una sola fila de un determinante, es decir, cómo en matriz A + matriz B sumamos TODAS las filas pero en det(A + det(B)) no?",neutral,kien_thuc
20942,"¿Cómo se demuestra la linealidad de una sola fila de un determinante, es decir, cómo en matriz A + matriz B sumamos TODAS las filas pero en det(A + det(B)) no?",neutral,kien_thuc
20942,"¿Cómo se demuestra la linealidad de una sola fila de un determinante, es decir, cómo en matriz A + matriz B sumamos TODAS las filas pero en det(A + det(B)) no?",neutral,kien_thuc
20942,"¿Cómo se demuestra la linealidad de una sola fila de un determinante, es decir, cómo en matriz A + matriz B sumamos TODAS las filas pero en det(A + det(B)) no?",neutral,kien_thuc
20943,¿Qué tipo de tiza se está utilizando? ¿Y cuál es el diámetro de la barra?,neutral,thiet_bi_day_hoc
20943,¿Qué tipo de tiza se está utilizando? ¿Y cuál es el diámetro de la barra?,neutral,thiet_bi_day_hoc
20944,Esta conferencia tenía mucho sentido. Mi profesor actual no hace un buen trabajo para mantener el interés. ¡Excelente conferencia!,positive,chuong_trinh_hoc
20944,Esta conferencia tenía mucho sentido. Mi profesor actual no hace un buen trabajo para mantener el interés. ¡Excelente conferencia!,negative,ky_nang_giang_day
20945,gilbert strang señor es el mejor profesor de matemáticas del mundo,positive,ky_nang_giang_day
20946,"Amor profesor Casey. ¿Podemos recibir clases de álgebra lineal, álgebra matricial y análisis complejo también?",positive,ky_nang_giang_day
20946,"Amor profesor Casey. ¿Podemos recibir clases de álgebra lineal, álgebra matricial y análisis complejo también?",neutral,chuong_trinh_hoc
20947,Gram-Schmidt La parte de la conferencia comienza en 26:07 para cualquier persona interesada únicamente en eso.,neutral,kien_thuc
20948,"Me gusta mucho el Video de tu Integrales de línea en el espacio, rotacional, exactitud y potenciales",positive,chuong_trinh_hoc
20949,"Para un estudiante como yo, que tiene formación en ingeniería, estas conferencias son simplemente bendiciones.",positive,ky_nang_giang_day
20950,"Me gusta cómo llama a vectores o columnas ""este tipo"" y ""ese tipo"".",positive,ky_nang_giang_day
20950,"Me gusta cómo llama a vectores o columnas ""este tipo"" y ""ese tipo"".",positive,kien_thuc
20950,"Me gusta cómo llama a vectores o columnas ""este tipo"" y ""ese tipo"".",positive,kien_thuc
20951,Completé este curso. Es un gran recurso para cualquiera que quiera comprender mejor la probabilidad y la estadística. El profesor Tsitsiklis es un gran conferenciante y le agradezco a él y al MIT por dar vida a esta serie.,positive,ky_nang_giang_day
20951,Completé este curso. Es un gran recurso para cualquiera que quiera comprender mejor la probabilidad y la estadística. El profesor Tsitsiklis es un gran conferenciante y le agradezco a él y al MIT por dar vida a esta serie.,positive,chuong_trinh_hoc
20952,¡Qué profesor tan brillante! Me resultó muy útil.,positive,ky_nang_giang_day
20953,¿Alguien puede explicar por qué AV1 = sigma1 U1,neutral,kien_thuc
20954,¿Cuál es el mejor libro o recurso para aprender todo matemáticas detrás descenso de gradiente estocástico?,neutral,noi_chung
20954,¿Cuál es el mejor libro o recurso para aprender todo matemáticas detrás descenso de gradiente estocástico?,neutral,noi_chung
20954,¿Cuál es el mejor libro o recurso para aprender todo matemáticas detrás descenso de gradiente estocástico?,neutral,kien_thuc
20954,¿Cuál es el mejor libro o recurso para aprender todo matemáticas detrás descenso de gradiente estocástico?,neutral,kien_thuc
20955,"Estos videos son útiles, pero ¿no puedes ver la lección 16?",positive,chuong_trinh_hoc
20956,¡Increíblemente fascinante! Probablemente el mejor curso course que he visto en este canal.,positive,chuong_trinh_hoc
20957,"En el momento 1:12:36, el instructor indicó que la expectativa era P. ¿Qué representa P aquí? En el caso del modelo estadístico, P representa la familia de distribuciones...",neutral,kien_thuc
20958,Estoy muy feliz preguntándome por qué la gente sigue estando feliz por el video - Formas inderminadas - La regla de L'Hospital,positive,chuong_trinh_hoc
20959,"Dr. Strang es precioso, protégelo a toda costa.",positive,ky_nang_giang_day
20960,"Acabo de completar el curso 18.01 course y ahora estoy comenzando el curso 2: Multivariable Calculus. Este curso es tan claro y está tan bien enseñado como el curso 1 anterior. Creo que hemos entrado en una nueva era de la educación superior en la que instituciones como el MIT toman la iniciativa de publicar cursos completos en línea de forma gratuita para todos aquellos que deseen aprender. Espero ver más cursos avanzados en matemáticas, física y, de hecho, en todas las demás disciplinas en el futuro. Desde el fondo de mi corazón, gracias al MIT.",positive,chuong_trinh_hoc
20960,"Acabo de completar el curso 18.01 course y ahora estoy comenzando el curso 2: Multivariable Calculus. Este curso es tan claro y está tan bien enseñado como el curso 1 anterior. Creo que hemos entrado en una nueva era de la educación superior en la que instituciones como el MIT toman la iniciativa de publicar cursos completos en línea de forma gratuita para todos aquellos que deseen aprender. Espero ver más cursos avanzados en matemáticas, física y, de hecho, en todas las demás disciplinas en el futuro. Desde el fondo de mi corazón, gracias al MIT.",neutral,chuong_trinh_hoc
20960,"Acabo de completar el curso 18.01 course y ahora estoy comenzando el curso 2: Multivariable Calculus. Este curso es tan claro y está tan bien enseñado como el curso 1 anterior. Creo que hemos entrado en una nueva era de la educación superior en la que instituciones como el MIT toman la iniciativa de publicar cursos completos en línea de forma gratuita para todos aquellos que deseen aprender. Espero ver más cursos avanzados en matemáticas, física y, de hecho, en todas las demás disciplinas en el futuro. Desde el fondo de mi corazón, gracias al MIT.",positive,noi_chung
20961,Esa pizarra está tan limpia...,positive,thiet_bi_day_hoc
20962,Esta fue una conferencia realmente buena . Estaba llena de ideas. Me encanta cómo todo se está uniendo.,positive,chuong_trinh_hoc
20963,Me gusta mucho el Video de matrices definidas positivas y Mínimos de su,positive,kien_thuc
20963,Me gusta mucho el Video de matrices definidas positivas y Mínimos de su,positive,kien_thuc
20964,"¿Quién lo hubiera imaginado? Cuando este tipo lo explica, ¡casi parece fácil! Tú, querido Dr. Strang, eres un maestro en lo que haces...",positive,noi_chung
20964,"¿Quién lo hubiera imaginado? Cuando este tipo lo explica, ¡casi parece fácil! Tú, querido Dr. Strang, eres un maestro en lo que haces...",positive,ky_nang_giang_day
20965,"En serio MIT, tiza y una pizarra?......¡¡¡ES MIT!!! Deberían haber tenido ya un software de reconocimiento de voz por computadora que pudiera escribir con láser la orden del profesor en una pantalla...",negative,thiet_bi_day_hoc
20965,"En serio MIT, tiza y una pizarra?......¡¡¡ES MIT!!! Deberían haber tenido ya un software de reconocimiento de voz por computadora que pudiera escribir con láser la orden del profesor en una pantalla...",negative,thiet_bi_day_hoc
20965,"En serio MIT, tiza y una pizarra?......¡¡¡ES MIT!!! Deberían haber tenido ya un software de reconocimiento de voz por computadora que pudiera escribir con láser la orden del profesor en una pantalla...",negative,thiet_bi_day_hoc
20966,"Alrededor de las 33:00, para el lado derecho de 'B', ¿cómo obtuvimos A'b/A'A * A? En la lección anterior, obtuvimos 'p' como aa'/a'a * b. ¿Cómo se cambió aa' *b en el numerador a A'b/A'A * A?",neutral,kien_thuc
20966,"Alrededor de las 33:00, para el lado derecho de 'B', ¿cómo obtuvimos A'b/A'A * A? En la lección anterior, obtuvimos 'p' como aa'/a'a * b. ¿Cómo se cambió aa' *b en el numerador a A'b/A'A * A?",neutral,kien_thuc
20966,"Alrededor de las 33:00, para el lado derecho de 'B', ¿cómo obtuvimos A'b/A'A * A? En la lección anterior, obtuvimos 'p' como aa'/a'a * b. ¿Cómo se cambió aa' *b en el numerador a A'b/A'A * A?",neutral,kien_thuc
20966,"Alrededor de las 33:00, para el lado derecho de 'B', ¿cómo obtuvimos A'b/A'A * A? En la lección anterior, obtuvimos 'p' como aa'/a'a * b. ¿Cómo se cambió aa' *b en el numerador a A'b/A'A * A?",neutral,kien_thuc
20966,"Alrededor de las 33:00, para el lado derecho de 'B', ¿cómo obtuvimos A'b/A'A * A? En la lección anterior, obtuvimos 'p' como aa'/a'a * b. ¿Cómo se cambió aa' *b en el numerador a A'b/A'A * A?",neutral,kien_thuc
20966,"Alrededor de las 33:00, para el lado derecho de 'B', ¿cómo obtuvimos A'b/A'A * A? En la lección anterior, obtuvimos 'p' como aa'/a'a * b. ¿Cómo se cambió aa' *b en el numerador a A'b/A'A * A?",neutral,kien_thuc
20967,"Este es solo un curso introductorio para garantizar que todos tengan exactamente la misma base para cursos más difíciles más adelante. Tenga en cuenta que esto también se conoce como Cálculo I y que todas las universidades, desde la más pequeña hasta la más grande, enseñan los mismos conceptos básicos que todos los demás.",neutral,noi_chung
20967,"Este es solo un curso introductorio para garantizar que todos tengan exactamente la misma base para cursos más difíciles más adelante. Tenga en cuenta que esto también se conoce como Cálculo I y que todas las universidades, desde la más pequeña hasta la más grande, enseñan los mismos conceptos básicos que todos los demás.",neutral,chuong_trinh_hoc
20968,¡Me encanta la escritura a mano del profesor!,positive,thiet_bi_day_hoc
20969,"@ 24:30 ¿por qué la operación de fila puede preservar la fila espacio y no la columna espacio? Como mencionó el profesor Strang, 111 ya no se puede encontrar en C(R), por lo que la columna espacio no se conserva. Sin embargo, no veo que ninguna fila en A se encuentre en R también. Para plantear mi pregunta de forma sencilla, ¿cómo sé si se conserva cierto espacio después de cierta operación?",neutral,kien_thuc
20970,Ojalá tuviéramos profesores como él en la India.,positive,ky_nang_giang_day
20971,"valor propio lam=1,0 conduce a un término exp(lam t = exp(t)) que crece fuera del límite. ¿O me estoy perdiendo el punto? En la última lección lam= 0 se convirtió en el valor de estado estable.",neutral,kien_thuc
20971,"valor propio lam=1,0 conduce a un término exp(lam t = exp(t)) que crece fuera del límite. ¿O me estoy perdiendo el punto? En la última lección lam= 0 se convirtió en el valor de estado estable.",neutral,kien_thuc
20971,"valor propio lam=1,0 conduce a un término exp(lam t = exp(t)) que crece fuera del límite. ¿O me estoy perdiendo el punto? En la última lección lam= 0 se convirtió en el valor de estado estable.",neutral,kien_thuc
20972,"¿Cómo es que su prueba del producto escalar no es lógica circular? Si crees en la ley de los cosenos... entonces esa es una prueba del producto escalar. Si crees en el producto escalar, entonces esa es una prueba de la ley del coseno. ¿Qué demonios?",negative,kien_thuc
20973,"Después de tantos años de usar álgebra lineal, hasta hoy finalmente entiendo el significado de multiplicación de matrices. Matriz*vector es una combinación lineal de las columnas de la matriz, y vector*matriz es una combinación lineal de las filas de la matriz. Entonces, desde este punto de vista, el significado de la matriz de permutación se vuelve muy obvio. Gracias Prof. Strang.",positive,ky_nang_giang_day
20973,"Después de tantos años de usar álgebra lineal, hasta hoy finalmente entiendo el significado de multiplicación de matrices. Matriz*vector es una combinación lineal de las columnas de la matriz, y vector*matriz es una combinación lineal de las filas de la matriz. Entonces, desde este punto de vista, el significado de la matriz de permutación se vuelve muy obvio. Gracias Prof. Strang.",positive,kien_thuc
20973,"Después de tantos años de usar álgebra lineal, hasta hoy finalmente entiendo el significado de multiplicación de matrices. Matriz*vector es una combinación lineal de las columnas de la matriz, y vector*matriz es una combinación lineal de las filas de la matriz. Entonces, desde este punto de vista, el significado de la matriz de permutación se vuelve muy obvio. Gracias Prof. Strang.",positive,kien_thuc
20974,"Wow... ¿y esta es la educación de alto perfil, 'de primer mundo'??? ... goshhhh ... ¡Aprendí estas cosas dos años antes de terminar la escuela secundaria!, ¡obviamente se presume que es conocido para entrar a la universidad! Bueno... supongo que iré por la Universidad Estatal Lomonov de Moscú... Supongo que es por eso que la URSS fue la primera en ir al espacio xD .. ¿¡y qué pasa con la exposición!? más allá de si el tipo usa o no PowerPoint... ¡es como leer un libro de texto colorido y de mala calidad !!!",negative,noi_chung
20974,"Wow... ¿y esta es la educación de alto perfil, 'de primer mundo'??? ... goshhhh ... ¡Aprendí estas cosas dos años antes de terminar la escuela secundaria!, ¡obviamente se presume que es conocido para entrar a la universidad! Bueno... supongo que iré por la Universidad Estatal Lomonov de Moscú... Supongo que es por eso que la URSS fue la primera en ir al espacio xD .. ¿¡y qué pasa con la exposición!? más allá de si el tipo usa o no PowerPoint... ¡es como leer un libro de texto colorido y de mala calidad !!!",negative,thiet_bi_day_hoc
20975,"Disfruté mucho de estas conferencias, son mucho más fáciles de entender que las que me enseñaron en la universidad. ¡Gracias Profesor Strang!",positive,chuong_trinh_hoc
20975,"Disfruté mucho de estas conferencias, son mucho más fáciles de entender que las que me enseñaron en la universidad. ¡Gracias Profesor Strang!",positive,ky_nang_giang_day
20976,Gracias señor. No pude entender bien la gran diferencia entre distribuciones posteriores y anteriores.,neutral,ky_nang_giang_day
20976,Gracias señor. No pude entender bien la gran diferencia entre distribuciones posteriores y anteriores.,negative,kien_thuc
20977,Algunas de las preguntas hechas fueron muy ingenuas.,negative,kien_thuc
20978,Esto es demasiado fácil para un estudiante universitario.,neutral,chuong_trinh_hoc
20979,Me resultó más interesante y me ahorraba más tiempo ver estas conferencias a velocidad 2x.,positive,chuong_trinh_hoc
20980,Este chico es genial :) gracias mit,positive,ky_nang_giang_day
20980,Este chico es genial :) gracias mit,positive,noi_chung
20981,"Me equivoqué en la parte de impar-impar, impar-par, lo demás es maravilloso. Gracias a Prof. Strang de India.",positive,ky_nang_giang_day
20982,Me encanta que use transparencias.,positive,thiet_bi_day_hoc
20983,Excelente profesor. Los pequeños detalles como reforzar conceptos importantes a medida que avanza hacia otros nuevos que los utilizan son muy útiles.,positive,ky_nang_giang_day
20984,Me alegra mucho ver que el profesor Strang sigue enseñando maravillosamente. Y me alegra aún más que ya haya mencionado a Julia en la primera lección. Gracias MIT por proporcionar material tan actualizado.,positive,ky_nang_giang_day
20985,¿Demostramos det(AB = detA*detB) en la conferencia?,neutral,kien_thuc
20985,¿Demostramos det(AB = detA*detB) en la conferencia?,neutral,chuong_trinh_hoc
20986,Me siento mejor por no haber dominado expansiones de Taylor ahora...,neutral,kien_thuc
20987,¿El MIT todavía utiliza pizarrones?,neutral,thiet_bi_day_hoc
20988,¿Cómo podría v = [v1 v2 v3 v4]' dimensión ser igual a 3?? en 31:00,neutral,kien_thuc
20988,¿Cómo podría v = [v1 v2 v3 v4]' dimensión ser igual a 3?? en 31:00,neutral,kien_thuc
20989,¿Alguien puede decirme cómo debo descargar video?,neutral,chuong_trinh_hoc
20991,"36:50 No es p y lp, es p(polinomio) y np(no polinomio). Creo que se expresó mal al respecto.",negative,ky_nang_giang_day
20992,"A alrededor de las 21:00,. En el caso general de R^n, no se puede formar un determinante de A y B a menos que n=2. Hmmm",neutral,kien_thuc
20992,"A alrededor de las 21:00,. En el caso general de R^n, no se puede formar un determinante de A y B a menos que n=2. Hmmm",neutral,kien_thuc
20992,"A alrededor de las 21:00,. En el caso general de R^n, no se puede formar un determinante de A y B a menos que n=2. Hmmm",neutral,kien_thuc
20992,"A alrededor de las 21:00,. En el caso general de R^n, no se puede formar un determinante de A y B a menos que n=2. Hmmm",neutral,kien_thuc
20992,"A alrededor de las 21:00,. En el caso general de R^n, no se puede formar un determinante de A y B a menos que n=2. Hmmm",neutral,kien_thuc
20993,"@[NOMBRE DE USUARIO]Tengo muchas ganas de escribir en esa pizarra solo para borrar usando ese increíble ""borrador"" (¿estoy en lo cierto al llamarlo ""borrador""? Mi inglés es bastante pobre). Nunca había visto estas cosas TAN grandes. Voy a comprarme una de ellas para mi propia docencia.",positive,thiet_bi_day_hoc
20994,"Jaja, ese fuerte aplauso lo sobresaltó un poco.",neutral,ky_nang_giang_day
20995,"Matemáticas - así es como se hace. Ah, y me reí mucho en el minuto 22:48 cuando lo aplaudieron.",positive,kien_thuc
20996,"¡Excelente conferencia! ¡Gracias, Profesor Strang!",positive,chuong_trinh_hoc
20996,"¡Excelente conferencia! ¡Gracias, Profesor Strang!",positive,ky_nang_giang_day
20997,Gracias Sr. Strang. Es usted un excelente profesor. Gracias MIT también,positive,ky_nang_giang_day
20997,Gracias Sr. Strang. Es usted un excelente profesor. Gracias MIT también,positive,ky_nang_giang_day
20997,Gracias Sr. Strang. Es usted un excelente profesor. Gracias MIT también,positive,noi_chung
20998,Él enseña con rigor y aún así logra que parezca fácil.,positive,ky_nang_giang_day
20998,Él enseña con rigor y aún así logra que parezca fácil.,positive,chuong_trinh_hoc
20999,Intuitivo NULL realmente ayuda a entender el concepto. Con qué sencillez lo ha explicado.,positive,ky_nang_giang_day
20999,Intuitivo NULL realmente ayuda a entender el concepto. Con qué sencillez lo ha explicado.,positive,noi_chung
21000,"No tengo dudas sobre sus conocimientos, pero él parece menos interesado en enseñar.",negative,ky_nang_giang_day
21001,"Al discutir 4ta forma de multiplicación de matrices, se dan pistas sutiles para que te des cuenta de que la multiplicación de matrices en realidad se trata del producto interno de los vectores de columna de las 2 matrices (a^T×b). ¡Qué leyenda absoluta!",positive,kien_thuc
21002,"En el bolsillo de su camisa, parece un chico gritando!!! Una vez que lo ves, no puedes dejar de verlo",neutral,ky_nang_giang_day
21003,¿Prueba de TRL ignora los bordes dentro de grupos?,neutral,kien_thuc
21003,¿Prueba de TRL ignora los bordes dentro de grupos?,neutral,kien_thuc
21004,"Gracias a MIT por explicar eso. Puedo pensar en una explicación para el origen de esa frase. Verás, el verano es ""engañado"" para que crea que va a durar. Pero, ¡ay! El invierno llega inevitablemente y los pocos días de su cálido reinado terminan. Y al igual que este breve período de verano, los conquistadores también engañaron a los indios. De ahí el término ""verano indio"". Y gracias MIT por estos maravillosos videos. ¡Sigan con el gran trabajo! ¡Grandes profesores enseñando de una manera excelente!",positive,noi_chung
21004,"Gracias a MIT por explicar eso. Puedo pensar en una explicación para el origen de esa frase. Verás, el verano es ""engañado"" para que crea que va a durar. Pero, ¡ay! El invierno llega inevitablemente y los pocos días de su cálido reinado terminan. Y al igual que este breve período de verano, los conquistadores también engañaron a los indios. De ahí el término ""verano indio"". Y gracias MIT por estos maravillosos videos. ¡Sigan con el gran trabajo! ¡Grandes profesores enseñando de una manera excelente!",positive,ky_nang_giang_day
21004,"Gracias a MIT por explicar eso. Puedo pensar en una explicación para el origen de esa frase. Verás, el verano es ""engañado"" para que crea que va a durar. Pero, ¡ay! El invierno llega inevitablemente y los pocos días de su cálido reinado terminan. Y al igual que este breve período de verano, los conquistadores también engañaron a los indios. De ahí el término ""verano indio"". Y gracias MIT por estos maravillosos videos. ¡Sigan con el gran trabajo! ¡Grandes profesores enseñando de una manera excelente!",positive,chuong_trinh_hoc
21005,"Realmente útil, toda esta conferencia es como una hermosa obra de arte.",positive,chuong_trinh_hoc
21006,Empecé a amar la física después de ver tu conferencia,positive,chuong_trinh_hoc
21007,16:16 Si delw es cero porque w) es constante en una curva en la misma superficie nivelada... entonces delw). cualquier otro vector sería cero sea tangente o no... porque del w) siempre será cero en la superficie nivelada... ¿no es así?,neutral,chuong_trinh_hoc
21007,16:16 Si delw es cero porque w) es constante en una curva en la misma superficie nivelada... entonces delw). cualquier otro vector sería cero sea tangente o no... porque del w) siempre será cero en la superficie nivelada... ¿no es así?,neutral,chuong_trinh_hoc
21007,16:16 Si delw es cero porque w) es constante en una curva en la misma superficie nivelada... entonces delw). cualquier otro vector sería cero sea tangente o no... porque del w) siempre será cero en la superficie nivelada... ¿no es así?,neutral,chuong_trinh_hoc
21008,¿Alguien me puede decir cuál era el propósito de asignar '0' y '1' a variables libres en orden? ¡Gracias!,neutral,kien_thuc
21009,"Espero poder ir a UTK, gracias profesor Strang",positive,ky_nang_giang_day
21010,"Gilbert Strang y Dennis Auroux son los mejores profesores de los que he aprendido y ni siquiera he asistido a sus clases físicamente, ¡nunca! Muchas gracias MIT por desarrollar en mí el gusto por las matemáticas.",positive,ky_nang_giang_day
21010,"Gilbert Strang y Dennis Auroux son los mejores profesores de los que he aprendido y ni siquiera he asistido a sus clases físicamente, ¡nunca! Muchas gracias MIT por desarrollar en mí el gusto por las matemáticas.",positive,ky_nang_giang_day
21010,"Gilbert Strang y Dennis Auroux son los mejores profesores de los que he aprendido y ni siquiera he asistido a sus clases físicamente, ¡nunca! Muchas gracias MIT por desarrollar en mí el gusto por las matemáticas.",positive,noi_chung
21011,"Creo que es la primera vez que sigo un curso en el que el profesor se toma 5 minutos en cada clase para repasar y ejemplificar brevemente lo que se hizo la última vez. Esto es bastante fácil, ya que lo vi en 6.042 para mí, ¡pero agrega un nivel de claridad que es simplemente asombroso! Si algún profesor ve este comentario: lo que hace este tipo es una GRAN idea, ¡tómenla prestada! Siempre podemos dedicar 5 minutos en un curso de 1 hora.",positive,ky_nang_giang_day
21012,"quiero decir por qué incluso dar los valores de las variables libres y no simplemente dejarlos ser y resolver las ecuaciones, para la transposición solo obtendrías x1 = -x3 x2 = -x3 y x3 como variable libre, supongo que me estoy perdiendo el punto con la identidad y el intercambio de -F, pero realmente no entiendo por qué quieres hacer eso en su lugar ...",neutral,kien_thuc
21012,"quiero decir por qué incluso dar los valores de las variables libres y no simplemente dejarlos ser y resolver las ecuaciones, para la transposición solo obtendrías x1 = -x3 x2 = -x3 y x3 como variable libre, supongo que me estoy perdiendo el punto con la identidad y el intercambio de -F, pero realmente no entiendo por qué quieres hacer eso en su lugar ...",neutral,kien_thuc
21012,"quiero decir por qué incluso dar los valores de las variables libres y no simplemente dejarlos ser y resolver las ecuaciones, para la transposición solo obtendrías x1 = -x3 x2 = -x3 y x3 como variable libre, supongo que me estoy perdiendo el punto con la identidad y el intercambio de -F, pero realmente no entiendo por qué quieres hacer eso en su lugar ...",neutral,kien_thuc
21013,"En la prueba del teorema de la convergencia monótona, existe el caso donde f(x=0), que es fácil de discutir.",neutral,kien_thuc
21013,"En la prueba del teorema de la convergencia monótona, existe el caso donde f(x=0), que es fácil de discutir.",neutral,kien_thuc
21014,Esta conferencia es muy útil,positive,chuong_trinh_hoc
21015,"Gracias MIT, todas estas lecciones de álgebra lineal son muy útiles y Prof. Gilbert Strang enseñan muy bien, ¡¡muchas gracias!!:))",positive,ky_nang_giang_day
21016,"¿Alguien podría ayudarme con esto? Aproximadamente en el minuto 15'30'', el profesor dice ""verticalmente simple"". ¿Quiere decir que los lados del sólido son verticales (todos iguales a la altura)? ¿Entonces el gráfico de la parte superior es el mismo que el gráfico de la parte inferior? ¡Muchas gracias!",neutral,kien_thuc
21017,Estoy literalmente asombrado de lo que puedo entender gracias a Dr. Strang,positive,ky_nang_giang_day
21018,"prof. dice A, escribe B, quiere decir C - mientras que la respuesta correcta es D.",neutral,ky_nang_giang_day
21019,"Parece haber un error en la explicación  de por qué la independencia por pares no implica independencia... en [36:30], el evento C debería ser que 'nuestros lanzamientos dieron resultados diferentes', en lugar de 'nuestros lanzamientos dieron los mismos resultados'. Después de consultar el libro, mi sospecha se confirma. Vea el ejemplo 1.22 en la página 39.",negative,kien_thuc
21020,Está entusiasmado con las preguntas. Eso es genial.,positive,ky_nang_giang_day
21021,El momento incómodo cuando se da conocimiento gratuito y te quejas de la calidad del video,positive,chuong_trinh_hoc
21021,El momento incómodo cuando se da conocimiento gratuito y te quejas de la calidad del video,negative,noi_chung
21022,Estoy absolutamente enamorado de eso acento,positive,ky_nang_giang_day
21023,¡Ésta es la mejor introducción a las cadenas de Markov jamás vista!,positive,chuong_trinh_hoc
21024,¿No es el Cálculo AP equivalente a este (curso 1)?,neutral,chuong_trinh_hoc
21025,Gracias a MIT OCW; por la información interesante; y al profesor.,positive,noi_chung
21025,Gracias a MIT OCW; por la información interesante; y al profesor.,positive,ky_nang_giang_day
21026,"Después de ver las clases del Prof. Strang, decidí convertirme en profesor o profesor. Es una auténtica definición de pasión.",positive,ky_nang_giang_day
21027,Bienvenidos al futuro de la educación. Todos los habitantes del mundo aprenderán a través de Internet conferencias como YouTube. Estados Unidos tiene todo lo que necesita para aprender.,positive,chuong_trinh_hoc
21028,"Cuando dijo ""Es fantástico tener estas hermosas tablas limpias"", yo estaba pensando lo mismo. jajaja",positive,ky_nang_giang_day
21029,"Chicos, les ruego que me ayuden con esto conferencia. Esta es la décima vez que veo esto. Solo entendí los primeros 4 pasos.",neutral,chuong_trinh_hoc
21030,"No he visto matrices desde la universidad. Esta es la mejor explicación que he visto: clara, metódica y completa. No puedo esperar hasta el lunes (¡Ay! No tengo que esperar: ¡ahí está!)",positive,chuong_trinh_hoc
21031,"Es una muy buena serie de videos, pero tiene una salvedad. Profesor Sipster parece intentar explicarlo en detalle sin dar primero una respuesta definitiva....",positive,thiet_bi_day_hoc
21031,"Es una muy buena serie de videos, pero tiene una salvedad. Profesor Sipster parece intentar explicarlo en detalle sin dar primero una respuesta definitiva....",neutral,ky_nang_giang_day
21032,No puedo entender por qué b debería be en la diferente combinación espacio de columna en A. ¿Alguien podría ayudarme?,neutral,kien_thuc
21032,No puedo entender por qué b debería be en la diferente combinación espacio de columna en A. ¿Alguien podría ayudarme?,neutral,kien_thuc
21033,¿Por qué no vi estos videos en la universidad?,neutral,chuong_trinh_hoc
21033,¿Por qué no vi estos videos en la universidad?,neutral,noi_chung
21034,"¡¿Por qué diablos nadie me explicó antes orígenes vectoriales de los determinantes? Maldita sea, instrucción matemática de memoria. Todo cálculo y ninguna teoría hacen de un matemático triste.",negative,kien_thuc
21035,Genial profesor. Gracias mit por estas clases.,positive,ky_nang_giang_day
21035,Genial profesor. Gracias mit por estas clases.,positive,chuong_trinh_hoc
21036,Un matemático con gran sentido del humor. Sr. Strang !,positive,ky_nang_giang_day
21037,"Sí, eso es realmente bueno (1 punto). Gracias.",positive,chuong_trinh_hoc
21038,Este tipo acento es realmente el mejor.,positive,ky_nang_giang_day
21039,"Me encanta cómo en 23:28, les da a los estudiantes esa sonrisa descarada justo antes de hacer su truco de borrar.",positive,ky_nang_giang_day
21039,"Me encanta cómo en 23:28, les da a los estudiantes esa sonrisa descarada justo antes de hacer su truco de borrar.",positive,noi_chung
21040,Gracias profesor y a todos los chicos que insisten desde Lec1 hasta Lec34.,positive,ky_nang_giang_day
21041,"Por un segundo, siempre me sorprende que personas no aplaudan al final de la conferencia...",positive,chuong_trinh_hoc
21041,"Por un segundo, siempre me sorprende que personas no aplaudan al final de la conferencia...",negative,noi_chung
21042,"Ingresa las letras are a and b, entonces what es la expresión regular ar No hay dos a juntas (cadena may be acualquier longitud) can acualquiera, por favor ayuda, por favor!!!!!!!",neutral,kien_thuc
21042,"Ingresa las letras are a and b, entonces what es la expresión regular ar No hay dos a juntas (cadena may be acualquier longitud) can acualquiera, por favor ayuda, por favor!!!!!!!",neutral,kien_thuc
21043,Este chico necesita tomar un curso de inglés.,negative,ky_nang_giang_day
21044,Un ser humano tan encantador.,positive,ky_nang_giang_day
21045,"Estoy de acuerdo en que Sprang es genial, pero podrías haber reconocido la proporción áurea 1/2(sqrt5 +1) y todos los matemáticos conocen este número. Es como quedar desconcertado si alguien te dice que pi es igual a 3,14159265...",positive,kien_thuc
21046,Estoy muy emocionado por ver lo fácil que es demostrarlo. Genial.,positive,kien_thuc
21047,"Hacen que todo esto parezca muy complicado en la forma en que lo enseñan, cuando en realidad es algo simple.",negative,ky_nang_giang_day
21047,"Hacen que todo esto parezca muy complicado en la forma en que lo enseñan, cuando en realidad es algo simple.",negative,chuong_trinh_hoc
21048,Dr. Stranglove o “Cómo aprendí a dejar de preocuparme y a amar el álgebra lineal numérica”,positive,ky_nang_giang_day
21049,"Es simplemente una forma útil de pensarlo, como podemos ver cuando habla de inversas.",positive,ky_nang_giang_day
21050,"¿Cuál es la media ""senos de los valores propios""? Gracias,",neutral,kien_thuc
21051,Ok. Puedes tocar el punto tangente que encuentres en la cuarta dimensión...:),neutral,kien_thuc
21052,Se perdió mucho tiempo escribiendo en la pizarra. Podría haber escrito todo en la pizarra antes de la clase y luego haberlo explicado frente a la clase. Se habría ahorrado mucho tiempo.,negative,ky_nang_giang_day
21053,Sin duda demuestra que hay una gran diferencia entre conocer un tema y saber cómo enseñarlo a otros.,negative,ky_nang_giang_day
21054,¿Cómo es que la dimensión de M es 9?,neutral,kien_thuc
21055,Increíble. Este hombre es un verdadero genio. Gracias MIT.,positive,ky_nang_giang_day
21055,Increíble. Este hombre es un verdadero genio. Gracias MIT.,positive,noi_chung
21056,Una cosa genial que podemos hacer es saltarnos ciertas partes si las conocíamos o no nos interesaban. Ojalá pudiera hacer esto en la vida real con profesores reales  (jajaja),neutral,thiet_bi_day_hoc
21056,Una cosa genial que podemos hacer es saltarnos ciertas partes si las conocíamos o no nos interesaban. Ojalá pudiera hacer esto en la vida real con profesores reales  (jajaja),neutral,ky_nang_giang_day
21057,Muchas gracias por la serie de videos (1). Espero que el MIT continúe ayudando a la gente a comprender el conocimiento matemático.,positive,chuong_trinh_hoc
21058,¿Por qué la gente aplaudió cuando limpió los pizarrones superiores?,neutral,ky_nang_giang_day
21059,El instructor es un genio. Mira su CV.,positive,ky_nang_giang_day
21060,"okkkkk, cámaras están grabando, esta es la clase 14. ¡Vaya frase de introducción!",negative,thiet_bi_day_hoc
21061,¿Por qué YouTube me recomendó esto? Matemáticas me da miedo,negative,kien_thuc
21062,¡Espero haber visto esta conferencia mucho antes! ¡Es increíble y divertida! :),positive,chuong_trinh_hoc
21063,"Muchas gracias John Tsitsiklis, eres un gran profesor.",positive,ky_nang_giang_day
21064,Veía estas conferencias por diversión. Las suyas conferencias de álgebra lineal eran increíbles.,positive,chuong_trinh_hoc
21065,"Es verdad, Cálculo es muy difícil para algunas personas, pero eso no significa que para ti tenga que resultarlo difícil.",negative,kien_thuc
21066,Parecía muy difícil en la clase de hoy... ahora entiendo por qué son tan buenos en el MIT. Un profesor tan bueno... Haz que parezca fácil.,neutral,chuong_trinh_hoc
21066,Parecía muy difícil en la clase de hoy... ahora entiendo por qué son tan buenos en el MIT. Un profesor tan bueno... Haz que parezca fácil.,positive,ky_nang_giang_day
21067,"¡Este tipo de conferencia solo es posible cuando sientes una profunda pasión por tu trabajo! ¡Muchas gracias, Sir Strang!",positive,chuong_trinh_hoc
21067,"¡Este tipo de conferencia solo es posible cuando sientes una profunda pasión por tu trabajo! ¡Muchas gracias, Sir Strang!",positive,ky_nang_giang_day
21068,"A las 10:00 dice ""las columnas de C son una combinación de columnas de A"". Creo que podría haber un error allí... debería ser como ""las columnas de C son una combinación de filas de A""... si no, por favor aclare mi duda",positive,ky_nang_giang_day
21069,Se nota que SVD es el tema favorito de Profesor Strang. Esta es la única conferencia en 9:4 HD y canales de audio mejorados.,neutral,kien_thuc
21069,Se nota que SVD es el tema favorito de Profesor Strang. Esta es la única conferencia en 9:4 HD y canales de audio mejorados.,neutral,ky_nang_giang_day
21069,Se nota que SVD es el tema favorito de Profesor Strang. Esta es la única conferencia en 9:4 HD y canales de audio mejorados.,positive,thiet_bi_day_hoc
21069,Se nota que SVD es el tema favorito de Profesor Strang. Esta es la única conferencia en 9:4 HD y canales de audio mejorados.,positive,thiet_bi_day_hoc
21069,Se nota que SVD es el tema favorito de Profesor Strang. Esta es la única conferencia en 9:4 HD y canales de audio mejorados.,positive,chuong_trinh_hoc
21070,"Esta es una obra maestra de DR. Gilbert Strang de MIT. En ingeniería de control, que es parte de la ingeniería eléctrica álgebra lineal es imprescindible. Todos los estudiantes de este campo de estudio, tanto de pregrado como de posgrado, deben conocer álgebra lineal.",positive,ky_nang_giang_day
21070,"Esta es una obra maestra de DR. Gilbert Strang de MIT. En ingeniería de control, que es parte de la ingeniería eléctrica álgebra lineal es imprescindible. Todos los estudiantes de este campo de estudio, tanto de pregrado como de posgrado, deben conocer álgebra lineal.",positive,noi_chung
21070,"Esta es una obra maestra de DR. Gilbert Strang de MIT. En ingeniería de control, que es parte de la ingeniería eléctrica álgebra lineal es imprescindible. Todos los estudiantes de este campo de estudio, tanto de pregrado como de posgrado, deben conocer álgebra lineal.",neutral,kien_thuc
21071,En una palabra: ¡se preocupa por sus estudiantes!,positive,ky_nang_giang_day
21072,Acabo de terminar una evaluación muy importante sobre Cálculo multivariable... ¡guau! Dedico mi buena nota a Denis Auroux... no sé cómo lo hace... ¡pero sus métodos son realmente impactantes!,positive,ky_nang_giang_day
21072,Acabo de terminar una evaluación muy importante sobre Cálculo multivariable... ¡guau! Dedico mi buena nota a Denis Auroux... no sé cómo lo hace... ¡pero sus métodos son realmente impactantes!,positive,kien_thuc
21073,La forma en que golpea la pizarra con la tiza me está molestando.,negative,thiet_bi_day_hoc
21074,¡Estoy de acuerdo! Eso es lo que planeo usar en mi enseñanza.,negative,kien_thuc
21075,"¡Muchas gracias, Profesor Strang!",positive,ky_nang_giang_day
21076,woohoo integración por partes... ¡qué emocionante! ¡Me recuerda la conferencia que tuve hace una semana!,positive,kien_thuc
21077,Gracias Dr. Strang. Disfruté mucho las conferencias,positive,ky_nang_giang_day
21077,Gracias Dr. Strang. Disfruté mucho las conferencias,positive,chuong_trinh_hoc
21078,"Es la primera vez que veo una explicación de por qué tenemos y_general = y_particular + y_homogéneo, lo que de alguna manera hace que todo tenga sentido.",positive,kien_thuc
21080,La calidad de este Contenido de video es deficiente,negative,chuong_trinh_hoc
21081,¡Vaya! Ahora todos los conceptos tienen mucho más sentido. ¡El Dr. Strang es realmente un gran profesor!,positive,noi_chung
21081,¡Vaya! Ahora todos los conceptos tienen mucho más sentido. ¡El Dr. Strang es realmente un gran profesor!,positive,ky_nang_giang_day
21082,"La clase está vacía, pero la pasión de Gilbert Strang está llena...",positive,ky_nang_giang_day
21083,"Alrededor de 32 minutos, debería ser 99 cuadrados, no 100 cuadrados.",neutral,kien_thuc
21084,"Un profesor que habla con mucha claridad. Aprendí una palabra nueva: ""tímido"" solo por el contexto en el que la usó. Supuse que ""tímido"" significaba tímido porque les pidió a los estudiantes tímidos que se sentaran muy atrás, lo que indica que la palabra ""tímido"" forma parte del término ""tímido ante la cámara"".",positive,ky_nang_giang_day
21085,Este profesor es bueno pero me gustó más Haynes Miller,neutral,ky_nang_giang_day
21085,Este profesor es bueno pero me gustó más Haynes Miller,positive,ky_nang_giang_day
21086,Pobre Grabación... no puedo escuchar nada,negative,thiet_bi_day_hoc
21087,25:49 No estoy seguro de por qué una secuencia de Cauchy también es convergente.,neutral,kien_thuc
21088,"Excelente conferencia Profesor Tsitsiklis, muy clara, bastante prolija, al igual que las de sus asistentes. Estoy siguiendo MIT OpenCourseWare.",positive,chuong_trinh_hoc
21088,"Excelente conferencia Profesor Tsitsiklis, muy clara, bastante prolija, al igual que las de sus asistentes. Estoy siguiendo MIT OpenCourseWare.",positive,ky_nang_giang_day
21089,"Sólo para comprobarlo, aproximadamente a las 27:38 el phi(k - j) = z? no y?",neutral,kien_thuc
21090,"Gracias por esta lección, el aprendizaje electrónico será el futuro, tenemos toda la teoría, libros de consejos en la introducción, todo tenemos que estudiar, este aprendizaje electrónico será útil también porque mucha gente estará en casa y esto => menos tráfico, por lo que menos caos en la ciudad.",positive,chuong_trinh_hoc
21091,"Se le ocurrió una forma muy indirecta de decir ""toma la derivada dx/dy"".",neutral,ky_nang_giang_day
21092,¡¡¡Calidad en su máxima expresión!!! Respeto profesor strang !!! ¡¡¡Me saco el sombrero ante ti!!!,positive,ky_nang_giang_day
21093,"42:45 Si A y B tienen los mismos cuatro subespacios, entonces tienen la misma forma escalonada reducida .",neutral,kien_thuc
21093,"42:45 Si A y B tienen los mismos cuatro subespacios, entonces tienen la misma forma escalonada reducida .",neutral,kien_thuc
21093,"42:45 Si A y B tienen los mismos cuatro subespacios, entonces tienen la misma forma escalonada reducida .",neutral,kien_thuc
21093,"42:45 Si A y B tienen los mismos cuatro subespacios, entonces tienen la misma forma escalonada reducida .",neutral,kien_thuc
21094,Sinceramente no sé qué habría hecho sin este curso. Ha sido un verdadero placer escuchar al Profesor Strang. Gracias,positive,chuong_trinh_hoc
21094,Sinceramente no sé qué habría hecho sin este curso. Ha sido un verdadero placer escuchar al Profesor Strang. Gracias,positive,ky_nang_giang_day
21095,Es tan hermosa la manera en que lo explica...,positive,ky_nang_giang_day
21095,Es tan hermosa la manera en que lo explica...,positive,noi_chung
21096,En el minuto 28:50 dice que este es un hecho clave que dedujimos de Teorema del valor medio (MVT). No veo cómo es así. ¿Alguien puede explicarlo?,neutral,kien_thuc
21097,"Esta pregunta se hace demasiado, tal vez sería más fácil para mit simplemente reetiquetar conferencias (quiero decir que un examen en clase realmente no cuenta como una conferencia)",neutral,chuong_trinh_hoc
21097,"Esta pregunta se hace demasiado, tal vez sería más fácil para mit simplemente reetiquetar conferencias (quiero decir que un examen en clase realmente no cuenta como una conferencia)",neutral,noi_chung
21098,¡Maldita sea! Dibuja las líneas con precisión como una regla...,positive,ky_nang_giang_day
21099,"¡Un simple agradecimiento no sería suficiente! Pero, de todos modos, ¡muchas gracias MIT! Y Prof. Strang, muestra claramente lo bien que explica los conceptos, realmente quiere que los estudiantes comprendan. ¡Lo respeto! Muchas gracias una vez más :)",positive,ky_nang_giang_day
21100,¡Muchas gracias por compartir esos excelentes cursos! :) ¡Aprendí mucho de tus cursos abiertos!,positive,chuong_trinh_hoc
21100,¡Muchas gracias por compartir esos excelentes cursos! :) ¡Aprendí mucho de tus cursos abiertos!,positive,noi_chung
21101,Lamentablemente no se definió la vertical --- x --- notación,negative,kien_thuc
21102,"""No puedes resucitarlo de entre los muertos""... Qué cierto, qué cierto, prof. Strang :))) Aunque hay algunos en este mundo que creen que es realmente posible resucitar a la gente de entre los muertos, LoL :)))",neutral,ky_nang_giang_day
21103,"Completé el curso. Muchas gracias, profesor.",positive,ky_nang_giang_day
21104,"¡He estado esperando esto desde el día en que nací! Alcanzaré la Budeidad una vez que OCW publique serie ""Análisis funcional"".",positive,noi_chung
21104,"¡He estado esperando esto desde el día en que nací! Alcanzaré la Budeidad una vez que OCW publique serie ""Análisis funcional"".",positive,chuong_trinh_hoc
21104,"¡He estado esperando esto desde el día en que nací! Alcanzaré la Budeidad una vez que OCW publique serie ""Análisis funcional"".",positive,chuong_trinh_hoc
21105,"Me gradué en TI y Informática hace unos años, y ahora cuando veo cursos de MTI en línea realmente me impresiona su calidad.",positive,chuong_trinh_hoc
21105,"Me gradué en TI y Informática hace unos años, y ahora cuando veo cursos de MTI en línea realmente me impresiona su calidad.",neutral,noi_chung
21105,"Me gradué en TI y Informática hace unos años, y ahora cuando veo cursos de MTI en línea realmente me impresiona su calidad.",neutral,noi_chung
21106,"¡Una conferencia increíble, de verdad! Estudié ecuaciones diferenciales elementales en la universidad hace 40 años. Aproximadamente dos semanas de conferencias) para presentar el mismo material. Álgebra lineal aclara muy bien el proceso. La información transmitida aquí transmite el esfuerzo acumulado de toda mi vida de estudio y concentración... como pasatiempo... sin embargo, algunos estudiantes lo absorberán en minutos... resolverán problemas durante un par de semanas y lo dominarán... ¡¡¡Genial!!!",positive,chuong_trinh_hoc
21106,"¡Una conferencia increíble, de verdad! Estudié ecuaciones diferenciales elementales en la universidad hace 40 años. Aproximadamente dos semanas de conferencias) para presentar el mismo material. Álgebra lineal aclara muy bien el proceso. La información transmitida aquí transmite el esfuerzo acumulado de toda mi vida de estudio y concentración... como pasatiempo... sin embargo, algunos estudiantes lo absorberán en minutos... resolverán problemas durante un par de semanas y lo dominarán... ¡¡¡Genial!!!",positive,kien_thuc
21107,Mucho mejor que nuestro profesor...,negative,ky_nang_giang_day
21108,"¿Cómo se utiliza la información de Fisher en aprendizaje automático moderno, especialmente en la práctica?",neutral,kien_thuc
21108,"¿Cómo se utiliza la información de Fisher en aprendizaje automático moderno, especialmente en la práctica?",neutral,kien_thuc
21109,Me gusta mucho el Video Solución Ax = b: Forma reducida por filas R. De tu,positive,kien_thuc
21109,Me gusta mucho el Video Solución Ax = b: Forma reducida por filas R. De tu,positive,thiet_bi_day_hoc
21110,"En tiempos de Covid, espero que esto haga que los jóvenes se den cuenta de por qué las personas mayores son tan importantes. Larga vida a Prof. Strang.",positive,chuong_trinh_hoc
21110,"En tiempos de Covid, espero que esto haga que los jóvenes se den cuenta de por qué las personas mayores son tan importantes. Larga vida a Prof. Strang.",positive,ky_nang_giang_day
21111,"Todavía no lo entiendo, pero siento que necesito hacer algunos ejemplos y lo lograré... genial conferencia de todos modos",positive,chuong_trinh_hoc
21112,Esta conferencia es un lío. A las 13:20 el profesor define la base misteriosa e tal que d/dx (e^x) = e^x. A las 21:34 el profesor afirma que e es la base del logaritmo. (e es el número de Euler) ¿Cómo equipara la e de las 13:20 con la e de las 21:34? Supone que son la misma simplemente porque ha usado la misma letra en ambos lugares. No hay ninguna explicación de por qué la base del logaritmo 'e' es la misma que la base misteriosa 'e' definida anteriormente.,negative,chuong_trinh_hoc
21113,Muchas gracias MIT por estas conferencias gratuitas.,positive,noi_chung
21113,Muchas gracias MIT por estas conferencias gratuitas.,positive,chuong_trinh_hoc
21114,Desearía ser lo suficientemente inteligente para entender de qué carajo está hablando este tipo.,neutral,ky_nang_giang_day
21115,¡Se vuelve cada vez más interesante cuando se involucran ecuaciones diferenciales !,positive,kien_thuc
21116,Genial videos. Explica mucho mejor que mi profe.,positive,chuong_trinh_hoc
21116,Genial videos. Explica mucho mejor que mi profe.,positive,ky_nang_giang_day
21117,El video que me recomendaron y no puedo dejar de mirar. Una de las universidades de mis sueños cuando estaba en la escuela secundaria.,positive,de_xuat
21118,"Si en calc 1 introdujeran el término argmin para el lugar donde se produjo el mínimo, habría menos confusión, ya que los estudiantes a menudo confunden argmin con min real.",negative,kien_thuc
21118,"Si en calc 1 introdujeran el término argmin para el lugar donde se produjo el mínimo, habría menos confusión, ya que los estudiantes a menudo confunden argmin con min real.",negative,ky_nang_giang_day
21118,"Si en calc 1 introdujeran el término argmin para el lugar donde se produjo el mínimo, habría menos confusión, ya que los estudiantes a menudo confunden argmin con min real.",negative,ky_nang_giang_day
21118,"Si en calc 1 introdujeran el término argmin para el lugar donde se produjo el mínimo, habría menos confusión, ya que los estudiantes a menudo confunden argmin con min real.",negative,kien_thuc
21118,"Si en calc 1 introdujeran el término argmin para el lugar donde se produjo el mínimo, habría menos confusión, ya que los estudiantes a menudo confunden argmin con min real.",negative,kien_thuc
21119,"Genial profesor, genial conferencia aunque parece que no hay alumnos, gran tiza y también gran gesto en el minuto 20:14! xD",positive,chuong_trinh_hoc
21119,"Genial profesor, genial conferencia aunque parece que no hay alumnos, gran tiza y también gran gesto en el minuto 20:14! xD",positive,ky_nang_giang_day
21120,13:50 - es una especie de prueba de ingeniería inversa...,neutral,kien_thuc
21121,"""Siempre listo para responder preguntas"". He visto cada una de estas conferencias y no creo que nadie haya hecho nunca una sola pregunta. Es un poco extraño.",neutral,chuong_trinh_hoc
21122,"Es tan fácil de diferenciar que obtuve e^(xarctan(x)[arctan(x)+(x/(1+x^2))]) en aproximadamente 1 minuto y esto es correcto porque lo verifiqué en Wolfram Alpha y solo lo están haciendo al final de esta unidad de nivel universitario. Pensé que Estados Unidos era bueno en educación. Por cierto, estoy en el año 12 en el Reino Unido.",neutral,kien_thuc
21123,No puedo creer que estoy aquí. Es la primera vez que siento pasión por aprender durante mi etapa universitaria. Creo que las personas que escuchen tu curso lo apreciarán profundamente. ¡Gracias! ¡De verdad! ¡Muchas gracias!,positive,chuong_trinh_hoc
21123,No puedo creer que estoy aquí. Es la primera vez que siento pasión por aprender durante mi etapa universitaria. Creo que las personas que escuchen tu curso lo apreciarán profundamente. ¡Gracias! ¡De verdad! ¡Muchas gracias!,positive,ky_nang_giang_day
21124,¿Eres un mago? ¡Se lo voy a decir al Ministerio de Magia!,positive,ky_nang_giang_day
21125,"Entonces, el objetivo o propósito de esta conferencia era lograr Minimizar _x_ Sujeto a Ax = b ¿es precisa mi evaluación?",neutral,chuong_trinh_hoc
21125,"Entonces, el objetivo o propósito de esta conferencia era lograr Minimizar _x_ Sujeto a Ax = b ¿es precisa mi evaluación?",neutral,kien_thuc
21126,¡Qué tristeza que este hombre se esté haciendo viejo!,negative,ky_nang_giang_day
21127,"Parece un método de Monte Carlo, ¿no?",neutral,kien_thuc
21128,"Es lento, pero tiene un gran impacto hasta el final de la conferencia.",positive,ky_nang_giang_day
21128,"Es lento, pero tiene un gran impacto hasta el final de la conferencia.",positive,chuong_trinh_hoc
21129,"Tengo una pregunta sobre última integral. Sobre esa última parte, ¿podemos manipular la respuesta mediante reglas logarítmicas, es decir, restar ln2 de la respuesta, ya que es una constante, y luego escribir una nueva constante?",neutral,kien_thuc
21130,Gracias por la conferencia. Pero me sorprende ver que todavía se usan pizarrón y tizas en los Estados Unidos.,positive,chuong_trinh_hoc
21130,Gracias por la conferencia. Pero me sorprende ver que todavía se usan pizarrón y tizas en los Estados Unidos.,neutral,thiet_bi_day_hoc
21131,"¡Gracias desde el fondo de nuestro corazón, Profesor Strang!",positive,ky_nang_giang_day
21132,"Aprendí regresión lineal en una conferencia de estadística, pero creo que la forma álgebra lineal de hacerlo es más agradable y ordenada.",positive,kien_thuc
21133,"A mí también me encantan las expansiones de Taylor, pero tiene una derivación  realmente terrible. Si realmente quiero entenderlo, tendré que eliminar mi cuenta de Facebook, mi cuenta de YouTube, vender mi computadora portátil y todo lo que tengo excepto las herramientas de estudio y encerrarme con un suministro de pan y mantequilla para un mes y aislarme de todos durante un mes entero de descanso si quiero dominar este concepto. No parece realista para muchos de nosotros, pero, no sé, podría intentarlo. De lo contrario, dominarlo llevará mucho tiempo.",positive,kien_thuc
21133,"A mí también me encantan las expansiones de Taylor, pero tiene una derivación  realmente terrible. Si realmente quiero entenderlo, tendré que eliminar mi cuenta de Facebook, mi cuenta de YouTube, vender mi computadora portátil y todo lo que tengo excepto las herramientas de estudio y encerrarme con un suministro de pan y mantequilla para un mes y aislarme de todos durante un mes entero de descanso si quiero dominar este concepto. No parece realista para muchos de nosotros, pero, no sé, podría intentarlo. De lo contrario, dominarlo llevará mucho tiempo.",negative,kien_thuc
21134,Muchas gracias por las mejores clases de matemáticas,positive,chuong_trinh_hoc
21135,Ese tiene que ser el mejor maldito tiza de todos los tiempos,positive,thiet_bi_day_hoc
21136,"En la India, es una pregunta obligatoria para el examen final y mi profesor simplemente dijo las condiciones como fórmulas y luego nos hizo practicar muchos problemas de este tipo. ¡Eso es todo!",negative,ky_nang_giang_day
21137,¡Primero debes descifrar el libro de texto de cálculo! ... ¡y si dominas los vectores te habrás ganado el derecho a romper el Red Bull!,positive,thiet_bi_day_hoc
21138,¿Por qué Q veces Q transpuesta no es igual a identidad si la matriz no es cuadrado?,neutral,kien_thuc
21138,¿Por qué Q veces Q transpuesta no es igual a identidad si la matriz no es cuadrado?,neutral,kien_thuc
21138,¿Por qué Q veces Q transpuesta no es igual a identidad si la matriz no es cuadrado?,neutral,kien_thuc
21138,¿Por qué Q veces Q transpuesta no es igual a identidad si la matriz no es cuadrado?,neutral,kien_thuc
21138,¿Por qué Q veces Q transpuesta no es igual a identidad si la matriz no es cuadrado?,neutral,kien_thuc
21139,"Disculpe, ¿significa que la base del espacio de entrada y la del espacio de salida es la misma {v1, v2, ..., v8} en 45:25? Entonces, si esto es cierto, ¿cuándo ocurre el cambio de base? Me confundo aquí, por favor ayúdenme, ¡muchas gracias!",neutral,kien_thuc
21139,"Disculpe, ¿significa que la base del espacio de entrada y la del espacio de salida es la misma {v1, v2, ..., v8} en 45:25? Entonces, si esto es cierto, ¿cuándo ocurre el cambio de base? Me confundo aquí, por favor ayúdenme, ¡muchas gracias!",neutral,kien_thuc
21139,"Disculpe, ¿significa que la base del espacio de entrada y la del espacio de salida es la misma {v1, v2, ..., v8} en 45:25? Entonces, si esto es cierto, ¿cuándo ocurre el cambio de base? Me confundo aquí, por favor ayúdenme, ¡muchas gracias!",neutral,kien_thuc
21139,"Disculpe, ¿significa que la base del espacio de entrada y la del espacio de salida es la misma {v1, v2, ..., v8} en 45:25? Entonces, si esto es cierto, ¿cuándo ocurre el cambio de base? Me confundo aquí, por favor ayúdenme, ¡muchas gracias!",neutral,kien_thuc
21140,Prof Strang es un ejemplo de que la edad no es un obstáculo para el aprendizaje.,positive,ky_nang_giang_day
21141,"Gilbert Strang es demasiado complicado. Simplemente grafique las líneas mediante el método de la pendiente y la intersección con el eje y y observe dónde se cruzan, si es que lo hacen.",negative,ky_nang_giang_day
21142,"Gracias MIT. Por favor, consideren subir más material serie de conferencias sobre matemáticas abstractas (por ejemplo, análisis real, análisis complejo, álgebra abstracta, geometría diferencial, topología, etc.). ¡Nos será de gran ayuda!",neutral,thiet_bi_day_hoc
21143,MIT es MIT por una razón. Gracias por publicar videos tan maravillosos.,positive,noi_chung
21143,MIT es MIT por una razón. Gracias por publicar videos tan maravillosos.,positive,chuong_trinh_hoc
21144,"Dios mío, no puedo creer cómo le gusta a la gente esto curso... es tan aleatorio y desorganizado y básicamente dice sus pensamientos. Es difícil seguir la lógica... algunos conceptos importantes se cubrieron demasiado rápido y las charlas no importantes fueron tan abundantes...",negative,chuong_trinh_hoc
21144,"Dios mío, no puedo creer cómo le gusta a la gente esto curso... es tan aleatorio y desorganizado y básicamente dice sus pensamientos. Es difícil seguir la lógica... algunos conceptos importantes se cubrieron demasiado rápido y las charlas no importantes fueron tan abundantes...",negative,ky_nang_giang_day
21145,"Gracias MIT, ¿podrían POR FAVOR publicar los nombres de estos maravillosos profesores para que podamos agradecerles por su nombre también? Voy a una pequeña universidad comunitaria y nuestros instructores son maravillosos... pero... no exactamente así :) Estos videos me hacen sentir inteligente nuevamente cuando estaba empezando a preguntarme ""¿qué le pasa a mi cerebro?""",positive,ky_nang_giang_day
21146,"Hermosa conferencia, ésta, y toda la serie.",positive,chuong_trinh_hoc
21146,"Hermosa conferencia, ésta, y toda la serie.",positive,thiet_bi_day_hoc
21147,Entonces... ni siquiera sabía qué era una matriz hasta hace 80 minutos... ¡Este tipo es genial!,positive,ky_nang_giang_day
21148,En 1:11:30 ¿por qué utiliza la muestra sesgada varianza y no la imparcial? ¿Conceptualmente no importa?,neutral,kien_thuc
21148,En 1:11:30 ¿por qué utiliza la muestra sesgada varianza y no la imparcial? ¿Conceptualmente no importa?,neutral,kien_thuc
21149,"Tuve que hacer una pausa para averiguar cómo había obtenido los vectores propios al final. Conectar Phi funciona, pero no fue hasta que volví a mirar que me di cuenta de que estaba señalando la relación lambda^2-lambda-1=0 para revelar el vector.",neutral,kien_thuc
21150,"Estas conferencias deben almacenarse adecuadamente para que cuando los extraterrestres vengan, puedan aprender álgebra lineal de la manera correcta.",positive,kien_thuc
21150,"Estas conferencias deben almacenarse adecuadamente para que cuando los extraterrestres vengan, puedan aprender álgebra lineal de la manera correcta.",positive,chuong_trinh_hoc
21151,"Entonces, los vectores propios de una matriz circular son raíces de la unidad -> matriz de Fourier. He utilizado Transformada de Fourier y DCT en el procesamiento de imágenes y me pareció sorprendente pero misterioso: ¿de dónde salió? Ahora lo sé. Tampoco me di cuenta de que convolución es esencialmente multiplicación de polinomios... ¡y que la convolución circular simplemente aplica un módulo a las potencias! ¡Expansión mental! Gracias ¡Profe Strang!",positive,ky_nang_giang_day
21151,"Entonces, los vectores propios de una matriz circular son raíces de la unidad -> matriz de Fourier. He utilizado Transformada de Fourier y DCT en el procesamiento de imágenes y me pareció sorprendente pero misterioso: ¿de dónde salió? Ahora lo sé. Tampoco me di cuenta de que convolución es esencialmente multiplicación de polinomios... ¡y que la convolución circular simplemente aplica un módulo a las potencias! ¡Expansión mental! Gracias ¡Profe Strang!",positive,kien_thuc
21151,"Entonces, los vectores propios de una matriz circular son raíces de la unidad -> matriz de Fourier. He utilizado Transformada de Fourier y DCT en el procesamiento de imágenes y me pareció sorprendente pero misterioso: ¿de dónde salió? Ahora lo sé. Tampoco me di cuenta de que convolución es esencialmente multiplicación de polinomios... ¡y que la convolución circular simplemente aplica un módulo a las potencias! ¡Expansión mental! Gracias ¡Profe Strang!",positive,kien_thuc
21151,"Entonces, los vectores propios de una matriz circular son raíces de la unidad -> matriz de Fourier. He utilizado Transformada de Fourier y DCT en el procesamiento de imágenes y me pareció sorprendente pero misterioso: ¿de dónde salió? Ahora lo sé. Tampoco me di cuenta de que convolución es esencialmente multiplicación de polinomios... ¡y que la convolución circular simplemente aplica un módulo a las potencias! ¡Expansión mental! Gracias ¡Profe Strang!",positive,kien_thuc
21151,"Entonces, los vectores propios de una matriz circular son raíces de la unidad -> matriz de Fourier. He utilizado Transformada de Fourier y DCT en el procesamiento de imágenes y me pareció sorprendente pero misterioso: ¿de dónde salió? Ahora lo sé. Tampoco me di cuenta de que convolución es esencialmente multiplicación de polinomios... ¡y que la convolución circular simplemente aplica un módulo a las potencias! ¡Expansión mental! Gracias ¡Profe Strang!",positive,kien_thuc
21151,"Entonces, los vectores propios de una matriz circular son raíces de la unidad -> matriz de Fourier. He utilizado Transformada de Fourier y DCT en el procesamiento de imágenes y me pareció sorprendente pero misterioso: ¿de dónde salió? Ahora lo sé. Tampoco me di cuenta de que convolución es esencialmente multiplicación de polinomios... ¡y que la convolución circular simplemente aplica un módulo a las potencias! ¡Expansión mental! Gracias ¡Profe Strang!",positive,kien_thuc
21152,Se siente genial estar entrando en la planta baja de la singularidad,positive,kien_thuc
21153,"Gracias, Prof. Strang. Hiciste del mundo un lugar mejor.",positive,ky_nang_giang_day
21154,"(1/3*n^3), ¡mágicamente! ¡Hmm! Pero bueno, tiene sentido, es una suma de todos los (n-x)^2, y como él asumió que para todos los pivotes es una variable continua, entonces la suma discreta de las variables continuas se convierte en integral y ahí lo tienes, 1/3n^3.",positive,kien_thuc
21154,"(1/3*n^3), ¡mágicamente! ¡Hmm! Pero bueno, tiene sentido, es una suma de todos los (n-x)^2, y como él asumió que para todos los pivotes es una variable continua, entonces la suma discreta de las variables continuas se convierte en integral y ahí lo tienes, 1/3n^3.",positive,ky_nang_giang_day
21155,¡Genial! entrevista ¡Gracias por todas tus conferencias,positive,ky_nang_giang_day
21155,¡Genial! entrevista ¡Gracias por todas tus conferencias,positive,chuong_trinh_hoc
21156,"Gracias, Señor, por haber visto estas conferencias ahora. Es una pena que sea tarde, pero sucedió de todos modos. Dios te bendiga Profesor Strang",positive,chuong_trinh_hoc
21156,"Gracias, Señor, por haber visto estas conferencias ahora. Es una pena que sea tarde, pero sucedió de todos modos. Dios te bendiga Profesor Strang",positive,ky_nang_giang_day
21157,"Genial conferencia, gracias profesor Strang.",positive,thiet_bi_day_hoc
21157,"Genial conferencia, gracias profesor Strang.",positive,ky_nang_giang_day
21158,"Si las filas de una matriz son dependientes, ¿significa que las columnas también deben ser dependientes?",neutral,kien_thuc
21158,"Si las filas de una matriz son dependientes, ¿significa que las columnas también deben ser dependientes?",neutral,kien_thuc
21159,"felicitaciones es un gran clase de calculo, te admiro mucho; y algun dia quiero visitar MIT.Hasta prontoProfesor Jose Luis Benavides CepedaColombia",positive,chuong_trinh_hoc
21159,"felicitaciones es un gran clase de calculo, te admiro mucho; y algun dia quiero visitar MIT.Hasta prontoProfesor Jose Luis Benavides CepedaColombia",neutral,noi_chung
21159,"felicitaciones es un gran clase de calculo, te admiro mucho; y algun dia quiero visitar MIT.Hasta prontoProfesor Jose Luis Benavides CepedaColombia",positive,ky_nang_giang_day
21160,"¿Qué quiere decir realmente cuando dice ""su inversa va a ser grande""? Lo dice 2 veces... cuando habla de columnas en mal estado y de una matriz casi singular... Por favor, ayuda. Y también, por favor, ¿qué problemas podría causar un inversa ""grande""?",neutral,kien_thuc
21161,¿Cuál es la justificación para minimizar el cuadrado de la distancia en lugar de la distancia misma?,negative,kien_thuc
21162,orden de empaquetamiento cerrado con densidad como función de la partícula en el espacio tridimensional es mi fuerte. Buen ejemplo.,positive,kien_thuc
21163,"Es increíble la claridad con la que explica los temas, muchas gracias al profesor. Me pregunto qué otros cursos imparte en MIT que estén disponibles en OCW. Además, creo que el profesor es autor del libro de estadísticas para este (4: curso), que también debe ser genial, así que tengo que pensar en conseguirlo.",positive,ky_nang_giang_day
21163,"Es increíble la claridad con la que explica los temas, muchas gracias al profesor. Me pregunto qué otros cursos imparte en MIT que estén disponibles en OCW. Además, creo que el profesor es autor del libro de estadísticas para este (4: curso), que también debe ser genial, así que tengo que pensar en conseguirlo.",positive,noi_chung
21163,"Es increíble la claridad con la que explica los temas, muchas gracias al profesor. Me pregunto qué otros cursos imparte en MIT que estén disponibles en OCW. Además, creo que el profesor es autor del libro de estadísticas para este (4: curso), que también debe ser genial, así que tengo que pensar en conseguirlo.",positive,thiet_bi_day_hoc
21163,"Es increíble la claridad con la que explica los temas, muchas gracias al profesor. Me pregunto qué otros cursos imparte en MIT que estén disponibles en OCW. Además, creo que el profesor es autor del libro de estadísticas para este (4: curso), que también debe ser genial, así que tengo que pensar en conseguirlo.",positive,chuong_trinh_hoc
21164,¿Necesito saber cálculo para esto? Lo aprenderé después y veré esto nuevamente.,negative,kien_thuc
21164,¿Necesito saber cálculo para esto? Lo aprenderé después y veré esto nuevamente.,neutral,noi_chung
21165,"¡Gracias al profesor por estas lecciones! En nuestro país no hay forma de entender de una manera tan fácil este tipo de lecciones. Gracias de nuevo, sigue subiendo contenido.",positive,ky_nang_giang_day
21165,"¡Gracias al profesor por estas lecciones! En nuestro país no hay forma de entender de una manera tan fácil este tipo de lecciones. Gracias de nuevo, sigue subiendo contenido.",negative,noi_chung
21165,"¡Gracias al profesor por estas lecciones! En nuestro país no hay forma de entender de una manera tan fácil este tipo de lecciones. Gracias de nuevo, sigue subiendo contenido.",positive,chuong_trinh_hoc
21166,"Ya no puedo continuar con el curso, los últimos 30 minutos de esta conferencia me parecen demasiado. *Después de intentar comprender los primeros 15 minutos de sus últimos 30 minutos durante una hora, todavía estoy confundido. Aprecio su trabajo Profesor Strang. Es una gran experiencia aprender de usted. Marqué esta conferencia como favorita, algún día la retomaré.",neutral,thiet_bi_day_hoc
21166,"Ya no puedo continuar con el curso, los últimos 30 minutos de esta conferencia me parecen demasiado. *Después de intentar comprender los primeros 15 minutos de sus últimos 30 minutos durante una hora, todavía estoy confundido. Aprecio su trabajo Profesor Strang. Es una gran experiencia aprender de usted. Marqué esta conferencia como favorita, algún día la retomaré.",positive,ky_nang_giang_day
21167,Hay una diferencia de conceptos entre Lec1 y Lec2. ¿Alguien más siente la diferencia?,neutral,chuong_trinh_hoc
21167,Hay una diferencia de conceptos entre Lec1 y Lec2. ¿Alguien más siente la diferencia?,neutral,chuong_trinh_hoc
21168,¿Por qué no podemos resolver 4 ecuaciones con 3 incógnitas de nuevo? Teniendo en cuenta que la gente sigue viendo esto en 2k18,neutral,kien_thuc
21169,¿Alguien sabe en qué conferencia habló sobre la matriz jacobiana o hessiana?,neutral,chuong_trinh_hoc
21170,El Prof. G. S. es increíble,positive,ky_nang_giang_day
21171,"¡Este es el momento en el que tengo que decir gracias! En mi opinión, esta conferencia conecta todo lo que sucedió hasta ahora de manera hermosa y sienta las bases para resolver los problemas de ingeniería más avanzados.",positive,chuong_trinh_hoc
21171,"¡Este es el momento en el que tengo que decir gracias! En mi opinión, esta conferencia conecta todo lo que sucedió hasta ahora de manera hermosa y sienta las bases para resolver los problemas de ingeniería más avanzados.",positive,ky_nang_giang_day
21172,¿Alguna vez definió qué es un límite? ¿Dónde?,negative,ky_nang_giang_day
21173,DR. Strang gracias por otra excelente conferencia sobre multiplicación y factorización de matrices en álgebra lineal. Realmente disfruto esta parte del álgebra lineal.,positive,ky_nang_giang_day
21173,DR. Strang gracias por otra excelente conferencia sobre multiplicación y factorización de matrices en álgebra lineal. Realmente disfruto esta parte del álgebra lineal.,positive,chuong_trinh_hoc
21173,DR. Strang gracias por otra excelente conferencia sobre multiplicación y factorización de matrices en álgebra lineal. Realmente disfruto esta parte del álgebra lineal.,positive,kien_thuc
21174,Esta clase iba muy rápido hasta esta lección cuando empezó a arrastrarse.,neutral,chuong_trinh_hoc
21175,"Muchas gracias profesor, te quiero.",positive,ky_nang_giang_day
21176,"¡¡¡Wooooo!!, simplemente se perdió en la naturaleza. Tengo que volver a verla.",neutral,chuong_trinh_hoc
21177,"¡Es demasiado fácil, de hecho!",neutral,kien_thuc
21178,"Me hace volver a mis días de estudiante y experimentar la brillantez del arte de Matemáticas. La enseñanza como se suponía que debía ser. La diferencia ahora es el ""aspecto agradable"" de la evidente devoción del Profesor Strang por la materia. Presenta de manera brillante conferencias sobre aspectos a menudo abstrusos, con un sistema incorporado de ""creatividad e innovación"" para los estudiantes. Sin duda notable.",positive,chuong_trinh_hoc
21178,"Me hace volver a mis días de estudiante y experimentar la brillantez del arte de Matemáticas. La enseñanza como se suponía que debía ser. La diferencia ahora es el ""aspecto agradable"" de la evidente devoción del Profesor Strang por la materia. Presenta de manera brillante conferencias sobre aspectos a menudo abstrusos, con un sistema incorporado de ""creatividad e innovación"" para los estudiantes. Sin duda notable.",positive,ky_nang_giang_day
21178,"Me hace volver a mis días de estudiante y experimentar la brillantez del arte de Matemáticas. La enseñanza como se suponía que debía ser. La diferencia ahora es el ""aspecto agradable"" de la evidente devoción del Profesor Strang por la materia. Presenta de manera brillante conferencias sobre aspectos a menudo abstrusos, con un sistema incorporado de ""creatividad e innovación"" para los estudiantes. Sin duda notable.",positive,chuong_trinh_hoc
21179,Aprendí esto cuando tenía 16-17 años en la escuela... decepcionante.,negative,chuong_trinh_hoc
21180,"Fantástico, excelente conferencia gracias.",positive,chuong_trinh_hoc
21180,"Fantástico, excelente conferencia gracias.",positive,noi_chung
21181,"""Quizás quería que lo descubrieras por ti mismo"" Él es gracioso",positive,ky_nang_giang_day
21182,"@[USERNAME]Ambos, pero Él solo estaba evaluando el componente especial.",negative,ky_nang_giang_day
21183,Gracias Gilbert. Estoy viendo las conferencias y aprendiendo mucho.,positive,ky_nang_giang_day
21183,Gracias Gilbert. Estoy viendo las conferencias y aprendiendo mucho.,positive,chuong_trinh_hoc
21184,Hasta el momento 549.213 personas han asistido a su conferencia Sr.Strang,positive,ky_nang_giang_day
21185,¿Es esta la última conferencia de la serie? (No es como si fuera a recibir una respuesta jajaja),neutral,chuong_trinh_hoc
21186,Vivimos tanto tiempo y nos saltamos el prueba 39:40!!!!!!!,neutral,kien_thuc
21187,"Tuve experiencias horribles con el aprendizaje de matemáticas en la escuela primaria y, desde entonces, tengo una predisposición negativa hacia ello. Esta lista de reproducción está revirtiendo esa predisposición.",positive,chuong_trinh_hoc
21187,"Tuve experiencias horribles con el aprendizaje de matemáticas en la escuela primaria y, desde entonces, tengo una predisposición negativa hacia ello. Esta lista de reproducción está revirtiendo esa predisposición.",neutral,chuong_trinh_hoc
21188,¿Cómo puedo encontrar rango de una matriz?,neutral,kien_thuc
21189,"¿Soy el único que oye ""puff"" cada vez que dice ""prueba""?",negative,ky_nang_giang_day
21190,"¡Esta lección fue en 2007! Aquí en 2022 leí en la parte de atrás de la camiseta del niño de la escuela ""CORONA"" (24:31) ¡Jajaja! ¡Qué profeta es... adelantado a su tiempo!",positive,ky_nang_giang_day
21191,gracias OCW :) por esta maravillosa serie !!,positive,chuong_trinh_hoc
21191,gracias OCW :) por esta maravillosa serie !!,positive,noi_chung
21193,"Ojalá estuviera haciendo mi repaso de matemáticas en Física, mi NULL es terrible y tengo que aprobar.",positive,ky_nang_giang_day
21193,"Ojalá estuviera haciendo mi repaso de matemáticas en Física, mi NULL es terrible y tengo que aprobar.",negative,ky_nang_giang_day
21194,¿Qué pasa si un número de columnas pivote no es igual a un número de columnas libres? ¿Cómo se puede construir la matriz N en este caso?,neutral,kien_thuc
21194,¿Qué pasa si un número de columnas pivote no es igual a un número de columnas libres? ¿Cómo se puede construir la matriz N en este caso?,neutral,kien_thuc
21194,¿Qué pasa si un número de columnas pivote no es igual a un número de columnas libres? ¿Cómo se puede construir la matriz N en este caso?,neutral,kien_thuc
21195,Me encantan estas clases . Con ellas refresco mis conocimientos de matemáticas. ¡Gracias!,positive,chuong_trinh_hoc
21196,Eso -2 a las 9:00 me mató :(,negative,kien_thuc
21197,El profesor parece una versión antigua de Nicholas Brody,neutral,chuong_trinh_hoc
21197,El profesor parece una versión antigua de Nicholas Brody,neutral,noi_chung
21198,¿Alguien podría decirme en el minuto 33:33 cómo obtenemos [1000] para una solución particular? Estoy muy confundido. ¡Muchas gracias!,neutral,kien_thuc
21199,"Las instalaciones que proporcionan y los profesores que contratan están entre los mejores del mundo. Esas cosas no son baratas. Necesitan donaciones para proporcionar la educación gratuita. Esto, la educación gratuita, les cuesta dinero para producirlo y alojarlo. No olvidemos también que MIT fue en contra de la voluntad del resto de las mejores universidades al ser la primera en proporcionar inicialmente esta educación gratuita. Efectivamente, obligaron a otras universidades importantes a hacer lo mismo. Lo están haciendo por el bien de la sociedad.",positive,thiet_bi_day_hoc
21199,"Las instalaciones que proporcionan y los profesores que contratan están entre los mejores del mundo. Esas cosas no son baratas. Necesitan donaciones para proporcionar la educación gratuita. Esto, la educación gratuita, les cuesta dinero para producirlo y alojarlo. No olvidemos también que MIT fue en contra de la voluntad del resto de las mejores universidades al ser la primera en proporcionar inicialmente esta educación gratuita. Efectivamente, obligaron a otras universidades importantes a hacer lo mismo. Lo están haciendo por el bien de la sociedad.",positive,ky_nang_giang_day
21199,"Las instalaciones que proporcionan y los profesores que contratan están entre los mejores del mundo. Esas cosas no son baratas. Necesitan donaciones para proporcionar la educación gratuita. Esto, la educación gratuita, les cuesta dinero para producirlo y alojarlo. No olvidemos también que MIT fue en contra de la voluntad del resto de las mejores universidades al ser la primera en proporcionar inicialmente esta educación gratuita. Efectivamente, obligaron a otras universidades importantes a hacer lo mismo. Lo están haciendo por el bien de la sociedad.",positive,chuong_trinh_hoc
21199,"Las instalaciones que proporcionan y los profesores que contratan están entre los mejores del mundo. Esas cosas no son baratas. Necesitan donaciones para proporcionar la educación gratuita. Esto, la educación gratuita, les cuesta dinero para producirlo y alojarlo. No olvidemos también que MIT fue en contra de la voluntad del resto de las mejores universidades al ser la primera en proporcionar inicialmente esta educación gratuita. Efectivamente, obligaron a otras universidades importantes a hacer lo mismo. Lo están haciendo por el bien de la sociedad.",positive,chuong_trinh_hoc
21200,¡¡¡La conferencia más completa que he visto jamás!!!,positive,chuong_trinh_hoc
21201,Algunas preguntas de los estudiantes son bastante retrasadas... ¡el profesor es increíble!,negative,noi_chung
21201,Algunas preguntas de los estudiantes son bastante retrasadas... ¡el profesor es increíble!,positive,ky_nang_giang_day
21202,¿Qué clase de curso cálculo multivariable es este? Son 3 conferencias completas sobre vectores y 1 hasta ahora sobre matrices...,neutral,chuong_trinh_hoc
21203,"Esta es la mejor explicación de la fórmula de proyección que he visto nunca. El profesor Strang no sólo proporciona una base matemática de la fórmula al derivarla, sino que también proporciona una intuición y una motivación claras. También se toma el tiempo de repasar primero el caso más simple de proyectar sobre una línea, lo que permite desarrollar la comprensión del contenido gradualmente. ¡Qué gran conferencia!",positive,ky_nang_giang_day
21203,"Esta es la mejor explicación de la fórmula de proyección que he visto nunca. El profesor Strang no sólo proporciona una base matemática de la fórmula al derivarla, sino que también proporciona una intuición y una motivación claras. También se toma el tiempo de repasar primero el caso más simple de proyectar sobre una línea, lo que permite desarrollar la comprensión del contenido gradualmente. ¡Qué gran conferencia!",positive,kien_thuc
21204,"Excelente clase y excelente profesor, creo que los chicos no vieron las bases del álgebra lineal por eso el profe Auroux les dio una introducción a la geometría analítica y algebra elemental, hay asignaturas que en México son elementales en la Facultad de Ingeniería UNAM: álgebra (números reales, números complejos, polinomios, sistemas de ecuaciones y matrices), geometría analítica (curvas polares, curvas en el espacio, álgebra vectorial, superficies), álgebra lineal (espacios vectoriales, transformaciones, cambio de bases, dependencia de funciones; combinaciones lineales y teoremas) obviamente cálculo diferencial e integral y finalmente en matemáticas elementales cálculo vectorial (cálculo multivariable) que está ligado a esto, pero el profe Auroux resumió las bases en 2 horas eso es genial",positive,chuong_trinh_hoc
21204,"Excelente clase y excelente profesor, creo que los chicos no vieron las bases del álgebra lineal por eso el profe Auroux les dio una introducción a la geometría analítica y algebra elemental, hay asignaturas que en México son elementales en la Facultad de Ingeniería UNAM: álgebra (números reales, números complejos, polinomios, sistemas de ecuaciones y matrices), geometría analítica (curvas polares, curvas en el espacio, álgebra vectorial, superficies), álgebra lineal (espacios vectoriales, transformaciones, cambio de bases, dependencia de funciones; combinaciones lineales y teoremas) obviamente cálculo diferencial e integral y finalmente en matemáticas elementales cálculo vectorial (cálculo multivariable) que está ligado a esto, pero el profe Auroux resumió las bases en 2 horas eso es genial",positive,ky_nang_giang_day
21205,"Profesor Auroux, gracias por estas maravillosasconferencias",positive,ky_nang_giang_day
21205,"Profesor Auroux, gracias por estas maravillosasconferencias",positive,chuong_trinh_hoc
21206,"Al final dice que el límite es igual a ""1"", entonces, ¿cómo es que eso equivale a e^1? ¿No se supone que debería ser e^0?",neutral,ky_nang_giang_day
21207,"base de R^n abarca el espacio de R^n, pero en 43:46, el espacio de columnas es R^3 y solo teníamos 2 vectores linealmente independientes, entonces, ¿cómo puede crear una base? porque con solo 2 vectores no podemos abarcan R^3.",neutral,kien_thuc
21207,"base de R^n abarca el espacio de R^n, pero en 43:46, el espacio de columnas es R^3 y solo teníamos 2 vectores linealmente independientes, entonces, ¿cómo puede crear una base? porque con solo 2 vectores no podemos abarcan R^3.",neutral,kien_thuc
21207,"base de R^n abarca el espacio de R^n, pero en 43:46, el espacio de columnas es R^3 y solo teníamos 2 vectores linealmente independientes, entonces, ¿cómo puede crear una base? porque con solo 2 vectores no podemos abarcan R^3.",neutral,kien_thuc
21207,"base de R^n abarca el espacio de R^n, pero en 43:46, el espacio de columnas es R^3 y solo teníamos 2 vectores linealmente independientes, entonces, ¿cómo puede crear una base? porque con solo 2 vectores no podemos abarcan R^3.",neutral,kien_thuc
21207,"base de R^n abarca el espacio de R^n, pero en 43:46, el espacio de columnas es R^3 y solo teníamos 2 vectores linealmente independientes, entonces, ¿cómo puede crear una base? porque con solo 2 vectores no podemos abarcan R^3.",neutral,kien_thuc
21207,"base de R^n abarca el espacio de R^n, pero en 43:46, el espacio de columnas es R^3 y solo teníamos 2 vectores linealmente independientes, entonces, ¿cómo puede crear una base? porque con solo 2 vectores no podemos abarcan R^3.",neutral,kien_thuc
21208,No sabía que Jimmy Dore enseñaba estadísticas...,neutral,ky_nang_giang_day
21209,Él es una gran inspiración.,positive,ky_nang_giang_day
21211,"Mi último curso en la universidad. Me encantó estadística y se puede usar en la vida real después de la universidad. nivel de significancia 3,14, moda. chi cuadrado de la muestra de la población media. Me encanta. Este profesor parece realmente bueno enseñando y manteniendo la clase divertida.",positive,ky_nang_giang_day
21211,"Mi último curso en la universidad. Me encantó estadística y se puede usar en la vida real después de la universidad. nivel de significancia 3,14, moda. chi cuadrado de la muestra de la población media. Me encanta. Este profesor parece realmente bueno enseñando y manteniendo la clase divertida.",positive,chuong_trinh_hoc
21211,"Mi último curso en la universidad. Me encantó estadística y se puede usar en la vida real después de la universidad. nivel de significancia 3,14, moda. chi cuadrado de la muestra de la población media. Me encanta. Este profesor parece realmente bueno enseñando y manteniendo la clase divertida.",neutral,kien_thuc
21211,"Mi último curso en la universidad. Me encantó estadística y se puede usar en la vida real después de la universidad. nivel de significancia 3,14, moda. chi cuadrado de la muestra de la población media. Me encanta. Este profesor parece realmente bueno enseñando y manteniendo la clase divertida.",neutral,kien_thuc
21211,"Mi último curso en la universidad. Me encantó estadística y se puede usar en la vida real después de la universidad. nivel de significancia 3,14, moda. chi cuadrado de la muestra de la población media. Me encanta. Este profesor parece realmente bueno enseñando y manteniendo la clase divertida.",neutral,kien_thuc
21211,"Mi último curso en la universidad. Me encantó estadística y se puede usar en la vida real después de la universidad. nivel de significancia 3,14, moda. chi cuadrado de la muestra de la población media. Me encanta. Este profesor parece realmente bueno enseñando y manteniendo la clase divertida.",neutral,kien_thuc
21212,"Gracias profesor y MIT, me ayudó mucho a entender Álgebra lineal",positive,kien_thuc
21213,"Esto es increíble. Gracias equipo MIT OCW por todas estas increíbles conferencias publicadas... envío mis respetos... desde Delhi, India.",positive,chuong_trinh_hoc
21213,"Esto es increíble. Gracias equipo MIT OCW por todas estas increíbles conferencias publicadas... envío mis respetos... desde Delhi, India.",positive,noi_chung
21214,"Este chico es tranquilo, me gusta.",positive,ky_nang_giang_day
21215,25:10 NO es un toin coss,neutral,chuong_trinh_hoc
21216,Desearía ser tan bueno en *cualquier cosa* como este chico lo es enseñando.,positive,ky_nang_giang_day
21217,Vale la pena dedicar tiempo para ver este maravilloso video,positive,chuong_trinh_hoc
21218,"Sinceramente, creo que debería haber gente que modere la sección de comentarios y elimine esos comentarios críticos. Los estudiantes tienen derecho a aprender en un entorno seguro. Hacer preguntas ""estúpidas"" es una parte integral del aprendizaje, tanto como cometer errores. Es triste ver a los estudiantes tragarse sus dudas porque les preocupa cómo se ven frente a los demás. Así que, si sabes las respuestas a las preguntas, cállate y mira el video sin ser un idiota crítico.",negative,thiet_bi_day_hoc
21218,"Sinceramente, creo que debería haber gente que modere la sección de comentarios y elimine esos comentarios críticos. Los estudiantes tienen derecho a aprender en un entorno seguro. Hacer preguntas ""estúpidas"" es una parte integral del aprendizaje, tanto como cometer errores. Es triste ver a los estudiantes tragarse sus dudas porque les preocupa cómo se ven frente a los demás. Así que, si sabes las respuestas a las preguntas, cállate y mira el video sin ser un idiota crítico.",positive,noi_chung
21219,"""Respira hondo. Vale, la cinta  no lo hará, pero el profesor  sí"". ¡Qué gracioso! :D",positive,ky_nang_giang_day
21219,"""Respira hondo. Vale, la cinta  no lo hará, pero el profesor  sí"". ¡Qué gracioso! :D",negative,thiet_bi_day_hoc
21220,Este tipo necesita la tiza de Walter Lewin para dibujar esas líneas de puntos.,neutral,ky_nang_giang_day
21221,El ruido blanco ruido de fondo es la parte más irritante de estas conferencias. ¿Alguien sabe alguna forma de eliminar el ruido de estos videos? Es muy difícil concentrarse debido a este ruido estático.,negative,thiet_bi_day_hoc
21221,El ruido blanco ruido de fondo es la parte más irritante de estas conferencias. ¿Alguien sabe alguna forma de eliminar el ruido de estos videos? Es muy difícil concentrarse debido a este ruido estático.,negative,chuong_trinh_hoc
21221,El ruido blanco ruido de fondo es la parte más irritante de estas conferencias. ¿Alguien sabe alguna forma de eliminar el ruido de estos videos? Es muy difícil concentrarse debido a este ruido estático.,negative,chuong_trinh_hoc
21221,El ruido blanco ruido de fondo es la parte más irritante de estas conferencias. ¿Alguien sabe alguna forma de eliminar el ruido de estos videos? Es muy difícil concentrarse debido a este ruido estático.,negative,thiet_bi_day_hoc
21222,"""¡SUMO! 3 veces la fila uno a... (vistazo rápido a la velocidad de la luz) ¡fila dos!"" Este hombre es el mejor de todos los tiempos en la enseñanza del álgebra lineal.",positive,ky_nang_giang_day
21223,43:25 ¿cómo hizo eso?,negative,ky_nang_giang_day
21224,AMO A GILBERT STRANG SIR. Estoy en la escuela secundaria y me encantan sus clases. Todo esto se enseña de una manera aburrida en nuestra clase... pero STRNG SIR hace que este tema sea épico. ¡Ahora me encanta el álgebra lineal! Muchas gracias MIT por ayudar a millones de personas como yo.,positive,ky_nang_giang_day
21225,¿Cómo recuerdas todas esas fórmulas? Estoy impresionado.,positive,ky_nang_giang_day
21225,¿Cómo recuerdas todas esas fórmulas? Estoy impresionado.,negative,kien_thuc
21226,"Todas las matrices importan, no existe una matriz buena o mala :P",neutral,kien_thuc
21227,"Prof.Strang: ""Si me puede decir qué hay en ese bloque, me quedaré callado el resto del día"". ¡Guau! Esto demuestra su pasión. *Se quita el sombrero* Señor...",positive,ky_nang_giang_day
21228,"Soy demasiado tonto para el MIT, pero sus conferencias son mucho más simples y fáciles de entender que las de mi profesor. #SJSU",positive,chuong_trinh_hoc
21229,"Bien hecho Sr. Gilbert, felicitaciones.",positive,ky_nang_giang_day
21230,"De verdad que deberíamos decirte gracias, desde el fondo del corazón.",positive,ky_nang_giang_day
21231,"En 42:59, al decidir altura del rectángulo en un intervalo con x que varía de 0 a 1, ¿no deberíamos sumar altura del rectángulo por encima o por debajo del eje x? ¿Por qué restamos?",neutral,kien_thuc
21232,Un profesor tan realista  y habla de una manera tan amigable (Y),positive,ky_nang_giang_day
21233,Impresionante sencillez. Ojalá lo hubiera tenido en la universidad.,positive,ky_nang_giang_day
21234,"¡Él simplemente sigue superando los límites! No es que no lo entienda, pero nunca pensé que se pudieran usar herramientas de esta manera.",positive,ky_nang_giang_day
21235,"Tengo mi clase de álgebra lineal temprano en la mañana y nunca llego a la clase. Estaba frustrado por ponerme al día con todo esto, pero ver estos videos me está ayudando mucho. ¡Agradezco sinceramente profesor Strang y este canal!",positive,chuong_trinh_hoc
21235,"Tengo mi clase de álgebra lineal temprano en la mañana y nunca llego a la clase. Estaba frustrado por ponerme al día con todo esto, pero ver estos videos me está ayudando mucho. ¡Agradezco sinceramente profesor Strang y este canal!",positive,ky_nang_giang_day
21235,"Tengo mi clase de álgebra lineal temprano en la mañana y nunca llego a la clase. Estaba frustrado por ponerme al día con todo esto, pero ver estos videos me está ayudando mucho. ¡Agradezco sinceramente profesor Strang y este canal!",positive,chuong_trinh_hoc
21235,"Tengo mi clase de álgebra lineal temprano en la mañana y nunca llego a la clase. Estaba frustrado por ponerme al día con todo esto, pero ver estos videos me está ayudando mucho. ¡Agradezco sinceramente profesor Strang y este canal!",negative,noi_chung
21236,Este profesor es absolutamente increíble.,positive,ky_nang_giang_day
21237,A las 10:27 ¿cómo estamos calculando E21(matriz de eliminación)?,neutral,kien_thuc
21238,"Después de aprobar el curso de álgebra lineal, me sentí un poco decepcionado porque no tuve que volver a ver tu clase, pero para el análisis de datos viniste de nuevo en resolución HD. Me alegro mucho de verte profesor.",positive,ky_nang_giang_day
21239,"Gracias profesor Strang por las excelentes conferencias. Creo que ver todas tus conferencias en YouTube (por supuesto, si no estás inscrito en el MIT, en ese caso podrías registrarte para 18.06) es LA mejor manera de aprender Álgebra Lineal. Me gustó especialmente la forma en que explicas usando ejemplos y siempre nos ayudas a tener una visión general, incluso cuando estamos discutiendo algo específico. ¡Eres un gran profesor!",positive,ky_nang_giang_day
21239,"Gracias profesor Strang por las excelentes conferencias. Creo que ver todas tus conferencias en YouTube (por supuesto, si no estás inscrito en el MIT, en ese caso podrías registrarte para 18.06) es LA mejor manera de aprender Álgebra Lineal. Me gustó especialmente la forma en que explicas usando ejemplos y siempre nos ayudas a tener una visión general, incluso cuando estamos discutiendo algo específico. ¡Eres un gran profesor!",positive,chuong_trinh_hoc
21240,"Pagué un montón de dinero en la universidad, fui allí todos los días durante varias horas y no aprendí nada. Y aquí estoy aprendiendo gratis desde la comodidad de mi casa de los mejores profesores del mundo. Respeto y amo a profesor strang.",negative,noi_chung
21240,"Pagué un montón de dinero en la universidad, fui allí todos los días durante varias horas y no aprendí nada. Y aquí estoy aprendiendo gratis desde la comodidad de mi casa de los mejores profesores del mundo. Respeto y amo a profesor strang.",positive,ky_nang_giang_day
21240,"Pagué un montón de dinero en la universidad, fui allí todos los días durante varias horas y no aprendí nada. Y aquí estoy aprendiendo gratis desde la comodidad de mi casa de los mejores profesores del mundo. Respeto y amo a profesor strang.",positive,ky_nang_giang_day
21241,Creo que la forma del bowl cambiará cuando agreguemos (x^Tb ) a las 17:00. ¿Estoy en lo cierto?,neutral,kien_thuc
21241,Creo que la forma del bowl cambiará cuando agreguemos (x^Tb ) a las 17:00. ¿Estoy en lo cierto?,neutral,kien_thuc
21243,"él hace preguntas a la audiencia y se responde él mismo antes de que tél diera eso y es un punto interesante en su conferencia. Parece que él enseña él mismo, no a tél audiencia.",positive,ky_nang_giang_day
21244,"Muchas gracias, señor. Estoy viendo conferencias y disfrutándolas. Me he beneficiado de usted porque no tenemos un maestro en Yemen debido a la situación de guerra, así que usted se convirtió en mi maestro.",positive,chuong_trinh_hoc
21244,"Muchas gracias, señor. Estoy viendo conferencias y disfrutándolas. Me he beneficiado de usted porque no tenemos un maestro en Yemen debido a la situación de guerra, así que usted se convirtió en mi maestro.",positive,ky_nang_giang_day
21245,Esta es quizás la mejor conferencia de todo el curso.,positive,chuong_trinh_hoc
21246,"Estoy viendo estas conferencias, las entiendo, pero cuando voy a resolver los Psets, parece que no sé nada... ¿Alguien tiene el mismo problema con los Psets?",negative,kien_thuc
21247,Él tiene una excelente caligrafía en la pizarra.,positive,ky_nang_giang_day
21248,Es el mejor profesor que he tenido. ¿Cómo puedo ponerme en contacto con él? ¡¡¡Por favor!!! Muchas gracias.,positive,ky_nang_giang_day
21249,La distribución beta puede ser bimodal cuando ambos parámetros son menores que 1 y la curva tiene forma de U. ¿Por qué no usan pizarrones blancos sino estos feos pizarrones?,negative,thiet_bi_day_hoc
21250,"@ 8:47, ¿no debería ser a -5?",neutral,kien_thuc
21251,"Jajaja, qué gracioso. Lo estoy viendo por primera vez hoy y se publicó hace exactamente 7 años. Gracias por el video , ¡realmente útil! Estaba teniendo dificultades con este concepto para mi curso actual de álgebra lineal 2, ya que tomé la versión para no especialistas de álgebra lineal 1, que realmente no nos ponía a prueba en absoluto con las demostraciones. ¡Creo que ahora entiendo mejor los cuatro subespacios fundamentales! :)",positive,chuong_trinh_hoc
21251,"Jajaja, qué gracioso. Lo estoy viendo por primera vez hoy y se publicó hace exactamente 7 años. Gracias por el video , ¡realmente útil! Estaba teniendo dificultades con este concepto para mi curso actual de álgebra lineal 2, ya que tomé la versión para no especialistas de álgebra lineal 1, que realmente no nos ponía a prueba en absoluto con las demostraciones. ¡Creo que ahora entiendo mejor los cuatro subespacios fundamentales! :)",positive,chuong_trinh_hoc
21252,"Quiero decirles a todos los entusiastas de las matemáticas que nunca se rindan, porque las matemáticas son difíciles para todos... Pueden ver que incluso el Sr. Strang dice que a veces se pierde y enseña estas cosas durante años. (Sentí que esto faltaba en los comentarios) por cierto. *¡Qué leyenda viviente!*",positive,ky_nang_giang_day
21252,"Quiero decirles a todos los entusiastas de las matemáticas que nunca se rindan, porque las matemáticas son difíciles para todos... Pueden ver que incluso el Sr. Strang dice que a veces se pierde y enseña estas cosas durante años. (Sentí que esto faltaba en los comentarios) por cierto. *¡Qué leyenda viviente!*",neutral,kien_thuc
21252,"Quiero decirles a todos los entusiastas de las matemáticas que nunca se rindan, porque las matemáticas son difíciles para todos... Pueden ver que incluso el Sr. Strang dice que a veces se pierde y enseña estas cosas durante años. (Sentí que esto faltaba en los comentarios) por cierto. *¡Qué leyenda viviente!*",neutral,kien_thuc
21253,Muy claro entendí todo gracias.,positive,kien_thuc
21254,Este tipo es mi theta^ para la distribución de estadísticos geniales.,positive,ky_nang_giang_day
21255,"Si un país tiene un maestro como él, ese país está destinado a prosperar...",positive,ky_nang_giang_day
21256,"¿La última ecuación (At*y) agrega una nueva información y)? Supongo que encontrar y) (corrientes) a partir de C*e sería el último paso, ¿no?",neutral,kien_thuc
21256,"¿La última ecuación (At*y) agrega una nueva información y)? Supongo que encontrar y) (corrientes) a partir de C*e sería el último paso, ¿no?",neutral,kien_thuc
21256,"¿La última ecuación (At*y) agrega una nueva información y)? Supongo que encontrar y) (corrientes) a partir de C*e sería el último paso, ¿no?",neutral,kien_thuc
21257,"@[USERNAME]es simplemente el mismo problema hecho de una manera diferente... está configurando NULL para obtener el punto crítico... tal como lo hizo, en el primer método que usó para resolver el problema...",positive,ky_nang_giang_day
21257,"@[USERNAME]es simplemente el mismo problema hecho de una manera diferente... está configurando NULL para obtener el punto crítico... tal como lo hizo, en el primer método que usó para resolver el problema...",neutral,kien_thuc
21258,"La conferencia fue genial hasta la segunda ley de Keppler, luego me perdieron :(",positive,chuong_trinh_hoc
21258,"La conferencia fue genial hasta la segunda ley de Keppler, luego me perdieron :(",negative,kien_thuc
21259,He disfrutado mucho de las conferencias del lectures. Su sentido del humor es perverso.,positive,chuong_trinh_hoc
21259,He disfrutado mucho de las conferencias del lectures. Su sentido del humor es perverso.,positive,ky_nang_giang_day
21260,"Muchas gracias, Prof. Strang y MIT por hacer que el álgebra lineal sea (directo) y simple.",positive,ky_nang_giang_day
21260,"Muchas gracias, Prof. Strang y MIT por hacer que el álgebra lineal sea (directo) y simple.",positive,noi_chung
21260,"Muchas gracias, Prof. Strang y MIT por hacer que el álgebra lineal sea (directo) y simple.",positive,chuong_trinh_hoc
21261,"Esta sección de comentarios tiene muchos egos. Cerebritos de las matemáticas que sienten la necesidad de mostrar sus increíbles habilidades: la humildad puede hacerte bien. Es fantástico que esto te resulte increíblemente fácil; no es para todo el mundo y proclamar tu genialidad al mundo no le sirve a nadie, solo da la impresión de arrogancia. Si esto está por debajo de tu nivel, genial, ve a ver videos de un nivel superior. Mientras tanto, muestra algo de respeto por MIT y aprecia su trabajo para hacer que la buena educación esté abierta a todos, y algo de consideración por tus compañeros de estudios que pueden tener más problemas con estas cosas.",positive,noi_chung
21261,"Esta sección de comentarios tiene muchos egos. Cerebritos de las matemáticas que sienten la necesidad de mostrar sus increíbles habilidades: la humildad puede hacerte bien. Es fantástico que esto te resulte increíblemente fácil; no es para todo el mundo y proclamar tu genialidad al mundo no le sirve a nadie, solo da la impresión de arrogancia. Si esto está por debajo de tu nivel, genial, ve a ver videos de un nivel superior. Mientras tanto, muestra algo de respeto por MIT y aprecia su trabajo para hacer que la buena educación esté abierta a todos, y algo de consideración por tus compañeros de estudios que pueden tener más problemas con estas cosas.",positive,chuong_trinh_hoc
21262,@[USERNAME]¿Cuál es tu punto? No todos tienen el lujo de haber cursado o incluso saber que querían cursar cálculo o superior en la escuela secundaria.,neutral,kien_thuc
21263,Acabo de terminar la serie . Me llevó alrededor de 2 semanas estudiar a tiempo parcial + 2 semanas a tiempo completo. Es hora de comenzar a estudiar 18.02 multivariable.,neutral,chuong_trinh_hoc
21263,Acabo de terminar la serie . Me llevó alrededor de 2 semanas estudiar a tiempo parcial + 2 semanas a tiempo completo. Es hora de comenzar a estudiar 18.02 multivariable.,negative,kien_thuc
21264,¿Aún se utilizan tiza y pizarrones en Estados Unidos? Dejamos de utilizarlos en Inglaterra cuando tenía unos 8 años (ahora tengo 18). Parece un poco prehistórico. ¿Tu profesor nunca ha oído hablar de PowerPoint? ¿O incluso de pizarra blanca?,neutral,thiet_bi_day_hoc
21264,¿Aún se utilizan tiza y pizarrones en Estados Unidos? Dejamos de utilizarlos en Inglaterra cuando tenía unos 8 años (ahora tengo 18). Parece un poco prehistórico. ¿Tu profesor nunca ha oído hablar de PowerPoint? ¿O incluso de pizarra blanca?,neutral,thiet_bi_day_hoc
21264,¿Aún se utilizan tiza y pizarrones en Estados Unidos? Dejamos de utilizarlos en Inglaterra cuando tenía unos 8 años (ahora tengo 18). Parece un poco prehistórico. ¿Tu profesor nunca ha oído hablar de PowerPoint? ¿O incluso de pizarra blanca?,neutral,ky_nang_giang_day
21264,¿Aún se utilizan tiza y pizarrones en Estados Unidos? Dejamos de utilizarlos en Inglaterra cuando tenía unos 8 años (ahora tengo 18). Parece un poco prehistórico. ¿Tu profesor nunca ha oído hablar de PowerPoint? ¿O incluso de pizarra blanca?,neutral,thiet_bi_day_hoc
21264,¿Aún se utilizan tiza y pizarrones en Estados Unidos? Dejamos de utilizarlos en Inglaterra cuando tenía unos 8 años (ahora tengo 18). Parece un poco prehistórico. ¿Tu profesor nunca ha oído hablar de PowerPoint? ¿O incluso de pizarra blanca?,neutral,thiet_bi_day_hoc
21265,"@[USERNAME]Correcto, porque estoy seguro de que la mayoría de estas cosas son tontamente obvias para él, pero todavía está tratando de explicarlo paso a paso.",positive,ky_nang_giang_day
21266,Gracias Profesor Strang y MIT. ¡Esto es divertido y genial! Lo reduce todo a lo fundamental. ¡Lo mejor que se puede conseguir!,positive,ky_nang_giang_day
21266,Gracias Profesor Strang y MIT. ¡Esto es divertido y genial! Lo reduce todo a lo fundamental. ¡Lo mejor que se puede conseguir!,positive,noi_chung
21267,hacer matrices abarcan un espacio si lo hacen ¿cómo?,neutral,kien_thuc
21267,hacer matrices abarcan un espacio si lo hacen ¿cómo?,neutral,kien_thuc
21267,hacer matrices abarcan un espacio si lo hacen ¿cómo?,neutral,kien_thuc
21268,"No conocía las matrices de Markov, son muy interesantes. Por lo tanto, todas las matrices n x n con cada entrada igual a 1/n son matrices de Markov, con valores propios 0 y 1 (1 porque son matrices de Markov, 0 porque su rango es igual a 1).",positive,kien_thuc
21269,"Lo explica muy bien, es una pena no haberlo criticado antes.",positive,ky_nang_giang_day
21270,"Jajaja... Me pregunto si trajo la cadena especialmente para explicar por qué esa derivada se llama cadena derivada. ¡De todos modos, fue una explicación incorrecta!",negative,kien_thuc
21270,"Jajaja... Me pregunto si trajo la cadena especialmente para explicar por qué esa derivada se llama cadena derivada. ¡De todos modos, fue una explicación incorrecta!",negative,ky_nang_giang_day
21270,"Jajaja... Me pregunto si trajo la cadena especialmente para explicar por qué esa derivada se llama cadena derivada. ¡De todos modos, fue una explicación incorrecta!",negative,kien_thuc
21271,"Gracias querido Señor, te amo. Eres como Dios para nosotros.",positive,ky_nang_giang_day
21272,"¿Cómo obtuvo la ecuación en 23:01? No entiendo. ¿Hizo una diferenciación con respecto a ds, o qué? Por favor ayuda.",neutral,kien_thuc
21272,"¿Cómo obtuvo la ecuación en 23:01? No entiendo. ¿Hizo una diferenciación con respecto a ds, o qué? Por favor ayuda.",neutral,kien_thuc
21273,Esto no es enseñar. Es simplemente copiar el libro de texto en la pizarra y recitar el texto del libro de texto. Un profesor real  daría ejemplos concretos que mostraran con números enteros cómo funcionan estas funciones.,negative,chuong_trinh_hoc
21273,Esto no es enseñar. Es simplemente copiar el libro de texto en la pizarra y recitar el texto del libro de texto. Un profesor real  daría ejemplos concretos que mostraran con números enteros cómo funcionan estas funciones.,neutral,kien_thuc
21273,Esto no es enseñar. Es simplemente copiar el libro de texto en la pizarra y recitar el texto del libro de texto. Un profesor real  daría ejemplos concretos que mostraran con números enteros cómo funcionan estas funciones.,neutral,kien_thuc
21273,Esto no es enseñar. Es simplemente copiar el libro de texto en la pizarra y recitar el texto del libro de texto. Un profesor real  daría ejemplos concretos que mostraran con números enteros cómo funcionan estas funciones.,neutral,ky_nang_giang_day
21274,"Hombre, seguro que parece viejo.",neutral,ky_nang_giang_day
21275,Tan grandiosa conferencia me hace preguntarme qué parte del éxito de los estudiantes del MIT se debe a la habilidad innata y cuánto a una enseñanza superior.,positive,chuong_trinh_hoc
21276,"Espero que la persona que controla la cámara pudiera haber mostrado los 2 o 3 tableros de los que hablaba el profesor, no simplemente perseguir al profesor...",negative,noi_chung
21276,"Espero que la persona que controla la cámara pudiera haber mostrado los 2 o 3 tableros de los que hablaba el profesor, no simplemente perseguir al profesor...",negative,thiet_bi_day_hoc
21277,@[NOMBRE DE USUARIO]. ¿Cómo concluye el profesor que varianza es 1 si la variable aleatoria se divide por desviación estándar?,neutral,kien_thuc
21277,@[NOMBRE DE USUARIO]. ¿Cómo concluye el profesor que varianza es 1 si la variable aleatoria se divide por desviación estándar?,neutral,ky_nang_giang_day
21277,@[NOMBRE DE USUARIO]. ¿Cómo concluye el profesor que varianza es 1 si la variable aleatoria se divide por desviación estándar?,neutral,kien_thuc
21277,@[NOMBRE DE USUARIO]. ¿Cómo concluye el profesor que varianza es 1 si la variable aleatoria se divide por desviación estándar?,neutral,kien_thuc
21278,Qué interesante es esto conferencia. Demostró cómo las matemáticas son un pilar de la estadística. Durante la conferencia pensé en los supuestos de la estimación por mínimos cuadrados. Proviene de las matemáticas (como el supuesto de independencia). Gran trabajo. Dios lo bendiga profesor.,positive,chuong_trinh_hoc
21278,Qué interesante es esto conferencia. Demostró cómo las matemáticas son un pilar de la estadística. Durante la conferencia pensé en los supuestos de la estimación por mínimos cuadrados. Proviene de las matemáticas (como el supuesto de independencia). Gran trabajo. Dios lo bendiga profesor.,positive,ky_nang_giang_day
21279,"El profesor Strang fue mi asesor en el MIT. Para mí, fue un salvavidas que me ayudó a superar el difícil proceso de aprendizaje para convertirme en quien quería ser.",positive,ky_nang_giang_day
21281,"Sin eso sala de conferencias y pizarrones, no parece el MIT.",positive,chuong_trinh_hoc
21282,Ahora me arrepiento de no haber visto todos sus videos ¡aunque sabía que estaban disponibles y eran geniales!,positive,chuong_trinh_hoc
21283,Eso estaba muy mal limpiado pizarra en el minuto 0:33,negative,thiet_bi_day_hoc
21284,"He visto todo conferencias en 18.06 y me sorprende lo viejo que ha crecido Srang. Rezo para que podamos conservarlo para siempre. Por favor, Dios, nunca nos lo quites.",positive,chuong_trinh_hoc
21284,"He visto todo conferencias en 18.06 y me sorprende lo viejo que ha crecido Srang. Rezo para que podamos conservarlo para siempre. Por favor, Dios, nunca nos lo quites.",positive,ky_nang_giang_day
21285,"Él enseña probabilidad contando una historia en lugar de repetir las fórmulas y definiciones, lo que hacen la mayoría de los profesores.",positive,ky_nang_giang_day
21285,"Él enseña probabilidad contando una historia en lugar de repetir las fórmulas y definiciones, lo que hacen la mayoría de los profesores.",negative,ky_nang_giang_day
21286,:0¿Por qué todavía no es un delito no enseñar así en la escuela secundaria?,neutral,kien_thuc
21287,error cerca de las 28:00 ----->  dy/dt = -2t     la función de posición comienza como y= -t^2 por lo que la derivada debe ser negativa para dy/dt,negative,kien_thuc
21288,Recuerdo cuando el 4 color era una polémica viva.,positive,kien_thuc
21289,"Si quieres ver algunas expansiones interesantes de estas ideas, echa un vistazo a G. Strang en /watch?v=CgfkEUOFAj0",positive,ky_nang_giang_day
21290,"Este tipo es bueno en gran medida, pero me gusta alguien como Eddie Woo, que busca la opinión de los estudiantes y tiene más personalidad. Debería responder preguntas de vez en cuando, cosa que no hace. Muchas veces mira al suelo.",neutral,ky_nang_giang_day
21291,"¿Cuál es la diferencia entre primera velocidad (velocidad unitaria - condición para ""teta"" = t) y la siguiente |vector de velocidad|?",neutral,kien_thuc
21291,"¿Cuál es la diferencia entre primera velocidad (velocidad unitaria - condición para ""teta"" = t) y la siguiente |vector de velocidad|?",neutral,kien_thuc
21292,Gracias profesores del MIT. Hacen un trabajo maravilloso. Realmente lo aprecio.,positive,ky_nang_giang_day
21292,Gracias profesores del MIT. Hacen un trabajo maravilloso. Realmente lo aprecio.,positive,noi_chung
21293,¡Más bien espacio Dilbert! ¿Estoy en lo cierto?,neutral,kien_thuc
21294,He indexado este (video 1:) en MyVindex para una rápida (video 1:) referencia entre las interpretaciones geométricas y analíticas y los ejemplos. - http://www.myvindex.co/app.html#/home/iSKiXlzQ . Envíeme un correo electrónico si está interesado en MyVindex a jmoseman01@gmail.com,neutral,chuong_trinh_hoc
21295,"Jajaja, el tipo que hace los subtítulos es muy gracioso (respuesta inaudible de los estudiantes) !!! jajajaja. ¡Esta lección está bastante bien pensada! Maldita sea, me encantaría haber ido al MIT :(",positive,chuong_trinh_hoc
21295,"Jajaja, el tipo que hace los subtítulos es muy gracioso (respuesta inaudible de los estudiantes) !!! jajajaja. ¡Esta lección está bastante bien pensada! Maldita sea, me encantaría haber ido al MIT :(",neutral,noi_chung
21296,"@[USERNAME]Te sorprenderás de lo ""perfectas"" que son las gramáticas de los hablantes nativos.",negative,ky_nang_giang_day
21297,"No escuches esto en estéreo, pensé que se me había caído el auricular izquierdo (2)",negative,thiet_bi_day_hoc
21297,"No escuches esto en estéreo, pensé que se me había caído el auricular izquierdo (2)",negative,noi_chung
21298,Me gustaría tener una conferencia como esa en mi universidad...,negative,noi_chung
21298,Me gustaría tener una conferencia como esa en mi universidad...,positive,chuong_trinh_hoc
21299,La razón por la que pasé de odiar matemáticas a amar matemáticas (especialmente álgebra lineal) es Gilbert Strang. Qué profesor tan increíble.,positive,ky_nang_giang_day
21299,La razón por la que pasé de odiar matemáticas a amar matemáticas (especialmente álgebra lineal) es Gilbert Strang. Qué profesor tan increíble.,positive,kien_thuc
21299,La razón por la que pasé de odiar matemáticas a amar matemáticas (especialmente álgebra lineal) es Gilbert Strang. Qué profesor tan increíble.,positive,kien_thuc
21300,¿Alguien puede proporcionar los enlaces a los videos adicionales que dijo que subiría? Como la distribución gaussiana uno más en Stellar. Busqué Stellar MIT pero no pude encontrarlo.,neutral,ky_nang_giang_day
21300,¿Alguien puede proporcionar los enlaces a los videos adicionales que dijo que subiría? Como la distribución gaussiana uno más en Stellar. Busqué Stellar MIT pero no pude encontrarlo.,neutral,kien_thuc
21301,¿No podríamos haber utilizado la regla de la cadena (1)?,neutral,kien_thuc
21302,"Es un video increíble . Me hizo conocer el verdadero significado de las matrices , no solo usarlo para calcular",positive,thiet_bi_day_hoc
21302,"Es un video increíble . Me hizo conocer el verdadero significado de las matrices , no solo usarlo para calcular",positive,ky_nang_giang_day
21302,"Es un video increíble . Me hizo conocer el verdadero significado de las matrices , no solo usarlo para calcular",positive,kien_thuc
21303,Esta es una conferencia de la mejor calidad. Emocionante.,positive,chuong_trinh_hoc
21304,"¡El sabor es diferente con la gente del MIT! ¡""Sientes"" la ciencia con ellos! ¡Envidio a los que tuvieron la oportunidad de sentarse en estas aulas!",positive,ky_nang_giang_day
21304,"¡El sabor es diferente con la gente del MIT! ¡""Sientes"" la ciencia con ellos! ¡Envidio a los que tuvieron la oportunidad de sentarse en estas aulas!",positive,thiet_bi_day_hoc
21305,"Terrible video. ¿Cuál es un ejemplo de un espacio de Hilbert con números reales en una aplicación real? Este hombre solo está copiando líneas de un libro de texto, pero no brinda ejemplos concretos que expliquen a Hilbert. Triste. Una pérdida de tiempo.",negative,chuong_trinh_hoc
21305,"Terrible video. ¿Cuál es un ejemplo de un espacio de Hilbert con números reales en una aplicación real? Este hombre solo está copiando líneas de un libro de texto, pero no brinda ejemplos concretos que expliquen a Hilbert. Triste. Una pérdida de tiempo.",negative,ky_nang_giang_day
21305,"Terrible video. ¿Cuál es un ejemplo de un espacio de Hilbert con números reales en una aplicación real? Este hombre solo está copiando líneas de un libro de texto, pero no brinda ejemplos concretos que expliquen a Hilbert. Triste. Una pérdida de tiempo.",negative,kien_thuc
21305,"Terrible video. ¿Cuál es un ejemplo de un espacio de Hilbert con números reales en una aplicación real? Este hombre solo está copiando líneas de un libro de texto, pero no brinda ejemplos concretos que expliquen a Hilbert. Triste. Una pérdida de tiempo.",negative,kien_thuc
21306,¿Por qué en 44:50 todas las combinaciones lineales de la columna 1 y la columna 2 crean un plano en lugar de todo R^3?,neutral,kien_thuc
21307,"Esa es la explicación más complicada de lo que es ""e"". Ahora siento que no lo entiendo.",neutral,kien_thuc
21308,Ser aceptado en MIT no otorga conocimientos superiores. Se trata de un curso de primer año curso.,neutral,noi_chung
21308,Ser aceptado en MIT no otorga conocimientos superiores. Se trata de un curso de primer año curso.,neutral,chuong_trinh_hoc
21309,Su estilo de enseñanza  parece informal e intuitivo. Voy a una pequeña universidad pública y el curso  es mucho más formal y se basa en pruebas. Estas conferencias son un gran complemento a las pruebas formales (y también un buen descanso de ellas). ¡Gracias MIT!,positive,chuong_trinh_hoc
21309,Su estilo de enseñanza  parece informal e intuitivo. Voy a una pequeña universidad pública y el curso  es mucho más formal y se basa en pruebas. Estas conferencias son un gran complemento a las pruebas formales (y también un buen descanso de ellas). ¡Gracias MIT!,positive,chuong_trinh_hoc
21309,Su estilo de enseñanza  parece informal e intuitivo. Voy a una pequeña universidad pública y el curso  es mucho más formal y se basa en pruebas. Estas conferencias son un gran complemento a las pruebas formales (y también un buen descanso de ellas). ¡Gracias MIT!,positive,chuong_trinh_hoc
21310,Este hombre es una leyenda,positive,ky_nang_giang_day
21311,"¿Por qué las universidades locales y distantes que pagamos no nos dan una comprensión sólida del tema, mientras que los videos globales gratuitos que tenemos en nuestras manos sí lo hacen? Tal vez no debería haberme registrado en la universidad en primer lugar...",negative,kien_thuc
21311,"¿Por qué las universidades locales y distantes que pagamos no nos dan una comprensión sólida del tema, mientras que los videos globales gratuitos que tenemos en nuestras manos sí lo hacen? Tal vez no debería haberme registrado en la universidad en primer lugar...",negative,noi_chung
21312,Finalmente estoy aprendiendo los conceptos básicos del álgebra lineal.,neutral,kien_thuc
21313,¿Alguien sabe dónde puedo obtener soluciones para este curso en el sitio web del mit ocw?,neutral,thiet_bi_day_hoc
21313,¿Alguien sabe dónde puedo obtener soluciones para este curso en el sitio web del mit ocw?,neutral,chuong_trinh_hoc
21313,¿Alguien sabe dónde puedo obtener soluciones para este curso en el sitio web del mit ocw?,neutral,noi_chung
21314,Dos chicos en el banco delantero,neutral,ky_nang_giang_day
21315,¿Alguien sabe a qué artículo exacto de Dr. Jon Kleinberg se refiere Prof. Strang hacia el final?,neutral,ky_nang_giang_day
21315,¿Alguien sabe a qué artículo exacto de Dr. Jon Kleinberg se refiere Prof. Strang hacia el final?,neutral,ky_nang_giang_day
21316,"45:50 Espera, ¿eso no es cierto solo para matrices ortoNORMALES (1)? Si la matriz es simplemente ortogonal, habrá cuadrados de las longitudes de sus vectores en la diagonal.",neutral,kien_thuc
21317,"Se menciona que ""phi es un valor positivo conocido"" (16,28 min). Me pregunto si distribución exponencial pertenece a la familia exponencial canónica (o no), donde theta = lambda, b(theta) = ln(theta) y phi = -1.",neutral,kien_thuc
21318,Viendo la última conferencia (realizada con el curso) 17 sep 2020 Libia. Gracias MIT,positive,chuong_trinh_hoc
21319,"e, una de las funciones más hermosas que describen la naturaleza debería presentarse de una manera clara y agradable para el público, pero no debería ser tan laboriosa. Esto no es típico de Prof. Jerison.",neutral,ky_nang_giang_day
21320,Me mareo cuando cámara se mueve con el movimiento de profesor,negative,thiet_bi_day_hoc
21320,Me mareo cuando cámara se mueve con el movimiento de profesor,negative,ky_nang_giang_day
21321,Hay dos formas de resolver e^xarctanx. ¿Alguien sabe?,neutral,kien_thuc
21322,"Vaya. Acabo de terminar su curso de álgebra lineal (2). No me había dado cuenta de que había pasado tanto tiempo. ¡Gracias por todo su trabajo, señor!",positive,ky_nang_giang_day
21322,"Vaya. Acabo de terminar su curso de álgebra lineal (2). No me había dado cuenta de que había pasado tanto tiempo. ¡Gracias por todo su trabajo, señor!",positive,chuong_trinh_hoc
21323,¿Es esto lo mismo que una introducción a estadísticas para economistas?,neutral,chuong_trinh_hoc
21323,¿Es esto lo mismo que una introducción a estadísticas para economistas?,neutral,chuong_trinh_hoc
21324,"Wéln él dijo que esta conferencia es tél Principio del Álgebra Lineal Real, se me puso la piel de gallina",neutral,ky_nang_giang_day
21324,"Wéln él dijo que esta conferencia es tél Principio del Álgebra Lineal Real, se me puso la piel de gallina",neutral,chuong_trinh_hoc
21325,Gracias señor por la excelente conferencia --por favor divida las conferencias) largas en conferencias) cortas,positive,chuong_trinh_hoc
21325,Gracias señor por la excelente conferencia --por favor divida las conferencias) largas en conferencias) cortas,positive,ky_nang_giang_day
21326,Literalmente esperé años por esto (video 1). Voy a ver esta película de corrido.,positive,chuong_trinh_hoc
21327,No hay ninguna prueba real de la regla de la cadena multivariable (1): la pierdo en el minuto 20:27. ¿Alguien sabe dónde encontrarla en Internet? Gracias.,neutral,kien_thuc
21328,Han pasado más de 10 años desde que aprendí esto por primera vez en la escuela secundaria. Ahora creo que finalmente entiendo la fórmula  para la derivada  después de que este chico me diera una conferencia de 20 minutos.,positive,kien_thuc
21328,Han pasado más de 10 años desde que aprendí esto por primera vez en la escuela secundaria. Ahora creo que finalmente entiendo la fórmula  para la derivada  después de que este chico me diera una conferencia de 20 minutos.,positive,kien_thuc
21328,Han pasado más de 10 años desde que aprendí esto por primera vez en la escuela secundaria. Ahora creo que finalmente entiendo la fórmula  para la derivada  después de que este chico me diera una conferencia de 20 minutos.,positive,ky_nang_giang_day
21329,"27:13 Entiendo que puedes descartar la columna 3 porque es la suma de otras dos columnas, pero ¿cómo puedes descartar columna 1?",neutral,kien_thuc
21330,"Una forma muy triste de explicar descomposición polinómica, prefiero usar la forma francesa ""identificación de miembros"", es mucho más fácil y rápida",positive,kien_thuc
21330,"Una forma muy triste de explicar descomposición polinómica, prefiero usar la forma francesa ""identificación de miembros"", es mucho más fácil y rápida",negative,kien_thuc
21331,Simplemente excelente este profesor es,positive,ky_nang_giang_day
21332,¿Alguien puede arreglar los subtítulos?,negative,thiet_bi_day_hoc
21333,Ojalá no hubiera tanto datos de fn pero hasta que crezcamos como especie vamos a tener que aprender esta mierda.,negative,kien_thuc
21334,¡¡Muchas gracias!! ¡Estas (2 conferencias) son muy esclarecedoras y fáciles de ver!,positive,ky_nang_giang_day
21334,¡¡Muchas gracias!! ¡Estas (2 conferencias) son muy esclarecedoras y fáciles de ver!,positive,chuong_trinh_hoc
21335,"Muchas gracias señor, su esfuerzo en esta época.",positive,ky_nang_giang_day
21336,"Impresionante (video 1). ¡Lo estoy usando para prepararme para el otoño! Gracias por ofrecer esto al público. ¡En la era de Internet, el conocimiento es tan barato como el wifi!",positive,chuong_trinh_hoc
21783,Prof. G. S. luar biasa,positive,ky_nang_giang_day
21801,Eu amo quadros-negros! Fico feliz que eles ainda os usem.,positive,thiet_bi_day_hoc
21801,Eu amo quadros-negros! Fico feliz que eles ainda os usem.,positive,ky_nang_giang_day
21824,Faltam 3 dias para terminar álgebra linear... Finalmente entendi álgebra linear,neutral,kien_thuc
21885,Nós provamos det(AB = detA*detB) na aula?,neutral,kien_thuc
21885,Nós provamos det(AB = detA*detB) na aula?,neutral,chuong_trinh_hoc
21887,O MIT ainda usa quadros-negros?,neutral,thiet_bi_day_hoc
21896,"Ótimo palestra! Obrigado, Professor Strang!",positive,chuong_trinh_hoc
21896,"Ótimo palestra! Obrigado, Professor Strang!",positive,ky_nang_giang_day
21903,Prova de TRL negligencia arestas dentro de clusters?,neutral,kien_thuc
21903,Prova de TRL negligencia arestas dentro de clusters?,neutral,kien_thuc
21936,Um matemático com grande senso de humor. Sr. Strang !,positive,ky_nang_giang_day
22057,"Ótimo palestra, Obrigado prof. Strang.",positive,thiet_bi_day_hoc
22057,"Ótimo palestra, Obrigado prof. Strang.",positive,ky_nang_giang_day
22079,"Fantástico, excelente palestra obrigado.",positive,chuong_trinh_hoc
22079,"Fantástico, excelente palestra obrigado.",positive,noi_chung
22091,GOSTARIA DE AGRADECER ELE PELOS SEUS CÁLCULOS NA WEB.,positive,ky_nang_giang_day
22122,43:25 como ele fez isso...,negative,ky_nang_giang_day
22128,"Muito bem Sr. Gilbert, parabéns",positive,ky_nang_giang_day
22167,EU QUERO SABER TUDO MATEMÁTICA DO UNIVERSO!,neutral,kien_thuc
22232,Simplesmente excelente este professor é,positive,ky_nang_giang_day
22242,"@ 8:47, borde det inte vara a -5?",neutral,kien_thuc
22249,Asante Bwana Strang. Wewe ni bora prof. Asante MIT pia,positive,ky_nang_giang_day
22249,Asante Bwana Strang. Wewe ni bora prof. Asante MIT pia,positive,ky_nang_giang_day
22249,Asante Bwana Strang. Wewe ni bora prof. Asante MIT pia,positive,noi_chung
22250,"Natumai nitaenda UTK, Asante profesa Strang",positive,ky_nang_giang_day
22252,"Asante sana, Profesa Strang!",positive,ky_nang_giang_day
22253,"Nilimaliza kozi. Asante, profesa, sana.",positive,ky_nang_giang_day
22255,Asante sana kwa hesabu bora madarasa,positive,chuong_trinh_hoc
22257,"Asante sana profesa, nakupenda",positive,ky_nang_giang_day
22258,"Ajabu, bora hotuba asante.",positive,chuong_trinh_hoc
22258,"Ajabu, bora hotuba asante.",positive,noi_chung
22259,"""Labda nilitaka ujitambue"" Yeye ni mcheshi",positive,ky_nang_giang_day
22265,Bora tu hii profesa ni,positive,ky_nang_giang_day
22268,"Bu, en iyi kalitede bir ders. Heyecan verici",positive,chuong_trinh_hoc
22269,bu adam bir efsane,positive,ky_nang_giang_day
