id,text,sentiment,aspect
4744,Ďakujem pán George Siedel!,positive,ky_nang_giang_day
4827,"Nó cung cấp ""lời khuyên hữu ích"" nhưng lại ít hoặc không có cơ sở nghiên cứu.",negative,ky_nang_giang_day
4828,Cảm ơn tất cả các tác giả vì tài liệu tuyệt vời này.,positive,cung_cap_tai_lieu
4829,Tôi giới thiệu cho bất kỳ ai quan tâm đến lĩnh vực này.,positive,de_xuat
4830,Buổi giới thiệu có tính lặp đi lặp lại.,negative,ky_nang_giang_day
4831,Nó mở ra một góc nhìn hoàn toàn khác về việc học và dạy tiếng Anh. . .,positive,noi_chung
4832,Tôi cũng nghĩ rằng hướng dẫn cuối cùng bài tập hơi khó hiểu.,negative,bai_tap
4833,Đây là một khóa học tuyệt vời.,positive,noi_chung
4834,"Quan trọng hơn, khóa học này khóa học đã cho tôi sự tự tin rằng tôi có thể học bất cứ điều gì với thái độ học hỏi ngay cả khi tôi không có năng khiếu/ sở thích về điều đó.",positive,chuong_trinh_hoc
4835,"Tôi đã báo cáo tất cả những điều này nhưng không nhận được phản hồi nào, có lẽ vì tôi không phải là khách hàng trả tiền.",negative,hanh_vi
4836,Mọi người sẽ được hưởng lợi ích trọn đời khi hoàn thành khóa học này .,positive,noi_chung
4837,Đây là phần giới thiệu tuyệt vời về phương pháp tiếp cận chính thức hơn đối với thuật toán và tôi mong chờ các khóa học còn lại trong chuyên ngành này.,positive,de_xuat
4837,Đây là phần giới thiệu tuyệt vời về phương pháp tiếp cận chính thức hơn đối với thuật toán và tôi mong chờ các khóa học còn lại trong chuyên ngành này.,positive,de_xuat
4838,Mong chờ phần tiếp theo của bài viết này khóa học.,positive,noi_chung
4839,Tôi chắc chắn sẽ giới thiệu khóa học này khóa học cho bạn bè và gia đình tôi.,positive,de_xuat
4840,Đây chỉ là khóa học khởi đầu khóa học giúp bạn làm quen với những kiến thức cơ bản về ML bằng Python.,negative,chuong_trinh_hoc
4841,Phê bình duy nhất của tôi là cách thiết lập phản hồi và phê bình.,negative,hanh_vi
4842,Kết quả sẽ rất hữu ích.,positive,ham_diem
4843,Tôi rất hài lòng với khóa học và tôi muốn tham gia khóa Học nói tiếng Hàn 2!,positive,noi_chung
4844,Đây là một khóa học có cấu trúc rất tốt và hiệu quả khóa học.,positive,chuong_trinh_hoc
4845,"Ngoài ra, tuyệt vời khóa học, tuyệt vời giáo viên và tuyệt vời nội dung!",positive,cung_cap_tai_lieu
4845,"Ngoài ra, tuyệt vời khóa học, tuyệt vời giáo viên và tuyệt vời nội dung!",positive,ky_nang_giang_day
4845,"Ngoài ra, tuyệt vời khóa học, tuyệt vời giáo viên và tuyệt vời nội dung!",positive,noi_chung
4846,"Đây là một khóa học rất thú vị khóa học, tuy nhiên nó thiên về lịch sử Tây Ban Nha với những nội dung bao gồm.",positive,noi_chung
4847,"Tôi thường thích các khóa học thiên về khoa học, nhưng lớp học này được trình bày rất phù hợp với những người có trình độ trung bình hoặc không có kiến thức nền về khoa học.",positive,ky_nang_giang_day
4848,Lớp học tuyệt vời.,positive,noi_chung
4849,Đây là một khóa học tốt và nội dung rất hữu ích.,positive,noi_chung
4849,Đây là một khóa học tốt và nội dung rất hữu ích.,positive,cung_cap_tai_lieu
4850,Theo một cách nào đó thì nó khá thử thách và RẤT thú vị.,positive,noi_chung
4850,Theo một cách nào đó thì nó khá thử thách và RẤT thú vị.,positive,chuong_trinh_hoc
4851,"Tuyệt vời bài giảng, nhưng lại không hài lòng vì độ khó của bài tập.",positive,ky_nang_giang_day
4851,"Tuyệt vời bài giảng, nhưng lại không hài lòng vì độ khó của bài tập.",positive,bai_tap
4852,Khóa học này khóa học truyền cảm hứng cho tôi rất nhiều.,positive,noi_chung
4853,"Cách tiếp cận chủ đề khá rõ ràng và trực tiếp, và dễ hiểu.",positive,chuong_trinh_hoc
4854,"Nhìn chung, khóa học rất bổ ích, phong phú, có hướng dẫn và có các bài tập rất hay bao gồm toàn bộ nội dung của khóa học  với trải nghiệm thực hành tốt ngay từ đầu.",positive,chuong_trinh_hoc
4854,"Nhìn chung, khóa học rất bổ ích, phong phú, có hướng dẫn và có các bài tập rất hay bao gồm toàn bộ nội dung của khóa học  với trải nghiệm thực hành tốt ngay từ đầu.",positive,bai_tap
4854,"Nhìn chung, khóa học rất bổ ích, phong phú, có hướng dẫn và có các bài tập rất hay bao gồm toàn bộ nội dung của khóa học  với trải nghiệm thực hành tốt ngay từ đầu.",positive,ky_nang_giang_day
4854,"Nhìn chung, khóa học rất bổ ích, phong phú, có hướng dẫn và có các bài tập rất hay bao gồm toàn bộ nội dung của khóa học  với trải nghiệm thực hành tốt ngay từ đầu.",positive,noi_chung
4855,"Tôi muốn giới thiệu khóa học này, nhưng tôi hy vọng rằng những người quản lý khóa học sẽ tiếp thu phản hồi này và làm cho các bài tập rõ ràng hơn trong tương lai.",positive,de_xuat
4856,"Nếu bạn diễn giải tài liệu thuộc lĩnh vực tâm lý hoặc y khoa, đây là một nguồn tài liệu tuyệt vời.",positive,noi_chung
4857,Tôi đã có rất nhiều niềm vui và học được rất nhiều thông tin.,positive,chuong_trinh_hoc
4857,Tôi đã có rất nhiều niềm vui và học được rất nhiều thông tin.,positive,noi_chung
4858,Đây là khóa học lý tưởng  dành cho những người đang cân nhắc sử dụng Google Cloud Platform nhưng không chắc chắn về những lợi thế và khả năng của nó.,positive,noi_chung
4859,Tôi cũng thực sự khuyên bạn nên đọc phần ôn tập đại số tuyến tính.,positive,noi_chung
4860,Đã giúp tôi từ con số 0 về kiến thức chuyên môn về máy học cho đến khi tôi cảm thấy thoải mái khi triển khai và có thể suy nghĩ thấu đáo về những triển khai đó.,positive,noi_chung
4861,Việc này thực sự lãng phí thời gian của tôi.,negative,chuong_trinh_hoc
4862,Tôi rất thích khóa học này khóa học.,positive,noi_chung
4863,Bài tập về nhà khá dễ.,positive,bai_tap
4864,"Hiểu thống kê không phải là điều dễ dàng, nhưng caffo giúp chúng ta hiểu chúng một cách dễ dàng. . .",positive,ky_nang_giang_day
4865,Rất khuyến khích.,positive,noi_chung
4866,Tôi cho nó 4 sao trên 5 vì cần phải cải thiện một số thứ xung quanh thời hạn dự kiến vào tuần 3 và một số lỗi kỹ thuật: người dùng phải đăng nhập vào trình duyệt để tham gia diễn đàn thảo luận - Tôi không thể sử dụng nó trên ứng dụng iPad hoặc iPhone của mình.,neutral,chuong_trinh_hoc
4866,Tôi cho nó 4 sao trên 5 vì cần phải cải thiện một số thứ xung quanh thời hạn dự kiến vào tuần 3 và một số lỗi kỹ thuật: người dùng phải đăng nhập vào trình duyệt để tham gia diễn đàn thảo luận - Tôi không thể sử dụng nó trên ứng dụng iPad hoặc iPhone của mình.,negative,noi_chung
4867,Theo như tôi nhớ thì khóa học Giới thiệu về Python của Tiến sĩ Chuck khóa học ban đầu ra mắt cách đây khoảng 3 đến 4 năm đã được chia thành hai.,positive,de_xuat
4868,Tuyệt vời khóa học.,positive,noi_chung
4869,"Không quan trọng nếu bạn mắc lỗi, gia sư sẽ hỗ trợ bạn và cung cấp mã nguồn trước và sau.",positive,ky_nang_giang_day
4870,Phong cách truyền đạt rõ ràng và đơn giản của ông về các khái niệm phức tạp với các ví dụ phù hợp đảm bảo rằng sinh viên nắm bắt được bản chất một cách dễ dàng và tự tin giải quyết các thuật toán phức tạp.,positive,ky_nang_giang_day
4870,Phong cách truyền đạt rõ ràng và đơn giản của ông về các khái niệm phức tạp với các ví dụ phù hợp đảm bảo rằng sinh viên nắm bắt được bản chất một cách dễ dàng và tự tin giải quyết các thuật toán phức tạp.,positive,kinh_nghiem
4871,Cảm ơn Coursera và Đại học bang Michigan đã mang đến cơ hội này.,positive,noi_chung
4872,Tôi đã học được rất nhiều trong chuyên ngành này và giờ đây tôi có tầm nhìn lớn hơn cho việc học tập trong tương lai và cho công ty khởi nghiệp của mình.,positive,noi_chung
4873,Tôi thực sự muốn giới thiệu khóa học này khóa học.,positive,de_xuat
4874,Cảm ơn bạn đã cung cấp khóa học này !,positive,noi_chung
4875,Khuyến khích mọi người muốn bắt đầu học Python hoặc lập trình nói chung!,positive,noi_chung
4876,"Nói cách khác, nó dạy bạn cách viết mã R hiệu quả, nhưng không dạy bạn cách viết mã R tốt.",positive,chuong_trinh_hoc
4877,Đây là một khóa học tuyệt vời để hiểu và học các nguyên lý của Học máy cũng như các phương pháp và thuật toán của nó.,positive,noi_chung
4877,Đây là một khóa học tuyệt vời để hiểu và học các nguyên lý của Học máy cũng như các phương pháp và thuật toán của nó.,positive,chuong_trinh_hoc
4878,HAI NGÓN TAY CÁI LÊN!,positive,chuong_trinh_hoc
4879,Cảm ơn Giáo sư Chuck và CTA.,positive,ky_nang_giang_day
4880,Cảm ơn bạn rất nhiều vì điều này Khóa học.,positive,noi_chung
4881,Giống như thiết kế đồ họa được thực hiện một cách dễ dàng.,positive,ky_nang_giang_day
4882,"Tuy nhiên, tôi đã mất rất nhiều thời gian để xem những video chưa hoàn thành  và cố gắng hoàn thành bài kiểm tra bao gồm những nội dung không được đề cập hoặc chỉ được đề cập một phần trong video.",negative,ky_nang_giang_day
4882,"Tuy nhiên, tôi đã mất rất nhiều thời gian để xem những video chưa hoàn thành  và cố gắng hoàn thành bài kiểm tra bao gồm những nội dung không được đề cập hoặc chỉ được đề cập một phần trong video.",negative,bai_tap
4883,Giảng viên dễ nghe.,positive,ky_nang_giang_day
4884,"Và sẽ tốt hơn nếu chúng ta có thể xem toàn bộ mã từ video, tuy nhiên trong bài giảng tuần 1 số chức năng đã bị chặn và tôi không chắc mình có tự làm đúng không.",negative,noi_chung
4885,"Thực sự tốt khóa học, tôi giới thiệu nó cho bất kỳ ai làm việc ở khu vực MENA với tư cách là nhà báo hoặc doanh nhân.",positive,de_xuat
4885,"Thực sự tốt khóa học, tôi giới thiệu nó cho bất kỳ ai làm việc ở khu vực MENA với tư cách là nhà báo hoặc doanh nhân.",positive,de_xuat
4886,Tôi thực sự đã học được rất nhiều từ khóa học này khóa học.,positive,noi_chung
4887,Andrew dành thời gian để giải thích rõ ràng các khái niệm.,neutral,ky_nang_giang_day
4888,Thực tế là tôi chưa bao giờ trải nghiệm được điều tuyệt vời như thế bài giảng!,positive,ky_nang_giang_day
4889,Tôi rất thích nó.,positive,noi_chung
4890,"Thật sự thú vị khóa học, tôi thực sự thích lớp học với Tiến sĩ Chuck vì ông ấy giải thích dễ hiểu các khái niệm khác nhau trong lập trình giúp các bài tập dễ giải quyết.",positive,noi_chung
4890,"Thật sự thú vị khóa học, tôi thực sự thích lớp học với Tiến sĩ Chuck vì ông ấy giải thích dễ hiểu các khái niệm khác nhau trong lập trình giúp các bài tập dễ giải quyết.",positive,ky_nang_giang_day
4890,"Thật sự thú vị khóa học, tôi thực sự thích lớp học với Tiến sĩ Chuck vì ông ấy giải thích dễ hiểu các khái niệm khác nhau trong lập trình giúp các bài tập dễ giải quyết.",positive,ky_nang_giang_day
4890,"Thật sự thú vị khóa học, tôi thực sự thích lớp học với Tiến sĩ Chuck vì ông ấy giải thích dễ hiểu các khái niệm khác nhau trong lập trình giúp các bài tập dễ giải quyết.",positive,ky_nang_giang_day
4891,"Tôi thích cách giải thích các vấn đề khác nhau, tôi thích đồ họa, video, câu đố - mọi thứ!",positive,chuong_trinh_hoc
4891,"Tôi thích cách giải thích các vấn đề khác nhau, tôi thích đồ họa, video, câu đố - mọi thứ!",positive,ky_nang_giang_day
4891,"Tôi thích cách giải thích các vấn đề khác nhau, tôi thích đồ họa, video, câu đố - mọi thứ!",positive,bai_tap
4892,Tôi thích giáo viên và các cuộc trò chuyện là bài luyện nghe tốt.,positive,ky_nang_giang_day
4893,Bài tập rất bổ ích và được giải thích rõ ràng bởi nhân viên trong Diễn đàn thảo luận Xin chân thành cảm ơn nhân viên và Đại học Michigan vì khóa học này.,positive,bai_tap
4893,Bài tập rất bổ ích và được giải thích rõ ràng bởi nhân viên trong Diễn đàn thảo luận Xin chân thành cảm ơn nhân viên và Đại học Michigan vì khóa học này.,positive,ky_nang_giang_day
4893,Bài tập rất bổ ích và được giải thích rõ ràng bởi nhân viên trong Diễn đàn thảo luận Xin chân thành cảm ơn nhân viên và Đại học Michigan vì khóa học này.,positive,hanh_vi
4894,Tôi cực kỳ không hài lòng và ước gì mình không phải trả tiền cho chuyên ngành này.,negative,noi_chung
4895,Tôi thực sự khuyên bạn nên dùng nó.,positive,noi_chung
4896,"Nó thậm chí còn không liên quan đến lĩnh vực nghiên cứu của tôi, nhưng giáo sư Murayama đã làm cho nó dễ hiểu đến mức như thể tôi đã học môn này cả đời vậy.",positive,ky_nang_giang_day
4897,"Rất hiểu biết giáo sư, nhưng dễ hiểu và dễ theo dõi.",positive,ky_nang_giang_day
4897,"Rất hiểu biết giáo sư, nhưng dễ hiểu và dễ theo dõi.",positive,ky_nang_giang_day
4898,lặp đi lặp lại. dài. quá hàn lâm. thuật ngữ không cần thiết.,negative,bai_tap
4898,lặp đi lặp lại. dài. quá hàn lâm. thuật ngữ không cần thiết.,negative,bai_tap
4899,Nó thực sự thay đổi cuộc sống khóa học!,positive,noi_chung
4900,Khóa học này có hai dự án lớn.,positive,chuong_trinh_hoc
4901,"Nếu bạn gặp khó khăn với môn Giải tích, bạn chắc chắn nên học khóa học này .",positive,de_xuat
4902,"Nhìn chung, trải nghiệm tuyệt vời.",positive,noi_chung
4903,Lần đầu tiên học lập trình khóa.,positive,noi_chung
4904,"Bản thân dự án tốt nghiệp khá đáng thất vọng, tôi đã học được nhiều hơn khi tự làm ứng dụng của mình ở lớp số 3.",negative,bai_tap
4905,"Nhưng người hướng dẫn không đưa ra mô tả ngắn gọn về nó là gì, thay vào đó chỉ nói rằng khi bạn không có câu hỏi rõ ràng trong đầu, bạn sẽ có nguy cơ bị đánh cắp dữ liệu.",negative,ky_nang_giang_day
4906,Thật sự không dễ dàng để tôi có thể hoàn thành những khóa học này trong lịch trình bận rộn nhưng tôi đã tìm thấy một số hiểu biết về ngôn ngữ máy tính thông qua khóa học này.,negative,noi_chung
4907,Nghiên cứu tình huống bài tập cuối cùng chắc chắn hữu ích trong việc suy nghĩ về một số số liệu được đề cập trong bốn tuần.,positive,bai_tap
4908,"Tôi thích sự kết hợp giữa kiến thức cơ bản và chi tiết, cùng với các chuyến đi thực tế đến LHC và tokamac.",positive,chuong_trinh_hoc
4909,Tôi mất 2 tuần (không phải 6 giờ như người hướng dẫn đề cập) để hoàn thành một nửa bài tập thứ hai bài tập và tôi sắp nói rằng tôi không học được gì về MongoDB.,negative,bai_tap
4910,Tôi đã tận hưởng từng phút của khóa học và khuyên những người khác cũng nên làm như vậy : ) kiến thức được truyền đạt ở đây có giá trị tối cao không chỉ đối với những người dạy tiếng Anh mà còn đối với bất kỳ giáo viên nào của bất kỳ môn học nào.,positive,noi_chung
4910,Tôi đã tận hưởng từng phút của khóa học và khuyên những người khác cũng nên làm như vậy : ) kiến thức được truyền đạt ở đây có giá trị tối cao không chỉ đối với những người dạy tiếng Anh mà còn đối với bất kỳ giáo viên nào của bất kỳ môn học nào.,positive,noi_chung
4910,Tôi đã tận hưởng từng phút của khóa học và khuyên những người khác cũng nên làm như vậy : ) kiến thức được truyền đạt ở đây có giá trị tối cao không chỉ đối với những người dạy tiếng Anh mà còn đối với bất kỳ giáo viên nào của bất kỳ môn học nào.,positive,ky_nang_giang_day
4911,"Đối với những người có kiến thức cần thiết về tất cả những điều đó, khóa học sẽ là sự lặp lại những kiến thức cơ bản.",positive,noi_chung
4912,Tôi ước họ có nhiều lớp học hơn lớp liên quan đến PP từ UVA.,negative,ky_nang_giang_day
4913,"Phàn nàn duy nhất của tôi là bài tập về nhà khá hạn chế (chỉ có một trò chơi một trang mỗi tuần, nghĩa là bạn chỉ có thể làm được một số việc nhất định) nhưng tôi đánh giá cao thực tế là nó đơn giản hóa mọi thứ và thậm chí thúc đẩy bạn sáng tạo hơn, vượt ra ngoài ""trò chơi trên bàn cờ"" thông thường.",negative,bai_tap
4914,Tốt khóa học cho người mới bắt đầu như tôi.,positive,noi_chung
4915,"Giáo sư Severance là một người hướng dẫn rất giỏi, người khiến những điều khó khăn trở nên dễ dàng.",positive,ky_nang_giang_day
4915,"Giáo sư Severance là một người hướng dẫn rất giỏi, người khiến những điều khó khăn trở nên dễ dàng.",positive,ky_nang_giang_day
4916,"Cảm ơn Giáo sư Randy, Đại học Norther và Coursera.",positive,ky_nang_giang_day
4917,Khóa học thật tuyệt vời.,positive,noi_chung
4918,"Vì vậy, tôi không thể tải ảnh lên cho lời nhắc cuối cùng.",negative,noi_chung
4919,Một khóa học hữu ích và thiết thực khóa học thú vị và hấp dẫn để thực hiện.,positive,noi_chung
4920,Nội dung  rất tuyệt và không đi quá xa đến mức khiến bạn sợ hãi khi phát triển trò chơi.,positive,cung_cap_tai_lieu
4920,Nội dung  rất tuyệt và không đi quá xa đến mức khiến bạn sợ hãi khi phát triển trò chơi.,positive,cung_cap_tai_lieu
4921,"Nội dung bao quát khá đầy đủ những kiến thức cơ bản, nhưng một số dữ liệu, công cụ và phương pháp đã lỗi thời từ 2 - 3 năm trước, điều này đặc biệt gây khó khăn trong không gian xã hội đang thay đổi nhanh chóng.",positive,noi_chung
4922,"Tôi đánh giá cao điều này vì nó thực sự giúp tôi hiểu được những điều cơ bản về trích dẫn, điều mà tôi cần biết để tiếp tục với khóa học này .",positive,chuong_trinh_hoc
4923,bài giảng video sẽ giúp bạn vượt qua bài kiểm tra vì chúng chủ yếu là lý thuyết và kiến thức nền.,positive,ky_nang_giang_day
4923,bài giảng video sẽ giúp bạn vượt qua bài kiểm tra vì chúng chủ yếu là lý thuyết và kiến thức nền.,positive,bai_tap
4924,Một đánh giá dễ dàng năm sao.,positive,noi_chung
4925,Xin cảm ơn tất cả mọi người ở Coursera và Đại học Virginia đã giúp cho khóa học MOOC này trở thành hiện thực.,positive,noi_chung
4926,"Tôi thích phương pháp ""học bằng cách thực hành"" được áp dụng và trong suốt khóa học, bạn đã xây dựng được một trang web tốt.",positive,chuong_trinh_hoc
4927,Tôi đã học lớp này cách đây hơn một năm và vẫn còn nhớ được các trường hợp bệnh lý.,negative,noi_chung
4928,Không có gì quá khó để học cả.,neutral,noi_chung
4929,Nó mở ra nhiều chủ đề đa dạng và trình bày chúng theo sự phát triển của nhiếp ảnh từ khi mới ra đời cho đến ngày nay.,positive,chuong_trinh_hoc
4930,"Tôi đã trả một khoản tiền kha khá để tham gia khóa học này khóa học và rất thất vọng vì khóa học chỉ diễn ra theo kiểu tự động mà không có nơi nào để giải quyết, giải đáp thắc mắc hoặc trợ giúp.",negative,chuong_trinh_hoc
4930,"Tôi đã trả một khoản tiền kha khá để tham gia khóa học này khóa học và rất thất vọng vì khóa học chỉ diễn ra theo kiểu tự động mà không có nơi nào để giải quyết, giải đáp thắc mắc hoặc trợ giúp.",negative,hanh_vi
4931,Việc kiểm tra khóa học giúp tôi tiếp cận được tất cả tài liệu và kiến thức khóa học mà tôi cần mà không phải rút hết tiền trong tài khoản ngân hàng.,positive,noi_chung
4932,Tiến sĩ Mathew Yee King là người tôi yêu thích nhất trong suốt khóa học này.,positive,ky_nang_giang_day
4933,Tôi thực sự thích cách các nhà nghiên cứu giới thiệu lĩnh vực của họ và nói về các ấn phẩm liên quan gần đây.,positive,ky_nang_giang_day
4934,Tôi đã có trải nghiệm tuyệt vời khi học một lĩnh vực nghiên cứu mới với Tiến sĩ Ng được giải thích rõ ràng và hướng dẫn tận tình.,positive,noi_chung
4934,Tôi đã có trải nghiệm tuyệt vời khi học một lĩnh vực nghiên cứu mới với Tiến sĩ Ng được giải thích rõ ràng và hướng dẫn tận tình.,positive,ky_nang_giang_day
4934,Tôi đã có trải nghiệm tuyệt vời khi học một lĩnh vực nghiên cứu mới với Tiến sĩ Ng được giải thích rõ ràng và hướng dẫn tận tình.,positive,ky_nang_giang_day
4935,Tôi thực sự khuyên bất kỳ ai quan tâm đến lập trình Python nên cân nhắc tham gia khóa học này với Tiến sĩ Chuck.,positive,noi_chung
4935,Tôi thực sự khuyên bất kỳ ai quan tâm đến lập trình Python nên cân nhắc tham gia khóa học này với Tiến sĩ Chuck.,positive,ky_nang_giang_day
4936,Chia sẻ và tốt đẹp khóa học!,positive,noi_chung
4937,Đó là một trải nghiệm tuyệt vời và tôi rất mong được áp dụng những gì mình đã học được.,positive,noi_chung
4938,Tôi không biết vấn đề là gì vì tôi học kỹ các video và khi đến phần làm bài kiểm tra tôi không bao giờ vượt qua nên tôi xem đi xem lại các video nhưng kết quả luôn giống nhau. Phần các ngôn ngữ khác Tôi không chắc mục đích của việc này là gì,negative,bai_tap
4939,Thật đơn giản và dễ hiểu.,positive,chuong_trinh_hoc
4940,Chúc bạn học vui vẻ!,positive,noi_chung
4941,"Khóa học này có thể hữu ích với những người mới bắt đầu làm chuyên gia truyền thông xã hội nhưng nếu bạn đã làm việc trong lĩnh vực này, bạn sẽ thấy khóa học này  cực kỳ nhàm chán.",negative,chuong_trinh_hoc
4942,"Cảm ơn bạn đã giúp tôi hiểu được những điều cơ bản nhất về tài chính, trời ơi.",positive,chuong_trinh_hoc
4943,"Các khía cạnh khác của văn học, hội họa và các loại hình nghệ thuật phổ biến hơn (váy xếp li, truyền thống truyền miệng, v.v.) cũng là một điều bất ngờ thú vị.",positive,ky_nang_giang_day
4944,"rất hữu ích. tất cả thông tin được đề cập đều khá là thông thường, nhưng mọi người lại không chú ý đến tất cả những điều nhỏ nhặt được thảo luận trong khóa học này . vâng. tôi đã rất vui khi nghe các bài giảng và chắc chắn sẽ áp dụng các khái niệm vào thói quen hàng ngày của mình. cảm ơn",positive,chuong_trinh_hoc
4945,Cải thiện so với lần đầu tiên khóa học.,positive,noi_chung
4946,Rất tốt nội dung.,positive,noi_chung
4947,"Đây là một khởi đầu vững chắc, tốt hơn là đọc về nó ở đâu đó trên Internet.",positive,noi_chung
4948,"Hơn nữa, giáo sư đôi khi rất khó hiểu.",negative,ky_nang_giang_day
4949,Cảm ơn Giáo sư Dan!,positive,ky_nang_giang_day
4950,"Cuối cùng, khóa học này khóa học đã giúp tôi hiểu rõ hơn về các lý thuyết chính trị khác nhau và làm tăng thêm sự hứng thú của tôi.",positive,noi_chung
4951,Thật tuyệt vời!,positive,noi_chung
4952,Tôi hy vọng điều này sẽ hữu ích.,positive,noi_chung
4953,"Nếu bạn đang tìm kiếm một khóa học HTML tổng quát Khóa học, thì đây chính là khóa học dành cho bạn.",positive,noi_chung
4954,Thật tuyệt vời!,positive,noi_chung
4955,"Ngoài ra, nếu bạn không hoàn toàn đồng ý với Ý TƯỞNG cho rằng chủ đề trình bày của nghệ thuật là cách mà nghệ thuật hiện đại phải được trình bày thì sao.",negative,ky_nang_giang_day
4956,"Mặc dù vậy, có vẻ như họ có thể làm tốt hơn nhiều trong video giới thiệu các khái niệm cốt lõi để những người không phải lập trình viên có điểm khởi đầu tốt hơn khi tìm kiếm các nhà nghiên cứu bên ngoài.",positive,ky_nang_giang_day
4956,"Mặc dù vậy, có vẻ như họ có thể làm tốt hơn nhiều trong video giới thiệu các khái niệm cốt lõi để những người không phải lập trình viên có điểm khởi đầu tốt hơn khi tìm kiếm các nhà nghiên cứu bên ngoài.",positive,ky_nang_giang_day
4957,Tôi thực sự cảm thấy khóa học này khóa học đã mang lại cho tôi những hiểu biết mới có giá trị để nhìn nhận thế giới xung quanh và chính tôi.,positive,noi_chung
4958,"Tôi đã học được rất nhiều kỹ năng chỉ huy cơ bản, là nền tảng cho ước mơ trở thành nhạc trưởng dàn nhạc của tôi.",positive,noi_chung
4959,Các khóa học thật tuyệt vời.,positive,noi_chung
4960,Thật là thử thách.,positive,noi_chung
4961,Chắc chắn tôi sẽ giới thiệu nó.,positive,de_xuat
4962,Giáo sư Yaakov Chaikin rất giỏi và làm cho các video của ông trở nên thú vị khi xem.,positive,ky_nang_giang_day
4962,Giáo sư Yaakov Chaikin rất giỏi và làm cho các video của ông trở nên thú vị khi xem.,positive,ky_nang_giang_day
4963,tài liệu được quản lý và tổ chức tốt nhưng tôi không thể thực sự nghe hoặc hiểu được.,positive,cung_cap_tai_lieu
4964,Trình bày các chủ đề phức tạp theo cách dễ hiểu đối với những người có kiến thức cơ bản về lĩnh vực này.,positive,chuong_trinh_hoc
4965,Chắc chắn sẽ mang về cho tôi một số thứ mà tôi có thể áp dụng vào công việc của mình.,positive,noi_chung
4966,Tôi thực sự cảm thấy mình đã học được rất nhiều từ khóa học này  và tôi mong muốn được áp dụng một số kỹ thuật của họ.,positive,noi_chung
4966,Tôi thực sự cảm thấy mình đã học được rất nhiều từ khóa học này  và tôi mong muốn được áp dụng một số kỹ thuật của họ.,positive,noi_chung
4967,Tuyệt vời khóa học.,positive,noi_chung
4968,"Giáo sư rất tuyệt vời, có tính giáo dục cao và giải thích bài học một cách rõ ràng.",positive,ky_nang_giang_day
4968,"Giáo sư rất tuyệt vời, có tính giáo dục cao và giải thích bài học một cách rõ ràng.",positive,ky_nang_giang_day
4968,"Giáo sư rất tuyệt vời, có tính giáo dục cao và giải thích bài học một cách rõ ràng.",positive,ky_nang_giang_day
4969,Bài tập cũng cho bạn cơ hội thực hành các thuật toán này trên một số ví dụ ứng dụng.,positive,bai_tap
4970,Cảm ơn anh ấy rất nhiều vì khiếu hài hước tuyệt vời của anh ấy!,positive,ky_nang_giang_day
4971,Tôi đã có được góc nhìn mới về khả năng sử dụng (kiểm tra và triển khai) mà tôi sẽ áp dụng trong các hoạt động xác thực mạng và phát triển chính sách của mình.,positive,noi_chung
4972,"Tôi đã cố gắng bắt đầu với Unity bằng sách và hướng dẫn của riêng mình, nhưng tôi chưa bao giờ tiến xa được trong 4 tuần của khóa học này .",negative,noi_chung
4973,"Có một phong cách giảng dạy nhất định mà bạn cần phải làm quen lúc đầu nhưng khi đã quen, bài học sẽ trở nên rất rõ ràng và dễ hiểu.",positive,ky_nang_giang_day
4973,"Có một phong cách giảng dạy nhất định mà bạn cần phải làm quen lúc đầu nhưng khi đã quen, bài học sẽ trở nên rất rõ ràng và dễ hiểu.",positive,ky_nang_giang_day
4974,"Thông minh, giản dị nhưng vẫn chính xác bài học sẽ giúp bạn trải qua những bước đầu tiên cần thiết trong ngôn ngữ, xây dựng nền tảng cơ bản để bạn xây dựng kỹ năng lập trình Python của mình!.",positive,ky_nang_giang_day
4974,"Thông minh, giản dị nhưng vẫn chính xác bài học sẽ giúp bạn trải qua những bước đầu tiên cần thiết trong ngôn ngữ, xây dựng nền tảng cơ bản để bạn xây dựng kỹ năng lập trình Python của mình!.",positive,ky_nang_giang_day
4975,Tôi đã học được rất nhiều!,positive,noi_chung
4976,Đầy lỗi.,negative,noi_chung
4977,Anh ta thường dừng lại để đọc ghi chú này và không hề có chút nhiệt tình nào khi giảng dạy lớp này.,negative,ky_nang_giang_day
4977,Anh ta thường dừng lại để đọc ghi chú này và không hề có chút nhiệt tình nào khi giảng dạy lớp này.,negative,hanh_vi
4978,"Đến tuần thứ 3, tôi cảm thấy chán và dường như không thể tập trung và hoàn thành tất cả bài tập.",negative,bai_tap
4978,"Đến tuần thứ 3, tôi cảm thấy chán và dường như không thể tập trung và hoàn thành tất cả bài tập.",negative,noi_chung
4979,"Rõ ràng video (có phụ đề cho người không nói tiếng Anh), dưới dạng cô đọng, các mẹo và thủ thuật để học tập và ghi nhớ, cuối cùng rất rõ ràng khi chúng ta xem lại, nhưng lại rất hữu ích.",positive,ky_nang_giang_day
4979,"Rõ ràng video (có phụ đề cho người không nói tiếng Anh), dưới dạng cô đọng, các mẹo và thủ thuật để học tập và ghi nhớ, cuối cùng rất rõ ràng khi chúng ta xem lại, nhưng lại rất hữu ích.",positive,ky_nang_giang_day
4980,"Điều duy nhất tôi thích về khóa học này là bộ bài tập, rất thú vị để thực hiện.",positive,bai_tap
4981,Đã lỗi thời và không được hỗ trợ!,negative,noi_chung
4981,Đã lỗi thời và không được hỗ trợ!,negative,noi_chung
4982,Thật rõ ràng giáo viên.,positive,ky_nang_giang_day
4983,Giảng viên và người cố vấn không mang lại giá trị cho khóa học.,negative,ky_nang_giang_day
4983,Giảng viên và người cố vấn không mang lại giá trị cho khóa học.,negative,ky_nang_giang_day
4984,Đối với những người có kinh nghiệm - có lẽ là con số khá lớn vì đây là khóa học Khoa học dữ liệu dành cho giám đốc điều hành - thì khóa học khá cơ bản.,neutral,chuong_trinh_hoc
4985,Thật hấp dẫn khóa học!,positive,noi_chung
4986,Phương pháp thực hành rất tốt để áp dụng vào máy học thực tế.,positive,noi_chung
4987,"nội dung của khóa học cực kỳ hữu ích cho các nhà khoa học trẻ mới nổi như tôi; tuy nhiên, video rất khó theo dõi vì nhóm nghiên cứu nói nhanh và có giọng Pháp rất nặng.",positive,cung_cap_tai_lieu
4987,"nội dung của khóa học cực kỳ hữu ích cho các nhà khoa học trẻ mới nổi như tôi; tuy nhiên, video rất khó theo dõi vì nhóm nghiên cứu nói nhanh và có giọng Pháp rất nặng.",positive,ky_nang_giang_day
4988,"Ngoài ra, tôi đã học rất nhiều về những số liệu thống kê này ở trường đại học và những lời giải thích trong các bài học này thực sự khiến tôi bối rối về những điều tôi đã biết.",negative,chuong_trinh_hoc
4989,"Nhiều năm sau, tôi cần nâng cao kỹ năng của mình và tôi phát hiện ra Coursera có nhiều lớp học mà tôi muốn tham gia - và bây giờ tôi cảm thấy bằng MFA của mình chính là MFA",positive,noi_chung
4990,Tôi thích việc các bài nói chuyện TED và các nguồn video khác được sử dụng trong giáo trình.,positive,cung_cap_tai_lieu
4991,"Tôi vẫn cố gắng xem nội dung khóa học, nhưng thấy người hướng dẫn nói nhiều hơn về những gì anh ấy định dạy thay vì thực sự dạy bất cứ điều gì có ý nghĩa.",negative,kinh_nghiem
4992,Đó là một khóa học rất tuyệt vời.,positive,noi_chung
4993,vì vậy tôi nghĩ tốt hơn tài liệu cho các slide có tổ chức hơn phải tồn tại.,negative,cung_cap_tai_lieu
4994,Một số bài viết như bài tập cuối kỳ sẽ hữu ích.,negative,bai_tap
4995,Rất mong nhận được nhiều đánh giá của đồng nghiệp hơn (vẫn chưa nhận được đánh giá nào cho bài thơ của tôi).,negative,hanh_vi
4996,"Nhưng nội dung và các bài tập được đề xuất là tuyệt vời, một trong những cách tiếp cận tốt nhất và không vô nghĩa đối với việc ứng biến bebop",positive,ky_nang_giang_day
4997,Tôi thực sự khuyên bạn nên dùng khóa học này khóa học.,positive,noi_chung
4998,"Cảm ơn Tiến sĩ Zwetsloot, các bài học và ví dụ của bạn rất thực tế, súc tích và rõ ràng.",positive,ky_nang_giang_day
4998,"Cảm ơn Tiến sĩ Zwetsloot, các bài học và ví dụ của bạn rất thực tế, súc tích và rõ ràng.",positive,ky_nang_giang_day
4999,"Tôi chỉ cho 4 sao vì đôi khi thực sự khó hiểu, đặc biệt là các từ khóa (tôi không nói về giọng mà là tên nhóm và tên gia đình bằng tiếng Latin, v.v.); tôi liên tục phải kiểm tra phụ đề để xem những từ khóa này.",positive,chuong_trinh_hoc
4999,"Tôi chỉ cho 4 sao vì đôi khi thực sự khó hiểu, đặc biệt là các từ khóa (tôi không nói về giọng mà là tên nhóm và tên gia đình bằng tiếng Latin, v.v.); tôi liên tục phải kiểm tra phụ đề để xem những từ khóa này.",neutral,chuong_trinh_hoc
5000,"Có đôi chút không đồng đều ở Tuần 3 và Tuần 4 (có vẻ như một số bài tập chưa được kiểm tra lỗi), nhưng điều đó không bao giờ lãng phí thời gian của bạn.",negative,chuong_trinh_hoc
5000,"Có đôi chút không đồng đều ở Tuần 3 và Tuần 4 (có vẻ như một số bài tập chưa được kiểm tra lỗi), nhưng điều đó không bao giờ lãng phí thời gian của bạn.",positive,noi_chung
5001,Không phù hợp với người mới bắt đầu hoặc dùng làm khóa học độc lập khóa học.,negative,noi_chung
5002,Tôi thực sự thích điều này khóa học.,positive,noi_chung
5003,"Nếu phương pháp này chỉ cần thay đổi một chút, chẳng hạn như hình ảnh động, phân tích video, nghiên cứu tình huống, có thể là nhiều chuyên gia hơn, v.v. thì nó sẽ còn tốt hơn và bền vững hơn trong thời gian dài.",neutral,ky_nang_giang_day
5004,Cá nhân tôi rất thích làm điều này khóa học và mong muốn được làm nhiều hơn khóa học.,positive,noi_chung
5005,"bài giảng mang tính giải trí và cung cấp thông tin, còn giáo sư thì quyến rũ và hài hước.",positive,ky_nang_giang_day
5005,"bài giảng mang tính giải trí và cung cấp thông tin, còn giáo sư thì quyến rũ và hài hước.",positive,noi_chung
5006,Đây là khóa học tuyệt vời để giới thiệu về việc xác định các cơ hội kinh doanh xã hội.,positive,de_xuat
5007,"các nghiên cứu điển hình có liên quan và thú vị, và diễn giả khách mời cũng rất hay.",positive,chuong_trinh_hoc
5007,"các nghiên cứu điển hình có liên quan và thú vị, và diễn giả khách mời cũng rất hay.",positive,chuong_trinh_hoc
5007,"các nghiên cứu điển hình có liên quan và thú vị, và diễn giả khách mời cũng rất hay.",positive,ky_nang_giang_day
5008,"Ngoài ra, nhiều lần phụ đề tiếng Anh không chính xác, tôi có cảm giác là máy đã làm vậy.",negative,noi_chung
5009,Hai ngón tay cái hướng lên trên! !,positive,noi_chung
5010,"Tuần đầu tiên, giáo viên đã trình bày toàn bộ cốt truyện của Harry Potter mà có vẻ như là một sự lãng phí thời gian.",negative,ky_nang_giang_day
5011,Thực sự tuyệt vời khóa học về mọi mặt.,positive,noi_chung
5012,Điều đó cần được làm rõ ngay từ đầu trong phần mô tả khóa học.,neutral,noi_chung
5013,Thích những lời nhắc nhở được đưa ra bởi người hướng dẫn.,positive,ky_nang_giang_day
5014,"Tuyệt vời khóa học để hiểu các nghiên cứu và chính sách về chủ nghĩa khủng bố, nguồn gốc của nó và cách thức hiểu nó.",positive,noi_chung
5015,"Thật vậy, với một bản miễn phí sách giáo khoa cho phiên bản cũ hơn thì đây là một vấn đề nhỏ cho đến nay trong bộ truyện.",positive,noi_chung
5016,tốt khóa học.,positive,noi_chung
5017,"Chủ đề thú vị, khóa học nội dung được trình bày rõ ràng và bài giảng mang tính thông tin.",positive,noi_chung
5017,"Chủ đề thú vị, khóa học nội dung được trình bày rõ ràng và bài giảng mang tính thông tin.",positive,ky_nang_giang_day
5017,"Chủ đề thú vị, khóa học nội dung được trình bày rõ ràng và bài giảng mang tính thông tin.",positive,ky_nang_giang_day
5018,"Với tôi, điều này cho thấy các công ty giống nhau hơn chúng ta nghĩ.",positive,noi_chung
5019,Phần lớn bài học chỉ được sao chép từ sách của Stokes.,negative,noi_chung
5020,Tôi thực sự thích cách mà mỗi video đều đi sâu vào một ví dụ cụ thể và cho bạn biết điều gì nên bỏ qua và khi nào thì nên bỏ qua.,positive,ky_nang_giang_day
5021,Tôi nghĩ khóa học nên thêm video để giải thích chi tiết hơn một số khái niệm về biến. Nhiều vấn đề của tôi xuất phát từ những nghi ngờ sâu sắc mà tôi có về điều này. Có thể giải thích các biến trên phần cứng và biến dưới dạng con trỏ.,neutral,ky_nang_giang_day
5022,Tôi thấy lớp học được giảng dạy rất tốt và tôi mong muốn được tham gia vào mọi tuần của lớp học .,positive,noi_chung
5023,Khóa học này đã cung cấp cho tôi các công cụ và phương pháp mà tôi cần để có chiến lược và tập trung hơn trong việc quản lý sự nghiệp của mình.,positive,chuong_trinh_hoc
5024,"Chỉ có một bài tập ở cuối, vì vậy bạn phải trải qua 3 tuần trước khi được yêu cầu viết mã (điều này có vẻ như là một sai lầm lớn đối với bất kỳ khóa học lập trình nào).",negative,bai_tap
5025,Đây là một lớp tuyệt vời.,positive,noi_chung
5026,Tôi thấy giáo sư rất thông minh và sâu sắc.,positive,ky_nang_giang_day
5027,Đây là khởi đầu hoàn hảo cho người mới bắt đầu.,positive,noi_chung
5028,Tôi thực sự thích cách mà tốc độ của bài tập tăng dần về độ phức tạp với một tốc độ rất tốt.,positive,bai_tap
5029,Tôi thích lớp học này.,positive,noi_chung
5030,Một trong những khóa học tốt nhất khóa học mà tôi từng tham gia cho đến nay.,positive,noi_chung
5031,Yêu cầu yêu cầu bạn được chụp ảnh hoặc quay phim và không có tuyên bố từ chối trách nhiệm rằng ảnh của bạn hoặc quyền riêng tư của bạn sẽ được bảo vệ.,negative,bai_tap
5032,Xin cảm ơn các giáo sư đã giúp khóa học này thành công và đặc biệt là Tiến sĩ Peng đã dành thời gian trực tiếp trao đổi với chúng tôi qua video.,positive,ky_nang_giang_day
5032,Xin cảm ơn các giáo sư đã giúp khóa học này thành công và đặc biệt là Tiến sĩ Peng đã dành thời gian trực tiếp trao đổi với chúng tôi qua video.,positive,ky_nang_giang_day
5033,"Cảm ơn Barb Oakley và Terry Sejnowski, hai bạn đã trở thành những người thầy mà tôi yêu thích nhất.",positive,ky_nang_giang_day
5033,"Cảm ơn Barb Oakley và Terry Sejnowski, hai bạn đã trở thành những người thầy mà tôi yêu thích nhất.",positive,ky_nang_giang_day
5034,Trước hết người hướng dẫn đã chuẩn bị rất tốt vật liệu và thiết bị,positive,ky_nang_giang_day
5034,Trước hết người hướng dẫn đã chuẩn bị rất tốt vật liệu và thiết bị,positive,cung_cap_tai_lieu
5035,Tôi thích nội dung và bài tập về nhà.,positive,bai_tap
5036,Hoàn toàn xứng đáng với thời gian bạn dành ra để theo dõi khóa học này .,positive,chuong_trinh_hoc
5037,"Tuần lập trình động khó hơn một chút so với các tuần khác, nhưng tôi nghĩ điều đó có thể khắc phục được bằng cách hình dung nhiều hơn trong bài giảng.",positive,ky_nang_giang_day
5037,"Tuần lập trình động khó hơn một chút so với các tuần khác, nhưng tôi nghĩ điều đó có thể khắc phục được bằng cách hình dung nhiều hơn trong bài giảng.",neutral,chuong_trinh_hoc
5038,Phương pháp giảng dạy của Tiến sĩ Charles rất hiệu quả.,positive,ky_nang_giang_day
5039,Tôi đang gặp khó khăn trong việc nhìn nhận sự liên quan.,negative,ky_nang_giang_day
5040,"Về vấn đề đó, tôi cảm thấy khóa học bắt đầu hướng đến sinh viên nhiều hơn là người lớn đi làm.",positive,noi_chung
5041,Thật tuyệt vời giáo sư!,positive,ky_nang_giang_day
5042,Tôi đã học được rất nhiều điều từ đó để dạy cho bản thân và con cái tôi nữa.,positive,noi_chung
5043,"Nhìn chung, tôi không thích khóa học này khóa học - chủ yếu là vì nó rất khó.",negative,noi_chung
5044,"Cuối cùng, bạn sẽ cảm thấy thích thú khi học máy tính.",positive,noi_chung
5045,"Từ vựng được học rất hạn chế và khóa học không thực sự nhấn mạnh vào ngữ pháp, vì vậy bạn không nên mong đợi có thể tự hình thành câu sau khi học khóa học này.",positive,noi_chung
5045,"Từ vựng được học rất hạn chế và khóa học không thực sự nhấn mạnh vào ngữ pháp, vì vậy bạn không nên mong đợi có thể tự hình thành câu sau khi học khóa học này.",negative,noi_chung
5045,"Từ vựng được học rất hạn chế và khóa học không thực sự nhấn mạnh vào ngữ pháp, vì vậy bạn không nên mong đợi có thể tự hình thành câu sau khi học khóa học này.",negative,chuong_trinh_hoc
5046,"Hơn nữa, tôi cảm thấy anh ấy thực sự là một fan hâm mộ của Beatles giống như tôi.",positive,noi_chung
5047,"Tôi đã hoàn thành khóa học và mua hai cuốn sách của người hướng dẫn để ""xem lại"" tài liệu này.",positive,noi_chung
5048,Khóa học này không chỉ dạy Python mà còn dạy cách lập trình.,positive,noi_chung
5049,"Rất thích bài giảng với những giải thích rõ ràng về các khía cạnh khác nhau của cấu trúc chính trị, quân sự và xã hội Hy Lạp cũng như sự khác biệt giữa các thành bang khác nhau.",positive,ky_nang_giang_day
5049,"Rất thích bài giảng với những giải thích rõ ràng về các khía cạnh khác nhau của cấu trúc chính trị, quân sự và xã hội Hy Lạp cũng như sự khác biệt giữa các thành bang khác nhau.",positive,ky_nang_giang_day
5050,Một khóa học tuyệt vời.,positive,noi_chung
5051,Thất vọng vì lớp học này.,negative,noi_chung
5052,Đây là một sáng tạo khóa học.,positive,noi_chung
5053,Cảm ơn bạn Ông George Siedel!,positive,ky_nang_giang_day
5054,Đây chắc chắn là khóa học yêu thích nhất của tôi khóa học trên Coursera và bất kỳ nơi nào khác trên internet!,positive,noi_chung
5055,Đây thực sự là lớp học dành cho người mới bắt đầu.,positive,noi_chung
5056,Đặc biệt tôi ngạc nhiên vì chất lượng thấp của tài liệu.,negative,cung_cap_tai_lieu
5057,Xuất sắc !,positive,noi_chung
5058,"Đối với tôi, sẽ hữu ích hơn nếu giáo viên hoặc người hướng dẫn đưa ra phản hồi của riêng họ trong bài tập tuần 4 - Nguyên mẫu.",neutral,hanh_vi
5059,"Và, giảng viên Ông Tim Roughgarden đã giới thiệu ý chính mà tôi cần.",positive,ky_nang_giang_day
5060,Một trong những khóa học hữu ích nhất mà tôi từng tham gia . . .,positive,chuong_trinh_hoc
5061,Tôi tin rằng tôi có thể học thành công những điều mà tôi chưa bao giờ nghĩ mình có thể làm được!,positive,noi_chung
5062,Cảm ơn bạn rất nhiều vì đã cung cấp tài liệu này .,positive,cung_cap_tai_lieu
5063,Trong khi sự nhiệt tình và đam mê tài chính của Giáo sư Kaul rất truyền cảm hứng thì các bài giảng của ông lại không thực sự hữu ích khi phải đối mặt với bài tập.,negative,ky_nang_giang_day
5063,Trong khi sự nhiệt tình và đam mê tài chính của Giáo sư Kaul rất truyền cảm hứng thì các bài giảng của ông lại không thực sự hữu ích khi phải đối mặt với bài tập.,positive,ky_nang_giang_day
5064,"Tuy nhiên, khóa học này rất tốt khóa học từ một trong những trường kinh doanh tốt nhất thế giới.",positive,noi_chung
5065,Danh sách bài đọc tùy chọn rất hữu ích để hiểu sâu hơn.,positive,cung_cap_tai_lieu
5066,Tôi tin rằng đây là phần giới thiệu rất hay về Lập trình hàm.,positive,cung_cap_tai_lieu
5067,"Tôi thích định dạng video ngắn, nó hấp dẫn và dễ sắp xếp vào cuộc sống của chúng tôi hơn.",positive,ky_nang_giang_day
5067,"Tôi thích định dạng video ngắn, nó hấp dẫn và dễ sắp xếp vào cuộc sống của chúng tôi hơn.",positive,ky_nang_giang_day
5067,"Tôi thích định dạng video ngắn, nó hấp dẫn và dễ sắp xếp vào cuộc sống của chúng tôi hơn.",positive,ky_nang_giang_day
5068,"Hơn nữa, nếu bạn theo học trọn bộ khóa học, bạn sẽ nắm vững cách phân tích ứng suất.",positive,noi_chung
5069,Khóa học này đã dạy cho tôi rất nhiều điều và hiện tại tôi đang trên con đường học Python nâng cao.,positive,noi_chung
5070,Ba tuần đầu tiên hoàn toàn không có gì đáng kể.,negative,noi_chung
5071,Tôi thực sự đánh giá cao bài giảng súc tích nhưng đầy đủ của Tiến sĩ White trong suốt khóa học.,positive,ky_nang_giang_day
5071,Tôi thực sự đánh giá cao bài giảng súc tích nhưng đầy đủ của Tiến sĩ White trong suốt khóa học.,positive,ky_nang_giang_day
5072,Các bài đọc thêm thực sự bổ ích và tôi muốn tìm hiểu thêm về sự kết hợp giữa phương pháp điều trị/sử dụng hai hoặc nhiều loại kháng sinh và các biện pháp khác để loại bỏ các bệnh nhiễm trùng mãn tính.,positive,noi_chung
5073,"nội dung khóa học và bài tập khá tốt trong việc trình bày những kiến thức cơ bản về cách thao tác dữ liệu trong Python, tôi đã học được rất nhiều điều mà tôi có thể áp dụng vào thực tế.",positive,noi_chung
5073,"nội dung khóa học và bài tập khá tốt trong việc trình bày những kiến thức cơ bản về cách thao tác dữ liệu trong Python, tôi đã học được rất nhiều điều mà tôi có thể áp dụng vào thực tế.",positive,bai_tap
5074,Tôi thực sự rất vinh dự khi được tham gia một khóa học hấp dẫn như vậy khóa học về điều mà tôi đam mê.,positive,noi_chung
5075,Tốc độ tốt.,positive,chuong_trinh_hoc
5076,Khóa học này khóa học thật tuyệt vời!,positive,noi_chung
5077,Tôi cũng nghĩ rằng nên dành nhiều thời gian hơn cho trái phiếu dự án và sử dụng các cấu trúc phái sinh để đảm bảo dòng tiền và tỷ lệ hoạt động nhằm hỗ trợ tài chính và dự án cạnh tranh.,neutral,chuong_trinh_hoc
5078,Bạn sẽ được tìm hiểu sâu hơn về gần chục lý thuyết tổ chức và biết khi nào và làm thế nào để áp dụng chúng như một phần trong bộ công cụ quản lý của mình.,positive,noi_chung
5079,Rất hài lòng với điều này khóa học!,positive,noi_chung
5080,Bài tập của chúng tôi  rất đơn giản và tôi không cảm thấy hứng thú khi làm chúng.,negative,bai_tap
5080,Bài tập của chúng tôi  rất đơn giản và tôi không cảm thấy hứng thú khi làm chúng.,negative,bai_tap
5081,"Và nhân tiện, Jana là người giỏi nhất giảng viên trong số tất cả những người tôi từng thấy trên Coursera, rất trực tiếp, cởi mở, nhiệt tình và cung cấp thông tin có cấu trúc và đúng trọng tâm.",positive,ky_nang_giang_day
5081,"Và nhân tiện, Jana là người giỏi nhất giảng viên trong số tất cả những người tôi từng thấy trên Coursera, rất trực tiếp, cởi mở, nhiệt tình và cung cấp thông tin có cấu trúc và đúng trọng tâm.",positive,noi_chung
5082,Meloni là một người hướng dẫn thú vị - cô ấy thực sự khiến bạn muốn các bài thuyết trình dài hơn thực tế.,positive,ky_nang_giang_day
5083,Một cơ hội tuyệt vời và cần thiết cho bất kỳ ai đang học tập hoặc làm việc trong ngành Giáo dục.,positive,noi_chung
5084,Rất khuyến khích!,positive,noi_chung
5085,Tôi phải nói rằng đôi khi rất khó để theo dõi giảng viên là vấn đề duy nhất tôi gặp phải với khóa học này.,negative,ky_nang_giang_day
5086,Đây khóa học là phần giới thiệu rất thú vị về Lý thuyết xã hội học cổ điển.,positive,de_xuat
5087,giảng viên rất đơn điệu và không hấp dẫn.,negative,ky_nang_giang_day
5088,"Trong khóa học này, sinh viên trở thành thành viên của một cộng đồng học tập sôi nổi luôn diễn ra.",positive,noi_chung
5089,Chất lượng của nội dung là rất tốt.,positive,cung_cap_tai_lieu
5090,"Xếp loại được thực hiện dưới dạng đánh giá ngang hàng, điều này rất hữu ích vì nó cho phép bạn thấy cách những người đồng nghiệp của mình tiếp cận vấn đề.",positive,ham_diem
5091,Tôi đã có tiến bộ trong việc làm game khi còn là một người mới.,positive,noi_chung
5092,Cảm ơn Margaret và Denis đã tổ chức khóa học này.,positive,ky_nang_giang_day
5093,Một khóa học có cấu trúc cực kỳ tốt và hữu ích.,positive,chuong_trinh_hoc
5093,Một khóa học có cấu trúc cực kỳ tốt và hữu ích.,positive,chuong_trinh_hoc
5094,"Việc tính phí 79 đô la cho khóa học này có vẻ không xứng đáng, đặc biệt là với một sinh viên như tôi.",negative,chuong_trinh_hoc
5095,Tôi thích việc nhấn mạnh vào việc gỡ lỗi và cải thiện hiệu suất của các thuật toán.,positive,noi_chung
5096,"Vì vậy, tất nhiên, tôi nợ anh ấy một lời cảm ơn lớn.",positive,ky_nang_giang_day
5097,"Tuy nhiên, đây vẫn là một khóa học rất bổ ích và đáng tin cậy khóa học.",positive,noi_chung
5098,Tiến sĩ Chuck đã nỗ lực hết mình để làm cho khóa học này trở nên dễ hiểu và thân thiện với sinh viên.,positive,ky_nang_giang_day
5098,Tiến sĩ Chuck đã nỗ lực hết mình để làm cho khóa học này trở nên dễ hiểu và thân thiện với sinh viên.,positive,chuong_trinh_hoc
5098,Tiến sĩ Chuck đã nỗ lực hết mình để làm cho khóa học này trở nên dễ hiểu và thân thiện với sinh viên.,positive,chuong_trinh_hoc
5099,"Phạm vi của khóa học rất thú vị, mục tiêu thì đầy tham vọng và cấu trúc thì tốt, nhưng nội dung và câu đố thường không liên quan.",positive,noi_chung
5099,"Phạm vi của khóa học rất thú vị, mục tiêu thì đầy tham vọng và cấu trúc thì tốt, nhưng nội dung và câu đố thường không liên quan.",positive,chuong_trinh_hoc
5099,"Phạm vi của khóa học rất thú vị, mục tiêu thì đầy tham vọng và cấu trúc thì tốt, nhưng nội dung và câu đố thường không liên quan.",positive,chuong_trinh_hoc
5099,"Phạm vi của khóa học rất thú vị, mục tiêu thì đầy tham vọng và cấu trúc thì tốt, nhưng nội dung và câu đố thường không liên quan.",neutral,bai_tap
5100,"Mặc dù tôi đã có kinh nghiệm về phép tính vi phân trước đó, khóa học này đã giúp làm rõ một số kiến thức cơ bản và khiến tôi nhìn nhận phép tính vi phân từ một góc độ hoàn toàn khác.",positive,chuong_trinh_hoc
5101,Tuyệt vời khóa học cho bất kỳ ai mới làm quen với lập trình máy tính và muốn học Python.,positive,noi_chung
5102,Bạn sẽ học được điều gì đó mới hoặc cải thiện ở một số lĩnh vực.,positive,noi_chung
5103,Chương trình  được cấu trúc tốt và nội dung được tiếp cận khá sâu sắc (xem xét bản chất giới thiệu của khóa học).,positive,de_xuat
5103,Chương trình  được cấu trúc tốt và nội dung được tiếp cận khá sâu sắc (xem xét bản chất giới thiệu của khóa học).,positive,de_xuat
5104,"Nói chung, thật đáng tiếc là giáo sư Ng không cung cấp chuyên ngành tương ứng.",negative,kinh_nghiem
5105,"Khóa học phải chỉ rõ rằng bài tập chỉ hoạt động trong môi trường Linux/UNIX và cần phải kiểm tra thêm các tập lệnh trên hầu hết các nền tảng hệ điều hành Linux phổ biến, các phiên bản c++ khác nhau và các phiên bản python khác nhau.",neutral,bai_tap
5106,Tôi thực sự khuyên dùng Ngôn ngữ và Công cụ Phân tích Tài chính cho các giám đốc điều hành mới và giám đốc điều hành lâu năm đang muốn làm mới kiến thức và kỹ năng để phát triển doanh nghiệp của mình.,positive,noi_chung
5107,"Ngoài các bài học video, ghi chú bài giảng và bài tập về nhà cũng được cung cấp để thực hành thêm!",positive,cung_cap_tai_lieu
5108,Tuyệt vời Thầy giáo.,positive,ky_nang_giang_day
5109,"Tôi đã nộp bài tập đúng hạn, nhưng sau một tháng, tôi vẫn chưa có bạn nào hoàn thành bài đánh giá của mình, điều này làm chậm trễ việc 'hoàn thành' khóa học của tôi.",negative,ham_diem
5110,Mặc dù phần lớn nội dung có vẻ là lẽ thường nhưng có lẽ cần phải xây dựng một nền tảng chung ở đây cho sau này các khóa học.,positive,noi_chung
5111,Tôi cảm thấy tự tin hơn và sẵn sàng hơn để tiếp tục học và lấy bằng TEFL sau khi tham gia lớp học này.,positive,chuong_trinh_hoc
5112,Kiểm tra thật tuyệt.,positive,bai_tap
5113,"Đây thực sự là một khóa học hấp dẫn, vì nó được tổ chức theo cách mà sinh viên có thể thực sự học được nhiều điều từ nó, mặc dù thực sự đòi hỏi nhiều nỗ lực hơn so với các khóa học khác.",positive,noi_chung
5113,"Đây thực sự là một khóa học hấp dẫn, vì nó được tổ chức theo cách mà sinh viên có thể thực sự học được nhiều điều từ nó, mặc dù thực sự đòi hỏi nhiều nỗ lực hơn so với các khóa học khác.",positive,chuong_trinh_hoc
5113,"Đây thực sự là một khóa học hấp dẫn, vì nó được tổ chức theo cách mà sinh viên có thể thực sự học được nhiều điều từ nó, mặc dù thực sự đòi hỏi nhiều nỗ lực hơn so với các khóa học khác.",neutral,noi_chung
5114,Xin chúc mừng vì nỗ lực xây dựng một xã hội tốt đẹp hơn.,positive,noi_chung
5115,Đây khóa học là phần giới thiệu rất hay khóa học.,positive,de_xuat
5116,Nhà thiết kế khóa học này.,negative,chuong_trinh_hoc
5116,Nhà thiết kế khóa học này.,negative,chuong_trinh_hoc
5117,Một số clip giáo dục trông giống như được lấy từ Youtube hoặc giống như video quảng cáo cho một sáng kiến nào đó.,neutral,cung_cap_tai_lieu
5118,Nhân viên: hỗ trợ và phản hồi rất tuyệt vời.,positive,ky_nang_giang_day
5118,Nhân viên: hỗ trợ và phản hồi rất tuyệt vời.,positive,hanh_vi
5119,Tuyệt vời khóa học!,positive,noi_chung
5120,Đây là điều tốt nhất tôi từng thấy ở khu vực này.,positive,noi_chung
5121,Đây khóa học là khóa học trực tuyến khóa học tốt nhất mà tôi từng nghe trên Coursera.,positive,noi_chung
5122,Ông và những người khác cũng chia sẻ những thông tin nội bộ thú vị về những người hoạt động trong phong trào.,positive,kinh_nghiem
5123,"Đây là một trong những trải nghiệm giáo dục tốt nhất mà tôi từng có và tôi đã có bằng Tiến sĩ, MBA.",positive,noi_chung
5124,Tôi đã học được rất nhiều.,positive,noi_chung
5125,Nó không miễn phí (bạn được cấp phép một năm) và ẩn mọi hoạt động khỏi người dùng.,negative,noi_chung
5126,"Một vài tuần, các bài giảng khá dài và chuyên sâu trong khi những tuần khác thì hơi khô khan.",negative,ky_nang_giang_day
5126,"Một vài tuần, các bài giảng khá dài và chuyên sâu trong khi những tuần khác thì hơi khô khan.",negative,ky_nang_giang_day
5127,"bài giảng là phần tóm tắt rất ngắn gọn về các chủ đề, không thực sự giảng dạy bất kỳ nội dung gì.",negative,ky_nang_giang_day
5128,Một số phần cần được làm rõ hơn.,negative,ky_nang_giang_day
5129,Tôi thực sự thích khóa học.,positive,noi_chung
5130,Khóa học này khóa học được thiết kế thực sự tốt.,positive,chuong_trinh_hoc
5131,Ngoài ra thì đây là một lớp học tuyệt vời.,positive,noi_chung
5132,Thật sự là một khóa học đáng chú ý khóa học về lập trình chức năng.,positive,noi_chung
5133,nhân viên khóa học phản hồi mọi thắc mắc một cách nhanh chóng.,positive,hanh_vi
5134,Tôi rất thích khóa học này!,positive,noi_chung
5135,"Tuyệt vời bài giảng và giải thích rõ ràng, ngoại trừ một bài giảng (thứ 6 - có thể là do tôi, không hiểu đúng chủ đề).",positive,ky_nang_giang_day
5135,"Tuyệt vời bài giảng và giải thích rõ ràng, ngoại trừ một bài giảng (thứ 6 - có thể là do tôi, không hiểu đúng chủ đề).",negative,ky_nang_giang_day
5136,Giảng viên thiết kế khóa học này rất hiệu quả.,positive,chuong_trinh_hoc
5137,Tôi mới tham gia vào lĩnh vực nghiên cứu định tính và tôi rất thích mọi bài giảng ở đây.,positive,ky_nang_giang_day
5138,"Tóm lại, khóa học này cung cấp nền tảng vững chắc để phát triển các kỹ năng phát triển web và tôi chân thành giới thiệu nó cho tất cả những ai quan tâm đến lĩnh vực này.",positive,chuong_trinh_hoc
5139,"Tôi mong đợi được thấy nhiều hơn về Thiết kế ""Thông tin"", theo nghĩa là Thiết kế Truyền thông, Thiết kế Dữ liệu, Lý thuyết Truyền thông và cách bạn có thể loại bỏ sự mơ hồ khỏi một thiết kế (trực quan, công nghiệp, nội dung hoặc bất kỳ thiết kế nào).",negative,noi_chung
5140,"Tôi không tham gia khóa học để lấy ""chứng chỉ"" mà để học và nhận phản hồi.",negative,hanh_vi
5141,Tôi chỉ ước gì mình có thể đọc thêm tài liệu nữa.,negative,cung_cap_tai_lieu
5142,Tôi thực sự thích tính tối giản của nó và thấy đây là một lời nhắc viết tuyệt vời.,positive,chuong_trinh_hoc
5143,"Tốt giáo viên làm cho trải nghiệm học tập trở nên dễ dàng và thú vị, kém giáo viên làm cho nó giống như một cực hình.",positive,ky_nang_giang_day
5144,Giáo sư Barbara Oakley mô tả mọi thứ bằng phương tiện trực quan.,positive,ky_nang_giang_day
5145,Cách trình bày thật tuyệt vời.,positive,ky_nang_giang_day
5146,Bạn có thể hình dung ra được trách nhiệm của giáo viên (bao gồm tất cả những cá nhân tham gia vào việc thực hiện bài giảng này)! Cảm ơn tất cả mọi người một lần nữa! !,positive,ky_nang_giang_day
5147,Thật tuyệt vời khóa học ! ! !,positive,noi_chung
5148,"Tuy nhiên, đối với một trình độ rất cơ bản khóa học để dạy các khái niệm lập trình bằng Python, thì nó được thực hiện rất tốt.",positive,noi_chung
5149,"Khóa học  rất thú vị và phong phú, tôi thậm chí không thể ngừng nghe từng bài học một.",positive,noi_chung
5149,"Khóa học  rất thú vị và phong phú, tôi thậm chí không thể ngừng nghe từng bài học một.",positive,chuong_trinh_hoc
5150,Khóa học này khóa học chắc chắn có lợi ở nhiều cấp độ.,positive,noi_chung
5151,Ngay cả khi nhìn tổng thể cũng rất rõ ràng.,positive,chuong_trinh_hoc
5152,Tôi muốn giới thiệu khóa học này cho bất kỳ ai thực sự đam mê về sinh học ung thư.,positive,de_xuat
5153,"Rất thực tế, thú vị và truyền cảm hứng, những mẹo tuyệt vời.",positive,ky_nang_giang_day
5153,"Rất thực tế, thú vị và truyền cảm hứng, những mẹo tuyệt vời.",positive,noi_chung
5154,"Những người cố vấn thân thiện người cố vấn trả lời câu hỏi của tôi nhanh chóng và chi tiết, điều này khiến tôi cảm thấy được hỗ trợ.",positive,ky_nang_giang_day
5154,"Những người cố vấn thân thiện người cố vấn trả lời câu hỏi của tôi nhanh chóng và chi tiết, điều này khiến tôi cảm thấy được hỗ trợ.",positive,hanh_vi
5155,"Chắc chắn là ""phải học"" khóa học.",positive,noi_chung
5156,dự án cuối kỳ khó hơn đáng kể so với tài liệu được dạy trên lớp và các vấn đề với khóa học (ví dụ: không có tệp bài kiểm tra cuối kỳ) rõ ràng là chưa được khắc phục kể từ phiên bản cuối cùng của khóa học.,negative,bai_tap
5156,dự án cuối kỳ khó hơn đáng kể so với tài liệu được dạy trên lớp và các vấn đề với khóa học (ví dụ: không có tệp bài kiểm tra cuối kỳ) rõ ràng là chưa được khắc phục kể từ phiên bản cuối cùng của khóa học.,negative,cung_cap_tai_lieu
5157,Rất rất chán.,negative,noi_chung
5158,GitHub đã thay đổi và không khớp với video nên bất kỳ thông tin nào được cung cấp đều không giúp ai đó bắt đầu và chạy.,negative,ky_nang_giang_day
5158,GitHub đã thay đổi và không khớp với video nên bất kỳ thông tin nào được cung cấp đều không giúp ai đó bắt đầu và chạy.,negative,ky_nang_giang_day
5159,"Hơn nữa, các trợ giảng nên hoạt động tích cực hơn trên các diễn đàn.",neutral,hanh_vi
5160,Giáo sư Duquette có thể được cảm nhận thông qua các video.,positive,ky_nang_giang_day
5161,Tôi cảm thấy như thể tôi không thực sự hiểu những khái niệm đó cho đến khi xem các bài giảng của tuần đó cũng như các bài giảng của tuần tiếp theo.,negative,chuong_trinh_hoc
5162,Khóa học duy nhất mà tôi thực sự bắt đầu học một số chương trình lập trình.,positive,noi_chung
5163,"Sẽ rất thú vị nếu được nghe thêm một chút về hoạt động bên trong của SVM, chủ đề này có vẻ hơi ngắn so với sở thích của tôi.",positive,noi_chung
5164,tuyệt vời và dễ hiểu.,positive,chuong_trinh_hoc
5165,"Đây không phải là khóa học về tính đồng thời với Scala; nó chỉ đề cập rất cơ bản đến luồng và đồng bộ hóa ngay từ đầu, và thế là hết.",positive,noi_chung
5166,"Một tràng pháo tay cho George Siedel, ""Nhóm đàm phán"" và Coursera!",positive,ky_nang_giang_day
5167,"Được lên kế hoạch tốt, giúp học sinh tương tác và từng bước tiếp cận ngôn ngữ thực sự mạnh mẽ này.",positive,chuong_trinh_hoc
5167,"Được lên kế hoạch tốt, giúp học sinh tương tác và từng bước tiếp cận ngôn ngữ thực sự mạnh mẽ này.",positive,noi_chung
5168,Một khóa học tuyệt vời để đánh thức bản thân và bắt đầu bước vào thế giới viết kịch bản.,positive,noi_chung
5169,Ông cũng rất nhạy cảm với khán giả của mình.,positive,hanh_vi
5170,Người ta thường bị tấn công bởi dữ liệu và không thể hiểu được bất kỳ điều gì từ dữ liệu đó.,conflict,noi_chung
5171,Có một chút khó hiểu và các bài kiểm tra yêu cầu tra cứu thông tin trên Internet và không có cách nào thực sự để biết những chủ đề này sẽ có trong các bài kiểm tra.,negative,bai_tap
5172,Rất toàn diện khóa học có liên quan đến các nhà khoa học nghiên cứu hàn lâm và những người có ít đào tạo khoa học.,positive,chuong_trinh_hoc
5172,Rất toàn diện khóa học có liên quan đến các nhà khoa học nghiên cứu hàn lâm và những người có ít đào tạo khoa học.,positive,noi_chung
5173,"Có một số thử thách nhỏ trong bài tập, nhưng đây vẫn là cơ hội tuyệt vời để chuyển đổi tất cả các khái niệm đó thành kiến thức và kinh nghiệm của tôi.",neutral,bai_tap
5173,"Có một số thử thách nhỏ trong bài tập, nhưng đây vẫn là cơ hội tuyệt vời để chuyển đổi tất cả các khái niệm đó thành kiến thức và kinh nghiệm của tôi.",positive,bai_tap
5174,video được ghi lại một cách tuyệt vời và giải thích các điểm chính.,positive,ky_nang_giang_day
5175,Tôi rất biết ơn vì có cơ hội được học.,positive,noi_chung
5176,Được tổ chức tốt.,positive,chuong_trinh_hoc
5177,Tôi thích điều này khóa học.,positive,noi_chung
5178,Thật đáng thất vọng khi phải trả tiền để lấy chứng chỉ nhưng lại không thể lấy được do vấn đề với các nhà phát triển khóa học (thiếu hiểu biết về cách thức hoạt động của khóa học rõ ràng là họ không quan tâm đến việc thích nghi với khóa học khóa học kéo dài 5 tuần và các hoạt động được đánh giá ngang hàng đề xuất mất hơn 6 tuần để hoàn thành). Ngoài khung thời gian khóa học,negative,chuong_trinh_hoc
5178,Thật đáng thất vọng khi phải trả tiền để lấy chứng chỉ nhưng lại không thể lấy được do vấn đề với các nhà phát triển khóa học (thiếu hiểu biết về cách thức hoạt động của khóa học rõ ràng là họ không quan tâm đến việc thích nghi với khóa học khóa học kéo dài 5 tuần và các hoạt động được đánh giá ngang hàng đề xuất mất hơn 6 tuần để hoàn thành). Ngoài khung thời gian khóa học,negative,chuong_trinh_hoc
5179,"Tôi nhận ra rằng mục đích của việc thiếu hướng dẫn cụ thể là nhằm khuyến khích chúng ta khám phá quá trình ""tạo ra"" nhiều lần lặp lại của hình ảnh.",negative,ky_nang_giang_day
5180,Đây là một khóa học tuyệt vời .,positive,noi_chung
5181,Đây thực sự là một khóa học tuyệt vời!,positive,noi_chung
5182,Bài tập được chấm điểm ngang hàng có nội dung tự giải thích để trả lời các câu hỏi.,positive,bai_tap
5183,Phần lớn nội dung này nội dung được lặp lại từ hai phần đầu của chuyên ngành này.,negative,cung_cap_tai_lieu
5184,Tôi không biết liệu SEO có thực sự đơn giản và hợp lý hay nó chỉ xuất hiện theo cách này vì cách trình bày rõ ràng và dễ nghe của cô.,positive,ky_nang_giang_day
5185,"Nhanh chóng, đơn giản, toàn diện, tất cả đều có vẻ ngoài rất chuyên nghiệp.",positive,noi_chung
5185,"Nhanh chóng, đơn giản, toàn diện, tất cả đều có vẻ ngoài rất chuyên nghiệp.",positive,noi_chung
5185,"Nhanh chóng, đơn giản, toàn diện, tất cả đều có vẻ ngoài rất chuyên nghiệp.",positive,noi_chung
5185,"Nhanh chóng, đơn giản, toàn diện, tất cả đều có vẻ ngoài rất chuyên nghiệp.",positive,noi_chung
5186,"Muốn có ít lựa chọn hơn trong câu hỏi thi cuối kỳ để thể hiện tốt hơn kiến thức về tài liệu, không phải kỹ năng làm bài kiểm tra.",negative,bai_tap
5187,Tôi mong đợi một số câu trả lời chính thức cho câu hỏi của mình trong khi chỉ có một vài câu hỏi cho mỗi tuần của khóa học.,negative,hanh_vi
5188,Tôi đã học được rất nhiều điều mới. Tôi muốn có thêm tài liệu về chủ đề này. Các nhân viên có thể đính kèm một số tài liệu đọc được đề xuất không? Các khóa học khác? Cảm ơn bạn đã tạo ra khóa học này : ),positive,chuong_trinh_hoc
5188,Tôi đã học được rất nhiều điều mới. Tôi muốn có thêm tài liệu về chủ đề này. Các nhân viên có thể đính kèm một số tài liệu đọc được đề xuất không? Các khóa học khác? Cảm ơn bạn đã tạo ra khóa học này : ),neutral,cung_cap_tai_lieu
5188,Tôi đã học được rất nhiều điều mới. Tôi muốn có thêm tài liệu về chủ đề này. Các nhân viên có thể đính kèm một số tài liệu đọc được đề xuất không? Các khóa học khác? Cảm ơn bạn đã tạo ra khóa học này : ),neutral,noi_chung
5189,Tôi nghĩ chuyên ngành này phù hợp với những người không có nhiều kiến thức trong lĩnh vực này (như tôi).,positive,noi_chung
5190,"Tuy nhiên, tôi vẫn thấy nhịp độ quá chậm, có quá nhiều thứ gây mất tập trung (""hài hước"" video, giáo viên uống rượu và mắc lỗi, hummm! ! ! ).",negative,ky_nang_giang_day
5190,"Tuy nhiên, tôi vẫn thấy nhịp độ quá chậm, có quá nhiều thứ gây mất tập trung (""hài hước"" video, giáo viên uống rượu và mắc lỗi, hummm! ! ! ).",negative,chuong_trinh_hoc
5190,"Tuy nhiên, tôi vẫn thấy nhịp độ quá chậm, có quá nhiều thứ gây mất tập trung (""hài hước"" video, giáo viên uống rượu và mắc lỗi, hummm! ! ! ).",negative,ky_nang_giang_day
5191,"Trong khóa học này, bạn sẽ nghiên cứu cơ sở lý luận đằng sau các thuật toán toán học và học cách dịch chúng sang các ngôn ngữ tính toán như Octave hoặc MAtlab.",positive,noi_chung
5192,"Tôi biết rằng phải mất rất nhiều thời gian để chuẩn bị tài liệu này, nhưng rõ ràng là nỗ lực cuối cùng để đảm bảo chất lượng đã không được thực hiện.",negative,cung_cap_tai_lieu
5193,Vui lòng cải thiện mô-đun này để nó thú vị hơn đối với những người học thực sự muốn học.,neutral,noi_chung
5194,Và điều đó thực sự khó chịu.,negative,noi_chung
5195,"Điều tôi thích ở khóa học này là bản chất của bài tập nhấn mạnh vào mục đích thực sự đàm phán với các bạn cùng lớp khác, nó buộc tôi phải tương tác với những người hoàn toàn xa lạ từ các quốc gia khác nhau và xem xét công việc của những người khác, đó là một trải nghiệm vô cùng thú vị.",positive,bai_tap
5195,"Điều tôi thích ở khóa học này là bản chất của bài tập nhấn mạnh vào mục đích thực sự đàm phán với các bạn cùng lớp khác, nó buộc tôi phải tương tác với những người hoàn toàn xa lạ từ các quốc gia khác nhau và xem xét công việc của những người khác, đó là một trải nghiệm vô cùng thú vị.",positive,hanh_vi
5196,Charles thật quyến rũ!,positive,ky_nang_giang_day
5197,Cảm ơn và làm tốt lắm snape bạn thật tuyệt vời,positive,ky_nang_giang_day
5198,Tôi không thể nói đủ điều tốt đẹp về tất cả các khóa học trong chuyên ngành này!,positive,noi_chung
5199,Tôi có bằng Thạc sĩ và cho đến khi tôi học khóa MOOC này,positive,noi_chung
5200,Tôi đáng lẽ phải cho nó 5 sao nhưng nó cần được cải thiện một chút.,positive,chuong_trinh_hoc
5201,Thật sự tuyệt vời khóa học!,positive,noi_chung
5202,Khóa học tuyệt vời cố vấn / TA.,positive,ky_nang_giang_day
5203,Mọi người làm tốt lắm.,positive,noi_chung
5204,Đây là khóa học khóa học giới thiệu rất đầy đủ về lĩnh vực này.,positive,de_xuat
5205,Tốt khóa học giảng dạy tốt.,positive,noi_chung
5205,Tốt khóa học giảng dạy tốt.,positive,ky_nang_giang_day
5206,Việc này thực sự cần phải được thực hiện lại.,neutral,noi_chung
5207,Tôi thực sự khuyên bạn nên tham gia khóa học !,positive,noi_chung
5208,"Phong cách giảng bài của Tiến sĩ Chuck thực sự truyền cảm hứng, hài hước và hữu ích.",positive,ky_nang_giang_day
5208,"Phong cách giảng bài của Tiến sĩ Chuck thực sự truyền cảm hứng, hài hước và hữu ích.",positive,hanh_vi
5208,"Phong cách giảng bài của Tiến sĩ Chuck thực sự truyền cảm hứng, hài hước và hữu ích.",positive,ky_nang_giang_day
5209,Tuyệt vời khóa học!,positive,noi_chung
5210,Tôi không tham gia bất kỳ khóa học nào (thực ra vì tôi là một kỹ sư) và tôi chưa bao giờ vui đến thế khi xem một khóa học hoặc làm một bài tập.,positive,noi_chung
5211,Đầu tiên khóa học cho tôi sự nhiệt tình để bắt đầu những khóa học sau.,positive,noi_chung
5212,Tôi không nghĩ rằng kết quả học tập của tôi ở khóa học này có ý nghĩa quan trọng vì cấu trúc của khóa học và tôi hối tiếc vì đã trả tiền cho cả 3 khóa học.,negative,bai_tap
5213,bài tập có tính thử thách nhưng thú vị và có nhịp độ tốt.,positive,bai_tap
5214,Tôi chắc chắn sẽ giới thiệu khóa học này cho bất kỳ ai muốn theo đuổi chuyên ngành Kế toán pháp y và Kiểm tra gian lận.,positive,de_xuat
5215,Đây là một khóa học tuyệt vời và rất bổ ích.,positive,noi_chung
5215,Đây là một khóa học tuyệt vời và rất bổ ích.,positive,chuong_trinh_hoc
5216,"Phần hữu ích nhất có vẻ là về việc đặt mục tiêu, và đó là điều tôi khuyên hầu hết học sinh nên bắt đầu.",positive,noi_chung
5217,Giáo sư này rất hiểu biết và đi thẳng vào vấn đề.,positive,ky_nang_giang_day
5217,Giáo sư này rất hiểu biết và đi thẳng vào vấn đề.,positive,kinh_nghiem
5218,Điều này dẫn đến lãng phí rất nhiều thời gian với máy phân loại.,negative,chuong_trinh_hoc
5219,Tôi thậm chí còn bắt đầu đọc các bài báo trên tạp chí của Page và Zellner vì tôi rất thích thú với các mô hình được trình bày trong khóa học này.,positive,chuong_trinh_hoc
5220,Đôi khi có vẻ như một số Giáo sư nói rất nhanh trái ngược với các chương trình MBA cốt lõi.,neutral,ky_nang_giang_day
5221,Khóa học tài liệu rất thú vị.,positive,cung_cap_tai_lieu
5222,Tôi muốn giới thiệu khóa học này cho bất kỳ ai muốn tìm hiểu thêm về cách loài chó suy nghĩ.,positive,de_xuat
5223,Bài tập rất dễ và thú vị khi làm. Học được nhiều điều trong thời gian ngắn.,positive,bai_tap
5223,Bài tập rất dễ và thú vị khi làm. Học được nhiều điều trong thời gian ngắn.,positive,bai_tap
5223,Bài tập rất dễ và thú vị khi làm. Học được nhiều điều trong thời gian ngắn.,positive,bai_tap
5224,Rất thích diễn đàn và người cố vấn.,positive,ky_nang_giang_day
5225,Cảm ơn .,positive,noi_chung
5226,"Nhìn chung là tốt, cảm ơn Giáo sư Geoffery!",positive,noi_chung
5226,"Nhìn chung là tốt, cảm ơn Giáo sư Geoffery!",positive,ky_nang_giang_day
5227,"Nếu có bất kỳ khuyến nghị nào, tôi muốn đề xuất phân tích các từ viết tắt và khái niệm vì tôi đặc biệt gặp khó khăn do nền tảng không liên quan đến tài chính của mình.",neutral,chuong_trinh_hoc
5228,"Theo kinh nghiệm của tôi, lý do là do không có sự trợ giúp nào từ các trợ giảng.",negative,hanh_vi
5229,Tôi đã có quan niệm sai lầm rằng học máy là một bài toán khó nhưng Giáo sư Ng đã thiết kế khóa học theo cách mà sinh viên có thể tận dụng tối đa khóa học học máy với rất nhiều nỗ lực.,positive,ky_nang_giang_day
5230,Đề xuất nhé!,positive,noi_chung
5231,Xuất sắc !,positive,noi_chung
5232,Tôi có một phản hồi tiêu cực về khóa học của Cheri Alexander nội dung về một số vấn đề sau: 1 - Lặp lại quá nhiều.,negative,cung_cap_tai_lieu
5233,Đây khóa học là một trải nghiệm tuyệt vời.,positive,noi_chung
5234,Khóa học tốt nhất từ trước đến nay (Tôi đã học rất nhiều).,positive,noi_chung
5235,Tuyệt vời và đầy thử thách.,positive,noi_chung
5236,"Điều tôi bỏ lỡ: nghiên cứu tài liệu cần cung cấp nhiều thông tin hơn và được tổ chức tốt hơn (lý thuyết) (ví dụ: về các chủ đề như thiết kế cơ sở dữ liệu, cấu trúc dữ liệu, v.v.)",negative,cung_cap_tai_lieu
5236,"Điều tôi bỏ lỡ: nghiên cứu tài liệu cần cung cấp nhiều thông tin hơn và được tổ chức tốt hơn (lý thuyết) (ví dụ: về các chủ đề như thiết kế cơ sở dữ liệu, cấu trúc dữ liệu, v.v.)",negative,cung_cap_tai_lieu
5237,Tôi thực sự thích cái nhìn chân thực này về lịch sử của đất nước Israel.,positive,noi_chung
5238,Những bài này bài giảng bao gồm một số tài nguyên - - nhưng chắc chắn có thể giới thiệu thêm.,neutral,cung_cap_tai_lieu
5239,Tuyệt vời khóa học!,positive,noi_chung
5240,Tôi muốn giới thiệu khóa học này cho bất kỳ ai quan tâm đến lịch sử hoặc tiểu thuyết lịch sử.,positive,de_xuat
5241,Khóa học này khóa học rất đơn giản.,neutral,noi_chung
5242,giáo viên chú ý đến những điểm ngữ pháp thực sự khó hiểu.,positive,ky_nang_giang_day
5243,Nếu tất cả video đều có chất lượng nghe tốt thì tôi đã cho khóa học này 5 sao,negative,ky_nang_giang_day
5244,Làm tốt lắm .,positive,noi_chung
5245,"Nếu bạn có nền tảng lập trình bằng ngôn ngữ khác, bạn có thể hoàn thành khóa học này khá nhanh.",positive,chuong_trinh_hoc
5246,Đây là một lớp học tuyệt vời cho đến nay.,positive,noi_chung
5247,Điều này đã chứng minh được mắt xích còn thiếu trong hạnh phúc của tôi.,positive,noi_chung
5248,Tốt khóa học.,positive,noi_chung
5249,Trải nghiệm tuyệt vời!,positive,noi_chung
5250,người hướng dẫn viết và nói đồng thời.,negative,ky_nang_giang_day
5251,Đây là khóa học tuyệt vời dành cho những ai muốn khám phá khía cạnh lập trình chức năng của Khoa học máy tính.,positive,noi_chung
5252,Thật tuyệt vời khóa học để bổ sung cho việc đọc của Dayan và Abbott,positive,noi_chung
5253,Nó tốt như nó được,positive,noi_chung
5254,1. Tốc độ 75x hoặc 2x giúp bạn kiểm soát tốc độ dễ dàng hơn và vẫn dễ theo dõi.,positive,ky_nang_giang_day
5255,Quan trọng nhất là người cố vấn trong diễn đàn thảo luận thực sự rất tốt bụng.,positive,hanh_vi
5256,Cần dành nhiều thời gian để nghiên cứu xung quanh nội dung được dạy và phân tích bài tập lập trình mất nhiều thời gian.,neutral,bai_tap
5256,Cần dành nhiều thời gian để nghiên cứu xung quanh nội dung được dạy và phân tích bài tập lập trình mất nhiều thời gian.,negative,cung_cap_tai_lieu
5257,Xấu nội dung và người hướng dẫn.,negative,cung_cap_tai_lieu
5257,Xấu nội dung và người hướng dẫn.,negative,ky_nang_giang_day
5258,bài tập cũng được thiết kế tốt để dẫn dắt học sinh đi đúng hướng mà không cần lo lắng quá nhiều về chi tiết triển khai hỗ trợ cho các chủ đề chính.,positive,bai_tap
5259,Phần còn lại của khóa học thì tốt.,positive,noi_chung
5260,Tôi chưa bao giờ giỏi toán hay hóa học nhưng giáo sư giải thích các quá trình khác nhau theo cách đơn giản đến mức tôi đã vượt qua các bài kiểm tra với số điểm hoàn hảo và tôi nắm bắt khá tốt mọi thứ cô ấy nói.,positive,ky_nang_giang_day
5260,Tôi chưa bao giờ giỏi toán hay hóa học nhưng giáo sư giải thích các quá trình khác nhau theo cách đơn giản đến mức tôi đã vượt qua các bài kiểm tra với số điểm hoàn hảo và tôi nắm bắt khá tốt mọi thứ cô ấy nói.,positive,ky_nang_giang_day
5261,"Mặc dù thiên thạch di chuyển với tốc độ nhanh, nhưng điều này khóa học.",negative,chuong_trinh_hoc
5262,Khóa học này khóa học cũng giúp tôi nâng cao kỹ năng giao tiếp tiếng Anh và kỹ năng phỏng vấn.,positive,chuong_trinh_hoc
5263,Tôi rất thích điều này khóa học.,positive,noi_chung
5264,Tuyệt vời khóa học!,positive,noi_chung
5265,Tuyệt vời khóa học dành cho người mới bắt đầu hoặc sinh viên mong muốn theo đuổi nghề phân tích dữ liệu.,positive,noi_chung
5266,"Mặc dù nội dung hữu ích, lớp học này có thể được cải thiện đáng kể nếu slide được cung cấp thay vì chỉ có bản ghi chép.",negative,ky_nang_giang_day
5266,"Mặc dù nội dung hữu ích, lớp học này có thể được cải thiện đáng kể nếu slide được cung cấp thay vì chỉ có bản ghi chép.",positive,cung_cap_tai_lieu
5267,Sử dụng nhiều kỹ thuật đã học ở các khóa học khác.,positive,noi_chung
5268,Cho đến nay thì tuyệt vời!,positive,noi_chung
5269,Khóa học này khóa học thật tuyệt vời!,positive,noi_chung
5270,Bài giảng không đề cập đến những nội dung cần thiết trong một số bài tập.,negative,ky_nang_giang_day
5271,Nó cũng mang lại sự thư giãn trong giờ làm việc video.,positive,ky_nang_giang_day
5272,"Rất tốt bài tập lập trình, tăng dần độ khó và tốt để củng cố kiến thức.",positive,bai_tap
5272,"Rất tốt bài tập lập trình, tăng dần độ khó và tốt để củng cố kiến thức.",positive,bai_tap
5272,"Rất tốt bài tập lập trình, tăng dần độ khó và tốt để củng cố kiến thức.",positive,bai_tap
5273,Thích cái này quá Khóa học!,positive,noi_chung
5274,Một khóa học rất thú vị và hữu ích khóa học dành cho những ai muốn học cách dọn dẹp dữ liệu trong Python.,positive,noi_chung
5274,Một khóa học rất thú vị và hữu ích khóa học dành cho những ai muốn học cách dọn dẹp dữ liệu trong Python.,positive,noi_chung
5275,Món khai vị tuyệt vời món.,positive,chuong_trinh_hoc
5276,Một điều rất nhỏ nhưng quan trọng đã thu hút sự chú ý của tôi là năng lượng mà giáo sư dùng để giảng dạy.,positive,ky_nang_giang_day
5277,Khóa học được cấu trúc tốt và khá nhiều thông tin.,positive,chuong_trinh_hoc
5277,Khóa học được cấu trúc tốt và khá nhiều thông tin.,positive,chuong_trinh_hoc
5278,Giáo viên tuyệt vời.,positive,ky_nang_giang_day
5279,"Được xây dựng rất tốt, hợp lý và dễ hiểu khóa học.",positive,chuong_trinh_hoc
5279,"Được xây dựng rất tốt, hợp lý và dễ hiểu khóa học.",positive,chuong_trinh_hoc
5280,"Nhìn chung, tôi thích khóa học, nhưng cảm thấy rằng có thể có nhiều lời giải thích hơn cho các câu trả lời cho dự án hàng tuần.",positive,noi_chung
5280,"Nhìn chung, tôi thích khóa học, nhưng cảm thấy rằng có thể có nhiều lời giải thích hơn cho các câu trả lời cho dự án hàng tuần.",neutral,bai_tap
5281,bài giảng và bài thực hành rất dễ hiểu.,positive,ky_nang_giang_day
5282,Tôi rất thích khóa học .,positive,noi_chung
5283,Tôi thực sự thích điều này khóa học.,positive,noi_chung
5284,"Nó bắt đầu từ những điều cơ bản và trở nên khó khăn hơn một chút, sau đó sẽ thú vị khi bạn bắt đầu tìm cách sử dụng nó.",positive,chuong_trinh_hoc
5284,"Nó bắt đầu từ những điều cơ bản và trở nên khó khăn hơn một chút, sau đó sẽ thú vị khi bạn bắt đầu tìm cách sử dụng nó.",positive,noi_chung
5285,Tôi thực sự khuyên mọi người và đặc biệt là sinh viên tâm lý học.,positive,noi_chung
5286,Xin lỗi vì đã nhiều lần tôi phải xem lại video nhưng vẫn không hiểu.,negative,ky_nang_giang_day
5287,"Tôi khuyên bạn nên học khóa học này khóa là khóa học cuối cùng trong bốn khóa học, trước khi bắt đầu dự án Capstone - nếu bạn đang có kế hoạch học hết tất cả các phần.",positive,de_xuat
5288,"Tôi đang nghĩ đến việc trở thành bác sĩ thú y, vì vậy khóa học này thực sự giúp ích cho tôi.",positive,chuong_trinh_hoc
5289,Tôi khuyên bạn nên làm như vậy ngay cả khi bạn đã quen thuộc với chủ đề này.,positive,noi_chung
5290,Nếu chỉ quan tâm đến lời nói thì bạn sẽ thu thập được một lượng thông tin khá ổn.,neutral,noi_chung
5291,Đây là một trong những khóa học tuyệt vời nhất mà tôi từng tham gia!,positive,noi_chung
5292,Tôi thực sự thích lớp học này!,positive,chuong_trinh_hoc
5293,"người thuyết trình nhấn mạnh vào từng từ và nói theo cách rất không tự nhiên khiến người nghe rất mệt mỏi, và bài kiểm tra trong video quá cơ bản và tốn quá nhiều thời gian.",negative,ky_nang_giang_day
5293,"người thuyết trình nhấn mạnh vào từng từ và nói theo cách rất không tự nhiên khiến người nghe rất mệt mỏi, và bài kiểm tra trong video quá cơ bản và tốn quá nhiều thời gian.",negative,bai_tap
5293,"người thuyết trình nhấn mạnh vào từng từ và nói theo cách rất không tự nhiên khiến người nghe rất mệt mỏi, và bài kiểm tra trong video quá cơ bản và tốn quá nhiều thời gian.",negative,bai_tap
5294,Lý do duy nhất khiến bài viết này không nhận được 5 sao là vì thông tin về lớp học không được trình bày rõ ràng 100%.,positive,noi_chung
5295,Nếu không có quá nhiều trục trặc với video và câu đố,negative,ky_nang_giang_day
5295,Nếu không có quá nhiều trục trặc với video và câu đố,negative,bai_tap
5296,"Đúng là hầu hết những nội dung cơ bản đều được đề cập đến, nhưng tiến trình diễn ra rất nhanh.",positive,noi_chung
5296,"Đúng là hầu hết những nội dung cơ bản đều được đề cập đến, nhưng tiến trình diễn ra rất nhanh.",negative,noi_chung
5297,"Đối với bất kỳ ai đang cân nhắc tham gia khóa học , hãy lưu ý rằng thời gian yêu cầu có thể rất nhiều - các bài giảng thì ổn nhưng hai hoặc ba trong số bài tập mất nhiều hơn 3 giờ (nếu bạn thực sự có kế hoạch vật lộn với việc viết mã thì điều này có liên quan.",neutral,chuong_trinh_hoc
5297,"Đối với bất kỳ ai đang cân nhắc tham gia khóa học , hãy lưu ý rằng thời gian yêu cầu có thể rất nhiều - các bài giảng thì ổn nhưng hai hoặc ba trong số bài tập mất nhiều hơn 3 giờ (nếu bạn thực sự có kế hoạch vật lộn với việc viết mã thì điều này có liên quan.",positive,ky_nang_giang_day
5297,"Đối với bất kỳ ai đang cân nhắc tham gia khóa học , hãy lưu ý rằng thời gian yêu cầu có thể rất nhiều - các bài giảng thì ổn nhưng hai hoặc ba trong số bài tập mất nhiều hơn 3 giờ (nếu bạn thực sự có kế hoạch vật lộn với việc viết mã thì điều này có liên quan.",neutral,bai_tap
5298,"Ngoài ra, tôi cảm thấy mình đã học được rất nhiều và tôi cảm thấy đây là một bài giới thiệu tuyệt vời lớp học.",positive,chuong_trinh_hoc
5298,"Ngoài ra, tôi cảm thấy mình đã học được rất nhiều và tôi cảm thấy đây là một bài giới thiệu tuyệt vời lớp học.",positive,de_xuat
5299,"Có một vài lỗi với bài kiểm tra, nhưng nhìn chung thì bài kiểm tra được biên soạn tốt và có nhiều thông tin cho một khóa học ngắn.",negative,bai_tap
5299,"Có một vài lỗi với bài kiểm tra, nhưng nhìn chung thì bài kiểm tra được biên soạn tốt và có nhiều thông tin cho một khóa học ngắn.",positive,noi_chung
5300,Cảm ơn khóa học này tôi đã tìm ra chỗ mình sai và thực sự tôi đang học những điều mới dễ dàng hơn và lần này qua lần khác tôi lặp lại thông tin mà tôi đã học cách đây vài năm.,positive,noi_chung
5301,"Tuy nhiên, câu đố và bài kiểm tra có vẻ ở một trình độ rất khác nhau và thường đề cập đến nội dung mà hiếm khi được thảo luận trong các bài giảng.",positive,bai_tap
5301,"Tuy nhiên, câu đố và bài kiểm tra có vẻ ở một trình độ rất khác nhau và thường đề cập đến nội dung mà hiếm khi được thảo luận trong các bài giảng.",negative,cung_cap_tai_lieu
5302,"Tuyệt vời khóa học giải thích những nguyên tắc cơ bản của Tài chính dự án, tóm tắt các khái niệm chính và bao gồm một số ví dụ ngắn gọn.",positive,noi_chung
5302,"Tuyệt vời khóa học giải thích những nguyên tắc cơ bản của Tài chính dự án, tóm tắt các khái niệm chính và bao gồm một số ví dụ ngắn gọn.",positive,chuong_trinh_hoc
5303,"Có một số nội dung hay về sự sáng tạo trong khóa học này, mặc dù nó hầu như không đề cập đến giải quyết vấn đề.",positive,cung_cap_tai_lieu
5303,"Có một số nội dung hay về sự sáng tạo trong khóa học này, mặc dù nó hầu như không đề cập đến giải quyết vấn đề.",conflict,cung_cap_tai_lieu
5304,Các định dạng và sự điều chỉnh cá nhân trở nên dễ hiểu và được chấp nhận hơn.,positive,noi_chung
5305,Một số người thuyết trình cần cải thiện kỹ năng thuyết trình của mình (cá nhân tôi không gặp vấn đề gì về giọng).,negative,ky_nang_giang_day
5306,Giáo sư Noor giải thích rõ ràng đến mức ngay cả một đứa trẻ 5 tuổi cũng có thể học về DNA.,positive,kinh_nghiem
5307,Tôi nghĩ chương trình đã được trình bày một cách sáng tạo.,positive,chuong_trinh_hoc
5308,Tôi đã học được rất nhiều từ khóa học này và nhận ra những sai lầm của mình khi cố gắng học trong quá khứ.,positive,noi_chung
5309,"Với tôi, nó sẽ mang tính cá nhân hơn nếu như nó chỉ được quay bằng máy quay Tiến sĩ Fredericks.",positive,ky_nang_giang_day
5310,Tôi khuyên bạn nên có mức độ thoải mái nhất định với lập trình.,neutral,noi_chung
5311,Hiện tại tôi đang ở Tuần 2 của Khóa học và tôi phải nói rằng tôi thực sự thích Tuần 1!,positive,noi_chung
5312,Tôi đã lấy nó : ) Đề xuất .,positive,noi_chung
5313,khóa học rất tuyệt nhưng phải mất một thời gian khá lâu để có được điểm do đánh giá của bạn học.,positive,noi_chung
5313,khóa học rất tuyệt nhưng phải mất một thời gian khá lâu để có được điểm do đánh giá của bạn học.,negative,ham_diem
5314,Tôi sẽ cho nó 4/5 điểm sau khi mọi thứ được giải quyết xong.,neutral,noi_chung
5315,"Tôi nghĩ rằng tất cả thông tin đều tuyệt vời nhưng đôi khi khóa học lại rất nhạt nhẽo, đặc biệt là về mặt trình bày.",positive,noi_chung
5315,"Tôi nghĩ rằng tất cả thông tin đều tuyệt vời nhưng đôi khi khóa học lại rất nhạt nhẽo, đặc biệt là về mặt trình bày.",negative,chuong_trinh_hoc
5315,"Tôi nghĩ rằng tất cả thông tin đều tuyệt vời nhưng đôi khi khóa học lại rất nhạt nhẽo, đặc biệt là về mặt trình bày.",negative,ky_nang_giang_day
5316,"Ngoài ra, chủ đề đã được đề cập sâu sắc và đáng để suy nghĩ.",positive,ky_nang_giang_day
5316,"Ngoài ra, chủ đề đã được đề cập sâu sắc và đáng để suy nghĩ.",positive,ky_nang_giang_day
5317,Nó cung cấp cho bạn kiến thức cơ bản về những điều cần có để trở thành một diễn giả giỏi và bạn có thể áp dụng kiến thức này không chỉ trong các bài thuyết trình mà còn trong cuộc sống hàng ngày.,positive,noi_chung
5318,Tôi đã học được rất nhiều từ khóa học này !,positive,noi_chung
5319,Tôi sẽ tham dự các khóa học còn lại khóa học và có thể xây dựng một số tài liệu để có thể học toàn bộ khóa học 1 - 4 trong một tuần.,positive,noi_chung
5320,"Điểm duy nhất tôi muốn phê bình là bài tập lập trình không đủ khó để giải quyết, nhưng chắc chắn đây vẫn là khóa học 5 sao!",negative,bai_tap
5321,Tôi đánh giá cao cơ hội và sự sáng tạo của khóa học.,positive,noi_chung
5322,Lý do tôi đánh giá 2 sao là vì tôi cảm thấy bài kiểm tra quá khó một cách vô lý (hoặc có thể có lỗi).,negative,bai_tap
5322,Lý do tôi đánh giá 2 sao là vì tôi cảm thấy bài kiểm tra quá khó một cách vô lý (hoặc có thể có lỗi).,negative,chuong_trinh_hoc
5323,"Hơn nữa, phần bổ sung tài liệu (phỏng vấn) cũng khá thú vị.",positive,cung_cap_tai_lieu
5324,"Tôi thấy bài tập đôi khi khá khó hiểu (tôi đọc phần mô tả câu hỏi, nghĩ rằng mình phải trả lời nhiều bước cùng một lúc, nhưng rồi mới nhận ra rằng các nhiệm vụ sẽ được chia nhỏ chi tiết hơn sau).",negative,bai_tap
5325,Tuyệt vời khóa học trước hết.,positive,noi_chung
5326,Tôi nghĩ rằng những lời nhắc nhở và bài tóm tắt ngắn gọn về các chủ đề đã được đề cập sẽ rất hữu ích cho những người tham gia khóa học với tốc độ được khuyến nghị.,positive,noi_chung
5327,Tôi hy vọng rằng Robert Wright sẽ tiếp tục tạo ra những sản phẩm cho thế giới Coursera!,positive,ky_nang_giang_day
5328,Tôi cũng thích bản cuối cùng Tài liệu PDF.,positive,cung_cap_tai_lieu
5329,Lớp học kéo dài năm tuần về cơ chế sinh học của quá trình nhận thức lời nói và âm nhạc ở con người.,positive,noi_chung
5330,Cảm ơn vì 5 tuần rất thú vị và đáng giá!,positive,chuong_trinh_hoc
5330,Cảm ơn vì 5 tuần rất thú vị và đáng giá!,positive,noi_chung
5331,Thiết kế chương trình chức năng trong Scala là một trong những khóa học tốt nhất khóa học dành cho những ai muốn áp dụng phong cách lập trình chức năng vào thiết kế các ứng dụng lớn hơn bằng cách sử dụng các khái niệm lập trình chức năng.,positive,noi_chung
5332,Tôi sẽ xem lại một số mô-đun một lần nữa để ôn lại hoặc xem lại vì có quá nhiều thứ phải học.,positive,cung_cap_tai_lieu
5332,Tôi sẽ xem lại một số mô-đun một lần nữa để ôn lại hoặc xem lại vì có quá nhiều thứ phải học.,positive,cung_cap_tai_lieu
5333,Bạn có thể tưởng tượng được tác động đến xã hội của chúng ta như thế nào nếu ngày càng nhiều người nhận thức được về một Cuộc sống Hạnh phúc và Viên mãn không?,positive,noi_chung
5334,"Nói như vậy, tôi rất thích khóa học và đã học được rất nhiều điều.",positive,noi_chung
5335,slide rõ ràng.,positive,ky_nang_giang_day
5336,"Tuy nhiên, khi các mô hình trở nên phức tạp hơn, một số tài liệu  không thực sự được giải thích rõ ràng, đặc biệt là mô-đun cuối cùng về 'học sâu' là khá thừa.",negative,cung_cap_tai_lieu
5336,"Tuy nhiên, khi các mô hình trở nên phức tạp hơn, một số tài liệu  không thực sự được giải thích rõ ràng, đặc biệt là mô-đun cuối cùng về 'học sâu' là khá thừa.",negative,cung_cap_tai_lieu
5336,"Tuy nhiên, khi các mô hình trở nên phức tạp hơn, một số tài liệu  không thực sự được giải thích rõ ràng, đặc biệt là mô-đun cuối cùng về 'học sâu' là khá thừa.",negative,cung_cap_tai_lieu
5337,bài giảng thực hiện chính xác những gì bạn cần.,positive,ky_nang_giang_day
5338,"Do trong thế giới thực, hầu hết các mức giá có xu hướng được thể hiện dưới dạng mức giá thực tế nên sẽ rất tốt nếu vấn đề này được giải quyết rõ ràng.",positive,chuong_trinh_hoc
5339,Một lời giới thiệu tuyệt vời về chủ đề này dành cho các chuyên gia máy tính.,positive,de_xuat
5340,Thật tuyệt vời khóa học với sự hấp dẫn giáo viên!,positive,noi_chung
5340,Thật tuyệt vời khóa học với sự hấp dẫn giáo viên!,positive,ky_nang_giang_day
5341,Tôi thấy Tiến sĩ Senjowski hơi khó học hơn.,positive,ky_nang_giang_day
5342,Tôi thực sự hài lòng với khóa học.,positive,noi_chung
5343,Khóa học này có thể cung cấp cho tôi ngôn ngữ thứ ba,positive,noi_chung
5344,Rất khuyến khích!,positive,noi_chung
5345,"Việc này thật khó, nhưng chủ yếu là do tôi thiếu kiến thức cơ bản về thống kê.",negative,chuong_trinh_hoc
5346,Khóa học bài tập yêu cầu kiến thức không được thảo luận trong khóa học.,negative,bai_tap
5346,Khóa học bài tập yêu cầu kiến thức không được thảo luận trong khóa học.,negative,noi_chung
5347,Tôi thực sự vui vì đã dành thời gian cho việc này.,positive,noi_chung
5348,Anh ấy cũng làm tôi cười trong mọi video.,positive,ky_nang_giang_day
5349,Tôi sẽ đăng ký thêm các khóa học về Cổ sinh vật học,positive,noi_chung
5350,"Khóa học này khóa học đã mở mang tầm mắt cho tôi, tôi thực sự thích nó.",positive,chuong_trinh_hoc
5351,"Ôi trời, ước gì tôi có những giáo sư này để dạy chúng tôi ở trường đại học.",positive,ky_nang_giang_day
5352,Tôi rất thích khóa học này khóa học.,positive,noi_chung
5353,"Nhìn chung, lớp học có mức độ thử thách và thú vị vừa phải.",positive,ky_nang_giang_day
5354,Đáng kinh ngạc !,positive,noi_chung
5355,Sự thay đổi duy nhất tôi có thể đề xuất là cân bằng khối lượng công việc tốt hơn giữa ba tuần.,positive,chuong_trinh_hoc
5356,Có vẻ như không ai theo dõi diễn đàn.,negative,hanh_vi
5357,Tôi đặc biệt thích cách mà mối quan hệ giữa khoa học thần kinh và những lời khuyên thực tế về cách học được liên tục nêu bật.,positive,noi_chung
5358,Mọi thứ đều được giải thích rõ ràng.,positive,chuong_trinh_hoc
5359,Giới thiệu hay và cần thiết về Python.,positive,de_xuat
5360,"Phân tích tuyệt vời, trình bày rõ ràng và dễ hiểu về một chủ đề phức tạp.",positive,ky_nang_giang_day
5360,"Phân tích tuyệt vời, trình bày rõ ràng và dễ hiểu về một chủ đề phức tạp.",positive,ky_nang_giang_day
5360,"Phân tích tuyệt vời, trình bày rõ ràng và dễ hiểu về một chủ đề phức tạp.",positive,ky_nang_giang_day
5361,Tôi đã học nhiều lớp ở đây và tôi phải nói rằng đây là một trong những lớp tốt nhất.,positive,noi_chung
5362,Ngắn gọn và nhiều thông tin.,positive,chuong_trinh_hoc
5363,Tôi vẫn làm những điều này bài tập và cố gắng nhận ra các giải pháp thiết kế tốt và xấu trong mọi thứ xung quanh tôi.,positive,bai_tap
5364,"Cảm giác như đang kiếm tiền hơn là dạy bất cứ điều gì hữu ích, khi thiết kế nhân vật cho trò chơi điện tử cũng quan trọng là kỹ năng bạn có hoặc đạt được khi làm việc đó và điều này không nhấn mạnh vào nó.",negative,chuong_trinh_hoc
5364,"Cảm giác như đang kiếm tiền hơn là dạy bất cứ điều gì hữu ích, khi thiết kế nhân vật cho trò chơi điện tử cũng quan trọng là kỹ năng bạn có hoặc đạt được khi làm việc đó và điều này không nhấn mạnh vào nó.",negative,chuong_trinh_hoc
5365,Tôi rất vui khi có cơ hội được học công nghệ tiên tiến và hoàn thành một số ví dụ để ứng dụng.,positive,noi_chung
5366,"Tôi đã đăng ký khóa học để tìm hiểu các phương pháp mới và hiệu quả nhằm tiếp thu và áp dụng thông tin nhanh hơn vào công việc chuyên môn của mình, đồng thời cân bằng nhu cầu điều hành một công ty khởi nghiệp vào buổi tối.",positive,noi_chung
5366,"Tôi đã đăng ký khóa học để tìm hiểu các phương pháp mới và hiệu quả nhằm tiếp thu và áp dụng thông tin nhanh hơn vào công việc chuyên môn của mình, đồng thời cân bằng nhu cầu điều hành một công ty khởi nghiệp vào buổi tối.",positive,chuong_trinh_hoc
5367,bài kiểm tra hoàn toàn không liên quan đến bài giảng và về cơ bản chỉ yêu cầu tìm và đọc đúng trang wikipedia.,negative,bai_tap
5368,Tuyệt vời khóa học ! ! !,positive,noi_chung
5369,Đây là một khóa học tuyệt vời .,positive,noi_chung
5370,"Tôi thực sự khuyên bạn nên tham gia khóa học này cho bất kỳ ai muốn ôn lại kiến thức về ""Sức bền vật liệu"".",positive,noi_chung
5371,Thật là những công cụ tuyệt vời mà tôi đã có được từ nó.,positive,noi_chung
5372,Tuyệt vời lắm!,positive,noi_chung
5373,Khóa học có vẻ khá dễ dàng.,positive,noi_chung
5374,"Nhìn chung tài liệu rất hay, tôi vẫn kiên trì theo đuổi ngay cả khi tôi muốn bỏ cuộc và giờ đây tôi cảm thấy hiểu biết về bài học đã học.",positive,cung_cap_tai_lieu
5374,"Nhìn chung tài liệu rất hay, tôi vẫn kiên trì theo đuổi ngay cả khi tôi muốn bỏ cuộc và giờ đây tôi cảm thấy hiểu biết về bài học đã học.",positive,noi_chung
5375,Một thay đổi nữa là tạo diễn đàn theo cùng định dạng như khóa học 1 - 3 vì đây là cách hiệu quả hơn nhiều để xem xét các vấn đề.,neutral,hanh_vi
5376,Đây là lớp Thống kê nâng cao lớp.,positive,noi_chung
5377,"Một số ký hiệu toán học cũng không chính xác, ví dụ ""<"" khi giáo sư nói ""nhỏ hơn hoặc bằng"".",negative,ky_nang_giang_day
5378,Tôi đặc biệt khuyên dùng nó cho người mới bắt đầu.,positive,noi_chung
5379,"Tôi mong muốn trong tương lai gần, Coursera và cụ thể hơn là Đại học Michigan sẽ cung cấp chương trình Toán học bằng Python, tức là numpy, pandas, v.v. và thực hiện phân tích dữ liệu bằng Python! ! !",positive,noi_chung
5380,Khóa học này Đây là khóa học bắt buộc đối với bất kỳ ai muốn học khoa học máy tính!,positive,noi_chung
5381,"Nếu bạn có một số kiến thức nền về lập trình ở một ngôn ngữ khác và quen thuộc với HTML/CSS, thì khóa học này  sẽ giới thiệu rất tuyệt vời về cả Ruby và Rails.",positive,de_xuat
5382,"Quan trọng hơn: Khóa học này  chủ yếu tập trung vào học thuật nhưng cũng liên kết kiến thức với việc học hàng ngày (các kỹ năng như nấu những món ăn ngon, học một môn thể thao hoặc bất kỳ kỹ năng nào khác thực sự)",positive,noi_chung
5383,Tuyệt vời Khóa học ! .,positive,noi_chung
5384,"Ngoài ra, nhiều câu hỏi trong bài kiểm tra  không rõ ràng và không tuân theo các thông lệ tốt nhất trong làm bài kiểm tra.",negative,bai_tap
5384,"Ngoài ra, nhiều câu hỏi trong bài kiểm tra  không rõ ràng và không tuân theo các thông lệ tốt nhất trong làm bài kiểm tra.",negative,bai_tap
5385,Tôi đã hoàn thành khoảng 6 khóa học cho đến nay và mặc dù tôi thấy tất cả chúng đều rất bổ ích nhưng đây là khóa học đầu tiên khiến tôi cảm thấy tiếc nuối khi thấy kết thúc.,neutral,chuong_trinh_hoc
5386,"Tôi thực sự mong muốn có nhiều tương tác hơn với người hướng dẫn, nhưng nhìn chung đây là một khóa học tuyệt vời và tôi rất thích nó.",negative,hanh_vi
5386,"Tôi thực sự mong muốn có nhiều tương tác hơn với người hướng dẫn, nhưng nhìn chung đây là một khóa học tuyệt vời và tôi rất thích nó.",positive,chuong_trinh_hoc
5386,"Tôi thực sự mong muốn có nhiều tương tác hơn với người hướng dẫn, nhưng nhìn chung đây là một khóa học tuyệt vời và tôi rất thích nó.",positive,noi_chung
5387,"Tuy nhiên, đây không phải là lý do tôi đánh giá khóa học 4/5.",negative,chuong_trinh_hoc
5388,Một khóa học tuyệt vời khóa học thực sự mang đến cho bạn thử thách.,positive,noi_chung
5388,Một khóa học tuyệt vời khóa học thực sự mang đến cho bạn thử thách.,positive,chuong_trinh_hoc
5389,Video của cô ấy được giải thích rất lưu loát.,positive,cung_cap_tai_lieu
5389,Video của cô ấy được giải thích rất lưu loát.,positive,ky_nang_giang_day
5390,Cả hai người hướng dẫn đều tuyệt vời.,positive,ky_nang_giang_day
5391,Nhưng nếu bạn quan tâm đến khoa học thần kinh và muốn tìm hiểu những điều cơ bản về cách bộ não con người hoạt động (theo kiến thức hiện tại của chúng ta) thì tôi khuyên bạn nên nỗ lực và theo học khóa học  ngay cả khi bạn không có nền tảng vững chắc về khoa học sự sống hoặc y học.,positive,noi_chung
5392,Đây là nơi tốt nhất để bắt đầu cho người mới bắt đầu vì nó không chỉ đề cập đến các khía cạnh kỹ thuật của bảo mật mà còn nói về mô hình hóa các mối đe dọa và xác định đối thủ cũng như khả năng của chúng.,positive,noi_chung
5393,Có lẽ các phần dành cho việc chuẩn bị và học tập kiểm tra nên ngắn hơn.,neutral,bai_tap
5394,Kiến thức của bạn sẽ tăng theo cấp số nhân với mỗi phút bạn dành để học.,positive,noi_chung
5395,Nó tuyệt vời tài liệu cho các bài luận thi tuyển sinh y khoa của tôi và nhìn chung khiến bạn trở thành một con người thú vị hơn khi ở bên.,positive,cung_cap_tai_lieu
5396,Dự án cuối cùng rất toàn diện và được xây dựng dựa trên công trình trước đó.,positive,bai_tap
5397,Tôi hy vọng sẽ thấy giảng viên trình bày chi tiết hơn về thuật toán trong một vài khóa học chuyên ngành tiếp theo.,neutral,ky_nang_giang_day
5398,Khóa học hữu ích nhất  mà tôi từng tham gia!,positive,noi_chung
5399,"Tuy nhiên, tôi thấy nó khá ngắn gọn và không có nhiều tương tác diễn ra trong diễn đàn.",neutral,hanh_vi
5400,Tôi thích nó .,positive,noi_chung
5401,Khóa học này  đủ đơn giản để bạn hiểu được sự phức tạp của quá trình phát triển trò chơi nhưng điều đó không có nghĩa là nó không có thử thách.,positive,chuong_trinh_hoc
5402,khóa học giúp tin vào sức mạnh bên trong và sự sáng tạo.,positive,noi_chung
5403,"Nó cung cấp cho tôi nguồn tài nguyên phong phú bao gồm sách điện tử, ghi chú của giáo viên về bài giảng và ghi chú của học viên cũ về khóa học.",positive,cung_cap_tai_lieu
5404,Oakley một giáo viên rất tốt,positive,ky_nang_giang_day
5405,Nó không miễn phí.,negative,noi_chung
5406,Xin chúc mừng Giáo sư Odeh!,positive,ky_nang_giang_day
5407,"Tôi vẫn muốn giới thiệu khóa học này , nhưng bạn chắc chắn nên ghi lại từng bài học một lần nữa mà không có lỗi và sửa những lỗi đó.",positive,de_xuat
5408,"Dễ hiểu, cấu trúc tốt - Jim giải thích cặn kẽ và rõ ràng những tài liệu khá phức tạp.",positive,chuong_trinh_hoc
5408,"Dễ hiểu, cấu trúc tốt - Jim giải thích cặn kẽ và rõ ràng những tài liệu khá phức tạp.",positive,chuong_trinh_hoc
5408,"Dễ hiểu, cấu trúc tốt - Jim giải thích cặn kẽ và rõ ràng những tài liệu khá phức tạp.",positive,ky_nang_giang_day
5408,"Dễ hiểu, cấu trúc tốt - Jim giải thích cặn kẽ và rõ ràng những tài liệu khá phức tạp.",positive,ky_nang_giang_day
5409,"Nhìn chung, tôi khá thích khóa học .",positive,noi_chung
5410,"Tuyệt vời loạt khóa học buộc tôi phải thực hiện một số bước (tài liệu thiết kế) mà tôi thường bỏ qua, và khi làm như vậy, tôi nhận ra giá trị thực sự của chúng.",positive,noi_chung
5411,"Một tiêu đề hay hơn cho khóa học sẽ là ""tại sao lại không có linh hồn"".",negative,noi_chung
5412,Những ý tưởng này có thể được sử dụng với cả công ty lớn và nhỏ.,positive,noi_chung
5413,"Trên thực tế, tôi đã học được nhiều hơn những gì tôi mong đợi từ khóa học trực tuyến thông qua video bài giảng và phương pháp thực hành thực tế.",positive,chuong_trinh_hoc
5414,Tôi đã học được rất nhiều và tôi đã làm điều đó một cách rất thú vị.,positive,chuong_trinh_hoc
5415,"Barb thực hành những gì cô ấy dạy, rất đam mê môn học này và là nguồn cảm hứng thực sự.",positive,ky_nang_giang_day
5415,"Barb thực hành những gì cô ấy dạy, rất đam mê môn học này và là nguồn cảm hứng thực sự.",positive,ky_nang_giang_day
5415,"Barb thực hành những gì cô ấy dạy, rất đam mê môn học này và là nguồn cảm hứng thực sự.",positive,ky_nang_giang_day
5416,Tôi nghĩ cô ấy là một giáo viên tốt  nhưng không dạy những bước cơ bản để nói và học tiếng Trung.,negative,ky_nang_giang_day
5417,"Tôi rất thích phần từ điển và phần tệp. Tôi đoán là các bộ dữ liệu rất dễ, nhưng lại là yếu tố yếu thế, chúng có thể thay đổi cuộc chơi trong các bài học tiếp theo.",positive,ky_nang_giang_day
5418,Các bài hướng dẫn và bài tập là những hướng dẫn nhanh có thể hoàn thành trong 10 - 15 phút mỗi bài.,positive,bai_tap
5419,Mặc dù khóa học tài liệu rất tốt nhưng tôi tin rằng Xử lý hình ảnh là khóa học mà chỉ lý thuyết thôi là không đủ.,positive,cung_cap_tai_lieu
5419,Mặc dù khóa học tài liệu rất tốt nhưng tôi tin rằng Xử lý hình ảnh là khóa học mà chỉ lý thuyết thôi là không đủ.,negative,cung_cap_tai_lieu
5420,Valerie đã thành công trong việc khám phá và truyền đạt một kỹ năng rất quan trọng cho mọi người trong thời đại đầy thách thức và thay đổi này.,positive,ky_nang_giang_day
5421,Xuất sắc giáo sư.,positive,ky_nang_giang_day
5422,Tôi khuyên bạn nên tham gia khóa Thiết kế bài học.,positive,noi_chung
5423,"giáo viên rất hấp dẫn, giải thích dễ hiểu và rất thân thiện giáo sư hướng dẫn bạn hiệu quả như thể bạn không học lớp học trực tuyến này.",positive,ky_nang_giang_day
5423,"giáo viên rất hấp dẫn, giải thích dễ hiểu và rất thân thiện giáo sư hướng dẫn bạn hiệu quả như thể bạn không học lớp học trực tuyến này.",positive,ky_nang_giang_day
5423,"giáo viên rất hấp dẫn, giải thích dễ hiểu và rất thân thiện giáo sư hướng dẫn bạn hiệu quả như thể bạn không học lớp học trực tuyến này.",positive,ky_nang_giang_day
5424,Anh ấy cần chương trình truyền hình riêng của mình! Nó đã thành công! Thông tin đã thành công.,negative,ky_nang_giang_day
5425,"Tôi thích bài giảng ngắn, mẹo và thủ thuật cũng như thông tin về cách bộ não chúng ta hoạt động!",negative,ky_nang_giang_day
5426,giáo viên của chúng tôi có cách phát âm tiếng Anh dễ hiểu; cô ấy rất chuyên nghiệp và có vẻ thích chủ đề này.,positive,ky_nang_giang_day
5426,giáo viên của chúng tôi có cách phát âm tiếng Anh dễ hiểu; cô ấy rất chuyên nghiệp và có vẻ thích chủ đề này.,positive,ky_nang_giang_day
5426,giáo viên của chúng tôi có cách phát âm tiếng Anh dễ hiểu; cô ấy rất chuyên nghiệp và có vẻ thích chủ đề này.,positive,ky_nang_giang_day
5427,- - - - - - - - - quá nhiều thời gian dành cho việc giới thiệu các định nghĩa và quá ít thời gian dành cho học sinh thực hành và ôn tập. Giọng của người thuyết trình liên tục cản trở việc nhận ra ngay lập tức những gì anh ta đang nói. Phụ đề đôi khi không thể hiện chính xác những gì anh ta đang nói. Đôi khi có lỗi chính tả - khiến việc hiểu anh ta đang nói càng khó khăn hơn. Học sinh này bị ngập trong các công thức cần phải thực hành - và tôi thậm chí không có thời gian để viết chúng ra!,negative,de_xuat
5427,- - - - - - - - - quá nhiều thời gian dành cho việc giới thiệu các định nghĩa và quá ít thời gian dành cho học sinh thực hành và ôn tập. Giọng của người thuyết trình liên tục cản trở việc nhận ra ngay lập tức những gì anh ta đang nói. Phụ đề đôi khi không thể hiện chính xác những gì anh ta đang nói. Đôi khi có lỗi chính tả - khiến việc hiểu anh ta đang nói càng khó khăn hơn. Học sinh này bị ngập trong các công thức cần phải thực hành - và tôi thậm chí không có thời gian để viết chúng ra!,negative,ky_nang_giang_day
5427,- - - - - - - - - quá nhiều thời gian dành cho việc giới thiệu các định nghĩa và quá ít thời gian dành cho học sinh thực hành và ôn tập. Giọng của người thuyết trình liên tục cản trở việc nhận ra ngay lập tức những gì anh ta đang nói. Phụ đề đôi khi không thể hiện chính xác những gì anh ta đang nói. Đôi khi có lỗi chính tả - khiến việc hiểu anh ta đang nói càng khó khăn hơn. Học sinh này bị ngập trong các công thức cần phải thực hành - và tôi thậm chí không có thời gian để viết chúng ra!,negative,ky_nang_giang_day
5428,Tôi thích thú khi có cái nhìn mới về loài chó.,positive,noi_chung
5429,"Tôi là một giảng viên đại học giảng viên về Thống kê, đã tốt nghiệp chương trình Tiến sĩ - ngay cả với nền tảng đó, tôi vẫn không thể theo kịp giảng viên.",negative,ky_nang_giang_day
5430,Sẽ hữu ích hơn nếu có một cuộc thảo luận về cách xử lý các tính năng phân loại.,positive,noi_chung
5431,"Alvarez, Newell và Adamson đã thể hiện sự nắm bắt rất tốt các chủ đề được thảo luận, thậm chí có một vài cuộc trò chuyện hài hước và thú vị trong suốt bài giảng.",positive,ky_nang_giang_day
5431,"Alvarez, Newell và Adamson đã thể hiện sự nắm bắt rất tốt các chủ đề được thảo luận, thậm chí có một vài cuộc trò chuyện hài hước và thú vị trong suốt bài giảng.",positive,ky_nang_giang_day
5432,Thật tuyệt vời khóa học!,positive,noi_chung
5433,Một số video là những khái niệm rất cơ bản về cách lãnh đạo một nhóm (ví dụ:,negative,ky_nang_giang_day
5434,"Tôi muốn lớp học này đi sâu hơn vào các vấn đề khoa học và nghiên cứu thực tế liên quan (các nghiên cứu mà Tiến sĩ Fredrickson đề cập đến phần lớn chỉ được đề cập một cách ngắn gọn) và dành ít thời gian hơn để lắng nghe sinh viên tại chỗ thảo luận về ý kiến cá nhân của họ (mặc dù tôi đánh giá cao hiểu biết sâu sắc của họ, nhưng tôi muốn tìm hiểu thêm thông tin thực tế).",positive,ky_nang_giang_day
5435,"Không đáng giá tiền, nhưng hãy thử nếu bạn muốn hoàn thành toàn bộ chuyên môn",negative,chuong_trinh_hoc
5436,Rất phù hợp cho người mới bắt đầu học lập trình.,positive,noi_chung
5437,Tuyệt vời khóa học!,positive,noi_chung
5438,Nhưng tôi không chắc là nó có quá dễ hay không.,neutral,chuong_trinh_hoc
5439,"Khóa học này có thông tin tuyệt vời trong các bài giảng, nhưng rất khó để chọn ra những thông tin nào có liên quan trong các bài kiểm tra bài giảng video, bạn sẽ phải làm lại các bài kiểm tra nhiều lần, bất kể bạn có ghi chép tốt đến đâu.",positive,noi_chung
5439,"Khóa học này có thông tin tuyệt vời trong các bài giảng, nhưng rất khó để chọn ra những thông tin nào có liên quan trong các bài kiểm tra bài giảng video, bạn sẽ phải làm lại các bài kiểm tra nhiều lần, bất kể bạn có ghi chép tốt đến đâu.",negative,ky_nang_giang_day
5439,"Khóa học này có thông tin tuyệt vời trong các bài giảng, nhưng rất khó để chọn ra những thông tin nào có liên quan trong các bài kiểm tra bài giảng video, bạn sẽ phải làm lại các bài kiểm tra nhiều lần, bất kể bạn có ghi chép tốt đến đâu.",negative,bai_tap
5440,"Khi tôi đi đánh giá ngang hàng cho những người khác về cùng một bài tập bài tập, tôi thấy có bài tập bài tập quá hạn 6 tháng từ các khóa học trước?!",negative,bai_tap
5441,Nội dung đáng kinh ngạc được hiển thị.,positive,noi_chung
5442,"Nếu đây thực sự là ""những khái niệm cốt lõi"", như những người cố vấn mô tả, người ta sẽ nghĩ rằng giáo viên sẽ dành thời gian cho những khái niệm đó trong video thay vì dành cho những trường hợp sử dụng khó hiểu hơn (chính xác là những thứ mà chúng ta nên tìm kiếm ở các nguồn khác).",negative,kinh_nghiem
5443,Mở rộng tầm mắt!,positive,noi_chung
5444,Các hình ảnh minh họa hoạt hình khiến bài giảng trở nên cực kỳ thú vị và dễ hiểu hơn rất nhiều.,positive,ky_nang_giang_day
5445,Các video và lời giải thích rất kém.,negative,cung_cap_tai_lieu
5446,Tôi có thể thấy sự cải thiện từ tuần đầu tiên đến tuần cuối cùng.,positive,chuong_trinh_hoc
5447,"Mô-đun Khóa học tuyệt vời, tôi đã học được rất nhiều khái niệm về phân loại bằng cách sử dụng Cây quyết định, Hàm logistic, Boosting, Ensemble và cách giải quyết vấn đề.",positive,chuong_trinh_hoc
5447,"Mô-đun Khóa học tuyệt vời, tôi đã học được rất nhiều khái niệm về phân loại bằng cách sử dụng Cây quyết định, Hàm logistic, Boosting, Ensemble và cách giải quyết vấn đề.",positive,noi_chung
5448,Lớp Bò sát biển cổ đại đã trình bày thông tin này tốt hơn nhiều mặc dù nó có liệt kê một số thông tin.,neutral,ky_nang_giang_day
5449,Tôi thấy khóa học được giảng dạy rất tốt.,positive,chuong_trinh_hoc
5450,Hầu hết tài liệu không yêu cầu tham khảo nhiều tài liệu của Apple để hoàn thành bài tập.,positive,cung_cap_tai_lieu
5450,Hầu hết tài liệu không yêu cầu tham khảo nhiều tài liệu của Apple để hoàn thành bài tập.,positive,bai_tap
5451,Học sâu về Python.,positive,noi_chung
5452,Tôi thích học Octave và làm bài tập về nhà hàng tuần; bài tập cho tôi thấy cách thực hiện các nhiệm vụ đơn giản mà dường như không thể đối với người bình thường.,positive,chuong_trinh_hoc
5452,Tôi thích học Octave và làm bài tập về nhà hàng tuần; bài tập cho tôi thấy cách thực hiện các nhiệm vụ đơn giản mà dường như không thể đối với người bình thường.,positive,noi_chung
5453,"Dễ hiểu, dễ nhớ và dễ thực hành.",positive,ky_nang_giang_day
5454,Không ngang bằng với dự án quản lý của Đại học Virginia khóa học.,negative,noi_chung
5455,Tôi không liên quan gì đến lập trình trong suốt cuộc đời mình - đây bài giảng là bước đầu tiên của tôi và nó thực sự khiến tôi yêu thích : ) !,positive,ky_nang_giang_day
5456,Các hướng dẫn sử dụng Flash rất hữu ích.,positive,noi_chung
5457,Cảm ơn bạn đã mang đến cho chúng tôi một chương trình tuyệt vời và những công cụ hữu ích dành cho các nhà quản lý!,positive,noi_chung
5458,Tôi cảm thấy bài kiểm tra có thể khó hơn một chút.,neutral,bai_tap
5459,Rất nhiều thông tin bạn có thể tiếp tục tự mình phát triển.,positive,noi_chung
5460,"Tuy nhiên, các tập hợp vấn đề trong thử thách lập trình này thường không được xác định rõ ràng, khiến chúng thực sự khó giải quyết (đặc biệt là vấn đề về tập dữ liệu).",negative,bai_tap
5461,Các bài kiểm tra  nói riêng rất khó.,negative,bai_tap
5462,Xuất sắc .,positive,noi_chung
5463,"Nghiên cứu điển hình tuyệt vời, nhưng cách thu hút khán giả có thể tốt hơn nhiều.",positive,noi_chung
5463,"Nghiên cứu điển hình tuyệt vời, nhưng cách thu hút khán giả có thể tốt hơn nhiều.",negative,noi_chung
5464,Đây thực sự là một trải nghiệm mở mang tầm mắt về cách thức kinh doanh và cách mọi thứ trở nên đơn giản trong mô-đun chỉ bằng cách áp dụng phương pháp tiếp cận có hệ thống đối với rủi ro và giảm thiểu rủi ro trong khi phát triển doanh nghiệp.,positive,chuong_trinh_hoc
5465,"Tiến sĩ McGarrity với khiếu hài hước tuyệt vời sẽ hỗ trợ bạn vượt qua nỗi sợ hãi, đứng trước ống kính và có bài phát biểu tự tin.",positive,ky_nang_giang_day
5466,"Các khái niệm mới không được giải thích kỹ lưỡng, các slide lộn xộn và thậm chí còn thiếu video bài giảng ở một chỗ (phải tìm liên kết đến video đó trên youtube)!",negative,ky_nang_giang_day
5467,"Thật đáng kinh ngạc, dễ hiểu bài học.",positive,noi_chung
5467,"Thật đáng kinh ngạc, dễ hiểu bài học.",positive,chuong_trinh_hoc
5468,Tôi đã đọc Giáo sư Kandori và ông là một trong những nhà nghiên cứu hàng đầu trong lĩnh vực này.,positive,ky_nang_giang_day
5469,"Trong buổi học có nhiều trường hợp thực tế được thảo luận để hiểu bài tốt hơn, tuy nhiên vẫn còn nhiều nghi vấn về lý thuyết.",positive,chuong_trinh_hoc
5469,"Trong buổi học có nhiều trường hợp thực tế được thảo luận để hiểu bài tốt hơn, tuy nhiên vẫn còn nhiều nghi vấn về lý thuyết.",negative,ky_nang_giang_day
5470,Cảm ơn rất nhiều vì trải nghiệm học tập thú vị này.,positive,noi_chung
5471,Tuyệt vời giáo sư.,positive,ky_nang_giang_day
5472,Rất nhiều tài liệu hữu ích .,positive,cung_cap_tai_lieu
5473,"Rất nhiều tài liệu bổ sung để thực hành và Tiến sĩ Chuck giúp bài học trở nên thú vị và vui nhộn, mà không quá lố.",positive,cung_cap_tai_lieu
5473,"Rất nhiều tài liệu bổ sung để thực hành và Tiến sĩ Chuck giúp bài học trở nên thú vị và vui nhộn, mà không quá lố.",positive,ky_nang_giang_day
5474,"Nếu bạn kiểm tra các trang web hỏi đáp trên Internet, bạn có thể thấy rằng đây là khóa học khởi đầu được khuyến nghị nhiều nhất khóa học cho các ngành khoa học và kỹ thuật liên quan.",positive,noi_chung
5475,"Mặc dù tôi thích chủ đề này, tôi sẽ không tham gia thêm lớp học nào nữa giảng viên.",negative,ky_nang_giang_day
5476,Barbara và Terrence là những người hướng dẫn tuyệt vời.,positive,ky_nang_giang_day
5476,Barbara và Terrence là những người hướng dẫn tuyệt vời.,positive,ky_nang_giang_day
5477,Mặc dù thực sự rất khó để hiểu bạn nên làm gì trong từng phần bài tập.,negative,bai_tap
5478,Một trong những khóa học thú vị và hấp dẫn nhất khóa học mà tôi từng tham gia.,positive,noi_chung
5479,"Cuối cùng, câu hỏi trắc nghiệm cho tuần thứ ba từ cuối cùng có phần khó hiểu và không khớp với những gì người hướng dẫn thực sự nói.",negative,bai_tap
5479,"Cuối cùng, câu hỏi trắc nghiệm cho tuần thứ ba từ cuối cùng có phần khó hiểu và không khớp với những gì người hướng dẫn thực sự nói.",negative,bai_tap
5480,"Tôi học khóa học này khóa học với sự quan tâm đặc biệt đến khía cạnh âm nhạc, cụ thể là nhạc blues, của khóa học.",positive,noi_chung
5480,"Tôi học khóa học này khóa học với sự quan tâm đặc biệt đến khía cạnh âm nhạc, cụ thể là nhạc blues, của khóa học.",positive,noi_chung
5481,Mỗi bài học của khóa học đều có mô tả ngắn gọn và phù hợp.,positive,chuong_trinh_hoc
5482,khóa học thực sự mất tập trung và thật không may là hiện tại tôi bị kẹt ở đây và không thể tiếp tục toàn bộ chuyên môn.,negative,chuong_trinh_hoc
5483,Cũng xin cảm ơn nhân viên và trợ lý phòng thí nghiệm đã giúp tạo ra một chương trình được thiết kế tốt như vậy.,positive,ky_nang_giang_day
5483,Cũng xin cảm ơn nhân viên và trợ lý phòng thí nghiệm đã giúp tạo ra một chương trình được thiết kế tốt như vậy.,positive,ky_nang_giang_day
5484,. là khóa học tuyệt vời nhất trong cuộc đời tôi ! ! !,positive,noi_chung
5485,Tôi thấy nó tuyệt vời và hữu ích.,positive,noi_chung
5486,"Trong phần kết luận, Iyengar nêu rằng không có sách giáo khoa nào cho lĩnh vực này vì nó ""mới"", nhưng tìm kiếm trên Amazon cho thấy có một số sách đã tồn tại và nhiều nghiên cứu được tham khảo trong khóa học này đã có từ nhiều năm trước, thậm chí trong một số trường hợp là hơn một thập kỷ.",negative,ky_nang_giang_day
5487,"Theo một nghĩa nào đó, khóa học này đã thay đổi cách học của tôi.",positive,noi_chung
5488,"Tôi cũng thấy vô lý khi mỗi lần giáo sư giới thiệu một khái niệm đại số tuyến tính rất cơ bản, ông ấy lại nói một cách có phần bảo trợ rằng ""điều này dành cho các chuyên gia về đại số tuyến tính"".",positive,ky_nang_giang_day
5489,Lớp học tuyệt vời!,positive,noi_chung
5490,"Cảm ơn Tiến sĩ Chuck, cách giảng dạy và sự quan tâm của bạn trong việc hòa nhập sinh viên từ khắp nơi trên thế giới thực sự rất đáng trân trọng.",positive,ky_nang_giang_day
5490,"Cảm ơn Tiến sĩ Chuck, cách giảng dạy và sự quan tâm của bạn trong việc hòa nhập sinh viên từ khắp nơi trên thế giới thực sự rất đáng trân trọng.",positive,ky_nang_giang_day
5491,Sẽ tốt hơn nếu có ai đó giải thích bằng video.,negative,ky_nang_giang_day
5492,2- Sử dụng những ví dụ rất mơ hồ.,negative,cung_cap_tai_lieu
5493,Tuy nhiên tôi hơi ngạc nhiên khi không nhận được chứng chỉ nào cho việc đó.,negative,chuong_trinh_hoc
5494,Đặc biệt là phần chính trị ở tuần thứ 8.,neutral,noi_chung
5495,"Những lời khẳng định thường không có căn cứ thực tế (""việc tạo mẫu gia tăng sẽ tạo ra một phần mềm mạnh mẽ và giàu tính năng"").",negative,noi_chung
5496,"Trừ khi bạn sẵn sàng chịu đựng nhiều giờ đau đầu vì trình phân tích cú pháp của họ không chấp nhận mã được viết hoàn hảo, nếu không thì đừng làm điều này khóa học.",negative,noi_chung
5497,Khóa học này khóa học rõ ràng có mục đích.,negative,chuong_trinh_hoc
5498,"Có chút khó khăn, đặc biệt là có nhiều phần RBM / DBN / DBM.",negative,chuong_trinh_hoc
5499,"Tôi không mong đợi nhiều khi đăng ký khóa học cách đây vài tuần nhưng càng học và xem các bài học, tôi càng ngạc nhiên với rất nhiều mẹo và tài nguyên tuyệt vời để hiểu và trở thành người học tốt hơn.",positive,cung_cap_tai_lieu
5500,Tôi thực sự muốn giới thiệu lớp học này tới bất kỳ ai muốn hiểu rõ về Học máy.,positive,de_xuat
5501,Những câu hỏi chưa được giải đáp trong diễn đàn thảo luận cần được chuyển lên cấp cao hơn.,negative,hanh_vi
5502,Mọi thứ đều tuyệt vời khóa học.,positive,noi_chung
5503,Thật bổ ích khi được tham gia khóa học cơ bản này .,positive,noi_chung
5504,Tôi đã sử dụng Python để thực hiện tất cả các bài tập  nhưng tôi không bận tâm nộp bài trả lời để được tính điểm cho khóa học vì tôi sẽ phải triển khai lại trong Octave.,negative,bai_tap
5505,"Serance là một sự phát triển tuyệt vời của nền tảng lập trình (hai khóa học đầu tiên) sẽ giúp ích cho bạn trong suốt quãng đời còn lại, cũng như khóa học sẽ giúp bạn hiểu được những điều tuyệt vời mà Python có thể mang lại cho bạn.",positive,noi_chung
5506,người hướng dẫn là một VỊ THẦN.,positive,ky_nang_giang_day
5507,Thật khó để có được những điểm chính từ tài liệu và những gì người hướng dẫn muốn nói với tôi.,negative,cung_cap_tai_lieu
5507,Thật khó để có được những điểm chính từ tài liệu và những gì người hướng dẫn muốn nói với tôi.,negative,ky_nang_giang_day
5508,Tuyệt vời khóa học.,positive,noi_chung
5509,Tôi ước mình có khóa học này khóa học khi tôi bắt đầu học đại học; nó nên là khóa học bắt buộc tài liệu cho người học và sinh viên ở mọi nơi.,positive,noi_chung
5509,Tôi ước mình có khóa học này khóa học khi tôi bắt đầu học đại học; nó nên là khóa học bắt buộc tài liệu cho người học và sinh viên ở mọi nơi.,positive,cung_cap_tai_lieu
5510,Tôi thực sự mong muốn hoàn thành phần còn lại khóa học.,positive,noi_chung
5511,Một khóa học tuyệt vời khóa học thực sự giúp tôi học được rất nhiều về cách chúng ta học và cách tôi có thể nâng cao khả năng học tập của mình.,positive,noi_chung
5511,Một khóa học tuyệt vời khóa học thực sự giúp tôi học được rất nhiều về cách chúng ta học và cách tôi có thể nâng cao khả năng học tập của mình.,positive,chuong_trinh_hoc
5512,Tôi ước gì mình có thể trực tiếp tham dự một số lớp học của ông.,positive,ky_nang_giang_day
5513,Khóa học này rất toàn diện và giảng viên rất tuyệt vời!,positive,noi_chung
5513,Khóa học này rất toàn diện và giảng viên rất tuyệt vời!,positive,ky_nang_giang_day
5514,Tôi thực sự đánh giá cao sự nhiệt tình của Tiến sĩ Len đối với môn học của mình và sự hỗ trợ tuyệt vời của các trợ lý giảng dạy.,positive,ky_nang_giang_day
5514,Tôi thực sự đánh giá cao sự nhiệt tình của Tiến sĩ Len đối với môn học của mình và sự hỗ trợ tuyệt vời của các trợ lý giảng dạy.,positive,ky_nang_giang_day
5515,bài giảng và bài tập thật tuyệt vời.,positive,ky_nang_giang_day
5515,bài giảng và bài tập thật tuyệt vời.,positive,bai_tap
5516,Mọi thứ đều được giải thích một cách đơn giản nhưng rất chi tiết.,positive,ky_nang_giang_day
5517,"Ni Hao, tôi thích khóa học, nội dung khóa học hay mặc dù tuần đầu tiên bao gồm các thanh điệu khá khó vì khó ghi nhớ các thanh điệu giống nhau.",positive,noi_chung
5517,"Ni Hao, tôi thích khóa học, nội dung khóa học hay mặc dù tuần đầu tiên bao gồm các thanh điệu khá khó vì khó ghi nhớ các thanh điệu giống nhau.",negative,chuong_trinh_hoc
5517,"Ni Hao, tôi thích khóa học, nội dung khóa học hay mặc dù tuần đầu tiên bao gồm các thanh điệu khá khó vì khó ghi nhớ các thanh điệu giống nhau.",positive,noi_chung
5518,"Chất lượng giảng viên thấp, chất lượng sản xuất của giảng viên video thấp.",negative,ky_nang_giang_day
5518,"Chất lượng giảng viên thấp, chất lượng sản xuất của giảng viên video thấp.",negative,ky_nang_giang_day
5518,"Chất lượng giảng viên thấp, chất lượng sản xuất của giảng viên video thấp.",negative,ky_nang_giang_day
5519,"Nhờ có bạn và nhóm của bạn (nếu có), tôi khá tự tin vào khả năng thiết kế các DB quy mô nhỏ và thử nghiệm với nó.",positive,ky_nang_giang_day
5520,Cần phải thử nghiệm.,neutral,noi_chung
5521,Không thể nào giới thiệu điều này đủ được.,positive,de_xuat
5522,Tôi thấy rằng thang điểm tập trung quá nhiều vào các thành phần UI đơn giản và không đảm bảo đủ rằng mã lệnh tốt hoặc trò chơi hoạt động tốt.,negative,ham_diem
5523,"Dễ hiểu, có nhiều ví dụ tuyệt vời, giải thích rõ ràng, hấp dẫn bài thuyết trình và bài tập, mẹo từ chuyên gia; tất cả những điều đó đã tạo nên một khóa học mà tôi không thể ""bỏ qua"".",positive,chuong_trinh_hoc
5523,"Dễ hiểu, có nhiều ví dụ tuyệt vời, giải thích rõ ràng, hấp dẫn bài thuyết trình và bài tập, mẹo từ chuyên gia; tất cả những điều đó đã tạo nên một khóa học mà tôi không thể ""bỏ qua"".",positive,cung_cap_tai_lieu
5523,"Dễ hiểu, có nhiều ví dụ tuyệt vời, giải thích rõ ràng, hấp dẫn bài thuyết trình và bài tập, mẹo từ chuyên gia; tất cả những điều đó đã tạo nên một khóa học mà tôi không thể ""bỏ qua"".",positive,ky_nang_giang_day
5523,"Dễ hiểu, có nhiều ví dụ tuyệt vời, giải thích rõ ràng, hấp dẫn bài thuyết trình và bài tập, mẹo từ chuyên gia; tất cả những điều đó đã tạo nên một khóa học mà tôi không thể ""bỏ qua"".",positive,ky_nang_giang_day
5523,"Dễ hiểu, có nhiều ví dụ tuyệt vời, giải thích rõ ràng, hấp dẫn bài thuyết trình và bài tập, mẹo từ chuyên gia; tất cả những điều đó đã tạo nên một khóa học mà tôi không thể ""bỏ qua"".",positive,bai_tap
5523,"Dễ hiểu, có nhiều ví dụ tuyệt vời, giải thích rõ ràng, hấp dẫn bài thuyết trình và bài tập, mẹo từ chuyên gia; tất cả những điều đó đã tạo nên một khóa học mà tôi không thể ""bỏ qua"".",positive,kinh_nghiem
5524,"Có một số điều có thể giúp cải thiện khóa học: - Đối với khóa học kéo dài bốn tuần, tôi cảm thấy tài liệu là không đủ.",negative,cung_cap_tai_lieu
5525,Barbara Oakley và nhóm của cô ấy đã làm rất tốt công tác chuẩn bị cho buổi hội thảo tuyệt vời này .,positive,ky_nang_giang_day
5525,Barbara Oakley và nhóm của cô ấy đã làm rất tốt công tác chuẩn bị cho buổi hội thảo tuyệt vời này .,positive,noi_chung
5526,Tôi đề nghị tăng số lượng bài đánh giá mà mỗi học sinh yêu cầu để một bài đánh giá không chính xác (do lỗi của người dùng) không ảnh hưởng đáng kể đến điểm của bạn.,negative,ham_diem
5527,"Sẽ là một đánh giá năm sao vang dội nhưng một số ""người hướng dẫn"" cho rằng cần phải chiếm một chủ đề của một sinh viên hỏi về sự cần thiết của nhiều hơn một ""lần ngắt"" trong một vòng lặp while để giảng về những gì cấu thành nên mã giả và những gì không cấu thành nên mã giả trong một câu hỏi không phải bài tập.",negative,hanh_vi
5528,Mã cho các bài tập được tạo cho Eclipse ADT và Google đã ngừng hỗ trợ Eclipse một thời gian trước.,negative,bai_tap
5529,"Tôi đã nhận được một số lợi ích chính từ khóa học, đặc biệt là kỹ thuật pomodoro mà tôi đang sử dụng.",positive,noi_chung
5530,Đây là phần giới thiệu tuyệt vời về ngôn ngữ và ngữ pháp tiếng Trung.,positive,de_xuat
5531,Tôi cũng muốn giới thiệu nó cho bất kỳ ai có nghề nghiệp tương lai liên quan đến kinh tế / tài chính / kế toán vì đây là những kỹ năng cơ bản.,positive,de_xuat
5532,cấu trúc khóa học được thiết kế cẩn thận.,positive,chuong_trinh_hoc
5533,"Tiêu chuẩn chấm điểm thật kỳ lạ: điểm tối đa được đưa ra cho các bài tập được thực hiện trước công chúng, như thể những việc làm riêng tư thì không sáng tạo; có những cách tốt hơn để khiến ai đó thoát khỏi vùng an toàn của họ.",negative,ham_diem
5534,Tôi thấy khóa học rất khó hiểu và ngôn ngữ sử dụng trong các bài kiểm tra và bài thi không phải lúc nào cũng khớp với ngôn ngữ sử dụng trong các bài học khiến cho việc hiểu những gì mong muốn trở nên rất khó khăn.,negative,chuong_trinh_hoc
5534,Tôi thấy khóa học rất khó hiểu và ngôn ngữ sử dụng trong các bài kiểm tra và bài thi không phải lúc nào cũng khớp với ngôn ngữ sử dụng trong các bài học khiến cho việc hiểu những gì mong muốn trở nên rất khó khăn.,negative,bai_tap
5534,Tôi thấy khóa học rất khó hiểu và ngôn ngữ sử dụng trong các bài kiểm tra và bài thi không phải lúc nào cũng khớp với ngôn ngữ sử dụng trong các bài học khiến cho việc hiểu những gì mong muốn trở nên rất khó khăn.,negative,cung_cap_tai_lieu
5534,Tôi thấy khóa học rất khó hiểu và ngôn ngữ sử dụng trong các bài kiểm tra và bài thi không phải lúc nào cũng khớp với ngôn ngữ sử dụng trong các bài học khiến cho việc hiểu những gì mong muốn trở nên rất khó khăn.,negative,chuong_trinh_hoc
5535,khóa học thật tuyệt vời tất cả giáo viên đều tuyệt vời đặc biệt,positive,noi_chung
5535,khóa học thật tuyệt vời tất cả giáo viên đều tuyệt vời đặc biệt,positive,ky_nang_giang_day
5536,Thật đáng buồn là việc thiết lập môi trường phát triển đã lỗi thời.,negative,noi_chung
5537,Tôi thích chương trình này. Nó đã giúp tôi phát triển hơn về cách tiếp cận một chủ đề hoặc khóa học . . lời khen tặng dành cho Tiến sĩ Barbara Oakley . . . bạn là một giáo viên giỏi,positive,chuong_trinh_hoc
5537,Tôi thích chương trình này. Nó đã giúp tôi phát triển hơn về cách tiếp cận một chủ đề hoặc khóa học . . lời khen tặng dành cho Tiến sĩ Barbara Oakley . . . bạn là một giáo viên giỏi,positive,ky_nang_giang_day
5537,Tôi thích chương trình này. Nó đã giúp tôi phát triển hơn về cách tiếp cận một chủ đề hoặc khóa học . . lời khen tặng dành cho Tiến sĩ Barbara Oakley . . . bạn là một giáo viên giỏi,positive,chuong_trinh_hoc
5538,Thật tuyệt vời khóa học!,positive,noi_chung
5539,Rất sâu sắc... nó cung cấp cho tôi những kiến thức cơ bản về hoạt động hậu cần.,positive,chuong_trinh_hoc
5539,Rất sâu sắc... nó cung cấp cho tôi những kiến thức cơ bản về hoạt động hậu cần.,positive,noi_chung
5540,Điều này thực sự hữu ích khi giới thiệu một số khái niệm cơ bản về Internet.,positive,de_xuat
5541,Điều duy nhất bạn học được qua trải nghiệm này là một số người nên tránh xa việc viết lách người chấm điểm tự động theo khả năng của họ.,negative,ham_diem
5542,Giáo sư thực sự biết công việc của mình và anh ấy đang làm rất tốt.,positive,ky_nang_giang_day
5542,Giáo sư thực sự biết công việc của mình và anh ấy đang làm rất tốt.,positive,ky_nang_giang_day
5543,Tôi hy vọng rằng các trường học sẽ chính thức giảng dạy môn này trong tương lai.,positive,noi_chung
5544,Nó giải thích cách não bộ hoạt động khi bạn cố gắng học một điều gì đó theo cách rất thực tế và dễ dàng.,positive,chuong_trinh_hoc
5544,Nó giải thích cách não bộ hoạt động khi bạn cố gắng học một điều gì đó theo cách rất thực tế và dễ dàng.,positive,ky_nang_giang_day
5545,Tôi đánh giá cao việc nó giúp tôi theo kịp tiến độ cho khóa học tiếp theo khóa học nhưng tôi thấy tốc độ học hơi chậm với bài kiểm tra rất đơn giản bài tập.,negative,bai_tap
5545,Tôi đánh giá cao việc nó giúp tôi theo kịp tiến độ cho khóa học tiếp theo khóa học nhưng tôi thấy tốc độ học hơi chậm với bài kiểm tra rất đơn giản bài tập.,negative,noi_chung
5546,Tôi đã học khóa học này khóa học hai lần.,positive,noi_chung
5547,"Ngoài ra, dự án được bình duyệt cuối cùng không được giải thích rõ ràng và sử dụng các công cụ và phương pháp thậm chí không nằm trong phạm vi của mô-đun.",negative,ky_nang_giang_day
5548,Ví dụ tuyệt vời .,positive,chuong_trinh_hoc
5549,Chủ đề tuyệt vời và một số bài trình bày rất hay video.,positive,noi_chung
5549,Chủ đề tuyệt vời và một số bài trình bày rất hay video.,positive,ky_nang_giang_day
5550,Toàn diện nội dung.,positive,noi_chung
5551,Thậm chí còn hơn thế nữa vì nó miễn phí! !,positive,noi_chung
5552,Cảm ơn coursera đã cung cấp học bổng cho khóa học này.,positive,chuong_trinh_hoc
5553,"Có một số bài học về phát âm tiếng Anh mà tôi thấy hơi nhàm chán vì tôi là người bản xứ, nhưng điều đó không làm giảm chất lượng chung của lớp học.",negative,ky_nang_giang_day
5554,Sự chuyên môn hóa tuyệt vời!,positive,noi_chung
5555,Tiến sĩ Chunk rất hài hước và dạy rất hay.,positive,ky_nang_giang_day
5555,Tiến sĩ Chunk rất hài hước và dạy rất hay.,positive,ky_nang_giang_day
5556,"Một số tài liệu chỉ dựa trên âm thanh, vì vậy nếu bạn không theo dõi được sự thay đổi của hợp âm, bạn có thể bị lạc hướng.",negative,cung_cap_tai_lieu
5557,khóa học đã làm sâu sắc thêm tình yêu của tôi dành cho môn học này và các nền tảng của đánh giá rất thử thách nhưng không hề khó khăn.,positive,noi_chung
5557,khóa học đã làm sâu sắc thêm tình yêu của tôi dành cho môn học này và các nền tảng của đánh giá rất thử thách nhưng không hề khó khăn.,positive,bai_tap
5557,khóa học đã làm sâu sắc thêm tình yêu của tôi dành cho môn học này và các nền tảng của đánh giá rất thử thách nhưng không hề khó khăn.,positive,bai_tap
5558,Đây là một trong những lớp học mà tôi yêu thích nhất lớp học.,positive,noi_chung
5559,"Đây là một ý tưởng đáng suy ngẫm, đỉnh của tảng băng chìm, đầy cảm hứng và đơn giản khóa học phù hợp với hầu hết những ai quan tâm đến 'nghệ thuật'.",positive,noi_chung
5560,Thật sự hữu ích .,positive,noi_chung
5561,Cung cấp cái nhìn tổng quan tuyệt vời.,positive,noi_chung
5562,video phải thay đổi để đưa thêm thông tin chi tiết hơn về chủ đề được trình bày.,negative,ky_nang_giang_day
5563,Đánh giá cao kiến thức sâu rộng nhưng chi tiết.,positive,noi_chung
5564,Cách họ trình bày khóa học và cách tiếp cận của họ rất dễ hiểu.,positive,chuong_trinh_hoc
5565,Nhìn chung tôi thích nội dung và khóa học,positive,noi_chung
5565,Nhìn chung tôi thích nội dung và khóa học,positive,noi_chung
5566,"Tôi không nghi ngờ gì nữa giáo viên là những chuyên gia xuất sắc trong lĩnh vực này, cũng như là những người đam mê máy học.",positive,ky_nang_giang_day
5566,"Tôi không nghi ngờ gì nữa giáo viên là những chuyên gia xuất sắc trong lĩnh vực này, cũng như là những người đam mê máy học.",positive,ky_nang_giang_day
5567,"Như đã nêu trong bản tóm tắt, khóa học này dành cho những người chưa có kinh nghiệm lập trình.",positive,noi_chung
5568,"Jeff Leek, anh ấy thực sự là một giáo sư tuyệt vời.",positive,ky_nang_giang_day
5569,Không thể giới thiệu khóa học này đủ được.,positive,de_xuat
5570,"Sau đó, các video ngày càng trở nên không rõ ràng và lỗi thời.",negative,ky_nang_giang_day
5570,"Sau đó, các video ngày càng trở nên không rõ ràng và lỗi thời.",negative,ky_nang_giang_day
5571,Giảng dạy tuyệt vời.,positive,ky_nang_giang_day
5572,Yêu thích bài giảng.,positive,ky_nang_giang_day
5573,Tôi đã nhận được những gì tôi mong đợi trong khóa học này .,positive,chuong_trinh_hoc
5574,"Là người mới bắt đầu không có kiến thức nền về lập trình hoặc khoa học dữ liệu, tôi cảm thấy bài tập lập trình quá xa vời so với các bài tập Swirl (mà tôi cảm thấy rất hữu ích và phù hợp với người mới bắt đầu) và các bài giảng.",negative,bai_tap
5575,Thật tuyệt vời .,positive,noi_chung
5576,lớp là một bản tổng quan khá hay về các số liệu nói chung. Nó có phạm vi rộng hơn là sâu và đôi khi video và các lời giải thích không dễ hiểu.,positive,noi_chung
5576,lớp là một bản tổng quan khá hay về các số liệu nói chung. Nó có phạm vi rộng hơn là sâu và đôi khi video và các lời giải thích không dễ hiểu.,negative,ky_nang_giang_day
5577,Khóa học về thuật toán học máy rất cơ bản.,negative,chuong_trinh_hoc
5578,"Bài tập không quá nhiều, không quá ít.",positive,bai_tap
5579,"Điều này rất hữu ích khóa học, kỹ năng của tôi được cải thiện sau khi trải qua các buổi học này.",positive,noi_chung
5579,"Điều này rất hữu ích khóa học, kỹ năng của tôi được cải thiện sau khi trải qua các buổi học này.",positive,noi_chung
5580,Tôi đã thử khóa học Python course của trường đại học Rice và một phần khóa học Python course của Codecademy!,positive,noi_chung
5581,. hãy tiếp tục như thế này thật tuyệt vời khóa học .,positive,noi_chung
5582,Tôi nghĩ tôi sẽ có thể áp dụng các phương pháp được thảo luận trong khóa học hàng ngày mà không cần phải dành nhiều thời gian để học chúng vì chúng rất thực tế!,positive,chuong_trinh_hoc
5582,Tôi nghĩ tôi sẽ có thể áp dụng các phương pháp được thảo luận trong khóa học hàng ngày mà không cần phải dành nhiều thời gian để học chúng vì chúng rất thực tế!,positive,chuong_trinh_hoc
5583,"Khóa học này sẽ chỉ cho bạn cách học hiệu quả và nhanh chóng, theo cách thoải mái, dễ hiểu (kể cả khi tiếng Anh của bạn không tốt như tôi) và có thể áp dụng trong mọi lĩnh vực.",positive,chuong_trinh_hoc
5584,Tôi chưa thực sự học bất kỳ khóa học Thần kinh học nào và tôi phải nói rằng khóa học này thực sự rất khó khăn với khối lượng công việc toàn thời gian của tôi ở trường nhưng tôi đã làm được!,negative,chuong_trinh_hoc
5585,Tôi chắc chắn sẽ quay lại đề cập đến điều này lần nữa.,positive,noi_chung
5586,Đây là cơ hội tuyệt vời để phát triển sự nghiệp.,positive,noi_chung
5587,"Rất ít ví dụ và bài tập thực tế, nhưng nó đề cập đến những điều cơ bản như: cú pháp, ngữ nghĩa, những điều cần chú ý khi tạo trang web riêng.",negative,bai_tap
5587,"Rất ít ví dụ và bài tập thực tế, nhưng nó đề cập đến những điều cơ bản như: cú pháp, ngữ nghĩa, những điều cần chú ý khi tạo trang web riêng.",positive,bai_tap
5588,Nó đã giải tỏa rất nhiều thắc mắc của tôi và giờ tôi cảm thấy mình thực sự đang học AngularJS.,positive,chuong_trinh_hoc
5589,"Xin chúc mừng những người tổ chức, đặc biệt là Maya Adams.",positive,ky_nang_giang_day
5590,"Tôi định cho nó 5 sao, nhưng về cuối, tôi cảm thấy các bài học trở nên hơi cẩu thả.",positive,chuong_trinh_hoc
5590,"Tôi định cho nó 5 sao, nhưng về cuối, tôi cảm thấy các bài học trở nên hơi cẩu thả.",neutral,noi_chung
5591,Nội dung là tốt.,positive,cung_cap_tai_lieu
5592,Một số bài giảng khó theo dõi.,negative,ky_nang_giang_day
5593,Phần cuối cùng mở rộng tầm mắt.,positive,chuong_trinh_hoc
5594,Các công cụ được cung cấp để xem lại tài liệu và tự kiểm tra rất hiệu quả.,positive,chuong_trinh_hoc
5595,Tôi thực sự thích thú khi tham gia khóa học này .,positive,noi_chung
5596,"Nhưng có rất nhiều câu đố, đôi khi khá xa rời bài giảng tài liệu và bạn phải nghiên cứu rất nhiều để trả lời đúng tất cả các câu hỏi.",negative,bai_tap
5596,"Nhưng có rất nhiều câu đố, đôi khi khá xa rời bài giảng tài liệu và bạn phải nghiên cứu rất nhiều để trả lời đúng tất cả các câu hỏi.",negative,cung_cap_tai_lieu
5597,Khóa học trực tuyến yêu thích nhất của tôi cho đến nay (tôi đã đăng ký hơn 200 khóa học và hoàn thành hơn 50 khóa học)!,positive,noi_chung
5598,Giảng viên Andrew Ng sẽ hướng dẫn bạn qua các bài giảng dễ hiểu được chia theo chủ đề trong các buổi học video được sắp xếp thời gian hoàn hảo buổi học video với các bài kiểm tra riêng bài kiểm tra trong mỗi video giúp bạn đánh giá mức độ hiểu và nắm bắt chủ đề được thảo luận trong bài học.,positive,ky_nang_giang_day
5598,Giảng viên Andrew Ng sẽ hướng dẫn bạn qua các bài giảng dễ hiểu được chia theo chủ đề trong các buổi học video được sắp xếp thời gian hoàn hảo buổi học video với các bài kiểm tra riêng bài kiểm tra trong mỗi video giúp bạn đánh giá mức độ hiểu và nắm bắt chủ đề được thảo luận trong bài học.,positive,ky_nang_giang_day
5598,Giảng viên Andrew Ng sẽ hướng dẫn bạn qua các bài giảng dễ hiểu được chia theo chủ đề trong các buổi học video được sắp xếp thời gian hoàn hảo buổi học video với các bài kiểm tra riêng bài kiểm tra trong mỗi video giúp bạn đánh giá mức độ hiểu và nắm bắt chủ đề được thảo luận trong bài học.,positive,bai_tap
5599,bài kiểm tra cũng rất khó hiểu và đôi khi tôi cảm thấy bực bội.,negative,bai_tap
5599,bài kiểm tra cũng rất khó hiểu và đôi khi tôi cảm thấy bực bội.,negative,bai_tap
5600,"Đây là một khóa học giới thiệu, tổng hợp các khái niệm liên quan đến thành phố bền vững.",neutral,de_xuat
5601,Tôi rất thích khóa học này khóa học.,positive,noi_chung
5602,Tôi đang tham gia một cuộc khảo sát cơ bản về hành vi vệ sinh và vệ sinh cá nhân tại các trường học ở Ấn Độ và tôi thấy điều này khóa học có liên quan đến sự hiểu biết của tôi về cách hành vi là kết quả của các chuẩn mực phát sinh từ kỳ vọng thực nghiệm và chuẩn mực.,positive,chuong_trinh_hoc
5603,Một món ăn tuyệt vời khóa học và có sẵn vào đúng thời điểm.,positive,noi_chung
5604,Đảm bảo dành đủ thời gian cho việc đọc và làm bài tập chính .,neutral,bai_tap
5605,Đây là phần giới thiệu tuyệt vời khóa học về thế giới Học máy.,positive,de_xuat
5606,tài liệu rất tuyệt vời và dễ hiểu.,positive,cung_cap_tai_lieu
5606,tài liệu rất tuyệt vời và dễ hiểu.,positive,cung_cap_tai_lieu
5607,Đây là một khóa học tốt.,positive,noi_chung
5608,Đó là những gì bạn sẽ nhận được khi tham gia khóa học này (được trích dẫn vì đó là những từ được dùng để mô tả mô hình giáo dục chung tại trường đại học của tôi).,positive,noi_chung
5609,Tốt nhất khóa học trong chuyên ngành này!,positive,noi_chung
5610,Nó rất dễ hiểu và có nhiều ví dụ tuyệt vời.,positive,noi_chung
5610,Nó rất dễ hiểu và có nhiều ví dụ tuyệt vời.,positive,chuong_trinh_hoc
5611,Hy vọng bạn thích khóa học này giống như tôi : ),positive,noi_chung
5612,Không thấy hữu ích lắm. Có thể là cách tôi mong đợi lại khác.,negative,noi_chung
5613,"Phần hay nhất là phương pháp giảng dạy thực hành và thêm vào đó là phần ""Tôi đã mắc lỗi gì"" - học hỏi và sửa lỗi bằng cách xác nhận công việc của những người tham gia khác.",positive,ky_nang_giang_day
5614,Một cách tuyệt vời để xem lại/suy nghĩ lại về việc học là gì và cách học tốt nhất.,positive,noi_chung
5615,Cảm ơn những người sáng tạo.,positive,noi_chung
5616,Nhưng chúng ta bỏ tiền ra để có người dạy chúng ta những điều đó.,negative,noi_chung
5617,Tuyệt vời khóa học!,positive,noi_chung
5618,Khóa học này cho tôi thấy thói quen học tập của tôi tệ đến mức nào và giúp tôi cải thiện nó.,positive,noi_chung
5619,Đây khóa học là một trong những khóa học thực tế nhất trong khóa học ra.,positive,chuong_trinh_hoc
5620,Tôi thích rằng khóa học thực sự khó - nó không hề bị đơn giản hóa đối với chúng tôi.,positive,noi_chung
5620,Tôi thích rằng khóa học thực sự khó - nó không hề bị đơn giản hóa đối với chúng tôi.,negative,chuong_trinh_hoc
5621,"Nhìn chung, khóa học này khóa học rất tuyệt vời!",positive,noi_chung
5622,Khóa học giảng dạy tốt nhất khóa học từ trước đến nay.,positive,noi_chung
5623,Tuyệt vời trực tuyến khóa học.,positive,noi_chung
5624,Thật tuyệt vời nội dung! .,positive,cung_cap_tai_lieu
5625,Có nhiều kỹ thuật được dạy để tập trung cũng như phương pháp tư duy trực quan.,positive,chuong_trinh_hoc
5626,Nick Santos hoặc có thể Giáo sư Santos là một giáo viên rất nhiệt tình và thực sự khuyến khích học sinh vượt trội và thành công.,positive,ky_nang_giang_day
5626,Nick Santos hoặc có thể Giáo sư Santos là một giáo viên rất nhiệt tình và thực sự khuyến khích học sinh vượt trội và thành công.,positive,ky_nang_giang_day
5627,Trải nghiệm tuyệt vời!,positive,noi_chung
5628,Tôi thực sự khuyên dùng khóa học này khóa không chỉ cho dinh dưỡng trẻ em mà còn cho cả người lớn 'kén ăn' và bướng bỉnh.,positive,noi_chung
5629,Bài tập vẫn được thiết kế rất cẩn thận.,positive,bai_tap
5630,Khóa học này đã thực hiện chính xác những gì nó quảng cáo.,positive,noi_chung
5631,"Ngoài ra, những thắc mắc sẽ được giải đáp thường xuyên và nhanh nhất có thể trên diễn đàn thảo luận .",positive,hanh_vi
5632,Thích phần video tặng kèm của khóa học !,positive,noi_chung
5633,Tôi thực sự thích điều này khóa học.,positive,noi_chung
5634,Việc tương tác với những người học khác sẽ rất có lợi dưới hình thức làm bài tập nhóm.,positive,hanh_vi
5635,Giới thiệu cơ bản về framework meteorJS.,positive,de_xuat
5636,Khóa học này diễn ra rất nhanh và không có sức hấp dẫn như tất cả các khóa học khác trong chuyên ngành này.,negative,noi_chung
5636,Khóa học này diễn ra rất nhanh và không có sức hấp dẫn như tất cả các khóa học khác trong chuyên ngành này.,negative,noi_chung
5637,Tôi đặc biệt thích sự nhiệt tình và đam mê của giáo sư trong việc giúp mọi người tìm hiểu kiến thức học máy tiên tiến.,positive,ky_nang_giang_day
5637,Tôi đặc biệt thích sự nhiệt tình và đam mê của giáo sư trong việc giúp mọi người tìm hiểu kiến thức học máy tiên tiến.,positive,hanh_vi
5638,Xin chân thành cảm ơn Giáo sư Charles đã tổ chức khóa học và hào phóng chia sẻ công trình của mình với chúng tôi!,positive,ky_nang_giang_day
5639,Giáo viên sẽ có nhiều thời gian hơn để giải thích từng phần trong bài giảng nên độ khó sẽ tăng đều giữa các tuần.,neutral,ky_nang_giang_day
5640,Tôi vẫn chưa đọc xong nhưng tôi rất mong được đánh giá 5 sao cho nó.,positive,chuong_trinh_hoc
5641,Và sẽ rất tuyệt nếu có một slide tóm tắt ở cuối khóa học.,negative,cung_cap_tai_lieu
5642,Tôi có kinh nghiệm lập trình trên PHP bằng cách sử dụng framework web Laravel.,positive,noi_chung
5643,"Trong mọi trường hợp, nó đáng để tôi dành thời gian và tôi sẽ giới thiệu nó.",positive,chuong_trinh_hoc
5643,"Trong mọi trường hợp, nó đáng để tôi dành thời gian và tôi sẽ giới thiệu nó.",positive,de_xuat
5644,"người hướng dẫn đã bị lạc giữa việc dạy R và dạy thống kê, vì vậy cuối cùng anh ấy đã không dạy cả hai.",negative,ky_nang_giang_day
5645,"Tôi thấy một số bài tập khó hơn một chút so với nội dung đã cho và phần hỗ trợ chưa hoàn hảo, nhưng bạn có thể tìm thấy sự trợ giúp hữu ích trên diễn đàn nếu hỏi trước (trong trường hợp của tôi, tôi phải cảm ơn rất nhiều đến những người bạn của mình là Brian và Richard... họ thực sự là những người cố vấn).",negative,bai_tap
5645,"Tôi thấy một số bài tập khó hơn một chút so với nội dung đã cho và phần hỗ trợ chưa hoàn hảo, nhưng bạn có thể tìm thấy sự trợ giúp hữu ích trên diễn đàn nếu hỏi trước (trong trường hợp của tôi, tôi phải cảm ơn rất nhiều đến những người bạn của mình là Brian và Richard... họ thực sự là những người cố vấn).",negative,hanh_vi
5646,"Cảm ơn bạn, Colleen!",positive,ky_nang_giang_day
5647,Andrew là một nhà sư phạm tuyệt vời và thật thú vị khi được lắng nghe những lời giải thích của ông.,positive,ky_nang_giang_day
5648,Khóa học này khóa học thật tuyệt vời.,positive,noi_chung
5649,Tất cả đều rất hấp dẫn.,positive,ky_nang_giang_day
5650,"Tuy nhiên, tôi vẫn cảm thấy mức giá hơi cao so với các khóa học tương tự khác khóa học mà bạn có thể tìm thấy trực tuyến.",negative,chuong_trinh_hoc
5651,"Các giảng viên mặc dù tiếng Anh không lưu loát nhưng là những người giỏi nhất và mới nhất trong lĩnh vực họ giảng dạy, điều này khiến tôi rất vui.",negative,ky_nang_giang_day
5651,"Các giảng viên mặc dù tiếng Anh không lưu loát nhưng là những người giỏi nhất và mới nhất trong lĩnh vực họ giảng dạy, điều này khiến tôi rất vui.",positive,ky_nang_giang_day
5652,Một khóa học tuyệt vời để bắt đầu lập trình nói chung và Python nói riêng.,positive,noi_chung
5653,Lập trình R được tổ chức tốt khóa học dành cho người mới bắt đầu học thuật có một số kiến thức về OOP!,positive,chuong_trinh_hoc
5654,tài liệu đọc thực sự rất thú vị.,positive,cung_cap_tai_lieu
5655,Trong tương lai bạn sẽ không có gì để thể hiện trong CV của mình.,negative,chuong_trinh_hoc
5656,Một góc nhìn mới hoặc hiểu biết sâu sắc về việc học luôn có lợi và điều này khóa học có thể khiến bạn ngạc nhiên hoặc thay đổi hoàn toàn cách bạn học.,positive,noi_chung
5657,Chúc mừng điều tốt lành giáo sư .,positive,ky_nang_giang_day
5658,"Một số thông tin có thể khó tìm, đặc biệt là trong phần Thảo luận.",negative,hanh_vi
5659,Tôi rất biết ơn tất cả mọi người đã cho tôi những trải nghiệm mới.,positive,noi_chung
5660,"Ngoài ra, vẫn chưa rõ ràng về cách cấu tạo bộ điều chỉnh PID theo cách tiếp cận ""có hệ thống"".",negative,ky_nang_giang_day
5661,Tôi cũng rất thích các bản đồ tương tác và mẹo công nghệ.,positive,noi_chung
5662,Tôi cảm thấy mình không học được điều gì mới mẻ nhưng các đoạn phim đã cho phép tôi nhìn nhận các bộ phim theo một góc nhìn mới.,negative,chuong_trinh_hoc
5663,sách giáo khoa và khóa học bài kiểm tra đã bổ sung giá trị to lớn cho khóa học.,positive,cung_cap_tai_lieu
5663,sách giáo khoa và khóa học bài kiểm tra đã bổ sung giá trị to lớn cho khóa học.,positive,bai_tap
5663,sách giáo khoa và khóa học bài kiểm tra đã bổ sung giá trị to lớn cho khóa học.,positive,chuong_trinh_hoc
5664,"Là người mới bắt đầu, không chỉ với Python mà còn với lập trình, tôi thấy khóa học này cực kỳ hữu ích.",positive,noi_chung
5665,"Có nhiều vấn đề với bộ câu hỏi: không chính xác, không rõ ràng, vượt quá phạm vi của khóa học, sắp xếp nội dung sai thứ tự.",negative,ky_nang_giang_day
5666,Khóa học này khóa học đã khẳng định lại sự quan tâm của tôi đối với Leiden từ 10 năm trước.,positive,noi_chung
5667,Cách mà các giáo sư giảng dạy và kiểm tra chúng tôi thông qua các thử thách về khái niệm thực sự gây ấn tượng với tôi.,positive,ky_nang_giang_day
5667,Cách mà các giáo sư giảng dạy và kiểm tra chúng tôi thông qua các thử thách về khái niệm thực sự gây ấn tượng với tôi.,positive,ky_nang_giang_day
5668,Phương pháp giảng dạy rất rõ ràng và dễ hiểu.,positive,ky_nang_giang_day
5668,Phương pháp giảng dạy rất rõ ràng và dễ hiểu.,positive,ky_nang_giang_day
5669,Tôi đã học được rất nhiều điều trong khóa học này khóa học và tôi sẽ tiếp tục học các khóa học python khác của anh ấy khóa học.,positive,chuong_trinh_hoc
5670,"Tuy nhiên, tôi đã học được nhiều điều mới ngay từ đầu.",positive,noi_chung
5671,Rất khuyến khích!,positive,noi_chung
5672,Gặp khó khăn ở một vài phần vì tôi chưa học sâu về sinh lý học. . .,negative,noi_chung
5673,Thực hành có giá trị bài tập và điều tuyệt vời nhất là có giảng viên là những người có chuyên môn trong lĩnh vực của họ.,positive,bai_tap
5673,Thực hành có giá trị bài tập và điều tuyệt vời nhất là có giảng viên là những người có chuyên môn trong lĩnh vực của họ.,positive,ky_nang_giang_day
5674,Cảm ơn Coursera và Tiến sĩ Chuck rất nhiều!,positive,ky_nang_giang_day
5675,Khóa học rất hữu ích khi giúp tôi nhận ra mình đã lãng phí thời gian vào việc gì mà không mang lại kết quả định lượng nào và hy vọng tôi sẽ có thể hình thành thói quen quản lý thời gian tốt.,positive,chuong_trinh_hoc
5676,"Đây là một khóa học, bài kiểm tra khó, không hề dễ dàng và bài tập về nhà cuối cùng là một khối lượng công việc khổng lồ.",negative,chuong_trinh_hoc
5676,"Đây là một khóa học, bài kiểm tra khó, không hề dễ dàng và bài tập về nhà cuối cùng là một khối lượng công việc khổng lồ.",negative,bai_tap
5676,"Đây là một khóa học, bài kiểm tra khó, không hề dễ dàng và bài tập về nhà cuối cùng là một khối lượng công việc khổng lồ.",negative,bai_tap
5677,"Nhờ chuỗi khóa học này, tôi bắt đầu cải thiện kỹ năng chụp ảnh của mình và tôi thấy nó thực sự thú vị và tuyệt vời.",positive,noi_chung
5677,"Nhờ chuỗi khóa học này, tôi bắt đầu cải thiện kỹ năng chụp ảnh của mình và tôi thấy nó thực sự thú vị và tuyệt vời.",positive,noi_chung
5678,Khóa học này khóa học thực sự tuyệt vời.,positive,noi_chung
5679,"Khóa học là tốt, lý do tôi đánh giá thấp là vì nó hơi trùng lặp với khóa học 3 ""Giới thiệu về phát triển Meteor .js"".",positive,de_xuat
5679,"Khóa học là tốt, lý do tôi đánh giá thấp là vì nó hơi trùng lặp với khóa học 3 ""Giới thiệu về phát triển Meteor .js"".",negative,de_xuat
5680,"Tôi hiểu rõ hơn về hai điều còn lại, nhưng đây là phần giới thiệu tuyệt vời khiến tôi phải suy nghĩ.",positive,de_xuat
5681,Khóa học tài liệu được xây dựng theo cách toàn diện.,positive,cung_cap_tai_lieu
5682,Nhìn chung thì đây là một khóa học tuyệt vời.,positive,noi_chung
5683,"Độ khó của khóa học này đòi hỏi phải có video bài giảng để truyền tải nhiều khái niệm và kỹ thuật, chẳng hạn như hệ thống Fitch.",negative,ky_nang_giang_day
5684,Tôi giới thiệu nó cho bất kỳ ai muốn học về Học máy.,positive,de_xuat
5685,Sự sáng tạo được khuyến khích và rất ít hạn chế hay quy tắc được áp đặt.,positive,chuong_trinh_hoc
5686,Tiến sĩ Lafayette đã làm một công việc tuyệt vời trong những câu chuyện và mô tả của mình để làm cho những cuộc đấu tranh và thành công của Phong trào trở nên có thật.,positive,ky_nang_giang_day
5687,Rất nhiều nội dung và kiến thức được đề cập trong khóa học này.,positive,cung_cap_tai_lieu
5687,Rất nhiều nội dung và kiến thức được đề cập trong khóa học này.,positive,chuong_trinh_hoc
5688,"Tôi rất thích khóa học này khóa học, nó rất bổ ích, được tổ chức và trình bày rất tốt.",positive,noi_chung
5688,"Tôi rất thích khóa học này khóa học, nó rất bổ ích, được tổ chức và trình bày rất tốt.",positive,chuong_trinh_hoc
5688,"Tôi rất thích khóa học này khóa học, nó rất bổ ích, được tổ chức và trình bày rất tốt.",positive,chuong_trinh_hoc
5688,"Tôi rất thích khóa học này khóa học, nó rất bổ ích, được tổ chức và trình bày rất tốt.",positive,chuong_trinh_hoc
5689,Có rất nhiều lựa chọn tốt hơn để học lập trình.,negative,noi_chung
5690,Còn lại thì tuyệt vời.,positive,noi_chung
5691,Khuyến khích cho tất cả mọi người.,positive,noi_chung
5692,"Tôi thực sự thích khóa học. Thông thường, học trực tuyến khóa học khá khó khăn với tôi. nhưng không phải với khóa học này.",positive,noi_chung
5693,Khóa học này khóa học rất hữu ích với tôi trong việc ghi nhớ các khái niệm về Kinh doanh và Khởi nghiệp.,positive,noi_chung
5693,Khóa học này khóa học rất hữu ích với tôi trong việc ghi nhớ các khái niệm về Kinh doanh và Khởi nghiệp.,positive,noi_chung
5694,"Nội dung và ví dụ cực kỳ hữu ích, thiết thực, phù hợp, cộng với khóa học tuyệt vời giáo viên cũng như rất hữu ích nhân viên và các sinh viên khác.",positive,chuong_trinh_hoc
5694,"Nội dung và ví dụ cực kỳ hữu ích, thiết thực, phù hợp, cộng với khóa học tuyệt vời giáo viên cũng như rất hữu ích nhân viên và các sinh viên khác.",positive,chuong_trinh_hoc
5694,"Nội dung và ví dụ cực kỳ hữu ích, thiết thực, phù hợp, cộng với khóa học tuyệt vời giáo viên cũng như rất hữu ích nhân viên và các sinh viên khác.",positive,ky_nang_giang_day
5694,"Nội dung và ví dụ cực kỳ hữu ích, thiết thực, phù hợp, cộng với khóa học tuyệt vời giáo viên cũng như rất hữu ích nhân viên và các sinh viên khác.",positive,ky_nang_giang_day
5695,"Mặc dù khóa học này tập trung vào việc giảng dạy tiếng Anh, tôi thấy nó vẫn hữu ích cho giáo viên dạy các môn học khác, thậm chí là các ngôn ngữ khác!",positive,chuong_trinh_hoc
5695,"Mặc dù khóa học này tập trung vào việc giảng dạy tiếng Anh, tôi thấy nó vẫn hữu ích cho giáo viên dạy các môn học khác, thậm chí là các ngôn ngữ khác!",positive,noi_chung
5696,Rất nhiều thông tin thực tế sau 2 - 3 tuần đầu tiên.,positive,chuong_trinh_hoc
5697,Cô ấy chỉ đọc các slide thay vì cung cấp thêm các ví dụ và tình huống để giúp học sinh hiểu bài.,negative,ky_nang_giang_day
5698,Giới thiệu hữu ích về giải quyết xung đột.,positive,de_xuat
5699,Tôi muốn học hỏi từ bạn nhiều hơn vì bạn dạy những điều tôi không biết và những điều giống hệt với bài học,positive,ky_nang_giang_day
5700,Tuyệt vời khóa học.,positive,noi_chung
5701,"Một số bài kiểm tra có vẻ như yêu cầu phải có máy tính tiên tiến, nhưng tôi có thể sử dụng máy tính đơn giản và ước tính.",neutral,bai_tap
5702,Thật sự giúp ích cho tôi khi bắt đầu học Python!,positive,noi_chung
5703,Giới thiệu rất hay về Pandas Series và DataFrames dành cho Khoa học dữ liệu.,positive,de_xuat
5704,"Trình diễn ẩm thực dễ dàng và nhanh chóng, đủ cơ bản để học sinh có thể phát triển dựa trên những gì có sẵn.",positive,ky_nang_giang_day
5705,Bạn nên cảm thấy xấu hổ vì đã đưa ra thứ rác rưởi này.,negative,chuong_trinh_hoc
5706,Cảm ơn nỗ lực của bạn!,positive,noi_chung
5707,Video ngắn nhưng rất bổ ích.,positive,ky_nang_giang_day
5707,Video ngắn nhưng rất bổ ích.,positive,ky_nang_giang_day
5708,Điều này có nghĩa là công việc này dễ chịu và không quá nhiều khối lượng công việc.,positive,chuong_trinh_hoc
5709,"Tôi là sinh viên ngành Kỹ thuật Vật lý tại trường Đại học Kỹ thuật London, thuộc tiểu bang Goiás, Brazil, và những kiến thức này sẽ giúp tôi trong việc Phân tích Dữ liệu, về cơ bản đây là hoạt động chính của một Nhà Vật lý Thực nghiệm.",positive,noi_chung
5710,"Đầu tiên Peter Clarke, thật là một huyền thoại!! Cảm ơn vì tất cả sự giúp đỡ, đặc biệt là trong tuần thứ 2.",positive,ky_nang_giang_day
5710,"Đầu tiên Peter Clarke, thật là một huyền thoại!! Cảm ơn vì tất cả sự giúp đỡ, đặc biệt là trong tuần thứ 2.",positive,ky_nang_giang_day
5711,Cảm ơn vì khóa học tuyệt vời này .,positive,noi_chung
5712,Nó cung cấp cho bạn các công cụ và thảo luận về các quy trình mà bạn cần để áp dụng.,positive,noi_chung
5713,Tuyệt vời khóa học về việc học và cách bộ não của bạn hoạt động.,positive,noi_chung
5714,Đã tận hưởng toàn bộ khóa học!,positive,noi_chung
5715,"Ngoài ra, tôi rất thích lớp học và học được rất nhiều điều.",positive,noi_chung
5716,Tuyệt vời khóa học về mặt nội dung và tài liệu đọc thêm.,positive,noi_chung
5717,Không rõ ràng lắm về cách truy cập sách hoặc bài đọc nào tương ứng với bài giảng nào.,negative,cung_cap_tai_lieu
5718,Họ cũng nhanh chóng trả lời mọi câu hỏi của tôi về bài giảng.,positive,hanh_vi
5719,Tôi đánh giá cao nỗ lực thực hiện điều này khóa học cũng như việc thu thập các đoạn phim.,positive,noi_chung
5720,Xin chân thành cảm ơn Barbara OAKLEY và các giáo viên khác.,positive,ky_nang_giang_day
5721,"Mọi người, những người mới làm quen với nhiếp ảnh có thể thấy điều này rất thú vị.",positive,noi_chung
5722,"Cảm ơn bạn rất nhiều vì đã tạo ra khóa học này , nó thực sự hữu ích để học và cũng dễ làm theo nên tôi nghĩ bạn học càng sớm thì càng tốt khi phải học điều gì đó mới, đặc biệt là khi bạn còn là sinh viên : )",positive,noi_chung
5722,"Cảm ơn bạn rất nhiều vì đã tạo ra khóa học này , nó thực sự hữu ích để học và cũng dễ làm theo nên tôi nghĩ bạn học càng sớm thì càng tốt khi phải học điều gì đó mới, đặc biệt là khi bạn còn là sinh viên : )",positive,noi_chung
5723,Rất đáng khuyến khích cho những người có khả năng tự học.,positive,noi_chung
5724,Thật tuyệt vời!,positive,noi_chung
5725,Tôi cảm thấy mình đã học được rất nhiều điều trong một thời gian ngắn như vậy.,positive,noi_chung
5726,Mặc dù tôi mong muốn có nhiều hoạt động hơn để truyền đạt kiến thức vững chắc về nội dung.,positive,cung_cap_tai_lieu
5727,Nó chắc chắn sẽ giúp ích cho tất cả người mới bắt đầu và người học liên tục.,positive,noi_chung
5728,Tôi thấy bài giảng và bài tập rất rõ ràng và súc tích.,positive,ky_nang_giang_day
5728,Tôi thấy bài giảng và bài tập rất rõ ràng và súc tích.,positive,bai_tap
5729,Nhưng đặc biệt Bài tập 3 liên quan đến việc làm sạch dữ liệu cần được cải thiện.,neutral,bai_tap
5730,"Nói cách khác, tôi có rất nhiều điều mong đợi ở các khóa học sắp tới khóa học và tôi hy vọng mình có thể học đủ để trở thành một chuyên gia GIS.",positive,noi_chung
5731,Khóa học này có một số tiềm năng nhưng rất cần được cập nhật cho năm 2017.,negative,chuong_trinh_hoc
5732,Khá tốt khóa học dành cho người mới bắt đầu lập trình Java.,positive,noi_chung
5733,Khóa học này thật tuyệt vời.,positive,noi_chung
5734,Cảm ơn Coursera và UOL.,positive,noi_chung
5735,Thật là phấn khích khi mỗi tối đi làm về và ngồi vào máy tính để xem video và nghiên cứu về Học máy.,positive,ky_nang_giang_day
5736,Tôi rất vui vì đã có khóa học này khóa học.,positive,noi_chung
5737,"Thông tin được giảng dạy theo phương pháp ""Dễ học"" của Tiến sĩ Kuhar thật đáng kinh ngạc.",positive,ky_nang_giang_day
5737,"Thông tin được giảng dạy theo phương pháp ""Dễ học"" của Tiến sĩ Kuhar thật đáng kinh ngạc.",positive,ky_nang_giang_day
5738,"Thịt, chúng ta cần nhiều thịt hơn.",negative,noi_chung
5739,Tôi nghĩ anh ấy là người giỏi nhất trong việc giải thích điều gì đó.,positive,ky_nang_giang_day
5740,Cảm ơn bạn Andrew!,positive,ky_nang_giang_day
5741,khóa học đã được thiết lập tốt.,positive,chuong_trinh_hoc
5742,Phương pháp giảng dạy của bạn rất tuyệt vời và tôi rất thích thú với quan điểm của bạn về cách viết.,positive,ky_nang_giang_day
5743,"Tuần đầu tiên hơi chậm một chút, nhưng",neutral,noi_chung
5744,Rất khuyến khích.,positive,ky_nang_giang_day
5745,Tôi thích điều này khóa học.,positive,noi_chung
5746,"Không giống như khóa học trước đó trong chuỗi này, khóa học này cung cấp rất ít hoặc không cung cấp thông tin quan trọng.",negative,chuong_trinh_hoc
5747,Bản thân khóa học này không mang lại nhiều lợi ích.,negative,noi_chung
5748,Đôi khi không hiểu nội dung mà chỉ sử dụng từ gần nhất với âm thanh phát ra.,negative,ky_nang_giang_day
5749,Giáo sư Shiller giải thích các khái niệm một cách đơn giản để mọi người đều hiểu.,positive,ky_nang_giang_day
5750,Xuất sắc .,positive,noi_chung
5751,Nhưng việc cung cấp thêm một số bài tập chặt chẽ hơn bài tập tùy chọn có thể là một sự bổ sung đáng hoan nghênh cho khóa học.,neutral,bai_tap
5752,Kinh nghiệm thực tế trong việc sử dụng các ứng dụng thực tế.,positive,chuong_trinh_hoc
5753,video có tính thông tin và được biên soạn tốt.,positive,ky_nang_giang_day
5754,"Đó là lý do duy nhất khiến tôi không đưa ra phần thưởng 5 sao thực sự, vì tôi tin rằng việc thiếu tương tác thực tế không thể được khắc phục hoàn toàn bằng câu đố và bài tập, theo tôi, chúng nên được thực hiện nhiều hơn.",negative,bai_tap
5755,Thật tuyệt vời khi có cơ hội lắng nghe quan điểm của họ về mọi thứ và nghe họ mô tả cách họ nghĩ về những gì họ đang làm và thấy những quy trình khác nhau của họ.,positive,noi_chung
5756,"Điểm tích cực: rất thực tế, thú vị bài tập Lĩnh vực phát triển: 4 sao vì đôi khi muốn có nhiều thông tin đúng trọng tâm hơn và ít thông tin không quan trọng trong bài giảng. Xin lỗi. Vì tiết kiệm thời gian. Nhìn chung, đây là một khóa học tốt khóa học. Sẽ giới thiệu",positive,bai_tap
5756,"Điểm tích cực: rất thực tế, thú vị bài tập Lĩnh vực phát triển: 4 sao vì đôi khi muốn có nhiều thông tin đúng trọng tâm hơn và ít thông tin không quan trọng trong bài giảng. Xin lỗi. Vì tiết kiệm thời gian. Nhìn chung, đây là một khóa học tốt khóa học. Sẽ giới thiệu",positive,de_xuat
5756,"Điểm tích cực: rất thực tế, thú vị bài tập Lĩnh vực phát triển: 4 sao vì đôi khi muốn có nhiều thông tin đúng trọng tâm hơn và ít thông tin không quan trọng trong bài giảng. Xin lỗi. Vì tiết kiệm thời gian. Nhìn chung, đây là một khóa học tốt khóa học. Sẽ giới thiệu",positive,de_xuat
5756,"Điểm tích cực: rất thực tế, thú vị bài tập Lĩnh vực phát triển: 4 sao vì đôi khi muốn có nhiều thông tin đúng trọng tâm hơn và ít thông tin không quan trọng trong bài giảng. Xin lỗi. Vì tiết kiệm thời gian. Nhìn chung, đây là một khóa học tốt khóa học. Sẽ giới thiệu",positive,de_xuat
5757,giáo sư thực sự rất thú vị và giảng dạy rất giỏi.,positive,ky_nang_giang_day
5757,giáo sư thực sự rất thú vị và giảng dạy rất giỏi.,positive,ky_nang_giang_day
5758,Giúp bạn hiểu được quá trình suy nghĩ trong việc định giá.,positive,chuong_trinh_hoc
5759,Tôi thấy mức độ tương tác trong nhóm hình thành diễn đàn không mấy ấn tượng và ngay lập tức mất hứng thú vì lo ngại rằng mức độ tương tác sẽ tiếp tục giảm dần khi khóa học tiếp tục.,negative,noi_chung
5760,Rất bổ ích khóa học.,positive,chuong_trinh_hoc
5761,"Vì quá chi tiết và nhiều thông tin, nên nhiều nội dung tài liệu khá khó hiểu.",negative,cung_cap_tai_lieu
5762,Thật tuyệt vời khi nó vừa đơn giản vừa thú vị cùng một lúc.,positive,noi_chung
5763,Mọi thứ đều hoàn hảo khóa học.,positive,noi_chung
5764,"Cảm ơn giáo viên, chúc các bạn mọi điều tốt đẹp nhất.",positive,ky_nang_giang_day
5765,"Các video được thực hiện tốt, trừ một số vấn đề nhỏ về hẹn hò (như phiên bản phần mềm) nhưng điều đó có thể hiểu được.",positive,ky_nang_giang_day
5765,"Các video được thực hiện tốt, trừ một số vấn đề nhỏ về hẹn hò (như phiên bản phần mềm) nhưng điều đó có thể hiểu được.",positive,chuong_trinh_hoc
5766,ví dụ làm rõ vấn đề và bài tập về nhà thực sự củng cố các điểm học tập.,positive,cung_cap_tai_lieu
5766,ví dụ làm rõ vấn đề và bài tập về nhà thực sự củng cố các điểm học tập.,positive,bai_tap
5767,Tôi nghĩ chúng bao gồm những sự thật thiết yếu nhất mà người ta cần biết về EU) và các bài tập chấm điểm ngang hàng  đề cập đến một số vấn đề kích thích tư duy và kích thích tư duy phản biện của sinh viên.,positive,bai_tap
7099,"Giường rất thoải mái, phòng yên tĩnh và có đầy đủ tiện nghi cần thiết bao gồm cả truy cập Internet tốc độ cao miễn phí.",positive,thiet_bi_day_hoc
7100,áp lực. khăn tắm rất dày và mềm. không có hồ bơi. điều duy nhất tệ về khách sạn này là nó được kết nối với khu phức hợp văn phòng Plaza of the Americas đóng cửa vào cuối tuần. vì vậy không phải tất cả các cửa hàng đều mở cửa. có một sân trượt băng mở cửa cho một số lượng trượt hạn chế. trả 20 đô la cho dịch vụ đỗ xe có người phục vụ trừ khi bạn có kế hoạch lái xe đến các khu vực khác của Dallas. tàu Dart chỉ cách cửa trước khoảng 2 dãy nhà.,negative,thiet_bi_day_hoc
7101,"Đây thực sự là một doanh nghiệp khách sạn với không gian sạch sẽ, tinh tế khu vực lễ tân, rất chuyên nghiệp nhân viên và phòng tắm phòng hiện đại, rộng rãi.",positive,thiet_bi_day_hoc
7102,yêu cầu của tôi về tờ báo bị mất đã được trả lời khi nó được gửi đến đây.,neutral,thiet_bi_day_hoc
7103,Tôi không thử nhà hàng hoặc bữa sáng.,positive,thiet_bi_day_hoc
7104,Không khí rất lãng mạn và dịch vụ thì tuyệt vời.,positive,thiet_bi_day_hoc
7105,"Tuyệt vời kỳ nghỉ, đẹp spa, tốt đồ ăn, rất thân thiện nhân viên và khá phải chăng.",positive,thiet_bi_day_hoc
7106,"Có thang máy, lễ tân 24 giờ.",positive,thiet_bi_day_hoc
7107,"Tuyệt vời Khách sạn, không Quán bar khỉ",negative,thiet_bi_day_hoc
7108,"nơi này rất rộng, có nhiều lựa chọn về đồ ăn và giải trí, tôi nghĩ mọi người đến đó để nghỉ dưỡng và không bao giờ rời khỏi nơi này.",positive,thiet_bi_day_hoc
7109,Bài tập cơ sở vật chất cũng tuyệt vời.,positive,thiet_bi_day_hoc
7110,"Điểm trừ duy nhất là Nhà hàng Neptune, Bữa sáng thì tuyệt vời nhưng Bữa tối thì quá đắt và không ngon. Nhìn chung chúng tôi hầu như không phàn nàn gì, rất mong được quay lại.",negative,thiet_bi_day_hoc
7111,"khu vực hồ bơi khá nhỏ, vì vậy nếu đó là ưu tiên của bạn thì nó có thể không lý tưởng, nhưng vì chúng tôi không có thời gian để tắm nắng nên điều đó không thành vấn đề.",negative,thiet_bi_day_hoc
7112,"Nơi này sạch sẽ, phong cách và nếu bạn có được ưu đãi phòng thì sẽ rất đáng giá.",positive,noi_chung
7113,"Phòng sạch sẽ, phòng tắm có kích thước khá, và có internet wifi miễn phí luôn là một điểm cộng.",positive,thiet_bi_day_hoc
7114,nhưng trong phòng lại có máy lạnh.,negative,noi_chung
7115,Hồ bơi trên sân thượng đủ lớn để bạn có thể ngâm mình trong làn nước mát nếu bạn đến đó khi thời tiết đủ ấm và có cảm giác giống như cảnh trong bộ phim Tây Ban Nha Mary Poppins nhìn ra các mái nhà từ sân hiên hồ bơi.,positive,thiet_bi_day_hoc
7116,"Không sử dụng nhiều cơ sở tập thể dục, nhưng chúng có vẻ khá đầy đủ.",positive,thiet_bi_day_hoc
7117,"thật tuyệt khi được ngồi bên lò sưởi lớn, gọi một ly đồ uống và ngắm nhìn những chiếc thuyền trôi qua.",positive,thiet_bi_day_hoc
7118,"Đúng là một số cơ sở vật chất có thể cần được bảo trì tốt hơn (ví dụ: hệ thống ống nước), nhưng với mức giá này, tôi sẽ quay lại Triton ngay lập tức.",neutral,thiet_bi_day_hoc
7119,"Nhà khách rất đẹp, theo phong cách Tây Ban Nha (tường trắng, mái ngói đỏ), có sân nhỏ và không gian riêng tư.",positive,thiet_bi_day_hoc
7120,"Đã sử dụng khu vườn, nhưng không sử dụng hồ bơi mặc dù trông rất hấp dẫn, nhưng thời tiết thực sự không đủ ấm.",negative,thiet_bi_day_hoc
7121,"Tôi đến New York để công tác và thấy khách sạn này lý tưởng, dịch vụ tốt và khu vực quầy bar rất ấn tượng.",positive,noi_chung
7122,Nơi bạn ăn sáng thật tuyệt vời.,positive,thiet_bi_day_hoc
7123,"bãi biển thật tuyệt, hồ bơi có nhiệt độ hoàn hảo và quầy bar dưới nước thật tuyệt!",positive,thiet_bi_day_hoc
7123,"bãi biển thật tuyệt, hồ bơi có nhiệt độ hoàn hảo và quầy bar dưới nước thật tuyệt!",positive,thiet_bi_day_hoc
7123,"bãi biển thật tuyệt, hồ bơi có nhiệt độ hoàn hảo và quầy bar dưới nước thật tuyệt!",positive,thiet_bi_day_hoc
7124,Phòng nhỏ nhưng đầy đủ tiện nghi và phòng ăn  hơi chật nhưng nhìn chung không có gì phàn nàn.,neutral,thiet_bi_day_hoc
7125,là do thiếu hồ bơi!,negative,thiet_bi_day_hoc
7126,"hồ bơi rất rộng và, với tư cách là một người bơi lội, thì nơi này rất được chào đón.",positive,thiet_bi_day_hoc
7127,Dịch vụ đỗ xe có người phục vụ dịch vụ tốt nhưng giá cao.,positive,thiet_bi_day_hoc
7127,Dịch vụ đỗ xe có người phục vụ dịch vụ tốt nhưng giá cao.,negative,thiet_bi_day_hoc
7128,khách sạn có giá trị tốt tại NYC và có trung tâm chăm sóc sức khỏe và hồ bơi tuyệt vời.,positive,thiet_bi_day_hoc
7129,"Từ quầy lễ tân chào đón, bánh quy và táo trong sảnh, đồ nội thất cao cấp và sân trong mở dễ thương với bộ bàn ghế ăn nhỏ, khách sạn này  đã làm đúng như vậy.",positive,thiet_bi_day_hoc
7130,"rất sạch sẽ, ngoài ra người giúp việc cũng rất hữu ích, dọn phòng cho chúng tôi khi chúng tôi xuống ăn sáng. Họ cũng có một tiệm làm đẹp tuyệt vời trong khách sạn. của tôi",positive,thiet_bi_day_hoc
7131,được trang trí đẹp mắt phòng mặc dù nhỏ nhưng được trang bị đầy đủ.,positive,noi_chung
7132,Đối với một khách sạn 3 sao cơ sở vật chất thì tuyệt vời và nhân viên đều rất thân thiện và hữu ích.,positive,thiet_bi_day_hoc
7133,"Internet phải trả phí (khoảng 10,00 đô la Mỹ) và có dây, vì vậy hãy mang theo bộ định tuyến không dây (Apple sản xuất loại bỏ túi tuyệt vời). Có một cửa hàng tiện lợi ở tầng dưới, tính phí quá cao cho mọi thứ, nhưng khi cần thì vẫn có ở đó.",negative,thiet_bi_day_hoc
7133,"Internet phải trả phí (khoảng 10,00 đô la Mỹ) và có dây, vì vậy hãy mang theo bộ định tuyến không dây (Apple sản xuất loại bỏ túi tuyệt vời). Có một cửa hàng tiện lợi ở tầng dưới, tính phí quá cao cho mọi thứ, nhưng khi cần thì vẫn có ở đó.",negative,thiet_bi_day_hoc
7134,"Nơi này cách xa bãi biển và hồ bơi cũng như tiện nghi chăm sóc sức khỏe  rất nhỏ, mặc dù nằm ở Florida.",negative,thiet_bi_day_hoc
7135,hồ bơi trên sân thượng thực chất chỉ là hồ bơi nhỏ nhưng sân thượng rất thích hợp để ngồi và nhâm nhi vài ly đồ uống thư giãn. bữa sáng rất đắt!,neutral,thiet_bi_day_hoc
7136,nhưng phải trả tiền cho dịch vụ đỗ xe có người phục vụ với mức giá chúng tôi đã trả,negative,thiet_bi_day_hoc
7137,khách sạn giống như một ngôi nhà với sự sang trọng và tiện nghi cao cấp .,positive,thiet_bi_day_hoc
7138,cơ sở vật chất đã cũ và nấm mốc thực sự là vấn đề đối với chúng tôi.,negative,thiet_bi_day_hoc
7139,Điểm trừ duy nhất là cước phí quá cao ngay cả đối với cuộc gọi nội hạt ngắn cuộc gọi điện thoại và truy cập internet.,negative,thiet_bi_day_hoc
7140,"không có - món duy nhất được phục vụ là bữa sáng mà bạn phải xuống tầng dưới để ăn và chỉ có một quầy bar nhỏ với một ít nước, v.v. trong phòng của bạn -",positive,thiet_bi_day_hoc
7141,"Tôi là người cầu kỳ và thích ở trong những khách sạn 4 * nếu có thể, nhưng tôi không thể tìm ra lỗi nào ở khách sạn này ngoại trừ việc không có tiện nghi pha trà trong phòng.",negative,thiet_bi_day_hoc
7142,spa cũng là một trong những spa tốt nhất!,positive,thiet_bi_day_hoc
7143,"Các điểm tham quan du lịch chính nằm ở Mitte; tuy nhiên, bạn có thể dễ dàng đến đây bằng tàu điện ngầm U-Bahn hoặc tàu điện ngầm S Line từ Zoo Bahnhoff gần đó.",positive,noi_chung
7144,"Tuy nhiên, ban công rộng rãi ban công và phòng tắm hiện đại phòng tắm đã cân bằng được điều đó.",positive,thiet_bi_day_hoc
7145,>Không có kết nối Internet trong phòng khách sạn! !,negative,thiet_bi_day_hoc
7146,Khách sạn  nằm ở khu vực tốt với nhiều nhà hàng đẹp trong phạm vi đi bộ và xe điện nằm ngay bên kia đường.,positive,noi_chung
7147,"Phòng chờ câu lạc bộ khá ổn, mặc dù không có dịch vụ hấp dẫn tại bữa sáng, mặc dù cũng ổn với vợ tôi, nhưng sẽ có dịch vụ hấp dẫn tại Grand Hyatt Grand Clubs (tốt nhất là ở HK).",positive,thiet_bi_day_hoc
7148,"Nếu bạn ở trong khách sạn quầy bar, chắc chắn bạn sẽ gặp một người nổi tiếng vào tuần nghỉ quay phim!",positive,thiet_bi_day_hoc
7149,Mùi ẩm mốc ở một số hành lang - phòng tắm chỉ có vòi sen - nhỏ thang máy - có mùi phòng tập thể dục,negative,thiet_bi_day_hoc
7149,Mùi ẩm mốc ở một số hành lang - phòng tắm chỉ có vòi sen - nhỏ thang máy - có mùi phòng tập thể dục,negative,thiet_bi_day_hoc
7150,"* Tiện nghi - phòng sạch sẽ và thoải mái, truy cập wi-fi miễn phí (mang theo máy tính xách tay để lướt web trong phòng), quầy bar khách sạn mở cửa vào buổi chiều và buổi tối ở tầng dưới, đẹp bữa sáng vào buổi sáng (bánh mì, ngũ cốc, trái cây, thịt), tủ lạnh nhỏ trong phòng, phòng có máy lạnh. Tiện nghi:",positive,thiet_bi_day_hoc
7151,Tôi muốn nói thêm rằng khách sạn Hilton có câu lạc bộ sức khỏe tốt nhất  mà tôi từng gặp trong các chuyến công tác của mình.,positive,thiet_bi_day_hoc
7152,"Chúng tôi ở tầng Royal và nơi này thật hoàn hảo - có đầy đủ tiện nghi mà bạn mong muốn, bao gồm cả một Salon luôn mở cửa phục vụ rượu Cava (Sâm panh!), nước, trà và sôcôla!",positive,thiet_bi_day_hoc
7153,"Nhân viên và dịch vụ tại Regent không thể chê vào đâu được, nhưng chúng tôi đã thất vọng khi nghe tin hồ bơi đã đóng cửa để cải tạo.",negative,thiet_bi_day_hoc
7154,"Hãy thử nhà hàng xoay 'The View' tại Marriott Marquis, Quảng trường Thời đại, quang cảnh tuyệt đẹp và đồ ăn cũng ngon!",positive,thiet_bi_day_hoc
7155,"Mặc dù phòng tắm phòng của tôi có vẻ hơi cũ so với những phòng khác trong khách sạn, nhưng toàn bộ phòng rất sạch sẽ và thoải mái, mang lại giá trị tuyệt vời.",positive,noi_chung
7156,"Xin lưu ý rằng bạn sẽ phải trả 30 đô la để đỗ xe, ngay cả khi bạn tự đỗ xe.",negative,thiet_bi_day_hoc
7157,"Tôi thực sự thích vị trí, khách sạn tuyệt vời đẹp sảnh, tốt dịch vụ lễ tân, v.v..",positive,thiet_bi_day_hoc
7158,"Nó có một khu vực ngồi nhỏ, với hai chiếc ghế và một chiếc bàn, nhưng giường thì cứng như đá (bạn phải nằm xuống nhẹ nhàng để không làm gãy một bộ phận nào đó trên cơ thể).",positive,thiet_bi_day_hoc
7159,"Nice the Khách sạn Paris ở Florence còn hơn cả một khách sạn đẹp và đặc biệt! Chúng tôi đã đặt phòng tại Khách sạn Paris ở Florence thông qua Công ty du lịch của chúng tôi, nơi đã giới thiệu đây là một khách sạn rất đẹp và đặc biệt: Khách sạn Paris còn hơn cả một khách sạn đẹp và đặc biệt! Phòng ăn sáng độc đáo với những bức bích họa thế kỷ XVI như bầu không khí trong mọi ngóc ngách của khách sạn.",positive,thiet_bi_day_hoc
7160,Có hồ bơi riêng của mình thật tuyệt vời.,positive,thiet_bi_day_hoc
7161,"vị trí, phòng, khu vực sinh hoạt ngoài trời trên sân thượng đều hoàn hảo cho một kỳ nghỉ thư giãn và đáng nhớ tại Florence.",positive,thiet_bi_day_hoc
7162,"Tuy nhiên, chuyến đi đến nhà hàng  chỉ để chụp ảnh cũng đáng giá.",neutral,thiet_bi_day_hoc
7163,"Chúng tôi là khách ở khách sạn , bãi đậu xe phải miễn phí! ! ! !",neutral,thiet_bi_day_hoc
7164,"Tuyệt vời khách sạn ở giữa nơi không có gì Tôi đã ở đây trong một kỳ nghỉ cuối tuần dài và rất ấn tượng với khách sạn, hiện đại, vui vẻ và kích thước tuyệt vời phòng mặc dù nơi đây có một chút giống trung tâm hội nghị",positive,thiet_bi_day_hoc
7165,"Khách sạn tốt nhất mà chúng tôi từng ở khách sạn Khách sạn này có vị trí hoàn hảo (cách phố mua sắm chính 10 phút đi bộ và cách Tử Cấm Thành/Quảng trường Thiên An Môn 15 - 20 phút đi bộ); nhân viên rất hiệu quả, hữu ích và thân thiện nói tiếng Anh tốt; và các phòng phòng/tiện nghi giải trí đều tuyệt vời.",positive,thiet_bi_day_hoc
7166,"Hồ bơi không đáng để bạn cân nhắc khi lựa chọn khách sạn vì nó quá nhỏ, nhưng lại có sân thượng đẹp.",negative,thiet_bi_day_hoc
7166,"Hồ bơi không đáng để bạn cân nhắc khi lựa chọn khách sạn vì nó quá nhỏ, nhưng lại có sân thượng đẹp.",positive,thiet_bi_day_hoc
7167,Đừng quên đến CasinoBạn sẽ thích nó!,positive,thiet_bi_day_hoc
7168,Nhược điểm duy nhất đối với tôi là chúng tôi sử dụng nơi này làm căn cứ và không có cơ hội tận hưởng tiện nghi.,negative,thiet_bi_day_hoc
7169,cơ sở vật chất rất tốt cho 2,positive,thiet_bi_day_hoc
7170,Hồ bơi tầng hầm là nơi lý tưởng để thư giãn trước bữa tối muộn trong thị trấn.,positive,thiet_bi_day_hoc
7171,"Gia đình Bavaro Tóm tắt Khu vực bãi biển tuyệt vời hồ bơi thực sự ồn ào vào buổi chiều với những người bạn Star Phòng? Kích thước khá, không Bồn tắm nước nóng, cứng giường và gối? Tầm nhìn thật tệ, ban công đối diện nhau thay vì hướng ra đại dương? Đã gửi email yêu cầu phòng đã cải tạo ở tầng 2, có giường cỡ lớn, gần bãi biển nếu có thể Khách sạn? Phục vụ cho các gia đình có nhiều trẻ em? Dịch vụ LUÔN Mỉm cười? Rất nhiều chim hồng hạc, vịt, thiên nga và công.",positive,thiet_bi_day_hoc
7172,"trang web. giường rất thoải mái, bạn có quầy bar miễn phí, đầy đủ đồ giải khát và một số đồ ăn nhẹ, đồ dùng vệ sinh cá nhân là của Lanvin.",positive,thiet_bi_day_hoc
7173,Phần thưởng chính là hồ bơi . . .,positive,thiet_bi_day_hoc
7174,"Tuyệt vời tiện nghi - nhưng hãy chú ý đến giá giảm. Star City có tiện nghi 24/7 nhờ sòng bạc liền kề, nhưng bản thân phòng hơi cũ.",positive,thiet_bi_day_hoc
7174,"Tuyệt vời tiện nghi - nhưng hãy chú ý đến giá giảm. Star City có tiện nghi 24/7 nhờ sòng bạc liền kề, nhưng bản thân phòng hơi cũ.",neutral,thiet_bi_day_hoc
7175,"Cảnh quan tuyệt đẹp của bến cảng/thành phố, tuyệt vời dịch vụ, tuyệt vời khách sạn, tuyệt vời phòng, tuyệt vời đồ ăn, tuyệt vời quầy bar, tuyệt vời tiện nghi, tuyệt vời vị trí, sạch sẽ, thoải mái, hiện đại và nhân viên luôn sẵn sàng hỗ trợ hết sức có thể.",positive,thiet_bi_day_hoc
9577,Prof : « tu t'amuses facilement » hahahahaha @35:47,neutral,ky_nang_giang_day
11042,"Khóa học này khóa học rất tuyệt vời, rất cần thiết trong thế giới hiện đại.",positive,chuong_trinh_hoc
11043,"Sau khi xem (video 1: 3blue1brown về Duality), tôi chỉ thấy xT*A*x là kết quả của việc áp dụng phép biến đổi tuyến tính cho một vectơ x rồi chiếu vectơ mới đó trở lại x; nếu các vectơ vẫn chỉ ""cùng một hướng"" tức là phép chiếu là dương, thì A là xác định dương",neutral,chuong_trinh_hoc
11044,@[USERNAME]Cảm ơn bạn! Đó là một lời giải thích rất hay  :),positive,chuong_trinh_hoc
11045,Anh chàng này thật tuyệt vời! Thực sự thích bài giảng.,positive,ky_nang_giang_day
11045,Anh chàng này thật tuyệt vời! Thực sự thích bài giảng.,positive,chuong_trinh_hoc
11046,"Trời ơi, đừng di chuyển máy ảnh nữa  :<",negative,thiet_bi_day_hoc
11047,"Einstein không thể làm được, nhưng... Gilbert có thể!",positive,ky_nang_giang_day
11047,"Einstein không thể làm được, nhưng... Gilbert có thể!",negative,ky_nang_giang_day
11048,Đã học một khóa học cấp tốc về Lin Algebra chỉ tính toán những điều này. Tôi biết tất cả các bước. Nhưng tôi có thực sự biết không? Bây giờ thì tôi biết rồi.. Cảm ơn bạn Gilbert Strang. Tôi cố gắng học TẤT CẢ các khóa học mà bạn cung cấp trên internet. Thật là một thế giới đáng kinh ngạc mà chúng ta đang sống ngày nay..,positive,ky_nang_giang_day
11048,Đã học một khóa học cấp tốc về Lin Algebra chỉ tính toán những điều này. Tôi biết tất cả các bước. Nhưng tôi có thực sự biết không? Bây giờ thì tôi biết rồi.. Cảm ơn bạn Gilbert Strang. Tôi cố gắng học TẤT CẢ các khóa học mà bạn cung cấp trên internet. Thật là một thế giới đáng kinh ngạc mà chúng ta đang sống ngày nay..,positive,chuong_trinh_hoc
11049,Rất nhiều tình yêu thương và sự tôn trọng dành cho Giáo sư Strang! Cảm ơn bạn rất nhiều!,positive,ky_nang_giang_day
11050,"Không, cảm ơn. Tôi ổn với Giải tích",positive,kien_thuc
11051,"19:16, tại sao tất cả (ma trận 1: 5x5) lại nằm trong (không gian vectơ 2: 25 chiều)?",neutral,kien_thuc
11051,"19:16, tại sao tất cả (ma trận 1: 5x5) lại nằm trong (không gian vectơ 2: 25 chiều)?",neutral,kien_thuc
11052,Anh ấy rất vui tính.. Giữ cho bài giảng thú vị,positive,ky_nang_giang_day
11052,Anh ấy rất vui tính.. Giữ cho bài giảng thú vị,positive,chuong_trinh_hoc
11053,"4:28 Trời ơi, sai rồi phải không? X = 1 và y = 2 phải không? Y thì ổn nhưng x = -1 có vẻ không đúng",neutral,kien_thuc
11053,"4:28 Trời ơi, sai rồi phải không? X = 1 và y = 2 phải không? Y thì ổn nhưng x = -1 có vẻ không đúng",neutral,kien_thuc
11053,"4:28 Trời ơi, sai rồi phải không? X = 1 và y = 2 phải không? Y thì ổn nhưng x = -1 có vẻ không đúng",neutral,kien_thuc
11053,"4:28 Trời ơi, sai rồi phải không? X = 1 và y = 2 phải không? Y thì ổn nhưng x = -1 có vẻ không đúng",neutral,kien_thuc
11054,"Anh chàng này thật tuyệt vời giáo sư, tôi đã học Đại số tuyến tính từ anh ấy, mặc dù đang học đại học. Yêu từ Brazil <3",positive,ky_nang_giang_day
11055,Giảng dạy chỉ là một khoản lương đối với anh chàng này.,negative,chuong_trinh_hoc
11055,Giảng dạy chỉ là một khoản lương đối với anh chàng này.,negative,ky_nang_giang_day
11056,Tại sao ông ấy nói định nghĩa của ông ấy là mơ hồ? Theo những cách nào thì việc định nghĩa một hàm là một tập con của AxB làm cho định nghĩa bớt mơ hồ hơn?,neutral,kien_thuc
11057,Tất nhiên là học sinh trung học sẽ dễ hiểu điều này. Đây là bài giảng thứ ba... Những người trong lớp học đó chỉ có kiến thức toán trung học.,positive,chuong_trinh_hoc
11057,Tất nhiên là học sinh trung học sẽ dễ hiểu điều này. Đây là bài giảng thứ ba... Những người trong lớp học đó chỉ có kiến thức toán trung học.,positive,noi_chung
11058,Làm sao anh ta có thể so sánh tổng diện tích với thể tích? Tốt hơn là chúng ta sử dụng n*(n+1*(2n+1)/6) để biểu diễn tổng của n^2 số hạng và so sánh nó với hai số hạng khác.,neutral,kien_thuc
11058,Làm sao anh ta có thể so sánh tổng diện tích với thể tích? Tốt hơn là chúng ta sử dụng n*(n+1*(2n+1)/6) để biểu diễn tổng của n^2 số hạng và so sánh nó với hai số hạng khác.,neutral,kien_thuc
11058,Làm sao anh ta có thể so sánh tổng diện tích với thể tích? Tốt hơn là chúng ta sử dụng n*(n+1*(2n+1)/6) để biểu diễn tổng của n^2 số hạng và so sánh nó với hai số hạng khác.,neutral,kien_thuc
11059,bài này bài giảng bao gồm hầu hết các mô-đun toán học và kỹ thuật điều khiển của tôi. các bạn là thiên tài,positive,chuong_trinh_hoc
11059,bài này bài giảng bao gồm hầu hết các mô-đun toán học và kỹ thuật điều khiển của tôi. các bạn là thiên tài,positive,ky_nang_giang_day
11060,anh chàng này thật tuyệt vời,positive,ky_nang_giang_day
11061,Tôi là sinh viên kỹ thuật tại một trường cao đẳng hai năm mà tôi sẽ không nêu tên. Tôi có thể theo dõi điều này bài giảng của một người đàn ông tại MIT tốt hơn nhiều so với bất kỳ điều nào khác giáo sư toán học mà tôi từng học ở trường cao đẳng cộng đồng.... Hãy hình dung xem.,positive,chuong_trinh_hoc
11061,Tôi là sinh viên kỹ thuật tại một trường cao đẳng hai năm mà tôi sẽ không nêu tên. Tôi có thể theo dõi điều này bài giảng của một người đàn ông tại MIT tốt hơn nhiều so với bất kỳ điều nào khác giáo sư toán học mà tôi từng học ở trường cao đẳng cộng đồng.... Hãy hình dung xem.,negative,ky_nang_giang_day
11062,"Đối với những ai tò mò, định luật cosin cũng được gọi là “định luật Al-Kashi” (ở Pháp và thế giới Ả Rập và Ba Tư). Al Kashi là một nhà toán học Ba Tư (tôi khuyến khích bạn kiểm tra trang wikipedia của ông ấy). Tuyệt vời bài giảng! Tôi thực sự ngạc nhiên khi biết rằng những gì học sinh ở Syria được dạy ở lớp 11, người Mỹ lại học ở trường đại học. Đối với những người ở các quốc gia khác, bạn học tích vô hướng từ khi nào? Chỉ tò mò thôi",positive,chuong_trinh_hoc
11063,"11:41""Hàng của C là tổ hợp các hàng của B.""Nhưng điều này chỉ áp dụng cho ma trận vuông, phải không?",neutral,kien_thuc
11064,"Video này  liên tục dừng ở khoảng phút thứ 20:00. Tôi hy vọng có thể xem được phần đánh giá sắp bắt đầu ở đây rồi quay lại làm bài tập trong sách giáo khoa, ngoài ra, có vẻ như tôi không thể xem được bài giảng số 8 trên trình duyệt của mình; đó lại là một trục trặc nữa.",positive,chuong_trinh_hoc
11065,"Vấn đề là Giải tích có vẻ khó khi bạn mới học, nhưng sau đó khi bạn chuyển sang học các lớp trình độ cao hơn, bạn nhận ra rằng Giải tích chỉ là phần giới thiệu về toán trình độ cao. Môn toán yêu thích của tôi luôn là Phương trình vi phân.",neutral,kien_thuc
11065,"Vấn đề là Giải tích có vẻ khó khi bạn mới học, nhưng sau đó khi bạn chuyển sang học các lớp trình độ cao hơn, bạn nhận ra rằng Giải tích chỉ là phần giới thiệu về toán trình độ cao. Môn toán yêu thích của tôi luôn là Phương trình vi phân.",positive,kien_thuc
11066,Tôi nghĩ tốt hơn là nên xem video tuyệt vời TA Linan Chen trước rồi quay lại và xem video này bài giảng,positive,ky_nang_giang_day
11066,Tôi nghĩ tốt hơn là nên xem video tuyệt vời TA Linan Chen trước rồi quay lại và xem video này bài giảng,positive,chuong_trinh_hoc
11067,"Này, dừng di chuyển máy ảnh lại đi",negative,thiet_bi_day_hoc
11068,5:14 một người phải đi qua bao nhiêu hàng?,neutral,kien_thuc
11069,Các bạn thân mến: có sách nào được đề xuất để đi kèm với khóa học tuyệt vời này không? Cảm ơn,positive,chuong_trinh_hoc
11070,"cách giảng dạy của anh ấy rất nghiêm ngặt, chính xác, chặt chẽ và súc tích, đúng trọng tâm, giúp tôi làm sáng tỏ những hiểu biết mơ hồ về thống kê.",positive,chuong_trinh_hoc
11071,"Ngài Gilbert đang theo dõi cuốn sách nào? Có ai có thể cho biết tên không? Tôi đến từ Ấn Độ, sắp theo học thạc sĩ và tôi cần cuốn này khóa học",neutral,chuong_trinh_hoc
11072,Anh chàng này là Ông Rogers của đại số tuyến tính.,positive,ky_nang_giang_day
11072,Anh chàng này là Ông Rogers của đại số tuyến tính.,positive,kien_thuc
11072,Anh chàng này là Ông Rogers của đại số tuyến tính.,positive,noi_chung
11073,sự khác biệt giữa khoa EE và khoa Toán là khoa EE bắt đầu đếm từ 0 và khoa Toán từ 1.... diễn giải lại ở phút 18:10. Điều đó khiến tôi bật cười.,neutral,kien_thuc
11074,Rất hữu ích cho các sinh viên tương lai! Tuyệt vời làm việc! Cảm ơn bạn!,positive,chuong_trinh_hoc
11074,Rất hữu ích cho các sinh viên tương lai! Tuyệt vời làm việc! Cảm ơn bạn!,positive,ky_nang_giang_day
11075,Cuối cùng mọi thứ trong vài bài cuối cùng bài giảng đã đi vào nề nếp. Cuối cùng tôi cũng hiểu rồi!,positive,chuong_trinh_hoc
11076,Lol. 'R' trong phương trình khí lý tưởng không phải là 'bán kính'.,neutral,kien_thuc
11077,"Đẹp bài giảng, đẹp quá. Giáo sư Strang đang vẽ vẻ đẹp của Đại số tuyến tính trên bảng đen.",positive,chuong_trinh_hoc
11077,"Đẹp bài giảng, đẹp quá. Giáo sư Strang đang vẽ vẻ đẹp của Đại số tuyến tính trên bảng đen.",positive,ky_nang_giang_day
11077,"Đẹp bài giảng, đẹp quá. Giáo sư Strang đang vẽ vẻ đẹp của Đại số tuyến tính trên bảng đen.",positive,thiet_bi_day_hoc
11077,"Đẹp bài giảng, đẹp quá. Giáo sư Strang đang vẽ vẻ đẹp của Đại số tuyến tính trên bảng đen.",neutral,kien_thuc
11078,"những từ đầu tiên ""lớp cuối cùng lớp trong đại số tuyến tính tại MIT vào mùa thu này"" khiến bạn cảm thấy hoài niệm rồi :'(",neutral,chuong_trinh_hoc
11078,"những từ đầu tiên ""lớp cuối cùng lớp trong đại số tuyến tính tại MIT vào mùa thu này"" khiến bạn cảm thấy hoài niệm rồi :'(",neutral,kien_thuc
11078,"những từ đầu tiên ""lớp cuối cùng lớp trong đại số tuyến tính tại MIT vào mùa thu này"" khiến bạn cảm thấy hoài niệm rồi :'(",neutral,noi_chung
11079,"Tôi xem tất cả bài giảng ở tốc độ 1,25 lần nhưng không xem anh chàng này. Anh ấy nhanh quá.",neutral,chuong_trinh_hoc
11079,"Tôi xem tất cả bài giảng ở tốc độ 1,25 lần nhưng không xem anh chàng này. Anh ấy nhanh quá.",neutral,ky_nang_giang_day
11080,"Anh chàng này thật tuyệt vời... Khi giáo viên dạy điều này ở trường đại học của tôi, mọi thứ diễn ra ngay lập tức...",positive,ky_nang_giang_day
11080,"Anh chàng này thật tuyệt vời... Khi giáo viên dạy điều này ở trường đại học của tôi, mọi thứ diễn ra ngay lập tức...",positive,ky_nang_giang_day
11081,Tốt nhất giải thích cho họ mũ,positive,kien_thuc
11082,các giải pháp không tầm thường không tồn tại cho ma trận nxn nếu cột của chúng là độc lập tuyến tính,neutral,kien_thuc
11082,các giải pháp không tầm thường không tồn tại cho ma trận nxn nếu cột của chúng là độc lập tuyến tính,neutral,kien_thuc
11082,các giải pháp không tầm thường không tồn tại cho ma trận nxn nếu cột của chúng là độc lập tuyến tính,neutral,kien_thuc
11083,"Cảm ơn bạn video và Ghi chú bài giảng Tôi ước mình có thể quyên góp, nhưng có lẽ nếu tôi thành công trong việc này và kiếm được nhiều tiền hơn nhờ Ân điển của Allah",positive,chuong_trinh_hoc
11083,"Cảm ơn bạn video và Ghi chú bài giảng Tôi ước mình có thể quyên góp, nhưng có lẽ nếu tôi thành công trong việc này và kiếm được nhiều tiền hơn nhờ Ân điển của Allah",positive,thiet_bi_day_hoc
11084,Tôi cầu xin Chúa bảo vệ bạn và toàn thể gia đình bạn. Và cảm ơn MIT Open Courseware vì tất cả,positive,chuong_trinh_hoc
11085,"Thật ngạc nhiên khi Giáo sư Gilbert có thể hoàn thành điều này bài giảng mà không có bất kỳ điều gì đáng kinh ngạc, điều này cho thấy ông ấy chuyên nghiệp như thế nào",positive,ky_nang_giang_day
11085,"Thật ngạc nhiên khi Giáo sư Gilbert có thể hoàn thành điều này bài giảng mà không có bất kỳ điều gì đáng kinh ngạc, điều này cho thấy ông ấy chuyên nghiệp như thế nào",positive,chuong_trinh_hoc
11086,Làm sao bạn có thể chọn được số ngẫu nhiên cho x? như x=0. Làm sao điều này có thể xảy ra? Tôi đang bỏ lỡ điều gì?,negative,kien_thuc
11086,Làm sao bạn có thể chọn được số ngẫu nhiên cho x? như x=0. Làm sao điều này có thể xảy ra? Tôi đang bỏ lỡ điều gì?,negative,kien_thuc
11087,Cảm ơn vì những bài học của bạn!,positive,ky_nang_giang_day
11087,Cảm ơn vì những bài học của bạn!,positive,chuong_trinh_hoc
11088,Đây là một video tuyệt vời ! Đây là hướng dẫn của tôi về Stochastic Gradient Descent với giải thích về mã (bằng python). Hy vọng nó cũng có thể giúp ích. https://youtu.be/uXuBUkW_0tA,positive,chuong_trinh_hoc
11088,Đây là một video tuyệt vời ! Đây là hướng dẫn của tôi về Stochastic Gradient Descent với giải thích về mã (bằng python). Hy vọng nó cũng có thể giúp ích. https://youtu.be/uXuBUkW_0tA,neutral,kien_thuc
11089,"Tại sao bạn lại đưa ra ví dụ về chiều cao, trong min 40, nếu chúng ta biết rằng đó là biến liên tục và chúng ta nói về biến rời rạc? Vui lòng sửa ý tưởng của tôi nếu tôi hiểu sai điều gì đó",neutral,kien_thuc
11090,"Tuyệt vời bài giảng, hình ảnh và khái niệm tuyệt vời giải thích, rất đáng trân trọng!",positive,chuong_trinh_hoc
11090,"Tuyệt vời bài giảng, hình ảnh và khái niệm tuyệt vời giải thích, rất đáng trân trọng!",positive,kien_thuc
11091,"Sau ba năm hoặc hơn nữa học đại số tuyến tính, cuối cùng tôi đã hiểu được ý nghĩa cơ bản của SVD ... thực sự đã mất một chặng đường dài để tôi có thể đến được đây... Cảm ơn Tiến sĩ Strang.",positive,ky_nang_giang_day
11091,"Sau ba năm hoặc hơn nữa học đại số tuyến tính, cuối cùng tôi đã hiểu được ý nghĩa cơ bản của SVD ... thực sự đã mất một chặng đường dài để tôi có thể đến được đây... Cảm ơn Tiến sĩ Strang.",neutral,kien_thuc
11091,"Sau ba năm hoặc hơn nữa học đại số tuyến tính, cuối cùng tôi đã hiểu được ý nghĩa cơ bản của SVD ... thực sự đã mất một chặng đường dài để tôi có thể đến được đây... Cảm ơn Tiến sĩ Strang.",neutral,kien_thuc
11092,"Tuyệt, vậy thì tôi cho rằng bạn ít nhất đã duyệt qua các khóa học toán học  mà MIT thực sự cung cấp? Đây là một khóa học) mà bạn có thể hoặc không phải học tùy thuộc vào hoàn cảnh cá nhân và lĩnh vực bạn quan tâm. Tài liệu này và 18.03 Phương trình vi phân đủ cho phần lớn vật lý, vì vậy thực sự không quan trọng khi bạn thực sự học nó miễn là bạn biết nó.",neutral,chuong_trinh_hoc
11093,Có ai có thể giải thích cho tôi cách anh ấy viết đảo ngược lúc 21:42 không?,neutral,kien_thuc
11094,Vật lý miễn phí xem trước! Yêu thích của tôi!,positive,chuong_trinh_hoc
11095,Tuyệt vời rõ ràng. Nổi tiếng thế giới giáo sư về Toán học. Hãy xem cách ông ấy hành động trên sân khấu mà người ta nên truyền cảm hứng. Tôi sẽ tôn vinh đôi giày cao gót của bạn.,positive,thiet_bi_day_hoc
11095,Tuyệt vời rõ ràng. Nổi tiếng thế giới giáo sư về Toán học. Hãy xem cách ông ấy hành động trên sân khấu mà người ta nên truyền cảm hứng. Tôi sẽ tôn vinh đôi giày cao gót của bạn.,positive,ky_nang_giang_day
11096,Gill trở nên hung dữ trong Trig 2:30,positive,ky_nang_giang_day
11097,"ôi trời ơi.. điều này thật tuyệt vời, cảm ơn MIT, cảm ơn giáo sư Strang",positive,ky_nang_giang_day
11098,Cách anh ấy kết nối dòng chảy ý tưởng..........,positive,ky_nang_giang_day
11099,"haha anh ấy nhìn bọn trẻ với ánh mắt ""tôi ghét các người và tôi sắp giết các người... chết tiệt, tôi đang bị quay phim""",neutral,ky_nang_giang_day
11100,lol tôi ở đây vì calc3 của tôi giáo sư tại purdue đã đưa ra 2 bài giảng ôn tập khóa học tệ nhất TỪ TRƯỚC ĐẾN NAY!! sẽ tạo một tài khoản ratemyprofesor chỉ để nói về anh ấy,negative,ky_nang_giang_day
11101,42:34 ai đó có thể giải thích lại câu hỏi xác suất được không?,neutral,kien_thuc
11102,Ôi những que phô mai của tôi!!! Tôi thực sự hiểu (một số) những gì anh ấy nói. Xin khen ngợi giáo sư!!!,positive,ky_nang_giang_day
11103,Tôi xem 3 bài giảng của anh ấy mỗi tuần. Thật tuyệt vời.,positive,chuong_trinh_hoc
11104,Tôi thực sự có thể hiểu được điều này!woohoo!,positive,chuong_trinh_hoc
11105,Tốt bài giảng nhưng anh chàng này hơi tệ.,positive,chuong_trinh_hoc
11105,Tốt bài giảng nhưng anh chàng này hơi tệ.,negative,ky_nang_giang_day
11106,"Tôi cũng xin cảm ơn. Tôi thực sự thích điều này loạt bài, và đã học kỹ đại số tuyến tính, hiện là ngành toán học yêu thích của tôi.",positive,thiet_bi_day_hoc
11106,"Tôi cũng xin cảm ơn. Tôi thực sự thích điều này loạt bài, và đã học kỹ đại số tuyến tính, hiện là ngành toán học yêu thích của tôi.",positive,chuong_trinh_hoc
11107,"Toán học không chỉ giới hạn ở công thức và đại số, mà còn là về hiểu biết sâu sắc và quá trình suy nghĩ, và điều đó làm cho nó trở nên đẹp đẽ. Cảm ơn Giáo sư Gilbert Strang vì những bài giảng tuyệt vời",positive,ky_nang_giang_day
11108,Vẻ đẹp thuần khiết. Tôi vừa hoàn thành khóa học chỉ vì niềm vui được giải thích rất hay toán học. Cảm ơn rất nhiều giáo sư Auroux và MIT. Chúa phù hộ bạn.,positive,chuong_trinh_hoc
11108,Vẻ đẹp thuần khiết. Tôi vừa hoàn thành khóa học chỉ vì niềm vui được giải thích rất hay toán học. Cảm ơn rất nhiều giáo sư Auroux và MIT. Chúa phù hộ bạn.,positive,ky_nang_giang_day
11108,Vẻ đẹp thuần khiết. Tôi vừa hoàn thành khóa học chỉ vì niềm vui được giải thích rất hay toán học. Cảm ơn rất nhiều giáo sư Auroux và MIT. Chúa phù hộ bạn.,positive,noi_chung
11108,Vẻ đẹp thuần khiết. Tôi vừa hoàn thành khóa học chỉ vì niềm vui được giải thích rất hay toán học. Cảm ơn rất nhiều giáo sư Auroux và MIT. Chúa phù hộ bạn.,positive,kien_thuc
11109,"Độ lớn của tích có hướng là diện tích..Nhưng làm sao tôi có thể tìm được độ lớn của một vectơ có ba thành phần i, j, k?",neutral,kien_thuc
11109,"Độ lớn của tích có hướng là diện tích..Nhưng làm sao tôi có thể tìm được độ lớn của một vectơ có ba thành phần i, j, k?",neutral,kien_thuc
11109,"Độ lớn của tích có hướng là diện tích..Nhưng làm sao tôi có thể tìm được độ lớn của một vectơ có ba thành phần i, j, k?",neutral,kien_thuc
11109,"Độ lớn của tích có hướng là diện tích..Nhưng làm sao tôi có thể tìm được độ lớn của một vectơ có ba thành phần i, j, k?",neutral,kien_thuc
11110,"18:09 tại sao r lại đi từ 0 đến 1? Tôi nghĩ định nghĩa của S trong bài toán này cần furtherclarification. S phải là một paraboloid của z = x^2 + y^2 giữa z=0 và z=1. Chỉ nói ""phía trên đĩa đơn vị"" thì hơi khó hiểu.",negative,kien_thuc
11110,"18:09 tại sao r lại đi từ 0 đến 1? Tôi nghĩ định nghĩa của S trong bài toán này cần furtherclarification. S phải là một paraboloid của z = x^2 + y^2 giữa z=0 và z=1. Chỉ nói ""phía trên đĩa đơn vị"" thì hơi khó hiểu.",negative,kien_thuc
11111,"Đại số tuyến tính vô dụng? Đồ ngốc, chính chiếc máy tính mà bạn đang viết bình luận này sẽ không tồn tại nếu không có nó... chết tiệt, không có gì trong thế giới hiện đại hoạt động nếu không có đại số tuyến tính được sử dụng trong nền. Hãy học một cái gì đó trước khi chia sẻ sự thiếu hiểu biết của bạn.",positive,kien_thuc
11112,Bài này dễ hơn nhiều bài giảng so với những bài trước. Cảm ơn Chúa vì đã nghỉ giải lao.,positive,chuong_trinh_hoc
11113,"Cái hay của phép tính vi phân là bản thân máy móc không phức tạp, công cụ thì hạn chế, nhưng phạm vi và ứng dụng thì rộng như trí tưởng tượng của con người. Bạn chỉ cần phát triển trực giác và mọi thứ sẽ trở nên dễ dàng, tốt bài giảng của OCW, như mọi khi",positive,chuong_trinh_hoc
11114,Thật tuyệt vời! Cảm ơn giáo sư!,positive,ky_nang_giang_day
11114,Thật tuyệt vời! Cảm ơn giáo sư!,positive,chuong_trinh_hoc
11115,Cảm ơn bạn rất nhiều Tiến sĩ Strang đã làm cho điều này trở nên trực quan và tự nhiên. Tôi chỉ xem qua SVD từng phần và chưa bao giờ có thể coi là hiểu đủ tốt cho đến khi tôi thấy điều này bài giảng.,positive,ky_nang_giang_day
11115,Cảm ơn bạn rất nhiều Tiến sĩ Strang đã làm cho điều này trở nên trực quan và tự nhiên. Tôi chỉ xem qua SVD từng phần và chưa bao giờ có thể coi là hiểu đủ tốt cho đến khi tôi thấy điều này bài giảng.,positive,kien_thuc
11115,Cảm ơn bạn rất nhiều Tiến sĩ Strang đã làm cho điều này trở nên trực quan và tự nhiên. Tôi chỉ xem qua SVD từng phần và chưa bao giờ có thể coi là hiểu đủ tốt cho đến khi tôi thấy điều này bài giảng.,positive,chuong_trinh_hoc
11116,"Cảm giác như tôi biết rõ mọi thứ trong bài giảng, nhưng khi tôi ngồi làm bài tập, tôi không thể giải được hầu hết các bài. Có đáng để tiếp tục không?",positive,chuong_trinh_hoc
11116,"Cảm giác như tôi biết rõ mọi thứ trong bài giảng, nhưng khi tôi ngồi làm bài tập, tôi không thể giải được hầu hết các bài. Có đáng để tiếp tục không?",negative,noi_chung
11116,"Cảm giác như tôi biết rõ mọi thứ trong bài giảng, nhưng khi tôi ngồi làm bài tập, tôi không thể giải được hầu hết các bài. Có đáng để tiếp tục không?",negative,chuong_trinh_hoc
11117,"Từ khoảng 20:00 trở đi giáo sư không giải thích rõ ràng cách ông ấy chuyển đổi dx.dy sang r.dr.d(theta). Có ai có thể giúp tôi không? Ý tôi là, hãy chỉ cho tôi từng bước một. Tôi sẽ rất biết ơn. [iminent=aqC6F9gUWfOB] Những thái độ cao quý xứng đáng được ghi nhận.",neutral,ky_nang_giang_day
11117,"Từ khoảng 20:00 trở đi giáo sư không giải thích rõ ràng cách ông ấy chuyển đổi dx.dy sang r.dr.d(theta). Có ai có thể giúp tôi không? Ý tôi là, hãy chỉ cho tôi từng bước một. Tôi sẽ rất biết ơn. [iminent=aqC6F9gUWfOB] Những thái độ cao quý xứng đáng được ghi nhận.",neutral,kien_thuc
11117,"Từ khoảng 20:00 trở đi giáo sư không giải thích rõ ràng cách ông ấy chuyển đổi dx.dy sang r.dr.d(theta). Có ai có thể giúp tôi không? Ý tôi là, hãy chỉ cho tôi từng bước một. Tôi sẽ rất biết ơn. [iminent=aqC6F9gUWfOB] Những thái độ cao quý xứng đáng được ghi nhận.",neutral,kien_thuc
11118,Cảm ơn Giáo sư Strang và toàn thể nhóm MIT đã cung cấp một trong những nội dung tuyệt vời nhất miễn phí. Tôi đã hoàn thành hành trình ngày hôm nay.,positive,ky_nang_giang_day
11118,Cảm ơn Giáo sư Strang và toàn thể nhóm MIT đã cung cấp một trong những nội dung tuyệt vời nhất miễn phí. Tôi đã hoàn thành hành trình ngày hôm nay.,positive,noi_chung
11119,"Từ 10:40 Giáo sư đã thay đổi ký hiệu, đúng không? Tôi nghĩ anh ấy đã hoán đổi ký hiệu của g(.) và b(.).",neutral,ky_nang_giang_day
11119,"Từ 10:40 Giáo sư đã thay đổi ký hiệu, đúng không? Tôi nghĩ anh ấy đã hoán đổi ký hiệu của g(.) và b(.).",neutral,kien_thuc
11119,"Từ 10:40 Giáo sư đã thay đổi ký hiệu, đúng không? Tôi nghĩ anh ấy đã hoán đổi ký hiệu của g(.) và b(.).",neutral,kien_thuc
11120,"Trời ơi, tôi thích cách bạn dạy quá!",positive,ky_nang_giang_day
11121,"sau 10 năm, tôi vẫn không hiểu rõ tại sao chiều của không gian rỗng lại là n-r...",neutral,kien_thuc
11122,Có ai có thể cho tôi biết tại sao ở phút 7:50 giây ∆x lại tiến tới 1 chứ không phải 0 không?,neutral,kien_thuc
11123,"Trời ơi, ước gì trường tôi có những thứ đó bảng đen. Không, tôi đùa thôi - MIT tuyệt lắm! Ước gì tôi có cái này giáo sư!",positive,ky_nang_giang_day
11123,"Trời ơi, ước gì trường tôi có những thứ đó bảng đen. Không, tôi đùa thôi - MIT tuyệt lắm! Ước gì tôi có cái này giáo sư!",positive,thiet_bi_day_hoc
11124,"Thật vui khi thấy những điều này bài giảng. Sẽ là một vinh dự nếu được giảng dạy bởi những điều này giáo sư! Rất nhiều điều đang trở nên có ý nghĩa ngày nay, những điều không có ý nghĩa khi tôi học đại học cách đây một thập kỷ.",positive,chuong_trinh_hoc
11124,"Thật vui khi thấy những điều này bài giảng. Sẽ là một vinh dự nếu được giảng dạy bởi những điều này giáo sư! Rất nhiều điều đang trở nên có ý nghĩa ngày nay, những điều không có ý nghĩa khi tôi học đại học cách đây một thập kỷ.",positive,ky_nang_giang_day
11125,"Trẻ em lần đầu tiên nhìn thấy đường tròn, và học sinh JEE ở ẤN ĐỘ nhớ lại sau khi giải các câu hỏi ROTATION :)",positive,thiet_bi_day_hoc
11126,"Giáo sư: ""bạn dễ bị kích thích quá"" hahahahaha @35:47",neutral,ky_nang_giang_day
11127,Tôi đã vượt qua đủ các kỳ thi toán và các môn khác. Tôi bỏ lớp vì những người khác sinh viên và giảng viên điên rồ.,negative,noi_chung
11127,Tôi đã vượt qua đủ các kỳ thi toán và các môn khác. Tôi bỏ lớp vì những người khác sinh viên và giảng viên điên rồ.,negative,ky_nang_giang_day
11128,Thực sự rất thích điều này bài giảng..giúp tôi hiểu về tích phân kép bằng hình ảnh trực quan hoàn hảo...cảm ơn bạn giáo sư.,positive,chuong_trinh_hoc
11128,Thực sự rất thích điều này bài giảng..giúp tôi hiểu về tích phân kép bằng hình ảnh trực quan hoàn hảo...cảm ơn bạn giáo sư.,positive,ky_nang_giang_day
11129,"Câu hỏi ở phút 30:51 là gì? À, và từ Parallelipiped nghe buồn cười quá.",positive,kien_thuc
11130,"Tôi không nghi ngờ gì rằng người đàn ông này là một thiên tài về đại số tuyến tính, nhưng tôi không hiểu anh ta đang nói về điều gì. Cách nói của anh ta người đàn ông này không phải là tuyến tính.",negative,ky_nang_giang_day
11131,Có phần tiếp theo không? Giống như Đại số tuyến tính 2?,neutral,kien_thuc
11132,Đây là cách cách đúng đắn nhất để học đại số tuyến tính. Thiết lập ý nghĩa trực tiếp nhưng không bị chôn vùi giữa hàng ngàn định nghĩa và chứng minh.,negative,kien_thuc
11132,Đây là cách cách đúng đắn nhất để học đại số tuyến tính. Thiết lập ý nghĩa trực tiếp nhưng không bị chôn vùi giữa hàng ngàn định nghĩa và chứng minh.,positive,chuong_trinh_hoc
11132,Đây là cách cách đúng đắn nhất để học đại số tuyến tính. Thiết lập ý nghĩa trực tiếp nhưng không bị chôn vùi giữa hàng ngàn định nghĩa và chứng minh.,positive,noi_chung
11133,"Chết tiệt, đây là một bài giảng tuyệt vời.... bằng cách nào đó kết nối với bài toán bình phương nhỏ nhất bằng cách diễn giải đại số tuyến tính thuần túy mà không cần sử dụng phép tính. Thật là một sự khai sáng.",positive,chuong_trinh_hoc
11133,"Chết tiệt, đây là một bài giảng tuyệt vời.... bằng cách nào đó kết nối với bài toán bình phương nhỏ nhất bằng cách diễn giải đại số tuyến tính thuần túy mà không cần sử dụng phép tính. Thật là một sự khai sáng.",positive,kien_thuc
11134,"tốt bài giảng, cảm ơn ông auroux",positive,chuong_trinh_hoc
11134,"tốt bài giảng, cảm ơn ông auroux",positive,ky_nang_giang_day
11135,LOL khi bỏ phiếu cho công thức tổng của sin,positive,kien_thuc
11136,Sẽ hữu ích nếu có cái nhìn hình học về nó. Tuyệt vời bài giảng!,positive,chuong_trinh_hoc
11137,chín người vô tình bỏ lỡ nút like vài cm,positive,chuong_trinh_hoc
11138,"Có chuyện gì với những thằng khốn nạn đi trễ 14 phút và bắt đầu di chuyển đồ đạc, kéo khóa và mở khóa cặp sách khốn kiếp của chúng thế? Tôi ước Strang có chút Sadoway trong người và đuổi những thằng ngốc kiêu ngạo đó ra ngoài.",negative,ky_nang_giang_day
11139,"Đối với bất kỳ ai đang bối rối tại sao u[t] = exp(At* u[0]) lại hiển thị ở đây, một video do @3Blue1Brown thực hiện thực sự giải thích rõ ràng: Tiêu đề: 'Cách (và lý do) nâng e lên lũy thừa của ma trận | DE6' Liên kết: https://www.youtube.com/watch?v=O85OWBJ2ayo&list=PLZHQObOWTQDNPOjrT6KVlfJuKtYTftqH6&index=7&ab_channel=3Blue1Brown Hy vọng điều này có thể giúp ích cho bạn~",positive,ky_nang_giang_day
11139,"Đối với bất kỳ ai đang bối rối tại sao u[t] = exp(At* u[0]) lại hiển thị ở đây, một video do @3Blue1Brown thực hiện thực sự giải thích rõ ràng: Tiêu đề: 'Cách (và lý do) nâng e lên lũy thừa của ma trận | DE6' Liên kết: https://www.youtube.com/watch?v=O85OWBJ2ayo&list=PLZHQObOWTQDNPOjrT6KVlfJuKtYTftqH6&index=7&ab_channel=3Blue1Brown Hy vọng điều này có thể giúp ích cho bạn~",neutral,kien_thuc
11140,"Nếu tôi có hình xăm, tôi sẽ xăm tên Gilbert Strang lên đó:) Anh chàng tuyệt vời, tuyệt vời bài giảng, tuyệt vời MIT",positive,ky_nang_giang_day
11140,"Nếu tôi có hình xăm, tôi sẽ xăm tên Gilbert Strang lên đó:) Anh chàng tuyệt vời, tuyệt vời bài giảng, tuyệt vời MIT",positive,chuong_trinh_hoc
11141,"Tôi đã mua cuốn sách Linear Algebra and Learning from Data, nó được sử dụng làm ghi chú khóa học cho loạt khóa học. Tôi có thể mượn nó miễn phí từ thư viện trường đại học của mình, nhưng tôi thực sự nghĩ rằng đây là một cuốn sách đáng để giữ lại và tôi muốn bày tỏ sự kính trọng của mình đối với Tiến sĩ Strang vì đã chia sẻ trí tuệ của mình một cách vô tư, cảm ơn giáo sư.",positive,ky_nang_giang_day
11142,"Wow, NULL thật tuyệt vời khi đưa những điều này lên Youtube.",positive,chuong_trinh_hoc
11142,"Wow, NULL thật tuyệt vời khi đưa những điều này lên Youtube.",positive,noi_chung
11143,"Giảng viên: ""Thực ra tôi có xu hướng nói nhanh hơn, vì vậy tôi hy vọng mọi người hiểu"" Tôi: phát ở tốc độ gấp 2 lần",neutral,ky_nang_giang_day
11144,Điều này chứng tỏ rằng bạn có thể là một người thông minh nhưng lại là một giáo viên tệ hại. MIT hoặc không thì tôi vẫn sẽ chọn Khan Academy.,negative,chuong_trinh_hoc
11144,Điều này chứng tỏ rằng bạn có thể là một người thông minh nhưng lại là một giáo viên tệ hại. MIT hoặc không thì tôi vẫn sẽ chọn Khan Academy.,negative,chuong_trinh_hoc
11145,Chỉ là một giáo sư và khóa học phi thường. Tôi đã xem một vài bài giảng để giúp một trong những đứa con của mình trong môn tính khóa học và cuối cùng đã học toàn bộ lớp vì nó rất thú vị. THÚ VỊ! Làm tốt lắm MIT. Nỗ lực mà bạn dành cho những OCW khóa học này thực sự được đánh giá cao.,positive,ky_nang_giang_day
11145,Chỉ là một giáo sư và khóa học phi thường. Tôi đã xem một vài bài giảng để giúp một trong những đứa con của mình trong môn tính khóa học và cuối cùng đã học toàn bộ lớp vì nó rất thú vị. THÚ VỊ! Làm tốt lắm MIT. Nỗ lực mà bạn dành cho những OCW khóa học này thực sự được đánh giá cao.,positive,chuong_trinh_hoc
11145,Chỉ là một giáo sư và khóa học phi thường. Tôi đã xem một vài bài giảng để giúp một trong những đứa con của mình trong môn tính khóa học và cuối cùng đã học toàn bộ lớp vì nó rất thú vị. THÚ VỊ! Làm tốt lắm MIT. Nỗ lực mà bạn dành cho những OCW khóa học này thực sự được đánh giá cao.,positive,chuong_trinh_hoc
11146,Tuyệt vời bài giảng! Thật may mắn khi được học lớp trực tuyến của giáo sư Strang.,positive,chuong_trinh_hoc
11146,Tuyệt vời bài giảng! Thật may mắn khi được học lớp trực tuyến của giáo sư Strang.,positive,ky_nang_giang_day
11147,vui lòng đăng khóa học giới thiệu về xác suất! :D btw cảm ơn bạn vì video!,positive,de_xuat
11148,37:13 Có ai có thể cho tôi biết tại sao lại như vậy không? (-1/độ dốc của tiếp tuyến),neutral,kien_thuc
11149,Đúng vậy... thế hệ tiếp theo sẽ thông minh hơn chúng ta rất nhiều... bởi vì cuối cùng mọi chuyên ngành chính trường đại học sẽ thực hiện OCW... và sinh viên sẽ được lắng nghe rất nhiều chuyên gia khác nhau giáo sư về cùng một chủ đề,neutral,noi_chung
11149,Đúng vậy... thế hệ tiếp theo sẽ thông minh hơn chúng ta rất nhiều... bởi vì cuối cùng mọi chuyên ngành chính trường đại học sẽ thực hiện OCW... và sinh viên sẽ được lắng nghe rất nhiều chuyên gia khác nhau giáo sư về cùng một chủ đề,neutral,noi_chung
11149,Đúng vậy... thế hệ tiếp theo sẽ thông minh hơn chúng ta rất nhiều... bởi vì cuối cùng mọi chuyên ngành chính trường đại học sẽ thực hiện OCW... và sinh viên sẽ được lắng nghe rất nhiều chuyên gia khác nhau giáo sư về cùng một chủ đề,neutral,ky_nang_giang_day
11150,"DR. Strang, đây là một bài giảng tuyệt vời chứng minh sức mạnh của số đại số tuyến tính. Lý thuyết/Kỹ thuật điều khiển sử dụng một lượng lớn đại số tuyến tính để giải quyết các vấn đề kiểu vệ tinh. Hệ thống rô bốt, là một phần của Kỹ thuật điều khiển cũng sử dụng một liều lượng lớn đại số tuyến tính.",positive,chuong_trinh_hoc
11150,"DR. Strang, đây là một bài giảng tuyệt vời chứng minh sức mạnh của số đại số tuyến tính. Lý thuyết/Kỹ thuật điều khiển sử dụng một lượng lớn đại số tuyến tính để giải quyết các vấn đề kiểu vệ tinh. Hệ thống rô bốt, là một phần của Kỹ thuật điều khiển cũng sử dụng một liều lượng lớn đại số tuyến tính.",positive,ky_nang_giang_day
11150,"DR. Strang, đây là một bài giảng tuyệt vời chứng minh sức mạnh của số đại số tuyến tính. Lý thuyết/Kỹ thuật điều khiển sử dụng một lượng lớn đại số tuyến tính để giải quyết các vấn đề kiểu vệ tinh. Hệ thống rô bốt, là một phần của Kỹ thuật điều khiển cũng sử dụng một liều lượng lớn đại số tuyến tính.",positive,kien_thuc
11150,"DR. Strang, đây là một bài giảng tuyệt vời chứng minh sức mạnh của số đại số tuyến tính. Lý thuyết/Kỹ thuật điều khiển sử dụng một lượng lớn đại số tuyến tính để giải quyết các vấn đề kiểu vệ tinh. Hệ thống rô bốt, là một phần của Kỹ thuật điều khiển cũng sử dụng một liều lượng lớn đại số tuyến tính.",positive,kien_thuc
11151,"đó là phần dễ nhất của calcmath sẽ kiểm tra kỹ năng logic/giải quyết vấn đề của bạn, không phải kỹ năng ghi nhớ của bạn",neutral,kien_thuc
11152,thực sự đã làm rung chuyển thế giới của tôi! lắng nghe bài giảng của ông ấy quả là một niềm vui!,positive,chuong_trinh_hoc
11153,Tôi thấy bài giảng này hơi hỗn loạn.,neutral,chuong_trinh_hoc
11154,Tôi thích phong cách của anh chàng này... Có vẻ như không tìm thấy video nào trên trang web của họ...,positive,ky_nang_giang_day
11155,bạn đã phân tích 19:53 phương trình vi phân như thế nào?,neutral,kien_thuc
11156,Ông Strang! Ahahaha hay quá vào lúc 43:10,positive,ky_nang_giang_day
11157,@[USERNAME]Tôi nghĩ số liệu thống kê này là đúng. Bởi vì tôi không nghĩ sinh viên cần xem lại bài giảng mà họ đã xem trực tiếp ở trường đại học lần thứ hai. Tôi nghĩ những video này dành cho những người tự học hoặc những người muốn làm mới lại trí óc. Tôi 25 tuổi và tôi không phải là sinh viên.,neutral,chuong_trinh_hoc
11158,"ai có thể thêm nút không thích vào đây vậy? Nó miễn phí bài giảng, bạn sẽ bị bệnh và bạn có thể tìm thấy những gì bạn đã mất ở đây!! cảm ơn bạn MIT!",positive,chuong_trinh_hoc
11158,"ai có thể thêm nút không thích vào đây vậy? Nó miễn phí bài giảng, bạn sẽ bị bệnh và bạn có thể tìm thấy những gì bạn đã mất ở đây!! cảm ơn bạn MIT!",positive,noi_chung
11159,"Những khóa học này thật tuyệt vời, Cảm ơn bạn rất nhiều MIT OCW",positive,chuong_trinh_hoc
11159,"Những khóa học này thật tuyệt vời, Cảm ơn bạn rất nhiều MIT OCW",positive,noi_chung
11160,"Thì sao nếu anh ấy quên? giáo viên của tôi quên rất nhiều công thức, nhưng anh ấy vẫn là một quái vật ở tích hợp.",neutral,kien_thuc
11160,"Thì sao nếu anh ấy quên? giáo viên của tôi quên rất nhiều công thức, nhưng anh ấy vẫn là một quái vật ở tích hợp.",positive,kien_thuc
11160,"Thì sao nếu anh ấy quên? giáo viên của tôi quên rất nhiều công thức, nhưng anh ấy vẫn là một quái vật ở tích hợp.",positive,ky_nang_giang_day
11161,Tại sao anh ấy lại chia (x^10-1) và (x^2-1) cho NULL? Ai đó vui lòng giải thích cho tôi được không? Tôi thực sự rất cảm kích. Cảm ơn! :D <3,neutral,ky_nang_giang_day
11161,Tại sao anh ấy lại chia (x^10-1) và (x^2-1) cho NULL? Ai đó vui lòng giải thích cho tôi được không? Tôi thực sự rất cảm kích. Cảm ơn! :D <3,neutral,kien_thuc
11161,Tại sao anh ấy lại chia (x^10-1) và (x^2-1) cho NULL? Ai đó vui lòng giải thích cho tôi được không? Tôi thực sự rất cảm kích. Cảm ơn! :D <3,neutral,kien_thuc
11161,Tại sao anh ấy lại chia (x^10-1) và (x^2-1) cho NULL? Ai đó vui lòng giải thích cho tôi được không? Tôi thực sự rất cảm kích. Cảm ơn! :D <3,neutral,kien_thuc
11162,Cuối cùng tại sao ông ấy lại nói rằng ma trận chuyển đổi phương trình vi phân bậc 5 thành phương trình vi phân bậc 1! có những bậc cao hơn ở vế trái...,neutral,kien_thuc
11163,"Tôi chỉ xem vì tò mò thôi, nhưng anh ấy giải thích điều này tốt hơn nhiều so với giáo viên của tôi khi tôi còn đi học....",positive,ky_nang_giang_day
11163,"Tôi chỉ xem vì tò mò thôi, nhưng anh ấy giải thích điều này tốt hơn nhiều so với giáo viên của tôi khi tôi còn đi học....",negative,ky_nang_giang_day
11164,"Tôi vừa bị điểm khá thấp điểm trong lớp, ước gì tôi dành nhiều thời gian hơn để xem video của anh ấy...",negative,noi_chung
11164,"Tôi vừa bị điểm khá thấp điểm trong lớp, ước gì tôi dành nhiều thời gian hơn để xem video của anh ấy...",positive,chuong_trinh_hoc
11165,Anh chàng này dễ thương quá,positive,ky_nang_giang_day
11166,9 người không thích điều này video...,negative,chuong_trinh_hoc
11167,"vào khoảng 14:04, liên quan đến thông lượng thì sao nếu đường cong cũng đang chuyển động? Làm thế nào để giải quyết vấn đề đó?",neutral,kien_thuc
11168,"Điều này bài giảng khiến tôi đau đầu, có lẽ vì tôi không biết gì về vật lý.",negative,chuong_trinh_hoc
11169,Giáo sư Alex: Thế giới là Sylvester.Tweety: Này! Còn tôi thì sao?,neutral,ky_nang_giang_day
11170,hay bài giảng nhưng tôi luôn nghe thấy tích COS hơn là tích CROSS...,positive,chuong_trinh_hoc
11171,X²+y²+z²1 là phương trình của hình cầu đơn vị,neutral,kien_thuc
11171,X²+y²+z²1 là phương trình của hình cầu đơn vị,neutral,kien_thuc
11172,tại sao chúng ta luôn xem xét bề mặt phẳng để chứng minh rằng độ dốc là vuông góc với vectơ tiếp tuyến của bề mặt... điều gì sẽ xảy ra nếu hạt di chuyển trên một bề mặt không có giá trị hằng số trong toàn bộ miền định nghĩa của nó?,neutral,kien_thuc
11172,tại sao chúng ta luôn xem xét bề mặt phẳng để chứng minh rằng độ dốc là vuông góc với vectơ tiếp tuyến của bề mặt... điều gì sẽ xảy ra nếu hạt di chuyển trên một bề mặt không có giá trị hằng số trong toàn bộ miền định nghĩa của nó?,neutral,kien_thuc
11172,tại sao chúng ta luôn xem xét bề mặt phẳng để chứng minh rằng độ dốc là vuông góc với vectơ tiếp tuyến của bề mặt... điều gì sẽ xảy ra nếu hạt di chuyển trên một bề mặt không có giá trị hằng số trong toàn bộ miền định nghĩa của nó?,neutral,kien_thuc
11172,tại sao chúng ta luôn xem xét bề mặt phẳng để chứng minh rằng độ dốc là vuông góc với vectơ tiếp tuyến của bề mặt... điều gì sẽ xảy ra nếu hạt di chuyển trên một bề mặt không có giá trị hằng số trong toàn bộ miền định nghĩa của nó?,neutral,kien_thuc
11172,tại sao chúng ta luôn xem xét bề mặt phẳng để chứng minh rằng độ dốc là vuông góc với vectơ tiếp tuyến của bề mặt... điều gì sẽ xảy ra nếu hạt di chuyển trên một bề mặt không có giá trị hằng số trong toàn bộ miền định nghĩa của nó?,neutral,kien_thuc
11172,tại sao chúng ta luôn xem xét bề mặt phẳng để chứng minh rằng độ dốc là vuông góc với vectơ tiếp tuyến của bề mặt... điều gì sẽ xảy ra nếu hạt di chuyển trên một bề mặt không có giá trị hằng số trong toàn bộ miền định nghĩa của nó?,neutral,kien_thuc
11173,"Một trong những lý do tôi thực sự thích điều tuyệt vời này giáo viên là anh ấy luôn xóa ba mảnh bảng đen liên tiếp, vì vậy tôi có cơ hội bỏ qua",positive,ky_nang_giang_day
11174,"Vâng, đây là một môn toán cực kỳ thiếu hiểu biết lớp. Làm sao người ta có thể học được phép tính đa biến nếu không có kiến thức vững chắc về lượng giác và hình học vectơ?",negative,chuong_trinh_hoc
11175,"Khi chứng minh rằng (1-cosθ/θ) có xu hướng bằng 0 khi θ tiến tới 0 trong cách diễn giải hình học, thì ông ấy không nên sử dụng 2θ thay cho θ, vì ông ấy đã sao chép theta khi ông ấy phản chiếu nó trên thứ có vẻ là trục x sao? Ngoài ra, tại sao ông ấy lại sử dụng thứ có vẻ với tôi giống như sinθ (đường màu xanh lá cây biểu thị chiều cao của một điểm cụ thể trên đường tròn đơn vị) khi chứng minh rằng tử số của hàm giảm ""nhanh"" hơn đáng kể so với mẫu số, vì θ phải là độ dài của cung từ 0 đến một góc cụ thể trên đường tròn đơn vị?",negative,kien_thuc
11175,"Khi chứng minh rằng (1-cosθ/θ) có xu hướng bằng 0 khi θ tiến tới 0 trong cách diễn giải hình học, thì ông ấy không nên sử dụng 2θ thay cho θ, vì ông ấy đã sao chép theta khi ông ấy phản chiếu nó trên thứ có vẻ là trục x sao? Ngoài ra, tại sao ông ấy lại sử dụng thứ có vẻ với tôi giống như sinθ (đường màu xanh lá cây biểu thị chiều cao của một điểm cụ thể trên đường tròn đơn vị) khi chứng minh rằng tử số của hàm giảm ""nhanh"" hơn đáng kể so với mẫu số, vì θ phải là độ dài của cung từ 0 đến một góc cụ thể trên đường tròn đơn vị?",negative,kien_thuc
11175,"Khi chứng minh rằng (1-cosθ/θ) có xu hướng bằng 0 khi θ tiến tới 0 trong cách diễn giải hình học, thì ông ấy không nên sử dụng 2θ thay cho θ, vì ông ấy đã sao chép theta khi ông ấy phản chiếu nó trên thứ có vẻ là trục x sao? Ngoài ra, tại sao ông ấy lại sử dụng thứ có vẻ với tôi giống như sinθ (đường màu xanh lá cây biểu thị chiều cao của một điểm cụ thể trên đường tròn đơn vị) khi chứng minh rằng tử số của hàm giảm ""nhanh"" hơn đáng kể so với mẫu số, vì θ phải là độ dài của cung từ 0 đến một góc cụ thể trên đường tròn đơn vị?",neutral,ky_nang_giang_day
11175,"Khi chứng minh rằng (1-cosθ/θ) có xu hướng bằng 0 khi θ tiến tới 0 trong cách diễn giải hình học, thì ông ấy không nên sử dụng 2θ thay cho θ, vì ông ấy đã sao chép theta khi ông ấy phản chiếu nó trên thứ có vẻ là trục x sao? Ngoài ra, tại sao ông ấy lại sử dụng thứ có vẻ với tôi giống như sinθ (đường màu xanh lá cây biểu thị chiều cao của một điểm cụ thể trên đường tròn đơn vị) khi chứng minh rằng tử số của hàm giảm ""nhanh"" hơn đáng kể so với mẫu số, vì θ phải là độ dài của cung từ 0 đến một góc cụ thể trên đường tròn đơn vị?",negative,kien_thuc
11176,Người đàn ông này là một huyền thoại. Cảm ơn vì tất cả.,positive,ky_nang_giang_day
11177,"Tôi hoàn toàn tuân theo MIT phần mềm giáo trình để học các khóa học tiền kỹ thuật của mình, thật tuyệt > cảm ơn MIT",positive,chuong_trinh_hoc
11178,"Lời giải thích về cánh đồng ngô làm tôi kinh ngạc! Cảm ơn, giờ tôi đã hiểu trường vector!",positive,kien_thuc
11179,Tại sao âm lượng lại thấp,negative,thiet_bi_day_hoc
11180,Anh ấy có giọng Pháp dễ thương quá ^^ Tuyệt vời Bài giảng,positive,ky_nang_giang_day
11180,Anh ấy có giọng Pháp dễ thương quá ^^ Tuyệt vời Bài giảng,positive,chuong_trinh_hoc
11181,Vậy thì.. tích phân đường trên vô hướng valued functions không được đề cập trong course) này sao?? Sao dám u!!,negative,chuong_trinh_hoc
11181,Vậy thì.. tích phân đường trên vô hướng valued functions không được đề cập trong course) này sao?? Sao dám u!!,neutral,noi_chung
11182,Ôi. Chúa. Tôi đang học đa biến vào năm cuối cấp 3 và tuần tới là kỳ thi cuối kỳ. Thật tuyệt vời. CẢM ƠN MIT.,neutral,chuong_trinh_hoc
11182,Ôi. Chúa. Tôi đang học đa biến vào năm cuối cấp 3 và tuần tới là kỳ thi cuối kỳ. Thật tuyệt vời. CẢM ƠN MIT.,positive,noi_chung
11183,Sự phát minh và phát triển của Google là do Ma trận Markov. Những thứ chúng ta nhìn thấy và sử dụng hàng ngày trong cuộc sống đều được xây dựng trên lý thuyết và khái niệm toán học.,positive,kien_thuc
11184,"Mọi sinh vật đều may mắn khi có Gilbert Strang, dù họ có nhận ra điều đó hay không.",positive,ky_nang_giang_day
11185,"Đây không phải là bài giảng, đây là nghệ thuật.",positive,chuong_trinh_hoc
11186,"vâng, mọi chuyện trở nên phức tạp khi công thức phái sinh được đưa vào.",neutral,kien_thuc
11187,"Tôi thấy những video này khá thú vị, tuy nhiên sự lộn xộn tại thời điểm viết mà nhiều giáo viên gặp phải làm tôi khó chịu. Chữ viết tay không rõ ràng và lộn xộn. Sẽ rất tuyệt nếu họ có thể cải thiện những khía cạnh đó.",negative,ky_nang_giang_day
11187,"Tôi thấy những video này khá thú vị, tuy nhiên sự lộn xộn tại thời điểm viết mà nhiều giáo viên gặp phải làm tôi khó chịu. Chữ viết tay không rõ ràng và lộn xộn. Sẽ rất tuyệt nếu họ có thể cải thiện những khía cạnh đó.",negative,noi_chung
11188,Anh chàng này thực sự là một giáo viên giỏi.,positive,ky_nang_giang_day
11189,"Thay vì toán, môn học khác vedios không có lời bài hát. Tôi hy vọng họ sẽ thực hiện các bước cần thiết càng sớm càng tốt.",neutral,kien_thuc
11189,"Thay vì toán, môn học khác vedios không có lời bài hát. Tôi hy vọng họ sẽ thực hiện các bước cần thiết càng sớm càng tốt.",negative,thiet_bi_day_hoc
11189,"Thay vì toán, môn học khác vedios không có lời bài hát. Tôi hy vọng họ sẽ thực hiện các bước cần thiết càng sớm càng tốt.",negative,thiet_bi_day_hoc
11189,"Thay vì toán, môn học khác vedios không có lời bài hát. Tôi hy vọng họ sẽ thực hiện các bước cần thiết càng sớm càng tốt.",negative,ky_nang_giang_day
11190,"43:30 Làm sao không gian cột của Q có thể giống với không gian cột của A?? Tôi biết rằng chiều của chúng giống nhau, nhưng Q được tạo thành từ vectơ trực giao còn A thì không. Tôi cần một số trợ giúp từ các bạn {{{(>_<)}}}",neutral,kien_thuc
11190,"43:30 Làm sao không gian cột của Q có thể giống với không gian cột của A?? Tôi biết rằng chiều của chúng giống nhau, nhưng Q được tạo thành từ vectơ trực giao còn A thì không. Tôi cần một số trợ giúp từ các bạn {{{(>_<)}}}",neutral,kien_thuc
11190,"43:30 Làm sao không gian cột của Q có thể giống với không gian cột của A?? Tôi biết rằng chiều của chúng giống nhau, nhưng Q được tạo thành từ vectơ trực giao còn A thì không. Tôi cần một số trợ giúp từ các bạn {{{(>_<)}}}",neutral,kien_thuc
11190,"43:30 Làm sao không gian cột của Q có thể giống với không gian cột của A?? Tôi biết rằng chiều của chúng giống nhau, nhưng Q được tạo thành từ vectơ trực giao còn A thì không. Tôi cần một số trợ giúp từ các bạn {{{(>_<)}}}",neutral,kien_thuc
11191,video này thật tuyệt vời! TUYỆT VỜI! Tất cả nguyên tắc đều phù hợp với thực tế một cách tuyệt vời! MƯỜI MƯỜI MA TRẬN.,positive,chuong_trinh_hoc
11191,video này thật tuyệt vời! TUYỆT VỜI! Tất cả nguyên tắc đều phù hợp với thực tế một cách tuyệt vời! MƯỜI MƯỜI MA TRẬN.,positive,chuong_trinh_hoc
11191,video này thật tuyệt vời! TUYỆT VỜI! Tất cả nguyên tắc đều phù hợp với thực tế một cách tuyệt vời! MƯỜI MƯỜI MA TRẬN.,positive,kien_thuc
11192,Tuyệt vời bài giảng! Phải mất một lúc tôi mới xử lý được r x v = hằng số. Tôi luôn nghĩ rằng thứ 2 của Kepler là 'diện tích bằng nhau trong thời gian bằng nhau' nhưng điều đó có nghĩa là 'tỷ lệ thuận với thời gian',positive,chuong_trinh_hoc
11192,Tuyệt vời bài giảng! Phải mất một lúc tôi mới xử lý được r x v = hằng số. Tôi luôn nghĩ rằng thứ 2 của Kepler là 'diện tích bằng nhau trong thời gian bằng nhau' nhưng điều đó có nghĩa là 'tỷ lệ thuận với thời gian',neutral,kien_thuc
11193,"Tôi không thể tin được học sinh bắt đầu thu dọn đồ đạc, đập bàn, v.v. vào lúc 48:30 trước khi anh ấy nói xong. Thật thô lỗ. Họ vừa mới được một nhà toán học lỗi lạc thuyết trình, vậy mà họ lại không tôn trọng!",negative,noi_chung
11193,"Tôi không thể tin được học sinh bắt đầu thu dọn đồ đạc, đập bàn, v.v. vào lúc 48:30 trước khi anh ấy nói xong. Thật thô lỗ. Họ vừa mới được một nhà toán học lỗi lạc thuyết trình, vậy mà họ lại không tôn trọng!",positive,ky_nang_giang_day
11194,anh chàng này thật tuyệt vời NULL ở trường đại học Toronto chẳng biết gì về toán cả...,positive,ky_nang_giang_day
11194,anh chàng này thật tuyệt vời NULL ở trường đại học Toronto chẳng biết gì về toán cả...,negative,ky_nang_giang_day
11195,Cảm ơn bạn thưa ngài. Hy vọng bạn đọc được điều này!!,positive,ky_nang_giang_day
11196,"Tôi thực sự đánh giá cao gilbert strang đã cung cấp cho chúng tôi một khóa học trực quan như vậy. Sau khi tôi xem một số khóa học của các trường cao đẳng Hoa Kỳ, tôi nghĩ rằng nền giáo dục đại học của Hoa Kỳ tốt hơn nhiều so với Trung Quốc.",positive,ky_nang_giang_day
11196,"Tôi thực sự đánh giá cao gilbert strang đã cung cấp cho chúng tôi một khóa học trực quan như vậy. Sau khi tôi xem một số khóa học của các trường cao đẳng Hoa Kỳ, tôi nghĩ rằng nền giáo dục đại học của Hoa Kỳ tốt hơn nhiều so với Trung Quốc.",positive,chuong_trinh_hoc
11197,Tôi tin rằng có một vấn đề ở 18.01sc (trên trang web MIT OCW): Một trong những video đọc thuộc lòng yêu cầu chúng ta phải lưu ý về biểu diễn các hàm dưới dạng chuỗi trước khi giới thiệu.,negative,de_xuat
11197,Tôi tin rằng có một vấn đề ở 18.01sc (trên trang web MIT OCW): Một trong những video đọc thuộc lòng yêu cầu chúng ta phải lưu ý về biểu diễn các hàm dưới dạng chuỗi trước khi giới thiệu.,neutral,kien_thuc
11198,Vấn đề về bảng phi tiêu. Hóa ra là 1% và anh ta nói rằng khá cao? Với tôi thì 1% là khá thấp.,neutral,ky_nang_giang_day
11199,"Thích bài giảng của anh ấy nhưng tôi nghĩ có một lỗi nhỏ ở đó, hãy sửa cho tôi nếu tôi sai. Giáo sư Strang,(2,2,5),(3,3,8)} tạo thành cơ sở cho R^3, nhưng tập hợp các vectơ đó không thể chỉ tạo ra các vectơ mà x1 và x2 bằng nhau sao? Vì vậy, bạn không thể lấy (1,0,0) từ các vectơ và chắc chắn không phải toàn bộ R^3, đúng không? Hàng đầu tiên và hàng thứ hai thậm chí sẽ giống hệt nhau khi viết dưới dạng Ma trận, vì vậy chúng cũng phải phụ thuộc tuyến tính vì lý do đó. Một lần nữa, có thể tôi đã bỏ qua điều gì đó nhưng nó không hợp lý với tôi. Sửa: Nên sắp xếp các bình luận theo thứ tự mới trước, có vẻ như rất nhiều người cũng thấy điều này nhưng nó không được đưa lên đầu các bình luận",positive,chuong_trinh_hoc
11199,"Thích bài giảng của anh ấy nhưng tôi nghĩ có một lỗi nhỏ ở đó, hãy sửa cho tôi nếu tôi sai. Giáo sư Strang,(2,2,5),(3,3,8)} tạo thành cơ sở cho R^3, nhưng tập hợp các vectơ đó không thể chỉ tạo ra các vectơ mà x1 và x2 bằng nhau sao? Vì vậy, bạn không thể lấy (1,0,0) từ các vectơ và chắc chắn không phải toàn bộ R^3, đúng không? Hàng đầu tiên và hàng thứ hai thậm chí sẽ giống hệt nhau khi viết dưới dạng Ma trận, vì vậy chúng cũng phải phụ thuộc tuyến tính vì lý do đó. Một lần nữa, có thể tôi đã bỏ qua điều gì đó nhưng nó không hợp lý với tôi. Sửa: Nên sắp xếp các bình luận theo thứ tự mới trước, có vẻ như rất nhiều người cũng thấy điều này nhưng nó không được đưa lên đầu các bình luận",positive,ky_nang_giang_day
11200,"Tất cả các bài giảng của chúng tôi đều sử dụng máy chiếu và máy tính, thật tuyệt khi thấy một số bảng phấn kiểu cũ trong giáo dục =)",positive,chuong_trinh_hoc
11201,phương pháp hình học để tính toán rất hữu ích trong việc hiểu tất cả các loại khái niệm.,positive,kien_thuc
11202,"Vừa hoàn thành!. 18.01. Sẽ bắt đầu sớm vào ngày 18.02. Cũng đã hoàn thành 6.042J / 18.062J, hoàn thành phần bổ sung Đơn & nhiều của Herbert Gross. (btw yên nghỉ nhé) đã nghỉ ngơi sau 6.00 (sẽ tiếp tục và hoàn thành sớm). Cảm ơn vì những điều tuyệt vời này bài giảng MIT!",positive,chuong_trinh_hoc
11202,"Vừa hoàn thành!. 18.01. Sẽ bắt đầu sớm vào ngày 18.02. Cũng đã hoàn thành 6.042J / 18.062J, hoàn thành phần bổ sung Đơn & nhiều của Herbert Gross. (btw yên nghỉ nhé) đã nghỉ ngơi sau 6.00 (sẽ tiếp tục và hoàn thành sớm). Cảm ơn vì những điều tuyệt vời này bài giảng MIT!",positive,noi_chung
11202,"Vừa hoàn thành!. 18.01. Sẽ bắt đầu sớm vào ngày 18.02. Cũng đã hoàn thành 6.042J / 18.062J, hoàn thành phần bổ sung Đơn & nhiều của Herbert Gross. (btw yên nghỉ nhé) đã nghỉ ngơi sau 6.00 (sẽ tiếp tục và hoàn thành sớm). Cảm ơn vì những điều tuyệt vời này bài giảng MIT!",positive,kien_thuc
11203,"A chuyển vị không gì khác ngoài không gian hàng đúng không? Vậy không gian Null của A chuyển vị phải nằm trong không gian hàng nhưng giáo sư lại nói A^T.(b-P)=0, trong đó b-p = e và e nằm trong không gian cột, nhưng nó phải nằm trong không gian hàng đúng không?",neutral,kien_thuc
11204,Những bài đọc này thực sự rất hay. Việc ôn lại nhanh khái niệm rất hữu ích.,positive,noi_chung
11204,Những bài đọc này thực sự rất hay. Việc ôn lại nhanh khái niệm rất hữu ích.,positive,kien_thuc
11205,"Còn ai xem ở chế độ 1.5x hoặc 1.75x không? Cảm ơn, Giáo sư Strang. Cảm ơn, MIT OCW.",positive,ky_nang_giang_day
11206,"Chà. Tôi không thể nhận ra cho đến khi tôi thấy từ lect này rằng phương pháp nhân Lagrange, ví dụ, rằng các giá trị cực đại của f được tìm thấy tại vô cực đến hypebol.",positive,chuong_trinh_hoc
11206,"Chà. Tôi không thể nhận ra cho đến khi tôi thấy từ lect này rằng phương pháp nhân Lagrange, ví dụ, rằng các giá trị cực đại của f được tìm thấy tại vô cực đến hypebol.",neutral,kien_thuc
11206,"Chà. Tôi không thể nhận ra cho đến khi tôi thấy từ lect này rằng phương pháp nhân Lagrange, ví dụ, rằng các giá trị cực đại của f được tìm thấy tại vô cực đến hypebol.",neutral,kien_thuc
11206,"Chà. Tôi không thể nhận ra cho đến khi tôi thấy từ lect này rằng phương pháp nhân Lagrange, ví dụ, rằng các giá trị cực đại của f được tìm thấy tại vô cực đến hypebol.",neutral,kien_thuc
11206,"Chà. Tôi không thể nhận ra cho đến khi tôi thấy từ lect này rằng phương pháp nhân Lagrange, ví dụ, rằng các giá trị cực đại của f được tìm thấy tại vô cực đến hypebol.",neutral,kien_thuc
11207,"Điều này khiến tôi muốn vỗ tay. Tôi đã xem bản tóm tắt của ông ấy bài giảng đánh giá lại khóa học này và tôi gần như đã vỗ tay trong nhà. Tôi nên mua cuốn sách của ông ấy - Tôi đã mua một cuốn khác hoạt động tốt, nhưng không nhấn mạnh vào hình ảnh định lý cơ bản của đại số tuyến tính không gian hàng không gian cột không gian trống không gian trái mà khóa học này phát triển.",positive,chuong_trinh_hoc
11208,"Ai đó cứu tôi với, tôi không dùng dừng lỗ Tôi không thấy nó đến",neutral,kien_thuc
11209,"Nếu Philippe nói quá nhanh đối với bạn, đừng quên bạn có thể làm chậm tốc độ trong phần cài đặt. Tôi thấy 0,75 là phù hợp với tôi.",neutral,ky_nang_giang_day
11209,"Nếu Philippe nói quá nhanh đối với bạn, đừng quên bạn có thể làm chậm tốc độ trong phần cài đặt. Tôi thấy 0,75 là phù hợp với tôi.",neutral,thiet_bi_day_hoc
11210,Đây thực sự là điều tuyệt vời và sáng suốt giảng viên mà tôi chưa từng thấy trước đây. Tôi thích phương pháp mà anh ấy đang sử dụng và anh ấy biết cách thu hút sinh viên của mình. Bây giờ tôi có thể thấy cách đại số tuyến tính được áp dụng. Cảm ơn Gilbert Strang và MIT.,positive,ky_nang_giang_day
11210,Đây thực sự là điều tuyệt vời và sáng suốt giảng viên mà tôi chưa từng thấy trước đây. Tôi thích phương pháp mà anh ấy đang sử dụng và anh ấy biết cách thu hút sinh viên của mình. Bây giờ tôi có thể thấy cách đại số tuyến tính được áp dụng. Cảm ơn Gilbert Strang và MIT.,positive,ky_nang_giang_day
11210,Đây thực sự là điều tuyệt vời và sáng suốt giảng viên mà tôi chưa từng thấy trước đây. Tôi thích phương pháp mà anh ấy đang sử dụng và anh ấy biết cách thu hút sinh viên của mình. Bây giờ tôi có thể thấy cách đại số tuyến tính được áp dụng. Cảm ơn Gilbert Strang và MIT.,positive,kien_thuc
11210,Đây thực sự là điều tuyệt vời và sáng suốt giảng viên mà tôi chưa từng thấy trước đây. Tôi thích phương pháp mà anh ấy đang sử dụng và anh ấy biết cách thu hút sinh viên của mình. Bây giờ tôi có thể thấy cách đại số tuyến tính được áp dụng. Cảm ơn Gilbert Strang và MIT.,positive,noi_chung
11210,Đây thực sự là điều tuyệt vời và sáng suốt giảng viên mà tôi chưa từng thấy trước đây. Tôi thích phương pháp mà anh ấy đang sử dụng và anh ấy biết cách thu hút sinh viên của mình. Bây giờ tôi có thể thấy cách đại số tuyến tính được áp dụng. Cảm ơn Gilbert Strang và MIT.,positive,kien_thuc
11211,Tại sao mật độ khớp không được chia cho f(x) để có được xác suất sau?,neutral,kien_thuc
11212,"Làm sao họ có thể chuẩn bị rời khỏi lớp trước khi anh ấy kết thúc bài giảng được, tôi sẽ ở lại cả ngày để nghe bài giảng của anh ấy!!!",positive,chuong_trinh_hoc
11212,"Làm sao họ có thể chuẩn bị rời khỏi lớp trước khi anh ấy kết thúc bài giảng được, tôi sẽ ở lại cả ngày để nghe bài giảng của anh ấy!!!",positive,ky_nang_giang_day
11213,Phép loại trừ Guass-Jordan chỉ có tác dụng với ma trận vuông? Còn ma trận chữ nhật thì sao?,neutral,kien_thuc
11213,Phép loại trừ Guass-Jordan chỉ có tác dụng với ma trận vuông? Còn ma trận chữ nhật thì sao?,neutral,kien_thuc
11213,Phép loại trừ Guass-Jordan chỉ có tác dụng với ma trận vuông? Còn ma trận chữ nhật thì sao?,neutral,kien_thuc
11214,Gilbert thực sự giỏi trong việc trêu chọc bài giảng tiếp theo. Tôi phải ép mình ngừng xem để có thể ngủ.,positive,ky_nang_giang_day
11215,Bạn có thể vui lòng cho tôi biết tại sao chúng ta lại lấy hệ số nhân Lagrange trong kim tự tháp không? (ở cuối bài giảng) Tại sao gradien của cả hai hàm phải song song?,neutral,kien_thuc
11216,giáo viên Ấn Độ của chúng tôi là tốt nhất. phong cách giảng dạy của chúng tôi là tốt nhất vì có sự tương tác giữa hai bên.,positive,ky_nang_giang_day
11216,giáo viên Ấn Độ của chúng tôi là tốt nhất. phong cách giảng dạy của chúng tôi là tốt nhất vì có sự tương tác giữa hai bên.,positive,noi_chung
11217,"quá đơn giản, chất lượng thấp, lộn xộn chữ viết tay. Có thể giải thích đơn giản hơn, dễ dàng hơn và nhanh hơn",negative,thiet_bi_day_hoc
11218,"Có thể giải thích bằng phép tính lambda, súc tích và duyên dáng hơn nhiều",positive,kien_thuc
11219,Hàng đống bài tập trí óc kết nối điểm dành cho tôi. Cảm ơn giáo sư. Hy vọng khóa học Thống kê chiều cao của bạn cũng sẽ có trên youtube.,positive,ky_nang_giang_day
11219,Hàng đống bài tập trí óc kết nối điểm dành cho tôi. Cảm ơn giáo sư. Hy vọng khóa học Thống kê chiều cao của bạn cũng sẽ có trên youtube.,positive,chuong_trinh_hoc
11220,"wow, điều này bài giảng đã mở mang tầm mắt của tôi. Cảm ơn, giáo sư Strang!",positive,chuong_trinh_hoc
11220,"wow, điều này bài giảng đã mở mang tầm mắt của tôi. Cảm ơn, giáo sư Strang!",positive,ky_nang_giang_day
11221,"Tôi có phải là người duy nhất xem video này video với tốc độ 1,25x không? :D",neutral,chuong_trinh_hoc
11222,"44:25 ""ma trận trực giao không làm thay đổi độ dài của x"" Tôi đoán là anh ấy muốn nói đến trực giao chuẩn. [Gilbert Strang sử dụng trực giao) và trực giao chuẩn thay thế cho nhau]",neutral,kien_thuc
11222,"44:25 ""ma trận trực giao không làm thay đổi độ dài của x"" Tôi đoán là anh ấy muốn nói đến trực giao chuẩn. [Gilbert Strang sử dụng trực giao) và trực giao chuẩn thay thế cho nhau]",neutral,ky_nang_giang_day
11222,"44:25 ""ma trận trực giao không làm thay đổi độ dài của x"" Tôi đoán là anh ấy muốn nói đến trực giao chuẩn. [Gilbert Strang sử dụng trực giao) và trực giao chuẩn thay thế cho nhau]",neutral,kien_thuc
11223,"Thưa ông, chúc ông ngủ ngon/ngày/chiều tốt lành. loạt video này có vẻ tuyệt vời, nhưng tôi muốn biết, tôi cần nền tảng toán học nào để hiểu khóa học này. Cảm ơn.",positive,chuong_trinh_hoc
11224,"Vấn đề cuối cùng. Có thể giải quyết được khi bạn đặt y=acos(theta) không?. Thực tếy, y=asin(theta) vậy làm sao y có thể bằng acos(theta)?",negative,kien_thuc
11224,"Vấn đề cuối cùng. Có thể giải quyết được khi bạn đặt y=acos(theta) không?. Thực tếy, y=asin(theta) vậy làm sao y có thể bằng acos(theta)?",negative,kien_thuc
11224,"Vấn đề cuối cùng. Có thể giải quyết được khi bạn đặt y=acos(theta) không?. Thực tếy, y=asin(theta) vậy làm sao y có thể bằng acos(theta)?",negative,kien_thuc
11224,"Vấn đề cuối cùng. Có thể giải quyết được khi bạn đặt y=acos(theta) không?. Thực tếy, y=asin(theta) vậy làm sao y có thể bằng acos(theta)?",negative,kien_thuc
11225,"Giáo sư Gilbert Strang, tôi đã định tham dự các khóa học của ông - Đại số tuyến tính và Phương pháp ma trận cho ML như một điều kiện tiên quyết cho chương trình sau đại học của tôi tại Kỹ thuật điện tại UBC, Canada. Tôi phải nói rằng, tôi đã mất dấu thời gian khi tham dự bài giảng của ông và ông đã thay đổi quan điểm của tôi về tư duy toán học. Cảm ơn ông rất nhiều và tôi nợ ông rất nhiều vì đã truyền cảm hứng cho tôi. Tôi mong muốn trở thành một giáo sư như ông trong tương lai. Chúc ông may mắn nếu ông tình cờ nhìn thấy tin nhắn này! Thân ái, từ Simran Suresh, Ấn Độ",positive,ky_nang_giang_day
11225,"Giáo sư Gilbert Strang, tôi đã định tham dự các khóa học của ông - Đại số tuyến tính và Phương pháp ma trận cho ML như một điều kiện tiên quyết cho chương trình sau đại học của tôi tại Kỹ thuật điện tại UBC, Canada. Tôi phải nói rằng, tôi đã mất dấu thời gian khi tham dự bài giảng của ông và ông đã thay đổi quan điểm của tôi về tư duy toán học. Cảm ơn ông rất nhiều và tôi nợ ông rất nhiều vì đã truyền cảm hứng cho tôi. Tôi mong muốn trở thành một giáo sư như ông trong tương lai. Chúc ông may mắn nếu ông tình cờ nhìn thấy tin nhắn này! Thân ái, từ Simran Suresh, Ấn Độ",neutral,chuong_trinh_hoc
11225,"Giáo sư Gilbert Strang, tôi đã định tham dự các khóa học của ông - Đại số tuyến tính và Phương pháp ma trận cho ML như một điều kiện tiên quyết cho chương trình sau đại học của tôi tại Kỹ thuật điện tại UBC, Canada. Tôi phải nói rằng, tôi đã mất dấu thời gian khi tham dự bài giảng của ông và ông đã thay đổi quan điểm của tôi về tư duy toán học. Cảm ơn ông rất nhiều và tôi nợ ông rất nhiều vì đã truyền cảm hứng cho tôi. Tôi mong muốn trở thành một giáo sư như ông trong tương lai. Chúc ông may mắn nếu ông tình cờ nhìn thấy tin nhắn này! Thân ái, từ Simran Suresh, Ấn Độ",neutral,chuong_trinh_hoc
11225,"Giáo sư Gilbert Strang, tôi đã định tham dự các khóa học của ông - Đại số tuyến tính và Phương pháp ma trận cho ML như một điều kiện tiên quyết cho chương trình sau đại học của tôi tại Kỹ thuật điện tại UBC, Canada. Tôi phải nói rằng, tôi đã mất dấu thời gian khi tham dự bài giảng của ông và ông đã thay đổi quan điểm của tôi về tư duy toán học. Cảm ơn ông rất nhiều và tôi nợ ông rất nhiều vì đã truyền cảm hứng cho tôi. Tôi mong muốn trở thành một giáo sư như ông trong tương lai. Chúc ông may mắn nếu ông tình cờ nhìn thấy tin nhắn này! Thân ái, từ Simran Suresh, Ấn Độ",neutral,noi_chung
11225,"Giáo sư Gilbert Strang, tôi đã định tham dự các khóa học của ông - Đại số tuyến tính và Phương pháp ma trận cho ML như một điều kiện tiên quyết cho chương trình sau đại học của tôi tại Kỹ thuật điện tại UBC, Canada. Tôi phải nói rằng, tôi đã mất dấu thời gian khi tham dự bài giảng của ông và ông đã thay đổi quan điểm của tôi về tư duy toán học. Cảm ơn ông rất nhiều và tôi nợ ông rất nhiều vì đã truyền cảm hứng cho tôi. Tôi mong muốn trở thành một giáo sư như ông trong tương lai. Chúc ông may mắn nếu ông tình cờ nhìn thấy tin nhắn này! Thân ái, từ Simran Suresh, Ấn Độ",positive,chuong_trinh_hoc
11226,"Ở phút 14:20, công thức chiều sẽ trực quan hơn nếu được phát biểu là dim(S) + dim(U) - dim(S∩U) = dim(S+U) tức là ""chiều của S cộng với chiều của U trừ đi chiều giao nhau của S và U bằng chiều của S+U"" ... dễ hình dung hơn nhiều khi phát biểu theo cách đó phải không?",neutral,kien_thuc
11227,"anh ấy nói với bạn t)hì t) là NULL, đây là một cách ttìm ra thì suy ra tive. tcó thì ...",neutral,ky_nang_giang_day
11227,"anh ấy nói với bạn t)hì t) là NULL, đây là một cách ttìm ra thì suy ra tive. tcó thì ...",neutral,kien_thuc
11227,"anh ấy nói với bạn t)hì t) là NULL, đây là một cách ttìm ra thì suy ra tive. tcó thì ...",neutral,kien_thuc
11227,"anh ấy nói với bạn t)hì t) là NULL, đây là một cách ttìm ra thì suy ra tive. tcó thì ...",neutral,kien_thuc
11227,"anh ấy nói với bạn t)hì t) là NULL, đây là một cách ttìm ra thì suy ra tive. tcó thì ...",neutral,kien_thuc
11228,logarit xuất phát từ đâu?,neutral,kien_thuc
11229,Thật buồn khi nghĩ đến một video giáo dục  hay hơn 99% so với những video khác chỉ có 70 nghìn lượt xem sau 10 năm được tải lên,negative,chuong_trinh_hoc
11230,Cảm ơn Giáo sư David Jerison và Giáo sư Muller. Vừa hoàn thành toàn bộ loạt bài giảng ngay bây giờ. 18/4/22,positive,ky_nang_giang_day
11230,Cảm ơn Giáo sư David Jerison và Giáo sư Muller. Vừa hoàn thành toàn bộ loạt bài giảng ngay bây giờ. 18/4/22,positive,ky_nang_giang_day
11230,Cảm ơn Giáo sư David Jerison và Giáo sư Muller. Vừa hoàn thành toàn bộ loạt bài giảng ngay bây giờ. 18/4/22,positive,thiet_bi_day_hoc
11231,Thật sự rất hữu ích. Cảm ơn rất nhiều.,positive,chuong_trinh_hoc
11232,"Đây là Toán phân tích, tóm lại là phép phân tích bắt đầu từ biến và kết thúc ở độ rõ nét của hàm số.....",neutral,kien_thuc
11233,Tôi đồng ý. Tôi đã học giải tích được 3 năm rồi và đây là lần đầu tiên tôi thực sự hiểu được khái niệm về phép vi phân.,positive,kien_thuc
11234,"tại sao xác suất của P(1head) lại là 3p(1-p)^2...? Không phải là 2p(1-p)^2 sao, vì chỉ có 2 xác suất xảy ra thay vì 3.... hay là tôi không hiểu rõ? nó là 9:14 làm ơn giúp tôi",neutral,kien_thuc
11235,"Cảm ơn ngài, Chỉ muốn nói lời cảm ơn vì đã cho tôi hiểu sâu hơn về xác suất. Tôi đã học từ bài giảng đầu tiên đến bài giảng này. Tôi sẽ học 5 bài giảng cuối cùng sau.",positive,ky_nang_giang_day
11235,"Cảm ơn ngài, Chỉ muốn nói lời cảm ơn vì đã cho tôi hiểu sâu hơn về xác suất. Tôi đã học từ bài giảng đầu tiên đến bài giảng này. Tôi sẽ học 5 bài giảng cuối cùng sau.",positive,chuong_trinh_hoc
11236,"Thân gửi Gilbert Strang!! Tôi muốn hôn tay bạn, đôi bàn tay thiêng liêng của bạn vì bạn là Thầy của tôi về Ma trận Đại số. Bạn giải thích rất hay. cách giảng dạy của bạn thật kỳ diệu.",positive,ky_nang_giang_day
11236,"Thân gửi Gilbert Strang!! Tôi muốn hôn tay bạn, đôi bàn tay thiêng liêng của bạn vì bạn là Thầy của tôi về Ma trận Đại số. Bạn giải thích rất hay. cách giảng dạy của bạn thật kỳ diệu.",positive,noi_chung
11236,"Thân gửi Gilbert Strang!! Tôi muốn hôn tay bạn, đôi bàn tay thiêng liêng của bạn vì bạn là Thầy của tôi về Ma trận Đại số. Bạn giải thích rất hay. cách giảng dạy của bạn thật kỳ diệu.",positive,kien_thuc
11237,"Tôi đồng ý về phấn, thực sự. Tôi thấy mình rất mệt mỏi khi phải nhìn vào màn hình máy tính, và phải đối phó với 32 hoặc nhiều lần nhấp nháy ánh sáng mỗi giây ngày này qua ngày khác. Bằng cách nào đó, giáo viên cảm thấy hiện diện hơn và kết nối nhiều hơn với tài liệu khi sử dụng phấn, tôi nghĩ vậy. Tôi cũng không thích bài tập trực tuyến .",negative,thiet_bi_day_hoc
11237,"Tôi đồng ý về phấn, thực sự. Tôi thấy mình rất mệt mỏi khi phải nhìn vào màn hình máy tính, và phải đối phó với 32 hoặc nhiều lần nhấp nháy ánh sáng mỗi giây ngày này qua ngày khác. Bằng cách nào đó, giáo viên cảm thấy hiện diện hơn và kết nối nhiều hơn với tài liệu khi sử dụng phấn, tôi nghĩ vậy. Tôi cũng không thích bài tập trực tuyến .",positive,thiet_bi_day_hoc
11237,"Tôi đồng ý về phấn, thực sự. Tôi thấy mình rất mệt mỏi khi phải nhìn vào màn hình máy tính, và phải đối phó với 32 hoặc nhiều lần nhấp nháy ánh sáng mỗi giây ngày này qua ngày khác. Bằng cách nào đó, giáo viên cảm thấy hiện diện hơn và kết nối nhiều hơn với tài liệu khi sử dụng phấn, tôi nghĩ vậy. Tôi cũng không thích bài tập trực tuyến .",negative,noi_chung
11238,"Khi ông ấy trình bày công thức Taylor, điều đó không hoàn toàn chính xác vì công thức ông ấy trình bày là dành cho Chuỗi MacLaurin vì nó có tâm là 0.",neutral,ky_nang_giang_day
11238,"Khi ông ấy trình bày công thức Taylor, điều đó không hoàn toàn chính xác vì công thức ông ấy trình bày là dành cho Chuỗi MacLaurin vì nó có tâm là 0.",neutral,kien_thuc
11238,"Khi ông ấy trình bày công thức Taylor, điều đó không hoàn toàn chính xác vì công thức ông ấy trình bày là dành cho Chuỗi MacLaurin vì nó có tâm là 0.",neutral,kien_thuc
11239,anh chàng này là siêu nhân trong toán học,positive,ky_nang_giang_day
11240,"Tôi đã sử dụng điều này để tự học phép tính vectơ vào mùa hè khi kết thúc năm thứ nhất của môn Multi-Calc cơ bản tại trường đại học bắt đầu từ Bài 15 đến Bài 29. Tôi cũng sử dụng Phân tích vectơ của Schaum để giải quyết các bài toán và Giải tích vectơ của SJ Colley làm tài liệu tham khảo bổ sung. Tôi đã xem tất cả các video ở tốc độ tối thiểu 1,25 lần và hoàn thành trong vòng 2 tuần. Dennis Auroux thực sự tuyệt vời và kỹ năng chà xát bảng của anh ấy vô cùng ấn tượng! Những lời giải thích của anh ấy thật ngoạn mục và tôi thực sự thích sự nhấn mạnh của anh ấy vào các ứng dụng (đặc biệt là từ vật lý-quán tính, phương trình Maxwell, v.v.). Một điều tôi thấy thiếu là thiếu thông tin về Phương trình Frenet-Serret mà tôi thấy tuyệt vời nói chung và việc thiếu thực hành thêm các bài toán nhưng này, bạn có thể tự mình giải quyết cả hai như tôi đã làm! Dù sao đi nữa, 12 năm sau khi video này được phát hành, tôi vẫn hết lòng giới thiệu điều này khóa học. Nó thật tuyệt vời! Cảm ơn MIT đã công bố thông tin này cho công chúng và cảm ơn Giáo sư Auroux vì đã là một giảng viên tuyệt vời!",positive,ky_nang_giang_day
11240,"Tôi đã sử dụng điều này để tự học phép tính vectơ vào mùa hè khi kết thúc năm thứ nhất của môn Multi-Calc cơ bản tại trường đại học bắt đầu từ Bài 15 đến Bài 29. Tôi cũng sử dụng Phân tích vectơ của Schaum để giải quyết các bài toán và Giải tích vectơ của SJ Colley làm tài liệu tham khảo bổ sung. Tôi đã xem tất cả các video ở tốc độ tối thiểu 1,25 lần và hoàn thành trong vòng 2 tuần. Dennis Auroux thực sự tuyệt vời và kỹ năng chà xát bảng của anh ấy vô cùng ấn tượng! Những lời giải thích của anh ấy thật ngoạn mục và tôi thực sự thích sự nhấn mạnh của anh ấy vào các ứng dụng (đặc biệt là từ vật lý-quán tính, phương trình Maxwell, v.v.). Một điều tôi thấy thiếu là thiếu thông tin về Phương trình Frenet-Serret mà tôi thấy tuyệt vời nói chung và việc thiếu thực hành thêm các bài toán nhưng này, bạn có thể tự mình giải quyết cả hai như tôi đã làm! Dù sao đi nữa, 12 năm sau khi video này được phát hành, tôi vẫn hết lòng giới thiệu điều này khóa học. Nó thật tuyệt vời! Cảm ơn MIT đã công bố thông tin này cho công chúng và cảm ơn Giáo sư Auroux vì đã là một giảng viên tuyệt vời!",positive,de_xuat
11241,"lúc 21:04, min(X,Y=2), vùng tô màu đỏ có bao phủ toàn bộ khu vực của sự kiện B không? Ai đó có thể giải thích được không, tôi bối rối quá",negative,kien_thuc
11242,Alan Edelman rõ ràng là uyên bác khi nêu ra sự phù hợp của Đại số tuyến tính với các chủ đề ứng dụng của Học máy và Mạng nơ-ron.,positive,ky_nang_giang_day
11243,18:38 Tôi nghĩ đạo hàm không phải là một con số? *_* Tôi bối rối,neutral,kien_thuc
11244,Đôi khi Toán giống như một tôn giáo. Hãy tin tôi cho đến khi tôi chứng minh được điều đó. Ít nhất thì anh ấy cũng chứng minh được điều đó.,neutral,ky_nang_giang_day
11244,Đôi khi Toán giống như một tôn giáo. Hãy tin tôi cho đến khi tôi chứng minh được điều đó. Ít nhất thì anh ấy cũng chứng minh được điều đó.,neutral,kien_thuc
11245,thú vị video và rất quan trọng đối với các kỹ sư. Bạn nên tận dụng thông tin này. Xin chúc mừng!!!,positive,thiet_bi_day_hoc
11246,Rất tốt video.,positive,chuong_trinh_hoc
11247,Xin chào mọi người! Bạn có thể vui lòng tải lại video này sau khi đã xóa phần nền tĩnh được không?,negative,thiet_bi_day_hoc
11247,Xin chào mọi người! Bạn có thể vui lòng tải lại video này sau khi đã xóa phần nền tĩnh được không?,negative,thiet_bi_day_hoc
11248,Cách tốt nhất để dạy định thức. Tôi từng lo lắng về việc đây là phần tệ nhất của đại số tuyến tính vì nó liên quan đến một công thức lớn được đưa cho tôi. Tôi thích trực giác về tính chất 9 của thể tích của khối lập phương n chiều. Không bao giờ nghĩ định thức sẽ khiến tôi phấn khích như vậy. Vạn tuế Giáo sư Strang. Cảm ơn MIT.,positive,ky_nang_giang_day
11248,Cách tốt nhất để dạy định thức. Tôi từng lo lắng về việc đây là phần tệ nhất của đại số tuyến tính vì nó liên quan đến một công thức lớn được đưa cho tôi. Tôi thích trực giác về tính chất 9 của thể tích của khối lập phương n chiều. Không bao giờ nghĩ định thức sẽ khiến tôi phấn khích như vậy. Vạn tuế Giáo sư Strang. Cảm ơn MIT.,negative,kien_thuc
11248,Cách tốt nhất để dạy định thức. Tôi từng lo lắng về việc đây là phần tệ nhất của đại số tuyến tính vì nó liên quan đến một công thức lớn được đưa cho tôi. Tôi thích trực giác về tính chất 9 của thể tích của khối lập phương n chiều. Không bao giờ nghĩ định thức sẽ khiến tôi phấn khích như vậy. Vạn tuế Giáo sư Strang. Cảm ơn MIT.,positive,kien_thuc
11249,"Cảm ơn rất nhiều, điều này thực sự hữu ích",positive,chuong_trinh_hoc
11250,Và do đó nó trở nên bất tử,positive,chuong_trinh_hoc
11251,"Tôi học Kỹ thuật máy tính tại IPN ở Mexico và tôi sẽ học Đại số tuyến tính sau mùa hè này. Tôi không thể tin là mình vừa tìm thấy những thứ này video, Giống như đang học một khóa học tại MIT vậy! Không đời nào tôi có thể trượt khóa học đó bây giờ. Cảm ơn bạn đã chia sẻ thông tin hữu ích này.",positive,chuong_trinh_hoc
11252,Likex100! Những bài giảng này thực sự tuyệt vời.,positive,chuong_trinh_hoc
11253,cứu tinh và tôi sẽ ghi danh chéo mọi lớp toán tại mit. không biết tại sao giáo sư của tôi lại cho rằng tôi thông minh hơn mit sinh viên,positive,noi_chung
11253,cứu tinh và tôi sẽ ghi danh chéo mọi lớp toán tại mit. không biết tại sao giáo sư của tôi lại cho rằng tôi thông minh hơn mit sinh viên,negative,ky_nang_giang_day
11253,cứu tinh và tôi sẽ ghi danh chéo mọi lớp toán tại mit. không biết tại sao giáo sư của tôi lại cho rằng tôi thông minh hơn mit sinh viên,positive,noi_chung
11254,"Bạn có đề xuất bất kỳ cuốn sách nào để đọc về GLM, đặc biệt là về Phần kiểm tra giả thuyết không được đề cập trong khóa học không? Cảm ơn bạn",positive,noi_chung
11254,"Bạn có đề xuất bất kỳ cuốn sách nào để đọc về GLM, đặc biệt là về Phần kiểm tra giả thuyết không được đề cập trong khóa học không? Cảm ơn bạn",neutral,kien_thuc
11254,"Bạn có đề xuất bất kỳ cuốn sách nào để đọc về GLM, đặc biệt là về Phần kiểm tra giả thuyết không được đề cập trong khóa học không? Cảm ơn bạn",neutral,kien_thuc
11254,"Bạn có đề xuất bất kỳ cuốn sách nào để đọc về GLM, đặc biệt là về Phần kiểm tra giả thuyết không được đề cập trong khóa học không? Cảm ơn bạn",neutral,chuong_trinh_hoc
11255,"Có rất ít trường hợp mà tôi gặp khó khăn trong việc hiểu Giáo sư Tsitsiklis đang nói gì ... một trong số đó là -- 21:48: Sẽ có một lượng xác suất khá lớn là Y đưa giá trị gần bằng 0. Tại sao? Ai đó vui lòng giải thích cho tôi được không ... Dù sao thì đây là một số bài giảng hay nhất (và nghiêm ngặt)  về Xác suất trên youtube. Tôi rất thích chúng. Giáo sư Tsitsiklis và nhóm Trợ lý giảng dạy của ông đã thể hiện sự tận tâm hoàn toàn của họ để cung cấp nội dung xuất sắc này, điều này thật đáng khen ngợi. Cam kết và sự tận tụy của họ đã đóng góp một khoản tiền nhỏ cho MIT OCW để thúc đẩy mục tiêu của MIT là truyền bá giáo dục đến đông đảo quần chúng.",negative,kien_thuc
11255,"Có rất ít trường hợp mà tôi gặp khó khăn trong việc hiểu Giáo sư Tsitsiklis đang nói gì ... một trong số đó là -- 21:48: Sẽ có một lượng xác suất khá lớn là Y đưa giá trị gần bằng 0. Tại sao? Ai đó vui lòng giải thích cho tôi được không ... Dù sao thì đây là một số bài giảng hay nhất (và nghiêm ngặt)  về Xác suất trên youtube. Tôi rất thích chúng. Giáo sư Tsitsiklis và nhóm Trợ lý giảng dạy của ông đã thể hiện sự tận tâm hoàn toàn của họ để cung cấp nội dung xuất sắc này, điều này thật đáng khen ngợi. Cam kết và sự tận tụy của họ đã đóng góp một khoản tiền nhỏ cho MIT OCW để thúc đẩy mục tiêu của MIT là truyền bá giáo dục đến đông đảo quần chúng.",positive,chuong_trinh_hoc
11255,"Có rất ít trường hợp mà tôi gặp khó khăn trong việc hiểu Giáo sư Tsitsiklis đang nói gì ... một trong số đó là -- 21:48: Sẽ có một lượng xác suất khá lớn là Y đưa giá trị gần bằng 0. Tại sao? Ai đó vui lòng giải thích cho tôi được không ... Dù sao thì đây là một số bài giảng hay nhất (và nghiêm ngặt)  về Xác suất trên youtube. Tôi rất thích chúng. Giáo sư Tsitsiklis và nhóm Trợ lý giảng dạy của ông đã thể hiện sự tận tâm hoàn toàn của họ để cung cấp nội dung xuất sắc này, điều này thật đáng khen ngợi. Cam kết và sự tận tụy của họ đã đóng góp một khoản tiền nhỏ cho MIT OCW để thúc đẩy mục tiêu của MIT là truyền bá giáo dục đến đông đảo quần chúng.",positive,ky_nang_giang_day
11255,"Có rất ít trường hợp mà tôi gặp khó khăn trong việc hiểu Giáo sư Tsitsiklis đang nói gì ... một trong số đó là -- 21:48: Sẽ có một lượng xác suất khá lớn là Y đưa giá trị gần bằng 0. Tại sao? Ai đó vui lòng giải thích cho tôi được không ... Dù sao thì đây là một số bài giảng hay nhất (và nghiêm ngặt)  về Xác suất trên youtube. Tôi rất thích chúng. Giáo sư Tsitsiklis và nhóm Trợ lý giảng dạy của ông đã thể hiện sự tận tâm hoàn toàn của họ để cung cấp nội dung xuất sắc này, điều này thật đáng khen ngợi. Cam kết và sự tận tụy của họ đã đóng góp một khoản tiền nhỏ cho MIT OCW để thúc đẩy mục tiêu của MIT là truyền bá giáo dục đến đông đảo quần chúng.",positive,ky_nang_giang_day
11256,Tôi không hiểu tại sao rank(P) lại là 1 .. có ai giúp tôi với.,neutral,kien_thuc
11257,Cảm ơn bạn rất nhiều!,positive,ky_nang_giang_day
11258,"@[USERNAME] Không chắc là ai đó đã nói với bạn hay bạn đã xem video tiếp theo , anh ấy đã chỉ ra điều này. Không có ý xấu, chỉ muốn cho bạn biết.",neutral,chuong_trinh_hoc
11259,"Trong phần Không gian hàng trực giao với không gian rỗng, (thời gian 25,40) chúng ta cần chuyển vị cho hàng. Bởi vì (hàng)*x là tích vô hướng, không phải (hàng)^T*x.",neutral,kien_thuc
11260,"đẹp phương pháp. anh ấy thậm chí còn có nguy cơ bị coi là ngu ngốc trong bài giảng tanh ấy nhưng phương pháp của anh ấy thật đẹp, thật hiệu quả. Anh ấy là một GIÁO VIÊN THỰC SỰ.",positive,chuong_trinh_hoc
11260,"đẹp phương pháp. anh ấy thậm chí còn có nguy cơ bị coi là ngu ngốc trong bài giảng tanh ấy nhưng phương pháp của anh ấy thật đẹp, thật hiệu quả. Anh ấy là một GIÁO VIÊN THỰC SỰ.",positive,ky_nang_giang_day
11261,"@[USERNAME]Những cái Khanacademy cung cấp cho bạn trực giác nhưng khả năng suy ra chúng, ít nhất là đối với tôi, khiến cái này trở nên tuyệt vời hơn. Mặc dù ông Khan rất tuyệt trong việc cung cấp cho bạn trực giác, nhưng tôi nghĩ rằng tốt hơn nhiều nếu bạn có thể suy ra các phương trình để bạn có được trực giác. Ngoài ra, ông ấy không cho bạn biết cách suy ra bất cứ điều gì, ngoại trừ một vài trường hợp. (Theo những gì tôi đã thấy.)",negative,chuong_trinh_hoc
11262,thật ngọt ngào... tôi ước gì đại số tuyến tính của tôi prof thực sự quan tâm đến việc dạy toán,neutral,ky_nang_giang_day
11263,"35:55 Kích thước của ma trận đơn vị phải là nxn để nó phù hợp, đúng không?",neutral,kien_thuc
11264,"Nếu tôi cần hiểu điều này bài giảng để tiếp tục phần còn lại của khóa học, tốt hơn hết là tôi nên từ bỏ toán học suốt đời...",negative,chuong_trinh_hoc
11265,anh chàng này là một thiên tài.. trời ơi anh ta có một trí óc nhanh nhạy,positive,ky_nang_giang_day
11266,Có gì buồn cười ở giao điểm của máy bay?,neutral,kien_thuc
11267,"Tuyệt vời loạt! Tuy nhiên, bắt đầu từ phút 31:00, anh ta sử dụng ngôn ngữ lỏng lẻo và không chính xác lắm với ký hiệu (hoặc tôi đã bỏ lỡ điều gì đó). Theo tôi, viết Y=g(X) là không đúng. Hơn nữa, bên dưới đó, anh ta cũng viết g(x) (chữ thường ""x""). Tôi nghĩ rằng đúng phải là Y=g o X (trong đó ""o"" là hợp hàm). Chỉ khi đó thì g(x) (chữ thường ""x"") mới có nghĩa. Nếu không, nếu những gì anh ta viết ""Y=g(X)"" là dạng đúng, thì miền xác định của g là gì?",positive,chuong_trinh_hoc
11267,"Tuyệt vời loạt! Tuy nhiên, bắt đầu từ phút 31:00, anh ta sử dụng ngôn ngữ lỏng lẻo và không chính xác lắm với ký hiệu (hoặc tôi đã bỏ lỡ điều gì đó). Theo tôi, viết Y=g(X) là không đúng. Hơn nữa, bên dưới đó, anh ta cũng viết g(x) (chữ thường ""x""). Tôi nghĩ rằng đúng phải là Y=g o X (trong đó ""o"" là hợp hàm). Chỉ khi đó thì g(x) (chữ thường ""x"") mới có nghĩa. Nếu không, nếu những gì anh ta viết ""Y=g(X)"" là dạng đúng, thì miền xác định của g là gì?",negative,ky_nang_giang_day
11268,Ai lại không thích video có người đàn ông này trong đó?,positive,chuong_trinh_hoc
11268,Ai lại không thích video có người đàn ông này trong đó?,positive,noi_chung
11269,"Nói chung, người dân Ấn Độ, đặc biệt là người Bihar nghĩ rằng họ rất thông minh về toán học nhưng đó là kiểu ""Rattafication"" theo kinh nghiệm của tôi. Đây mới là toán học thực tế!!! Thực sự rất thích phần này bài giảng, muốn hoàn thành toàn bộ phần phép tính từ đây, không phải để vào học mà chỉ để nâng cao hiểu biết của mình! Cảm ơn MIT :)",positive,chuong_trinh_hoc
11269,"Nói chung, người dân Ấn Độ, đặc biệt là người Bihar nghĩ rằng họ rất thông minh về toán học nhưng đó là kiểu ""Rattafication"" theo kinh nghiệm của tôi. Đây mới là toán học thực tế!!! Thực sự rất thích phần này bài giảng, muốn hoàn thành toàn bộ phần phép tính từ đây, không phải để vào học mà chỉ để nâng cao hiểu biết của mình! Cảm ơn MIT :)",positive,noi_chung
11269,"Nói chung, người dân Ấn Độ, đặc biệt là người Bihar nghĩ rằng họ rất thông minh về toán học nhưng đó là kiểu ""Rattafication"" theo kinh nghiệm của tôi. Đây mới là toán học thực tế!!! Thực sự rất thích phần này bài giảng, muốn hoàn thành toàn bộ phần phép tính từ đây, không phải để vào học mà chỉ để nâng cao hiểu biết của mình! Cảm ơn MIT :)",neutral,noi_chung
11269,"Nói chung, người dân Ấn Độ, đặc biệt là người Bihar nghĩ rằng họ rất thông minh về toán học nhưng đó là kiểu ""Rattafication"" theo kinh nghiệm của tôi. Đây mới là toán học thực tế!!! Thực sự rất thích phần này bài giảng, muốn hoàn thành toàn bộ phần phép tính từ đây, không phải để vào học mà chỉ để nâng cao hiểu biết của mình! Cảm ơn MIT :)",neutral,noi_chung
11270,"Đây là kiệt tác giải thích cơ sở của Đại số tuyến tính, mặc dù không đề cập đến các chủ đề nâng cao, chẳng hạn như đạo hàm, được sử dụng trong ML và DL. Đề xuất mạnh mẽ nên theo học toàn bộ khóa học OCW thay vì chỉ xem video.",positive,chuong_trinh_hoc
11271,"Tôi đã rất lo lắng khi học phép tính đa biến tại trường đại học của mình, vì tôi không hiểu phép tính vectơ mà tôi đã học ở cuối phép tính 2. Bây giờ tôi nhận ra rằng nó không thực sự khó vì tôi hiểu nó, và chuyên ngành toán học đó là của tôi!",positive,kien_thuc
11271,"Tôi đã rất lo lắng khi học phép tính đa biến tại trường đại học của mình, vì tôi không hiểu phép tính vectơ mà tôi đã học ở cuối phép tính 2. Bây giờ tôi nhận ra rằng nó không thực sự khó vì tôi hiểu nó, và chuyên ngành toán học đó là của tôi!",negative,chuong_trinh_hoc
11271,"Tôi đã rất lo lắng khi học phép tính đa biến tại trường đại học của mình, vì tôi không hiểu phép tính vectơ mà tôi đã học ở cuối phép tính 2. Bây giờ tôi nhận ra rằng nó không thực sự khó vì tôi hiểu nó, và chuyên ngành toán học đó là của tôi!",positive,chuong_trinh_hoc
11272,"Giáo sư Jerison, cảm ơn ông rất nhiều vì đã mang đến một chuỗi phép tính hấp dẫn như vậy!",positive,ky_nang_giang_day
11272,"Giáo sư Jerison, cảm ơn ông rất nhiều vì đã mang đến một chuỗi phép tính hấp dẫn như vậy!",positive,chuong_trinh_hoc
11273,lớp thật ồn ào.. chắc là do giọng Pháp quyến rũ đó,neutral,chuong_trinh_hoc
11274,"Đừng bám theo anh chàng cầm máy ảnh nữa!! Tôi muốn xem bảng đen. Chúng ta ở đây để dựa vào định lý, chứ không phải để chiêm ngưỡng chiếc áo của anh chàng!!",negative,thiet_bi_day_hoc
11274,"Đừng bám theo anh chàng cầm máy ảnh nữa!! Tôi muốn xem bảng đen. Chúng ta ở đây để dựa vào định lý, chứ không phải để chiêm ngưỡng chiếc áo của anh chàng!!",neutral,thiet_bi_day_hoc
11274,"Đừng bám theo anh chàng cầm máy ảnh nữa!! Tôi muốn xem bảng đen. Chúng ta ở đây để dựa vào định lý, chứ không phải để chiêm ngưỡng chiếc áo của anh chàng!!",neutral,kien_thuc
11274,"Đừng bám theo anh chàng cầm máy ảnh nữa!! Tôi muốn xem bảng đen. Chúng ta ở đây để dựa vào định lý, chứ không phải để chiêm ngưỡng chiếc áo của anh chàng!!",negative,noi_chung
11275,"Khóa học này  thực sự tuyệt vời trong loạt bài toán,",positive,chuong_trinh_hoc
11276,"điều này thực sự hữu ích, khiến tôi cảm thấy toán học không còn mang tính khái niệm nữa",positive,kien_thuc
11277,"Tôi vẫn còn bối rối về các vectơ độc lập . Làm sao [112],[225] độc lập? 2(1)-2 =0. Vậy, chúng ta có được 0 khi sử dụng một số tổ hợp tuyến tính, đúng không?",neutral,kien_thuc
11278,"Tôi có thể nói gì đây... Tôi đang học bài giảng vào buổi tối, trước khi đi ngủ, và tôi chưa bao giờ nghĩ rằng mình sẽ học phép tính vi phân chỉ để giải trí. Tôi thậm chí còn không thích học, nhưng tất cả những bài giảng MIT bài giảng này đều rất thú vị! Ngoài ra, Denis dễ thương quá :3",positive,chuong_trinh_hoc
11279,Ngay cả Gilbert Strang cũng không cho chúng ta biết công thức định thức đến từ đâu... Thật đáng buồn... Các tính chất 1-3 cũng có thể suy ra từ công thức đó.,neutral,ky_nang_giang_day
11280,Anh ấy vừa mới bắt đầu bằng cách nói rằng điều này đơn giản hơn và trực quan hơn nhiều sao?? Vậy tại sao giảng viên của tôi luôn nói như thể anh ấy đến từ ngoài vũ trụ???,negative,ky_nang_giang_day
11280,Anh ấy vừa mới bắt đầu bằng cách nói rằng điều này đơn giản hơn và trực quan hơn nhiều sao?? Vậy tại sao giảng viên của tôi luôn nói như thể anh ấy đến từ ngoài vũ trụ???,positive,ky_nang_giang_day
11281,Rất tốt bài giảng Giáo sư Strang cảm ơn từ Rừng Amazon.,positive,chuong_trinh_hoc
11281,Rất tốt bài giảng Giáo sư Strang cảm ơn từ Rừng Amazon.,positive,ky_nang_giang_day
11282,tại sao A-lamda I lại là số ít ở phút 19:00?,neutral,kien_thuc
11283,"Tôi gần như không ngần ngại khi nói rằng những bài giảng này không thể so sánh với bài giảng tôi tham dự Đại số tuyến tính ở trường đại học. Thật kỳ lạ khi xem những video này, tôi thường nghĩ, ""Giờ thì tôi hiểu rồi, tôi hiểu rồi!"" Xin chúc mừng bạn Giáo sư Strang!",positive,ky_nang_giang_day
11283,"Tôi gần như không ngần ngại khi nói rằng những bài giảng này không thể so sánh với bài giảng tôi tham dự Đại số tuyến tính ở trường đại học. Thật kỳ lạ khi xem những video này, tôi thường nghĩ, ""Giờ thì tôi hiểu rồi, tôi hiểu rồi!"" Xin chúc mừng bạn Giáo sư Strang!",positive,chuong_trinh_hoc
11283,"Tôi gần như không ngần ngại khi nói rằng những bài giảng này không thể so sánh với bài giảng tôi tham dự Đại số tuyến tính ở trường đại học. Thật kỳ lạ khi xem những video này, tôi thường nghĩ, ""Giờ thì tôi hiểu rồi, tôi hiểu rồi!"" Xin chúc mừng bạn Giáo sư Strang!",positive,kien_thuc
11283,"Tôi gần như không ngần ngại khi nói rằng những bài giảng này không thể so sánh với bài giảng tôi tham dự Đại số tuyến tính ở trường đại học. Thật kỳ lạ khi xem những video này, tôi thường nghĩ, ""Giờ thì tôi hiểu rồi, tôi hiểu rồi!"" Xin chúc mừng bạn Giáo sư Strang!",positive,chuong_trinh_hoc
11284,"4:14: Được rồi, chúng ta hãy bỏ phiếu, là sin-sin hay sin-cosine? Chứng minh bằng sự phổ biến!",neutral,kien_thuc
11284,"4:14: Được rồi, chúng ta hãy bỏ phiếu, là sin-sin hay sin-cosine? Chứng minh bằng sự phổ biến!",neutral,kien_thuc
11285,"Giáo sư Strang, chỉ đơn giản là: Cảm ơn bạn một lần nữa !!!",positive,ky_nang_giang_day
11286,giáo sư làm tôi nhớ đến Stuart trong Big Bang Theory :),neutral,ky_nang_giang_day
11287,"Cảm ơn Gilbert Strang và MIT đã chia sẻ điều này. Được rồi, sẵn sàng cho chuyến đi! Hãy đi thôi",neutral,ky_nang_giang_day
11288,"'Tôi là em trai' lol, tuyệt vời bài giảng như mọi khi",positive,chuong_trinh_hoc
11289,Lúc 22:00 M = B chỉ áp dụng nếu B có thể đảo ngược phải không? Còn những trường hợp khác khi B không thể đảo ngược thì sao?,neutral,kien_thuc
11289,Lúc 22:00 M = B chỉ áp dụng nếu B có thể đảo ngược phải không? Còn những trường hợp khác khi B không thể đảo ngược thì sao?,neutral,kien_thuc
11290,Đây lớp là nghệ thuật thuần túy,positive,chuong_trinh_hoc
11291,"Thật là một con người tuyệt vời, và chắc hẳn cũng rất xuất sắc giáo viên.",positive,ky_nang_giang_day
11292,mit có chất lượng cao bảng đen,positive,thiet_bi_day_hoc
11292,mit có chất lượng cao bảng đen,positive,noi_chung
11293,14:24 Điều này làm rõ sự khác biệt giữa Ví dụ 2 và Ví dụ 3. Điều này chỉ cho thấy một số bài toán xác suất có thể không trực quan như thế nào.,negative,kien_thuc
11294,Tiếp theo bài giảng có thể là....hạnh phúc thuần khiết. :D,positive,chuong_trinh_hoc
11295,"Cảm ơn giáo sư Gilbert Strang và MiT vì loạt bài tuyệt vời này loạt bài về đại số tuyến tính, vì lợi ích của sinh viên trên toàn thế giới. Đối với tôi, đây là nước Mỹ tuyệt vời nhất. Xin chào từ Trondheim, Na Uy.",positive,ky_nang_giang_day
11295,"Cảm ơn giáo sư Gilbert Strang và MiT vì loạt bài tuyệt vời này loạt bài về đại số tuyến tính, vì lợi ích của sinh viên trên toàn thế giới. Đối với tôi, đây là nước Mỹ tuyệt vời nhất. Xin chào từ Trondheim, Na Uy.",positive,chuong_trinh_hoc
11296,Tôi ước mình có anh chàng này để học Giải tích I và II. Tôi không thể tin được sự khác biệt lớn đến thế khi có chữ viết đẹp và rõ ràng chữ viết tay!,positive,thiet_bi_day_hoc
11296,Tôi ước mình có anh chàng này để học Giải tích I và II. Tôi không thể tin được sự khác biệt lớn đến thế khi có chữ viết đẹp và rõ ràng chữ viết tay!,positive,ky_nang_giang_day
11297,Ai chịu trách nhiệm cho sự dao động âm lượng?GAH!Cái này video gần như không thể xem được.,negative,chuong_trinh_hoc
11297,Ai chịu trách nhiệm cho sự dao động âm lượng?GAH!Cái này video gần như không thể xem được.,negative,thiet_bi_day_hoc
11298,lúc 45:22 mômen quán tính có thể có chiều là [M*l^4] tôi nghĩ nó phải là [M*l^2] đúng không,negative,kien_thuc
11299,muốn hiểu tại sao A_s có hai hàng giống hệt nhau-.-,neutral,kien_thuc
11299,muốn hiểu tại sao A_s có hai hàng giống hệt nhau-.-,neutral,kien_thuc
11300,Phần Bài giảng này có vẻ hơi thiếu ví dụ và minh họa.,negative,chuong_trinh_hoc
11300,Phần Bài giảng này có vẻ hơi thiếu ví dụ và minh họa.,negative,thiet_bi_day_hoc
11300,Phần Bài giảng này có vẻ hơi thiếu ví dụ và minh họa.,negative,thiet_bi_day_hoc
11301,"Xin chào, Có ai có thể giúp tôi, làm thế nào để học Giải tích theo kiểu tuyến tính không? Ý tôi là từ rất cơ bản. Cảm ơn bạn rất nhiều, nó sẽ giúp ích rất nhiều.",neutral,kien_thuc
11302,"giới hạn tích phân đường của ví dụ 1: c3 cong từ 0 đến 1/root2 như thế nào ??? tại sao lại là điểm (1/root2,1/root2)",neutral,kien_thuc
11302,"giới hạn tích phân đường của ví dụ 1: c3 cong từ 0 đến 1/root2 như thế nào ??? tại sao lại là điểm (1/root2,1/root2)",neutral,kien_thuc
11303,Cảm ơn vì bài giảng tuyệt vời này . Vui lòng cung cấp bằng chứng về quy định chung của bệnh viện.,positive,chuong_trinh_hoc
11304,"Tôi đã nghĩ thật tuyệt khi anh ấy cộng hai vòng lặp lại với nhau trên hình ảnh, sau đó cộng hai cơ sở vector cho N(A^T) và tạo ra một vector phụ thuộc (2:). Tôi đã mong đợi điều đó xảy ra chỉ về mặt lý thuyết, nhưng thực sự thấy nó xảy ra khiến tâm trí nhỏ bé của tôi phải kinh ngạc.",positive,kien_thuc
11304,"Tôi đã nghĩ thật tuyệt khi anh ấy cộng hai vòng lặp lại với nhau trên hình ảnh, sau đó cộng hai cơ sở vector cho N(A^T) và tạo ra một vector phụ thuộc (2:). Tôi đã mong đợi điều đó xảy ra chỉ về mặt lý thuyết, nhưng thực sự thấy nó xảy ra khiến tâm trí nhỏ bé của tôi phải kinh ngạc.",positive,kien_thuc
11304,"Tôi đã nghĩ thật tuyệt khi anh ấy cộng hai vòng lặp lại với nhau trên hình ảnh, sau đó cộng hai cơ sở vector cho N(A^T) và tạo ra một vector phụ thuộc (2:). Tôi đã mong đợi điều đó xảy ra chỉ về mặt lý thuyết, nhưng thực sự thấy nó xảy ra khiến tâm trí nhỏ bé của tôi phải kinh ngạc.",positive,ky_nang_giang_day
11305,"Có ai ở đây có thể trả lời câu hỏi (ở phút 42:42) ""Nếu ma trận A và B có cùng 4 không gian con, thì _____điền_vào_chỗ_trống____.""",neutral,kien_thuc
11305,"Có ai ở đây có thể trả lời câu hỏi (ở phút 42:42) ""Nếu ma trận A và B có cùng 4 không gian con, thì _____điền_vào_chỗ_trống____.""",neutral,kien_thuc
11306,"Tôi bối rối về giao). 1) Nếu giao) không chứa gốc thì bạn không thể nhân với số không và do đó không thỏa mãn điều kiện 22) v&w có thể nằm trong cả hai không gian con và có thể được cộng hoặc nhân vô hướng trong cả hai, nhưng khi không gian con bị hạn chế, làm sao bạn biết điều này vẫn đúng?",neutral,kien_thuc
11306,"Tôi bối rối về giao). 1) Nếu giao) không chứa gốc thì bạn không thể nhân với số không và do đó không thỏa mãn điều kiện 22) v&w có thể nằm trong cả hai không gian con và có thể được cộng hoặc nhân vô hướng trong cả hai, nhưng khi không gian con bị hạn chế, làm sao bạn biết điều này vẫn đúng?",neutral,kien_thuc
11306,"Tôi bối rối về giao). 1) Nếu giao) không chứa gốc thì bạn không thể nhân với số không và do đó không thỏa mãn điều kiện 22) v&w có thể nằm trong cả hai không gian con và có thể được cộng hoặc nhân vô hướng trong cả hai, nhưng khi không gian con bị hạn chế, làm sao bạn biết điều này vẫn đúng?",neutral,kien_thuc
11306,"Tôi bối rối về giao). 1) Nếu giao) không chứa gốc thì bạn không thể nhân với số không và do đó không thỏa mãn điều kiện 22) v&w có thể nằm trong cả hai không gian con và có thể được cộng hoặc nhân vô hướng trong cả hai, nhưng khi không gian con bị hạn chế, làm sao bạn biết điều này vẫn đúng?",neutral,kien_thuc
11306,"Tôi bối rối về giao). 1) Nếu giao) không chứa gốc thì bạn không thể nhân với số không và do đó không thỏa mãn điều kiện 22) v&w có thể nằm trong cả hai không gian con và có thể được cộng hoặc nhân vô hướng trong cả hai, nhưng khi không gian con bị hạn chế, làm sao bạn biết điều này vẫn đúng?",neutral,kien_thuc
11307,Anh chàng này có thể là giáo sư tệ nhất mọi thời đại,negative,ky_nang_giang_day
11308,"Tuyệt vời giáo sư..ông ấy làm cho đại số tuyến tính có ý nghĩa hơn và dễ hiểu hơn..ý tôi là nó được cho là dễ hơn..mục đích của đại số tuyến tính là làm cho những điều phức tạp trở nên dễ giải quyết hơn...nhưng thật không may là nhiều giáo viên không dạy nó đúng cách, khiến cho việc học có vẻ rất khó khăn",positive,ky_nang_giang_day
11308,"Tuyệt vời giáo sư..ông ấy làm cho đại số tuyến tính có ý nghĩa hơn và dễ hiểu hơn..ý tôi là nó được cho là dễ hơn..mục đích của đại số tuyến tính là làm cho những điều phức tạp trở nên dễ giải quyết hơn...nhưng thật không may là nhiều giáo viên không dạy nó đúng cách, khiến cho việc học có vẻ rất khó khăn",positive,chuong_trinh_hoc
11308,"Tuyệt vời giáo sư..ông ấy làm cho đại số tuyến tính có ý nghĩa hơn và dễ hiểu hơn..ý tôi là nó được cho là dễ hơn..mục đích của đại số tuyến tính là làm cho những điều phức tạp trở nên dễ giải quyết hơn...nhưng thật không may là nhiều giáo viên không dạy nó đúng cách, khiến cho việc học có vẻ rất khó khăn",negative,ky_nang_giang_day
11309,Chưa bao giờ thấy ai như thế này.... Thật tuyệt vời!!!!,positive,ky_nang_giang_day
11310,Tôi không thể chọn các giá trị khác giá trị cho x2 và x4 để tìm các giải pháp cụ thể khác sao? Chúng cũng sẽ không dịch chuyển không gian rỗng sang một vị trí khác và bao phủ các vùng chưa được xác định sao? Hay giải pháp cụ thể + không gian rỗng chứa tập hợp tất cả các giải pháp khả thi cho Rx=b?,neutral,kien_thuc
11311,ai đó có thể giải thích cách tính tích phân ở phút 28:00 không?,neutral,kien_thuc
11312,"Ở phút 42:10, tại sao lại dùng Zigma * để mô phỏng M, chúng ta không thể dùng trực tiếp A để làm được sao?",negative,kien_thuc
11313,"Cảm ơn Giáo sư Strang, Bạn truyền cảm hứng cho mọi người yêu thích toán học, như họ nên làm!",positive,ky_nang_giang_day
11314,"28:43 Tôi hơi bối rối, tại sao chúng ta lại nhận được vectơ không ở đây, không phải là vectơ 3, -1 sao? https://matrixcalc.org/en/#%7B%7B1,2%7D,%7B3,6%7D%7D%2A%7B%7B3%7D,%7B-1%7D%7D",neutral,kien_thuc
11314,"28:43 Tôi hơi bối rối, tại sao chúng ta lại nhận được vectơ không ở đây, không phải là vectơ 3, -1 sao? https://matrixcalc.org/en/#%7B%7B1,2%7D,%7B3,6%7D%7D%2A%7B%7B3%7D,%7B-1%7D%7D",neutral,kien_thuc
11315,Tôi nghĩ B_j nên là A chuyển vị được thay thế bằng b 24:16,neutral,kien_thuc
11316,Có ai biết thông tin cụ thể hơn về Srebro kết quả không? Chúng đã được xác minh chưa? Chúng chung chung như thế nào? 44:54,neutral,kien_thuc
11317,Những bộ phim này bài giảng xứng đáng được điểm IMDB cao hơn hầu hết các bộ phim truyền hình trên Netflix.,positive,chuong_trinh_hoc
11318,Hãy bảo vệ người đàn ông này bằng mọi giá! Bây giờ chúng ta đã biết thiên thần trông như thế nào!,positive,ky_nang_giang_day
11319,tốt!!! Theo cách này tôi không bao giờ phải học định thức,neutral,kien_thuc
11320,"A*S=S*Lambda (Sử dụng dạng xem kết hợp tuyến tính (phần cột Ax1=b1) của Phép nhân ma trận), Thật tuyệt vời và rõ ràng! Cảm ơn!",positive,kien_thuc
11320,"A*S=S*Lambda (Sử dụng dạng xem kết hợp tuyến tính (phần cột Ax1=b1) của Phép nhân ma trận), Thật tuyệt vời và rõ ràng! Cảm ơn!",positive,noi_chung
11321,Nghỉ ngơi nhẫn elden để học một cái gì đó giúp tôi không chết,neutral,chuong_trinh_hoc
11321,Nghỉ ngơi nhẫn elden để học một cái gì đó giúp tôi không chết,neutral,noi_chung
11322,"trực giác đằng sau 'Ax = b không có giải pháp, tuy nhiên Transpose(A Ax = Transpose(A) b) có giải pháp' là gì. Tôi đang gặp khó khăn",negative,kien_thuc
11322,"trực giác đằng sau 'Ax = b không có giải pháp, tuy nhiên Transpose(A Ax = Transpose(A) b) có giải pháp' là gì. Tôi đang gặp khó khăn",negative,kien_thuc
11323,"Tại sao video của tôi lại bị treo khi đạt đến 00:27 giây vậy, cảm giác như nhà cung cấp dịch vụ Ethernet đang ngăn tôi nghe một lec tuyệt vời! Dù sao thì cũng cần một ít cà phê...",positive,chuong_trinh_hoc
11324,"Kính gửi Giáo sư, Đại số tuyến tính thật hấp dẫn. Tôi gặp khó khăn khi hiểu Đại số vì tôi không thể nhìn xa hơn các ký hiệu và ký hiệu. Nhưng trước đó tôi không nhận ra rằng đại số là ngôn ngữ ký hiệu để thể hiện các hình dạng hình học.",positive,chuong_trinh_hoc
11324,"Kính gửi Giáo sư, Đại số tuyến tính thật hấp dẫn. Tôi gặp khó khăn khi hiểu Đại số vì tôi không thể nhìn xa hơn các ký hiệu và ký hiệu. Nhưng trước đó tôi không nhận ra rằng đại số là ngôn ngữ ký hiệu để thể hiện các hình dạng hình học.",positive,kien_thuc
11325,Cuối cùng là một video phân tích thực sự loạt bài giảng từ OCW :'). Cảm ơn bạn,positive,chuong_trinh_hoc
11326,"Tôi thực sự vui mừng vì mình đã không bỏ cuộc và đi được đến đây, cảm ơn Giáo sư Strang",positive,ky_nang_giang_day
11327,"Là một người đã nghiên cứu toán học trong 40 năm và giảng dạy toán học trong 30 năm, tôi có thể nói rằng trí tuệ và hiểu biết sâu sắc của Giáo sư Strang thật đáng kinh ngạc. Hơn nữa, khả năng chia sẻ hiểu biết sâu sắc này một cách nhiệt tình (dù kỳ quặc và lập dị) là một món quà cho tất cả chúng ta. Cảm ơn Ngài. Xin ban phước lành cho tất cả những người tận tụy với nghề giảng dạy.",positive,ky_nang_giang_day
11328,"sự cố của biểu diễn thập phân của Số thực thật là thiên tài. Cảm ơn! Nó cũng khiến tôi chú ý rằng trong một trường đại học đẳng cấp thế giới như MIT, các bài giảng vẫn được đưa ra theo cách truyền thống như vậy.",neutral,kien_thuc
11328,"sự cố của biểu diễn thập phân của Số thực thật là thiên tài. Cảm ơn! Nó cũng khiến tôi chú ý rằng trong một trường đại học đẳng cấp thế giới như MIT, các bài giảng vẫn được đưa ra theo cách truyền thống như vậy.",neutral,kien_thuc
11328,"sự cố của biểu diễn thập phân của Số thực thật là thiên tài. Cảm ơn! Nó cũng khiến tôi chú ý rằng trong một trường đại học đẳng cấp thế giới như MIT, các bài giảng vẫn được đưa ra theo cách truyền thống như vậy.",positive,noi_chung
11328,"sự cố của biểu diễn thập phân của Số thực thật là thiên tài. Cảm ơn! Nó cũng khiến tôi chú ý rằng trong một trường đại học đẳng cấp thế giới như MIT, các bài giảng vẫn được đưa ra theo cách truyền thống như vậy.",positive,chuong_trinh_hoc
11329,Tôi thực sự thích Bài giảng video 14 biến không độc lập từ bạn,positive,chuong_trinh_hoc
11330,Ứng dụng của tích vô hướng trong phép tính đa biến là gì? Chúng ta có nên mong đợi sử dụng nó để suy nghĩ về độ dốc không? Các điểm quan trọng?,neutral,kien_thuc
11331,"Chúng tôi cho rằng quan niệm sai lầm về số phức có thể dẫn đến hiểu lầm về thuật toán đại số. Trong trường hợp cụ thể đó, chúng ta cũng sẽ giải quyết thông qua các hoạt động thực hành trong không gian làm việc. Tòa nhà C.",neutral,kien_thuc
11331,"Chúng tôi cho rằng quan niệm sai lầm về số phức có thể dẫn đến hiểu lầm về thuật toán đại số. Trong trường hợp cụ thể đó, chúng ta cũng sẽ giải quyết thông qua các hoạt động thực hành trong không gian làm việc. Tòa nhà C.",neutral,kien_thuc
11332,Làm thế nào để tìm số trục trong một ma trận?,neutral,kien_thuc
11333,Cuốn sách nào  phù hợp với loạt bài giảng này?,neutral,thiet_bi_day_hoc
11334,Tuyệt vời Bài giảng!! Giúp ích cho tôi rất nhiều.,positive,chuong_trinh_hoc
11335,"56:29 phụ đề sửa lỗi thay vì mật độ tính cách, nó phải là mật độ xác suất. Cảm ơn vì nội dung =)",neutral,noi_chung
11335,"56:29 phụ đề sửa lỗi thay vì mật độ tính cách, nó phải là mật độ xác suất. Cảm ơn vì nội dung =)",positive,ky_nang_giang_day
11336,Không biết 18.06 đã tồn tại trong nhiều thế kỷ lol. kỳ thi từ năm số không.,negative,noi_chung
11336,Không biết 18.06 đã tồn tại trong nhiều thế kỷ lol. kỳ thi từ năm số không.,negative,chuong_trinh_hoc
11337,Tuyệt vời video thưa ông! Cảm ơn ông!,positive,chuong_trinh_hoc
11337,Tuyệt vời video thưa ông! Cảm ơn ông!,positive,ky_nang_giang_day
11338,"14:11 - anh ấy vừa mới bắt đầu. Không có lý thuyết, không có mô tả về ""kế hoạch"" đằng sau những gì chúng ta đang làm. Chúng ta có thể có được một số LÝ THUYẾT về điều này thay vì dành thời gian để giải quyết đại số không? Chúng ta thực sự LÀM GÌ với những ý tưởng này?",negative,kien_thuc
11339,Tôi vô tình nhấp vào đây và xem nó. Tôi đã định xem Yoona's Big Mouth trên Disney+. Cảm ơn Giáo sư Strang vì kiến thức.,neutral,ky_nang_giang_day
11340,"Đây thực sự là một bài giảng, anh ta thậm chí còn không giải thích ý nghĩa của việc tích hợp cả hai bên",negative,chuong_trinh_hoc
11341,"Nếu ma trận có tất cả các kết nối, cuối cùng nó có chu kỳ, nhưng nó không phải là lỗi. Một sự nghiêm ngặt đúng tiêu chí là gì?",neutral,kien_thuc
11342,Tôi đã để ý đến chúng kể từ khi tôi xem bài giảng thứ 4 ..Tôi nghĩ đó là một loại bình luận do máy tính tạo ra mà ai đó ở MIT đang sử dụng. Nhưng mục đích là gì thì tôi không chắc. Thật đáng sợ,negative,chuong_trinh_hoc
11342,Tôi đã để ý đến chúng kể từ khi tôi xem bài giảng thứ 4 ..Tôi nghĩ đó là một loại bình luận do máy tính tạo ra mà ai đó ở MIT đang sử dụng. Nhưng mục đích là gì thì tôi không chắc. Thật đáng sợ,negative,noi_chung
11343,Nếu Plato đúng về lý thuyết hình thức thì tôi khá chắc chắn rằng đây là LÝ TƯỞNG bài giảng.,positive,chuong_trinh_hoc
11344,"Vâng, đúng là anh ấy đã viết cuốn sách đó!",positive,ky_nang_giang_day
11345,"Tôi cũng thích loạt bài bài giảng này, nhưng trong bài bài giảng này, tôi thấy rằng ông ấy không giải thích đủ về vuông góc). Ví dụ với bảng đen, bởi vì rõ ràng chúng tạo thành một góc vuông và do đó là (8: vuông góc). Và rõ ràng chúng đều là không gian con. Điều đó khiến tôi tin rằng định nghĩa này là sai, mà tôi chắc chắn là không phải vậy.",negative,chuong_trinh_hoc
11345,"Tôi cũng thích loạt bài bài giảng này, nhưng trong bài bài giảng này, tôi thấy rằng ông ấy không giải thích đủ về vuông góc). Ví dụ với bảng đen, bởi vì rõ ràng chúng tạo thành một góc vuông và do đó là (8: vuông góc). Và rõ ràng chúng đều là không gian con. Điều đó khiến tôi tin rằng định nghĩa này là sai, mà tôi chắc chắn là không phải vậy.",negative,kien_thuc
11345,"Tôi cũng thích loạt bài bài giảng này, nhưng trong bài bài giảng này, tôi thấy rằng ông ấy không giải thích đủ về vuông góc). Ví dụ với bảng đen, bởi vì rõ ràng chúng tạo thành một góc vuông và do đó là (8: vuông góc). Và rõ ràng chúng đều là không gian con. Điều đó khiến tôi tin rằng định nghĩa này là sai, mà tôi chắc chắn là không phải vậy.",neutral,thiet_bi_day_hoc
11345,"Tôi cũng thích loạt bài bài giảng này, nhưng trong bài bài giảng này, tôi thấy rằng ông ấy không giải thích đủ về vuông góc). Ví dụ với bảng đen, bởi vì rõ ràng chúng tạo thành một góc vuông và do đó là (8: vuông góc). Và rõ ràng chúng đều là không gian con. Điều đó khiến tôi tin rằng định nghĩa này là sai, mà tôi chắc chắn là không phải vậy.",positive,thiet_bi_day_hoc
11345,"Tôi cũng thích loạt bài bài giảng này, nhưng trong bài bài giảng này, tôi thấy rằng ông ấy không giải thích đủ về vuông góc). Ví dụ với bảng đen, bởi vì rõ ràng chúng tạo thành một góc vuông và do đó là (8: vuông góc). Và rõ ràng chúng đều là không gian con. Điều đó khiến tôi tin rằng định nghĩa này là sai, mà tôi chắc chắn là không phải vậy.",negative,ky_nang_giang_day
11345,"Tôi cũng thích loạt bài bài giảng này, nhưng trong bài bài giảng này, tôi thấy rằng ông ấy không giải thích đủ về vuông góc). Ví dụ với bảng đen, bởi vì rõ ràng chúng tạo thành một góc vuông và do đó là (8: vuông góc). Và rõ ràng chúng đều là không gian con. Điều đó khiến tôi tin rằng định nghĩa này là sai, mà tôi chắc chắn là không phải vậy.",neutral,thiet_bi_day_hoc
11345,"Tôi cũng thích loạt bài bài giảng này, nhưng trong bài bài giảng này, tôi thấy rằng ông ấy không giải thích đủ về vuông góc). Ví dụ với bảng đen, bởi vì rõ ràng chúng tạo thành một góc vuông và do đó là (8: vuông góc). Và rõ ràng chúng đều là không gian con. Điều đó khiến tôi tin rằng định nghĩa này là sai, mà tôi chắc chắn là không phải vậy.",neutral,kien_thuc
11345,"Tôi cũng thích loạt bài bài giảng này, nhưng trong bài bài giảng này, tôi thấy rằng ông ấy không giải thích đủ về vuông góc). Ví dụ với bảng đen, bởi vì rõ ràng chúng tạo thành một góc vuông và do đó là (8: vuông góc). Và rõ ràng chúng đều là không gian con. Điều đó khiến tôi tin rằng định nghĩa này là sai, mà tôi chắc chắn là không phải vậy.",neutral,kien_thuc
11345,"Tôi cũng thích loạt bài bài giảng này, nhưng trong bài bài giảng này, tôi thấy rằng ông ấy không giải thích đủ về vuông góc). Ví dụ với bảng đen, bởi vì rõ ràng chúng tạo thành một góc vuông và do đó là (8: vuông góc). Và rõ ràng chúng đều là không gian con. Điều đó khiến tôi tin rằng định nghĩa này là sai, mà tôi chắc chắn là không phải vậy.",neutral,kien_thuc
11346,"Đây là một bài giảng hay về phép loại bỏ ma trận mà cuối cùng tôi cũng được học lần đầu tiên. Tiến sĩ Strang, tôi thích cách bạn giải thích phép nhân ma trận.",positive,chuong_trinh_hoc
11346,"Đây là một bài giảng hay về phép loại bỏ ma trận mà cuối cùng tôi cũng được học lần đầu tiên. Tiến sĩ Strang, tôi thích cách bạn giải thích phép nhân ma trận.",positive,ky_nang_giang_day
11346,"Đây là một bài giảng hay về phép loại bỏ ma trận mà cuối cùng tôi cũng được học lần đầu tiên. Tiến sĩ Strang, tôi thích cách bạn giải thích phép nhân ma trận.",positive,kien_thuc
11346,"Đây là một bài giảng hay về phép loại bỏ ma trận mà cuối cùng tôi cũng được học lần đầu tiên. Tiến sĩ Strang, tôi thích cách bạn giải thích phép nhân ma trận.",positive,kien_thuc
11347,Không ai: Tiến sĩ Strang giữ nguyên trang phục ngoại trừ 2-3 bài giảng khi ông mặc áo len ra ngoài áo sơ mi.,positive,ky_nang_giang_day
11347,Không ai: Tiến sĩ Strang giữ nguyên trang phục ngoại trừ 2-3 bài giảng khi ông mặc áo len ra ngoài áo sơ mi.,positive,chuong_trinh_hoc
11348,grad(f) không phải là [x by] thay vì [2x 2by] sao?,neutral,kien_thuc
11348,grad(f) không phải là [x by] thay vì [2x 2by] sao?,neutral,kien_thuc
11348,grad(f) không phải là [x by] thay vì [2x 2by] sao?,neutral,kien_thuc
11349,"Độc lập, Cơ sở và Kích thước. Hmmm, nghe giống như tiêu đề của Robert Nozick. Cảm ơn Tiến sĩ Strang!",positive,ky_nang_giang_day
11350,"Tôi rất biết ơn vì những điều này bài giảng. Mặc dù, chuyển động của máy quay đôi khi gây khó chịu.",positive,chuong_trinh_hoc
11350,"Tôi rất biết ơn vì những điều này bài giảng. Mặc dù, chuyển động của máy quay đôi khi gây khó chịu.",negative,thiet_bi_day_hoc
11351,"46:15 Trời ơi! Anh ấy đã giới thiệu đại số trừu tượng ngay tại đó! Tôi vừa hoàn thành đại số trừu tượng và chỉ xem những bài giảng này vì... Tôi không cần lý do, và tôi vừa mới nhận ra điều đó! Giáo sư Strang thật tuyệt vời. Tôi mừng là mình có thể xem những bài giảng này ở bất cứ đâu và bất cứ lúc nào tôi muốn :)",positive,de_xuat
11351,"46:15 Trời ơi! Anh ấy đã giới thiệu đại số trừu tượng ngay tại đó! Tôi vừa hoàn thành đại số trừu tượng và chỉ xem những bài giảng này vì... Tôi không cần lý do, và tôi vừa mới nhận ra điều đó! Giáo sư Strang thật tuyệt vời. Tôi mừng là mình có thể xem những bài giảng này ở bất cứ đâu và bất cứ lúc nào tôi muốn :)",positive,ky_nang_giang_day
11351,"46:15 Trời ơi! Anh ấy đã giới thiệu đại số trừu tượng ngay tại đó! Tôi vừa hoàn thành đại số trừu tượng và chỉ xem những bài giảng này vì... Tôi không cần lý do, và tôi vừa mới nhận ra điều đó! Giáo sư Strang thật tuyệt vời. Tôi mừng là mình có thể xem những bài giảng này ở bất cứ đâu và bất cứ lúc nào tôi muốn :)",positive,ky_nang_giang_day
11351,"46:15 Trời ơi! Anh ấy đã giới thiệu đại số trừu tượng ngay tại đó! Tôi vừa hoàn thành đại số trừu tượng và chỉ xem những bài giảng này vì... Tôi không cần lý do, và tôi vừa mới nhận ra điều đó! Giáo sư Strang thật tuyệt vời. Tôi mừng là mình có thể xem những bài giảng này ở bất cứ đâu và bất cứ lúc nào tôi muốn :)",positive,de_xuat
11352,"Có chút thắc mắc về chủ đề này lúc này, không hiểu gì cả - thiếu tự tin. Nhưng khi xem cái này bài giảng - tôi lại hiểu ra mọi thứ.",positive,chuong_trinh_hoc
11353,Gilbert Strang - một huyền thoại đang hình thành...,positive,ky_nang_giang_day
11354,không chính xác về mặt số. Tôi đã chấp nhận rằng đơn vị là chính xác cách đây hơn một tháng. Hãy học cách đọc nhé.,positive,kien_thuc
11355,GOAT Bài giảng là khóa học đầu tiên trong xác suất,positive,chuong_trinh_hoc
11355,GOAT Bài giảng là khóa học đầu tiên trong xác suất,positive,kien_thuc
11356,29:33 bạn có thể tìm thấy vectơ khác không x với Ax=0,neutral,kien_thuc
11356,29:33 bạn có thể tìm thấy vectơ khác không x với Ax=0,neutral,kien_thuc
11357,Niềm đam mê toán học và việc giảng dạy toán học tỏa sáng qua bạn và nó thực sự có sức lan tỏa. Biết ơn mãi mãi. <3,positive,ky_nang_giang_day
11358,"Tại sao video này chỉ có 300 nghìn lượt xem = 30 nghìn lượt xem mỗi năm từ khắp nơi trên thế giới. Có hàng triệu sinh viên kỹ thuật, toán học và khoa học cần đại số tuyến tính mỗi năm.",neutral,chuong_trinh_hoc
11358,"Tại sao video này chỉ có 300 nghìn lượt xem = 30 nghìn lượt xem mỗi năm từ khắp nơi trên thế giới. Có hàng triệu sinh viên kỹ thuật, toán học và khoa học cần đại số tuyến tính mỗi năm.",positive,kien_thuc
11359,"Tiến sĩ Strang cảm ơn vì đã giúp tôi học lại đại số tuyến tính và các khái niệm quan trọng của nó. Khi tôi học lớp này tại Đại học Maryland Baltimore County, giáo sư không quan tâm tôi có học hay không.",positive,ky_nang_giang_day
11359,"Tiến sĩ Strang cảm ơn vì đã giúp tôi học lại đại số tuyến tính và các khái niệm quan trọng của nó. Khi tôi học lớp này tại Đại học Maryland Baltimore County, giáo sư không quan tâm tôi có học hay không.",negative,ky_nang_giang_day
11360,Trong 22:38 dF/dt không phải là một vector sao? Có ai giải thích được không. Cảm ơn bạn,neutral,kien_thuc
11361,"""Chúng ta thực sự không biết phép chia cho vi phân có nghĩa là gì."" Tôi có thể thề rằng Abraham Robinson nổi tiếng vì điều gì đó... đó là điều gì nhỉ?",neutral,kien_thuc
11362,Huyền thoại toán học. Cảm ơn thầy vì tình yêu của thầy dành cho học sinh và việc giảng dạy toán học,positive,ky_nang_giang_day
11362,Huyền thoại toán học. Cảm ơn thầy vì tình yêu của thầy dành cho học sinh và việc giảng dạy toán học,positive,kien_thuc
11363,"Mmm vấn đề cuối cùng: ma trận 3x2 nhân với ma trận số không [0,0] không tạo ra ma trận số không khác sao?!",neutral,kien_thuc
11363,"Mmm vấn đề cuối cùng: ma trận 3x2 nhân với ma trận số không [0,0] không tạo ra ma trận số không khác sao?!",neutral,kien_thuc
11364,"Tôi nghĩ lớp học bắt đầu trở nên lộn xộn từ 18:30, thỉnh thoảng có sự rõ ràng, giáo sư Strang bắt đầu đưa ra những sự kiện không có mối liên hệ logic rõ ràng. Ví dụ, phần giới thiệu về Hessenberg trên, tri-diagonal và bi-diagonal, lý do chúng ta tìm kiếm chúng và chúng giúp ích cho phương pháp QR như thế nào không phải là điều tự nhiên đối với tôi.",negative,ky_nang_giang_day
11365,Tôi thực sự thích Bài giảng video 07: Đánh giá. Từ bạn,positive,chuong_trinh_hoc
11366,18:06 Tại sao anh ấy lại trừ đi 2 đơn vị?,neutral,kien_thuc
11367,Tôi nghĩ có một lỗi rất nhỏ trong đồ thị của (a_i*x-b^2). vùng nhầm lẫn bị giới hạn không phải là a_i/b_i mà là b_i/a_i,neutral,kien_thuc
11367,Tôi nghĩ có một lỗi rất nhỏ trong đồ thị của (a_i*x-b^2). vùng nhầm lẫn bị giới hạn không phải là a_i/b_i mà là b_i/a_i,neutral,kien_thuc
11367,Tôi nghĩ có một lỗi rất nhỏ trong đồ thị của (a_i*x-b^2). vùng nhầm lẫn bị giới hạn không phải là a_i/b_i mà là b_i/a_i,neutral,kien_thuc
11367,Tôi nghĩ có một lỗi rất nhỏ trong đồ thị của (a_i*x-b^2). vùng nhầm lẫn bị giới hạn không phải là a_i/b_i mà là b_i/a_i,neutral,kien_thuc
11368,Bài viết này nói về việc các nhà toán học phát hiện ra rằng cách nhân nhanh nhất là n*log(n) bước so với cách thông thường là n^2. https://www.quantamagazine.org/mathematicians-discover-the-perfect-way-to-multiply-20190411/ Giáo sư Strang sẽ chỉ cho bạn cách thực hiện trong bài giảng này.,neutral,ky_nang_giang_day
11369,Đừng quên một điều tuyệt vời nữa về MIT. MIT còn làm những việc như chia sẻ những điều này bài giảng.,positive,chuong_trinh_hoc
11370,người đàn ông này thật buồn cười,positive,ky_nang_giang_day
11371,điều này truyền cảm hứng cho tôi đóng góp một phần nhỏ cho MIT OCW,neutral,chuong_trinh_hoc
11372,Rất hữu ích cho các sinh viên tương lai! Tuyệt vời làm việc! Cảm ơn bạn!,positive,ky_nang_giang_day
11372,Rất hữu ích cho các sinh viên tương lai! Tuyệt vời làm việc! Cảm ơn bạn!,positive,chuong_trinh_hoc
11373,Tại sao không gian rỗng của A lại nằm trong Rn thay vì Rm khi vectơ nghiệm đặc biệt có m thành phần,neutral,kien_thuc
11373,Tại sao không gian rỗng của A lại nằm trong Rn thay vì Rm khi vectơ nghiệm đặc biệt có m thành phần,neutral,kien_thuc
11373,Tại sao không gian rỗng của A lại nằm trong Rn thay vì Rm khi vectơ nghiệm đặc biệt có m thành phần,neutral,kien_thuc
11373,Tại sao không gian rỗng của A lại nằm trong Rn thay vì Rm khi vectơ nghiệm đặc biệt có m thành phần,neutral,kien_thuc
11374,Cảm ơn vì nội dung tuyệt vời :D Giáo sư Strang là hình mẫu của tôi. Ông ấy có vẻ đẹp không bao giờ phai theo thời gian.,positive,chuong_trinh_hoc
11374,Cảm ơn vì nội dung tuyệt vời :D Giáo sư Strang là hình mẫu của tôi. Ông ấy có vẻ đẹp không bao giờ phai theo thời gian.,positive,ky_nang_giang_day
11375,"Tuyệt vời Bài giảng. Có ai có thể trả lời câu hỏi của tôi không: Tôi hiểu rằng vectơ lỗi (b-p) là nhỏ nhất khi e vuông góc với không gian cột. Điều tôi bối rối là phần lỗi bình phương. Sử dụng phép chiếu, tôi nghĩ rằng giải pháp được đưa ra là Xhat có thể giảm thiểu vectơ lỗi thay vì bình phương lỗi. Có ai có thể giúp tôi làm rõ điều này không?",positive,chuong_trinh_hoc
11375,"Tuyệt vời Bài giảng. Có ai có thể trả lời câu hỏi của tôi không: Tôi hiểu rằng vectơ lỗi (b-p) là nhỏ nhất khi e vuông góc với không gian cột. Điều tôi bối rối là phần lỗi bình phương. Sử dụng phép chiếu, tôi nghĩ rằng giải pháp được đưa ra là Xhat có thể giảm thiểu vectơ lỗi thay vì bình phương lỗi. Có ai có thể giúp tôi làm rõ điều này không?",neutral,kien_thuc
11376,@[USERNAME]Tôi nghĩ x bị giới hạn ở các số từ 0 đến 1,neutral,kien_thuc
11377,Có ai nghĩ anh ấy nói chuyện với cùng niềm đam mê toán học như NULL với Hóa học không? Thích anh chàng này quá.,positive,ky_nang_giang_day
11377,Có ai nghĩ anh ấy nói chuyện với cùng niềm đam mê toán học như NULL với Hóa học không? Thích anh chàng này quá.,positive,noi_chung
11377,Có ai nghĩ anh ấy nói chuyện với cùng niềm đam mê toán học như NULL với Hóa học không? Thích anh chàng này quá.,positive,noi_chung
11378,@[USERNAME]Tôi không tin là tôi từng học được rằng vectơ riêng của một ma trận đối xứng (hoặc trực giao) là trực giao. Điều đó có vẻ... kỳ diệu...,neutral,kien_thuc
11379,Còn ai xem những video này ở chế độ 2x nữa không?,neutral,chuong_trinh_hoc
11380,"Thực ra tôi đã nhận thấy DIỆN TÍCH THỂ TÍCH ngay từ lần đầu tiên và cũng hiểu được sức mạnh của 1 :) Vì vậy, tôi xứng đáng nhận được lời Cảm ơn từ một giáo sư của MIT ... Hoan hô!",positive,kien_thuc
11381,"@[USERNAME]Bạn cần tối thiểu tiền giải tích. Học sinh thường không bỏ qua giải tích đa năng (mặc dù họ có thể) vì rất ít trường trung học dạy giải tích đa năng, mặc dù họ cung cấp một kỳ thi nâng cao để bỏ qua nếu bạn đã học theo cách bạn đã học.",neutral,kien_thuc
11381,"@[USERNAME]Bạn cần tối thiểu tiền giải tích. Học sinh thường không bỏ qua giải tích đa năng (mặc dù họ có thể) vì rất ít trường trung học dạy giải tích đa năng, mặc dù họ cung cấp một kỳ thi nâng cao để bỏ qua nếu bạn đã học theo cách bạn đã học.",neutral,kien_thuc
11382,tại sao chúng ta phải viết dx thành tích phân ??,neutral,kien_thuc
11382,tại sao chúng ta phải viết dx thành tích phân ??,neutral,kien_thuc
11383,"Tôi là sinh viên kỹ thuật và tôi đã tìm kiếm điều này trong một thời gian dài. Phân tích thực, Phân tích chức năng. Tôi hy vọng trong tương lai sẽ có Phân tích phức tạp. Điều này cực kỳ hữu ích cho các vấn đề xử lý tín hiệu số. Một điều kỳ lạ là hiện tại tất cả các vấn đề học máy không được thiết kế cho những thứ có số phức bên trong chúng",positive,kien_thuc
11383,"Tôi là sinh viên kỹ thuật và tôi đã tìm kiếm điều này trong một thời gian dài. Phân tích thực, Phân tích chức năng. Tôi hy vọng trong tương lai sẽ có Phân tích phức tạp. Điều này cực kỳ hữu ích cho các vấn đề xử lý tín hiệu số. Một điều kỳ lạ là hiện tại tất cả các vấn đề học máy không được thiết kế cho những thứ có số phức bên trong chúng",positive,kien_thuc
11383,"Tôi là sinh viên kỹ thuật và tôi đã tìm kiếm điều này trong một thời gian dài. Phân tích thực, Phân tích chức năng. Tôi hy vọng trong tương lai sẽ có Phân tích phức tạp. Điều này cực kỳ hữu ích cho các vấn đề xử lý tín hiệu số. Một điều kỳ lạ là hiện tại tất cả các vấn đề học máy không được thiết kế cho những thứ có số phức bên trong chúng",positive,kien_thuc
11383,"Tôi là sinh viên kỹ thuật và tôi đã tìm kiếm điều này trong một thời gian dài. Phân tích thực, Phân tích chức năng. Tôi hy vọng trong tương lai sẽ có Phân tích phức tạp. Điều này cực kỳ hữu ích cho các vấn đề xử lý tín hiệu số. Một điều kỳ lạ là hiện tại tất cả các vấn đề học máy không được thiết kế cho những thứ có số phức bên trong chúng",neutral,kien_thuc
11383,"Tôi là sinh viên kỹ thuật và tôi đã tìm kiếm điều này trong một thời gian dài. Phân tích thực, Phân tích chức năng. Tôi hy vọng trong tương lai sẽ có Phân tích phức tạp. Điều này cực kỳ hữu ích cho các vấn đề xử lý tín hiệu số. Một điều kỳ lạ là hiện tại tất cả các vấn đề học máy không được thiết kế cho những thứ có số phức bên trong chúng",neutral,kien_thuc
11384,Rất thích cách anh ấy dạy! Cảm ơn bạn,positive,thiet_bi_day_hoc
11385,"ngl, tốt video, nhưng hình thu nhỏ rùng rợn",positive,chuong_trinh_hoc
11386,"Tuyệt vời, tuyệt vời bài giảng vì Prfof Strang làm sáng tỏ và tập trung vào các ý tưởng chính và ý nghĩa trực quan - không chỉ là cơ chế như hầu hết các sách và hướng dẫn khác. Cảm ơn Giáo sư Strang đã chia sẻ trí tuệ tuyệt vời và kỹ năng của ông như một nhà giáo dục tuyệt vời!",positive,chuong_trinh_hoc
11386,"Tuyệt vời, tuyệt vời bài giảng vì Prfof Strang làm sáng tỏ và tập trung vào các ý tưởng chính và ý nghĩa trực quan - không chỉ là cơ chế như hầu hết các sách và hướng dẫn khác. Cảm ơn Giáo sư Strang đã chia sẻ trí tuệ tuyệt vời và kỹ năng của ông như một nhà giáo dục tuyệt vời!",positive,ky_nang_giang_day
11387,Đã bao nhiêu lần bạn xem một bài giảng và mỉm cười? Tôi liên tục mỉm cười - mỗi lần anh ấy chỉ ra điều gì đó mà tôi không nghĩ đến trong cách anh ấy đề cập đến. Thật tuyệt vời giáo viên!,positive,ky_nang_giang_day
11387,Đã bao nhiêu lần bạn xem một bài giảng và mỉm cười? Tôi liên tục mỉm cười - mỗi lần anh ấy chỉ ra điều gì đó mà tôi không nghĩ đến trong cách anh ấy đề cập đến. Thật tuyệt vời giáo viên!,positive,ky_nang_giang_day
11388,prof khá buồn cười.,positive,ky_nang_giang_day
11389,"Tôi hy vọng hầu hết các bạn đều nhận thấy rằng ở phút 42:21, chúng ta đang xử lý ""chức năng bồn cầu"" ;)",positive,kien_thuc
11390,Yêu anh thưa ngài. Tình yêu từ Ấn Độ.,positive,ky_nang_giang_day
11391,"@3:30, tại sao anh ấy lại bỏ qua sigma scalars (giá trị kỳ dị) trong tổng các vectơ kỳ dị trái và phải để tạo ra X? Có đúng không?",negative,kien_thuc
11392,"Một bậc thầy về đại số tuyến tính, người không hề nao núng trước những hiểu biết tự phát khi ông diễn đạt những ý nghĩa sâu xa ẩn chứa trong sinh vật toán học bí ẩn gọi là ma trận.",positive,ky_nang_giang_day
11393,"Cảm ơn MIT, cảm ơn Ông Strang, đây chính là cách MỌI THỨ nên được dạy!!!",positive,noi_chung
11393,"Cảm ơn MIT, cảm ơn Ông Strang, đây chính là cách MỌI THỨ nên được dạy!!!",positive,ky_nang_giang_day
11394,Anh ấy xây dựng phụ trợ cho phương tiện tầm thường. Làm tốt lắm.,positive,ky_nang_giang_day
11394,Anh ấy xây dựng phụ trợ cho phương tiện tầm thường. Làm tốt lắm.,positive,kien_thuc
11394,Anh ấy xây dựng phụ trợ cho phương tiện tầm thường. Làm tốt lắm.,positive,kien_thuc
11395,"Đây có vẻ là một bài giới thiệu hay khóa học và tôi thấy hữu ích khi xem lại và làm mới kiến thức trước đây của mình. Ngoài ra còn có một loạt bài giảng tuyệt vời từ MIT được thực hiện vào năm 1970 bởi Herb Gross tuyệt vời, có tên là ""Calculus Revisited."" Herb vẫn còn sống và đang thực hiện các video mới về toán K-12. Nếu bạn bình luận về các video về phép tính của ông, ông ấy có thể sẽ trả lời. Ông ấy thực sự là một giảng viên độc đáo và tuyệt vời, và tôi thực sự khuyên bạn nên xem loạt bài giảng đó. Bạn có thể tìm thấy nó trên YouTube hoặc trên cùng trang web mà loạt bài giảng này nằm.",positive,de_xuat
11396,"Càng xem những video này, tôi càng ghét người quay phim",negative,thiet_bi_day_hoc
11397,Rất hay và súc tích giải thích. Cảm ơn.,positive,thiet_bi_day_hoc
11398,Tôi đã theo dõi toàn bộ series và đây là Khóa học thống kê TỐT NHẤT mà tôi từng học. Cảm ơn Giáo sư Tsitsiklis đã trình bày rất rõ ràng và súc tích. Tôi chưa bao giờ hình dung ra một khóa học thống kê cơ bản sẽ giúp tôi hiểu rõ hơn và tự tin hơn nhiều như vậy. Thật kỳ diệu!,positive,chuong_trinh_hoc
11398,Tôi đã theo dõi toàn bộ series và đây là Khóa học thống kê TỐT NHẤT mà tôi từng học. Cảm ơn Giáo sư Tsitsiklis đã trình bày rất rõ ràng và súc tích. Tôi chưa bao giờ hình dung ra một khóa học thống kê cơ bản sẽ giúp tôi hiểu rõ hơn và tự tin hơn nhiều như vậy. Thật kỳ diệu!,positive,ky_nang_giang_day
11399,"Kể cả nếu Chúa có dạy đại số tuyến tính, thì cũng không tốt hơn thế này được.",positive,chuong_trinh_hoc
11400,"Khoảng 33:30, làm sao chúng ta biết rằng x=xp+xn đưa ra một nghiệm hoàn chỉnh của Bx=b? Theo tôi nghĩ thì B*xp+B*xn=b+0, vì vậy chúng ta chỉ nhận được một nghiệm cụ thể mà chúng ta chọn một cách tùy ý. Tôi có thể tạo tổ hợp tuyến tính với các vectơ cơ sở không gian rỗng để thu được tất cả các nghiệm khác không hay tôi đang thiếu điều gì? Cảm ơn",neutral,kien_thuc
11400,"Khoảng 33:30, làm sao chúng ta biết rằng x=xp+xn đưa ra một nghiệm hoàn chỉnh của Bx=b? Theo tôi nghĩ thì B*xp+B*xn=b+0, vì vậy chúng ta chỉ nhận được một nghiệm cụ thể mà chúng ta chọn một cách tùy ý. Tôi có thể tạo tổ hợp tuyến tính với các vectơ cơ sở không gian rỗng để thu được tất cả các nghiệm khác không hay tôi đang thiếu điều gì? Cảm ơn",neutral,kien_thuc
11401,Đến từ bài giảng 4 Tôi cảm thấy như tai mình đang được vuốt ve một cách gợi cảm.,positive,chuong_trinh_hoc
11402,"Đối với bất kỳ ai xem video này mà không cảm thấy mình hiểu hết khái niệm, Giáo sư Strang có bản cập nhật bài giảng trong 18.065 về SVD, theo tôi thì bản này trình bày theo cách rõ ràng hơn: https://youtu.be/rYz83XPxiZo",positive,ky_nang_giang_day
11402,"Đối với bất kỳ ai xem video này mà không cảm thấy mình hiểu hết khái niệm, Giáo sư Strang có bản cập nhật bài giảng trong 18.065 về SVD, theo tôi thì bản này trình bày theo cách rõ ràng hơn: https://youtu.be/rYz83XPxiZo",positive,chuong_trinh_hoc
11403,"Tôi thích cách anh ấy thậm chí không cần phải giải thích cẩn thận, nhưng mọi người đã quan tâm đến Đại số tuyến tính do anh ấy dạy. Anh ấy thực sự khuyến khích học sinh động não để đưa ra những hiểu biết sâu sắc khác dựa trên nền tảng vững chắc mà anh ấy có thể cung cấp cho họ.",positive,ky_nang_giang_day
11403,"Tôi thích cách anh ấy thậm chí không cần phải giải thích cẩn thận, nhưng mọi người đã quan tâm đến Đại số tuyến tính do anh ấy dạy. Anh ấy thực sự khuyến khích học sinh động não để đưa ra những hiểu biết sâu sắc khác dựa trên nền tảng vững chắc mà anh ấy có thể cung cấp cho họ.",positive,chuong_trinh_hoc
11404,Đã học 18.06 năm 1992 và ông ấy đã dạy môn này. Thật tuyệt vời và là một giáo sư tuyệt vời.,positive,ky_nang_giang_day
11405,có ai có giải pháp cho bài toán trên ocw không?,neutral,kien_thuc
11406,"Bạn cùng lớp và tôi đã tự học Giải tích BC... chúng tôi được yêu cầu học phép thay thế lượng giác, dành 2-3 tuần để học, rồi phát hiện ra rằng chúng không có trong kỳ thi AP -.- *thở dài* phép thay thế lượng giác làm hỏng hết cả lớp.",negative,kien_thuc
11407,"Thầy là một trong những giáo viên giỏi nhất thưa thầy Trân trọng, chúc thầy sức khỏe từ Ấn Độ...",positive,ky_nang_giang_day
11408,Ông ấy chỉ vô tình đưa ra ý tưởng về Lý thuyết nhóm vào ngay cuối bài giảng - Thiên tài! Nếu ai đó có thể lập danh sách phát nhạc toán của tất cả giảng viên) giỏi nhất thế giới... thì có lẽ tôi sẽ làm điều này.,positive,ky_nang_giang_day
11408,Ông ấy chỉ vô tình đưa ra ý tưởng về Lý thuyết nhóm vào ngay cuối bài giảng - Thiên tài! Nếu ai đó có thể lập danh sách phát nhạc toán của tất cả giảng viên) giỏi nhất thế giới... thì có lẽ tôi sẽ làm điều này.,positive,chuong_trinh_hoc
11409,"Không còn nghi ngờ gì nữa, đây là một trong những bài giảng thú vị nhất, cách Giáo sư trình bày các ý tưởng nghiên cứu ở đây và ở đó và hầu như ở mọi nơi khiến tôi vô cùng kinh ngạc, bài giảng thực sự rất thú vị và điều tuyệt vời nhất là nó cũng dễ hiểu với những người không chuyên Toán (mặc dù bài giảng này đến từ một chuyên gia toán học, tuy nhiên tôi thấy toán học chỉ là một phần rất nhỏ, nó thiên về mặt trực quan hơn SGD)",positive,ky_nang_giang_day
11409,"Không còn nghi ngờ gì nữa, đây là một trong những bài giảng thú vị nhất, cách Giáo sư trình bày các ý tưởng nghiên cứu ở đây và ở đó và hầu như ở mọi nơi khiến tôi vô cùng kinh ngạc, bài giảng thực sự rất thú vị và điều tuyệt vời nhất là nó cũng dễ hiểu với những người không chuyên Toán (mặc dù bài giảng này đến từ một chuyên gia toán học, tuy nhiên tôi thấy toán học chỉ là một phần rất nhỏ, nó thiên về mặt trực quan hơn SGD)",positive,kien_thuc
11410,anh ấy lúc nào cũng già à? :P,neutral,ky_nang_giang_day
11411,"... và họ tình cờ gặp nhau, đúng hơn là họ đã *sắp xếp để gặp nhau* tại điểm x = 1, y = 2! :))",neutral,kien_thuc
11411,"... và họ tình cờ gặp nhau, đúng hơn là họ đã *sắp xếp để gặp nhau* tại điểm x = 1, y = 2! :))",neutral,kien_thuc
11412,"11:20 ma trận  không phải là phép quay của bất kỳ góc nào, thực tế nó là phép phản xạ. (Bạn có thể thấy điều đó từ thực tế là det(Q)=-1)",neutral,kien_thuc
11413,Người bình thường ở độ tuổi 65 trở xuống: Cuối cùng tôi cũng được giải thoát khỏi cuộc sống bộn bề Gilbert Strangs trong tương lai ở tuổi 90: Hôm nay chúng ta sẽ bắt đầu phương pháp ma trận....,positive,ky_nang_giang_day
11414,"Thật tuyệt vời bài giảng, cảm ơn bạn!",positive,chuong_trinh_hoc
11415,"Tôi đã hoàn thành bài giảng này vào ngày 16 tháng 9 năm 2022, lúc 22:35 chiều. Cảm ơn Giáo sư Strang, tháng vừa rồi (7 tháng 8 - 16 tháng 9) thật tuyệt vời và đáng nhớ.",positive,ky_nang_giang_day
11416,tích phân trên vạc của phù thủy ví dụ chỉ đơn giản cung cấp tổng năng lượng bên trong vạc phải không? thích điều này bài giảng!,positive,chuong_trinh_hoc
11416,tích phân trên vạc của phù thủy ví dụ chỉ đơn giản cung cấp tổng năng lượng bên trong vạc phải không? thích điều này bài giảng!,positive,noi_chung
11417,"Tôi đã cố gắng nghiên cứu phép vi phân qua nhiều nguồn và luôn bối rối. Trong video này, anh ấy giải quyết rõ ràng vấn đề về sự tin tưởng vào phép vi phân. Đây là lần đầu tiên tôi nắm được khái niệm này.",positive,ky_nang_giang_day
11418,Có ai thực sự thích phấn vàng ở phút 13:37 không?,negative,thiet_bi_day_hoc
11419,Giáo sư Gilbert Strang thực sự là một huyền thoại!,positive,ky_nang_giang_day
11420,Feynman hẳn sẽ thích Giáo sư Strang.,positive,ky_nang_giang_day
11421,"Tôi nghĩ anh ấy đã mắc lỗi ở A+B trước 26:23 vì tôi không chắc lắm nhưng theo những gì tôi thấy, anh ấy đã tạo một hình chữ nhật có chiều dài A và chiều rộng B, tuy nhiên anh ấy lại nói rằng A+B là Đường chéo của hình chữ nhật này, nhưng về mặt lý thuyết thì tất cả các đường chéo của hình chữ nhật đều là căn bậc hai của tổng chiều dài bình phương và chiều rộng bình phương. đúng không? và trước khi video đến 23:33, tôi thấy một số học sinh hỏi câu hỏi mà tôi đáng ra phải hỏi. Nhưng KHÔNG AI LÀ HOÀN HẢO. vì vậy hãy tử tế với anh ấy.",neutral,ky_nang_giang_day
11422,"Tôi không tìm thấy khóa học Tối ưu hóa (có bài giảng video) nào tốt trên trang web MIT, bạn có gợi ý nào không?",neutral,chuong_trinh_hoc
11422,"Tôi không tìm thấy khóa học Tối ưu hóa (có bài giảng video) nào tốt trên trang web MIT, bạn có gợi ý nào không?",neutral,noi_chung
11423,phép tính vi phân đơn phần duy nhất mà tôi không thích...chủ yếu là vì tôi luôn hết giấy để giải những bài toán này!,neutral,chuong_trinh_hoc
11424,48:58 tại sao lại không phải là 1/2 * a1 * 2u1/sqrt(u1^2+h^2 )?,neutral,kien_thuc
11425,"Xin cúi đầu Giáo sư, Bạn là nguồn cảm hứng!",positive,ky_nang_giang_day
11426,Rất tốt nhưng bạn nghĩ MIT có thể mua được thứ tốt hơn cục tẩy bảng.,negative,thiet_bi_day_hoc
11427,"Tôi là sinh viên khoa học máy tính đang xem những bài giảng này bài giảng vì tôi cảm thấy mình cần hiểu rõ hơn về Đại số tuyến tính cho hai lĩnh vực: Học máy và Thông tin lượng tử. Thật khó tin khi cả hai lĩnh vực này đều có sự trùng lặp với khóa học đại số tuyến tính này (ML đã được đề cập khi chúng tôi thực hiện ma trận chiếu vì đó chính xác là giải pháp dạng đóng cho hồi quy tuyến tính), và bây giờ QI sử dụng không gian vectơ phức hợp đang được đề cập. :)",positive,chuong_trinh_hoc
11428,Đẹp video. Tôi chưa bao giờ thấy bảng phấn bảng đen. Sẽ thật tuyệt nếu có những thứ này khi tôi dạy học hehe.,positive,chuong_trinh_hoc
11428,Đẹp video. Tôi chưa bao giờ thấy bảng phấn bảng đen. Sẽ thật tuyệt nếu có những thứ này khi tôi dạy học hehe.,positive,thiet_bi_day_hoc
11429,Hy vọng chúng ta sẽ trở thành hàng xóm trên thiên đường Ông Strang.,positive,ky_nang_giang_day
11430,Thật là một bài giảng tuyệt vời của Giáo sư Jerison,positive,chuong_trinh_hoc
11430,Thật là một bài giảng tuyệt vời của Giáo sư Jerison,positive,ky_nang_giang_day
11431,Cuối cùng tôi đã hiểu được nguồn gốc của phương pháp bình phương nhỏ nhất... (tôi đang học năm thứ 2 ngành hàng không và giáo viên này tốt hơn phương pháp của tôi ở trường đại học gấp ngàn lần. Một số người có thể học cách giảng dạy bổ sung cho bài học đại số),positive,ky_nang_giang_day
11431,Cuối cùng tôi đã hiểu được nguồn gốc của phương pháp bình phương nhỏ nhất... (tôi đang học năm thứ 2 ngành hàng không và giáo viên này tốt hơn phương pháp của tôi ở trường đại học gấp ngàn lần. Một số người có thể học cách giảng dạy bổ sung cho bài học đại số),negative,ky_nang_giang_day
11431,Cuối cùng tôi đã hiểu được nguồn gốc của phương pháp bình phương nhỏ nhất... (tôi đang học năm thứ 2 ngành hàng không và giáo viên này tốt hơn phương pháp của tôi ở trường đại học gấp ngàn lần. Một số người có thể học cách giảng dạy bổ sung cho bài học đại số),neutral,kien_thuc
11432,làm sao tôi có thể lấy được bài giảng này sách giáo khoa?? pdf hay gì đó,neutral,thiet_bi_day_hoc
11433,Tuyệt vời bài giảng nhưng sẽ tuyệt hơn nếu chuyển động của camera ít hơn. Anh ấy viết khá rõ ràng và rất gọn gàng. Giáo sư cũng tuyệt vời,positive,chuong_trinh_hoc
11433,Tuyệt vời bài giảng nhưng sẽ tuyệt hơn nếu chuyển động của camera ít hơn. Anh ấy viết khá rõ ràng và rất gọn gàng. Giáo sư cũng tuyệt vời,positive,ky_nang_giang_day
11434,Giống như xem ai đó như Aristotle dạy,positive,noi_chung
11434,Giống như xem ai đó như Aristotle dạy,positive,ky_nang_giang_day
11435,"Ồ, anh ấy là một giáo viên tuyệt vời!!! với khoảng dừng thích hợp và tốc độ vừa phải!! Tôi rất vui vì mình đã học được nhiều điều.",positive,ky_nang_giang_day
11435,"Ồ, anh ấy là một giáo viên tuyệt vời!!! với khoảng dừng thích hợp và tốc độ vừa phải!! Tôi rất vui vì mình đã học được nhiều điều.",positive,thiet_bi_day_hoc
11435,"Ồ, anh ấy là một giáo viên tuyệt vời!!! với khoảng dừng thích hợp và tốc độ vừa phải!! Tôi rất vui vì mình đã học được nhiều điều.",positive,thiet_bi_day_hoc
11436,"33:18 Việc tán tỉnh bắt đầu từ hàng 2, chứ không phải hàng ma trận ý tôi là vậy.",neutral,kien_thuc
11436,"33:18 Việc tán tỉnh bắt đầu từ hàng 2, chứ không phải hàng ma trận ý tôi là vậy.",neutral,kien_thuc
11437,anh chàng này chắc được trả lương cao lắm,neutral,ky_nang_giang_day
11438,"các bạn ở cuối video, tại sao b(chuyển vị * q1 = 0), không phải là a(chuyển vị)*q2 bằng 0?",negative,kien_thuc
11439,"Ngay cả khi đã già, ông vẫn rất sắc sảo. Tôi đã thấy những giảng viên già bị nhầm lẫn; người đàn ông này cực kỳ sắc sảo. Giảng dạy và thuyết trình tuyệt vời.",positive,ky_nang_giang_day
11440,Convext là gì? như thế này ....hahah,neutral,kien_thuc
11441,Điều này rất bổ ích!! Nó khiến tôi háo hức muốn đến lớp  lần nữa vào ngày mai!!,positive,chuong_trinh_hoc
11442,Yêu anh chàng này. Tôi đang dạy một khóa học như thế này và đang ghi chép. Những bài giảng này thật thú vị khi được lắng nghe! :),positive,ky_nang_giang_day
11442,Yêu anh chàng này. Tôi đang dạy một khóa học như thế này và đang ghi chép. Những bài giảng này thật thú vị khi được lắng nghe! :),positive,chuong_trinh_hoc
11443,"@[USERNAME]When giáo sư the đề cập rằng the hệ thống là kỳ dị, tại sao he lại nói như vậy vì (0,0,..0) là nghiệm của the hệ thống. Không gian rỗng không tầm thường của ma trận A không làm cho phương trình the Ax=0 kỳ dị sao?",neutral,kien_thuc
11443,"@[USERNAME]When giáo sư the đề cập rằng the hệ thống là kỳ dị, tại sao he lại nói như vậy vì (0,0,..0) là nghiệm của the hệ thống. Không gian rỗng không tầm thường của ma trận A không làm cho phương trình the Ax=0 kỳ dị sao?",neutral,chuong_trinh_hoc
11444,"Vào phút 4:11, vectơ không gian rỗng không được tạo thành từ 5 số 0 phải không?",neutral,kien_thuc
11445,"cảm ơn Tiến sĩ am từ Kenya, trường đại học Nairobi chuyên ngành kinh tế, điều này rất hữu ích",positive,ky_nang_giang_day
11446,"Lúc đầu, anh chàng này phong cách có vẻ ngượng ngùng và vụng về nhưng 30 phút sau, bạn nhận ra anh ta đã hoàn toàn cuốn hút và làm bạn mê mẩn. Thật tuyệt vời cách giảng dạy.",negative,thiet_bi_day_hoc
11446,"Lúc đầu, anh chàng này phong cách có vẻ ngượng ngùng và vụng về nhưng 30 phút sau, bạn nhận ra anh ta đã hoàn toàn cuốn hút và làm bạn mê mẩn. Thật tuyệt vời cách giảng dạy.",positive,chuong_trinh_hoc
11447,cảm ơn rất nhiều đến giáo sư vì những nỗ lực cung cấp cho chúng tôi các khóa học về đại số tuyến tính,positive,ky_nang_giang_day
11448,"Người đàn ông tuyệt vời. Giáo viên tuyệt vời. Anh ấy thực sự hiểu việc giảng dạy. Anh ấy gần như trở thành học sinh khi anh ấy đang giảng dạy. Tôi thích sự hài hước của anh ấy. ""Giả vờ bối rối?"" Tôi thích cách anh ấy thực tế và giản dị. Chúa ơi tại sao các giảng viên của tôi lại không giống anh ấy",positive,ky_nang_giang_day
11449,Tôi có bằng toán và tôi vẫn thích những điều này bài giảng. Auroux là một giảng viên tuyệt vời.,positive,chuong_trinh_hoc
11449,Tôi có bằng toán và tôi vẫn thích những điều này bài giảng. Auroux là một giảng viên tuyệt vời.,positive,ky_nang_giang_day
11450,"Ở phút 23:34, tại sao a_1 và a_2 đều vuông góc với vectơ b? Làm sao điều đó có thể xảy ra?",negative,kien_thuc
11450,"Ở phút 23:34, tại sao a_1 và a_2 đều vuông góc với vectơ b? Làm sao điều đó có thể xảy ra?",negative,kien_thuc
11450,"Ở phút 23:34, tại sao a_1 và a_2 đều vuông góc với vectơ b? Làm sao điều đó có thể xảy ra?",negative,kien_thuc
11450,"Ở phút 23:34, tại sao a_1 và a_2 đều vuông góc với vectơ b? Làm sao điều đó có thể xảy ra?",negative,kien_thuc
11451,Đây là điều tuyệt vời nhất. Cảm ơn vì kiến thức chất lượng miễn phí này! <3,positive,ky_nang_giang_day
11451,Đây là điều tuyệt vời nhất. Cảm ơn vì kiến thức chất lượng miễn phí này! <3,positive,chuong_trinh_hoc
11452,giáo sư đã giải thích rất hay những khái niệm này để chúng có vẻ trực quan :) Cảm ơn!,positive,ky_nang_giang_day
11452,giáo sư đã giải thích rất hay những khái niệm này để chúng có vẻ trực quan :) Cảm ơn!,positive,kien_thuc
11453,Cảm ơn Giáo sư Strang đã cung cấp miễn phí,positive,ky_nang_giang_day
11453,Cảm ơn Giáo sư Strang đã cung cấp miễn phí,positive,chuong_trinh_hoc
11454,"ở đâu bài giảng: 8,17,26 và 34???",neutral,chuong_trinh_hoc
11455,44:58 E nhân A là gì? EA sports,neutral,kien_thuc
11455,44:58 E nhân A là gì? EA sports,neutral,noi_chung
11456,"Tôi thích anh chàng này, anh ấy thực sự chỉ ra cách ĐẦY ĐỦ để làm mọi thứ. Và bằng chứng của anh ấy cho quy tắc sản phẩm thật đẹp <3",positive,ky_nang_giang_day
11456,"Tôi thích anh chàng này, anh ấy thực sự chỉ ra cách ĐẦY ĐỦ để làm mọi thứ. Và bằng chứng của anh ấy cho quy tắc sản phẩm thật đẹp <3",neutral,chuong_trinh_hoc
11457,Tuyệt vời phong cách giảng dạy...Cảm ơn rất nhiều !!!,positive,thiet_bi_day_hoc
11458,cảm ơn bạn vì video tôi bị mất ngủ nên tôi xem cái này hy vọng tôi có thể ngủ được,negative,chuong_trinh_hoc
11458,cảm ơn bạn vì video tôi bị mất ngủ nên tôi xem cái này hy vọng tôi có thể ngủ được,negative,chuong_trinh_hoc
11459,"Tôi là sinh viên sau đại học chuyên ngành kỹ thuật điện và máy tính. Mặc dù hầu hết chúng ta đã học đại số tuyến tính ở bậc đại học, tôi vẫn muốn giới thiệu khóa học này  cho những ai quan tâm đến học máy và xử lý tín hiệu. Cảm ơn Giáo sư Strang!",positive,ky_nang_giang_day
11459,"Tôi là sinh viên sau đại học chuyên ngành kỹ thuật điện và máy tính. Mặc dù hầu hết chúng ta đã học đại số tuyến tính ở bậc đại học, tôi vẫn muốn giới thiệu khóa học này  cho những ai quan tâm đến học máy và xử lý tín hiệu. Cảm ơn Giáo sư Strang!",positive,de_xuat
11460,m là số m hàng và không gian cột mn) nằm trong R^m?,neutral,kien_thuc
11460,m là số m hàng và không gian cột mn) nằm trong R^m?,neutral,kien_thuc
11461,Tôi thích cách anh ấy nói hình bình hành <3,positive,ky_nang_giang_day
11462,"""càng theta mũ di chuyển theo theta thì càng loại bỏ được sự không chắc chắn khỏi theta..."" thật tuyệt",neutral,kien_thuc
11462,"""càng theta mũ di chuyển theo theta thì càng loại bỏ được sự không chắc chắn khỏi theta..."" thật tuyệt",neutral,kien_thuc
11463,Tôi ngạc nhiên khi chỉ có 200 nghìn lượt xem cho bài giảng tuyệt vời này bài giảng trong hơn 10 năm.,positive,chuong_trinh_hoc
11463,Tôi ngạc nhiên khi chỉ có 200 nghìn lượt xem cho bài giảng tuyệt vời này bài giảng trong hơn 10 năm.,negative,noi_chung
11464,@[USERNAME]But làm sao chúng ta biết B là khả nghịch? Tôi đã tìm thấy một bằng chứng không cho rằng B là khả nghịch: Giả sử chúng ta có x sao cho ABx = lambda * x. Nhân cả hai vế với B: BABx = lambda * Bx. Điều này cho thấy rằng Bx là một vectơ riêng của BA và giá trị riêng của nó là lambda.,neutral,kien_thuc
11464,@[USERNAME]But làm sao chúng ta biết B là khả nghịch? Tôi đã tìm thấy một bằng chứng không cho rằng B là khả nghịch: Giả sử chúng ta có x sao cho ABx = lambda * x. Nhân cả hai vế với B: BABx = lambda * Bx. Điều này cho thấy rằng Bx là một vectơ riêng của BA và giá trị riêng của nó là lambda.,neutral,kien_thuc
11465,"Nghe giáo sư Strang giống như xem phim khoa học viễn tưởng, thỉnh thoảng tôi bắt đầu thấy cùng một khái niệm ở nhiều góc nhìn khác nhau.",positive,ky_nang_giang_day
11465,"Nghe giáo sư Strang giống như xem phim khoa học viễn tưởng, thỉnh thoảng tôi bắt đầu thấy cùng một khái niệm ở nhiều góc nhìn khác nhau.",positive,kien_thuc
11466,Có ai có thể cho tôi biết tại sao chúng ta không thể lấy được Ma trận tam giác dưới L trực tiếp từ kết hợp E mà có thể được suy ra từ việc sử dụng loại bỏ Gaussian không? Cảm ơn,neutral,kien_thuc
11466,Có ai có thể cho tôi biết tại sao chúng ta không thể lấy được Ma trận tam giác dưới L trực tiếp từ kết hợp E mà có thể được suy ra từ việc sử dụng loại bỏ Gaussian không? Cảm ơn,neutral,kien_thuc
11466,Có ai có thể cho tôi biết tại sao chúng ta không thể lấy được Ma trận tam giác dưới L trực tiếp từ kết hợp E mà có thể được suy ra từ việc sử dụng loại bỏ Gaussian không? Cảm ơn,neutral,kien_thuc
11467,@[USERNAME]LOL aurox có thể chia bạn thành 2 phần bằng bộ não của anh ấy,positive,ky_nang_giang_day
11468,Tốt hơn nhiều so với Giáo sư Đại số tuyến tính,negative,ky_nang_giang_day
11469,Tại sao thế giới của chúng ta được coi là ba chiều? Tại sao không thể là n-Chiều?,neutral,kien_thuc
11470,Tại sao những thứ như đạo hàm lại được đề cập đến tại MIT theo cách này? Điều này dễ thôi toán học phổ thông.,negative,kien_thuc
11470,Tại sao những thứ như đạo hàm lại được đề cập đến tại MIT theo cách này? Điều này dễ thôi toán học phổ thông.,negative,noi_chung
11470,Tại sao những thứ như đạo hàm lại được đề cập đến tại MIT theo cách này? Điều này dễ thôi toán học phổ thông.,neutral,kien_thuc
11471,"Đây có phải là môn toán đại học khóa học không? Nếu vậy, sinh viên thường học môn này vào năm nào khóa học?",neutral,chuong_trinh_hoc
11472,"Được rồi, chúng ta đang thực hiện công thức định thức ở đây. haha!",neutral,kien_thuc
11473,Điều này có hợp lý không nếu tôi chỉ biết toán cơ bản?,neutral,kien_thuc
11474,"Tôi thực sự đã vượt qua 3 khóa học Đại số tuyến tính ứng dụng của mình một cách xuất sắc chỉ bằng cách nhớ tất cả những kết quả này vì giảng viên không bao giờ cố gắng giải thích những gì đang diễn ra đằng sau hậu trường. Vì vậy, sau gần 20 năm, tôi vẫn ở đây cố gắng tìm hiểu xem điều gì là điều gì. Tôi nên đến MIT.",positive,noi_chung
11474,"Tôi thực sự đã vượt qua 3 khóa học Đại số tuyến tính ứng dụng của mình một cách xuất sắc chỉ bằng cách nhớ tất cả những kết quả này vì giảng viên không bao giờ cố gắng giải thích những gì đang diễn ra đằng sau hậu trường. Vì vậy, sau gần 20 năm, tôi vẫn ở đây cố gắng tìm hiểu xem điều gì là điều gì. Tôi nên đến MIT.",negative,chuong_trinh_hoc
11475,trí thông minh là sở hữu kiến thức...thông minh = giỏi học và/hoặc giỏi áp dụng hoặc sử dụng kiến thức.,positive,ky_nang_giang_day
11476,"Tốt nhất thảo luận về Baye, tôi từng thấy.",positive,chuong_trinh_hoc
11477,"Trả lời câu hỏi bên dưới về lý do tại sao chúng ta quan tâm đến 4 không gian con cơ bản khi nghiên cứu Ax=b: Theo cách nói của giáo sư Strang (không có trong bài giảng này), ""hiểu được bốn không gian con cơ bản nâng cao sự hiểu biết về Ax=b lên góc nhìn không gian vectơ, cụ thể là lên mức độ hiểu biết về không gian vectơ"". Điều này sẽ hữu ích khi học các loại phân tích ma trận khác nhau, ví dụ, Phân tích giá trị đơn, SVD, trong đó A=U∑V^T. Trong đó U bao gồm các vectơ trực chuẩn trong không gian hàng, V của các vectơ trực chuẩn trong không gian cột, ∑ bởi ma trận đường chéo của các bình phương của các giá trị kỳ dị. Tương tự như vậy, tất cả các phép phân tích ma trận khác QR, Q(LAMBDA)Q^T, v.v. đều được hưởng lợi từ mô tả của chúng theo các không gian con. Sự hiểu biết/nhận thức sâu sắc này cực kỳ mạnh mẽ, thậm chí là quan trọng, trong Tối ưu hóa, Học máy, các bài toán đặt sai, v.v. Xin đừng bỏ qua cách tiếp cận Không gian con vectơ này, chỉ có vẻ như nó không nổi bật khi được học lần đầu tiên, nhưng tin tôi đi, nó là vàng ròng, và sự rõ ràng mà Giáo sư Strang giải thích là vô giá... chính ông ấy đã nói, nó sẽ uốn cong tâm trí của bạn khi mở rộng sang các tập hợp ma trận và các tập hợp hàm (ví dụ về phương trình vi phân, phần mở đầu cho Biến đổi Fourier nhanh) nhưng phần cổ tức bạn đạt được là rất lớn",positive,kien_thuc
11478,Đánh giá cao nhóm quản lý góc quay; tuyệt vời biên tập âm thanh video.,positive,noi_chung
11478,Đánh giá cao nhóm quản lý góc quay; tuyệt vời biên tập âm thanh video.,positive,thiet_bi_day_hoc
11479,"Anh ấy giải thích rất rõ ràng, thật tuyệt vời. Thay vì chỉ đưa ra định nghĩa, anh ấy thực sự giải thích và đưa ra ví dụ về lý do và cách thức hoạt động của nó theo cách đơn giản.",positive,ky_nang_giang_day
11480,Sôcôla Dove không mịn như lụa. Điều này bài giảng thực sự là,positive,chuong_trinh_hoc
11481,Bảng rất đẹp công việc và tuyệt vời bài giảng.,positive,chuong_trinh_hoc
11481,Bảng rất đẹp công việc và tuyệt vời bài giảng.,positive,chuong_trinh_hoc
11482,Tôi khuyên bạn trước tiên 3Blue1Brown và lớp này hãy thử phóng to sách C.Lay... tầm nhìn đó có thể hiểu rõ hơn nhiều video,positive,chuong_trinh_hoc
11482,Tôi khuyên bạn trước tiên 3Blue1Brown và lớp này hãy thử phóng to sách C.Lay... tầm nhìn đó có thể hiểu rõ hơn nhiều video,neutral,noi_chung
11482,Tôi khuyên bạn trước tiên 3Blue1Brown và lớp này hãy thử phóng to sách C.Lay... tầm nhìn đó có thể hiểu rõ hơn nhiều video,neutral,chuong_trinh_hoc
11482,Tôi khuyên bạn trước tiên 3Blue1Brown và lớp này hãy thử phóng to sách C.Lay... tầm nhìn đó có thể hiểu rõ hơn nhiều video,neutral,chuong_trinh_hoc
11483,Đây có phải là bài học dành cho khoa toán không?,neutral,chuong_trinh_hoc
11483,Đây có phải là bài học dành cho khoa toán không?,neutral,noi_chung
11484,"Lần sau, vui lòng ghi chủ đề chính của mỗi phần bài giảng vào phần tiêu đề video.",neutral,chuong_trinh_hoc
11484,"Lần sau, vui lòng ghi chủ đề chính của mỗi phần bài giảng vào phần tiêu đề video.",neutral,thiet_bi_day_hoc
11485,"Trời ơi, những bằng chứng này cẩu thả quá.",negative,ky_nang_giang_day
11486,xấp xỉ Taylor nhận được nhiều sự ghét bỏ như Steve Bartman,negative,kien_thuc
11486,xấp xỉ Taylor nhận được nhiều sự ghét bỏ như Steve Bartman,negative,noi_chung
11487,Tuyệt vời video tuyệt vời bài giảng tuyệt vời giáo sư.,positive,ky_nang_giang_day
11487,Tuyệt vời video tuyệt vời bài giảng tuyệt vời giáo sư.,positive,chuong_trinh_hoc
11487,Tuyệt vời video tuyệt vời bài giảng tuyệt vời giáo sư.,positive,chuong_trinh_hoc
11488,"Ước mơ của tôi là được gặp giáo sư Gilbert strang. Giọng nói, lời nói, hành động của ông chạm đến tâm hồn tôi. Xin giáo sư hãy đọc bình luận của tôi để tôi chỉ có thể thỏa mãn với điều này Và tôi cầu nguyện Ông sẽ sống 1000 năm.",positive,ky_nang_giang_day
11489,a bảng đen với phấn & chổi phủi bụi ... đã lâu rồi không thấy cái nào như thế này!! ... Thật ngạc nhiên khi bài giảng này không sử dụng bảng trắng / powerpoint,neutral,thiet_bi_day_hoc
11489,a bảng đen với phấn & chổi phủi bụi ... đã lâu rồi không thấy cái nào như thế này!! ... Thật ngạc nhiên khi bài giảng này không sử dụng bảng trắng / powerpoint,neutral,thiet_bi_day_hoc
11489,a bảng đen với phấn & chổi phủi bụi ... đã lâu rồi không thấy cái nào như thế này!! ... Thật ngạc nhiên khi bài giảng này không sử dụng bảng trắng / powerpoint,neutral,thiet_bi_day_hoc
11489,a bảng đen với phấn & chổi phủi bụi ... đã lâu rồi không thấy cái nào như thế này!! ... Thật ngạc nhiên khi bài giảng này không sử dụng bảng trắng / powerpoint,positive,chuong_trinh_hoc
11489,a bảng đen với phấn & chổi phủi bụi ... đã lâu rồi không thấy cái nào như thế này!! ... Thật ngạc nhiên khi bài giảng này không sử dụng bảng trắng / powerpoint,neutral,thiet_bi_day_hoc
11489,a bảng đen với phấn & chổi phủi bụi ... đã lâu rồi không thấy cái nào như thế này!! ... Thật ngạc nhiên khi bài giảng này không sử dụng bảng trắng / powerpoint,neutral,thiet_bi_day_hoc
11490,"vàng + xanh dương = xanh lá cây, anh ấy cũng dạy nghệ thuật!",positive,ky_nang_giang_day
11491,"Nhớ tăng tốc độ phát lại lên 1,5 lần.",neutral,thiet_bi_day_hoc
11492,phải mất 5 tháng để giáo viên của tôi giải thích điều này video 30 phút,negative,ky_nang_giang_day
11492,phải mất 5 tháng để giáo viên của tôi giải thích điều này video 30 phút,positive,thiet_bi_day_hoc
11493,"trong PMF có điều kiện, nếu xác suất của mỗi biến ngẫu nhiên không giống nhau thì sao? Vậy thì chúng ta sẽ chia tỷ lệ từng xác suất như thế nào?",neutral,kien_thuc
11493,"trong PMF có điều kiện, nếu xác suất của mỗi biến ngẫu nhiên không giống nhau thì sao? Vậy thì chúng ta sẽ chia tỷ lệ từng xác suất như thế nào?",negative,chuong_trinh_hoc
11494,Khóa học khóa học đại số tuyến tính hay nhất. Cảm ơn Giáo sư Strang!,positive,chuong_trinh_hoc
11494,Khóa học khóa học đại số tuyến tính hay nhất. Cảm ơn Giáo sư Strang!,positive,ky_nang_giang_day
11495,Cảm ơn giáo sư strang. Bài giảng của bạn bài giảng thật tuyệt vời.,positive,ky_nang_giang_day
11495,Cảm ơn giáo sư strang. Bài giảng của bạn bài giảng thật tuyệt vời.,positive,chuong_trinh_hoc
11496,"Giáo sư Strang, cảm ơn vì bài giảng tuyệt vời về Ma trận khoảng cách, cấu trúc của Mạng nơ-ron và Hàm học. Tất cả các khái niệm toán học này giúp tôi hiểu rõ hơn về Học máy.",positive,ky_nang_giang_day
11496,"Giáo sư Strang, cảm ơn vì bài giảng tuyệt vời về Ma trận khoảng cách, cấu trúc của Mạng nơ-ron và Hàm học. Tất cả các khái niệm toán học này giúp tôi hiểu rõ hơn về Học máy.",positive,chuong_trinh_hoc
11497,"@[USERNAME]Yip...đúng vậy nhưng khi nói đến toán học, khoa học và công nghệ thì MIT là tốt nhất, trang web là web.mit.edu",positive,noi_chung
11497,"@[USERNAME]Yip...đúng vậy nhưng khi nói đến toán học, khoa học và công nghệ thì MIT là tốt nhất, trang web là web.mit.edu",positive,kien_thuc
11497,"@[USERNAME]Yip...đúng vậy nhưng khi nói đến toán học, khoa học và công nghệ thì MIT là tốt nhất, trang web là web.mit.edu",positive,noi_chung
11497,"@[USERNAME]Yip...đúng vậy nhưng khi nói đến toán học, khoa học và công nghệ thì MIT là tốt nhất, trang web là web.mit.edu",positive,noi_chung
11498,Tôi thực sự thích bài giảng của anh ấy!,positive,chuong_trinh_hoc
11499,Tôi không thích cách người đàn ông này xóa bảng. Nhưng tôi thích lời giải thích của anh ấy.,positive,chuong_trinh_hoc
11499,Tôi không thích cách người đàn ông này xóa bảng. Nhưng tôi thích lời giải thích của anh ấy.,negative,ky_nang_giang_day
11500,"Có ai có thể cho tôi biết lý do tại sao lại sử dụng A(TAX(hat)=A(T)b) để giải [C,D] ở phút 21:05 không? Theo tôi hiểu, AX(hat) không thể là b nếu chúng ta ghép một đường thẳng có các điểm là P1, P2, P3 thay vì b1, b2, b3 hoặc [1 2 2]_t?",neutral,kien_thuc
11501,"khi tìm một vectơ trực giao, có các bước cụ thể nào để tìm nó không, hay chúng ta phải tìm một vectơ (thông qua kiểm tra) mà khi nhân với một vectơ khác thông qua tích vô hướng bằng không?",neutral,kien_thuc
11502,Tôi nổi da gà lần đầu tiên nhìn thấy điều này bài giảng. Anh ấy là một giáo viên tuyệt vời.,positive,ky_nang_giang_day
11502,Tôi nổi da gà lần đầu tiên nhìn thấy điều này bài giảng. Anh ấy là một giáo viên tuyệt vời.,positive,chuong_trinh_hoc
11503,"Thật vậy, bạn giống như một nam châm Giáo sư Strang! Tôi không thể tin là mình đã hoàn thành hết bài giảng của bạn. Tại sao nó không tiếp tục mãi... Cảm ơn bạn!",positive,ky_nang_giang_day
11503,"Thật vậy, bạn giống như một nam châm Giáo sư Strang! Tôi không thể tin là mình đã hoàn thành hết bài giảng của bạn. Tại sao nó không tiếp tục mãi... Cảm ơn bạn!",positive,chuong_trinh_hoc
11504,Tiến sĩ Gilbert đã làm cho những điều đồng yếu tố này trở nên quá rõ ràng!,positive,ky_nang_giang_day
11505,"hahhaah 29:53 ""tôi nghĩ về ma trận như con người tại thời điểm này"". Khi chúng ta sắp kết thúc khóa học, tôi chỉ muốn CẢM ƠN bạn MỘT LẦN NỮA, trong số rất nhiều lời cảm ơn khác. Đây là một hành trình đáng chú ý, tôi không nghĩ bất kỳ giảng viên nào khác trên toàn thế giới có thể làm cho điều này thú vị như bạn đã làm Ông Strang. Trường hợp điển hình: bình luận tại thời điểm này chỉ thêm vào lớp mới lạ và thú vị khiến toàn bộ trải nghiệm trở nên đáng chú ý.",positive,ky_nang_giang_day
11505,"hahhaah 29:53 ""tôi nghĩ về ma trận như con người tại thời điểm này"". Khi chúng ta sắp kết thúc khóa học, tôi chỉ muốn CẢM ƠN bạn MỘT LẦN NỮA, trong số rất nhiều lời cảm ơn khác. Đây là một hành trình đáng chú ý, tôi không nghĩ bất kỳ giảng viên nào khác trên toàn thế giới có thể làm cho điều này thú vị như bạn đã làm Ông Strang. Trường hợp điển hình: bình luận tại thời điểm này chỉ thêm vào lớp mới lạ và thú vị khiến toàn bộ trải nghiệm trở nên đáng chú ý.",positive,thiet_bi_day_hoc
11506,Tôi thích cách anh ấy chuẩn bị giới thiệu một chủ đề. Rất chu đáo và thú vị.,positive,ky_nang_giang_day
11507,5 năm vật lý + 4 năm tiến sĩ vật lý thiên văn và người đàn ông này đã cho tôi một bức tranh rõ ràng hơn nhiều về phép toán đại số so với những gì tôi nhận được từ tất cả giáo sư. Cảm ơn anh rất nhiều vì những bài giảng Giáo sư Strang này!,positive,ky_nang_giang_day
11507,5 năm vật lý + 4 năm tiến sĩ vật lý thiên văn và người đàn ông này đã cho tôi một bức tranh rõ ràng hơn nhiều về phép toán đại số so với những gì tôi nhận được từ tất cả giáo sư. Cảm ơn anh rất nhiều vì những bài giảng Giáo sư Strang này!,positive,chuong_trinh_hoc
11507,5 năm vật lý + 4 năm tiến sĩ vật lý thiên văn và người đàn ông này đã cho tôi một bức tranh rõ ràng hơn nhiều về phép toán đại số so với những gì tôi nhận được từ tất cả giáo sư. Cảm ơn anh rất nhiều vì những bài giảng Giáo sư Strang này!,positive,kien_thuc
11507,5 năm vật lý + 4 năm tiến sĩ vật lý thiên văn và người đàn ông này đã cho tôi một bức tranh rõ ràng hơn nhiều về phép toán đại số so với những gì tôi nhận được từ tất cả giáo sư. Cảm ơn anh rất nhiều vì những bài giảng Giáo sư Strang này!,negative,ky_nang_giang_day
11508,Tại sao ông ấy lại chọn một chiếc hộp có đáy vuông?,neutral,ky_nang_giang_day
11509,Tại sao f lại được coi là X^2 + Y^2 chứ không phải là thứ gì khác?,neutral,kien_thuc
11509,Tại sao f lại được coi là X^2 + Y^2 chứ không phải là thứ gì khác?,neutral,kien_thuc
11509,Tại sao f lại được coi là X^2 + Y^2 chứ không phải là thứ gì khác?,neutral,kien_thuc
11510,"Tôi thực sự thích Video Chuyển vị, Hoán vị, Khoảng cách R^n từ bạn",positive,chuong_trinh_hoc
11510,"Tôi thực sự thích Video Chuyển vị, Hoán vị, Khoảng cách R^n từ bạn",positive,kien_thuc
11510,"Tôi thực sự thích Video Chuyển vị, Hoán vị, Khoảng cách R^n từ bạn",positive,kien_thuc
11510,"Tôi thực sự thích Video Chuyển vị, Hoán vị, Khoảng cách R^n từ bạn",positive,kien_thuc
11511,Thật tuyệt khi thấy loạt phân tích chức năng được tải lên.,positive,kien_thuc
11512,Giáo sư Strang cảm ơn vì một kế hoạch tốt khác bài giảng về Cấu trúc của mạng nơ-ron cho học sâu và học máy. Học tập là một quá trình suốt đời.,positive,ky_nang_giang_day
11512,Giáo sư Strang cảm ơn vì một kế hoạch tốt khác bài giảng về Cấu trúc của mạng nơ-ron cho học sâu và học máy. Học tập là một quá trình suốt đời.,positive,chuong_trinh_hoc
11513,"WOW.... Tuyệt vời ...Giáo sư trực tiếp, đúng trọng tâm, đơn giản và toàn diện cùng lúc khi giải thích các khái niệm....",positive,ky_nang_giang_day
11513,"WOW.... Tuyệt vời ...Giáo sư trực tiếp, đúng trọng tâm, đơn giản và toàn diện cùng lúc khi giải thích các khái niệm....",positive,chuong_trinh_hoc
11514,bạn nghĩ rằng đến lúc đó MIT đã phát minh ra một thiết bị xóa bảng tự động.,negative,thiet_bi_day_hoc
11515,"Wolfgang J. Paul, nếu bạn ở đây: hãy làm cho bài tập về nhà và bài kiểm tra trở nên dễ dàng hơn!",positive,ky_nang_giang_day
11516,"""máy chiếu đang cố gắng trở thành bản sắc, nhưng điều đó là không thể.""",neutral,kien_thuc
11516,"""máy chiếu đang cố gắng trở thành bản sắc, nhưng điều đó là không thể.""",neutral,kien_thuc
11517,bài giảng này là một kiệt tác thực sự. Tôi đã kinh ngạc với cảm giác tương tự như khi xem phim kinh dị hồi hộp.,positive,chuong_trinh_hoc
11518,"Cảm ơn Giáo sư Strang và cảm ơn MIT. Thật tuyệt vời bài giảng, rất cảm kích.",positive,ky_nang_giang_day
11518,"Cảm ơn Giáo sư Strang và cảm ơn MIT. Thật tuyệt vời bài giảng, rất cảm kích.",positive,noi_chung
11518,"Cảm ơn Giáo sư Strang và cảm ơn MIT. Thật tuyệt vời bài giảng, rất cảm kích.",positive,chuong_trinh_hoc
11519,ngay cả vẻ đẹp gilbert strang cũng không thể khiến tôi yêu cái thứ chết tiệt đó đại số,positive,ky_nang_giang_day
11519,ngay cả vẻ đẹp gilbert strang cũng không thể khiến tôi yêu cái thứ chết tiệt đó đại số,negative,kien_thuc
11520,Giáo sư Jerison là con dê,positive,ky_nang_giang_day
11521,"giúp tôi hiểu được điều mà giáo viên của tôi thực sự đang nói đến, cảm ơn :)",positive,ky_nang_giang_day
11522,"Có người nói họ không biết định luật cosin, vậy thì lại có một câu hỏi khác, ""làm sao họ vào được NULL?""",negative,noi_chung
11522,"Có người nói họ không biết định luật cosin, vậy thì lại có một câu hỏi khác, ""làm sao họ vào được NULL?""",neutral,kien_thuc
11522,"Có người nói họ không biết định luật cosin, vậy thì lại có một câu hỏi khác, ""làm sao họ vào được NULL?""",neutral,noi_chung
11523,"Ông ấy có nói ở đâu đó về không gian vectơ, không gian con, không gian Euclid không?",neutral,ky_nang_giang_day
11523,"Ông ấy có nói ở đâu đó về không gian vectơ, không gian con, không gian Euclid không?",negative,kien_thuc
11523,"Ông ấy có nói ở đâu đó về không gian vectơ, không gian con, không gian Euclid không?",negative,kien_thuc
11523,"Ông ấy có nói ở đâu đó về không gian vectơ, không gian con, không gian Euclid không?",negative,kien_thuc
11524,"taylor series thật tuyệt vời, mọi người đều phát điên HAHAHA!! Đứa trẻ MIT ngu ngốc",positive,chuong_trinh_hoc
11525,Cảm ơn Giáo sư. Một giáo viên truyền cảm hứng. Thực sự thích tất cả những điều này bài giảng. Nếu tôi đủ may mắn để có bạn là một trong những giảng viên của tôi cách đây 52 năm - mọi thứ chắc chắn sẽ diễn ra khác. (Năm 1: Thống kê toán Phil :: hoàn thành cả 3 :: Năm 2-5 Phil) Sự nghiệp là giáo viên Toán/Tin học và nhà phát triển phần mềm. Hiện đã nghỉ hưu. Xin chào bạn và gia đình,positive,ky_nang_giang_day
11525,Cảm ơn Giáo sư. Một giáo viên truyền cảm hứng. Thực sự thích tất cả những điều này bài giảng. Nếu tôi đủ may mắn để có bạn là một trong những giảng viên của tôi cách đây 52 năm - mọi thứ chắc chắn sẽ diễn ra khác. (Năm 1: Thống kê toán Phil :: hoàn thành cả 3 :: Năm 2-5 Phil) Sự nghiệp là giáo viên Toán/Tin học và nhà phát triển phần mềm. Hiện đã nghỉ hưu. Xin chào bạn và gia đình,positive,chuong_trinh_hoc
11526,cảm ơn giáo sư Strang..... tôi thực sự đánh giá cao loạt bài giảng của bạn và nó khiến tôi muốn học toán nâng cao hơn........... tôi thực sự cảm ơn bạn rất nhiều...,positive,ky_nang_giang_day
11526,cảm ơn giáo sư Strang..... tôi thực sự đánh giá cao loạt bài giảng của bạn và nó khiến tôi muốn học toán nâng cao hơn........... tôi thực sự cảm ơn bạn rất nhiều...,positive,chuong_trinh_hoc
11526,cảm ơn giáo sư Strang..... tôi thực sự đánh giá cao loạt bài giảng của bạn và nó khiến tôi muốn học toán nâng cao hơn........... tôi thực sự cảm ơn bạn rất nhiều...,positive,kien_thuc
11527,VIVA LA FRANCE! Người này người đàn ông biết rõ công việc của mình.,positive,ky_nang_giang_day
11528,"bài giảng đầu tiên có 580k người xem, và bài giảng thứ 23 có 30k người xem? Những người đó có thực sự muốn học điều gì đó không?",negative,noi_chung
11528,"bài giảng đầu tiên có 580k người xem, và bài giảng thứ 23 có 30k người xem? Những người đó có thực sự muốn học điều gì đó không?",neutral,kien_thuc
11529,Tôi thậm chí còn không biết tại sao tôi lại đến lớp bài giảng đại số tuyến tính nữa. Anh chàng này thật tuyệt vời.,positive,ky_nang_giang_day
11529,Tôi thậm chí còn không biết tại sao tôi lại đến lớp bài giảng đại số tuyến tính nữa. Anh chàng này thật tuyệt vời.,negative,chuong_trinh_hoc
11530,whNULL ông ấy đã dán nhãn trục thành weirdlNULL? WhNULL ông ấy đã sử dụng z cho trục dọc khi ông ấy có thể chỉ cần sử dụng NULL để tránh nhầm lẫn?,negative,ky_nang_giang_day
11530,whNULL ông ấy đã dán nhãn trục thành weirdlNULL? WhNULL ông ấy đã sử dụng z cho trục dọc khi ông ấy có thể chỉ cần sử dụng NULL để tránh nhầm lẫn?,negative,thiet_bi_day_hoc
11530,whNULL ông ấy đã dán nhãn trục thành weirdlNULL? WhNULL ông ấy đã sử dụng z cho trục dọc khi ông ấy có thể chỉ cần sử dụng NULL để tránh nhầm lẫn?,neutral,kien_thuc
11530,whNULL ông ấy đã dán nhãn trục thành weirdlNULL? WhNULL ông ấy đã sử dụng z cho trục dọc khi ông ấy có thể chỉ cần sử dụng NULL để tránh nhầm lẫn?,neutral,kien_thuc
11530,whNULL ông ấy đã dán nhãn trục thành weirdlNULL? WhNULL ông ấy đã sử dụng z cho trục dọc khi ông ấy có thể chỉ cần sử dụng NULL để tránh nhầm lẫn?,neutral,kien_thuc
11531,"P = A.x(hat), đúng không? vậy tại 32:10 tại sao anh ấy lại thay thế P bằng x(hat). A.P hãy giúp tôi hiểu trực giác đằng sau điều đó.",neutral,kien_thuc
11532,"Cho đến nay, đây là phần khó duy nhất bài giảng. Phần này bài giảng, tôi nghĩ, tôi sẽ cần phải giải quyết rất nhiều điều anh ấy nói. Lúc đầu thì ổn. Nó trở nên khó khăn cho đến 30 phút, sau đó nó trở lại dễ dàng.",negative,chuong_trinh_hoc
11532,"Cho đến nay, đây là phần khó duy nhất bài giảng. Phần này bài giảng, tôi nghĩ, tôi sẽ cần phải giải quyết rất nhiều điều anh ấy nói. Lúc đầu thì ổn. Nó trở nên khó khăn cho đến 30 phút, sau đó nó trở lại dễ dàng.",negative,ky_nang_giang_day
11533,wow cái này bài giảng thực sự dày đặc,negative,chuong_trinh_hoc
11534,cái này video to quá. 45 phút?,neutral,chuong_trinh_hoc
11535,"Cảm ơn Denis, anh là một diễn giả tuyệt vời.",positive,ky_nang_giang_day
11536,tôi thích cách mà ở cuối tanh ấy anh ấy liên tục gật đầu anh ấy cho đến khi tanh ấy video kết thúc xD,positive,ky_nang_giang_day
11536,tôi thích cách mà ở cuối tanh ấy anh ấy liên tục gật đầu anh ấy cho đến khi tanh ấy video kết thúc xD,neutral,chuong_trinh_hoc
11537,"Sau này trong khóa học, chúng ta có giải thích nào về ví dụ 9 chiều không? Tôi không hiểu rõ lắm mặc dù ông ấy là một bậc thầy, một Giáo sư vĩ đại thực sự.",positive,ky_nang_giang_day
11538,tôi ngạc nhiên khi những trường đại học hàng đầu này trường đại học không nâng cấp lên bảng trắng...hoặc chỉ cần yêu cầu phòng công nghệ cung cấp bảng thực tế ảo hoặc thứ gì đó,neutral,thiet_bi_day_hoc
11538,tôi ngạc nhiên khi những trường đại học hàng đầu này trường đại học không nâng cấp lên bảng trắng...hoặc chỉ cần yêu cầu phòng công nghệ cung cấp bảng thực tế ảo hoặc thứ gì đó,negative,noi_chung
11539,ai đó có thể cho tôi biết 6:48 tại sao điều này lại đúng không? làm sao bạn có thể tính toán lambda với trace? Cảm ơn bạn!,neutral,kien_thuc
11539,ai đó có thể cho tôi biết 6:48 tại sao điều này lại đúng không? làm sao bạn có thể tính toán lambda với trace? Cảm ơn bạn!,neutral,kien_thuc
11540,"Học kỳ 2 của tôi sắp bắt đầu. Chúng tôi có môn toán 2 và để chuẩn bị cho môn đó, tôi ở đây. Anh chị khóa trên đã gợi ý cho tôi điều này. Tôi đang học trình độ cơ sở (năm thứ nhất) của IIT MADRAS (Ấn Độ) bằng Cử nhân Khoa học Dữ liệu và Ứng dụng. Có vẻ tốt! Vẫn chưa khám phá thêm! Nhân tiện, cảm ơn những người đáng kính Giáo sư Gilbert và MIT.",positive,ky_nang_giang_day
11540,"Học kỳ 2 của tôi sắp bắt đầu. Chúng tôi có môn toán 2 và để chuẩn bị cho môn đó, tôi ở đây. Anh chị khóa trên đã gợi ý cho tôi điều này. Tôi đang học trình độ cơ sở (năm thứ nhất) của IIT MADRAS (Ấn Độ) bằng Cử nhân Khoa học Dữ liệu và Ứng dụng. Có vẻ tốt! Vẫn chưa khám phá thêm! Nhân tiện, cảm ơn những người đáng kính Giáo sư Gilbert và MIT.",positive,noi_chung
11541,Tuyệt vời bài giảng! Cảm ơn giáo sư và MIT.,positive,chuong_trinh_hoc
11541,Tuyệt vời bài giảng! Cảm ơn giáo sư và MIT.,positive,ky_nang_giang_day
11542,Tất cả các ý chính trong một bài giảng! Tuyệt vời Tiến sĩ Gilbert Strang! Thích bài thuyết trình của bạn!,positive,chuong_trinh_hoc
11542,Tất cả các ý chính trong một bài giảng! Tuyệt vời Tiến sĩ Gilbert Strang! Thích bài thuyết trình của bạn!,positive,ky_nang_giang_day
11542,Tất cả các ý chính trong một bài giảng! Tuyệt vời Tiến sĩ Gilbert Strang! Thích bài thuyết trình của bạn!,positive,thiet_bi_day_hoc
11543,Trong lớp giải tích của tôi FTC2 được cho là bài đơn giản nhất chỉ cho thấy sự thay đổi của biến. Ở đây tôi phải biết bức tranh lớn đằng sau nó.,positive,kien_thuc
11544,"ở phút 48:42, anh ấy đang nói đến đại số nào để có thể thu được 1/3 là kết quả của tổng tất cả các xác suất?",neutral,ky_nang_giang_day
11545,"Ở phút 28:11, Làm sao chúng ta có thể coi Nullspace là 0, nếu các biến tự do là 0, trong phương trình bậc thang rút gọn = [-F I] để tìm nullspace F = 0 vì biến tự do là 0, Nhưng tôi vẫn có thể viết 1 thay cho I để có Nullspace khác không???",neutral,kien_thuc
11546,"@[USERNAME]Các đạo hàm riêng có liên quan đến PDE theo cùng cách mà các đạo hàm liên quan đến ODE không? Tôi biết về lượng kiến thức của một học kỳ về ODE, và vì vậy tôi cho rằng mối quan hệ giữa các đạo hàm và ODE giống như với các đạo hàm riêng và PDE. Tuy nhiên, tôi thực sự không biết gì về PDE.",neutral,kien_thuc
11546,"@[USERNAME]Các đạo hàm riêng có liên quan đến PDE theo cùng cách mà các đạo hàm liên quan đến ODE không? Tôi biết về lượng kiến thức của một học kỳ về ODE, và vì vậy tôi cho rằng mối quan hệ giữa các đạo hàm và ODE giống như với các đạo hàm riêng và PDE. Tuy nhiên, tôi thực sự không biết gì về PDE.",neutral,kien_thuc
11547,"Tôi bối rối ở khoảng phút 17:25, detA không nên là detA^n*I)? vì nó là ma trận của detA), do đó mỗi hàng có thể chia cho detA), do đó là detA^n*I)!",neutral,kien_thuc
11547,"Tôi bối rối ở khoảng phút 17:25, detA không nên là detA^n*I)? vì nó là ma trận của detA), do đó mỗi hàng có thể chia cho detA), do đó là detA^n*I)!",neutral,kien_thuc
11547,"Tôi bối rối ở khoảng phút 17:25, detA không nên là detA^n*I)? vì nó là ma trận của detA), do đó mỗi hàng có thể chia cho detA), do đó là detA^n*I)!",neutral,kien_thuc
11547,"Tôi bối rối ở khoảng phút 17:25, detA không nên là detA^n*I)? vì nó là ma trận của detA), do đó mỗi hàng có thể chia cho detA), do đó là detA^n*I)!",neutral,kien_thuc
11547,"Tôi bối rối ở khoảng phút 17:25, detA không nên là detA^n*I)? vì nó là ma trận của detA), do đó mỗi hàng có thể chia cho detA), do đó là detA^n*I)!",neutral,kien_thuc
11548,"Đó là tất cả những gì tôi nhớ từ phép tính 1, đạo hàm của x^2 = 2x lol. Tất nhiên, đó là ""phím tắt"", nhưng chúng tôi phải làm với tất cả các ký hiệu dy/dx. Tôi nhớ rằng tôi thích làm đạo hàm thương để giải trí. Có vấn đề gì với tôi vậy? Nhân tiện, tôi học chuyên ngành ngôn ngữ học.",positive,kien_thuc
11549,"Tại sao điều này lại được giảng dạy tại MIT, tôi cảm thấy nếu bạn học tại trường đó, ít nhất bạn cũng phải nắm được FTC. Tuyệt vời video mặc dù vậy! Cảm ơn MIT",positive,chuong_trinh_hoc
11549,"Tại sao điều này lại được giảng dạy tại MIT, tôi cảm thấy nếu bạn học tại trường đó, ít nhất bạn cũng phải nắm được FTC. Tuyệt vời video mặc dù vậy! Cảm ơn MIT",positive,noi_chung
11549,"Tại sao điều này lại được giảng dạy tại MIT, tôi cảm thấy nếu bạn học tại trường đó, ít nhất bạn cũng phải nắm được FTC. Tuyệt vời video mặc dù vậy! Cảm ơn MIT",neutral,kien_thuc
11550,đó là lý do tại sao bạn đã xem lại phép tính của mình chỉ một năm trước.,neutral,kien_thuc
11551,có ai có thể giải thích cho tôi logic/bằng chứng đằng sau thuật toán rref không? nó hoàn toàn vượt quá khả năng hiểu của tôi lol..,negative,kien_thuc
11552,toàn bộ bài giảng thật không thể tin được.giống như thần thánh.giống như Gauss.giống như kỳ lạ..!!!!!!!!!!!!,positive,chuong_trinh_hoc
11553,Cảm ơn! Tôi đã chuẩn bị bài kiểm tra cuối kỳ trung học của mình từ bài này bài giảng. Điều này thực sự giúp ích cho tôi!!,positive,chuong_trinh_hoc
11554,Bạn biết tại sao anh ấy viết lại nhanh như vậy. Nếu bạn nghĩ là vì phong cách thì Sai rồi. Vì độ dài của video.,positive,chuong_trinh_hoc
11555,"Tôi thích cách giảng bài thông minh, tiên tiến của bạn bài giảng. Chúng rất khó hiểu..lạ là thông minh nhất. Cảm ơn bạn.",positive,ky_nang_giang_day
11555,"Tôi thích cách giảng bài thông minh, tiên tiến của bạn bài giảng. Chúng rất khó hiểu..lạ là thông minh nhất. Cảm ơn bạn.",positive,chuong_trinh_hoc
11556,"Psh, ví dụ đó có một cách dễ hơn nhiều giải pháp. Chỉ cần nhân hai phương trình đầu tiên, hủy xy (vì rõ ràng là không có phương trình nào bằng 0), và bạn sẽ có L^2 = 4. Thật vui khi cuối cùng cũng được học Hệ số Lagrange, mặc dù vậy; giáo viên của tôi đã bỏ qua chúng trong AP Calc, vì vậy chúng luôn có vẻ giống như một thuật toán kỳ diệu mà tôi không bao giờ biết rằng có thể giải quyết các vấn đề tối ưu hóa một cách dễ dàng.",positive,kien_thuc
11556,"Psh, ví dụ đó có một cách dễ hơn nhiều giải pháp. Chỉ cần nhân hai phương trình đầu tiên, hủy xy (vì rõ ràng là không có phương trình nào bằng 0), và bạn sẽ có L^2 = 4. Thật vui khi cuối cùng cũng được học Hệ số Lagrange, mặc dù vậy; giáo viên của tôi đã bỏ qua chúng trong AP Calc, vì vậy chúng luôn có vẻ giống như một thuật toán kỳ diệu mà tôi không bao giờ biết rằng có thể giải quyết các vấn đề tối ưu hóa một cách dễ dàng.",positive,kien_thuc
11557,bài giảng này thật tuyệt vời... Cách mọi thứ kết nối và gắn kết với nhau thật đáng kinh ngạc... Kiến thức vô giá! Cảm ơn ông Strang,positive,chuong_trinh_hoc
11557,bài giảng này thật tuyệt vời... Cách mọi thứ kết nối và gắn kết với nhau thật đáng kinh ngạc... Kiến thức vô giá! Cảm ơn ông Strang,positive,ky_nang_giang_day
11558,"27:45. Không phải chỉ nên là A sao? Ý tôi là A=[a1 a2]. nhưng giờ chúng ta có a1(trans) và a2(trans) trong các cột của nó, không chỉ là a1, a2. Làm sao có thể là A(trans.) ??",neutral,kien_thuc
11559,Tôi thực sự thích Video Volumes của đĩa và vỏ từ bạn,positive,chuong_trinh_hoc
11560,"33:24 Mặt trời của anh ấy rõ ràng là ""nữ"" lol",neutral,ky_nang_giang_day
11561,"Ôi trời! Giống như mọi người khác ở đây, toàn bộ loạt bài giảng thật là tuyệt vời! Tôi đã bị ám ảnh với nó trong tuần qua, dành khoảng 5 giờ mỗi ngày chỉ để tiếp thu tài liệu, thật tuyệt vời! Tôi luôn gặp vấn đề với Đại số tuyến tính và tôi có Bài kiểm tra thị giác máy tính trong hai tuần nữa phụ thuộc rất nhiều vào đại số tuyến tính. Tôi đã cố gắng bằng cách nào đó để giải quyết nó giống như tôi đã làm với các khóa học khác nhưng sau đó tôi quyết định rằng đủ rồi và tôi cần hiểu Đại số tuyến tính thực sự là gì. Không bao giờ mong đợi nó lại tao nhã và đơn giản đến vậy! Đây chính là NGHỆ THUẬT!",positive,chuong_trinh_hoc
11561,"Ôi trời! Giống như mọi người khác ở đây, toàn bộ loạt bài giảng thật là tuyệt vời! Tôi đã bị ám ảnh với nó trong tuần qua, dành khoảng 5 giờ mỗi ngày chỉ để tiếp thu tài liệu, thật tuyệt vời! Tôi luôn gặp vấn đề với Đại số tuyến tính và tôi có Bài kiểm tra thị giác máy tính trong hai tuần nữa phụ thuộc rất nhiều vào đại số tuyến tính. Tôi đã cố gắng bằng cách nào đó để giải quyết nó giống như tôi đã làm với các khóa học khác nhưng sau đó tôi quyết định rằng đủ rồi và tôi cần hiểu Đại số tuyến tính thực sự là gì. Không bao giờ mong đợi nó lại tao nhã và đơn giản đến vậy! Đây chính là NGHỆ THUẬT!",positive,kien_thuc
11562,"Nó được sử dụng trong tất cả các vật lý để tạo ra hầu hết mọi thiết bị điện tử, bao gồm cả thiết bị mà bạn sử dụng để phát tán sự ngu ngốc của mình. Nếu không có phép tính, bạn sẽ ngu ngốc VÀ cô đơn.",positive,kien_thuc
11563,"Các video của Giáo sư Gilbert Strang đã giúp tôi trong suốt quá trình học Thạc sĩ Kỹ thuật, tôi đã xem lại ông một lần nữa vào năm 2011-2014 trong quá trình học Tiến sĩ. Năm ngoái, tôi đã nhận được cuốn sách mới của ông, và hôm nay tôi lại xem (một lần nữa) ông đang dạy đại số tuyến tính để phân tích dữ liệu, xử lý tín hiệu và học máy vì tôi phải dạy Cơ sở AI cho sinh viên đại học của mình. Cảm ơn Giáo sư Strang rất nhiều, ông là người cố vấn trực tuyến tuyệt vời nhất của tôi về toán học!",positive,chuong_trinh_hoc
11564,"Trời ơi, 15 năm trước.. Giáo sư Strang trông như trẻ con vậy!",neutral,ky_nang_giang_day
11565,Giải thích rất hay. Cảm ơn bạn rất nhiều.,positive,ky_nang_giang_day
11566,Thật sự bạn là một người tuyệt vời và tuyệt vời giảng viên đối với tôi,positive,ky_nang_giang_day
11567,"Bộ phim tuyệt vời, cảm ơn MIT và Giáo sư Auroux!",positive,ky_nang_giang_day
11567,"Bộ phim tuyệt vời, cảm ơn MIT và Giáo sư Auroux!",positive,ky_nang_giang_day
11568,đạo hàm của 30x^3 + 12x^4 +15+ 1 là 90x^2+48^3=0 đúng không???,neutral,kien_thuc
11568,đạo hàm của 30x^3 + 12x^4 +15+ 1 là 90x^2+48^3=0 đúng không???,neutral,kien_thuc
11569,"Xem cái này ở Đan Mạch để ôn thi. Có thể xem cái này trước khóa học, một công việc tuyệt vời. Cảm ơn bạn rất nhiều!",positive,chuong_trinh_hoc
11570,"Có một SAI LẦM trong công thức  của phút 32:31. Nó phải là S(Λ^100)c để hoạt động như it được cho là. Tuy nhiên it là một bài giảng tuyệt vời, cảm ơn rất nhiều. :)",negative,kien_thuc
11570,"Có một SAI LẦM trong công thức  của phút 32:31. Nó phải là S(Λ^100)c để hoạt động như it được cho là. Tuy nhiên it là một bài giảng tuyệt vời, cảm ơn rất nhiều. :)",positive,chuong_trinh_hoc
11570,"Có một SAI LẦM trong công thức  của phút 32:31. Nó phải là S(Λ^100)c để hoạt động như it được cho là. Tuy nhiên it là một bài giảng tuyệt vời, cảm ơn rất nhiều. :)",positive,chuong_trinh_hoc
11571,thật tuyệt vời khi giáo sư Strang sử dụng một lỗi trong bài giảng 9 để thu hút sự chú ý vào thực tế rằng R(C(A) = R(C(A'))) ... nhiều giáo sư tự cao tự đại sẽ chỉ phớt lờ nó.,positive,ky_nang_giang_day
11571,thật tuyệt vời khi giáo sư Strang sử dụng một lỗi trong bài giảng 9 để thu hút sự chú ý vào thực tế rằng R(C(A) = R(C(A'))) ... nhiều giáo sư tự cao tự đại sẽ chỉ phớt lờ nó.,positive,kien_thuc
11572,Cảm ơn Giáo sư StrangCảm ơn MIT OCW2022/08/07,positive,ky_nang_giang_day
11573,Tôi đã được dạy rằng nghịch đảo của ma trận A có thể được tìm thấy như -> (1/ |A| * adj(A)) ...... tôi có thể bỏ qua các phương pháp này không... vì tôi khá thường xuyên sử dụng phương pháp đó,neutral,kien_thuc
11573,Tôi đã được dạy rằng nghịch đảo của ma trận A có thể được tìm thấy như -> (1/ |A| * adj(A)) ...... tôi có thể bỏ qua các phương pháp này không... vì tôi khá thường xuyên sử dụng phương pháp đó,neutral,kien_thuc
11574,bài giảng này được đóng lại trong bất kỳ bài giảng nào khác!,positive,chuong_trinh_hoc
11575,Làm sao tôi có thể lấy được bài báo mà giáo sư đã đưa cho họ? Có ai tải nó lên trang nào không?,neutral,ky_nang_giang_day
11575,Làm sao tôi có thể lấy được bài báo mà giáo sư đã đưa cho họ? Có ai tải nó lên trang nào không?,neutral,noi_chung
11576,Chúc ông trường thọ Giáo sư Strang...... thế giới sẽ không bao giờ quên sự đóng góp của ông...,positive,ky_nang_giang_day
11577,"Anh chàng đó đã viết sai chuỗi! Chuỗi thực tế phải là 1/2+1/4+1/8+1/16... Và anh ta không thể đi xa hơn gấp đôi chiều dài của một khối, được đo từ đầu bên trái của khối trên cùng đến đầu bên phải của khối dưới cùng. Và điều này có nghĩa là anh ta thực sự cần vô số khối để căn chỉnh các đầu của khối trên cùng và dưới cùng. Vì vậy, anh chàng thực sự không thể vượt qua khối dưới cùng, chỉ có vẻ như vậy khi nhìn từ góc độ đó. (Tin tôi đi, tôi đã giải câu hỏi này trong lớp vật lý ở trường trung học.)",negative,ky_nang_giang_day
11577,"Anh chàng đó đã viết sai chuỗi! Chuỗi thực tế phải là 1/2+1/4+1/8+1/16... Và anh ta không thể đi xa hơn gấp đôi chiều dài của một khối, được đo từ đầu bên trái của khối trên cùng đến đầu bên phải của khối dưới cùng. Và điều này có nghĩa là anh ta thực sự cần vô số khối để căn chỉnh các đầu của khối trên cùng và dưới cùng. Vì vậy, anh chàng thực sự không thể vượt qua khối dưới cùng, chỉ có vẻ như vậy khi nhìn từ góc độ đó. (Tin tôi đi, tôi đã giải câu hỏi này trong lớp vật lý ở trường trung học.)",negative,ky_nang_giang_day
11578,Tôi vừa hoàn thành đại số tuyến tính 18.06 của ông từ năm 2005... Trời ơi! Tôi đã học đại học 10 năm và tôi chưa gặp một giảng viên toán nào tốt hơn. Giảng dạy tuyệt vời!!! Tôi đã hoàn thành khóa học và tôi có thể thoải mái thực hiện một số phép toán ma trận mà không cần phải viết chúng ra. Chúc ông thêm nhiều năm hạnh phúc và sức khỏe tốt giáo sư Strang.,positive,ky_nang_giang_day
11578,Tôi vừa hoàn thành đại số tuyến tính 18.06 của ông từ năm 2005... Trời ơi! Tôi đã học đại học 10 năm và tôi chưa gặp một giảng viên toán nào tốt hơn. Giảng dạy tuyệt vời!!! Tôi đã hoàn thành khóa học và tôi có thể thoải mái thực hiện một số phép toán ma trận mà không cần phải viết chúng ra. Chúc ông thêm nhiều năm hạnh phúc và sức khỏe tốt giáo sư Strang.,positive,chuong_trinh_hoc
11578,Tôi vừa hoàn thành đại số tuyến tính 18.06 của ông từ năm 2005... Trời ơi! Tôi đã học đại học 10 năm và tôi chưa gặp một giảng viên toán nào tốt hơn. Giảng dạy tuyệt vời!!! Tôi đã hoàn thành khóa học và tôi có thể thoải mái thực hiện một số phép toán ma trận mà không cần phải viết chúng ra. Chúc ông thêm nhiều năm hạnh phúc và sức khỏe tốt giáo sư Strang.,positive,chuong_trinh_hoc
11579,có lẽ là vì họ phải trả cho giáo sư của họ nhiều như vậy? Và họ có thể sẽ dùng số tiền đó để tài trợ nhiều hơn cho giáo dục trực tuyến vì tiền được phân bổ cho các bộ phận cụ thể trong MIT.,neutral,ky_nang_giang_day
11579,có lẽ là vì họ phải trả cho giáo sư của họ nhiều như vậy? Và họ có thể sẽ dùng số tiền đó để tài trợ nhiều hơn cho giáo dục trực tuyến vì tiền được phân bổ cho các bộ phận cụ thể trong MIT.,neutral,noi_chung
11579,có lẽ là vì họ phải trả cho giáo sư của họ nhiều như vậy? Và họ có thể sẽ dùng số tiền đó để tài trợ nhiều hơn cho giáo dục trực tuyến vì tiền được phân bổ cho các bộ phận cụ thể trong MIT.,neutral,thiet_bi_day_hoc
11580,anh ấy là người giỏi nhất giáo sư mà tôi biết,positive,ky_nang_giang_day
11581,46:19 Giáo sư Strange trút cơn giận dữ của mình lên lớp,negative,ky_nang_giang_day
11582,"Tôi không thích anh chàng này nhiều như giáo sư khác, có vẻ như bỏ qua một số lời giải thích cần thiết",negative,ky_nang_giang_day
11582,"Tôi không thích anh chàng này nhiều như giáo sư khác, có vẻ như bỏ qua một số lời giải thích cần thiết",positive,ky_nang_giang_day
11583,Clerly phụ thuộc -v1 + 2v = v3. Nhưng anh ấy sẽ giải thích rõ ràng vào lần tới. Nó không quá quan trọng trong bài này bài giảng.,neutral,ky_nang_giang_day
11583,Clerly phụ thuộc -v1 + 2v = v3. Nhưng anh ấy sẽ giải thích rõ ràng vào lần tới. Nó không quá quan trọng trong bài này bài giảng.,neutral,chuong_trinh_hoc
11583,Clerly phụ thuộc -v1 + 2v = v3. Nhưng anh ấy sẽ giải thích rõ ràng vào lần tới. Nó không quá quan trọng trong bài này bài giảng.,neutral,kien_thuc
11584,"Cảm ơn Tiến sĩ Strang. Tôi tốt nghiệp trung học phổ thông với trình độ mù chữ về toán. Trong hành trình tự học toán của mình, bạn đã trở thành người cố vấn tuyệt vời.",positive,ky_nang_giang_day
11585,văn bản được sử dụng cho lớp học này là gì?,neutral,thiet_bi_day_hoc
11586,Tại sao trên đời này video lại có nhiều người không thích đến vậy. Thật tuyệt vời bài giảng.,positive,chuong_trinh_hoc
11586,Tại sao trên đời này video lại có nhiều người không thích đến vậy. Thật tuyệt vời bài giảng.,positive,chuong_trinh_hoc
11587,Giám đốc tuyển sinh ngành Phân tích kinh doanh của trường kinh doanh McCombs đã bảo tôi xem những video này  để hiểu về đại số tuyến tính.,neutral,chuong_trinh_hoc
11588,"Tôi đã làm bài tập  cho các bài giảng này trên trang web của MIT, nhưng có vẻ như nó không đưa ra lời giải cho các bài tập phần B; có ai biết tôi có thể tìm thấy chúng ở đâu không?",neutral,kien_thuc
11589,"Hay lắm bài giảng, nhưng bạn cũng nên thêm nội dung bài giảng vào mô tả để mọi người không phải xem toàn bộ bài giảng để tìm hiểu xem nó có liên quan đến khóa học của họ hay không.",positive,chuong_trinh_hoc
11589,"Hay lắm bài giảng, nhưng bạn cũng nên thêm nội dung bài giảng vào mô tả để mọi người không phải xem toàn bộ bài giảng để tìm hiểu xem nó có liên quan đến khóa học của họ hay không.",negative,thiet_bi_day_hoc
11590,Tôi không hiểu nổi làm sao A lại có thể là một số âm khi nó được biểu diễn dưới dạng e^c và e là một số dương.,neutral,kien_thuc
11590,Tôi không hiểu nổi làm sao A lại có thể là một số âm khi nó được biểu diễn dưới dạng e^c và e là một số dương.,neutral,kien_thuc
11591,"xin lỗi tôi bị lạc ở 32""14, chính xác thì chuyện gì đã xảy ra với cách anh ấy lấy được hàng cuối cùng của ma trận gần như là một bản sắc?",neutral,ky_nang_giang_day
11591,"xin lỗi tôi bị lạc ở 32""14, chính xác thì chuyện gì đã xảy ra với cách anh ấy lấy được hàng cuối cùng của ma trận gần như là một bản sắc?",neutral,kien_thuc
11592,Nếu tôi có tốt nghiệp thì chắc chắn là nhờ anh chàng này 100%.,positive,ky_nang_giang_day
11593,Gilbert là một giáo viên toán tuyệt vời............,positive,ky_nang_giang_day
11594,Ông ấy đang dẫn dắt bạn suy nghĩ thay vì chứng minh định lý.,positive,ky_nang_giang_day
11595,Đây là bài giảng yêu thích của tôi bài giảng,positive,chuong_trinh_hoc
11596,hãy xem giảng viên này tuyệt vời thế nào. Tôi đến từ YEMEN>...mit.edu/~jnt/home.html,positive,ky_nang_giang_day
11597,"Tốt giải thích nhưng quy ước cho các chữ cái được gán cho các góc (phi, theta) khác với quy ước thông thường hơn. Theta, thường được sử dụng cho góc từ trục z",negative,kien_thuc
11597,"Tốt giải thích nhưng quy ước cho các chữ cái được gán cho các góc (phi, theta) khác với quy ước thông thường hơn. Theta, thường được sử dụng cho góc từ trục z",positive,noi_chung
11598,Khi tôi nói với mọi người rằng tôi đã theo học MIT :-),positive,chuong_trinh_hoc
11599,Great giáo sư đã thay áo sơ mi,positive,ky_nang_giang_day
11600,Quá hồi hộp! Tôi đang bắt đầu phần tiếp theo video ngay bây giờ,neutral,chuong_trinh_hoc
11601,jeeeesssssuuuusssss .... phải xem video này ở tốc độ 2x. anh ấy nói chậm quá,negative,ky_nang_giang_day
11602,"Tôi nghĩ Strang đã bỏ sót một điểm quan trọng trong ví dụ về phương trình sai phân, đó là n vectơ riêng duy nhất tạo thành cơ sở cho R^n, đó là lý do tại sao u0 có thể được biểu thị dưới dạng tổ hợp tuyến tính của các vectơ riêng.",neutral,kien_thuc
11602,"Tôi nghĩ Strang đã bỏ sót một điểm quan trọng trong ví dụ về phương trình sai phân, đó là n vectơ riêng duy nhất tạo thành cơ sở cho R^n, đó là lý do tại sao u0 có thể được biểu thị dưới dạng tổ hợp tuyến tính của các vectơ riêng.",neutral,kien_thuc
11603,Tôi thực sự thích Video Từ các vấn đề Max-min của bạn,positive,chuong_trinh_hoc
11604,Tôi chỉ muốn biết ai có thể vào được MIT mà không cần phải học Giải tích I.,neutral,kien_thuc
11605,Những bảng đen đó làm tôi kinh ngạc,positive,thiet_bi_day_hoc
11606,"tôi nghĩ anh ấy phá vỡ quy ước thông thường đối với ma trận m * n là: m hàng, n cột ... điều này làm tôi bối rối, nhưng dù sao thì đây cũng là bài giảng tuyệt vời ... chỉnh sửa: Tôi đã sai9:12 ... hiểu sai những gì anh ấy nói ở đó, tất nhiên là không gian cột có m (nhiều hàng) thành phần, vì các cột đi xuống m (nhiều hàng) thành phần ... cảm ơn Robert Smits",positive,ky_nang_giang_day
11606,"tôi nghĩ anh ấy phá vỡ quy ước thông thường đối với ma trận m * n là: m hàng, n cột ... điều này làm tôi bối rối, nhưng dù sao thì đây cũng là bài giảng tuyệt vời ... chỉnh sửa: Tôi đã sai9:12 ... hiểu sai những gì anh ấy nói ở đó, tất nhiên là không gian cột có m (nhiều hàng) thành phần, vì các cột đi xuống m (nhiều hàng) thành phần ... cảm ơn Robert Smits",neutral,kien_thuc
11607,"Làm tốt lắm, giáo sư! Một số người chỉ giỏi Đại số tuyến tính, một số có thể khiến người khác giỏi Đại số tuyến tính!",positive,ky_nang_giang_day
11607,"Làm tốt lắm, giáo sư! Một số người chỉ giỏi Đại số tuyến tính, một số có thể khiến người khác giỏi Đại số tuyến tính!",negative,ky_nang_giang_day
11607,"Làm tốt lắm, giáo sư! Một số người chỉ giỏi Đại số tuyến tính, một số có thể khiến người khác giỏi Đại số tuyến tính!",negative,kien_thuc
11607,"Làm tốt lắm, giáo sư! Một số người chỉ giỏi Đại số tuyến tính, một số có thể khiến người khác giỏi Đại số tuyến tính!",positive,kien_thuc
11608,"Thân gửi IDidactl, Cảm ơn bạn rất nhiều vì đã trả lời. Tôi đã hiểu rồi. Cảm ơn bạn lần nữa. Bạn cũng học lớp của anh ấy chứ?",positive,ky_nang_giang_day
11609,anh ấy giải thích rất hay! Tôi yêu anh ấy!!!!!!!!!!!!,positive,ky_nang_giang_day
11610,"anh chàng này biết việc của mình. Tôi rất thích lớp học của anh ấy. Cũng là người chấm điểm công bằng, không khó tính, nhưng công bằng.",positive,ky_nang_giang_day
11610,"anh chàng này biết việc của mình. Tôi rất thích lớp học của anh ấy. Cũng là người chấm điểm công bằng, không khó tính, nhưng công bằng.",positive,chuong_trinh_hoc
11611,Mất một thời gian nhưng toàn bộ Ví dụ Ascrewedup thực sự tuyệt vời khi thấy lý do tại sao các đường chéo lệch là 0,positive,kien_thuc
11612,"Bài tập bài tập về nhà mà anh ấy để lại là từ cuốn sách nào?, và đó là những trang nào?? Tôi thực sự cần phải luyện tập điều này!!!",neutral,thiet_bi_day_hoc
11613,"Nếu a điểm là giao điểm của hai đường thẳng và a đường thẳng là giao điểm của hai mặt phẳng có phải là giao điểm của hai không gian 3 chiều không? Điều đó không có ý nghĩa gì, nhưng nó có vẻ gần giống như nó sẽ đúng nếu bạn tiếp tục tuân theo logic innóial.",neutral,kien_thuc
11613,"Nếu a điểm là giao điểm của hai đường thẳng và a đường thẳng là giao điểm của hai mặt phẳng có phải là giao điểm của hai không gian 3 chiều không? Điều đó không có ý nghĩa gì, nhưng nó có vẻ gần giống như nó sẽ đúng nếu bạn tiếp tục tuân theo logic innóial.",neutral,kien_thuc
11613,"Nếu a điểm là giao điểm của hai đường thẳng và a đường thẳng là giao điểm của hai mặt phẳng có phải là giao điểm của hai không gian 3 chiều không? Điều đó không có ý nghĩa gì, nhưng nó có vẻ gần giống như nó sẽ đúng nếu bạn tiếp tục tuân theo logic innóial.",neutral,kien_thuc
11613,"Nếu a điểm là giao điểm của hai đường thẳng và a đường thẳng là giao điểm của hai mặt phẳng có phải là giao điểm của hai không gian 3 chiều không? Điều đó không có ý nghĩa gì, nhưng nó có vẻ gần giống như nó sẽ đúng nếu bạn tiếp tục tuân theo logic innóial.",neutral,kien_thuc
11613,"Nếu a điểm là giao điểm của hai đường thẳng và a đường thẳng là giao điểm của hai mặt phẳng có phải là giao điểm của hai không gian 3 chiều không? Điều đó không có ý nghĩa gì, nhưng nó có vẻ gần giống như nó sẽ đúng nếu bạn tiếp tục tuân theo logic innóial.",neutral,kien_thuc
11613,"Nếu a điểm là giao điểm của hai đường thẳng và a đường thẳng là giao điểm của hai mặt phẳng có phải là giao điểm của hai không gian 3 chiều không? Điều đó không có ý nghĩa gì, nhưng nó có vẻ gần giống như nó sẽ đúng nếu bạn tiếp tục tuân theo logic innóial.",neutral,kien_thuc
11613,"Nếu a điểm là giao điểm của hai đường thẳng và a đường thẳng là giao điểm của hai mặt phẳng có phải là giao điểm của hai không gian 3 chiều không? Điều đó không có ý nghĩa gì, nhưng nó có vẻ gần giống như nó sẽ đúng nếu bạn tiếp tục tuân theo logic innóial.",neutral,kien_thuc
11613,"Nếu a điểm là giao điểm của hai đường thẳng và a đường thẳng là giao điểm của hai mặt phẳng có phải là giao điểm của hai không gian 3 chiều không? Điều đó không có ý nghĩa gì, nhưng nó có vẻ gần giống như nó sẽ đúng nếu bạn tiếp tục tuân theo logic innóial.",neutral,kien_thuc
11614,tại sao y^Tx lại bằng 1?,neutral,kien_thuc
11615,Đã hoàn thành (30/11/22). Đến kỳ thi! Cảm ơn Tiến sĩ Strang và nhóm MIT OCW!,positive,ky_nang_giang_day
11615,Đã hoàn thành (30/11/22). Đến kỳ thi! Cảm ơn Tiến sĩ Strang và nhóm MIT OCW!,positive,noi_chung
11616,Anh ấy rõ ràng hiểu sâu sắc những gì anh ấy đang nói...tuyệt vời bài giảng!!🇧🇩🇧🇩,positive,ky_nang_giang_day
11616,Anh ấy rõ ràng hiểu sâu sắc những gì anh ấy đang nói...tuyệt vời bài giảng!!🇧🇩🇧🇩,positive,chuong_trinh_hoc
11617,"Meh, tốt video nhưng bài giảng của anh ấy không tốt hơn nhiều so với bài giảng ở trường đại học của tôi. Giáo viên xuất sắc nhất từ MIT là Walter Lewin :D",positive,chuong_trinh_hoc
11617,"Meh, tốt video nhưng bài giảng của anh ấy không tốt hơn nhiều so với bài giảng ở trường đại học của tôi. Giáo viên xuất sắc nhất từ MIT là Walter Lewin :D",neutral,chuong_trinh_hoc
11618,"Cảm ơn, Giáo sư Strang. 2019-05-17 12:32:56",positive,ky_nang_giang_day
11619,"Đây là phép tính trực quan và toàn diện nhất bài giảng mà tôi từng thấy. Cảm ơn, MIT!",positive,chuong_trinh_hoc
11619,"Đây là phép tính trực quan và toàn diện nhất bài giảng mà tôi từng thấy. Cảm ơn, MIT!",positive,noi_chung
11620,Giáo sư anh đã cứu tôi. Cảm ơn vì bài giảng. giáo viên đại học của chúng tôi tệ nhất trong việc giảng dạy đại số tuyến tính.,positive,ky_nang_giang_day
11620,Giáo sư anh đã cứu tôi. Cảm ơn vì bài giảng. giáo viên đại học của chúng tôi tệ nhất trong việc giảng dạy đại số tuyến tính.,positive,chuong_trinh_hoc
11620,Giáo sư anh đã cứu tôi. Cảm ơn vì bài giảng. giáo viên đại học của chúng tôi tệ nhất trong việc giảng dạy đại số tuyến tính.,negative,ky_nang_giang_day
11620,Giáo sư anh đã cứu tôi. Cảm ơn vì bài giảng. giáo viên đại học của chúng tôi tệ nhất trong việc giảng dạy đại số tuyến tính.,negative,chuong_trinh_hoc
11621,"@[USERNAME]họ có thể mua được phấn tốt nhất trên thế giới. những phấn này chứa khoảng 28% canxi, đó là lý do tại sao những phấn này rất cứng và bạn có thể vẽ những đường thẳng dài. và nếu ai đó gặp vấn đề về răng, chúng cũng có thể ăn được. nhưng trước khi bạn cần đập phấn hoặc cạo bảng trắng và trộn với một ít chanh hoặc axit khác. nếu không có axit, bạn sẽ không tiêu thụ canxi. chúng còn được gọi là phấn ăn được.",positive,thiet_bi_day_hoc
11622,"Ước gì anh chàng này dạy tôi Toán 293 và 294 ở Cornell. Anh chàng của tôi hầu như không nói được tiếng Anh, chứ đừng nói đến việc eNULL giải thích những gì chúng tôi đang cố gắng hoàn thành. Tôi hiểu rằng nếu chúng tôi muốn vectơ riêng vuông góc với NULL thì chúng tôi sẽ có lực nâng so với dòng chảy... nhưng anh chàng này sẽ làm cho phép toán đơn giản hơn một chút.",positive,ky_nang_giang_day
11622,"Ước gì anh chàng này dạy tôi Toán 293 và 294 ở Cornell. Anh chàng của tôi hầu như không nói được tiếng Anh, chứ đừng nói đến việc eNULL giải thích những gì chúng tôi đang cố gắng hoàn thành. Tôi hiểu rằng nếu chúng tôi muốn vectơ riêng vuông góc với NULL thì chúng tôi sẽ có lực nâng so với dòng chảy... nhưng anh chàng này sẽ làm cho phép toán đơn giản hơn một chút.",neutral,chuong_trinh_hoc
11622,"Ước gì anh chàng này dạy tôi Toán 293 và 294 ở Cornell. Anh chàng của tôi hầu như không nói được tiếng Anh, chứ đừng nói đến việc eNULL giải thích những gì chúng tôi đang cố gắng hoàn thành. Tôi hiểu rằng nếu chúng tôi muốn vectơ riêng vuông góc với NULL thì chúng tôi sẽ có lực nâng so với dòng chảy... nhưng anh chàng này sẽ làm cho phép toán đơn giản hơn một chút.",neutral,kien_thuc
11622,"Ước gì anh chàng này dạy tôi Toán 293 và 294 ở Cornell. Anh chàng của tôi hầu như không nói được tiếng Anh, chứ đừng nói đến việc eNULL giải thích những gì chúng tôi đang cố gắng hoàn thành. Tôi hiểu rằng nếu chúng tôi muốn vectơ riêng vuông góc với NULL thì chúng tôi sẽ có lực nâng so với dòng chảy... nhưng anh chàng này sẽ làm cho phép toán đơn giản hơn một chút.",neutral,kien_thuc
11623,"Tôi là một IITian. Chúng tôi có một số giáo sư dạy môn này rất tốt. Hầu hết đều rất nhàm chán. Cảm ơn, MIT.",negative,ky_nang_giang_day
11624,"Cảm ơn giáo sư strang, thực sự hữu ích!!",positive,ky_nang_giang_day
11625,Phải mất 15 giây tôi mới nhận ra anh ấy đang nói tiếng Anh!,negative,ky_nang_giang_day
11626,Tôi thực sự đang cố gắng tìm hiểu lý do tại sao phép nhân ma trận lại hoạt động theo cách như vậy và tôi không thể tìm thấy một nguồn tài liệu tốt nào nói về chủ đề cụ thể này. Thực tế là ngay cả Gauss cũng không thể thấy được điều đó cũng là một sự an ủi nhưng tôi thực sự muốn có được một lời giải thích hay.,neutral,kien_thuc
11627,"Nếu tất cả nội dung trên YouTube đều bị xóa ngày hôm nay, điều đáng buồn nhất đối với tôi có lẽ là mất đi nội dung này loạt bài học.",positive,thiet_bi_day_hoc
11628,"Bây giờ tôi hiểu tại sao người Mỹ lại tệ đến thế toán học chết tiệt (Vâng, tôi là người Pháp)",neutral,kien_thuc
11629,Cảm ơn bạn! Đây là một bài giảng tuyệt vời,positive,chuong_trinh_hoc
11630,"Tôi đã xem tất cả các video tiền lệ và hiểu hầu hết những gì xảy ra, nhưng tôi luôn thấy rằng tôi không có mối liên hệ nào giữa những gì tôi thấy và những gì tôi đã biết. Tôi không thể tích hợp tập hợp các khái niệm mới vào kiến thức hiện tại của mình. Thật là khó hiểu. Bây giờ với 18 phút đầu tiên của video này bài giảng, mọi thứ trở nên rõ ràng. Giống như tôi đang trôi nổi trong không gian và gặp khó khăn trong việc điều hướng nhưng vẫn có thể di chuyển từ điểm này sang điểm khác. Bây giờ tôi có lực hấp dẫn. Điều này khá ấn tượng.",positive,chuong_trinh_hoc
11631,"Cảm ơn rất nhiều Tiến sĩ Strang, tôi thực sự mong chờ bài giảng tiếp theo bài giảng.",positive,ky_nang_giang_day
11631,"Cảm ơn rất nhiều Tiến sĩ Strang, tôi thực sự mong chờ bài giảng tiếp theo bài giảng.",positive,chuong_trinh_hoc
11632,"Một trong những bài giảng hay nhất trên Youtube, cảm ơn Giáo sư Gilbert đã giải thích điều này một cách tuyệt vời.",positive,ky_nang_giang_day
11633,Một trong những bài giảng hay nhất bài giảng về phép tính!,positive,chuong_trinh_hoc
11634,Xem Dr. Strang không bao giờ nhàm chán,positive,ky_nang_giang_day
11635,"Jerison chỉ so sánh các số hạng bậc cao nhất trong cả tử số (1) và mẫu số (1/x), vì đó là tất cả những gì quan trọng khi giới hạn tiến tới vô cực. Và đúng vậy, thừa số biến mất thành không, sau khi thực hiện phép so sánh đó. Ông ấy chỉ loại bỏ phần còn lại của các số hạng trước vì chúng không liên quan khi x tiến tới vô cực.",neutral,ky_nang_giang_day
11636,Tôi thực sự thích các bài giảng của giáo sư Miler hơn nhiều so với các bài giảng của giáo sư Jerison.,positive,ky_nang_giang_day
11636,Tôi thực sự thích các bài giảng của giáo sư Miler hơn nhiều so với các bài giảng của giáo sư Jerison.,neutral,ky_nang_giang_day
11637,mật độ tính bằng gam trên inch khối???? Kỳ lạ! Nhưng thực ra anh ấy đang rất vội vã vào lúc cuối...,neutral,kien_thuc
11637,mật độ tính bằng gam trên inch khối???? Kỳ lạ! Nhưng thực ra anh ấy đang rất vội vã vào lúc cuối...,neutral,ky_nang_giang_day
11638,Tôi ước gì mình có được những người hướng dẫn như anh ấy!,positive,ky_nang_giang_day
11639,thống kê này có liên quan đến lĩnh vực kinh doanh không?,neutral,kien_thuc
11639,thống kê này có liên quan đến lĩnh vực kinh doanh không?,neutral,noi_chung
11640,"Anh là vua, ông Strang! Cảm ơn",positive,ky_nang_giang_day
11641,"Cảm ơn rất nhiều, Giáo sư Strang!",positive,ky_nang_giang_day
11642,Tại sao trường đại học của tôi không cho phép sinh viên ghi lại bài giảng? Thật tuyệt khi có những bài giảng đó ở nhà dưới dạng video. Bạn có thể xem lại chúng và tua lại thời gian bất cứ khi nào bạn bỏ lỡ điều gì đó vì bạn không chú ý. Thật hữu ích.,negative,noi_chung
11642,Tại sao trường đại học của tôi không cho phép sinh viên ghi lại bài giảng? Thật tuyệt khi có những bài giảng đó ở nhà dưới dạng video. Bạn có thể xem lại chúng và tua lại thời gian bất cứ khi nào bạn bỏ lỡ điều gì đó vì bạn không chú ý. Thật hữu ích.,neutral,noi_chung
11642,Tại sao trường đại học của tôi không cho phép sinh viên ghi lại bài giảng? Thật tuyệt khi có những bài giảng đó ở nhà dưới dạng video. Bạn có thể xem lại chúng và tua lại thời gian bất cứ khi nào bạn bỏ lỡ điều gì đó vì bạn không chú ý. Thật hữu ích.,positive,thiet_bi_day_hoc
11642,Tại sao trường đại học của tôi không cho phép sinh viên ghi lại bài giảng? Thật tuyệt khi có những bài giảng đó ở nhà dưới dạng video. Bạn có thể xem lại chúng và tua lại thời gian bất cứ khi nào bạn bỏ lỡ điều gì đó vì bạn không chú ý. Thật hữu ích.,positive,chuong_trinh_hoc
11643,Bởi vì bạn tệ trong việc này.,negative,ky_nang_giang_day
11644,Tại sao không phải Leipzig liên tục và chỉ bị chặn?,neutral,kien_thuc
11645,Tuyệt vời bài giảng. Cảm ơn bạn đã chia sẻ!,positive,chuong_trinh_hoc
11646,"47:25 dưới cùng bên trái: Var(u^TX) được định nghĩa như thế nào? ""Phương sai"" của một vectơ ngẫu nhiên có nghĩa là gì? Cảm ơn bạn rất nhiều",neutral,kien_thuc
11647,giáo viên này thật tuyệt vời! Không chỉ anh ấy làm tôi vui hơn với đại số tuyến tính mà còn khiến tôi thực sự vui mừng khi thấy vẫn còn những người đam mê công việc của họ. Tôi thực sự thích điều đó!,positive,ky_nang_giang_day
11648,"Vào lúc 28:00, ông đã làm điều mà Walter Lewin đã làm. Có phải điều kiện tiên quyết là tất cả các giáo sư MIT đều có khả năng làm ""đường chấm chấm"" đó không?",neutral,ky_nang_giang_day
11649,Hôm nay tôi đã hoàn thành khóa học này khóa học. Tôi chỉ muốn nói rằng Prof. David Jerison là một giáo viên tuyệt vời và phi thường. Cảm ơn những người đã giúp tôi đưa khóa học này lên mạng và cung cấp miễn phí cho mọi người. Cảm ơn MIT rất nhiều...,positive,ky_nang_giang_day
11649,Hôm nay tôi đã hoàn thành khóa học này khóa học. Tôi chỉ muốn nói rằng Prof. David Jerison là một giáo viên tuyệt vời và phi thường. Cảm ơn những người đã giúp tôi đưa khóa học này lên mạng và cung cấp miễn phí cho mọi người. Cảm ơn MIT rất nhiều...,positive,chuong_trinh_hoc
11650,"Một bài giảng tuyệt vời. Ở 38,58, ông ấy nên nói Khả năng quan sát dữ liệu với điều kiện là dữ liệu được phân phối theo các tham số theta",positive,chuong_trinh_hoc
11650,"Một bài giảng tuyệt vời. Ở 38,58, ông ấy nên nói Khả năng quan sát dữ liệu với điều kiện là dữ liệu được phân phối theo các tham số theta",neutral,ky_nang_giang_day
11650,"Một bài giảng tuyệt vời. Ở 38,58, ông ấy nên nói Khả năng quan sát dữ liệu với điều kiện là dữ liệu được phân phối theo các tham số theta",neutral,kien_thuc
11650,"Một bài giảng tuyệt vời. Ở 38,58, ông ấy nên nói Khả năng quan sát dữ liệu với điều kiện là dữ liệu được phân phối theo các tham số theta",neutral,kien_thuc
11651,đây không phải giống như việc xây dựng một công thức lặp để tính gần đúng căn bậc hai sao?,neutral,kien_thuc
11652,Đã xem được 49 phút và vẫn hy vọng anh ấy sẽ sớm đến PCA hahaha... tuy nhiên tuyệt vời bài giảng,positive,chuong_trinh_hoc
11653,Những điều này quá hay. Tôi đã dành nhiều ngày để đọc các định nghĩa trừu tượng và giải thích chính thức trong sách để hiểu các khái niệm mà giáo sư giải thích một cách sinh động và sáng tạo trong 10 giây! Cảm ơn bạn!,positive,ky_nang_giang_day
11654,"Ôi, ước gì có một giáo sư như thế này, người muốn bạn học toán, không giống như các lớp học của tôi vốn nhằm mục đích loại bỏ càng nhiều sinh viên càng tốt.",positive,ky_nang_giang_day
11655,Đó là một kết thúc đẹp. Nó làm tôi khóc,positive,chuong_trinh_hoc
11656,Tôi ước mình đã học ở một trường Ivy League nơi mà bài giảng thực sự dễ hiểu. Không giống như trường đại học của tôi |:,positive,chuong_trinh_hoc
11656,Tôi ước mình đã học ở một trường Ivy League nơi mà bài giảng thực sự dễ hiểu. Không giống như trường đại học của tôi |:,positive,noi_chung
11656,Tôi ước mình đã học ở một trường Ivy League nơi mà bài giảng thực sự dễ hiểu. Không giống như trường đại học của tôi |:,negative,noi_chung
11657,"Trong 1:08:10, những lambda đó không nên là giá trị riêng của Sigma ? (hoặc ma trận hiệp phương sai ?)",negative,kien_thuc
11658,"@[USERNAME]Ôi trời ơi, tôi tưởng mình là người duy nhất nghĩ như vậy. Powerpoint chẳng giúp ích gì cho tôi cả. Tôi thực sự mong giảng viên của mình sẽ sử dụng bảng đen!",negative,chuong_trinh_hoc
11659,"Tôi mới bắt đầu học trực tuyến với lớp học của Giáo sư Strang trên youtube.. Tôi thích phong cách, tốc độ và niềm đam mê truyền cảm hứng cho suy nghĩ về câu trả lời của ông. Người đàn ông này có vẻ là một trong những nhà giáo dục và nhà tư tưởng thực sự tài năng. Cảm ơn MIT đã đăng tải kiến thức này và các kiến thức khác trực tuyến!",positive,ky_nang_giang_day
11659,"Tôi mới bắt đầu học trực tuyến với lớp học của Giáo sư Strang trên youtube.. Tôi thích phong cách, tốc độ và niềm đam mê truyền cảm hứng cho suy nghĩ về câu trả lời của ông. Người đàn ông này có vẻ là một trong những nhà giáo dục và nhà tư tưởng thực sự tài năng. Cảm ơn MIT đã đăng tải kiến thức này và các kiến thức khác trực tuyến!",positive,thiet_bi_day_hoc
11659,"Tôi mới bắt đầu học trực tuyến với lớp học của Giáo sư Strang trên youtube.. Tôi thích phong cách, tốc độ và niềm đam mê truyền cảm hứng cho suy nghĩ về câu trả lời của ông. Người đàn ông này có vẻ là một trong những nhà giáo dục và nhà tư tưởng thực sự tài năng. Cảm ơn MIT đã đăng tải kiến thức này và các kiến thức khác trực tuyến!",positive,thiet_bi_day_hoc
11659,"Tôi mới bắt đầu học trực tuyến với lớp học của Giáo sư Strang trên youtube.. Tôi thích phong cách, tốc độ và niềm đam mê truyền cảm hứng cho suy nghĩ về câu trả lời của ông. Người đàn ông này có vẻ là một trong những nhà giáo dục và nhà tư tưởng thực sự tài năng. Cảm ơn MIT đã đăng tải kiến thức này và các kiến thức khác trực tuyến!",positive,noi_chung
11660,Đây có phải là khóa học tốt  về phân tích dữ liệu không?,positive,chuong_trinh_hoc
11661,"1:14:50 Tôi đã nghĩ về câu hỏi này trong nhiều ngày liên quan đến pset2 #4 [phép chiếu của iff T có thể quyết định được - có thể nhận ra]. Làm sao chúng ta có thể chắc chắn rằng bản thân các bằng chứng không gây ra vòng lặp. Theo nghĩa của bài toán phép chiếu Làm sao tôi có thể chắc chắn rằng có thể nhận ra T đang thử các đầu vào mới và không lãng phí thời gian của nó vào các vòng tròn vô nghĩa trong cặp (x, y) cụ thể",neutral,kien_thuc
11661,"1:14:50 Tôi đã nghĩ về câu hỏi này trong nhiều ngày liên quan đến pset2 #4 [phép chiếu của iff T có thể quyết định được - có thể nhận ra]. Làm sao chúng ta có thể chắc chắn rằng bản thân các bằng chứng không gây ra vòng lặp. Theo nghĩa của bài toán phép chiếu Làm sao tôi có thể chắc chắn rằng có thể nhận ra T đang thử các đầu vào mới và không lãng phí thời gian của nó vào các vòng tròn vô nghĩa trong cặp (x, y) cụ thể",neutral,kien_thuc
11662,Mặt phẳng chiều thứ 8 bên trong không gian chiều thứ 9. Nếu các giá trị của cột thứ 8 và cột thứ 9 giống nhau thì sẽ giống như một mặt phẳng trên một mặt phẳng như một củ hành tây. Tôi bối rối.,neutral,kien_thuc
11662,Mặt phẳng chiều thứ 8 bên trong không gian chiều thứ 9. Nếu các giá trị của cột thứ 8 và cột thứ 9 giống nhau thì sẽ giống như một mặt phẳng trên một mặt phẳng như một củ hành tây. Tôi bối rối.,neutral,kien_thuc
11663,Tự giáo dục với những người tốt như vậy giáo viên chính là tương lai! Cảm ơn Giáo sư Strang.,positive,ky_nang_giang_day
11663,Tự giáo dục với những người tốt như vậy giáo viên chính là tương lai! Cảm ơn Giáo sư Strang.,positive,ky_nang_giang_day
11664,"thích cách anh ấy liên tục thêm vào nhiều thông tin nhỏ, như những ""ghi chú"" nhỏ để biết ^^ giúp tâm trí tỉnh táo và được giải trí trong sự ngạc nhiên :D ước gì giáo sư của tôi cũng đầu tư vào bài giảng của họ :)",positive,ky_nang_giang_day
11664,"thích cách anh ấy liên tục thêm vào nhiều thông tin nhỏ, như những ""ghi chú"" nhỏ để biết ^^ giúp tâm trí tỉnh táo và được giải trí trong sự ngạc nhiên :D ước gì giáo sư của tôi cũng đầu tư vào bài giảng của họ :)",negative,ky_nang_giang_day
11664,"thích cách anh ấy liên tục thêm vào nhiều thông tin nhỏ, như những ""ghi chú"" nhỏ để biết ^^ giúp tâm trí tỉnh táo và được giải trí trong sự ngạc nhiên :D ước gì giáo sư của tôi cũng đầu tư vào bài giảng của họ :)",negative,chuong_trinh_hoc
11665,Thật là vinh dự khi có được một giáo sư tuyệt vời như vậy. Cảm ơn MIT vì 35 bài giảng này!,positive,ky_nang_giang_day
11665,Thật là vinh dự khi có được một giáo sư tuyệt vời như vậy. Cảm ơn MIT vì 35 bài giảng này!,positive,chuong_trinh_hoc
11666,"why là Q không nằm ở phía the hoặc phía h)er, nếu chúng ta di chuyển xuống (South) từ where dh/dx là 0 than cũng h which giảm right? Ý tôi là dh/dy < 0 đối với các điểm bh right? why chỉ đối với điểm the phía trên?",neutral,kien_thuc
11666,"why là Q không nằm ở phía the hoặc phía h)er, nếu chúng ta di chuyển xuống (South) từ where dh/dx là 0 than cũng h which giảm right? Ý tôi là dh/dy < 0 đối với các điểm bh right? why chỉ đối với điểm the phía trên?",neutral,kien_thuc
11666,"why là Q không nằm ở phía the hoặc phía h)er, nếu chúng ta di chuyển xuống (South) từ where dh/dx là 0 than cũng h which giảm right? Ý tôi là dh/dy < 0 đối với các điểm bh right? why chỉ đối với điểm the phía trên?",neutral,kien_thuc
11666,"why là Q không nằm ở phía the hoặc phía h)er, nếu chúng ta di chuyển xuống (South) từ where dh/dx là 0 than cũng h which giảm right? Ý tôi là dh/dy < 0 đối với các điểm bh right? why chỉ đối với điểm the phía trên?",neutral,kien_thuc
11667,Ông ấy nói giống Thượng nghị sĩ Pat Geary trong phim Bố già 2.,neutral,ky_nang_giang_day
11668,Quá nhiều năng lượng cho một bản ghi âm video với một lớp học trống. Cảm ơn rất nhiều Giáo sư Gilbert!,positive,ky_nang_giang_day
11668,Quá nhiều năng lượng cho một bản ghi âm video với một lớp học trống. Cảm ơn rất nhiều Giáo sư Gilbert!,positive,chuong_trinh_hoc
11669,"Đây là những gì tôi gọi là toán học ""có giá trị"" bài giảng. Thời gian được dành để giải thích cho sinh viên ""tại sao"" mọi thứ là đúng. Trong khi ở các tổ chức tôi đã đến, thời gian được dành để đọc các slide cho sinh viên và chỉ cho họ cách giải quyết vấn đề mà thậm chí không có một ý tưởng nhỏ nhất nào về quy trình giải quyết vấn đề đó.",positive,chuong_trinh_hoc
11669,"Đây là những gì tôi gọi là toán học ""có giá trị"" bài giảng. Thời gian được dành để giải thích cho sinh viên ""tại sao"" mọi thứ là đúng. Trong khi ở các tổ chức tôi đã đến, thời gian được dành để đọc các slide cho sinh viên và chỉ cho họ cách giải quyết vấn đề mà thậm chí không có một ý tưởng nhỏ nhất nào về quy trình giải quyết vấn đề đó.",negative,noi_chung
11670,"Tôi đã hoàn thành toàn bộ khóa học vào hôm nay, 27/08/2021. Tôi không nhớ mình đã bắt đầu khi nào, nhưng chương đầu tiên đã cho tôi rất nhiều trực giác và những điều đó đã khuyến khích tôi tiếp tục học cho đến khi kết thúc khóa học. Cảm ơn, Giáo sư Gilbert Strang. Thầy là giáo viên Toán tuyệt vời của em. Thầy đã truyền cảm hứng để em tiếp tục học những thứ này. Em thực sự hy vọng rằng một ngày nào đó em có thể gặp thầy",positive,ky_nang_giang_day
11670,"Tôi đã hoàn thành toàn bộ khóa học vào hôm nay, 27/08/2021. Tôi không nhớ mình đã bắt đầu khi nào, nhưng chương đầu tiên đã cho tôi rất nhiều trực giác và những điều đó đã khuyến khích tôi tiếp tục học cho đến khi kết thúc khóa học. Cảm ơn, Giáo sư Gilbert Strang. Thầy là giáo viên Toán tuyệt vời của em. Thầy đã truyền cảm hứng để em tiếp tục học những thứ này. Em thực sự hy vọng rằng một ngày nào đó em có thể gặp thầy",positive,chuong_trinh_hoc
11671,Cảm ơn giáo sư! Nó thực sự giúp ích rất nhiều trong việc hiểu cách thức hoạt động của thị giác máy tính 3D.,positive,ky_nang_giang_day
11671,Cảm ơn giáo sư! Nó thực sự giúp ích rất nhiều trong việc hiểu cách thức hoạt động của thị giác máy tính 3D.,positive,noi_chung
11672,Thật là một bài giảng tuyệt vời và thu hút bài giảng anh ấy. CẢM ƠN BẠN,positive,chuong_trinh_hoc
11672,Thật là một bài giảng tuyệt vời và thu hút bài giảng anh ấy. CẢM ƠN BẠN,positive,ky_nang_giang_day
11673,"Tôi rất kính trọng giáo sư Gilbert Strang. Ông ấy đã ở độ tuổi rất cao trong những video này nhưng ông ấy vẫn có thể đưa ra những bài giảng tuyệt vời như vậy. Trên thực tế, bây giờ là năm 2018 và ông ấy vẫn đang đưa ra bài giảng!",positive,ky_nang_giang_day
11673,"Tôi rất kính trọng giáo sư Gilbert Strang. Ông ấy đã ở độ tuổi rất cao trong những video này nhưng ông ấy vẫn có thể đưa ra những bài giảng tuyệt vời như vậy. Trên thực tế, bây giờ là năm 2018 và ông ấy vẫn đang đưa ra bài giảng!",positive,chuong_trinh_hoc
11673,"Tôi rất kính trọng giáo sư Gilbert Strang. Ông ấy đã ở độ tuổi rất cao trong những video này nhưng ông ấy vẫn có thể đưa ra những bài giảng tuyệt vời như vậy. Trên thực tế, bây giờ là năm 2018 và ông ấy vẫn đang đưa ra bài giảng!",positive,chuong_trinh_hoc
11674,"Vào lúc 32:00, the prove chỉ là the componentent e và p ebằng b. Nhưng tôi nghĩ the e nên be perpeendicular đến the line, không phải để lấy the the y components... i.e. vào lúc 32:00, đối với bằng chứng the, there là một giả định rằng the x thành phần ent của b,e,p are the same.Dù sao thì, đó là một great video series cho review. :>",negative,kien_thuc
11674,"Vào lúc 32:00, the prove chỉ là the componentent e và p ebằng b. Nhưng tôi nghĩ the e nên be perpeendicular đến the line, không phải để lấy the the y components... i.e. vào lúc 32:00, đối với bằng chứng the, there là một giả định rằng the x thành phần ent của b,e,p are the same.Dù sao thì, đó là một great video series cho review. :>",positive,chuong_trinh_hoc
11675,@[USERNAME]Vì anh ấy đã giải thích rất rõ ràng.,positive,ky_nang_giang_day
11676,Tôi đến từ Ấn Độ Tôi thích cách giảng dạy của bạn,positive,chuong_trinh_hoc
11677,"Được rồi, tôi thậm chí còn không biết chuyện gì đang xảy ra và không biết bắt đầu học từ đâu phép tính lol",neutral,kien_thuc
11678,ơn cứu mạng của Chúa,positive,ky_nang_giang_day
11679,Tôi thích anh chàng này. Anh ấy rất hài hước và giỏi giải thích mọi thứ.,positive,ky_nang_giang_day
11680,"Tôi không hiểu... Tôi thực sự ngu ngốc khi ở MIT nhưng chuyện quái gì đang xảy ra với những sinh viên này vậy... họ không nên bối rối vì những điều đơn giản như vậy, ai đó có thể cho tôi biết sinh viên MIT có thực sự không thông minh như mọi người vẫn nói không?",neutral,ky_nang_giang_day
11681,Cảm ơn vì phép loại suy lúc 21:00. Lần đầu tiên tôi hiểu được điều này :),positive,kien_thuc
11682,"Cảm ơn giáo sư Strang, bạn không biết điều này hữu ích như thế nào đối với nhiều người trong chúng tôi đâu!",positive,ky_nang_giang_day
11682,"Cảm ơn giáo sư Strang, bạn không biết điều này hữu ích như thế nào đối với nhiều người trong chúng tôi đâu!",positive,chuong_trinh_hoc
11683,"Tôi có một câu hỏi ở đây, đối với tôi, một điểm trong 3d là không có chiều, nhưng nếu một số thực thể sống nhỏ hơn điểm đó, một số sinh vật sống cực nhỏ, đối với nó, điểm sẽ có một số chiều, vậy thì, liệu vectơ không gian mà tôi đang nghiên cứu, tôi có thể hình dung trong không gian hiện tại của mình, nếu có ai đó ở đó trong một không gian khác, họ sẽ thực hiện một không gian vectơ khác không? Giải pháp sẽ vẫn giống nhau trong các không gian khác nhau cho một bài toán hoặc ví dụ cụ thể không?",neutral,kien_thuc
11683,"Tôi có một câu hỏi ở đây, đối với tôi, một điểm trong 3d là không có chiều, nhưng nếu một số thực thể sống nhỏ hơn điểm đó, một số sinh vật sống cực nhỏ, đối với nó, điểm sẽ có một số chiều, vậy thì, liệu vectơ không gian mà tôi đang nghiên cứu, tôi có thể hình dung trong không gian hiện tại của mình, nếu có ai đó ở đó trong một không gian khác, họ sẽ thực hiện một không gian vectơ khác không? Giải pháp sẽ vẫn giống nhau trong các không gian khác nhau cho một bài toán hoặc ví dụ cụ thể không?",neutral,kien_thuc
11684,"Đối với Check-in 21.2, how xuất hiện D từ chối <D>1000000 ở Bước 1? Khi nhập w, đánh dấu f(n) các ô băng wtại đây n = |<D>1000000|. Sau đó wđiều gì xảy ra?",neutral,kien_thuc
11684,"Đối với Check-in 21.2, how xuất hiện D từ chối <D>1000000 ở Bước 1? Khi nhập w, đánh dấu f(n) các ô băng wtại đây n = |<D>1000000|. Sau đó wđiều gì xảy ra?",neutral,kien_thuc
11684,"Đối với Check-in 21.2, how xuất hiện D từ chối <D>1000000 ở Bước 1? Khi nhập w, đánh dấu f(n) các ô băng wtại đây n = |<D>1000000|. Sau đó wđiều gì xảy ra?",neutral,kien_thuc
11684,"Đối với Check-in 21.2, how xuất hiện D từ chối <D>1000000 ở Bước 1? Khi nhập w, đánh dấu f(n) các ô băng wtại đây n = |<D>1000000|. Sau đó wđiều gì xảy ra?",neutral,kien_thuc
11685,Tôi có thể thấy (A^t(A)) là tích vô hướng của hai vectơ trong không gian ma trận không?,neutral,kien_thuc
11686,"Hãy lấy ghi chú thật tốt và tiếp thu chúng. Bây giờ, hãy thử trình bày cùng một bài giảng mà không cần ghi nhớ tất cả như một kịch bản. Không dễ phải không?! Bạn thấy rằng Strang không ám chỉ đến ghi chú. Hãy tiếp tục làm việc và bạn sẽ tiếp thu được ý tưởng.",positive,ky_nang_giang_day
11686,"Hãy lấy ghi chú thật tốt và tiếp thu chúng. Bây giờ, hãy thử trình bày cùng một bài giảng mà không cần ghi nhớ tất cả như một kịch bản. Không dễ phải không?! Bạn thấy rằng Strang không ám chỉ đến ghi chú. Hãy tiếp tục làm việc và bạn sẽ tiếp thu được ý tưởng.",positive,noi_chung
11687,"Tôi là Fayçal đến từ Casablanca ở Morocco và tôi thực sự cảm ơn bạn vì điều này các khóa học, nó giúp tôi hiểu rõ hơn về ma trận :)",positive,chuong_trinh_hoc
11688,Tuyệt vời!!! Tuyệt vời nhất và cao cấp nhất đồ.,positive,chuong_trinh_hoc
11689,Thật là một người đàn ông tuyệt vời! Thật tuyệt vời!,positive,ky_nang_giang_day
11690,Một người không thích điều này video vì anh ta nhận ra rằng một lần 3d flux đã được giải thích một cách tuyệt vời nhưng anh ta vẫn không hiểu nó,positive,thiet_bi_day_hoc
11690,Một người không thích điều này video vì anh ta nhận ra rằng một lần 3d flux đã được giải thích một cách tuyệt vời nhưng anh ta vẫn không hiểu nó,positive,kien_thuc
11691,"xin lỗi các bạn, tôi có một câu hỏi ngớ ngẩn ở phút 9:10 trong phần thứ hai và thứ ba ma trận trong cột thứ ba, tại sao lại là -2 và 5? tôi không hiểu phần đó",neutral,kien_thuc
11692,"Có ai vui lòng tell cho chúng tôi biết y chúng ta đang stuck sử dụng (*) at 26:32 to tìm tthe giá trị của y? Nếu tôi thay titute 2 cho x, y^2 sẽ có 2 giá trị, 0,73205 và -2,73205. Chúng ta có thể loại bỏ -2,73205 vì that t=sẽ cung cấp các giá trị tưởng tượng y cho y. Có ai vui lòng tell cho tôi biết tôi sai ở đâu không? Many tthanks trước.",neutral,kien_thuc
11692,"Có ai vui lòng tell cho chúng tôi biết y chúng ta đang stuck sử dụng (*) at 26:32 to tìm tthe giá trị của y? Nếu tôi thay titute 2 cho x, y^2 sẽ có 2 giá trị, 0,73205 và -2,73205. Chúng ta có thể loại bỏ -2,73205 vì that t=sẽ cung cấp các giá trị tưởng tượng y cho y. Có ai vui lòng tell cho tôi biết tôi sai ở đâu không? Many tthanks trước.",neutral,kien_thuc
11692,"Có ai vui lòng tell cho chúng tôi biết y chúng ta đang stuck sử dụng (*) at 26:32 to tìm tthe giá trị của y? Nếu tôi thay titute 2 cho x, y^2 sẽ có 2 giá trị, 0,73205 và -2,73205. Chúng ta có thể loại bỏ -2,73205 vì that t=sẽ cung cấp các giá trị tưởng tượng y cho y. Có ai vui lòng tell cho tôi biết tôi sai ở đâu không? Many tthanks trước.",neutral,kien_thuc
11692,"Có ai vui lòng tell cho chúng tôi biết y chúng ta đang stuck sử dụng (*) at 26:32 to tìm tthe giá trị của y? Nếu tôi thay titute 2 cho x, y^2 sẽ có 2 giá trị, 0,73205 và -2,73205. Chúng ta có thể loại bỏ -2,73205 vì that t=sẽ cung cấp các giá trị tưởng tượng y cho y. Có ai vui lòng tell cho tôi biết tôi sai ở đâu không? Many tthanks trước.",neutral,kien_thuc
11693,16:15 tại sao phần bên trong lá cờ Nhật Bản (ma trận thứ hai) lại có hạng 1? Có lẽ là 2?,negative,kien_thuc
11694,"Anh chàng này là một người khác. Tôi đến lớp Đại số tuyến tính và tôi thường cảm thấy bối rối hơn khi ra về so với khi vào lớp, sau đó tôi đến xem những video này  và mọi thứ trở nên dễ hiểu chỉ trong vài phút. Không chỉ là những gì anh ấy biết, mà anh ấy còn biết cách giải thích, đơn giản và tuyệt vời.",positive,chuong_trinh_hoc
11694,"Anh chàng này là một người khác. Tôi đến lớp Đại số tuyến tính và tôi thường cảm thấy bối rối hơn khi ra về so với khi vào lớp, sau đó tôi đến xem những video này  và mọi thứ trở nên dễ hiểu chỉ trong vài phút. Không chỉ là những gì anh ấy biết, mà anh ấy còn biết cách giải thích, đơn giản và tuyệt vời.",negative,kien_thuc
11695,Giống như sôcôla trí tuệ nguyên chất vậy. Gilbert Strang đáng lẽ phải tiếp quản Nhà máy sôcôla của Wonka chứ không phải Charlie.,positive,ky_nang_giang_day
11696,"Phải vào học viện Khan để tìm hiểu xem anh chàng này đang dạy gì: tất cả những gì anh ta phải làm là nói ""vào thời điểm này, tôi đang thêm số 0 vào phương trình này"".",negative,ky_nang_giang_day
11697,Đây là bài giảng hay nhất mà tôi từng nghe. Cảm ơn Giáo sư.,positive,chuong_trinh_hoc
11697,Đây là bài giảng hay nhất mà tôi từng nghe. Cảm ơn Giáo sư.,positive,ky_nang_giang_day
11698,"đồ khốn nạn, đó là những gì tôi nghĩ; thật tệ là tôi đã hoàn thành việc này lớp học học kỳ trước",negative,chuong_trinh_hoc
11699,5/32 là xác suất của x-1/2(5/24)/(4/3) là diện tíchXác suất thú vị hơn nhiều so với các công thức tích phân (những gì tôi đang làm ở trường),positive,kien_thuc
11700,"trong 30.41 ông ấy viết ""đặt u=Sv"" ông ấy nói rằng S là Ma trận vectơ riêng nhưng ông ấy không nói gì về CÁI GÌ ""v nhỏ"" này, và tại sao ông ấy lại làm trò đó.. thật nản lòng",negative,ky_nang_giang_day
11700,"trong 30.41 ông ấy viết ""đặt u=Sv"" ông ấy nói rằng S là Ma trận vectơ riêng nhưng ông ấy không nói gì về CÁI GÌ ""v nhỏ"" này, và tại sao ông ấy lại làm trò đó.. thật nản lòng",negative,kien_thuc
11701,Tôi thích giọng của anh chàng này .,positive,ky_nang_giang_day
11702,"tích phân của sinx khá dễ. Nếu bạn muốn tính diện tích từ 0 đến n lần pi, chỉ cần kiểm tra xem n là số lẻ hay số chẵn. Nếu là số lẻ thì diện tích là 2, nếu là số chẵn thì diện tích bằng 0.",positive,kien_thuc
11702,"tích phân của sinx khá dễ. Nếu bạn muốn tính diện tích từ 0 đến n lần pi, chỉ cần kiểm tra xem n là số lẻ hay số chẵn. Nếu là số lẻ thì diện tích là 2, nếu là số chẵn thì diện tích bằng 0.",neutral,kien_thuc
11703,Chứng minh các closures sử dụng NFA có vẻ giống như một mã gian lận,neutral,kien_thuc
11704,"""giọng này"", ""giọng kia"", tôi thậm chí không phải người bản xứ, tiếng Anh của tôi rất cơ bản và tôi có thể hiểu anh chàng này khá ổn... tại sao người Mỹ các bạn lại phàn nàn?",positive,ky_nang_giang_day
11705,Truyền thống góc máy quay DỄ nhìn hơn NHIỀU.,positive,thiet_bi_day_hoc
11706,Âm thanh rất nhỏ và Chữ viết tay cũng không thể nhìn rõ hoàn hảo.,negative,thiet_bi_day_hoc
11706,Âm thanh rất nhỏ và Chữ viết tay cũng không thể nhìn rõ hoàn hảo.,negative,thiet_bi_day_hoc
11707,Giáo sư của Futurama ngoài đời thực! Haha strang là một huyền thoại sống.,positive,ky_nang_giang_day
11708,"Đây là khóa học Đại số tuyến tính tốt nhất theo kinh nghiệm của tôi. Không có từ ngữ nào có thể diễn tả hết lòng biết ơn của tôi đối với Giáo sư Strang, Trợ giảng và Nhóm OCW. Tôi vô cùng vui mừng sau khi hoàn thành khóa học này.",positive,chuong_trinh_hoc
11708,"Đây là khóa học Đại số tuyến tính tốt nhất theo kinh nghiệm của tôi. Không có từ ngữ nào có thể diễn tả hết lòng biết ơn của tôi đối với Giáo sư Strang, Trợ giảng và Nhóm OCW. Tôi vô cùng vui mừng sau khi hoàn thành khóa học này.",positive,ky_nang_giang_day
11708,"Đây là khóa học Đại số tuyến tính tốt nhất theo kinh nghiệm của tôi. Không có từ ngữ nào có thể diễn tả hết lòng biết ơn của tôi đối với Giáo sư Strang, Trợ giảng và Nhóm OCW. Tôi vô cùng vui mừng sau khi hoàn thành khóa học này.",positive,noi_chung
11708,"Đây là khóa học Đại số tuyến tính tốt nhất theo kinh nghiệm của tôi. Không có từ ngữ nào có thể diễn tả hết lòng biết ơn của tôi đối với Giáo sư Strang, Trợ giảng và Nhóm OCW. Tôi vô cùng vui mừng sau khi hoàn thành khóa học này.",positive,noi_chung
11709,Tôi không thể tin là tôi đang xem cái này để giải trí theo ý muốn của tôi. Anh ấy có lẽ là giáo viên toán tuyệt vời nhất mà tôi từng có,positive,ky_nang_giang_day
11709,Tôi không thể tin là tôi đang xem cái này để giải trí theo ý muốn của tôi. Anh ấy có lẽ là giáo viên toán tuyệt vời nhất mà tôi từng có,neutral,noi_chung
11710,"lần này có chuyện gì với âm thanh vậy? loool lần này có tiếng vang hơn Tôi thực sự thích học theo cách này, nó tốt hơn nhiều so với việc đọc sách CHẾT TIỆT! Anh ấy rất thành thạo. Nhưng đừng quên thực hành các bài tập về các chủ đề bạn đang làm, nó giúp ghi nhớ các ý tưởng bài giảng",positive,thiet_bi_day_hoc
11710,"lần này có chuyện gì với âm thanh vậy? loool lần này có tiếng vang hơn Tôi thực sự thích học theo cách này, nó tốt hơn nhiều so với việc đọc sách CHẾT TIỆT! Anh ấy rất thành thạo. Nhưng đừng quên thực hành các bài tập về các chủ đề bạn đang làm, nó giúp ghi nhớ các ý tưởng bài giảng",neutral,ky_nang_giang_day
11711,"anh ấy làm điều đó không giống như anh ấy đang làm toán, mà giống như nghệ thuật, giống như thơ ca",positive,ky_nang_giang_day
11712,tôi 17 tuổi và tôi biết điều đó porf vừa nói hahah :P,neutral,ky_nang_giang_day
11713,Mọi thứ đều dễ dàng với điều này giáo sư,positive,ky_nang_giang_day
11714,anh ấy dùng từ gì để viết vậy? không thể ngừng nghĩ về điều đó!,neutral,thiet_bi_day_hoc
11715,"Tôi đã hoàn thành 18.06 ngày hôm nay. Tôi bắt đầu vào ngày 2020.03.16 tại Nhật Bản (tôi là người Trung Quốc) và hôm nay là ngày 03.29. 14 ngày này đã hoàn toàn thay đổi cuộc đời tôi và truyền cảm hứng cho tôi. Và Toán học bây giờ là một điều hoàn toàn mới mẻ đối với tôi. Điều này bài giảng không giống như một bài giảng, nó giống như một trò chơi, một hành trình, một bộ phim truyền cảm hứng hơn. Cảm ơn, Giáo sư Strang, và cảm ơn những người đã làm phụ đề tiếng Quan Thoại cho video này bài giảng! Giáo sư Strang, thầy là GIÁO VIÊN TUYỆT VỜI NHẤT trong suốt cuộc đời tôi. Và tôi sẽ nhớ mãi bài giảng 18.06.",positive,ky_nang_giang_day
11715,"Tôi đã hoàn thành 18.06 ngày hôm nay. Tôi bắt đầu vào ngày 2020.03.16 tại Nhật Bản (tôi là người Trung Quốc) và hôm nay là ngày 03.29. 14 ngày này đã hoàn toàn thay đổi cuộc đời tôi và truyền cảm hứng cho tôi. Và Toán học bây giờ là một điều hoàn toàn mới mẻ đối với tôi. Điều này bài giảng không giống như một bài giảng, nó giống như một trò chơi, một hành trình, một bộ phim truyền cảm hứng hơn. Cảm ơn, Giáo sư Strang, và cảm ơn những người đã làm phụ đề tiếng Quan Thoại cho video này bài giảng! Giáo sư Strang, thầy là GIÁO VIÊN TUYỆT VỜI NHẤT trong suốt cuộc đời tôi. Và tôi sẽ nhớ mãi bài giảng 18.06.",positive,chuong_trinh_hoc
11716,Tất cả các bài thuyết trình  của giảng viên này đều tuyệt vời và được trình bày tốt để ghi chép và học bằng cách lắng nghe. Tốc độ tốt.,positive,chuong_trinh_hoc
11717,"đây có phải là bài giảng dành cho những kẻ ngốc hay không? trong hai bài giảng trước, ông ấy chỉ nói một hoặc hai điểm chính và ông ấy cứ lặp lại chúng...",negative,chuong_trinh_hoc
11717,"đây có phải là bài giảng dành cho những kẻ ngốc hay không? trong hai bài giảng trước, ông ấy chỉ nói một hoặc hai điểm chính và ông ấy cứ lặp lại chúng...",negative,ky_nang_giang_day
11718,Xin hãy cho tôi học môn đại số tuyến tính giáo viên để học cách giảng dạy từ bạn,positive,ky_nang_giang_day
11718,Xin hãy cho tôi học môn đại số tuyến tính giáo viên để học cách giảng dạy từ bạn,negative,ky_nang_giang_day
11719,"Anh ấy là một giáo viên tuyệt vời nhất. Cách anh ấy chia sẻ kiến thức khiến mọi người dễ hiểu và dễ hình dung, đó là vẻ đẹp trong cách giảng dạy của anh ấy.",positive,ky_nang_giang_day
11720,Cảm ơn M.I.T. đã cung cấp những bài giảng này cho chúng tôi. Thật bổ ích khi thấy những giáo viên tài năng như vậy giảng dạy. Thật kích thích tinh thần khi nghĩ về những khái niệm này. Thật thỏa mãn khi được học.,positive,chuong_trinh_hoc
11720,Cảm ơn M.I.T. đã cung cấp những bài giảng này cho chúng tôi. Thật bổ ích khi thấy những giáo viên tài năng như vậy giảng dạy. Thật kích thích tinh thần khi nghĩ về những khái niệm này. Thật thỏa mãn khi được học.,positive,ky_nang_giang_day
11720,Cảm ơn M.I.T. đã cung cấp những bài giảng này cho chúng tôi. Thật bổ ích khi thấy những giáo viên tài năng như vậy giảng dạy. Thật kích thích tinh thần khi nghĩ về những khái niệm này. Thật thỏa mãn khi được học.,positive,noi_chung
11721,"Tôi có một số vấn đề nhỏ về Jacobian. Tại sao chúng ta thậm chí cần phải lấy giá trị tuyệt đối của định thức? Trong trường hợp một biến, đạo hàm cũng có thể được coi là ""tỷ giá hối đoái"" cho dx thành du nếu chúng ta thay đổi các biến và theo nghĩa tương tự như Jacobian nhưng trong đó ngay cả khi đạo hàm là số âm, chúng ta không lấy giá trị tuyệt đối. Nhưng tại sao chúng ta phải lấy giá trị tuyệt đối trong trường hợp định thức Jacobian?",neutral,kien_thuc
11721,"Tôi có một số vấn đề nhỏ về Jacobian. Tại sao chúng ta thậm chí cần phải lấy giá trị tuyệt đối của định thức? Trong trường hợp một biến, đạo hàm cũng có thể được coi là ""tỷ giá hối đoái"" cho dx thành du nếu chúng ta thay đổi các biến và theo nghĩa tương tự như Jacobian nhưng trong đó ngay cả khi đạo hàm là số âm, chúng ta không lấy giá trị tuyệt đối. Nhưng tại sao chúng ta phải lấy giá trị tuyệt đối trong trường hợp định thức Jacobian?",neutral,kien_thuc
11722,"Tôi thích chia tích phân trước theo đường dẫn, sau đó chọn hệ tọa độ thích hợp cho mỗi đường dẫn. Cảm ơn bạn.",neutral,kien_thuc
11722,"Tôi thích chia tích phân trước theo đường dẫn, sau đó chọn hệ tọa độ thích hợp cho mỗi đường dẫn. Cảm ơn bạn.",neutral,kien_thuc
11722,"Tôi thích chia tích phân trước theo đường dẫn, sau đó chọn hệ tọa độ thích hợp cho mỗi đường dẫn. Cảm ơn bạn.",neutral,kien_thuc
11723,"bạn là giáo viên giỏi nhất mà tôi từng gặp, hãy tiếp tục cố gắng nhé",positive,ky_nang_giang_day
11724,Tôi thực sự phải suy nghĩ và tưởng tượng rất nhiều trong bài này bài giảng và tôi thích nó,positive,chuong_trinh_hoc
11725,"Rất hữu ích khóa học! Bạn có thể tự học Đại số tuyến tính! Hãy để kiến thức lan tỏa đến mọi người, miễn phí và hiệu quả.",positive,chuong_trinh_hoc
11726,Tôi sẽ mất một số điểm vì tôi sẽ sử dụng hệ tọa độ chuẩn (nhìn vào biểu đồ đường đồng mức ở trên) :(,neutral,kien_thuc
11727,Liệu những khóa học này có dạy cho bạn những điều tương tự như lớp AP Giải tích AB ở trường trung học không?,neutral,kien_thuc
11728,Tôi biết đây là một câu hỏi ngớ ngẩn nhưng ai đó có thể giải thích tại sao r=2acos theta lại trái ngược với 2asec theta không?,neutral,kien_thuc
11728,Tôi biết đây là một câu hỏi ngớ ngẩn nhưng ai đó có thể giải thích tại sao r=2acos theta lại trái ngược với 2asec theta không?,neutral,kien_thuc
11729,Mỗi ngày bao nhiêu giờ? Tôi muốn hoàn thành tất cả những điều này trong một tuần.,neutral,thiet_bi_day_hoc
11730,"Vâng! Tôi hiểu rõ phép tính vectơ! Làm tốt lắm, giáo viên!",positive,kien_thuc
11730,"Vâng! Tôi hiểu rõ phép tính vectơ! Làm tốt lắm, giáo viên!",positive,ky_nang_giang_day
11731,Giáo sư Strang - cảm ơn giáo sư vì những bài giảng tuyệt vời và những hiểu biết sâu sắc mà giáo sư chia sẻ với chúng tôi!,positive,chuong_trinh_hoc
11731,Giáo sư Strang - cảm ơn giáo sư vì những bài giảng tuyệt vời và những hiểu biết sâu sắc mà giáo sư chia sẻ với chúng tôi!,positive,ky_nang_giang_day
11732,"Cảm ơn Giáo sư Denis Auroux và MIT. Vừa hoàn thành bài tập 18.02, (ngày 18 tháng 8 năm 2022).Phép tính một biến - Giáo sư David JerisonPhép tính nhiều biến - Giáo sư Denis Auroux.Cảm ơn một lần nữa!",positive,ky_nang_giang_day
11732,"Cảm ơn Giáo sư Denis Auroux và MIT. Vừa hoàn thành bài tập 18.02, (ngày 18 tháng 8 năm 2022).Phép tính một biến - Giáo sư David JerisonPhép tính nhiều biến - Giáo sư Denis Auroux.Cảm ơn một lần nữa!",positive,noi_chung
11732,"Cảm ơn Giáo sư Denis Auroux và MIT. Vừa hoàn thành bài tập 18.02, (ngày 18 tháng 8 năm 2022).Phép tính một biến - Giáo sư David JerisonPhép tính nhiều biến - Giáo sư Denis Auroux.Cảm ơn một lần nữa!",positive,ky_nang_giang_day
11733,Tôi tò mò liệu có thống kê nào khác lớp về OCW được khuyến nghị cũng như khóa học này về xác suất không? Đây là lớp mà tôi nghĩ sẽ có lợi cho tôi nhất nhưng tôi nghĩ thống kê lớp có bài giảng video sẽ tuyệt vời hơn.,positive,chuong_trinh_hoc
11733,Tôi tò mò liệu có thống kê nào khác lớp về OCW được khuyến nghị cũng như khóa học này về xác suất không? Đây là lớp mà tôi nghĩ sẽ có lợi cho tôi nhất nhưng tôi nghĩ thống kê lớp có bài giảng video sẽ tuyệt vời hơn.,positive,chuong_trinh_hoc
11734,"Tôi đã hỏi giáo sư của tôi ""tại sao chúng ta phải giảm thiểu bình phương của lỗi trong LSM?"" Ông ấy trả lời ""Để giảm khoảng cách"" hôm nay tôi đã hiểu ý ông ấy khi nói như vậy sau 3 năm",neutral,kien_thuc
11734,"Tôi đã hỏi giáo sư của tôi ""tại sao chúng ta phải giảm thiểu bình phương của lỗi trong LSM?"" Ông ấy trả lời ""Để giảm khoảng cách"" hôm nay tôi đã hiểu ý ông ấy khi nói như vậy sau 3 năm",neutral,kien_thuc
11734,"Tôi đã hỏi giáo sư của tôi ""tại sao chúng ta phải giảm thiểu bình phương của lỗi trong LSM?"" Ông ấy trả lời ""Để giảm khoảng cách"" hôm nay tôi đã hiểu ý ông ấy khi nói như vậy sau 3 năm",neutral,ky_nang_giang_day
11735,"Lúc 27:20 tôi phải đoán hàng vì tôi không muốn nghĩ nên tôi lấy hàng là [x,y,z] rồi giải thủ công để tìm ra rằng x+z = -3 sẽ giải được. Tôi nghĩ mình rất thông minh nhưng........Lúc 37:40 tôi không thể giải được bằng cách lấy biến mặc dù ma trận P dễ nghĩ nhưng đến lúc giảng bài thì có vẻ khó nhưng tôi đoán là phải thực hành",neutral,kien_thuc
11735,"Lúc 27:20 tôi phải đoán hàng vì tôi không muốn nghĩ nên tôi lấy hàng là [x,y,z] rồi giải thủ công để tìm ra rằng x+z = -3 sẽ giải được. Tôi nghĩ mình rất thông minh nhưng........Lúc 37:40 tôi không thể giải được bằng cách lấy biến mặc dù ma trận P dễ nghĩ nhưng đến lúc giảng bài thì có vẻ khó nhưng tôi đoán là phải thực hành",neutral,kien_thuc
11736,tại sao M(e) lại được tính bằng 1?,neutral,kien_thuc
11737,Tôi chỉ muốn nói lời cảm ơn tới Ngài Strang vì đã tạo ra một series tuyệt vời như vậy. Tôi thực sự được giúp đỡ rất nhiều bởi series của ông ấy.,positive,ky_nang_giang_day
11737,Tôi chỉ muốn nói lời cảm ơn tới Ngài Strang vì đã tạo ra một series tuyệt vời như vậy. Tôi thực sự được giúp đỡ rất nhiều bởi series của ông ấy.,positive,chuong_trinh_hoc
11738,"Có ai có thể làm rõ câu hỏi của tôi không....! Ở phút 32.01, người ta nói rằng r12(n) = 1- r11(n)... trực giác thì đúng nhưng nếu tôi tính r12(n) bằng phương pháp thông thường thì tôi thu được kết quả là r11(n-10.5+r12(n-1)0.8) không giống với 1- r11(n) (Ở đây r11(n = r11(n-1)0.2+r12(n-1)0.5))",neutral,kien_thuc
11738,"Có ai có thể làm rõ câu hỏi của tôi không....! Ở phút 32.01, người ta nói rằng r12(n) = 1- r11(n)... trực giác thì đúng nhưng nếu tôi tính r12(n) bằng phương pháp thông thường thì tôi thu được kết quả là r11(n-10.5+r12(n-1)0.8) không giống với 1- r11(n) (Ở đây r11(n = r11(n-1)0.2+r12(n-1)0.5))",neutral,kien_thuc
11738,"Có ai có thể làm rõ câu hỏi của tôi không....! Ở phút 32.01, người ta nói rằng r12(n) = 1- r11(n)... trực giác thì đúng nhưng nếu tôi tính r12(n) bằng phương pháp thông thường thì tôi thu được kết quả là r11(n-10.5+r12(n-1)0.8) không giống với 1- r11(n) (Ở đây r11(n = r11(n-1)0.2+r12(n-1)0.5))",neutral,kien_thuc
11738,"Có ai có thể làm rõ câu hỏi của tôi không....! Ở phút 32.01, người ta nói rằng r12(n) = 1- r11(n)... trực giác thì đúng nhưng nếu tôi tính r12(n) bằng phương pháp thông thường thì tôi thu được kết quả là r11(n-10.5+r12(n-1)0.8) không giống với 1- r11(n) (Ở đây r11(n = r11(n-1)0.2+r12(n-1)0.5))",neutral,kien_thuc
11738,"Có ai có thể làm rõ câu hỏi của tôi không....! Ở phút 32.01, người ta nói rằng r12(n) = 1- r11(n)... trực giác thì đúng nhưng nếu tôi tính r12(n) bằng phương pháp thông thường thì tôi thu được kết quả là r11(n-10.5+r12(n-1)0.8) không giống với 1- r11(n) (Ở đây r11(n = r11(n-1)0.2+r12(n-1)0.5))",neutral,kien_thuc
11739,"Giáo sư strang là bậc thầy về giảng dạy. Ông là một nghệ sĩ. Cách giảng dạy của ông là một kiệt tác. Cảm ơn ngài. Trân trọng, từ Ấn Độ",positive,ky_nang_giang_day
11740,Có lẽ Gil Strang sẽ thay thế Newton nếu ông là người cùng thời với ông,positive,ky_nang_giang_day
11741,"Thật hữu ích, toàn bộ series. giáo sư của tôi không thể dạy theo cách của mình. Cuối cùng tôi cũng hiểu tất cả những điều này! Những video này là cách tôi vượt qua lớp toán của mình! Cảm ơn bạn!",positive,chuong_trinh_hoc
11741,"Thật hữu ích, toàn bộ series. giáo sư của tôi không thể dạy theo cách của mình. Cuối cùng tôi cũng hiểu tất cả những điều này! Những video này là cách tôi vượt qua lớp toán của mình! Cảm ơn bạn!",negative,ky_nang_giang_day
11741,"Thật hữu ích, toàn bộ series. giáo sư của tôi không thể dạy theo cách của mình. Cuối cùng tôi cũng hiểu tất cả những điều này! Những video này là cách tôi vượt qua lớp toán của mình! Cảm ơn bạn!",positive,chuong_trinh_hoc
11742,Ok nhưng thực tế là gì sự khác biệt giữa sự độc lập của đường đi và bề mặt. Một trường có thể độc lập với đường đi nhưng không độc lập với bề mặt.... và 25:50 độ phân kỳ của độ xoáy của một trường vectơ luôn bằng 0. Liệu nó có ngụ ý cho tất cả các trường vectơ bất kể trường đó có thế vô hướng hay không?,neutral,kien_thuc
11743,"Một điểm tôi nghĩ anh ấy nên nhấn mạnh hơn là nối với ngôn ngữ rỗng cung cấp cho bạn ngôn ngữ rỗng. Sau đó, bạn sẽ thấy rõ tại sao không mũi tên giống với mũi tên với và ngôn ngữ rỗng.",negative,ky_nang_giang_day
11743,"Một điểm tôi nghĩ anh ấy nên nhấn mạnh hơn là nối với ngôn ngữ rỗng cung cấp cho bạn ngôn ngữ rỗng. Sau đó, bạn sẽ thấy rõ tại sao không mũi tên giống với mũi tên với và ngôn ngữ rỗng.",neutral,kien_thuc
11743,"Một điểm tôi nghĩ anh ấy nên nhấn mạnh hơn là nối với ngôn ngữ rỗng cung cấp cho bạn ngôn ngữ rỗng. Sau đó, bạn sẽ thấy rõ tại sao không mũi tên giống với mũi tên với và ngôn ngữ rỗng.",neutral,kien_thuc
11743,"Một điểm tôi nghĩ anh ấy nên nhấn mạnh hơn là nối với ngôn ngữ rỗng cung cấp cho bạn ngôn ngữ rỗng. Sau đó, bạn sẽ thấy rõ tại sao không mũi tên giống với mũi tên với và ngôn ngữ rỗng.",neutral,kien_thuc
11744,"Tôi đã cố học khái niệm từ video này cách đây nhiều tháng và tôi thề là anh ta làm tôi sợ. TẠI SAO ANH TA LÀM NÓ CÓ VẺ KHÓ THẬT??? Toàn bộ bài giảng này dựa trên phương trình điểm-độ dốc mà thực chất chỉ là công thức độ dốc. Làm sao để có được độ dốc m? (y_2 - y_1)/(x_2 - x_1) = m --> Độ dốc Sau đó, đưa x sang phương trình điểm-độ dốc my - y_1 = m(x - x_1) --> Sau đó, chúng ta giải cho y, y = m(x - x_0) + y_0 --> Tuyến tính hóa Anh ta làm cho có vẻ như phương trình xuất hiện từ hư không.. :o",negative,ky_nang_giang_day
11745,"39:38 đợi đã, tại sao bạn lại có một đường thẳng? Tại sao nó không phác thảo ra như hình tròn đặc hay gì đó? Tôi không hiểu lắm",neutral,kien_thuc
11746,"Quan sát tốt, Ở Bồ Đào Nha, chúng tôi đã học nó bằng cách sử dụng bằng chứng của định lý squezze, và đó là cách đúng. Tôi thực sự là một nhà toán học. cách tiếp cận trực quan được sử dụng trong bài học chỉ có lợi ích là giúp học sinh tránh khỏi bản chất của tôpô tập điểm theo nghĩa cơ bản của nó.",positive,kien_thuc
11746,"Quan sát tốt, Ở Bồ Đào Nha, chúng tôi đã học nó bằng cách sử dụng bằng chứng của định lý squezze, và đó là cách đúng. Tôi thực sự là một nhà toán học. cách tiếp cận trực quan được sử dụng trong bài học chỉ có lợi ích là giúp học sinh tránh khỏi bản chất của tôpô tập điểm theo nghĩa cơ bản của nó.",negative,kien_thuc
11747,"nếu bạn được cung cấp các thành phần của hai vectơ (ví dụ u=(2,3,6) và v=(2,3,-6)) thì bạn sẽ sử dụng điều này như thế nào để tìm góc  giữa chúng?",neutral,kien_thuc
11748,Tổng của hai số giá trị riêng là bao nhiêu? Hãy cho tôi biết những gì tôi vừa nói. :D,neutral,kien_thuc
11749,tại sao phép lặp tính bằng newton lại được thực hiện..tôi không hiểu logic đằng sau điều này,neutral,kien_thuc
11750,30:30 Tôi đoán đây phải là phần đầu của bài giảng nhưng nó rất hay bài giảng Cảm ơn vì những nỗ lực của bạn <3,positive,chuong_trinh_hoc
11751,"Cảm ơn, Giáo sư Auroux và MIT! Tôi học từ bài 1 đến bài 32. Ngày đăng: 12/11/2017",positive,ky_nang_giang_day
11752,Khó có thể đánh giá được cách trình bày này tốt như thế nào khi xem lần đầu. Càng tìm hiểu LA thì càng đánh giá cao phong cách trình bày.,positive,chuong_trinh_hoc
11752,Khó có thể đánh giá được cách trình bày này tốt như thế nào khi xem lần đầu. Càng tìm hiểu LA thì càng đánh giá cao phong cách trình bày.,positive,thiet_bi_day_hoc
11753,Cảm ơn Giáo sư Strang! Tôi sẽ dậy sớm vào sáng mai và xem video này trong phần tuyệt vời nhất trong ngày của tôi! Tôi cũng cần mua một cuốn sổ tay siêu đắt chỉ dành cho lớp học của Giáo sư Strang!,positive,ky_nang_giang_day
11753,Cảm ơn Giáo sư Strang! Tôi sẽ dậy sớm vào sáng mai và xem video này trong phần tuyệt vời nhất trong ngày của tôi! Tôi cũng cần mua một cuốn sổ tay siêu đắt chỉ dành cho lớp học của Giáo sư Strang!,positive,chuong_trinh_hoc
11754,Tôi không được học bất cứ điều gì về đại số tuyến tính ở trường đại học của mình. Sau đó tôi tìm thấy những thứ này bài giảng từ MIT. Những thứ này là VÀNG!!,positive,chuong_trinh_hoc
11755,"Tôi đã học tại một trường cao đẳng cộng đồng và các giảng viên của tôi ít nhất cũng giỏi như bất kỳ giảng viên nào tôi từng thấy trên kênh này. Cụ thể là giảng viên vật lý của tôi Tiến sĩ Lecuyer, giảng viên toán của tôi Tiến sĩ Madson và Ông Young.",positive,ky_nang_giang_day
11755,"Tôi đã học tại một trường cao đẳng cộng đồng và các giảng viên của tôi ít nhất cũng giỏi như bất kỳ giảng viên nào tôi từng thấy trên kênh này. Cụ thể là giảng viên vật lý của tôi Tiến sĩ Lecuyer, giảng viên toán của tôi Tiến sĩ Madson và Ông Young.",positive,ky_nang_giang_day
11755,"Tôi đã học tại một trường cao đẳng cộng đồng và các giảng viên của tôi ít nhất cũng giỏi như bất kỳ giảng viên nào tôi từng thấy trên kênh này. Cụ thể là giảng viên vật lý của tôi Tiến sĩ Lecuyer, giảng viên toán của tôi Tiến sĩ Madson và Ông Young.",positive,ky_nang_giang_day
11756,ở phút 35:35 nếu chúng ta lấy đạo hàm của câu trả lời thì sẽ không phải là x^3(x^4+2). chúng ta cần x^4 nhân với (x^4+2)^6. Có ai có thể giải thích chuyện gì đang xảy ra không?,neutral,kien_thuc
11756,ở phút 35:35 nếu chúng ta lấy đạo hàm của câu trả lời thì sẽ không phải là x^3(x^4+2). chúng ta cần x^4 nhân với (x^4+2)^6. Có ai có thể giải thích chuyện gì đang xảy ra không?,neutral,kien_thuc
11757,ai đó có thể giải thích cho tôi vấn đề mũ không? đặc biệt là phương sai. cảm ơn rất nhiều!,neutral,kien_thuc
11757,ai đó có thể giải thích cho tôi vấn đề mũ không? đặc biệt là phương sai. cảm ơn rất nhiều!,neutral,kien_thuc
11758,nếu tôi có điều này lớp........ tôi sẽ trượt mất.,negative,chuong_trinh_hoc
11759,Tôi ước gì anh ấy là thầy của tôi :(. Anh ấy giải thích mọi thứ rất rõ ràng và chi tiết!,positive,ky_nang_giang_day
11759,Tôi ước gì anh ấy là thầy của tôi :(. Anh ấy giải thích mọi thứ rất rõ ràng và chi tiết!,positive,kien_thuc
11760,"Tôi rất biết ơn vì đã tìm thấy khóa học, giáo sư này là tình yêu thuần khiết, và tôi đã học được thông qua khóa học. Cảm ơn giáo sư, đó là một vinh dự.",positive,ky_nang_giang_day
11760,"Tôi rất biết ơn vì đã tìm thấy khóa học, giáo sư này là tình yêu thuần khiết, và tôi đã học được thông qua khóa học. Cảm ơn giáo sư, đó là một vinh dự.",positive,chuong_trinh_hoc
11761,"32:36 nói một cách giả định về (không gian 1: 9 chiều). ""sẽ rất khó để hình dung ra những điều đó... tôi không giả vờ làm được điều đó.""...""giả vờ làm được""nhưng tôi không thể.",negative,kien_thuc
11762,"Bạn có thể tìm giá trị 2*y0, khi đạo hàm của 1/x cắt Y exe, bằng cách tạo các tam giác đồng dạng. Nếu độ dốc phản ánh sự thay đổi từ y0 thành 0 khi X thay đổi từ x0 thành 2*x0, thì nó cũng phải thay đổi từ y0 thành 2*y0 khi X thay đổi từ x0 thành 0. Dễ thấy nhất là trên đồ thị. Ký hiệu f' là của Lagrange, không phải của Newton. Tôi thích MITOCW. Cảm ơn!",positive,chuong_trinh_hoc
11763,Tôi đã học môn này trong chương trình cử nhân khoa học máy tính bằng tiếng Đức. Giáo sư của tôi tệ hơn nhiều và ông ấy nói bằng ngôn ngữ của tôi. Tôi hiểu điều này bằng tiếng Anh nhiều hơn là bằng ngôn ngữ của giáo sư. Bằng ngôn ngữ của tôi. Lời khen ngợi to lớn dành cho Tiến sĩ Strang,positive,ky_nang_giang_day
11764,Tôi thích điều này prof. Cảm ơn bạn,positive,ky_nang_giang_day
11765,"Nếu bạn không thích điều này giáo sư giải thích tôi khuyên bạn nên xem video Thinkwell phép tính. Thật không may, chúng không miễn phí, nhưng tôi chưa bao giờ thấy một lời giải thích trực quan, đơn giản và hài hước như vậy về phép tính có thể giúp bạn thực sự hiểu các khái niệm =)",positive,ky_nang_giang_day
11765,"Nếu bạn không thích điều này giáo sư giải thích tôi khuyên bạn nên xem video Thinkwell phép tính. Thật không may, chúng không miễn phí, nhưng tôi chưa bao giờ thấy một lời giải thích trực quan, đơn giản và hài hước như vậy về phép tính có thể giúp bạn thực sự hiểu các khái niệm =)",positive,kien_thuc
11765,"Nếu bạn không thích điều này giáo sư giải thích tôi khuyên bạn nên xem video Thinkwell phép tính. Thật không may, chúng không miễn phí, nhưng tôi chưa bao giờ thấy một lời giải thích trực quan, đơn giản và hài hước như vậy về phép tính có thể giúp bạn thực sự hiểu các khái niệm =)",positive,thiet_bi_day_hoc
11766,"Ôi trời, những bằng chứng xác suất này đẹp quá đi mất.....liệu chúng có thực sự tương đương với một loại phép đếm nào đó không?",positive,kien_thuc
11767,"Trời ơi, anh ta thậm chí còn không phải là giáo viên của bạn và bạn đang hôn anh ta, bạn có thể thấy anh ta khiến các giáo sư của bạn cho bạn qua",negative,ky_nang_giang_day
11768,Anh chàng này giảng bài như thể có cả một lớp học đang ngồi ở đó vậy. Thật tuyệt vời,positive,ky_nang_giang_day
11769,Giáo sư Strang cảm ơn bạn đã giải thích và phân tích Định nghĩa và Bất đẳng thức từ xác suất và thống kê. Các hình ảnh và ví dụ thực sự giúp tôi hiểu được chất lượng của bài giảng.,positive,ky_nang_giang_day
11769,Giáo sư Strang cảm ơn bạn đã giải thích và phân tích Định nghĩa và Bất đẳng thức từ xác suất và thống kê. Các hình ảnh và ví dụ thực sự giúp tôi hiểu được chất lượng của bài giảng.,positive,chuong_trinh_hoc
11770,"Cảm ơn Giáo sư Strang, tôi thực sự rất thích khóa học của bạn. Cảm ơn bạn rất nhiều",positive,ky_nang_giang_day
11770,"Cảm ơn Giáo sư Strang, tôi thực sự rất thích khóa học của bạn. Cảm ơn bạn rất nhiều",positive,chuong_trinh_hoc
11771,"""rất thích hợp để tôi thay thế giáo viên kể cho bạn nghe về sự thay thế""XD",positive,ky_nang_giang_day
11771,"""rất thích hợp để tôi thay thế giáo viên kể cho bạn nghe về sự thay thế""XD",neutral,kien_thuc
11772,anh ấy là một huyền thoạicảm ơn MIT,positive,ky_nang_giang_day
11773,"khi nói 'tất cả (ma trận 1: 3 x 3)', ý anh ấy là ma trận có 3 hàng và 3 cột phải không?",neutral,kien_thuc
11774,"Chắc hẳn đó là điều mà sinh viên phải học trong năm đầu tiên... MIT rất danh giá, không thể đơn giản như vậy được..",positive,noi_chung
11774,"Chắc hẳn đó là điều mà sinh viên phải học trong năm đầu tiên... MIT rất danh giá, không thể đơn giản như vậy được..",neutral,kien_thuc
11775,bài giảng này khá khó hiểu,negative,chuong_trinh_hoc
11776,"Hướng dẫn rất tốt. Anh ấy đi với tốc độ hoàn hảo: tốc độ ôn tập tốt, nhưng nếu bạn không biết nhiều về vectơ, bạn có thể học rất nhanh với tốc độ này. Très bon",positive,ky_nang_giang_day
11777,"Rất háo hức được học thêm một Khóa học video nữa từ Giáo sư Gilbert Strang, một trong những giáo viên tuyệt vời nhất mà tôi từng có!!",positive,chuong_trinh_hoc
11777,"Rất háo hức được học thêm một Khóa học video nữa từ Giáo sư Gilbert Strang, một trong những giáo viên tuyệt vời nhất mà tôi từng có!!",positive,ky_nang_giang_day
11778,"Đây là lời giải thích rất hay về Biến đổi tuyến tính và Ma trận của chúng, một lần nữa xin cảm ơn cha đỡ đầu của phép biến đổi tuyến tính Tiến sĩ Gilbert Strang. Tôi đã học đại số tuyến tính nhập môn tại Đại học Maryland Baltimore County vào cuối những năm 1980 và giáo sư của tôi không hề giống Tiến sĩ Strang. Huyền thoại MIT này là một phát hiện hiếm có.",positive,ky_nang_giang_day
11779,"Tôi bối rối... Đối với R², các không gian con là 1 gốc tọa độ2 đường thẳng... Được rồi cho đến đâyNhưng cuối cùng là bất kỳ đường thẳng nào qua gốc tọa độ hay thứ gì khác",negative,kien_thuc
11780,"sinh viên thực sự ngu ngốc. giáo sư đang cố dạy cách thiết lập giới hạn của tích phân nhưng tất cả những gì sinh viên muốn làm là tính toán nó. Họ cứ đề xuất các cách để ""đơn giản hóa"" phép tính mà bỏ qua điểm chính là giáo sư không hề quan tâm đến việc thực sự thực hiện tích phân.",negative,noi_chung
11780,"sinh viên thực sự ngu ngốc. giáo sư đang cố dạy cách thiết lập giới hạn của tích phân nhưng tất cả những gì sinh viên muốn làm là tính toán nó. Họ cứ đề xuất các cách để ""đơn giản hóa"" phép tính mà bỏ qua điểm chính là giáo sư không hề quan tâm đến việc thực sự thực hiện tích phân.",neutral,ky_nang_giang_day
11781,"Ý tưởng này chuyển sang giá trị riêng và hàm riêng của các toán tử vi phân như thế nào? Chúng trông không giống ma trận lắm, đúng không?",neutral,kien_thuc
11781,"Ý tưởng này chuyển sang giá trị riêng và hàm riêng của các toán tử vi phân như thế nào? Chúng trông không giống ma trận lắm, đúng không?",neutral,kien_thuc
11782,Tôi chỉ học toán cho đến lớp 6 (khoảng lớp 12) và một ngày nọ tôi được mời đến xem một lớp ma trận. Và để tôi kể cho bạn nghe sau 14 phút đầu tiên của video này video tôi thực sự cảm thấy yêu thích toán,positive,chuong_trinh_hoc
11782,Tôi chỉ học toán cho đến lớp 6 (khoảng lớp 12) và một ngày nọ tôi được mời đến xem một lớp ma trận. Và để tôi kể cho bạn nghe sau 14 phút đầu tiên của video này video tôi thực sự cảm thấy yêu thích toán,positive,kien_thuc
11783,loạt video là một bài ôn tập tuyệt vời và nhanh về đại số tuyến tính.,positive,chuong_trinh_hoc
11784,"tiếng ồn và tiếng rít của mic gây mất tập trung trong bài giảng này, tôi hy vọng ai đó có thể sửa nó..",negative,thiet_bi_day_hoc
13853,Nó bao gồm tất cả những kiến thức cơ bản giúp bạn bắt đầu phát triển web với nền tảng vững chắc.,positive,chuong_trinh_hoc
13854,Tôi biết ơn Giáo sư Raj và Coursera đã mang đến trải nghiệm tuyệt vời này.,positive,ky_nang_giang_day
13855,người hướng dẫn thường thảo luận bằng lời về công thức thống kê với một vài gạch đầu dòng trên slide tập trung vào chính mình.,negative,ky_nang_giang_day
13855,người hướng dẫn thường thảo luận bằng lời về công thức thống kê với một vài gạch đầu dòng trên slide tập trung vào chính mình.,negative,ky_nang_giang_day
13856,"Ngoài ra, tôi có thể dễ dàng theo dõi nội dung trong khóa học.",positive,cung_cap_tai_lieu
13857,"Tốt khóa học nhìn chung, học được rất nhiều và thích nó, nhưng nó cần phải được cập nhật và sửa lỗi (một số đoạn mã không hoạt động như khi khóa học được tạo ra, điều này có thể gây ra khá nhiều khó hiểu).",positive,noi_chung
13857,"Tốt khóa học nhìn chung, học được rất nhiều và thích nó, nhưng nó cần phải được cập nhật và sửa lỗi (một số đoạn mã không hoạt động như khi khóa học được tạo ra, điều này có thể gây ra khá nhiều khó hiểu).",positive,chuong_trinh_hoc
13857,"Tốt khóa học nhìn chung, học được rất nhiều và thích nó, nhưng nó cần phải được cập nhật và sửa lỗi (một số đoạn mã không hoạt động như khi khóa học được tạo ra, điều này có thể gây ra khá nhiều khó hiểu).",positive,noi_chung
13857,"Tốt khóa học nhìn chung, học được rất nhiều và thích nó, nhưng nó cần phải được cập nhật và sửa lỗi (một số đoạn mã không hoạt động như khi khóa học được tạo ra, điều này có thể gây ra khá nhiều khó hiểu).",negative,chuong_trinh_hoc
13857,"Tốt khóa học nhìn chung, học được rất nhiều và thích nó, nhưng nó cần phải được cập nhật và sửa lỗi (một số đoạn mã không hoạt động như khi khóa học được tạo ra, điều này có thể gây ra khá nhiều khó hiểu).",negative,chuong_trinh_hoc
13858,Sẽ rất hữu ích nếu sửa được lỗi chấm điểm bài kiểm tra vì chúng đã được chỉ ra và thừa nhận từ nhiều tháng trước.,negative,hanh_vi
13859,Tóm lại là tốt khóa học với những ví dụ thú vị từ giáo sư.,positive,noi_chung
13859,Tóm lại là tốt khóa học với những ví dụ thú vị từ giáo sư.,positive,kinh_nghiem
13860,Cô ấy có vẻ rất nhiệt tình chia sẻ ý tưởng và sự thông thái của mình.,positive,ky_nang_giang_day
13861,Rất khó để trượt khóa học vì chỉ yêu cầu mức tối thiểu.,positive,noi_chung
13862,"Tôi thực sự khuyên bạn nên dùng cuốn sách này nếu bạn muốn tìm hiểu sâu hơn về hệ thống bảng chữ cái, từ vựng mới, thời gian, cấu trúc câu, cách đếm, thời gian và nhiều hơn nữa!",positive,noi_chung
13863,"Thực sự trân trọng Tiến sĩ Barbara Oakley, Tiến sĩ Terrence Sejnowski và toàn thể nhóm.",positive,ky_nang_giang_day
13863,"Thực sự trân trọng Tiến sĩ Barbara Oakley, Tiến sĩ Terrence Sejnowski và toàn thể nhóm.",positive,ky_nang_giang_day
13864,"Tuyệt vời khóa học, rất hữu ích và các bước rất rõ ràng.",positive,noi_chung
13864,"Tuyệt vời khóa học, rất hữu ích và các bước rất rõ ràng.",positive,cung_cap_tai_lieu
13864,"Tuyệt vời khóa học, rất hữu ích và các bước rất rõ ràng.",positive,cung_cap_tai_lieu
13865,"Chuyên nghiệp, dựa trên bằng chứng.",positive,chuong_trinh_hoc
13865,"Chuyên nghiệp, dựa trên bằng chứng.",positive,chuong_trinh_hoc
13866,Buộc tôi phải ngồi xuống và suy nghĩ.,positive,bai_tap
13867,Thật tuyệt vời khóa học.,positive,noi_chung
13868,Tôi thực sự thích nó.,positive,noi_chung
13869,"Các giáo sư có bài giảng rất bổ ích và ngắn gọn bài giảng video, và việc trả lời các câu hỏi và bài kiểm tra ngay sau bài giảng rất hữu ích để duy trì sự tập trung mà không tốn quá nhiều thời gian của bạn.",positive,ky_nang_giang_day
13869,"Các giáo sư có bài giảng rất bổ ích và ngắn gọn bài giảng video, và việc trả lời các câu hỏi và bài kiểm tra ngay sau bài giảng rất hữu ích để duy trì sự tập trung mà không tốn quá nhiều thời gian của bạn.",neutral,ky_nang_giang_day
13869,"Các giáo sư có bài giảng rất bổ ích và ngắn gọn bài giảng video, và việc trả lời các câu hỏi và bài kiểm tra ngay sau bài giảng rất hữu ích để duy trì sự tập trung mà không tốn quá nhiều thời gian của bạn.",positive,bai_tap
13869,"Các giáo sư có bài giảng rất bổ ích và ngắn gọn bài giảng video, và việc trả lời các câu hỏi và bài kiểm tra ngay sau bài giảng rất hữu ích để duy trì sự tập trung mà không tốn quá nhiều thời gian của bạn.",positive,bai_tap
13870,"Mặc dù phương pháp giảng dạy có vẻ rất 'thông thường', nhưng nội dung chắc chắn sẽ khiến học sinh phải tập trung.",positive,ky_nang_giang_day
13870,"Mặc dù phương pháp giảng dạy có vẻ rất 'thông thường', nhưng nội dung chắc chắn sẽ khiến học sinh phải tập trung.",neutral,ky_nang_giang_day
13871,Được tạo ra rất chuyên nghiệp!,positive,chuong_trinh_hoc
13872,Tài liệu hỗ trợ có vẻ được lựa chọn kỹ lưỡng và cung cấp nhiều thông tin bổ ích.,positive,cung_cap_tai_lieu
13872,Tài liệu hỗ trợ có vẻ được lựa chọn kỹ lưỡng và cung cấp nhiều thông tin bổ ích.,positive,cung_cap_tai_lieu
13873,Tôi biết ơn giáo sư đã xây dựng và cung cấp khóa học này.,positive,ky_nang_giang_day
13873,Tôi biết ơn giáo sư đã xây dựng và cung cấp khóa học này.,positive,ky_nang_giang_day
13874,"Khóa học là phần giới thiệu rất hay về nhiều lĩnh vực liên quan đến IoT theo góc nhìn của IBM. nodeRED, Python trên Raspberry Pi, SenseHat, node.js, v.v. là những công cụ rất mạnh mẽ.",positive,de_xuat
13875,"Tôi rất tiếc phải nói rằng Khóa học này thực sự nhàm chán, thiếu tài nguyên và",negative,noi_chung
13875,"Tôi rất tiếc phải nói rằng Khóa học này thực sự nhàm chán, thiếu tài nguyên và",negative,chuong_trinh_hoc
13876,Một trong những khóa học tốt nhất khóa học để tham gia.,positive,noi_chung
13877,nội dung chắc chắn là 5 trên 5.,positive,cung_cap_tai_lieu
13878,T chuyên nghiệp và mục tiêu duy nhất của tôi là làm sao để thiết kế được trang web dễ truy cập nhưng tôi đã không đạt được mục tiêu của mình!,positive,noi_chung
13879,Thật vui vì tôi đã quyết định tham gia và hoàn thành nó.,positive,noi_chung
13880,Nhưng tôi không chắc là nó có quá dễ hay không.,neutral,bai_tap
13881,"Tuyệt vời khóa học về những kiến thức cơ bản của luật và chính sách môi trường, rất dễ hiểu và hấp dẫn đối với người nghe.",positive,noi_chung
13881,"Tuyệt vời khóa học về những kiến thức cơ bản của luật và chính sách môi trường, rất dễ hiểu và hấp dẫn đối với người nghe.",positive,chuong_trinh_hoc
13881,"Tuyệt vời khóa học về những kiến thức cơ bản của luật và chính sách môi trường, rất dễ hiểu và hấp dẫn đối với người nghe.",positive,chuong_trinh_hoc
13882,Xuất sắc bài giảng.,positive,ky_nang_giang_day
13883,"Trong đó, họ giải thích về nghề nghiệp trong SEO, bối cảnh hiện tại của SEO và một số kiến thức cơ bản về SEO.",positive,noi_chung
13884,"Với khóa học này  và cuốn sách ""Python dành cho tin học"", tôi đã học được những kiến thức cơ bản về Python rất nhanh và không gặp nhiều khó khăn.",positive,noi_chung
13884,"Với khóa học này  và cuốn sách ""Python dành cho tin học"", tôi đã học được những kiến thức cơ bản về Python rất nhanh và không gặp nhiều khó khăn.",positive,noi_chung
13884,"Với khóa học này  và cuốn sách ""Python dành cho tin học"", tôi đã học được những kiến thức cơ bản về Python rất nhanh và không gặp nhiều khó khăn.",positive,cung_cap_tai_lieu
13884,"Với khóa học này  và cuốn sách ""Python dành cho tin học"", tôi đã học được những kiến thức cơ bản về Python rất nhanh và không gặp nhiều khó khăn.",positive,cung_cap_tai_lieu
13885,"Được ""sắp xếp"" thật đẹp, phức tạp nhưng thực hiện lại đơn giản, một cái nhìn sâu sắc tuyệt vời vào nhiếp ảnh Mỹ.",positive,chuong_trinh_hoc
13885,"Được ""sắp xếp"" thật đẹp, phức tạp nhưng thực hiện lại đơn giản, một cái nhìn sâu sắc tuyệt vời vào nhiếp ảnh Mỹ.",positive,chuong_trinh_hoc
13885,"Được ""sắp xếp"" thật đẹp, phức tạp nhưng thực hiện lại đơn giản, một cái nhìn sâu sắc tuyệt vời vào nhiếp ảnh Mỹ.",positive,noi_chung
13885,"Được ""sắp xếp"" thật đẹp, phức tạp nhưng thực hiện lại đơn giản, một cái nhìn sâu sắc tuyệt vời vào nhiếp ảnh Mỹ.",positive,chuong_trinh_hoc
13886,Cảm ơn bạn đã chia sẻ kiến thức của mình với thế giới.,positive,ky_nang_giang_day
13887,Điều này đến từ một người đã từng gặp khó khăn khi đi học nên kết quả rất tốt.,positive,noi_chung
13888,"Các công thức nấu ăn được đưa ra rất dễ sử dụng hoặc điều chỉnh, và cũng rất ngon!",positive,chuong_trinh_hoc
13889,Nó cung cấp những gì đã hứa.,positive,noi_chung
13890,Một phần giới thiệu hay khóa học về nghệ thuật xây dựng cốt truyện.,positive,de_xuat
13891,"Về Lý thuyết Kiến trúc phần mềm chung, đây Khóa học là khóa học bổ sung kiến thức tốt cho những người đang làm việc với Kiến trúc phần mềm.",positive,noi_chung
13892,Có nhiều lựa chọn về khóa học hàng tuần tùy theo sở thích của bạn.,positive,noi_chung
13893,"Thật tuyệt vời khi khóa học có thể tự học, tôi có thể bắt đầu khóa học  ngay lập tức để học những điều tôi cần ngay cho công việc và lớp học của mình.",positive,noi_chung
13893,"Thật tuyệt vời khi khóa học có thể tự học, tôi có thể bắt đầu khóa học  ngay lập tức để học những điều tôi cần ngay cho công việc và lớp học của mình.",positive,chuong_trinh_hoc
13893,"Thật tuyệt vời khi khóa học có thể tự học, tôi có thể bắt đầu khóa học  ngay lập tức để học những điều tôi cần ngay cho công việc và lớp học của mình.",positive,noi_chung
13893,"Thật tuyệt vời khi khóa học có thể tự học, tôi có thể bắt đầu khóa học  ngay lập tức để học những điều tôi cần ngay cho công việc và lớp học của mình.",positive,chuong_trinh_hoc
13894,Chúc bạn học vui vẻ : ),positive,noi_chung
13895,Việc truyền đạt sẽ tốt hơn nhiều nếu người hướng dẫn tự lùi lại phía sau và tập trung vào cách trình bày theo kiểu bảng trắng về phương trình đang xét.,negative,ky_nang_giang_day
13896,Và autograder hoạt động thực sự tệ.,negative,ham_diem
13897,"Nhìn chung, đây là cách tốt và nhanh hơn để tìm hiểu về HTML và Javascript.",positive,noi_chung
13897,"Nhìn chung, đây là cách tốt và nhanh hơn để tìm hiểu về HTML và Javascript.",positive,noi_chung
13898,Đưa một số con số vào slide mà không giải thích cách thức hoạt động.,negative,ky_nang_giang_day
13899,Những lý thuyết vĩ đại.,positive,noi_chung
13900,"Đôi khi, sự hài hước của bạn vượt xa sự mong đợi, nhưng cuối cùng, đó là một khóa học hay và mang lại cho bạn khá nhiều bài học.",positive,noi_chung
13900,"Đôi khi, sự hài hước của bạn vượt xa sự mong đợi, nhưng cuối cùng, đó là một khóa học hay và mang lại cho bạn khá nhiều bài học.",positive,noi_chung
13900,"Đôi khi, sự hài hước của bạn vượt xa sự mong đợi, nhưng cuối cùng, đó là một khóa học hay và mang lại cho bạn khá nhiều bài học.",positive,ky_nang_giang_day
13901,Nó giúp tôi nhận ra số lượng nghiên cứu đang được thực hiện để bảo vệ những ngọn núi và hệ sinh thái của chúng.,positive,noi_chung
13902,TUYỆT VỜI Khóa học!,positive,noi_chung
13903,"Bạn bỏ ra nhiều nỗ lực, bạn sẽ học được nhiều điều.",positive,noi_chung
13904,Nó cũng giúp tôi có được cái nhìn tổng quan cơ bản để tìm hiểu sâu hơn.,positive,noi_chung
13905,Một nửa trong số này khóa học phải được cô đọng hoặc loại trừ.,negative,chuong_trinh_hoc
13906,Rất bổ ích và thú vị khóa học!,positive,noi_chung
13906,Rất bổ ích và thú vị khóa học!,positive,chuong_trinh_hoc
13907,Cảm ơn đội ngũ Coursera và giảng viên giảng viên.,positive,ky_nang_giang_day
13908,Tôi thực sự thích nó .,positive,noi_chung
13909,"Bởi vì tôi đã đọc rất nhiều về chủ đề này trước đây, nên hầu hết các ý tưởng đều không mới đối với tôi, nhưng một số thì chắc chắn là mới, và bài thuyết trình  chỉ giải thích mọi thứ cực kỳ ngắn gọn và liên kết mọi thứ lại với nhau một cách tuyệt vời.",positive,ky_nang_giang_day
13909,"Bởi vì tôi đã đọc rất nhiều về chủ đề này trước đây, nên hầu hết các ý tưởng đều không mới đối với tôi, nhưng một số thì chắc chắn là mới, và bài thuyết trình  chỉ giải thích mọi thứ cực kỳ ngắn gọn và liên kết mọi thứ lại với nhau một cách tuyệt vời.",positive,ky_nang_giang_day
13910,"Lúc đầu, tôi không hiểu rõ lắm về mô tả của ứng dụng số 1 và số 2 (có lẽ vì tiếng Anh không phải là ngôn ngữ đầu tiên của tôi).",negative,chuong_trinh_hoc
13911,"Giáo viên có kiến thức sâu rộng và cô ấy giải thích các khái niệm rất rõ ràng, và thường rất thú vị.",positive,ky_nang_giang_day
13911,"Giáo viên có kiến thức sâu rộng và cô ấy giải thích các khái niệm rất rõ ràng, và thường rất thú vị.",positive,ky_nang_giang_day
13911,"Giáo viên có kiến thức sâu rộng và cô ấy giải thích các khái niệm rất rõ ràng, và thường rất thú vị.",positive,ky_nang_giang_day
13913,Tôi thấy khóa học này khóa học rất tuyệt vời.,positive,noi_chung
13914,Tiến sĩ Oakley giúp bạn dễ dàng theo dõi mọi thông tin và khuyến khích bạn hoàn thành khóa học.,positive,ky_nang_giang_day
13914,Tiến sĩ Oakley giúp bạn dễ dàng theo dõi mọi thông tin và khuyến khích bạn hoàn thành khóa học.,positive,ky_nang_giang_day
13915,Hệ thống đánh giá ngang hàng cho phép bạn biết chính xác người chấm điểm đang tìm kiếm điều gì.,positive,noi_chung
13916,Lời giới thiệu tuyệt vời về chủ đề này của một trong những nhà nghiên cứu quan trọng nhất trong lĩnh vực này.,positive,de_xuat
13917,"Tiến sĩ Chuck là một giáo viên rất thân thiện, dễ mến.",positive,ky_nang_giang_day
13918,Khóa học có rất nhiều ví dụ tuyệt vời và ngôn ngữ rất dễ hiểu.,positive,chuong_trinh_hoc
13918,Khóa học có rất nhiều ví dụ tuyệt vời và ngôn ngữ rất dễ hiểu.,positive,chuong_trinh_hoc
13919,Phê bình nhỏ của tôi: Đôi khi tôi muốn có nhiều tùy chọn hơn video chứa bằng chứng về các công thức.,negative,ky_nang_giang_day
13920,"Tôi không khuyên dùng khóa học này cho người mới bắt đầu lập trình, vì các khái niệm mà Oderski trình bày khá phức tạp và bài tập về nhà thì không đơn giản.",negative,noi_chung
13920,"Tôi không khuyên dùng khóa học này cho người mới bắt đầu lập trình, vì các khái niệm mà Oderski trình bày khá phức tạp và bài tập về nhà thì không đơn giản.",negative,cung_cap_tai_lieu
13920,"Tôi không khuyên dùng khóa học này cho người mới bắt đầu lập trình, vì các khái niệm mà Oderski trình bày khá phức tạp và bài tập về nhà thì không đơn giản.",negative,bai_tap
13921,"Tôi đã học được một số điều mới, nhưng nhìn chung tôi không nghĩ là mình đã hiểu được các khái niệm cơ bản.",positive,noi_chung
13921,"Tôi đã học được một số điều mới, nhưng nhìn chung tôi không nghĩ là mình đã hiểu được các khái niệm cơ bản.",negative,cung_cap_tai_lieu
13922,"Tuyệt vời, rất dễ cho người mới bắt đầu.",positive,noi_chung
13922,"Tuyệt vời, rất dễ cho người mới bắt đầu.",positive,noi_chung
13923,Tôi yêu Đại học Duke!,positive,noi_chung
13924,"Nhìn chung, khóa học có chất lượng thấp hơn so với các khóa học trước của Gregory Northcraft.",negative,chuong_trinh_hoc
13925,Tôi có ý kiến trái chiều về vấn đề này lớp.,neutral,noi_chung
13926,"Khóa học này không dành cho những học sinh ""bú bình"".",neutral,noi_chung
13927,Tôi thực sự thích lớp học .,positive,noi_chung
13928,Khóa học này cung cấp phần giới thiệu hay về cách phát triển ứng dụng.,positive,de_xuat
13929,Ưu điểm: Các gia sư đã chuẩn bị rất kỹ cho khóa học!,positive,ky_nang_giang_day
13930,Nói chung tôi rất hài lòng với khóa học .,positive,noi_chung
13931,"Khóa học này về dinh dưỡng, bao gồm các lựa chọn hữu cơ/toàn diện, cung cấp những ý tưởng thiết thực, dễ sử dụng về các lựa chọn ăn uống lành mạnh và thú vị không chỉ dành cho trẻ em mà cả người lớn.",positive,chuong_trinh_hoc
13932,Đây là phần giới thiệu và tổng quan tuyệt vời về máy học.,positive,de_xuat
13933,"Cảm ơn Tiến sĩ Chuck, anh là người giỏi nhất! : )",positive,ky_nang_giang_day
13934,"Tôi thực sự, thực sự thích nó.",positive,noi_chung
13935,Đây là nội dung vững chắc với kinh nghiệm thực tế.,positive,noi_chung
13936,Rất rõ ràng và nhiều thông tin.,positive,ky_nang_giang_day
13936,Rất rõ ràng và nhiều thông tin.,positive,ky_nang_giang_day
13937,Phương pháp tiếp cận theo chủ đề có hiệu quả cao và các nghệ sĩ được lựa chọn cẩn thận để mang lại cái nhìn tổng quan về chủ đề.,positive,cung_cap_tai_lieu
13937,Phương pháp tiếp cận theo chủ đề có hiệu quả cao và các nghệ sĩ được lựa chọn cẩn thận để mang lại cái nhìn tổng quan về chủ đề.,positive,cung_cap_tai_lieu
13938,Đề xuất duy nhất của tôi là sử dụng màu khác thay vì màu trắng trên đèn neon cho các bản vẽ trên bảng đen để dễ nhìn hơn.,negative,ky_nang_giang_day
13939,Tôi nghĩ MoMA đã sử dụng tốt nguồn lực của họ.,positive,noi_chung
13940,"Ngoài ra, thực sự hữu ích.",positive,chuong_trinh_hoc
13941,Khóa học sẽ được đánh giá cao hơn nếu tập trung nhiều hơn vào các ứng dụng thực tế và không quá chú trọng vào đại số.,negative,cung_cap_tai_lieu
13942,Rất tuyệt vời khóa học!,positive,noi_chung
13943,Đây thực sự là nỗ lực đáng yêu.,positive,ky_nang_giang_day
13944,Tôi thực sự thích điều này khóa học.,positive,noi_chung
13945,Tôi thích tham gia khóa học có sự vui vẻ và đam mê và điều này khá bình thường với anh ấy.,neutral,ky_nang_giang_day
13946,Đã giúp tôi tái cấu trúc việc học ngôn ngữ của mình.,positive,noi_chung
13947,Ông Yaakov Chaikin là một trong những giáo viên giỏi nhất.,positive,ky_nang_giang_day
13948,"Tôi mong rằng, đối với một khóa học trực tiếp, người hướng dẫn này sẽ cung cấp phản hồi cá nhân cung cấp nội dung đó.",positive,hanh_vi
13949,Tiến sĩ Seknowski rất nhiệt tình khi cung cấp thông tin khiến tôi tò mò muốn tiếp tục,positive,ky_nang_giang_day
13950,Bạn cần có kiến thức nền tảng về kỹ thuật để biết cách diễn giải các phương trình đủ để hoàn thành bài tập lập trình trong Matlab.,negative,noi_chung
13951,Tôi thực sự thích các bài học vì chúng cho tôi thấy cấu trúc chuyên nghiệp của ngành thời trang và những người chơi chính trong ngành hàng xa xỉ.,positive,noi_chung
13951,Tôi thực sự thích các bài học vì chúng cho tôi thấy cấu trúc chuyên nghiệp của ngành thời trang và những người chơi chính trong ngành hàng xa xỉ.,positive,chuong_trinh_hoc
13952,Tuyệt vời khóa học và tuyệt vời giáo viên.,positive,noi_chung
13952,Tuyệt vời khóa học và tuyệt vời giáo viên.,positive,ky_nang_giang_day
13953,Tuyệt vời khóa học ! ! !,positive,noi_chung
13954,Tôi thường dành nhiều thời gian xem video để tự hỏi làm thế nào chúng ta có thể giải quyết một số vấn đề chỉ để được đưa ra một công thức mà không có bất kỳ lời giải thích nào về nguồn gốc của nó.,negative,ky_nang_giang_day
13955,"Tiến sĩ Ng rất chu đáo khi sử dụng ngôn ngữ dễ hiểu để giải thích tất cả các khái niệm, do đó làm cho lớp học này thực sự dễ theo dõi.",positive,ky_nang_giang_day
13955,"Tiến sĩ Ng rất chu đáo khi sử dụng ngôn ngữ dễ hiểu để giải thích tất cả các khái niệm, do đó làm cho lớp học này thực sự dễ theo dõi.",positive,ky_nang_giang_day
13956,vật liệu có chất lượng cao.,positive,cung_cap_tai_lieu
13957,Tôi thấy bài trình bày của bạn súc tích và dễ hiểu.,positive,ky_nang_giang_day
13957,Tôi thấy bài trình bày của bạn súc tích và dễ hiểu.,positive,ky_nang_giang_day
13958,"Khóa học này có thể khó hơn, nhưng vẫn thú vị, được truyền đạt tốt và cân bằng khóa học có lợi cho cả người mới bắt đầu và người mới học.",neutral,chuong_trinh_hoc
13958,"Khóa học này có thể khó hơn, nhưng vẫn thú vị, được truyền đạt tốt và cân bằng khóa học có lợi cho cả người mới bắt đầu và người mới học.",positive,noi_chung
13958,"Khóa học này có thể khó hơn, nhưng vẫn thú vị, được truyền đạt tốt và cân bằng khóa học có lợi cho cả người mới bắt đầu và người mới học.",positive,ky_nang_giang_day
13958,"Khóa học này có thể khó hơn, nhưng vẫn thú vị, được truyền đạt tốt và cân bằng khóa học có lợi cho cả người mới bắt đầu và người mới học.",positive,noi_chung
13959,Tôi cũng đã có được kinh nghiệm thực tế về những khái niệm đầy thử thách này thông qua bài tập lập trình java.,positive,bai_tap
13960,"Bắt đầu thật ấn tượng, nhưng đến cuối đôi khi tôi gặp khó khăn trong việc tập trung : )",positive,noi_chung
13960,"Bắt đầu thật ấn tượng, nhưng đến cuối đôi khi tôi gặp khó khăn trong việc tập trung : )",negative,noi_chung
13961,Nó làm tăng thêm sự quan tâm của tôi đối với Ngoại giao toàn cầu.,positive,noi_chung
13962,Cảm ơn bạn rất nhiều vì đã đưa khóa học này lên mạng và tạo ra Coursera!,positive,noi_chung
13963,"Khóa học sử dụng Octave/Matlab cho bài tập lập trình, nhưng hy vọng họ sẽ đổi sang Python vì nó phù hợp hơn với người mới bắt đầu.",neutral,bai_tap
13964,Rất khuyến khích.,positive,noi_chung
13965,"Đối với tôi, đây là sự kết hợp thực sự tuyệt vời giữa 1. tổng quan lý thuyết về các khái niệm cơ sở dữ liệu và xử lý dữ liệu, MapReduce và các triển khai quan trọng nhất của nhiều khái niệm khác nhau (cơ sở dữ liệu SQL và NoSQL), 2. ứng dụng thực tế của các khái niệm này trong thế giới thực bài tập lập trình.",positive,noi_chung
13965,"Đối với tôi, đây là sự kết hợp thực sự tuyệt vời giữa 1. tổng quan lý thuyết về các khái niệm cơ sở dữ liệu và xử lý dữ liệu, MapReduce và các triển khai quan trọng nhất của nhiều khái niệm khác nhau (cơ sở dữ liệu SQL và NoSQL), 2. ứng dụng thực tế của các khái niệm này trong thế giới thực bài tập lập trình.",positive,bai_tap
13966,Tuyệt vời khóa học: Không nhàm chán.,positive,noi_chung
13966,Tuyệt vời khóa học: Không nhàm chán.,positive,noi_chung
13967,dự án khóa học cuối cùng một lần nữa có cảm giác như được thực hiện vội vàng và không được xem xét lại: Bộ dữ liệu đã gửi sẽ được tự động kiểm tra.,negative,bai_tap
13968,Tôi thích sự quyết liệt của người Ý đối với nhãn hiệu Made in Italy và tôi hiểu thêm một chút về khái niệm này nhờ những giải thích trong video.,positive,ky_nang_giang_day
13968,Tôi thích sự quyết liệt của người Ý đối với nhãn hiệu Made in Italy và tôi hiểu thêm một chút về khái niệm này nhờ những giải thích trong video.,positive,noi_chung
13969,Các công cụ tin sinh học được thảo luận trong khóa học này rất hữu ích và được giải thích một cách rõ ràng.,positive,noi_chung
13969,Các công cụ tin sinh học được thảo luận trong khóa học này rất hữu ích và được giải thích một cách rõ ràng.,positive,ky_nang_giang_day
13970,"Kiểm tra luôn làm tôi lo lắng nhưng lời khuyên ở đây rất có lý, giống như việc ngủ đủ giấc vào đêm hôm trước vậy!!",neutral,bai_tap
13971,Một số hoạt động có tính lặp lại nhưng tôi cho rằng bản chất của việc viết lách là như vậy nhưng có cảm giác khóa học đang dần trở nên nhàm chán vào cuối với một lá thư đề xuất gửi đến nhà xuất bản mà không có nhiều tài liệu mẫu được cung cấp để hỗ trợ.,neutral,bai_tap
13971,Một số hoạt động có tính lặp lại nhưng tôi cho rằng bản chất của việc viết lách là như vậy nhưng có cảm giác khóa học đang dần trở nên nhàm chán vào cuối với một lá thư đề xuất gửi đến nhà xuất bản mà không có nhiều tài liệu mẫu được cung cấp để hỗ trợ.,neutral,noi_chung
13972,Sẽ hữu ích hơn nếu có thêm ví dụ trong bài giảng video.,negative,cung_cap_tai_lieu
13973,"bài giảng nhanh, dễ hiểu nhưng vẫn thú vị.",positive,ky_nang_giang_day
13973,"bài giảng nhanh, dễ hiểu nhưng vẫn thú vị.",positive,ky_nang_giang_day
13973,"bài giảng nhanh, dễ hiểu nhưng vẫn thú vị.",positive,ky_nang_giang_day
13974,Tôi đặc biệt thích bài tập lập trình và công cụ chấm điểm tự động hoạt động rất tốt.,positive,bai_tap
13974,Tôi đặc biệt thích bài tập lập trình và công cụ chấm điểm tự động hoạt động rất tốt.,positive,ham_diem
13975,Đây có thể là một khóa học tuyệt vời  dành cho những người chưa có bất kỳ kiến thức nền tảng nào về Tài chính/Kinh doanh.,positive,noi_chung
13976,"Vâng, sau khóa học hồi quy mà tôi thực sự thấy thú vị, thì khóa học phân loại có vẻ không khả quan lắm.",negative,noi_chung
13977,Nhưng tôi không cảm thấy nó giúp tôi sử dụng chúng hiệu quả hơn.,negative,noi_chung
13978,Đây thực sự là khóa học có hệ thống và tích hợp khóa học giới thiệu cách học hiệu quả hơn.,positive,de_xuat
13979,"Tuyệt vời khóa học, tôi giới thiệu khóa học này cho bất kỳ ai muốn tìm hiểu cách thức hoạt động của các tấm chắn, kết nối internet với Arduino và thậm chí là những kiến thức cơ bản về Arduino.",positive,de_xuat
13979,"Tuyệt vời khóa học, tôi giới thiệu khóa học này cho bất kỳ ai muốn tìm hiểu cách thức hoạt động của các tấm chắn, kết nối internet với Arduino và thậm chí là những kiến thức cơ bản về Arduino.",positive,de_xuat
13980,Thật vui khi được học hỏi từ Andrew Ng.,positive,ky_nang_giang_day
13981,Vấn đề duy nhất của tôi là ở bài tập cuối cùng bài tập vì tôi không hiểu rõ cách sử dụng chương trình để tìm ra số min và số max.,negative,bai_tap
13982,"Đôi khi, nó diễn ra quá nhanh và tôi phải nhanh chóng chuyển từ Unity sang Coursera để nhấn nút ""tạm dừng"" để có thời gian theo kịp.",negative,chuong_trinh_hoc
13983,"Rất hữu ích, cảm ơn bà.",positive,ky_nang_giang_day
13984,"Tuần 4 có vẻ như có nhiều hơn một cách không cân xứng tài liệu so với các tuần trước, như thể các tác giả đã cố gắng",negative,cung_cap_tai_lieu
13985,Nhưng những điều tôi học được đều hữu ích và tôi chắc chắn rằng những gì tôi học được ở đây tôi có thể áp dụng vào công việc kỹ sư phần mềm của mình.,positive,noi_chung
13986,"Tất cả các mô-đun khác ISB đều tốt hơn nhiều trên Khóa học ERA, ngoại trừ mô-đun này.",positive,noi_chung
13987,Tôi không ngờ độ khó lại tăng đột biến như vậy và rất thích khóa học nhưng dự án cuối cùng thì quả là một cuộc vật lộn.,positive,noi_chung
13987,Tôi không ngờ độ khó lại tăng đột biến như vậy và rất thích khóa học nhưng dự án cuối cùng thì quả là một cuộc vật lộn.,positive,noi_chung
13987,Tôi không ngờ độ khó lại tăng đột biến như vậy và rất thích khóa học nhưng dự án cuối cùng thì quả là một cuộc vật lộn.,positive,chuong_trinh_hoc
13988,"Nó không trả lời mọi câu hỏi hoặc giải quyết mọi khái niệm mà bạn cần biết để điều hành một tập đoàn lớn, nhưng nó là một cái nhìn tổng quan tuyệt vời về các phương pháp chiến lược kinh doanh trong quá khứ và hiện tại, và có giá trị đối với bất kỳ cá nhân nào có đầu óc kinh doanh.",neutral,noi_chung
13988,"Nó không trả lời mọi câu hỏi hoặc giải quyết mọi khái niệm mà bạn cần biết để điều hành một tập đoàn lớn, nhưng nó là một cái nhìn tổng quan tuyệt vời về các phương pháp chiến lược kinh doanh trong quá khứ và hiện tại, và có giá trị đối với bất kỳ cá nhân nào có đầu óc kinh doanh.",positive,noi_chung
13988,"Nó không trả lời mọi câu hỏi hoặc giải quyết mọi khái niệm mà bạn cần biết để điều hành một tập đoàn lớn, nhưng nó là một cái nhìn tổng quan tuyệt vời về các phương pháp chiến lược kinh doanh trong quá khứ và hiện tại, và có giá trị đối với bất kỳ cá nhân nào có đầu óc kinh doanh.",positive,noi_chung
13989,Điểm duy nhất mà tôi muốn thay đổi là trình độ kỹ thuật của (một số) bài giảng: đôi khi chúng thậm chí còn quá dễ và dành nhiều thời gian để giải thích những điều rất cơ bản.,neutral,ky_nang_giang_day
13989,Điểm duy nhất mà tôi muốn thay đổi là trình độ kỹ thuật của (một số) bài giảng: đôi khi chúng thậm chí còn quá dễ và dành nhiều thời gian để giải thích những điều rất cơ bản.,neutral,ky_nang_giang_day
13990,"Nhìn chung, khóa học này khóa học đề cập đến từng lĩnh vực chính của tin sinh học mà bất kỳ sinh viên nào bước vào lĩnh vực này cũng cần biết.",positive,noi_chung
13991,Tuyệt vời khóa học.,positive,noi_chung
13992,Bây giờ tôi cảm thấy tự tin hơn khi tiếp cận ADHD trong lớp học.,positive,noi_chung
13993,giáo sư giải thích các khái niệm đằng sau lý do tại sao bạn cần sử dụng các thành phần nhất định thay vì chỉ đưa ra danh sách những thứ cần khớp để sao chép các dự án.,neutral,ky_nang_giang_day
13994,capstone thật tuyệt vời.,positive,bai_tap
13995,Những lời giải thích của anh ấy trên video rất tuyệt vời và thực sự đã dạy tôi không chỉ cách viết mã mà còn cách thực hiện một cách hiệu quả nhất có thể.,positive,ky_nang_giang_day
13995,Những lời giải thích của anh ấy trên video rất tuyệt vời và thực sự đã dạy tôi không chỉ cách viết mã mà còn cách thực hiện một cách hiệu quả nhất có thể.,positive,ky_nang_giang_day
13996,Giải thích tuyệt vời.,positive,chuong_trinh_hoc
13997,"Nếu bạn hoàn toàn mới với máy học, bạn có thể thấy khóa học này có giá trị .",positive,chuong_trinh_hoc
13998,Nếu bạn không biết về R studio hoặc lập trình R thì khóa học này sẽ rất khó khăn với bạn.,negative,noi_chung
13999,Bài kiểm tra thì quá dễ.,neutral,bai_tap
14000,"Tức là, trong JSON, tôi thấy khó hiểu khi nghe cụm từ ""danh sách các từ điển"".",negative,chuong_trinh_hoc
14001,"Ông ấy giải thích mọi thứ rõ ràng và súc tích, đôi khi sử dụng sơ đồ đơn giản.",positive,ky_nang_giang_day
14001,"Ông ấy giải thích mọi thứ rõ ràng và súc tích, đôi khi sử dụng sơ đồ đơn giản.",positive,ky_nang_giang_day
14002,Thật tuyệt vời và đầy thử thách!,positive,noi_chung
14002,Thật tuyệt vời và đầy thử thách!,positive,chuong_trinh_hoc
14003,"Một lần nữa, một điều tốt đẹp khác khóa học từ một trong những người hướng dẫn của bạn, Ông Severance.",positive,noi_chung
14003,"Một lần nữa, một điều tốt đẹp khác khóa học từ một trong những người hướng dẫn của bạn, Ông Severance.",positive,ky_nang_giang_day
14004,Nó có thông tin tuyệt vời và rất súc tích về nhật thực và mặt trời.,positive,chuong_trinh_hoc
14004,Nó có thông tin tuyệt vời và rất súc tích về nhật thực và mặt trời.,positive,chuong_trinh_hoc
14005,"Bạn đã đưa ra đủ ví dụ để tôi có thể tham khảo sau này nếu cần, nhưng không quá nhiều đến mức làm chậm tiến độ của lớp học.",negative,cung_cap_tai_lieu
14005,"Bạn đã đưa ra đủ ví dụ để tôi có thể tham khảo sau này nếu cần, nhưng không quá nhiều đến mức làm chậm tiến độ của lớp học.",positive,cung_cap_tai_lieu
14005,"Bạn đã đưa ra đủ ví dụ để tôi có thể tham khảo sau này nếu cần, nhưng không quá nhiều đến mức làm chậm tiến độ của lớp học.",negative,cung_cap_tai_lieu
14006,Giới thiệu rất hay về python.,positive,de_xuat
14007,Tôi thấy nó rất thú vị và mong muốn tiếp tục hành trình dữ liệu lớn.,positive,noi_chung
14008,Một sự bổ sung rất hữu ích cho kho kiến thức và công cụ tiếp thị của tôi.,positive,noi_chung
14009,Trình độ cơ bản tốt khóa về nghệ thuật hiện đại và đương đại.,positive,noi_chung
14010,Học phí của ngành này đắt hơn một chút so với các ngành khác khóa học như Khoa học dữ liệu (Johns Hopkins) và Đời sống dữ liệu (HarvardX _ edx).,negative,chuong_trinh_hoc
14011,Tuyệt vời bài giảng và Giáo sư Raj đều xuất sắc như nhau.,positive,ky_nang_giang_day
14011,Tuyệt vời bài giảng và Giáo sư Raj đều xuất sắc như nhau.,positive,ky_nang_giang_day
14012,Nó cũng khuyến khích bạn thường xuyên suy ngẫm trong suốt khóa học để bạn nghĩ ra cách áp dụng các khái niệm vào trải nghiệm của riêng bạn.,positive,chuong_trinh_hoc
14013,"Lịch trình khá chặt chẽ, nhưng bạn có thể dễ dàng chuyển sang buổi học tiếp theo để có thêm thời gian.",negative,chuong_trinh_hoc
14013,"Lịch trình khá chặt chẽ, nhưng bạn có thể dễ dàng chuyển sang buổi học tiếp theo để có thêm thời gian.",positive,chuong_trinh_hoc
14014,Tôi khuyên bạn nên dùng 100%!,positive,noi_chung
14015,Tuyệt vời khóa học!,positive,noi_chung
14016,"Nếu bạn không thể hoàn thành khóa học này , đừng nghĩ rằng bạn không đủ thông minh để hoàn thành nó; thay vào đó, bạn chỉ không có đủ điều kiện tiên quyết thích hợp.",negative,noi_chung
14017,"Nếu bạn muốn tìm hiểu về lý thuyết bản đồ và TẠI SAO bản đồ lại thú vị và quan trọng, bạn cần tham khảo khóa học này .",positive,noi_chung
14018,bài kiểm tra có tính thử thách và được kiểm tra kỹ lưỡng dựa trên tài liệu khóa học.,positive,bai_tap
14018,bài kiểm tra có tính thử thách và được kiểm tra kỹ lưỡng dựa trên tài liệu khóa học.,positive,bai_tap
14019,"Mặc dù bản thân tôi có kiến thức định lượng nâng cao, tôi vẫn thấy có rất nhiều điều đáng học hỏi từ điều này lớp.",positive,de_xuat
14020,Tập trung chủ yếu vào phân tích dữ liệu trong Excel hơn là dạy bạn tất cả các hàm trong Excel.,positive,noi_chung
14021,"Tôi đánh giá cao điều đó, nhưng có vẻ như sẽ phải trả phí để cấp chứng chỉ sau khi hoàn thành khóa học  : ( .",positive,noi_chung
14022,Khóa học này cho tôi thấy tầm quan trọng và không thể thay thế của việc ăn uống lành mạnh trong quá trình phát triển và trưởng thành của trẻ em.,positive,noi_chung
14023,Tôi đã làm điều này khóa học vào năm ngoái và coi đây là một trong những điều tuyệt vời nhất mà tôi từng thấy.,positive,noi_chung
14024,Đây là khóa học trực tuyến đầu tiên về âm nhạc mà tôi theo học và phải nói là nó thực sự tuyệt vời.,positive,noi_chung
14025,Đó là một khóa học rất tuyệt vời.,positive,noi_chung
14026,Người hướng dẫn Giáo sư Andrew Ng thật tuyệt vời.,positive,ky_nang_giang_day
14027,Andrew giải thích mọi thứ một cách rõ ràng và đủ chi tiết để bất kỳ ai cũng có thể hiểu được.,positive,ky_nang_giang_day
14027,Andrew giải thích mọi thứ một cách rõ ràng và đủ chi tiết để bất kỳ ai cũng có thể hiểu được.,positive,ky_nang_giang_day
14028,Tôi yêu từng khoảnh khắc của nó và giờ tôi cảm thấy xúc động vì nó đã kết thúc.,positive,noi_chung
14029,Tôi đã có rất nhiều anh hùng mới sau khi hoàn thành khóa học này .,positive,noi_chung
14030,Được cân nhắc rất kỹ và giới thiệu từng bước một.,positive,de_xuat
14031,Lời khuyên rất chung chung mặc dù cuộc phỏng vấn với các nhà văn thiếu nhi rất bổ ích và thú vị.,positive,cung_cap_tai_lieu
14031,Lời khuyên rất chung chung mặc dù cuộc phỏng vấn với các nhà văn thiếu nhi rất bổ ích và thú vị.,positive,cung_cap_tai_lieu
14031,Lời khuyên rất chung chung mặc dù cuộc phỏng vấn với các nhà văn thiếu nhi rất bổ ích và thú vị.,neutral,cung_cap_tai_lieu
14032,Tuyệt vời khóa học để có được bức tranh cơ bản về lập trình.,positive,noi_chung
14033,Tôi thực sự thích khóa học .,positive,noi_chung
14034,Tôi vẫn còn nhiều câu hỏi chưa được giải đáp và diễn đàn không hoạt động nhiều.,negative,hanh_vi
14034,Tôi vẫn còn nhiều câu hỏi chưa được giải đáp và diễn đàn không hoạt động nhiều.,negative,hanh_vi
14035,"Thêm vào đó, họ đã làm rất tốt việc chọn các chủ đề cốt lõi trong OOP.",positive,noi_chung
14036,"Không phải là những gì tôi mong đợi khi đăng ký, nhưng tôi thực sự thích nó.",positive,noi_chung
14037,"cuộc phỏng vấn với các nhà nghiên cứu và chuyên gia từ nhiều trường đại học khác nhau, Parks Canada, v.v. là những công cụ học tập tuyệt vời.",positive,ky_nang_giang_day
14038,Một trong những khóa học tốt nhất khóa học mà tôi từng tham gia.,positive,noi_chung
14039,Thật đơn giản nhưng lại chứa đầy thông tin!,positive,noi_chung
14040,"Khóa học được cung cấp theo cách đơn giản, dễ hiểu và có hướng dẫn rõ ràng.",positive,chuong_trinh_hoc
14040,"Khóa học được cung cấp theo cách đơn giản, dễ hiểu và có hướng dẫn rõ ràng.",positive,chuong_trinh_hoc
14041,Tiến sĩ Chuck thật tuyệt vời và rất hấp dẫn.,positive,ky_nang_giang_day
14041,Tiến sĩ Chuck thật tuyệt vời và rất hấp dẫn.,positive,hanh_vi
14042,"Khóa học này khóa học đã giúp tôi hiểu rõ hơn về bản thân mình, hiểu người khác và tình trạng con người nói chung.",positive,noi_chung
14043,"Tuyệt vời khóa học, được giảng dạy tốt bởi giảng viên.",positive,noi_chung
14043,"Tuyệt vời khóa học, được giảng dạy tốt bởi giảng viên.",positive,ky_nang_giang_day
14044,Có lẽ tôi sẽ học lại khóa học .,positive,noi_chung
14045,"Được thôi, vì nó cung cấp cho bạn mức độ hiểu biết sâu sắc về nền tảng số của các thuật toán học máy cơ bản.",positive,chuong_trinh_hoc
14046,"Một khóa học rất hấp dẫn khóa học, tôi rất thích trong suốt khóa học, nó kích thích tư duy và tạo ra nhiều nhận thức về bản thân.",positive,chuong_trinh_hoc
14046,"Một khóa học rất hấp dẫn khóa học, tôi rất thích trong suốt khóa học, nó kích thích tư duy và tạo ra nhiều nhận thức về bản thân.",positive,noi_chung
14046,"Một khóa học rất hấp dẫn khóa học, tôi rất thích trong suốt khóa học, nó kích thích tư duy và tạo ra nhiều nhận thức về bản thân.",positive,chuong_trinh_hoc
14046,"Một khóa học rất hấp dẫn khóa học, tôi rất thích trong suốt khóa học, nó kích thích tư duy và tạo ra nhiều nhận thức về bản thân.",positive,chuong_trinh_hoc
14047,Tuyệt vời Trang web!,positive,cung_cap_tai_lieu
14048,Tôi rất phấn khích và hào hứng!,positive,noi_chung
14049,"Một khóa học hoàn chỉnh khóa học dạy về các công ty hàng xa xỉ, nhưng chủ yếu là về thời trang.",positive,noi_chung
14050,Ngoài ra còn có một số hướng dẫn hơi mâu thuẫn giữa nhiệm vụ và mô tả đánh giá.,negative,chuong_trinh_hoc
14051,Tôi thực sự thích nội dung  và học được rất nhiều điều.,positive,cung_cap_tai_lieu
14051,Tôi thực sự thích nội dung  và học được rất nhiều điều.,positive,cung_cap_tai_lieu
14052,"Tổng quan rõ ràng, thiết thực và trình bày tốt về lĩnh vực tiếp thị kỹ thuật số, nhấn mạnh vào sân chơi bình đẳng: Kevin nỗ lực cung cấp các tài nguyên và công cụ miễn phí để bất kỳ nhà tiếp thị nào cũng có thể sử dụng sức mạnh của phân tích kỹ thuật số mà không bị hạn chế về nguồn lực.",positive,ky_nang_giang_day
14052,"Tổng quan rõ ràng, thiết thực và trình bày tốt về lĩnh vực tiếp thị kỹ thuật số, nhấn mạnh vào sân chơi bình đẳng: Kevin nỗ lực cung cấp các tài nguyên và công cụ miễn phí để bất kỳ nhà tiếp thị nào cũng có thể sử dụng sức mạnh của phân tích kỹ thuật số mà không bị hạn chế về nguồn lực.",positive,ky_nang_giang_day
14052,"Tổng quan rõ ràng, thiết thực và trình bày tốt về lĩnh vực tiếp thị kỹ thuật số, nhấn mạnh vào sân chơi bình đẳng: Kevin nỗ lực cung cấp các tài nguyên và công cụ miễn phí để bất kỳ nhà tiếp thị nào cũng có thể sử dụng sức mạnh của phân tích kỹ thuật số mà không bị hạn chế về nguồn lực.",positive,ky_nang_giang_day
14052,"Tổng quan rõ ràng, thiết thực và trình bày tốt về lĩnh vực tiếp thị kỹ thuật số, nhấn mạnh vào sân chơi bình đẳng: Kevin nỗ lực cung cấp các tài nguyên và công cụ miễn phí để bất kỳ nhà tiếp thị nào cũng có thể sử dụng sức mạnh của phân tích kỹ thuật số mà không bị hạn chế về nguồn lực.",positive,ky_nang_giang_day
14053,"Thêm ví dụ về biểu đồ loại tài chính - Cao / Thấp / Mở / Đóng, v.v.",negative,cung_cap_tai_lieu
14054,Sẽ còn tốt hơn nữa nếu có: - nhiều phân tích hơn video (giống như có một phân vùng trong tuần trước) các phân vùng có sẵn ở các định dạng thông minh (ví dụ: musescore) để các nhạc cụ chuyển vị có thể tránh mã hóa các phân vùng,neutral,ky_nang_giang_day
14055,"khối lượng công việc trong khóa học này nặng hơn khóa học trước trong chuyên ngành, đặc biệt là vào tuần thứ 3.",negative,cung_cap_tai_lieu
14056,Tôi rất thất vọng về lớp này  và có lẽ sẽ không vượt qua được vì tôi không có thời gian để tìm hiểu cách lập trình bằng R.,negative,noi_chung
14056,Tôi rất thất vọng về lớp này  và có lẽ sẽ không vượt qua được vì tôi không có thời gian để tìm hiểu cách lập trình bằng R.,negative,noi_chung
14057,"Khóa học bao gồm các khái niệm cơ bản, đạo đức, lịch sử cũng như các phương pháp thực tế.",positive,noi_chung
14058,Giảng viên thực sự đã tạo ra khóa học này.,positive,ky_nang_giang_day
14059,Barb Oakley thật tuyệt vời và đã thu hút tôi trong suốt thời gian đó.,positive,ky_nang_giang_day
14059,Barb Oakley thật tuyệt vời và đã thu hút tôi trong suốt thời gian đó.,positive,ky_nang_giang_day
14060,Tôi thực sự thích khóa học này và tôi cảm thấy phấn khích mỗi khi nhấp vào bài học mới.,positive,noi_chung
14060,Tôi thực sự thích khóa học này và tôi cảm thấy phấn khích mỗi khi nhấp vào bài học mới.,positive,noi_chung
14061,Có nhiều điều để suy ngẫm trong sự phong phú và dày đặc này khóa học.,positive,noi_chung
14061,Có nhiều điều để suy ngẫm trong sự phong phú và dày đặc này khóa học.,positive,noi_chung
14062,Không có lời giải thích lãng phí thời gian trong bài giảng.,positive,ky_nang_giang_day
14063,Tôi đặc biệt thích bài học về khả năng hợp lý của việc du hành thời gian.,positive,cung_cap_tai_lieu
14064,Khóa học rất tốt.,positive,noi_chung
14065,1. có cấu trúc tốt 2. dễ hiểu 3. ví dụ hấp dẫn 4. thúc đẩy tạo ra tác động ở quốc gia đang phát triển của bạn,positive,chuong_trinh_hoc
14065,1. có cấu trúc tốt 2. dễ hiểu 3. ví dụ hấp dẫn 4. thúc đẩy tạo ra tác động ở quốc gia đang phát triển của bạn,positive,chuong_trinh_hoc
14065,1. có cấu trúc tốt 2. dễ hiểu 3. ví dụ hấp dẫn 4. thúc đẩy tạo ra tác động ở quốc gia đang phát triển của bạn,positive,chuong_trinh_hoc
14066,video clip cũ có lời giải thích rất tuyệt vời!,positive,ky_nang_giang_day
14067,"Tôi nghĩ khóa học  nên đề cập chi tiết hơn một số khái niệm liên quan đến thiết bị IoT - ví dụ như ngắt và cách sử dụng, thảo luận chi tiết về giao thức SPI.",neutral,chuong_trinh_hoc
14068,nội dung tập trung nhiều vào việc học trực tuyến.,positive,cung_cap_tai_lieu
14069,Tôi chỉ hy vọng anh ấy sẽ tổ chức nhiều khóa học hơn trong tương lai.,positive,ky_nang_giang_day
14070,"Rất dễ hiểu, tất cả chủ đề thảo luận đều được trình bày theo cách dễ hiểu, không gây khó chịu.",positive,cung_cap_tai_lieu
14070,"Rất dễ hiểu, tất cả chủ đề thảo luận đều được trình bày theo cách dễ hiểu, không gây khó chịu.",positive,cung_cap_tai_lieu
14070,"Rất dễ hiểu, tất cả chủ đề thảo luận đều được trình bày theo cách dễ hiểu, không gây khó chịu.",positive,chuong_trinh_hoc
14071,"Tôi thực sự khuyên bạn nên tham gia khóa học này khóa học cho bất kỳ ai muốn có hiểu biết toàn diện về dinh dưỡng thực sự, truyền thống (hữu cơ, kiểu nấu ăn của bà).",positive,noi_chung
14072,Tôi thực sự khuyên mọi người nên đăng ký!,positive,noi_chung
14073,Phần tốt nhất của bài tập bao gồm khả năng xem bài nộp của các bạn cùng lớp và học hỏi từ họ bằng cách xem lại các kỹ thuật viết mã mà họ đã sử dụng.,positive,ham_diem
14074,hai người thuyết trình chính rất hiểu biết và chương trình đã được giới thiệu tới khán giả quốc tế.,positive,ky_nang_giang_day
14074,hai người thuyết trình chính rất hiểu biết và chương trình đã được giới thiệu tới khán giả quốc tế.,positive,ky_nang_giang_day
14075,Một cách tốt để học cả hai.,positive,noi_chung
14076,Tôi rất thích lớp học  và tôi thích thử thách tìm ra cách hoàn thành bài tập .,positive,noi_chung
14076,Tôi rất thích lớp học  và tôi thích thử thách tìm ra cách hoàn thành bài tập .,positive,bai_tap
14077,"Tôi thích điều này khóa học, nhưng đối với tôi thì hơi khó để hiểu một số điều kiến thức cơ bản.",positive,chuong_trinh_hoc
14077,"Tôi thích điều này khóa học, nhưng đối với tôi thì hơi khó để hiểu một số điều kiến thức cơ bản.",negative,chuong_trinh_hoc
14078,Tôi cảm thấy giai đoạn này của khóa học có thể được tóm tắt chỉ bằng một tuần làm việc.,neutral,noi_chung
14079,Tổng quan nhanh về nền tảng Arduino.,positive,noi_chung
14080,Nội dung khóa học không được chứng minh bằng nghiên cứu.,negative,cung_cap_tai_lieu
14081,"Có lẽ nên có thêm phần ""gợi ý bài đọc"" để những người quan tâm có thể bổ sung thêm kiến thức.",neutral,cung_cap_tai_lieu
14082,Một đoạn phim ngắn hay khóa học.,positive,noi_chung
14083,"Tuy nhiên, tôi cũng thấy rằng nó không cung cấp cho tôi sự phong phú về nguyên tắc và kỹ thuật mà tôi đã tìm thấy trong các khóa học khác khóa học trong chuỗi này.",negative,chuong_trinh_hoc
14084,Có rất nhiều thông tin bổ ích trong khóa học này và được trình bày theo cách rất hay.,positive,noi_chung
14084,Có rất nhiều thông tin bổ ích trong khóa học này và được trình bày theo cách rất hay.,positive,ky_nang_giang_day
14085,"Diễn giả tuyệt vời, sử dụng các ví dụ cụ thể để truyền đạt những khái niệm phức tạp.",positive,ky_nang_giang_day
14086,Tôi muốn giới thiệu khóa học cho bất kỳ ai quan tâm đến phát triển chuyên môn.,positive,de_xuat
14087,"Tôi nghĩ rằng phần lớn những gì được dạy ở đây lý tưởng nhất là mọi người đều nên biết để có thể đưa ra những lựa chọn sáng suốt và chu đáo hơn về cuộc sống, cũng như hiểu được những gì sẽ xảy ra trong những thập kỷ tiếp theo.",positive,noi_chung
14088,Không phải người mới bắt đầu khóa học.,negative,noi_chung
14089,"Tuyệt vời khóa học, xuất sắc người hướng dẫn.",positive,noi_chung
14089,"Tuyệt vời khóa học, xuất sắc người hướng dẫn.",positive,ky_nang_giang_day
14090,"Cảm ơn Luay, Scott và Joe vì một khóa học tuyệt vời nữa.",positive,ky_nang_giang_day
14090,"Cảm ơn Luay, Scott và Joe vì một khóa học tuyệt vời nữa.",positive,noi_chung
14091,"Đầy đủ thông tin hữu ích, hấp dẫn, mới mẻ thông tin.",positive,cung_cap_tai_lieu
14091,"Đầy đủ thông tin hữu ích, hấp dẫn, mới mẻ thông tin.",positive,cung_cap_tai_lieu
14091,"Đầy đủ thông tin hữu ích, hấp dẫn, mới mẻ thông tin.",positive,cung_cap_tai_lieu
14092,"Khóa học này  mang đến cơ hội tuyệt vời để khám phá khả năng sáng tạo của một người, với bài tập không yêu cầu chúng ta phải có kỹ năng về các loại biểu đạt đồ họa cụ thể.",positive,noi_chung
14092,"Khóa học này  mang đến cơ hội tuyệt vời để khám phá khả năng sáng tạo của một người, với bài tập không yêu cầu chúng ta phải có kỹ năng về các loại biểu đạt đồ họa cụ thể.",positive,bai_tap
14093,"Nó mang tính tương tác, có giá trị và quyến rũ.",positive,chuong_trinh_hoc
14094,người hướng dẫn cung cấp rất nhiều lời khuyên hữu ích.,positive,ky_nang_giang_day
14095,"Nhìn chung, tôi nghĩ đây là khởi đầu tuyệt vời cho người mới bắt đầu học Java, đặc biệt là những người mới học lập trình.",positive,noi_chung
14096,"Một cách tiếp cận thông thường về cách sống ""Một cuộc sống Hạnh phúc và Viên mãn"".",positive,noi_chung
14097,Mặc dù một số phần phụ thuộc quá nhiều vào các tập lệnh được tạo sẵn nhưng nó ở mức độ trò chơi mà người mới bắt đầu có thể hiểu được mà không quá phức tạp (giống như tất cả các hướng dẫn của Unity).,negative,chuong_trinh_hoc
14098,"Nó chủ yếu xoay quanh ZMOT và các kỹ thuật phân tích tiếp thị và thu thập dữ liệu tốt nhất và thô sơ khoảng 30 phút nội dung, và tuần cuối cùng giống như ""hãy tóm tắt lại"".",negative,cung_cap_tai_lieu
14099,Tôi muốn nó đi sâu hơn một chút.,neutral,chuong_trinh_hoc
14100,Có được nhiều kiến thức từ điều này lớp học.,positive,chuong_trinh_hoc
14101,Dễ hiểu với nhiều giải thích hay và ví dụ minh họa.,positive,chuong_trinh_hoc
14101,Dễ hiểu với nhiều giải thích hay và ví dụ minh họa.,positive,chuong_trinh_hoc
14102,Tôi thấy thích thú khi tham gia khóa học này khóa học mặc dù nó khá đắt.,positive,noi_chung
14103,Tuy nhiên tôi vẫn thích.,positive,noi_chung
14104,Tôi thấy khóa học là phần giới thiệu (lại) rất hữu ích về Học máy.,positive,de_xuat
14105,"Sau khi hoàn thành khóa học Machine Learning khóa kéo dài 10 tuần của Andrew Ng, tôi cảm thấy khóa học này khóa có vẻ hơi ngắn.",negative,noi_chung
14106,Đây sẽ là khóa học 5 sao nếu không có dự án cuối khóa.,negative,bai_tap
14107,Thật là truyền cảm hứng.,positive,noi_chung
14108,Cảm ơn Colleen van Lent và Đại học Michigan đã tạo ra Chương trình chuyên biệt - Thiết kế web cho mọi người và đặc biệt là Coursera đã giúp chương trình này thành hiện thực.,positive,ky_nang_giang_day
14109,Rất ít nội dung được cung cấp ngoài một số đoạn clip ngắn và khá thú vị bài đọc.,negative,cung_cap_tai_lieu
14109,Rất ít nội dung được cung cấp ngoài một số đoạn clip ngắn và khá thú vị bài đọc.,neutral,noi_chung
14110,"Khóa học tài liệu khá sâu sắc, cung cấp cái nhìn thoáng qua về phép thuật được coi là gì trong thời Trung cổ.",positive,cung_cap_tai_lieu
14111,Nhìn chung đây thực sự là một khóa học tuyệt vời.,positive,noi_chung
14112,Chỉ 3 tuần thôi mà tôi đã học được rất nhiều!,positive,noi_chung
14454,Đây là khu nghỉ dưỡng đầu tiên ở Caribe mà tôi từng ở mà không có máy xay sinh tố phía sau quầy bar .,negative,thiet_bi_day_hoc
14455,"Dịch vụ thực sự tuyệt vời, nhanh chóng dịch vụ đỗ xe, tuyệt vời nhân viên hướng dẫn, hữu ích nhân viên, tuyệt vời bữa sáng.",positive,thiet_bi_day_hoc
14456,Quầy bar nhỏ như thường lệ rất đắt và nơi này tính phí quá cao cho những thứ như trung tâm y tế và internet.,negative,thiet_bi_day_hoc
14456,Quầy bar nhỏ như thường lệ rất đắt và nơi này tính phí quá cao cho những thứ như trung tâm y tế và internet.,negative,thiet_bi_day_hoc
14456,Quầy bar nhỏ như thường lệ rất đắt và nơi này tính phí quá cao cho những thứ như trung tâm y tế và internet.,negative,thiet_bi_day_hoc
14457,"Đẹp khách sạn, tốt vị trí, tốt tiện nghi Một khách sạn tuyệt vời trong khuôn viên đáng yêu.",positive,thiet_bi_day_hoc
14458,Khu vực tuyệt vời hồ bơi và trung tâm thể dục nữa.,positive,thiet_bi_day_hoc
14458,Khu vực tuyệt vời hồ bơi và trung tâm thể dục nữa.,positive,thiet_bi_day_hoc
14459,"Tuyệt vời vị trí, an ninh bãi đậu xe và nội thất thú vị.",positive,thiet_bi_day_hoc
14460,Nơi này cần được cải tạo nhưng vẫn đáp ứng được nhu cầu của chúng tôi và thời tiết xung quanh bên hồ bơi thì tuyệt vời.,positive,thiet_bi_day_hoc
14461,"sảnh khá đẹp, nhưng phòng và hành lang thì đã lỗi thời.",positive,thiet_bi_day_hoc
14462,"Khách sạn có một khu vườn xinh đẹp, nơi bạn có thể ngồi và thư giãn sau một ngày tham quan thành phố.",positive,thiet_bi_day_hoc
14463,Nhà hàng nằm cạnh khách sạn thật tuyệt vời - một bất ngờ thú vị.,positive,thiet_bi_day_hoc
14464,Chúng tôi không thể hài lòng hơn với Aqua Palms and Spa.,positive,thiet_bi_day_hoc
14465,Trong khi sảnh đợi được tân trang lại nhà hàng và quán bar vẫn thanh lịch và sang trọng thì tiêu chuẩn phòng lại gợi nhớ nhiều hơn đến một phòng ký túc xá tồi tàn.,positive,thiet_bi_day_hoc
14466,Nhận xét trong các bài đánh giá khác về khu vực bẩn hồ bơi là đúng.,negative,thiet_bi_day_hoc
14467,"Nhìn chung là tốt khách sạn, phòng tuyệt vời, sạch sẽ, đầy đủ tiện nghi và phòng của tôi cũng có lối đi dành cho xe lăn, lễ tân và nhân viên rất hữu ích và bữa sáng đơn giản nhưng ngon và no.",positive,thiet_bi_day_hoc
14468,Mặc dù khách sạn và sân thượng là một tiện nghi rất tốt nhưng chắc chắn bạn phải tránh xa nhà hàng và người quản lý rất kiêu ngạo của họ Alex.,negative,thiet_bi_day_hoc
14469,Điều tuyệt vời nhất là có một quán Starbucks ở sảnh và có thể đi thẳng vào giữa Quảng trường Thời đại.,positive,thiet_bi_day_hoc
15365,Tôi thích cách mà mọi bài giảng cho đến nay họ đều đưa ra được một cách ghi âm mới và sáng tạo. Thật dễ thương nhưng lại khó chịu.,positive,chuong_trinh_hoc
15365,Tôi thích cách mà mọi bài giảng cho đến nay họ đều đưa ra được một cách ghi âm mới và sáng tạo. Thật dễ thương nhưng lại khó chịu.,positive,thiet_bi_day_hoc
15366,Mới xem được 1 phút là tôi thấy chán chết đi được..toán chán quá.,negative,kien_thuc
15367,Lmfao anh ấy giỏi nhưng giọng Pháp của anh ấy làm bài giảng của anh ấy kỳ lạ,neutral,ky_nang_giang_day
15368,"Tại sao phương pháp cho Ví dụ 3 lại có dtheta, với tôi thì điều này có lý khi bạn tìm tích phân wrt dx, bạn nhân hàm số với dx để tạo thành một loạt các hình chữ nhật, nhưng tại sao chúng ta lại nhân chiều cao do sintheta cung cấp với góc?",neutral,kien_thuc
15368,"Tại sao phương pháp cho Ví dụ 3 lại có dtheta, với tôi thì điều này có lý khi bạn tìm tích phân wrt dx, bạn nhân hàm số với dx để tạo thành một loạt các hình chữ nhật, nhưng tại sao chúng ta lại nhân chiều cao do sintheta cung cấp với góc?",neutral,kien_thuc
15369,tuyệt vời bài giảng cảm ơn bạn rất nhiều!!!,positive,chuong_trinh_hoc
15370,"Tuyệt vời bài giảng! Nhưng chúng ta không phải nên thực hiện phép chiếu trực giao sao? Thay vào đó, ông ấy đã thực hiện một phép chiếu song song với trục Y vì ông ấy tính toán p1, p2 và p3 bằng cách lấy các giá trị t là 1, 2 và 3. Bạn cũng có thể thấy điều đó trên bản vẽ của ông ấy. Tại sao ông ấy lại thực hiện phép chiếu này thay vì phép chiếu trực giao? Và làm sao e có thể trở thành trực giao với p?",positive,chuong_trinh_hoc
15370,"Tuyệt vời bài giảng! Nhưng chúng ta không phải nên thực hiện phép chiếu trực giao sao? Thay vào đó, ông ấy đã thực hiện một phép chiếu song song với trục Y vì ông ấy tính toán p1, p2 và p3 bằng cách lấy các giá trị t là 1, 2 và 3. Bạn cũng có thể thấy điều đó trên bản vẽ của ông ấy. Tại sao ông ấy lại thực hiện phép chiếu này thay vì phép chiếu trực giao? Và làm sao e có thể trở thành trực giao với p?",neutral,kien_thuc
15371,"@[USERNAME]tôi nghĩ người quay phim thường ngủ gật. có thể anh ấy là một người chuyên nghiệp không hiểu một từ toán học nào, vì vậy anh ấy khó chịu và ngủ trưa",negative,thiet_bi_day_hoc
15371,"@[USERNAME]tôi nghĩ người quay phim thường ngủ gật. có thể anh ấy là một người chuyên nghiệp không hiểu một từ toán học nào, vì vậy anh ấy khó chịu và ngủ trưa",positive,ky_nang_giang_day
15372,"hay quá, đã làm bài này cách đây khoảng một học kỳ rưỡi ở trường trung học. Tôi cũng đã đạt điểm cao trong bài kiểm tra này :Dgosh phép tính thật tuyệt vời!",positive,kien_thuc
15373,"Cảm ơn, điều này vô giá. Tuyệt vời phỏng vấn.",positive,thiet_bi_day_hoc
15374,chứng minh của A^tA là khả nghịch vào khoảng phút thứ 39:00 thật tuyệt!,positive,kien_thuc
15374,chứng minh của A^tA là khả nghịch vào khoảng phút thứ 39:00 thật tuyệt!,positive,kien_thuc
15374,chứng minh của A^tA là khả nghịch vào khoảng phút thứ 39:00 thật tuyệt!,positive,kien_thuc
15375,Giáo sư Strang bài giảng giải thích rất chi tiết về Cụm trong Đồ thị và cách các vectơ riêng xác định Cụm. Vai trò của Phân cụm phổ và bắt đầu với Ma trận Laplacian. Cảm ơn MIT vì tất cả những bài giảng tuyệt vời này.,positive,chuong_trinh_hoc
15375,Giáo sư Strang bài giảng giải thích rất chi tiết về Cụm trong Đồ thị và cách các vectơ riêng xác định Cụm. Vai trò của Phân cụm phổ và bắt đầu với Ma trận Laplacian. Cảm ơn MIT vì tất cả những bài giảng tuyệt vời này.,positive,chuong_trinh_hoc
15376,Ôi trời ơi... tấm bảng và phấn thật là tuyệt vời!,positive,thiet_bi_day_hoc
15376,Ôi trời ơi... tấm bảng và phấn thật là tuyệt vời!,positive,thiet_bi_day_hoc
15377,Tôi thích giáo viên này nhưng ông ấy giải thích rất tệ các bài toán về tỷ lệ liên quan. Rất khó để thấy được vẻ đẹp của toán học với người đàn ông này nhưng ổn trong các trường hợp thực tế. Cảm ơn MIT,neutral,ky_nang_giang_day
15378,tại sao ông ấy lại sử dụng đạo hàm bậc ba đạo hàm của x(theta) nhưng chỉ sử dụng đạo hàm bậc hai đạo hàm của y(theta) trong phép tính xấp xỉ Taylor?,neutral,kien_thuc
15379,"Bài giảng đã trở thành bất tử, thưa ông! Cảm ơn ông! (Ref - câu đầu tiên của Giáo sư Strang trong bài giảng)",positive,chuong_trinh_hoc
15379,"Bài giảng đã trở thành bất tử, thưa ông! Cảm ơn ông! (Ref - câu đầu tiên của Giáo sư Strang trong bài giảng)",positive,ky_nang_giang_day
15380,"đây chính là vẻ đẹp của cuộc sống, cảm ơn rất nhiều Giáo sư Strang và MIT!",positive,ky_nang_giang_day
15381,Người đàn ông này là một giáo viên tuyệt vời!,positive,ky_nang_giang_day
15382,Tôi không hiểu vấn đề về tỷ lệ hội tụ :S ..Bạn lấy sự khác biệt rồi sao nữa..?,neutral,kien_thuc
15382,Tôi không hiểu vấn đề về tỷ lệ hội tụ :S ..Bạn lấy sự khác biệt rồi sao nữa..?,neutral,kien_thuc
15383,Chỉ muốn cảm ơn anh ấy và nói rằng tôi thích ánh mắt lấp lánh của anh ấy khi anh ấy giảng dạy,positive,ky_nang_giang_day
15384,Tôi có thể tưởng tượng rằng thuật toán  trong đó bạn trừ a1 khỏi tất cả các a tiếp theo cũng sẽ dễ song song hóa hơn nhiều.,positive,kien_thuc
15385,Cải thiện đáng kể về chất lượng video so với 18.06,positive,chuong_trinh_hoc
15386,"Học đại số tuyến tính với bạn giống như xem phim vậy. Nó hấp dẫn, thú vị, thuyết phục và vui. Cảm ơn bạn rất nhiều Giáo sư Strang! Tôi thật may mắn khi được học môn này với bạn!",positive,ky_nang_giang_day
15387,"Ứng dụng của Định lý cơ bản của Đại số tuyến tính là chủ đề thường trực của bài giảng của Giáo sư Strang:http://mathworld.wolfram.com/FundamentalTheoremofLinearAlgebra.htmlTôi chưa từng nghe về định lý này trước đây bài giảng và tôi là một lão già khốn nạn. Vì vậy, đây là một trải nghiệm học tập thú vị!",positive,kien_thuc
15387,"Ứng dụng của Định lý cơ bản của Đại số tuyến tính là chủ đề thường trực của bài giảng của Giáo sư Strang:http://mathworld.wolfram.com/FundamentalTheoremofLinearAlgebra.htmlTôi chưa từng nghe về định lý này trước đây bài giảng và tôi là một lão già khốn nạn. Vì vậy, đây là một trải nghiệm học tập thú vị!",positive,chuong_trinh_hoc
15388,giáo sư gilbert strang: giảng dạy vẻ đẹp của đại số tuyến tính tôi: tự hỏi làm thế nào chúng ta có thể nhét những cục tẩy đó vào sau bảng ........,positive,ky_nang_giang_day
15388,giáo sư gilbert strang: giảng dạy vẻ đẹp của đại số tuyến tính tôi: tự hỏi làm thế nào chúng ta có thể nhét những cục tẩy đó vào sau bảng ........,negative,noi_chung
15389,"Ở phút 41:54, Strang lấy đúng giá trị riêng từ trí nhớ. Tôi rất ấn tượng!",positive,ky_nang_giang_day
15390,"@[USERNAME]tại sao lại có căn bậc hai của 2 pi ở đó, tôi không hiểu ý nghĩa của những gì anh ta nói khi không có yếu tố gian lận và đây là phương sai tiệm cận thực sự. Tại sao lại có bất kỳ điều gì như thế?",neutral,kien_thuc
15391,Những khóa học này khóa học là tốt nhất về Toán.,positive,chuong_trinh_hoc
15392,"Thú vị bằng chứng: chỉ ra xác suất của hai sự kiện trùng hợp riêng biệt lớn hơn xác suất của một sự kiện duy nhất xảy ra trong vũ trụ sự kiện bằng cách nói rằng chúng không phải là các sự kiện trùng hợp, tuy nhiên, mà là 1 sự kiện duy nhất có xác suất lớn hơn một sự kiện duy nhất xảy ra trong vũ trụ cụ thể. Rất thông minh.",positive,kien_thuc
15393,Sẽ tốt hơn nhiều nếu sử dụng micrô khử tiếng ồn.,negative,thiet_bi_day_hoc
15393,Sẽ tốt hơn nhiều nếu sử dụng micrô khử tiếng ồn.,positive,thiet_bi_day_hoc
15394,Cách tuyệt vời để giới thiệu Pseudoinverse. GS là một giáo viên tuyệt vời. Cảm ơn OCW đã cung cấp điều này,positive,ky_nang_giang_day
15395,Tôi muốn cảm ơn MIT đã đưa bài này lên và Ngài Gilbert Strang vì bài giảng tuyệt vời như vậy (2:,positive,ky_nang_giang_day
15395,Tôi muốn cảm ơn MIT đã đưa bài này lên và Ngài Gilbert Strang vì bài giảng tuyệt vời như vậy (2:,positive,chuong_trinh_hoc
15396,Tôi vừa nhận ra rằng giáo viên của tôi không bao giờ dạy tôi toàn bộ các bước...chỉ dạy các lối tắt. Thật tuyệt!,positive,chuong_trinh_hoc
15397,Nếu Denis Auroux là giáo viên toán của tôi cả đời thì Euler sẽ là người kế nhiệm tôi.,positive,ky_nang_giang_day
15397,Nếu Denis Auroux là giáo viên toán của tôi cả đời thì Euler sẽ là người kế nhiệm tôi.,neutral,noi_chung
15398,hoah cái này bài giảng khó nhưng cũng rất thú vị :3,positive,chuong_trinh_hoc
15399,Rất muốn xem thêm từ Alex Townsend. Thật là một giảng viên tuyệt vời!,positive,ky_nang_giang_day
15399,Rất muốn xem thêm từ Alex Townsend. Thật là một giảng viên tuyệt vời!,positive,chuong_trinh_hoc
15400,"Tôi bối rối với Thm2, người hướng dẫn đã nói và giải thích như x thô hơn x' nhưng vì x' nằm trong x và xét đến định nghĩa của phân vùng, thì lời giải thích của anh ấy không phải là ngược lại khi anh ấy chứng minh Thm2 sao? vì vậy tôi nghĩ x chứa x' và nhiều hơn",neutral,kien_thuc
15401,Cảm ơn rất nhiều Giáo sư Gilbert,positive,ky_nang_giang_day
15402,Đã đến đây từ Lec 1. Rất hài lòng,positive,chuong_trinh_hoc
15403,"Đúng là như vậy giờ đại số, các bạn ạ.",neutral,chuong_trinh_hoc
15404,Cảm ơn Giáo sư Gilbert Strang và MIT.,positive,ky_nang_giang_day
15405,"MIT đã phục vụ nhân loại rất tốt bằng cách ghi lại các bài giảng của mình và chia sẻ trực tuyến. Thật tuyệt vời, các thế hệ tương lai sẽ nhớ đến ông như Mozart của môn học này",positive,chuong_trinh_hoc
15406,"Ở phút 31:20, dfa được chuyển đổi từ nfa luôn chứa 2^q trạng thái? Ý tôi là, Q' bằng P(Q) hay Q' là tập con của P(Q)?",neutral,kien_thuc
15406,"Ở phút 31:20, dfa được chuyển đổi từ nfa luôn chứa 2^q trạng thái? Ý tôi là, Q' bằng P(Q) hay Q' là tập con của P(Q)?",neutral,kien_thuc
15406,"Ở phút 31:20, dfa được chuyển đổi từ nfa luôn chứa 2^q trạng thái? Ý tôi là, Q' bằng P(Q) hay Q' là tập con của P(Q)?",neutral,kien_thuc
15406,"Ở phút 31:20, dfa được chuyển đổi từ nfa luôn chứa 2^q trạng thái? Ý tôi là, Q' bằng P(Q) hay Q' là tập con của P(Q)?",neutral,kien_thuc
15406,"Ở phút 31:20, dfa được chuyển đổi từ nfa luôn chứa 2^q trạng thái? Ý tôi là, Q' bằng P(Q) hay Q' là tập con của P(Q)?",neutral,kien_thuc
15407,"Với bất kỳ ai đang cân nhắc xem hết 35 bài giảng, hãy làm đi. Giáo sư Auroux dạy hay hơn bất kỳ ai tôi từng thấy trước đây. Mọi thứ đều có cấu trúc, được suy nghĩ kỹ lưỡng và chuyển từ chủ đề này sang chủ đề khác một cách dễ dàng đến nỗi bạn sẽ ngạc nhiên khi mình vừa ngồi xem hết hơn 50 phút toán.",positive,ky_nang_giang_day
15407,"Với bất kỳ ai đang cân nhắc xem hết 35 bài giảng, hãy làm đi. Giáo sư Auroux dạy hay hơn bất kỳ ai tôi từng thấy trước đây. Mọi thứ đều có cấu trúc, được suy nghĩ kỹ lưỡng và chuyển từ chủ đề này sang chủ đề khác một cách dễ dàng đến nỗi bạn sẽ ngạc nhiên khi mình vừa ngồi xem hết hơn 50 phút toán.",positive,chuong_trinh_hoc
15408,"Phân số từng phần bắt đầu từ 0:45 đến 18:20, cũng rất quan trọng.",positive,kien_thuc
15409,"Có rất nhiều bình luận cho rằng một số lời giải thích của Giáo sư không đủ chặt chẽ. MIT có 2 hoặc 3 cấp độ giải tích nhập môn. Cấp độ này dành cho sinh viên năm nhất có ít hoặc không có giải tích trung học phổ thông, và có thể sẽ chuyên ngành tiếng Anh. trong đó chìa khóa là đưa ra câu trả lời đúng thay vì trả lời chính xác một cách chặt chẽ. Nếu bạn vào trang web OCW, bạn có thể tìm thấy trang web dành cho sinh viên muốn chuyên ngành toán học hoặc vật lý. Trang web này hoàn toàn khác và khó hơn nhiều.",negative,chuong_trinh_hoc
15409,"Có rất nhiều bình luận cho rằng một số lời giải thích của Giáo sư không đủ chặt chẽ. MIT có 2 hoặc 3 cấp độ giải tích nhập môn. Cấp độ này dành cho sinh viên năm nhất có ít hoặc không có giải tích trung học phổ thông, và có thể sẽ chuyên ngành tiếng Anh. trong đó chìa khóa là đưa ra câu trả lời đúng thay vì trả lời chính xác một cách chặt chẽ. Nếu bạn vào trang web OCW, bạn có thể tìm thấy trang web dành cho sinh viên muốn chuyên ngành toán học hoặc vật lý. Trang web này hoàn toàn khác và khó hơn nhiều.",negative,ky_nang_giang_day
15410,Cảm ơn ngài rất nhiều. Từ Ấn Độ.,positive,ky_nang_giang_day
15411,"dang mình đang học lớp tiền giải tích, muốn bắt đầu học phép tính, và không có bài nào trong số này hoặc bài giảng có ý nghĩa gì cả, thầy cứ nói về giới hạn và đạo hàm và thậm chí còn đưa ra ví dụ, nhưng không bao giờ giải thích cách giải chúng thật tốt, hoặc thậm chí chúng là gì.... người trong lớp này đã từng tiếp xúc với những thứ này trước đó chưa?",negative,chuong_trinh_hoc
15411,"dang mình đang học lớp tiền giải tích, muốn bắt đầu học phép tính, và không có bài nào trong số này hoặc bài giảng có ý nghĩa gì cả, thầy cứ nói về giới hạn và đạo hàm và thậm chí còn đưa ra ví dụ, nhưng không bao giờ giải thích cách giải chúng thật tốt, hoặc thậm chí chúng là gì.... người trong lớp này đã từng tiếp xúc với những thứ này trước đó chưa?",negative,ky_nang_giang_day
15411,"dang mình đang học lớp tiền giải tích, muốn bắt đầu học phép tính, và không có bài nào trong số này hoặc bài giảng có ý nghĩa gì cả, thầy cứ nói về giới hạn và đạo hàm và thậm chí còn đưa ra ví dụ, nhưng không bao giờ giải thích cách giải chúng thật tốt, hoặc thậm chí chúng là gì.... người trong lớp này đã từng tiếp xúc với những thứ này trước đó chưa?",neutral,kien_thuc
15411,"dang mình đang học lớp tiền giải tích, muốn bắt đầu học phép tính, và không có bài nào trong số này hoặc bài giảng có ý nghĩa gì cả, thầy cứ nói về giới hạn và đạo hàm và thậm chí còn đưa ra ví dụ, nhưng không bao giờ giải thích cách giải chúng thật tốt, hoặc thậm chí chúng là gì.... người trong lớp này đã từng tiếp xúc với những thứ này trước đó chưa?",neutral,kien_thuc
15411,"dang mình đang học lớp tiền giải tích, muốn bắt đầu học phép tính, và không có bài nào trong số này hoặc bài giảng có ý nghĩa gì cả, thầy cứ nói về giới hạn và đạo hàm và thậm chí còn đưa ra ví dụ, nhưng không bao giờ giải thích cách giải chúng thật tốt, hoặc thậm chí chúng là gì.... người trong lớp này đã từng tiếp xúc với những thứ này trước đó chưa?",neutral,kien_thuc
15411,"dang mình đang học lớp tiền giải tích, muốn bắt đầu học phép tính, và không có bài nào trong số này hoặc bài giảng có ý nghĩa gì cả, thầy cứ nói về giới hạn và đạo hàm và thậm chí còn đưa ra ví dụ, nhưng không bao giờ giải thích cách giải chúng thật tốt, hoặc thậm chí chúng là gì.... người trong lớp này đã từng tiếp xúc với những thứ này trước đó chưa?",neutral,noi_chung
15412,32:36 có ai để ý là anh ấy không nói thế không? :D,neutral,ky_nang_giang_day
15413,"Thưa thầy, trong bài giảng cuối cùng, hai vectơ cột này đi qua gốc tọa độ như thế nào?",neutral,kien_thuc
15414,33:31 Minnie Mouse học Giải tích 2. Tuyệt vời bài giảng!,positive,chuong_trinh_hoc
15415,100 học viên trong một lớp. Mỗi học viên trả khoảng 50 đô la Mỹ một ngày cho trường đại học. Có lẽ chỉ riêng cho bài giảng này bài giảng. (Tổng cộng 2500 đô la Mỹ!) Và chúng tôi được học miễn phí! Điều này thực sự giúp ích cho những người không có cơ hội học tập và tiến bộ.,positive,chuong_trinh_hoc
15416,"3:13 ""trở lại thời người Hy Lạp..."" :) Vâng, thưa ngài, tôi nghĩ người Hy Lạp vẫn còn trên thế giới.",neutral,ky_nang_giang_day
15417,"Anh chàng này thật tuyệt. Tôi đã học kỹ thuật tại một trường đại học kém uy tín hơn MIT, và tôi nhớ các giáo sư từ chối giải thích các bước đại số của họ. Họ nói rằng ""bạn nên biết điều này rồi"".",positive,ky_nang_giang_day
15418,mọi người làm phép tính vectơ chỉ để giải trí thôi à? Bạn tôi nói là anh ấy thích nó.,neutral,kien_thuc
15419,Thật sự là huyền thoại. Giáo sư Strang giải thích đại số tuyến tính tốt hơn gấp 10 lần so với giáo sư của tôi ở trường. : ),positive,ky_nang_giang_day
15419,Thật sự là huyền thoại. Giáo sư Strang giải thích đại số tuyến tính tốt hơn gấp 10 lần so với giáo sư của tôi ở trường. : ),positive,chuong_trinh_hoc
15419,Thật sự là huyền thoại. Giáo sư Strang giải thích đại số tuyến tính tốt hơn gấp 10 lần so với giáo sư của tôi ở trường. : ),negative,ky_nang_giang_day
15420,"Anh chàng này là một huyền thoại. Tôi yêu anh ấy. Sự gọn gàng của anh ấy bài giảng cũng giống như vẻ đẹp của toán học, và 18.02 chắc chắn là khóa học yêu thích của tôi khóa học mở của MIT.",positive,ky_nang_giang_day
15420,"Anh chàng này là một huyền thoại. Tôi yêu anh ấy. Sự gọn gàng của anh ấy bài giảng cũng giống như vẻ đẹp của toán học, và 18.02 chắc chắn là khóa học yêu thích của tôi khóa học mở của MIT.",positive,chuong_trinh_hoc
15420,"Anh chàng này là một huyền thoại. Tôi yêu anh ấy. Sự gọn gàng của anh ấy bài giảng cũng giống như vẻ đẹp của toán học, và 18.02 chắc chắn là khóa học yêu thích của tôi khóa học mở của MIT.",positive,noi_chung
15420,"Anh chàng này là một huyền thoại. Tôi yêu anh ấy. Sự gọn gàng của anh ấy bài giảng cũng giống như vẻ đẹp của toán học, và 18.02 chắc chắn là khóa học yêu thích của tôi khóa học mở của MIT.",positive,kien_thuc
15421,Đây giáo sư là một huyền thoại thuần túy,positive,ky_nang_giang_day
15422,Rất tốt bài giảng. Rất dễ hiểu. Cảm ơn vì đã chia sẻ.,positive,chuong_trinh_hoc
15423,Bạn thậm chí có thể suy ra định luật cosin hoàn toàn từ hình học cơ bản và định nghĩa đơn thuần của sin và cosin. Chỉ cần sử dụng Pythagoras là bạn sẽ đến đó.,positive,kien_thuc
15424,"người hướng dẫn có nhầm lẫn không? với số hạng cos, C nhân C có góc bằng 0, do đó, cos (0) bằng 1, đây là lý do tại sao không có cos nào xuất hiện trong C nhân C, không liên quan gì đến việc quay lại định nghĩa của tích vô hướng (quá đơn giản!)",neutral,ky_nang_giang_day
15425,MIT vui lòng cung cấp nước và miếng bọt biển để giáo sư của bạn bảng đen cần lau chùi wtf,negative,thiet_bi_day_hoc
15426,Tốt nhất phấn tôi từng thấy,positive,thiet_bi_day_hoc
15427,"Đây (loạt phim 1) là cấp độ cao nhất của Breaking Bad. Cùng những điểm cao và thấp, căng thẳng, bí ẩn và thú vị",positive,chuong_trinh_hoc
15428,Tuyệt vời bài giảng thưa ngài. Tình yêu từ Ấn Độ🇮🇳🇮🇳,positive,chuong_trinh_hoc
15429,"Tại sao anh ấy lại gọi nó là ""NULL""?",neutral,ky_nang_giang_day
15429,"Tại sao anh ấy lại gọi nó là ""NULL""?",neutral,kien_thuc
15430,Xin chào ngài Câu hỏi của tôi là Tại sao chúng ta sử dụng mũ,neutral,kien_thuc
15431,Stat là phụ đề rất khó..,negative,chuong_trinh_hoc
15432,Tôi thực sự thích Video từ việc loại trừ của bạn bằng ma trận,positive,chuong_trinh_hoc
15433,Cảm ơn vì những bài giảng này  và vì nỗ lực biên soạn những video này!,positive,chuong_trinh_hoc
15434,"thông tin mà không thừa thãi, giải trí nội tại và nhịp độ tốt. Tôi hy vọng phần còn lại của loạt bài giảng cũng được thực hiện tốt như phần đầu tiên này giới thiệu",positive,de_xuat
15434,"thông tin mà không thừa thãi, giải trí nội tại và nhịp độ tốt. Tôi hy vọng phần còn lại của loạt bài giảng cũng được thực hiện tốt như phần đầu tiên này giới thiệu",positive,de_xuat
15435,cùng nội dung với tôi trường đại học không thuộc Ivy League. thực tế là vì giáo sư ở đây rất giỏi và tôi phải tự học mọi thứ nên tôi cho rằng điều đó khó hơn.,positive,ky_nang_giang_day
15435,cùng nội dung với tôi trường đại học không thuộc Ivy League. thực tế là vì giáo sư ở đây rất giỏi và tôi phải tự học mọi thứ nên tôi cho rằng điều đó khó hơn.,neutral,noi_chung
15436,"Tôi vẫn chưa học Giải tích, nhiều người cho rằng đây là gót chân Asin của những người muốn học lên cao hơn. Tôi hy vọng đó không phải là sự thật.",neutral,kien_thuc
15437,Một video hay  để bổ sung cho quá trình học tập và tốc độ học tập :-) : https://www.youtube.com/watch?v=NomUbVmmyro,positive,chuong_trinh_hoc
15438,"Tôi là một nhà kinh tế, nhưng nếu với điều này giáo sư, tôi cũng có thể trở thành một kỹ sư trong 6 tháng. Tôi cũng tự hỏi liệu những giáo sư này có học bất kỳ bài học vẽ nào không. Các vòng tròn của ông ấy đẹp quá!",positive,ky_nang_giang_day
15439,Không thể không nhận ra rằng có ai đó trong hội trường bài giảng đó đang bị ho dữ dội.,negative,noi_chung
15439,Không thể không nhận ra rằng có ai đó trong hội trường bài giảng đó đang bị ho dữ dội.,neutral,chuong_trinh_hoc
15440,"ôi trời...quá nhiều từ, quá nhiều câu, hữu ích cho sự nhầm lẫn...hãy thư giãn đi, votka martini sẽ làm được điều đó...",negative,ky_nang_giang_day
15441,"Đây là điều tôi thích ở những ngôi trường tốt này - rằng giáo viên tận tụy với việc giảng dạy. Hầu hết những giáo viên khác thì tệ hại và buồn tẻ, và cuối cùng họ trở nên ích kỷ một cách tự nhiên. Tôi yêu các bạn.",positive,ky_nang_giang_day
15441,"Đây là điều tôi thích ở những ngôi trường tốt này - rằng giáo viên tận tụy với việc giảng dạy. Hầu hết những giáo viên khác thì tệ hại và buồn tẻ, và cuối cùng họ trở nên ích kỷ một cách tự nhiên. Tôi yêu các bạn.",negative,ky_nang_giang_day
15442,"Chúa ơi, tôi yêu người đàn ông này!",positive,ky_nang_giang_day
15443,"Thưa ông, công thức xấp xỉ tuyến tính không phải là hai số hạng đầu tiên của Khai triển Taylor sao? Xấp xỉ tuyến tính có giống như Chuỗi Taylor nhưng dành cho hàm tuyến tính không?",neutral,kien_thuc
15443,"Thưa ông, công thức xấp xỉ tuyến tính không phải là hai số hạng đầu tiên của Khai triển Taylor sao? Xấp xỉ tuyến tính có giống như Chuỗi Taylor nhưng dành cho hàm tuyến tính không?",neutral,kien_thuc
15443,"Thưa ông, công thức xấp xỉ tuyến tính không phải là hai số hạng đầu tiên của Khai triển Taylor sao? Xấp xỉ tuyến tính có giống như Chuỗi Taylor nhưng dành cho hàm tuyến tính không?",neutral,kien_thuc
15443,"Thưa ông, công thức xấp xỉ tuyến tính không phải là hai số hạng đầu tiên của Khai triển Taylor sao? Xấp xỉ tuyến tính có giống như Chuỗi Taylor nhưng dành cho hàm tuyến tính không?",neutral,kien_thuc
15443,"Thưa ông, công thức xấp xỉ tuyến tính không phải là hai số hạng đầu tiên của Khai triển Taylor sao? Xấp xỉ tuyến tính có giống như Chuỗi Taylor nhưng dành cho hàm tuyến tính không?",neutral,kien_thuc
15444,"Đúng vậy, anh ấy có thể hoàn thành bài kiểm tra tỷ lệ trong cùng khoảng thời gian cần thiết để giải thích tại sao anh ấy không hoàn thành bài kiểm tra bán kính hội tụ.",neutral,ky_nang_giang_day
15444,"Đúng vậy, anh ấy có thể hoàn thành bài kiểm tra tỷ lệ trong cùng khoảng thời gian cần thiết để giải thích tại sao anh ấy không hoàn thành bài kiểm tra bán kính hội tụ.",neutral,kien_thuc
15445,nhưng thế thì ĐỊNH TÍNH LÀ GÌ?,negative,kien_thuc
15446,nếu ai đó có thể giải thích anh ấy đang nói gì ở phút 34:35 thì thật tuyệt. Tôi thực sự không hiểu. Tôi ước mình có thể giải thích cụ thể hơn về sự bối rối của mình!,neutral,thiet_bi_day_hoc
15447,Tại sao trọng tâm của Cn+1khối = Cn+1,neutral,kien_thuc
15448,Đây là một số tốt đẹp phấn,positive,thiet_bi_day_hoc
15449,Chúa phù hộ gilbert strang và cũng cảm ơn MIT vì đã đưa chúng lên web. Chúng ta đã làm gì trước khi có internet?,positive,ky_nang_giang_day
15449,Chúa phù hộ gilbert strang và cũng cảm ơn MIT vì đã đưa chúng lên web. Chúng ta đã làm gì trước khi có internet?,positive,noi_chung
15449,Chúa phù hộ gilbert strang và cũng cảm ơn MIT vì đã đưa chúng lên web. Chúng ta đã làm gì trước khi có internet?,positive,thiet_bi_day_hoc
15450,"@[USERNAME]Đúng rồi, về cơ bản năm nhất ở trường đại học dễ hơn nhiều so với A-level. Năm thứ hai là một sự thức tỉnh thô lỗ, bạn phải làm việc cật lực. Tất nhiên tất cả những thiên tài đăng ở đây đều khám phá ra năng lượng đen tối trong năm thứ nhất của họ (hoặc bạn sẽ nghĩ rằng đó là trường hợp khi họ hành động một cách bảo trợ và tự mãn về điều này bài giảng.) Họ vẫn chưa nhận ra rằng MIT có một số kinh nghiệm trong việc đào tạo một số bộ óc thông minh nhất và việc tóm tắt các nguyên tắc đầu tiên có thể có mục đích hợp lệ",positive,chuong_trinh_hoc
15450,"@[USERNAME]Đúng rồi, về cơ bản năm nhất ở trường đại học dễ hơn nhiều so với A-level. Năm thứ hai là một sự thức tỉnh thô lỗ, bạn phải làm việc cật lực. Tất nhiên tất cả những thiên tài đăng ở đây đều khám phá ra năng lượng đen tối trong năm thứ nhất của họ (hoặc bạn sẽ nghĩ rằng đó là trường hợp khi họ hành động một cách bảo trợ và tự mãn về điều này bài giảng.) Họ vẫn chưa nhận ra rằng MIT có một số kinh nghiệm trong việc đào tạo một số bộ óc thông minh nhất và việc tóm tắt các nguyên tắc đầu tiên có thể có mục đích hợp lệ",negative,noi_chung
15451,"@[USERNAME]Có lẽ là vì tôi đã hiểu hệ số nhân Lagrange, nhưng chúng không nên bị mất như vậy. phần này giải thích khá ổn, theo ý kiến cá nhân tôi",neutral,kien_thuc
15451,"@[USERNAME]Có lẽ là vì tôi đã hiểu hệ số nhân Lagrange, nhưng chúng không nên bị mất như vậy. phần này giải thích khá ổn, theo ý kiến cá nhân tôi",positive,thiet_bi_day_hoc
15452,"Cái kết tuyệt vời cho một loạt bài tuyệt vời. Cảm ơn MIT OpenCourseWare, cảm ơn Giáo sư David Jerison và cảm ơn Giáo sư Haynes Miller",positive,chuong_trinh_hoc
15452,"Cái kết tuyệt vời cho một loạt bài tuyệt vời. Cảm ơn MIT OpenCourseWare, cảm ơn Giáo sư David Jerison và cảm ơn Giáo sư Haynes Miller",positive,ky_nang_giang_day
15452,"Cái kết tuyệt vời cho một loạt bài tuyệt vời. Cảm ơn MIT OpenCourseWare, cảm ơn Giáo sư David Jerison và cảm ơn Giáo sư Haynes Miller",positive,ky_nang_giang_day
15453,Tại sao ông ấy không giải thích phương pháp giặt? Họ có nhắc đến trong bài đọc vid.,neutral,kien_thuc
15453,Tại sao ông ấy không giải thích phương pháp giặt? Họ có nhắc đến trong bài đọc vid.,neutral,kien_thuc
15453,Tại sao ông ấy không giải thích phương pháp giặt? Họ có nhắc đến trong bài đọc vid.,neutral,chuong_trinh_hoc
15454,thật buồn cười khi anh ấy nhận ra lỗi của mình :D:D,neutral,ky_nang_giang_day
15455,"Trong nhiều bài giảng về đại số tuyến tính course mà tôi đã xem, sinh viên chỉ được nghe về các mối quan hệ khác nhau giữa các không gian con cơ bản. Nhưng trong bài giảng này course, những ý tưởng này được trình bày một cách thuyết phục nhưng dễ hiểu. Điều này rất quan trọng vì nó cho phép sinh viên thực sự hiểu những ý tưởng chính của đại số tuyến tính đến mức chúng trở nên trực quan, thay vì chỉ ghi nhớ các tính chất và công thức. Một bài giảng tuyệt vời khác của giáo sư Strang!",positive,chuong_trinh_hoc
15455,"Trong nhiều bài giảng về đại số tuyến tính course mà tôi đã xem, sinh viên chỉ được nghe về các mối quan hệ khác nhau giữa các không gian con cơ bản. Nhưng trong bài giảng này course, những ý tưởng này được trình bày một cách thuyết phục nhưng dễ hiểu. Điều này rất quan trọng vì nó cho phép sinh viên thực sự hiểu những ý tưởng chính của đại số tuyến tính đến mức chúng trở nên trực quan, thay vì chỉ ghi nhớ các tính chất và công thức. Một bài giảng tuyệt vời khác của giáo sư Strang!",positive,ky_nang_giang_day
15456,tại sao phi bị giới hạn từ 0 đến 180,neutral,kien_thuc
15457,"@[USERNAME]Đường parabol  không quan trọng về mặt giới hạn vì chúng ta biết nó trở thành đường tròn đơn vị trong mặt phẳng xy. Tích phân kép chỉ quan tâm đến mặt phẳng xy, và đó là tất cả những gì bạn cần biết để thiết lập tích phân.",negative,kien_thuc
15458,"Tôi thực sự thích Bài giảng video 16: Phương trình vi phân, tách biến Từ bạn",positive,chuong_trinh_hoc
15458,"Tôi thực sự thích Bài giảng video 16: Phương trình vi phân, tách biến Từ bạn",neutral,kien_thuc
15458,"Tôi thực sự thích Bài giảng video 16: Phương trình vi phân, tách biến Từ bạn",neutral,kien_thuc
15459,rất tuyệt vời bài giảng tôi đánh giá cao sự chăm chỉ của anh ấy công việc,positive,chuong_trinh_hoc
15459,rất tuyệt vời bài giảng tôi đánh giá cao sự chăm chỉ của anh ấy công việc,positive,noi_chung
15460,"Giáo sư Strang, tôi muốn khiêm nhường cảm ơn ông đã chia sẻ kiến thức vô giá này với tất cả chúng tôi. Và tất nhiên, cảm ơn MIT đã tải lên nội dung tuyệt vời như vậy. Tôi đã dành 2,5 tháng qua để xem tất cả video, chuẩn bị tất cả 10 bộ bài tập, 3 bài kiểm tra và bài kiểm tra cuối kỳ. Tôi thậm chí đã tải lên các giải pháp của mình tại đây - https://github.com/alivay/mit_1806_linear_algebra ở định dạng latex và pdf.",positive,ky_nang_giang_day
15460,"Giáo sư Strang, tôi muốn khiêm nhường cảm ơn ông đã chia sẻ kiến thức vô giá này với tất cả chúng tôi. Và tất nhiên, cảm ơn MIT đã tải lên nội dung tuyệt vời như vậy. Tôi đã dành 2,5 tháng qua để xem tất cả video, chuẩn bị tất cả 10 bộ bài tập, 3 bài kiểm tra và bài kiểm tra cuối kỳ. Tôi thậm chí đã tải lên các giải pháp của mình tại đây - https://github.com/alivay/mit_1806_linear_algebra ở định dạng latex và pdf.",positive,chuong_trinh_hoc
15461,Tại sao máy ảnh lại rung lắc? Tại sao không tập trung vào bảng? nhiều sự xao lãng hơn,negative,thiet_bi_day_hoc
15462,"Cô gái giơ tay ở hàng đầu tiên khi anh ấy hỏi tên của ma trận là gì... :'( Đại học chỉ là một Dora the Explorer cấp cao, nơi giáo viên đặt một câu hỏi, nhìn chằm chằm vào bạn trong 15 giây, sau đó tự mình trả lời",neutral,ky_nang_giang_day
15463,Vậy nên... Tôi cảm thấy hơi sành điệu nên tôi bắt đầu đơn giản hóa 1/8 - cos(4x) /8 thành các số hạng chỉ có x và tôi kết thúc với chỉ sin^2(x cos^2(x)).. Giờ thì khá thú vị phải không vì nó giống như tích phân cộng với một hằng số. Có ai thử cách này chưa?,positive,kien_thuc
15463,Vậy nên... Tôi cảm thấy hơi sành điệu nên tôi bắt đầu đơn giản hóa 1/8 - cos(4x) /8 thành các số hạng chỉ có x và tôi kết thúc với chỉ sin^2(x cos^2(x)).. Giờ thì khá thú vị phải không vì nó giống như tích phân cộng với một hằng số. Có ai thử cách này chưa?,positive,kien_thuc
15464,"Gilbert Strang, cái tên mà tất cả sinh viên đại học trên toàn thế giới đều biết. Ông ấy là một thiên tài và một giáo viên tuyệt vời",positive,ky_nang_giang_day
15465,"Vừa hoàn thành sau 11 tuần xem tất cả bài giảng, làm tất cả bài tập về nhà và làm tất cả các bài kiểm tra. Không thể cảm ơn Giáo sư Strang và MIT đủ vì đã tạo ra và đăng loạt bài bài giảng này. Thật hiếm khi tìm thấy một nhà toán học rõ ràng là xuất chúng thực sự thích giảng dạy các khóa học trình độ nhập môn và Giáo sư Strang thật là một niềm vui khi dành khoảng 30 giờ cùng với những video này. Tôi đã học Đại số tuyến tính trước đây nhưng cần ôn lại sau 10 năm và khóa học này hoàn hảo để hướng dẫn tôi tìm hiểu các khái niệm.",positive,chuong_trinh_hoc
15465,"Vừa hoàn thành sau 11 tuần xem tất cả bài giảng, làm tất cả bài tập về nhà và làm tất cả các bài kiểm tra. Không thể cảm ơn Giáo sư Strang và MIT đủ vì đã tạo ra và đăng loạt bài bài giảng này. Thật hiếm khi tìm thấy một nhà toán học rõ ràng là xuất chúng thực sự thích giảng dạy các khóa học trình độ nhập môn và Giáo sư Strang thật là một niềm vui khi dành khoảng 30 giờ cùng với những video này. Tôi đã học Đại số tuyến tính trước đây nhưng cần ôn lại sau 10 năm và khóa học này hoàn hảo để hướng dẫn tôi tìm hiểu các khái niệm.",positive,ky_nang_giang_day
15466,"bây giờ nghi ngờ thưa ngài ngài là phước lành cho các nhà toán học và cũng liên quan đến lĩnh vực này, tôi thường thích bài giảng của ngài trong nghề nghiệp của tôi",positive,chuong_trinh_hoc
15466,"bây giờ nghi ngờ thưa ngài ngài là phước lành cho các nhà toán học và cũng liên quan đến lĩnh vực này, tôi thường thích bài giảng của ngài trong nghề nghiệp của tôi",positive,ky_nang_giang_day
15467,19:00 Chứng minh bằng phương pháp quy nạp toán học.41:41 Bổ đề bơm.,neutral,kien_thuc
15468,"Ở phần chứng minh cuối cùng (A'A khả nghịch), tại sao anh ta được phép nhân cả hai vế với một vectơ hàng? Điều đó không phải sẽ thay đổi tập nghiệm sao? Ví dụ, giả sử [x1 x2 x3 x4]' = 0. Khi đó vectơ x = 0. Nhưng nếu tôi nhân cả hai vế với [1 -1 0 0], thì [1 1 0 0]' trở thành một nghiệm. Tôi có nên cho rằng phép toán này chỉ có thể cộng các nghiệm, do đó, chứng minh vẫn hợp lệ (vì sau phép toán (2:), chỉ có 0 nằm trong không gian null)?",negative,kien_thuc
15468,"Ở phần chứng minh cuối cùng (A'A khả nghịch), tại sao anh ta được phép nhân cả hai vế với một vectơ hàng? Điều đó không phải sẽ thay đổi tập nghiệm sao? Ví dụ, giả sử [x1 x2 x3 x4]' = 0. Khi đó vectơ x = 0. Nhưng nếu tôi nhân cả hai vế với [1 -1 0 0], thì [1 1 0 0]' trở thành một nghiệm. Tôi có nên cho rằng phép toán này chỉ có thể cộng các nghiệm, do đó, chứng minh vẫn hợp lệ (vì sau phép toán (2:), chỉ có 0 nằm trong không gian null)?",neutral,kien_thuc
15469,ngài Gilbert strang vẫn còn sống chứ?,neutral,ky_nang_giang_day
15470,"@[USERNAME]này, bạn có hiểu phần đầu khi anh ấy nói rằng (d/dx +x y = 0), dịch thành dy/dx +xy = 0 không? Tôi hơi bối rối về điều đó. Tôi thấy từ phương trình đầu tiên cho rằng dy/dx = f(x) = y. Do đó y phải bằng dy/dx, vậy phương trình không phải là (d/dx)(dy/dx) = -xy sao?",neutral,kien_thuc
15470,"@[USERNAME]này, bạn có hiểu phần đầu khi anh ấy nói rằng (d/dx +x y = 0), dịch thành dy/dx +xy = 0 không? Tôi hơi bối rối về điều đó. Tôi thấy từ phương trình đầu tiên cho rằng dy/dx = f(x) = y. Do đó y phải bằng dy/dx, vậy phương trình không phải là (d/dx)(dy/dx) = -xy sao?",neutral,kien_thuc
15471,"25:24 Để chứng minh AB và BA chia sẻ cùng một giá trị riêng, tôi nghĩ ở đây bằng chứng chỉ chứng minh trường hợp khi B là khả nghịch. Vì vậy, đây không phải là một bằng chứng tổng quát.",neutral,kien_thuc
15471,"25:24 Để chứng minh AB và BA chia sẻ cùng một giá trị riêng, tôi nghĩ ở đây bằng chứng chỉ chứng minh trường hợp khi B là khả nghịch. Vì vậy, đây không phải là một bằng chứng tổng quát.",neutral,kien_thuc
15471,"25:24 Để chứng minh AB và BA chia sẻ cùng một giá trị riêng, tôi nghĩ ở đây bằng chứng chỉ chứng minh trường hợp khi B là khả nghịch. Vì vậy, đây không phải là một bằng chứng tổng quát.",neutral,kien_thuc
15471,"25:24 Để chứng minh AB và BA chia sẻ cùng một giá trị riêng, tôi nghĩ ở đây bằng chứng chỉ chứng minh trường hợp khi B là khả nghịch. Vì vậy, đây không phải là một bằng chứng tổng quát.",neutral,kien_thuc
15472,Tại sao u_0 có thể được viết dưới dạng tổ hợp tuyến tính của vectơ riêng của A? 29:55,neutral,kien_thuc
15472,Tại sao u_0 có thể được viết dưới dạng tổ hợp tuyến tính của vectơ riêng của A? 29:55,neutral,kien_thuc
15473,"Tôi đang học lớp đại số tuyến tính tại trường đại học của mình. Đó là một trong 20 trường đại học hàng đầu, nhưng giáo sư hoàn toàn làm hỏng mọi thứ! Ông ấy thậm chí còn không nhấn mạnh đến sự đóng của tổ hợp tuyến tính khi ông ấy giới thiệu không gian vectơ! Tôi nghĩ rằng đại số tuyến tính rất khó nhưng tôi nhận ra rằng thực ra không phải vậy sau khi tôi xem video này !",negative,ky_nang_giang_day
15473,"Tôi đang học lớp đại số tuyến tính tại trường đại học của mình. Đó là một trong 20 trường đại học hàng đầu, nhưng giáo sư hoàn toàn làm hỏng mọi thứ! Ông ấy thậm chí còn không nhấn mạnh đến sự đóng của tổ hợp tuyến tính khi ông ấy giới thiệu không gian vectơ! Tôi nghĩ rằng đại số tuyến tính rất khó nhưng tôi nhận ra rằng thực ra không phải vậy sau khi tôi xem video này !",negative,de_xuat
15473,"Tôi đang học lớp đại số tuyến tính tại trường đại học của mình. Đó là một trong 20 trường đại học hàng đầu, nhưng giáo sư hoàn toàn làm hỏng mọi thứ! Ông ấy thậm chí còn không nhấn mạnh đến sự đóng của tổ hợp tuyến tính khi ông ấy giới thiệu không gian vectơ! Tôi nghĩ rằng đại số tuyến tính rất khó nhưng tôi nhận ra rằng thực ra không phải vậy sau khi tôi xem video này !",positive,thiet_bi_day_hoc
15474,Tôi đã đạt 70/75 điểm trong kỳ thi đại số tuyến tính cuối cùng của mình. Cảm ơn MIT...,positive,chuong_trinh_hoc
15475,Thích anh chàng này. Tôi hơi lạc lõng với Taylor nhưng tôi cần phải xem lại và chủ yếu ở đây để tìm hiểu về phần biểu diễn tham số.,positive,ky_nang_giang_day
15476,Tôi không biết tại sao nhưng tôi cảm thấy hơi buồn khi biết rằng khóa học này đã kết thúc.,positive,chuong_trinh_hoc
15477,"@[USERNAME]Anh ấy nói về điều đó trong bài giảng 2. Tuy nhiên, anh ấy không chứng minh được điều đó.",positive,ky_nang_giang_day
15477,"@[USERNAME]Anh ấy nói về điều đó trong bài giảng 2. Tuy nhiên, anh ấy không chứng minh được điều đó.",neutral,kien_thuc
15478,MIT bảng đen có xu hướng vô cực,positive,thiet_bi_day_hoc
15479,"Hãy tôn vinh người đàn ông này, ông đã dạy nhiều sinh viên đại số tuyến tính hơn bất kỳ ai trong lịch sử, và có thể sẽ tiếp tục làm như vậy mãi mãi!",positive,ky_nang_giang_day
15479,"Hãy tôn vinh người đàn ông này, ông đã dạy nhiều sinh viên đại số tuyến tính hơn bất kỳ ai trong lịch sử, và có thể sẽ tiếp tục làm như vậy mãi mãi!",positive,kien_thuc
15480,46:31 Sử dụng Công thức Cofactor ngay từ đầu.,neutral,kien_thuc
15481,"@[USERNAME]Thực tế là A^T * A và A * A^T có cùng giá trị riêng khác không đang làm tôi kinh ngạc ngay lúc này. Tôi đoán điều này liên quan mật thiết đến thực tế là det(B = det(B^T),) vì det là nơi chúng ta có được đa thức đặc trưng/giá trị riêng...",neutral,kien_thuc
15481,"@[USERNAME]Thực tế là A^T * A và A * A^T có cùng giá trị riêng khác không đang làm tôi kinh ngạc ngay lúc này. Tôi đoán điều này liên quan mật thiết đến thực tế là det(B = det(B^T),) vì det là nơi chúng ta có được đa thức đặc trưng/giá trị riêng...",neutral,kien_thuc
15481,"@[USERNAME]Thực tế là A^T * A và A * A^T có cùng giá trị riêng khác không đang làm tôi kinh ngạc ngay lúc này. Tôi đoán điều này liên quan mật thiết đến thực tế là det(B = det(B^T),) vì det là nơi chúng ta có được đa thức đặc trưng/giá trị riêng...",neutral,kien_thuc
15482,"Hôm nay tôi đã hoàn thành khóa học này (khóa 3), tôi không phải là chuyên ngành khoa học, tôi là sinh viên Eco và vừa mới bắt đầu học Toán để có thể theo đuổi chương trình Thạc sĩ sau này và đây là khóa học đầu tiên (khóa 3) mà tôi đã học và nó thực sự truyền cảm hứng cho tôi để học thêm toán và không bao giờ bỏ học (khóa 4: Đại số tuyến tính), điều này không thể thực hiện được nếu không có (khóa 1: Giáo sư Stang) và (khóa 2: MIT OCW). Cảm ơn rất nhiều, không lời nào có thể diễn tả hết lòng biết ơn của tôi.",positive,ky_nang_giang_day
15482,"Hôm nay tôi đã hoàn thành khóa học này (khóa 3), tôi không phải là chuyên ngành khoa học, tôi là sinh viên Eco và vừa mới bắt đầu học Toán để có thể theo đuổi chương trình Thạc sĩ sau này và đây là khóa học đầu tiên (khóa 3) mà tôi đã học và nó thực sự truyền cảm hứng cho tôi để học thêm toán và không bao giờ bỏ học (khóa 4: Đại số tuyến tính), điều này không thể thực hiện được nếu không có (khóa 1: Giáo sư Stang) và (khóa 2: MIT OCW). Cảm ơn rất nhiều, không lời nào có thể diễn tả hết lòng biết ơn của tôi.",positive,noi_chung
15482,"Hôm nay tôi đã hoàn thành khóa học này (khóa 3), tôi không phải là chuyên ngành khoa học, tôi là sinh viên Eco và vừa mới bắt đầu học Toán để có thể theo đuổi chương trình Thạc sĩ sau này và đây là khóa học đầu tiên (khóa 3) mà tôi đã học và nó thực sự truyền cảm hứng cho tôi để học thêm toán và không bao giờ bỏ học (khóa 4: Đại số tuyến tính), điều này không thể thực hiện được nếu không có (khóa 1: Giáo sư Stang) và (khóa 2: MIT OCW). Cảm ơn rất nhiều, không lời nào có thể diễn tả hết lòng biết ơn của tôi.",positive,chuong_trinh_hoc
15482,"Hôm nay tôi đã hoàn thành khóa học này (khóa 3), tôi không phải là chuyên ngành khoa học, tôi là sinh viên Eco và vừa mới bắt đầu học Toán để có thể theo đuổi chương trình Thạc sĩ sau này và đây là khóa học đầu tiên (khóa 3) mà tôi đã học và nó thực sự truyền cảm hứng cho tôi để học thêm toán và không bao giờ bỏ học (khóa 4: Đại số tuyến tính), điều này không thể thực hiện được nếu không có (khóa 1: Giáo sư Stang) và (khóa 2: MIT OCW). Cảm ơn rất nhiều, không lời nào có thể diễn tả hết lòng biết ơn của tôi.",positive,kien_thuc
15483,"Thay vì sử dụng công thức góc nhân đôi và khai triển bình phương, ông ấy có thể sử dụng hàm mũ phức để tuyến tính hóa cos theta lên bậc bốn, đúng không?",neutral,ky_nang_giang_day
15484,Tôi nghĩ grad(f) ở phút 16:00 phải là lecture đúng không? Dù sao thì cũng cảm ơn bạn vì bài giảng tuyệt vời (1:!,positive,chuong_trinh_hoc
15484,Tôi nghĩ grad(f) ở phút 16:00 phải là lecture đúng không? Dù sao thì cũng cảm ơn bạn vì bài giảng tuyệt vời (1:!,positive,ky_nang_giang_day
15484,Tôi nghĩ grad(f) ở phút 16:00 phải là lecture đúng không? Dù sao thì cũng cảm ơn bạn vì bài giảng tuyệt vời (1:!,neutral,kien_thuc
15484,Tôi nghĩ grad(f) ở phút 16:00 phải là lecture đúng không? Dù sao thì cũng cảm ơn bạn vì bài giảng tuyệt vời (1:!,neutral,kien_thuc
15485,Yêu phác thảo khóa học,positive,chuong_trinh_hoc
15486,lúc 28:10 tại sao chúng ta lại phải dùng (*) để tìm y. Với tôi thì có vẻ dễ giải quyết nhỉ?,negative,kien_thuc
15487,Cảm ơn bạn vì điều này bài giảng: https://www.youtube.com/richcoast,positive,chuong_trinh_hoc
15488,"Khi tôi kết nối các điểm trong đầu mình khoảng 15 phút khi giáo sư đang nói về lý do tại sao chúng ta làm điều này, đó là một trong những khoảnh khắc kinh ngạc nhất trong tâm trí tôi. Tôi cảm thấy như thể đang đi từ trên xuống dưới trong meme não nhỏ - não thiên hà trong một giây. Thật tuyệt vời khóa học",positive,chuong_trinh_hoc
15488,"Khi tôi kết nối các điểm trong đầu mình khoảng 15 phút khi giáo sư đang nói về lý do tại sao chúng ta làm điều này, đó là một trong những khoảnh khắc kinh ngạc nhất trong tâm trí tôi. Tôi cảm thấy như thể đang đi từ trên xuống dưới trong meme não nhỏ - não thiên hà trong một giây. Thật tuyệt vời khóa học",positive,ky_nang_giang_day
15489,"Tôi tự hỏi liệu nửa hình tròn có khả vi tại x=+1 không. Tôi sẽ nói là không, vì nó trở thành âm vô cực.",neutral,kien_thuc
15490,"Là một người hâm mộ cuồng nhiệt của Rick và Morty (IQ 200), tôi nghĩ mình nên ghé thăm video giải tích để xem giáo sư có làm tốt không.",neutral,chuong_trinh_hoc
15490,"Là một người hâm mộ cuồng nhiệt của Rick và Morty (IQ 200), tôi nghĩ mình nên ghé thăm video giải tích để xem giáo sư có làm tốt không.",neutral,ky_nang_giang_day
15491,tôi bối rối với z trên và z dưới ai đó có thể giúp tôi với/,neutral,kien_thuc
15491,tôi bối rối với z trên và z dưới ai đó có thể giúp tôi với/,neutral,kien_thuc
15492,giáo sư thực sự quan tâm đến chủ đề này và giải thích rất hay. Tôi đoán ông ấy là học trò của albert einstien.wallah giáo sư,positive,ky_nang_giang_day
15492,giáo sư thực sự quan tâm đến chủ đề này và giải thích rất hay. Tôi đoán ông ấy là học trò của albert einstien.wallah giáo sư,positive,noi_chung
15493,"Giá như câu hỏi xác suất có thông tin rõ ràng bằng một nửa cách Giáo sư nói thì tốt biết mấy! Như ông ấy đã đề cập ở phần cuối, rất dễ bị nhầm lẫn khi giải câu hỏi xác suất dựa trên các tình huống thực tế vì thông tin được cung cấp có thể dễ dàng có nhiều cách hiểu khác nhau nếu không duy trì được sự rõ ràng tối đa.",neutral,ky_nang_giang_day
15493,"Giá như câu hỏi xác suất có thông tin rõ ràng bằng một nửa cách Giáo sư nói thì tốt biết mấy! Như ông ấy đã đề cập ở phần cuối, rất dễ bị nhầm lẫn khi giải câu hỏi xác suất dựa trên các tình huống thực tế vì thông tin được cung cấp có thể dễ dàng có nhiều cách hiểu khác nhau nếu không duy trì được sự rõ ràng tối đa.",neutral,kien_thuc
15494,"Biết rằng lớp  đang trống, 19:09 trở nên vô cùng buồn cười.",neutral,thiet_bi_day_hoc
15495,"cũng công bằng thôi, theo một cách nào đó thì đây có thể là một bài đánh giá nhưng theo tôi trường đại học thì đây là những điều kiện tiên quyết rất cơ bản trước khi bạn được phép tham gia khóa học!",neutral,noi_chung
15495,"cũng công bằng thôi, theo một cách nào đó thì đây có thể là một bài đánh giá nhưng theo tôi trường đại học thì đây là những điều kiện tiên quyết rất cơ bản trước khi bạn được phép tham gia khóa học!",neutral,kien_thuc
15496,"Tuyệt vời video, cuối cùng tôi cũng hiểu rồi! :) cảm ơn, MIT!!!",positive,chuong_trinh_hoc
15497,Phần không gian vectơ nghe giống như phần giới thiệu về đại số trừu tượng. Tuyệt!,positive,kien_thuc
15497,Phần không gian vectơ nghe giống như phần giới thiệu về đại số trừu tượng. Tuyệt!,neutral,kien_thuc
15498,Thật vui khi thấy anh ấy khỏe! Tốt hơn nhiều so với chất lượng 240p của bản gốc video đại số tuyến tính.,negative,chuong_trinh_hoc
15498,Thật vui khi thấy anh ấy khỏe! Tốt hơn nhiều so với chất lượng 240p của bản gốc video đại số tuyến tính.,positive,chuong_trinh_hoc
15499,Anh chàng này đã dạy tôi nhiều hơn những gì tôi học được khi còn học Toán trong bốn năm.,positive,ky_nang_giang_day
15500,"Khoảng 18:02 khi prof strang cho biết khi nào chúng ta sẽ có được một ma trận đối xứng, ông ấy nhân R^t với R. Ông ấy không viết thứ tự ngược lại sao? phải là R thành R^t??",neutral,kien_thuc
15500,"Khoảng 18:02 khi prof strang cho biết khi nào chúng ta sẽ có được một ma trận đối xứng, ông ấy nhân R^t với R. Ông ấy không viết thứ tự ngược lại sao? phải là R thành R^t??",positive,ky_nang_giang_day
15501,Thật quan trọng khi phát triển góc nhìn hình học về đại số tuyến tính.,neutral,kien_thuc
15502,tại sao Idm không tải xuống bài giảng này và chỉ một số bài giảng trong số bài giảng này có thể tải xuống được.,neutral,thiet_bi_day_hoc
15503,lúc 6:07 anh ấy viết E2 xấp xỉ bằng bình phương của E1. Nhưng không phải là E1 xấp xỉ bằng bình phương của E2 sao?,neutral,kien_thuc
15503,lúc 6:07 anh ấy viết E2 xấp xỉ bằng bình phương của E1. Nhưng không phải là E1 xấp xỉ bằng bình phương của E2 sao?,neutral,kien_thuc
15504,Sinh viên MIT chưa thấy định luật cosin ... lắc đầu,neutral,kien_thuc
15505,"38:38 Tôi không hiểu ý anh ấy. Y là biến ngẫu nhiên biểu thị thời gian chúng ta phải đợi. Và đối với thời gian, không phải là liên tục sao? Vậy thì Y cũng phải là (6: liên tục RV). Tại sao anh ấy lại đề cập đến PMF thay vì PDF?",neutral,kien_thuc
15505,"38:38 Tôi không hiểu ý anh ấy. Y là biến ngẫu nhiên biểu thị thời gian chúng ta phải đợi. Và đối với thời gian, không phải là liên tục sao? Vậy thì Y cũng phải là (6: liên tục RV). Tại sao anh ấy lại đề cập đến PMF thay vì PDF?",neutral,kien_thuc
15505,"38:38 Tôi không hiểu ý anh ấy. Y là biến ngẫu nhiên biểu thị thời gian chúng ta phải đợi. Và đối với thời gian, không phải là liên tục sao? Vậy thì Y cũng phải là (6: liên tục RV). Tại sao anh ấy lại đề cập đến PMF thay vì PDF?",neutral,kien_thuc
15505,"38:38 Tôi không hiểu ý anh ấy. Y là biến ngẫu nhiên biểu thị thời gian chúng ta phải đợi. Và đối với thời gian, không phải là liên tục sao? Vậy thì Y cũng phải là (6: liên tục RV). Tại sao anh ấy lại đề cập đến PMF thay vì PDF?",neutral,ky_nang_giang_day
15505,"38:38 Tôi không hiểu ý anh ấy. Y là biến ngẫu nhiên biểu thị thời gian chúng ta phải đợi. Và đối với thời gian, không phải là liên tục sao? Vậy thì Y cũng phải là (6: liên tục RV). Tại sao anh ấy lại đề cập đến PMF thay vì PDF?",neutral,kien_thuc
15505,"38:38 Tôi không hiểu ý anh ấy. Y là biến ngẫu nhiên biểu thị thời gian chúng ta phải đợi. Và đối với thời gian, không phải là liên tục sao? Vậy thì Y cũng phải là (6: liên tục RV). Tại sao anh ấy lại đề cập đến PMF thay vì PDF?",neutral,kien_thuc
15505,"38:38 Tôi không hiểu ý anh ấy. Y là biến ngẫu nhiên biểu thị thời gian chúng ta phải đợi. Và đối với thời gian, không phải là liên tục sao? Vậy thì Y cũng phải là (6: liên tục RV). Tại sao anh ấy lại đề cập đến PMF thay vì PDF?",neutral,kien_thuc
15506,"Dang - Giáo sư Tsitsiklis giỏi quá! Nhắc tôi nhớ đến Gilbert Strang và Walter Lewin. Có lẽ tất cả giáo sư MIT đều giỏi, nhỉ?",positive,ky_nang_giang_day
15506,"Dang - Giáo sư Tsitsiklis giỏi quá! Nhắc tôi nhớ đến Gilbert Strang và Walter Lewin. Có lẽ tất cả giáo sư MIT đều giỏi, nhỉ?",positive,ky_nang_giang_day
15507,Tôi không hiểu tại sao tổng các giá trị kỳ vọng lại cho giá trị trung bình?? Bạn vui lòng giúp tôi nhé. Cảm ơn bạn trước.,neutral,kien_thuc
15508,Có ai giúp tôi hiểu chuyện gì xảy ra ở phút 12:30 không? Tôi không hiểu anh ấy đã làm gì ở đó.,neutral,ky_nang_giang_day
15509,"Ôi trời, giáo sư strang buồn cười quá. Anh ấy diễn xuất rất tự nhiên. Thích anh ấy quá.",positive,ky_nang_giang_day
15510,"Thưa ngài, cách giải thích của ngài thật tuyệt vời... Cảm ơn NULL đã thực hiện công việc cao cả này, mang lại lợi ích cho hàng trăm nghìn sinh viên trên thế giới...... hãy tiếp tục công việc tuyệt vời này!!",positive,ky_nang_giang_day
15510,"Thưa ngài, cách giải thích của ngài thật tuyệt vời... Cảm ơn NULL đã thực hiện công việc cao cả này, mang lại lợi ích cho hàng trăm nghìn sinh viên trên thế giới...... hãy tiếp tục công việc tuyệt vời này!!",positive,noi_chung
15511,"Cảm ơn Tiến sĩ Strang, đã ở đây từ Bài giảng 1 đến Bài giảng 34. Thật tuyệt vời khóa học",positive,ky_nang_giang_day
15511,"Cảm ơn Tiến sĩ Strang, đã ở đây từ Bài giảng 1 đến Bài giảng 34. Thật tuyệt vời khóa học",positive,chuong_trinh_hoc
15512,Cảm ơn prof Tôi đang viết bài kiểm tra vào sáng mai,positive,ky_nang_giang_day
15513,Tôi rất may mắn khi được chứng kiến giáo sư Gilbert Strang bài giảng. Rất biết ơn bạn.,positive,chuong_trinh_hoc
15513,Tôi rất may mắn khi được chứng kiến giáo sư Gilbert Strang bài giảng. Rất biết ơn bạn.,positive,ky_nang_giang_day
15514,"Rất tốt. Cảm ơn bạn. Nhưng trong ví dụ đầu tiên ở phút 29:30, tại sao bạn lại đi (-1) theo hướng ""X""? Tôi nghĩ là (+1), vì vậy Vector sẽ là < 1, 1, 0>.",negative,kien_thuc
15514,"Rất tốt. Cảm ơn bạn. Nhưng trong ví dụ đầu tiên ở phút 29:30, tại sao bạn lại đi (-1) theo hướng ""X""? Tôi nghĩ là (+1), vì vậy Vector sẽ là < 1, 1, 0>.",positive,ky_nang_giang_day
15515,colombia phát nổ vì một thợ hàn đã làm hỏng vòng đệm chữ O đồ ngốc đừng làm hỏng sự thật. columbia phát nổ vì power point lol wow bạn thông minh quá,negative,ky_nang_giang_day
15516,Rất tốt nội dung để hiểu suy luận Bayesian. Cảm ơn giáo sư.,positive,ky_nang_giang_day
15516,Rất tốt nội dung để hiểu suy luận Bayesian. Cảm ơn giáo sư.,positive,chuong_trinh_hoc
15516,Rất tốt nội dung để hiểu suy luận Bayesian. Cảm ơn giáo sư.,neutral,kien_thuc
15517,Tại sao (ma trận 1: 4x4) lại có 24 ma trận hoán vị trong khi (ma trận 2: 3x3) lại có 6? Tôi không hiểu họ tính toán nhanh như vậy bằng cách nào.,neutral,kien_thuc
15517,Tại sao (ma trận 1: 4x4) lại có 24 ma trận hoán vị trong khi (ma trận 2: 3x3) lại có 6? Tôi không hiểu họ tính toán nhanh như vậy bằng cách nào.,neutral,kien_thuc
15518,giảng viên trong một giảng viên) tôi có phải là người duy nhất biết điều đó không?,negative,ky_nang_giang_day
15518,giảng viên trong một giảng viên) tôi có phải là người duy nhất biết điều đó không?,neutral,chuong_trinh_hoc
15519,"giáo sư của tôi không tệ, nhưng anh ấy không thể sánh được với giáo sư này. Không hề che giấu.",neutral,ky_nang_giang_day
15520,LOL - những bình luận khó chịu đó bình luận do máy tính tạo ra xuất hiện khắp MIT video mà tôi đã xem. Có giả thuyết nào giải thích tại sao chúng tồn tại không?,negative,thiet_bi_day_hoc
15520,LOL - những bình luận khó chịu đó bình luận do máy tính tạo ra xuất hiện khắp MIT video mà tôi đã xem. Có giả thuyết nào giải thích tại sao chúng tồn tại không?,negative,noi_chung
15521,"Tôi đoán là tôi không hiểu cách cuối cùng tập vectơ tạo ra một không gian con/mặt phẳng. Vì x, y và z được sử dụng trong cả hai vectơ, không phải không gian con về cơ bản là tất cả R3 với các tổ hợp tuyến tính có thể mở rộng vô hạn qua mặt phẳng đó do z sao?",neutral,kien_thuc
15522,"Rõ ràng, súc tích, mạch lạc nên ai không thích điều này",positive,chuong_trinh_hoc
15523,"Trời ơi, đây là một bài giảng hay",positive,chuong_trinh_hoc
15524,16:20 phân tích tín hiệu nhỏ? hahaha,neutral,kien_thuc
15525,"cảm ơn Ông Strang vì bài giảng!!! Tôi vẫn chưa hiểu tại sao với 2 triệu người đăng ký, chỉ có 4000 người theo dõi bài giảng của bạn!! Chuỗi của bạn là một trong những chuỗi tốt nhất tôi tìm thấy liên quan đến khoa học cơ bản, xin chúc mừng!!!",positive,ky_nang_giang_day
15525,"cảm ơn Ông Strang vì bài giảng!!! Tôi vẫn chưa hiểu tại sao với 2 triệu người đăng ký, chỉ có 4000 người theo dõi bài giảng của bạn!! Chuỗi của bạn là một trong những chuỗi tốt nhất tôi tìm thấy liên quan đến khoa học cơ bản, xin chúc mừng!!!",positive,chuong_trinh_hoc
15526,"nếu bạn là một người bình thường như tôi, điều này không liên quan gì đến bất kỳ thông tin nào được đưa ra trong video này, giống như tôi (tôi là một đầu bếp trong một nhà hàng), bạn sẽ tự hỏi, ANH TA ĐANG NÓI VỀ CÁI GÌ!!? và tôi đã xem hết 10 phút chết tiệt này ....",negative,ky_nang_giang_day
15527,Cuốn sách của anh ấy  cũng có vẻ rất hay.,positive,thiet_bi_day_hoc
15528,"""đừng nói cùng một lúc"" anh ấy đang nói đùa hay đang cố che giấu sự thật là lớp học đang vắng người? chưa chắc lắm :)",negative,ky_nang_giang_day
15529,Wow! Cách anh ấy dạy thật tuyệt vời...Cảm ơn rất nhiều..,positive,ky_nang_giang_day
15530,Đẹp cắt tóc ;) Và tuyệt vời bài giảng tất nhiên rồi!,positive,noi_chung
15530,Đẹp cắt tóc ;) Và tuyệt vời bài giảng tất nhiên rồi!,positive,chuong_trinh_hoc
15531,"Vừa hoàn thành toàn bộ Khóa học Giải tích biến đơn. Cảm ơn MIT OCW đã giúp tôi thực hiện được điều này. Brazil, 2015.",positive,noi_chung
15531,"Vừa hoàn thành toàn bộ Khóa học Giải tích biến đơn. Cảm ơn MIT OCW đã giúp tôi thực hiện được điều này. Brazil, 2015.",neutral,chuong_trinh_hoc
15532,"giáo viên này không tốt lắm ngay cả đối với trường trung học! trình bày của ông ấy rất tệ, tôi không hiểu làm sao có thể như vậy được, MIT giáo viên này là gì ???!!! Bài trình bày hình học trình bày và giải thích của ông ấy thực sự tệ!!!!",negative,ky_nang_giang_day
15532,"giáo viên này không tốt lắm ngay cả đối với trường trung học! trình bày của ông ấy rất tệ, tôi không hiểu làm sao có thể như vậy được, MIT giáo viên này là gì ???!!! Bài trình bày hình học trình bày và giải thích của ông ấy thực sự tệ!!!!",negative,thiet_bi_day_hoc
15532,"giáo viên này không tốt lắm ngay cả đối với trường trung học! trình bày của ông ấy rất tệ, tôi không hiểu làm sao có thể như vậy được, MIT giáo viên này là gì ???!!! Bài trình bày hình học trình bày và giải thích của ông ấy thực sự tệ!!!!",negative,thiet_bi_day_hoc
15532,"giáo viên này không tốt lắm ngay cả đối với trường trung học! trình bày của ông ấy rất tệ, tôi không hiểu làm sao có thể như vậy được, MIT giáo viên này là gì ???!!! Bài trình bày hình học trình bày và giải thích của ông ấy thực sự tệ!!!!",negative,chuong_trinh_hoc
15533,Có ai biết cách tính xác suất x lớn hơn hoặc bằng 1/2 không?,neutral,kien_thuc
15534,Tôi rất vui khi thấy người này người còn sống vào năm 2019. Cầu mong Chúa ban cho anh ấy một cuộc sống lâu dài,positive,ky_nang_giang_day
15535,"Tôi thực sự vui mừng khi những bài giảng tuyệt vời bài giảng được cung cấp miễn phí. Những người trẻ tuổi nên trân trọng việc họ có internet và họ có thể học từ các tài liệu từ các trường đại học khác, đặc biệt là từ các quốc gia khác trên thế giới.",positive,chuong_trinh_hoc
15536,Làm thế nào để tìm ra thể tích của tứ diện bằng cách sử dụng tích phân ba. Thủ tục tính giới hạn là gì?,neutral,kien_thuc
18618,"Đúng vậy, một phần lớn của việc lập trình là học các công cụ mới ngay tại chỗ, nhưng sẽ rất tuyệt nếu hiểu được các lý thuyết cơ bản về cách thức hoạt động của một số thư viện và khái niệm này ít nhất một lần trước khi áp dụng vào thực tế!",negative,cung_cap_tai_lieu
18618,"Đúng vậy, một phần lớn của việc lập trình là học các công cụ mới ngay tại chỗ, nhưng sẽ rất tuyệt nếu hiểu được các lý thuyết cơ bản về cách thức hoạt động của một số thư viện và khái niệm này ít nhất một lần trước khi áp dụng vào thực tế!",negative,chuong_trinh_hoc
18619,"Cảm ơn rất nhiều, Tiến sĩ Chuck và nhóm!",positive,ky_nang_giang_day
18620,"Sẽ thật tuyệt nếu bạn đóng gói tất cả các công cụ cần thiết cho một khóa học nhất định vào một hình ảnh máy ảo được xác định trước, sẵn sàng để tải xuống từ khóa học.",negative,noi_chung
18621,Điểm trừ duy nhất của tôi là tôi hy vọng họ có thể cập nhật thời gian cần thiết để chấm điểm bài tập trên máy chủ.,negative,ham_diem
18622,Có lẽ nó hơi ngắn một chút.,negative,chuong_trinh_hoc
18623,bài tập có tính thử thách và thú vị.,positive,bai_tap
18623,bài tập có tính thử thách và thú vị.,positive,bai_tap
18624,Tuyệt vời khóa học dành cho người mới bắt đầu.,positive,noi_chung
18625,Đây thực sự là một cuốn sách hay tổng quan về Sản xuất và Quản lý Sữa.,positive,noi_chung
18626,"Sự chú ý tỉ mỉ đến từng chi tiết, trực giác về những cạm bẫy cụ thể đối với người học mới (và cả những người thành thạo hơn nữa) và khiếu hài hước tự hạ thấp bản thân, tất cả đều góp phần làm cho khóa học này thực sự nâng cao khóa học trở nên vô cùng thú vị!",positive,noi_chung
18626,"Sự chú ý tỉ mỉ đến từng chi tiết, trực giác về những cạm bẫy cụ thể đối với người học mới (và cả những người thành thạo hơn nữa) và khiếu hài hước tự hạ thấp bản thân, tất cả đều góp phần làm cho khóa học này thực sự nâng cao khóa học trở nên vô cùng thú vị!",positive,chuong_trinh_hoc
18626,"Sự chú ý tỉ mỉ đến từng chi tiết, trực giác về những cạm bẫy cụ thể đối với người học mới (và cả những người thành thạo hơn nữa) và khiếu hài hước tự hạ thấp bản thân, tất cả đều góp phần làm cho khóa học này thực sự nâng cao khóa học trở nên vô cùng thú vị!",positive,chuong_trinh_hoc
18626,"Sự chú ý tỉ mỉ đến từng chi tiết, trực giác về những cạm bẫy cụ thể đối với người học mới (và cả những người thành thạo hơn nữa) và khiếu hài hước tự hạ thấp bản thân, tất cả đều góp phần làm cho khóa học này thực sự nâng cao khóa học trở nên vô cùng thú vị!",positive,noi_chung
18627,Tôi có thể tận hưởng toàn bộ trải nghiệm khóa học hơn nếu thiết kế không quá kỹ thuật.,neutral,noi_chung
18628,Bây giờ tôi cảm thấy mình đã hiểu khá rõ về kỹ thuật phần mềm.,positive,noi_chung
18629,"Tuy nhiên, tôi không bận tâm vì một số bình luận không liên quan nên có vẻ hơi kỳ lạ.",negative,ky_nang_giang_day
18630,Rất rõ ràng bài giảng.,positive,ky_nang_giang_day
18631,Tôi đã học được rất nhiều và nắm bắt cũng như ghi nhớ được nhiều hơn chỉ nhờ phong cách và phương pháp giảng dạy của ông.,positive,noi_chung
18631,Tôi đã học được rất nhiều và nắm bắt cũng như ghi nhớ được nhiều hơn chỉ nhờ phong cách và phương pháp giảng dạy của ông.,positive,ky_nang_giang_day
18632,Cơ sở dữ liệu Oracle trên Virtual box và tích hợp dữ liệu Pentaho) thực sự là một cơn ác mộng.,negative,cung_cap_tai_lieu
18633,Bài tập và hướng dẫn rất hữu ích để bổ sung cho bài giảng và giúp nâng cao kỹ năng của chúng ta trong lĩnh vực này.,positive,bai_tap
18633,Bài tập và hướng dẫn rất hữu ích để bổ sung cho bài giảng và giúp nâng cao kỹ năng của chúng ta trong lĩnh vực này.,positive,ky_nang_giang_day
18633,Bài tập và hướng dẫn rất hữu ích để bổ sung cho bài giảng và giúp nâng cao kỹ năng của chúng ta trong lĩnh vực này.,positive,ky_nang_giang_day
18634,khóa học  khó và đòi hỏi phải có kiến thức trước về R.,negative,noi_chung
18635,Tôi ước có một chương trình giảng dạy toàn diện giáo trình mà chúng ta có thể truy cập vào đầu khóa học để chuẩn bị cho bài tập.,negative,cung_cap_tai_lieu
18636,Tôi thích sự đơn giản của khóa học.,positive,noi_chung
18637,"Ngoài ra, khi học sinh bắt đầu phải đọc nhiều tài liệu tài liệu, v.v. thì thời gian mong đợi mỗi tuần nên được tăng lên.",negative,cung_cap_tai_lieu
18637,"Ngoài ra, khi học sinh bắt đầu phải đọc nhiều tài liệu tài liệu, v.v. thì thời gian mong đợi mỗi tuần nên được tăng lên.",negative,chuong_trinh_hoc
18638,"Một lần nữa, Giáo sư Chaikin đã thực sự thành công trong việc thiết kế (rất thực tế!) các bài học và truyền tải nội dung.",positive,ky_nang_giang_day
18639,Việc học được giải thích bằng những thuật ngữ đơn giản và các mẹo cũng như phương pháp hay nhất sẽ thực sự giúp bạn ghi nhớ.,positive,cung_cap_tai_lieu
18639,Việc học được giải thích bằng những thuật ngữ đơn giản và các mẹo cũng như phương pháp hay nhất sẽ thực sự giúp bạn ghi nhớ.,positive,cung_cap_tai_lieu
18640,Tôi thực sự thích nó .,positive,noi_chung
18641,người hướng dẫn rõ ràng là chuyên gia về chủ đề này cũng như trong giảng dạy và thông tin được truyền tải rất rõ ràng.,positive,ky_nang_giang_day
18641,người hướng dẫn rõ ràng là chuyên gia về chủ đề này cũng như trong giảng dạy và thông tin được truyền tải rất rõ ràng.,positive,ky_nang_giang_day
18642,Ít hoặc không có sự hỗ trợ.,negative,noi_chung
18643,Nó mang lại cho bạn cảm giác như đang ở trong một lớp học thực sự.,positive,noi_chung
18644,Nó làm sáng tỏ rất nhiều điều trước đây còn mơ hồ.,positive,chuong_trinh_hoc
18645,Sự bất tiện thực sự với khóa học này là Diễn đàn không hoạt động.,negative,cung_cap_tai_lieu
18645,Sự bất tiện thực sự với khóa học này là Diễn đàn không hoạt động.,negative,noi_chung
18646,Tôi thực sự đánh giá cao khi có cơ hội tham gia khóa học này .,positive,noi_chung
18647,"Tuy nhiên, lý do tôi chỉ đánh giá 3 sao là vì điều hữu ích duy nhất bạn học được trong khóa học này  là khuôn khổ tư duy thiết kế.",negative,chuong_trinh_hoc
18648,Tôi chắc chắn sẽ tiếp tục.,positive,noi_chung
18649,"Đó là một khóa học tốt, tuy nhiên, có vẻ như bản ghi âm là từ khóa học trước đó.",positive,noi_chung
18649,"Đó là một khóa học tốt, tuy nhiên, có vẻ như bản ghi âm là từ khóa học trước đó.",negative,ky_nang_giang_day
18650,Tôi chưa bao giờ sử dụng dịch vụ này trước đây và không hiểu tại sao tôi phải lưu trữ dữ liệu cá nhân của mình ở đâu đó nếu tôi không có ý định sử dụng dịch vụ này trong tương lai.,negative,noi_chung
18651,Thật tuyệt khi được trở thành một phần của khóa học có rất nhiều cá nhân đam mê cống hiến cho sức khỏe của hành tinh.,positive,noi_chung
18652,Anh ấy thực sự đã có cách tiếp cận tuyệt vời khi trình bày khóa học này.,positive,ky_nang_giang_day
18653,Khóa học này khóa học hoàn toàn phù hợp với kiến thức tôi đã học.,positive,noi_chung
18654,"Tuy nhiên, tôi đánh giá cao tính thách thức và nghiêm túc của chủ đề này.",positive,chuong_trinh_hoc
18655,"Nó có thể hữu ích với một số người (đặc biệt là những người làm trong lĩnh vực B2C hoặc muốn tìm hiểu về công nghệ), nhưng với tôi thì đó là sự lãng phí thời gian.",negative,noi_chung
18656,"Có một chút hỗ trợ trong bài tập lập trình, nhưng điều đó có thể là do những lý lịch đã đề cập ở trên mà sinh viên đưa ra.",neutral,bai_tap
18657,Tôi nghĩ rằng sẽ tốt hơn nếu những video này được phân bổ rải rác trong phần còn lại của chuyên ngành.,neutral,ky_nang_giang_day
18658,Những khái niệm và kỹ thuật tôi học được cho đến nay đã giúp tôi thực sự cải thiện cuộc sống đại học của mình với tư cách là một sinh viên và trong công việc giáo viên tiếng Anh.,positive,noi_chung
18659,Thách thức Bài tập.,positive,bai_tap
18660,"Thú vị, sâu sắc và",positive,noi_chung
18660,"Thú vị, sâu sắc và",positive,chuong_trinh_hoc
18661,"Theo ý kiến trân trọng của tôi, phần giới thiệu còn có ý nghĩa hơn nhiều so với khóa học này.",negative,cung_cap_tai_lieu
18662,Khóa học này  đã cung cấp cho tôi tất cả những gì tôi cần để đào sâu hơn và thực hiện các thí nghiệm.,positive,noi_chung
18663,Các khái niệm được giảng dạy tốt.,positive,ky_nang_giang_day
18664,"Ngoài ra, tôi nghĩ rằng việc quá tải có thể khiến nhiều sinh viên bỏ cuộc trước khi họ thực sự hiểu được cách các nguồn lực hiện có (tài liệu, v.v.) có thể giúp họ.",negative,cung_cap_tai_lieu
18665,"Đã thay đổi cách tôi suy nghĩ về nhiều thứ, đó chính là điều mà tôi nghĩ giáo dục nên hướng tới.",positive,noi_chung
18666,Thách thức với trò chơi điện tử.,positive,chuong_trinh_hoc
18667,Tuyệt vời gia sư và tài liệu.,positive,ky_nang_giang_day
18667,Tuyệt vời gia sư và tài liệu.,positive,cung_cap_tai_lieu
18668,Không thể đánh bại được điều đó.,positive,noi_chung
18669,Diễn đạt tốt và đầy đủ thông tin.,positive,chuong_trinh_hoc
18669,Diễn đạt tốt và đầy đủ thông tin.,positive,chuong_trinh_hoc
18670,Jeff nói ngay từ đầu rằng đây chỉ là bản tóm tắt và chỉ ra một số tài nguyên khác.,positive,noi_chung
18671,Lexalytics không có trên máy Mac nên tôi thậm chí không thể sử dụng nó.,negative,noi_chung
18672,Khóa học này  được cấu trúc rất tốt và trình bày rất hay.,positive,chuong_trinh_hoc
18672,Khóa học này  được cấu trúc rất tốt và trình bày rất hay.,positive,chuong_trinh_hoc
18673,thiết kế khóa học được cân nhắc kỹ lưỡng và thực hiện tốt.,positive,chuong_trinh_hoc
18673,thiết kế khóa học được cân nhắc kỹ lưỡng và thực hiện tốt.,positive,chuong_trinh_hoc
18674,"Vì vậy, sự trợ giúp từ Diễn đàn thực sự cần thiết để khóa học này diễn ra suôn sẻ.",negative,cung_cap_tai_lieu
18675,Tôi thấy việc đưa tài liệu này vào chuyên ngành là có giá trị nhưng không phải là một khóa học hoàn toàn .,negative,noi_chung
18676,Nó trở nên có chút bối rối và choáng ngợp.,negative,cung_cap_tai_lieu
18676,Nó trở nên có chút bối rối và choáng ngợp.,negative,cung_cap_tai_lieu
18677,Tôi nghĩ tôi đã học được rất nhiều điều từ khóa học này  và tôi đang mong đợi được chuyên môn hóa,positive,noi_chung
18678,"khóa học này có thể tốt hơn nếu đưa thêm nhiều ví dụ hơn, giảng viên rất đơn điệu và đáng buồn là tôi không thấy có diễn đàn thảo luận nào cho khóa học này, ngoài ra, bất cứ khi nào tôi thử trả lời bình luận, nút trả lời đều chuyển sang màu xám và không có gì xảy ra.",negative,noi_chung
18678,"khóa học này có thể tốt hơn nếu đưa thêm nhiều ví dụ hơn, giảng viên rất đơn điệu và đáng buồn là tôi không thấy có diễn đàn thảo luận nào cho khóa học này, ngoài ra, bất cứ khi nào tôi thử trả lời bình luận, nút trả lời đều chuyển sang màu xám và không có gì xảy ra.",negative,ky_nang_giang_day
18678,"khóa học này có thể tốt hơn nếu đưa thêm nhiều ví dụ hơn, giảng viên rất đơn điệu và đáng buồn là tôi không thấy có diễn đàn thảo luận nào cho khóa học này, ngoài ra, bất cứ khi nào tôi thử trả lời bình luận, nút trả lời đều chuyển sang màu xám và không có gì xảy ra.",negative,cung_cap_tai_lieu
18678,"khóa học này có thể tốt hơn nếu đưa thêm nhiều ví dụ hơn, giảng viên rất đơn điệu và đáng buồn là tôi không thấy có diễn đàn thảo luận nào cho khóa học này, ngoài ra, bất cứ khi nào tôi thử trả lời bình luận, nút trả lời đều chuyển sang màu xám và không có gì xảy ra.",negative,noi_chung
18679,sức mạnh của MATLAB được trình bày rõ ràng trong lớp học này.,positive,cung_cap_tai_lieu
18680,Tuần cuối cùng của khóa học  cũng giới thiệu một khuôn khổ thú vị và có vẻ hiệu quả cho tư duy thiết kế.,positive,de_xuat
18681,Thật tuyệt vời khi làm điều này khóa học.,positive,noi_chung
18682,Cảm ơn Giáo sư và cảm ơn Coursera.,positive,noi_chung
18683,Bạn phải khách quan.,negative,chuong_trinh_hoc
18684,Truyền cảm hứng cho giáo viên về cách giảng dạy và rèn luyện nhân cách có thể ảnh hưởng đến học sinh để thực hành ở bất cứ nơi đâu.,positive,noi_chung
18685,Đây là một khóa học tuyệt vời khóa học và tôi chắc chắn sẽ giới thiệu nó tới những người khác.,positive,de_xuat
18685,Đây là một khóa học tuyệt vời khóa học và tôi chắc chắn sẽ giới thiệu nó tới những người khác.,positive,de_xuat
18686,Tuyệt vời !,positive,noi_chung
18687,Andrew Ng là một giáo viên tuyệt vời.,positive,ky_nang_giang_day
18688,"Tuy nhiên, chương trình học này chỉ là một bước tiến khiêm tốn, một cách tiếp cận không đáng kể.",negative,chuong_trinh_hoc
18689,Tôi nghĩ tôi sẽ sử dụng kiến thức mà tôi học được từ khóa học  vào các công việc tương lai của mình.,positive,noi_chung
18690,Các bài tập hàng tuần bài tập rất thử thách và thú vị.,positive,bai_tap
18691,tài liệu được đề cập trong khóa học này là đầy đủ và rất sâu sắc.,positive,cung_cap_tai_lieu
18691,tài liệu được đề cập trong khóa học này là đầy đủ và rất sâu sắc.,positive,cung_cap_tai_lieu
18692,"Tôi đã hoàn thành toàn bộ khóa học Python trên Codecademy (khóa học 1), tập trung rất nhiều vào khía cạnh thực hành, và giờ đây thật tuyệt khi thực hiện khóa học này (khóa học 1) để hiểu lý thuyết đằng sau khóa học và những gì tôi thực sự đã làm.",positive,noi_chung
18693,"Tiến sĩ Chuck cũng đã chia sẻ một số thông tin thú vị (cuộc phỏng vấn) trong suốt khóa học, mà tôi cảm thấy khá bổ ích.",positive,ky_nang_giang_day
18693,"Tiến sĩ Chuck cũng đã chia sẻ một số thông tin thú vị (cuộc phỏng vấn) trong suốt khóa học, mà tôi cảm thấy khá bổ ích.",positive,chuong_trinh_hoc
18694,"Tôi muốn đánh giá khóa học tuyệt vời này khóa học là xuất sắc dưới Tiến sĩ Emma Jakoi và Tiến sĩ Jennifer Carbrey, những giảng viên xuất sắc. Cảm ơn các bạn rất nhiều vì đã giải thích cặn kẽ các câu hỏi của tôi, và hay bài kiểm tra video, thú vị bài tập và kích thích trí tuệ kỳ thi.",positive,noi_chung
18694,"Tôi muốn đánh giá khóa học tuyệt vời này khóa học là xuất sắc dưới Tiến sĩ Emma Jakoi và Tiến sĩ Jennifer Carbrey, những giảng viên xuất sắc. Cảm ơn các bạn rất nhiều vì đã giải thích cặn kẽ các câu hỏi của tôi, và hay bài kiểm tra video, thú vị bài tập và kích thích trí tuệ kỳ thi.",positive,noi_chung
18694,"Tôi muốn đánh giá khóa học tuyệt vời này khóa học là xuất sắc dưới Tiến sĩ Emma Jakoi và Tiến sĩ Jennifer Carbrey, những giảng viên xuất sắc. Cảm ơn các bạn rất nhiều vì đã giải thích cặn kẽ các câu hỏi của tôi, và hay bài kiểm tra video, thú vị bài tập và kích thích trí tuệ kỳ thi.",positive,ky_nang_giang_day
18694,"Tôi muốn đánh giá khóa học tuyệt vời này khóa học là xuất sắc dưới Tiến sĩ Emma Jakoi và Tiến sĩ Jennifer Carbrey, những giảng viên xuất sắc. Cảm ơn các bạn rất nhiều vì đã giải thích cặn kẽ các câu hỏi của tôi, và hay bài kiểm tra video, thú vị bài tập và kích thích trí tuệ kỳ thi.",positive,ky_nang_giang_day
18694,"Tôi muốn đánh giá khóa học tuyệt vời này khóa học là xuất sắc dưới Tiến sĩ Emma Jakoi và Tiến sĩ Jennifer Carbrey, những giảng viên xuất sắc. Cảm ơn các bạn rất nhiều vì đã giải thích cặn kẽ các câu hỏi của tôi, và hay bài kiểm tra video, thú vị bài tập và kích thích trí tuệ kỳ thi.",positive,bai_tap
18694,"Tôi muốn đánh giá khóa học tuyệt vời này khóa học là xuất sắc dưới Tiến sĩ Emma Jakoi và Tiến sĩ Jennifer Carbrey, những giảng viên xuất sắc. Cảm ơn các bạn rất nhiều vì đã giải thích cặn kẽ các câu hỏi của tôi, và hay bài kiểm tra video, thú vị bài tập và kích thích trí tuệ kỳ thi.",positive,bai_tap
18694,"Tôi muốn đánh giá khóa học tuyệt vời này khóa học là xuất sắc dưới Tiến sĩ Emma Jakoi và Tiến sĩ Jennifer Carbrey, những giảng viên xuất sắc. Cảm ơn các bạn rất nhiều vì đã giải thích cặn kẽ các câu hỏi của tôi, và hay bài kiểm tra video, thú vị bài tập và kích thích trí tuệ kỳ thi.",positive,bai_tap
18694,"Tôi muốn đánh giá khóa học tuyệt vời này khóa học là xuất sắc dưới Tiến sĩ Emma Jakoi và Tiến sĩ Jennifer Carbrey, những giảng viên xuất sắc. Cảm ơn các bạn rất nhiều vì đã giải thích cặn kẽ các câu hỏi của tôi, và hay bài kiểm tra video, thú vị bài tập và kích thích trí tuệ kỳ thi.",positive,hanh_vi
18695,Tôi thích nội dung của khóa học.,positive,cung_cap_tai_lieu
18696,"Mặt khác, câu hỏi giống với các vấn đề tin sinh học trong thế giới thực.",positive,bai_tap
18697,Ông ấy thu hút sự chú ý bằng sức sống và tinh thần mạnh mẽ.,positive,ky_nang_giang_day
18698,Rất bổ ích.,positive,chuong_trinh_hoc
18699,Tôi sẽ bắt đầu bằng cách nói rằng (khóa học 1) này cung cấp cái nhìn sâu sắc về nhiều ứng dụng khác nhau của công nghệ in 3D.,positive,chuong_trinh_hoc
18700,Margaret Meloni đã làm cho khóa học này trở nên đầy màu sắc với giọng hát du dương và những lời giải thích hay của bà.,positive,ky_nang_giang_day
18700,Margaret Meloni đã làm cho khóa học này trở nên đầy màu sắc với giọng hát du dương và những lời giải thích hay của bà.,positive,ky_nang_giang_day
18701,Khóa học  thật tuyệt vời.,positive,noi_chung
18702,Tôi nghĩ đó là lỗi của người chấm điểm.,negative,ham_diem
18703,Tôi thực sự đánh giá cao sự giúp đỡ của bạn.,positive,ky_nang_giang_day
18704,Tuyệt vời khóa học để học những kiến thức cơ bản nhất về Python.,positive,noi_chung
18705,"khóa học  bắt đầu ở mức độ rất cơ bản, tăng dần theo tốc độ mà người học có thể cảm thấy hoàn toàn thoải mái.",positive,noi_chung
18705,"khóa học  bắt đầu ở mức độ rất cơ bản, tăng dần theo tốc độ mà người học có thể cảm thấy hoàn toàn thoải mái.",positive,chuong_trinh_hoc
18706,"Thời gian để làm ""bài kiểm tra"" không dài.",neutral,bai_tap
18707,Học được rất nhiều!,positive,noi_chung
18708,"Nó có thể được thực hiện tốt hơn nhiều, đặc biệt là bài giảng.",positive,noi_chung
18709,Đây là điểm khởi đầu rất tốt cho bất kỳ ai quan tâm đến FSI.,positive,noi_chung
18710,Tôi khuyên bạn nên tập trung nhiều hơn vào dữ liệu như các nghiên cứu điển hình có ví dụ cụ thể để có thể tự nhiên hướng đến việc tạo ra nghiên cứu điển hình cho một thành phố vào cuối khóa học như một dự án cuối kỳ thay vì là nghiên cứu tùy chọn.,negative,chuong_trinh_hoc
18711,Cảm ơn rất nhiều vì khóa học tuyệt vời !,positive,noi_chung
18712,"Ngoài ra, đề xuất giảm bớt các cuộc thảo luận tập trung vào những thách thức (khóa học mất quá nhiều thời gian và hướng nhiều hơn đến các dịch vụ mới khác nhau được nhiều thành phố áp dụng để nắm bắt lợi ích/tác động đến GDP của thành phố.",negative,chuong_trinh_hoc
18713,Tôi là một kỹ sư cơ khí nói tiếng Tây Ban Nha và có sở thích lập trình nhưng tôi đã hoàn thành khóa học với điểm số 99%.,positive,noi_chung
18714,"Tuyệt vời khóa học, giáo viên đã làm rất tốt công việc giải thích một chủ đề rất khó cho một nhóm học sinh có hoàn cảnh khác nhau đáng kể.",positive,noi_chung
18714,"Tuyệt vời khóa học, giáo viên đã làm rất tốt công việc giải thích một chủ đề rất khó cho một nhóm học sinh có hoàn cảnh khác nhau đáng kể.",positive,ky_nang_giang_day
18715,"Ngoài ra, bạn sẽ được học và thực hành với các thư viện có thể giúp cuộc sống của bạn trở nên đơn giản hơn : )",positive,noi_chung
18716,Thật sự thú vị và sâu sắc tài nguyên.,positive,cung_cap_tai_lieu
18716,Thật sự thú vị và sâu sắc tài nguyên.,positive,cung_cap_tai_lieu
18717,Tuyệt vời tất nhiên!,positive,noi_chung
18718,"Thật tuyệt vời bài tập mà tôi đã học được rất nhiều và tôi thích cấu trúc, cảm nhận và giáo sư.",positive,bai_tap
18718,"Thật tuyệt vời bài tập mà tôi đã học được rất nhiều và tôi thích cấu trúc, cảm nhận và giáo sư.",positive,noi_chung
18719,Thật tuyệt vời Khóa học.,positive,noi_chung
18720,Khóa học này  rất hữu ích trong việc đưa ra ý tưởng về cách thực hiện tốt hơn.,positive,noi_chung
18721,"Tôi đặc biệt thích phần Bảo mật, phần mà tôi thường xuyên đề cập đến trong công việc và tôi không bao giờ nắm bắt được các khái niệm, nhưng giờ thì tôi đã hiểu rồi.",positive,noi_chung
18721,"Tôi đặc biệt thích phần Bảo mật, phần mà tôi thường xuyên đề cập đến trong công việc và tôi không bao giờ nắm bắt được các khái niệm, nhưng giờ thì tôi đã hiểu rồi.",positive,chuong_trinh_hoc
18722,"Theo tôi, khóa học này khóa học sẽ là điểm khởi đầu cho bất kỳ cá nhân nào muốn tìm hiểu về Học máy.",positive,noi_chung
18723,"buổi hội thảo đã khôi phục lại kỹ năng làm thơ của tôi, vốn đã khá tệ trước khi tham gia lớp học.",positive,noi_chung
18724,Nó không gây nhàm chán với quá nhiều chi tiết.,positive,chuong_trinh_hoc
18724,Nó không gây nhàm chán với quá nhiều chi tiết.,positive,ky_nang_giang_day
18725,Chỉ một tuần học khóa học có thể giúp ích cho rất nhiều công ty/tổ chức phi chính phủ.,positive,noi_chung
18726,Tôi thích bài tập .,positive,bai_tap
18727,Cảm ơn rất nhiều vì điều này khóa học.,positive,noi_chung
18728,Khóa học này : cung cấp tất cả các kiến thức cơ bản cần thiết cùng một chút kiến thức toán học giúp bạn hiểu trực quan về các thuật toán.,positive,chuong_trinh_hoc
18728,Khóa học này : cung cấp tất cả các kiến thức cơ bản cần thiết cùng một chút kiến thức toán học giúp bạn hiểu trực quan về các thuật toán.,positive,chuong_trinh_hoc
18729,"Giáo sư Douglas Kearney là một giảng viên xuất sắc và vui tính, có nhiều kiến thức sâu sắc để truyền đạt.",positive,ky_nang_giang_day
18729,"Giáo sư Douglas Kearney là một giảng viên xuất sắc và vui tính, có nhiều kiến thức sâu sắc để truyền đạt.",positive,ky_nang_giang_day
18729,"Giáo sư Douglas Kearney là một giảng viên xuất sắc và vui tính, có nhiều kiến thức sâu sắc để truyền đạt.",positive,ky_nang_giang_day
18730,Thầy Bloom là một giáo viên tuyệt vời!,positive,ky_nang_giang_day
18731,thật tuyệt vời!,positive,noi_chung
18732,Tôi đã đạt được một phần mục tiêu của mình khi tham gia chương trình này .,positive,noi_chung
18733,Một khóa học rất bổ ích khóa học tập trung vào sự phát triển tính cách của học sinh.,positive,noi_chung
18734,Tôi rất vui lòng giới thiệu khóa học này khóa học.,positive,de_xuat
18735,câu đố rất dễ giải khi bạn dành thời gian xem tất cả video liên quan.,positive,bai_tap
18735,câu đố rất dễ giải khi bạn dành thời gian xem tất cả video liên quan.,positive,ky_nang_giang_day
18736,Rất khó để theo kịp các kỹ thuật Xử lý ngôn ngữ tự nhiên nếu bạn chưa từng tham gia bất kỳ lớp học nào về nó.,negative,chuong_trinh_hoc
18737,hình ảnh minh họa thật thú vị!,positive,ky_nang_giang_day
18738,Nhưng hãy chuẩn bị tinh thần nhé - có khá nhiều tài liệu.,negative,cung_cap_tai_lieu
18739,Tôi thực sự thích điều này khóa học.,positive,noi_chung
18740,"Tuyệt vời khóa học, đặc biệt nếu bạn muốn bắt đầu từ con số 0.",positive,noi_chung
18741,Sự nhiệt tình của anh ấy là động lực giúp bạn tiếp tục khóa học.,positive,ky_nang_giang_day
18742,Kế toán quản trị (tuần 4) đã thay đổi tư duy của tôi! !,positive,noi_chung
18743,Rất thất vọng với món này món cuối cùng.,negative,noi_chung
18744,Có rất nhiều thư viện và khái niệm mới được giới thiệu trong hai chương cuối.,negative,cung_cap_tai_lieu
18744,Có rất nhiều thư viện và khái niệm mới được giới thiệu trong hai chương cuối.,positive,cung_cap_tai_lieu
18744,Có rất nhiều thư viện và khái niệm mới được giới thiệu trong hai chương cuối.,positive,cung_cap_tai_lieu
18744,Có rất nhiều thư viện và khái niệm mới được giới thiệu trong hai chương cuối.,negative,cung_cap_tai_lieu
18745,Lượng công sức và thời gian bỏ ra để tạo ra khóa học toàn diện và đa dạng này khóa học thực sự rất ấn tượng.,positive,chuong_trinh_hoc
18745,Lượng công sức và thời gian bỏ ra để tạo ra khóa học toàn diện và đa dạng này khóa học thực sự rất ấn tượng.,positive,chuong_trinh_hoc
18745,Lượng công sức và thời gian bỏ ra để tạo ra khóa học toàn diện và đa dạng này khóa học thực sự rất ấn tượng.,positive,chuong_trinh_hoc
18746,Cảm ơn Relay / GSE và Coursera!,positive,ky_nang_giang_day
18747,"Và đúng vậy, giống như bất kỳ giáo viên giỏi nào, Yakov cảm thấy cần phải đi sâu vào những điều lý thuyết mà hầu hết mọi người sẽ không làm.",positive,ky_nang_giang_day
18748,Lớp học  được tổ chức tốt và dễ hiểu.,positive,chuong_trinh_hoc
18748,Lớp học  được tổ chức tốt và dễ hiểu.,positive,chuong_trinh_hoc
18749,Đây thực sự là một khóa học tuyệt vời.,positive,noi_chung
18750,Cuốn sách đề cập đến một lĩnh vực nghiên cứu khá phức tạp nhưng đã truyền tải một cách khéo léo các kỹ năng và phương pháp cần thiết theo một tốc độ có phần thách thức nhưng không đến mức khiến người đọc phải sợ hãi.,positive,cung_cap_tai_lieu
18750,Cuốn sách đề cập đến một lĩnh vực nghiên cứu khá phức tạp nhưng đã truyền tải một cách khéo léo các kỹ năng và phương pháp cần thiết theo một tốc độ có phần thách thức nhưng không đến mức khiến người đọc phải sợ hãi.,positive,chuong_trinh_hoc
18750,Cuốn sách đề cập đến một lĩnh vực nghiên cứu khá phức tạp nhưng đã truyền tải một cách khéo léo các kỹ năng và phương pháp cần thiết theo một tốc độ có phần thách thức nhưng không đến mức khiến người đọc phải sợ hãi.,neutral,chuong_trinh_hoc
18751,Khóa học  chắc chắn đã đạt được mục đích giảng dạy của nó - đó là đảm bảo bạn nhớ được tài liệu bằng cách tự kiểm tra và sử dụng phương pháp lặp lại cách quãng.,positive,noi_chung
18752,Tôi chắc chắn rằng kỹ năng lập trình của tôi đã đạt đến một trình độ cao hơn và tôi đã giới thiệu nó cho tất cả bạn bè và đồng nghiệp của tôi.,positive,de_xuat
18752,Tôi chắc chắn rằng kỹ năng lập trình của tôi đã đạt đến một trình độ cao hơn và tôi đã giới thiệu nó cho tất cả bạn bè và đồng nghiệp của tôi.,positive,de_xuat
18753,Cảm ơn vì nội dung tuyệt vời !,positive,cung_cap_tai_lieu
18754,Sẽ nhắc lại vật liệu nhiều lần.,positive,cung_cap_tai_lieu
18755,Đúng trọng tâm và rất hữu ích !!! ! ! !,positive,noi_chung
18756,"Tôi thích giáo sư, nhưng thật không may, tôi không cảm thấy có nhiều mối liên hệ với họ (tôi không thực sự thấy việc xác định xem một công ty có lập báo cáo tài chính giả mạo có quan trọng không; tôi không phải là nhà đầu tư và công việc hàng ngày của tôi không thực sự liên quan nhiều đến báo cáo tài chính).",positive,ky_nang_giang_day
18756,"Tôi thích giáo sư, nhưng thật không may, tôi không cảm thấy có nhiều mối liên hệ với họ (tôi không thực sự thấy việc xác định xem một công ty có lập báo cáo tài chính giả mạo có quan trọng không; tôi không phải là nhà đầu tư và công việc hàng ngày của tôi không thực sự liên quan nhiều đến báo cáo tài chính).",negative,noi_chung
18757,bài giảng thật tuyệt vời và hấp dẫn.,positive,ky_nang_giang_day
18757,bài giảng thật tuyệt vời và hấp dẫn.,positive,ky_nang_giang_day
18758,"Xét đến tất cả những điều này, thì đây là một khóa học tuyệt vời.",positive,noi_chung
18759,Không dành cho người mới học về lĩnh vực y khoa.,neutral,noi_chung
18760,danh sách tài liệu tham khảo được cung cấp khá đầy đủ và được lựa chọn một cách chiến lược.,positive,cung_cap_tai_lieu
18760,danh sách tài liệu tham khảo được cung cấp khá đầy đủ và được lựa chọn một cách chiến lược.,positive,cung_cap_tai_lieu
18761,Cảm ơn bài giảng tuyệt vời của Tiến sĩ Chunk.,positive,ky_nang_giang_day
18762,"Nhìn chung, điều này lớp hoạt động tốt.",positive,noi_chung
18763,"Tuy nhiên, cung cấp đủ tài liệu bổ sung để làm việc và đi sâu vào chủ đề như mong muốn.",negative,cung_cap_tai_lieu
18763,"Tuy nhiên, cung cấp đủ tài liệu bổ sung để làm việc và đi sâu vào chủ đề như mong muốn.",negative,noi_chung
18764,Tất cả diễn giả đều rất bổ ích và gợi mở suy nghĩ.,positive,ky_nang_giang_day
18764,Tất cả diễn giả đều rất bổ ích và gợi mở suy nghĩ.,positive,ky_nang_giang_day
18765,Vui vẻ .,positive,noi_chung
18766,Bạn có thể mong đợi tìm hiểu một chút về học máy là gì và cách thực hiện nó bằng cách sử dụng gói caret trong R.,positive,noi_chung
18767,Tài liệu của khóa học được xây dựng rất chính xác và dễ hiểu.,positive,cung_cap_tai_lieu
18767,Tài liệu của khóa học được xây dựng rất chính xác và dễ hiểu.,positive,cung_cap_tai_lieu
18768,"Xin chào, Cảm ơn bạn vì khóa học  có cấu trúc tốt này.",positive,chuong_trinh_hoc
18769,"Bất chấp những thách thức, tài liệu rất hấp dẫn và bất kỳ ai quan tâm đến giải phẫu sẽ học được điều gì đó.",positive,cung_cap_tai_lieu
18770,Thật tuyệt vời giáo viên ! ! !,positive,ky_nang_giang_day
18771,"Về mặt nội dung và cách thức tiến hành khóa học, nó vượt quá mong đợi của tôi.",positive,cung_cap_tai_lieu
18771,"Về mặt nội dung và cách thức tiến hành khóa học, nó vượt quá mong đợi của tôi.",positive,chuong_trinh_hoc
18772,khóa học sử dụng nghiên cứu bên ngoài.,positive,chuong_trinh_hoc
18773,Đề xuất .,positive,noi_chung
18774,"Cuối cùng, họ đã gặp một chút thử thách.",positive,bai_tap
18775,"Bởi vì không phải tất cả những gì được hỏi trong ""bài kiểm tra"" đều được nêu trong lớp học.",neutral,bai_tap
18776,Khóa học  này là BẮT BUỘC phải tham gia nếu bạn muốn tìm hiểu về các khái niệm về Học máy hoặc bước vào ngành Khoa học dữ liệu.,positive,noi_chung
18777,Tôi cảm thấy họ đi quá nhanh.,positive,noi_chung
18778,Tôi rất thích nó.,positive,noi_chung
18779,Tôi thực sự thích khóa học  và tôi đã học được rất nhiều điều.,positive,noi_chung
18779,Tôi thực sự thích khóa học  và tôi đã học được rất nhiều điều.,positive,noi_chung
18780,người hướng dẫn dễ hiểu và làm tốt công việc giới thiệu ngôn ngữ.,positive,ky_nang_giang_day
18780,người hướng dẫn dễ hiểu và làm tốt công việc giới thiệu ngôn ngữ.,positive,ky_nang_giang_day
18781,dự án/bài tập thật tuyệt vời.,positive,bai_tap
18782,Khóa học này khóa học khó theo dõi và những bản dùng thử miễn phí được cung cấp có vẻ như là bắt buộc đối với chúng tôi.,negative,chuong_trinh_hoc
18783,Các chủ đề : được giải thích rất rõ ràng và theo trình tự hợp lý.,positive,cung_cap_tai_lieu
18783,Các chủ đề : được giải thích rất rõ ràng và theo trình tự hợp lý.,positive,cung_cap_tai_lieu
18784,"nhiệm vụ phức tạp hơn một chút so với những nhiệm vụ trong khóa học đầu tiên, nhưng chúng vẫn rất thú vị.",negative,bai_tap
18784,"nhiệm vụ phức tạp hơn một chút so với những nhiệm vụ trong khóa học đầu tiên, nhưng chúng vẫn rất thú vị.",positive,bai_tap
18785,Diễn đàn thảo luận cung cấp một số trợ giúp nhưng về cơ bản bạn phải tự mình giải quyết.,neutral,cung_cap_tai_lieu
18786,Khóa học này khóa học thật tuyệt vời!,positive,noi_chung
18787,Giải thích mọi thứ một cách chi tiết.,positive,ky_nang_giang_day
18788,Thực sự thích điều này.,positive,noi_chung
18789,Ngôi sao - - vì cảm thấy hơi lạc lõng và không cảm nhận được sự tham gia của người hướng dẫn.,negative,ky_nang_giang_day
18789,Ngôi sao - - vì cảm thấy hơi lạc lõng và không cảm nhận được sự tham gia của người hướng dẫn.,negative,noi_chung
18790,Khóa học  thực sự tốt và giúp tôi có thêm một số kỹ thuật và ý tưởng học tập mới.,positive,noi_chung
18790,Khóa học  thực sự tốt và giúp tôi có thêm một số kỹ thuật và ý tưởng học tập mới.,positive,chuong_trinh_hoc
18791,Đây là một khóa học rất thú vị và bổ ích .,positive,noi_chung
18791,Đây là một khóa học rất thú vị và bổ ích .,positive,noi_chung
18792,Việc ghi âm cho các học sinh khác để chấm điểm  thực sự quá phức tạp.,negative,ham_diem
18793,khóa học không chứa đoạn hội thoại hoặc bất kỳ tình huống thực tế nào để ôn tập từ vựng.,negative,chuong_trinh_hoc
18794,Đừng bỏ lỡ điều này khóa học.,positive,noi_chung
18795,Giáo sư Cramer trình bày các khái niệm cơ bản của cơ học thống kê theo cách hợp lý khiến cho chủ đề khó này trở nên dễ hiểu ngay cả với người mới bắt đầu.,positive,ky_nang_giang_day
18796,Rắn khóa học.,positive,noi_chung
18797,"danh sách đọc được đề xuất, có liên kết đến hầu hết các mục, rất đáng để bạn dành thời gian tìm hiểu.",positive,cung_cap_tai_lieu
18798,"Nhìn chung, đây là lớp học tuyệt vời nếu bạn có kế hoạch đến thăm đất nước này và muốn tự mình đi lại mà không cần người phiên dịch vì chúng ta đều biết rằng không phải tất cả người Trung Quốc bản xứ đều nói được tiếng Anh.",positive,noi_chung
18799,Sachs và công trình mang tính cách mạng này cho thế giới của chúng ta.,positive,ky_nang_giang_day
18800,"Đối với một người như tôi, có 17 năm kinh nghiệm lập trình, và có một số kinh nghiệm thực tế về mạng nơ-ron từ thời đại học, cùng các công cụ phân tích cho một số ứng dụng trong R; đây là một khóa học bổ sung tuyệt vời về những kiến thức cơ bản và phạm vi rộng lớn của các yếu tố công nghệ thực tế hữu ích nhất trong các ứng dụng học máy.",positive,chuong_trinh_hoc
18801,"Khóa học này, người hướng dẫn Ông Gabriele Troilo, khóa học tài liệu, video và các cuộc phỏng vấn với các chuyên gia đều hoàn hảo.",positive,ky_nang_giang_day
18801,"Khóa học này, người hướng dẫn Ông Gabriele Troilo, khóa học tài liệu, video và các cuộc phỏng vấn với các chuyên gia đều hoàn hảo.",positive,cung_cap_tai_lieu
18801,"Khóa học này, người hướng dẫn Ông Gabriele Troilo, khóa học tài liệu, video và các cuộc phỏng vấn với các chuyên gia đều hoàn hảo.",positive,ky_nang_giang_day
18802,"Một chương trình đánh giá tốt hơn sẽ cân nhắc giữa kiểm tra và bài luận, ví dụ, 60% kiểm tra, 40% bài luận.",negative,ham_diem
18803,"Nhưng tôi thấy cái này hơi khó và đôi khi bị lạc, đặc biệt là trong Mối quan hệ Nhiều - Nhiều.",negative,chuong_trinh_hoc
18804,Là một khóa học rất hữu ích khóa học mặc dù bạn cần nhiều giờ hơn để hoàn thành nó.,positive,noi_chung
18804,Là một khóa học rất hữu ích khóa học mặc dù bạn cần nhiều giờ hơn để hoàn thành nó.,negative,chuong_trinh_hoc
18805,"giáo sư rất cẩn thận, rõ ràng và có phương pháp.",positive,ky_nang_giang_day
18805,"giáo sư rất cẩn thận, rõ ràng và có phương pháp.",positive,ky_nang_giang_day
18805,"giáo sư rất cẩn thận, rõ ràng và có phương pháp.",positive,ky_nang_giang_day
18806,Tôi muốn có một người hướng dẫn tốt và nhất quán.,negative,ky_nang_giang_day
18807,Có lẽ là quá nhiều bài tập tùy chọn bài tập.,negative,bai_tap
18808,"bài giảng rất hấp dẫn, nhưng ở mức độ phù hợp với người mới bắt đầu tìm hiểu thiên văn học.",positive,ky_nang_giang_day
18808,"bài giảng rất hấp dẫn, nhưng ở mức độ phù hợp với người mới bắt đầu tìm hiểu thiên văn học.",positive,chuong_trinh_hoc
18809,Đây là một khóa học tuyệt vời .,positive,noi_chung
18810,Dễ dàng để làm theo.,positive,chuong_trinh_hoc
18811,Ngoài ra bài tập cũng rất hay.,positive,bai_tap
18812,bài thuyết trình video được thực hiện tốt với thông tin quan trọng giúp phát triển kỹ năng cần thiết để trở thành một nhà văn hiệu quả.,positive,ky_nang_giang_day
18813,"Một lần nữa, cảm ơn Tiến sĩ Chuck và nhóm của ông đã tạo ra một khóa học thú vị và hấp dẫn như vậy.",positive,ky_nang_giang_day
18814,Cách Tiến sĩ BArbara Oakley và Tiến sĩ Sejnowsky phát triển khóa học quan trọng này khóa học cũng áp dụng nhiều cách hiểu thú vị theo cách tự nhiên hơn cũng như giải thích rõ ràng về các phương pháp để có được cách tiếp cận tốt hơn khi chúng ta cố gắng học một điều gì đó.,positive,ky_nang_giang_day
18814,Cách Tiến sĩ BArbara Oakley và Tiến sĩ Sejnowsky phát triển khóa học quan trọng này khóa học cũng áp dụng nhiều cách hiểu thú vị theo cách tự nhiên hơn cũng như giải thích rõ ràng về các phương pháp để có được cách tiếp cận tốt hơn khi chúng ta cố gắng học một điều gì đó.,positive,chuong_trinh_hoc
18814,Cách Tiến sĩ BArbara Oakley và Tiến sĩ Sejnowsky phát triển khóa học quan trọng này khóa học cũng áp dụng nhiều cách hiểu thú vị theo cách tự nhiên hơn cũng như giải thích rõ ràng về các phương pháp để có được cách tiếp cận tốt hơn khi chúng ta cố gắng học một điều gì đó.,positive,noi_chung
18815,Cảm ơn Giáo sư Hare và Coursera vì tôi thực sự thích khóa học tuyệt vời này vì nó thách thức nhiều định kiến.,positive,ky_nang_giang_day
18815,Cảm ơn Giáo sư Hare và Coursera vì tôi thực sự thích khóa học tuyệt vời này vì nó thách thức nhiều định kiến.,positive,noi_chung
18816,Nó thực sự truyền bá những kỹ thuật và khái niệm hữu ích trong học tập.,positive,chuong_trinh_hoc
18817,Tôi muốn họ cung cấp chứng chỉ miễn phí cho những người hoàn thành khóa học .,positive,chuong_trinh_hoc
18818,Tôi cảm thấy khóa học này thật tuyệt vời - và theo tôi khóa học này nên là yêu cầu đối với tất cả các thành viên của Thượng viện và Hạ viện Hoa Kỳ - vì họ có thể đưa ra những quyết định ít ngu ngốc hơn khi thúc đẩy nền dân chủ ở các quốc gia Hồi giáo.,positive,noi_chung
18818,Tôi cảm thấy khóa học này thật tuyệt vời - và theo tôi khóa học này nên là yêu cầu đối với tất cả các thành viên của Thượng viện và Hạ viện Hoa Kỳ - vì họ có thể đưa ra những quyết định ít ngu ngốc hơn khi thúc đẩy nền dân chủ ở các quốc gia Hồi giáo.,positive,noi_chung
18819,Giáo sư Edwin Bakker Phương pháp giảng dạy đặc biệt phù hợp với quan niệm lý tưởng của tôi về cách một giáo viên nên giao tiếp với khán giả của mình.,positive,ky_nang_giang_day
18820,Giải thích thông tin một cách rõ ràng.,positive,chuong_trinh_hoc
18821,các giảng viên rất giỏi trong công việc của họ.,positive,ky_nang_giang_day
18822,Đây có lẽ là khóa học Coursera  tệ nhất mà tôi từng học và tôi đã học khá nhiều khóa rồi.,negative,noi_chung
18823,Tôi thực sự khuyên bạn nên dùng cuốn sách này nếu bạn đang muốn tìm hiểu về lập trình.,positive,noi_chung
18824,"tổ chức, nội dung, hoạt động, thực hành và nhiệm vụ đều hoàn hảo.",positive,chuong_trinh_hoc
18824,"tổ chức, nội dung, hoạt động, thực hành và nhiệm vụ đều hoàn hảo.",positive,cung_cap_tai_lieu
18824,"tổ chức, nội dung, hoạt động, thực hành và nhiệm vụ đều hoàn hảo.",positive,bai_tap
18824,"tổ chức, nội dung, hoạt động, thực hành và nhiệm vụ đều hoàn hảo.",positive,bai_tap
18825,Video rất nhàm chán và vô dụng khi so sánh với nội dung tuyệt vời trong 6 khóa học đầu tiên của chuyên ngành.,negative,ky_nang_giang_day
18826,Tôi chỉ có một từ: Tuyệt vời.,positive,noi_chung
18827,giáo sư giải thích rõ ràng và cũng rất hài hước.,positive,ky_nang_giang_day
18827,giáo sư giải thích rõ ràng và cũng rất hài hước.,positive,ky_nang_giang_day
18828,Giao tiếp rất kém từ phía giáo viên.,negative,hanh_vi
18829,"Ngoài ra, Mohamed Noor rất nhiệt tình và đưa ra nhiều ví dụ hay để minh họa cho khóa học.",positive,ky_nang_giang_day
18829,"Ngoài ra, Mohamed Noor rất nhiệt tình và đưa ra nhiều ví dụ hay để minh họa cho khóa học.",positive,ky_nang_giang_day
18829,"Ngoài ra, Mohamed Noor rất nhiệt tình và đưa ra nhiều ví dụ hay để minh họa cho khóa học.",positive,kinh_nghiem
18830,Nó khuyến khích bạn tập trung vào câu chuyện và không bao giờ làm bạn mất tập trung.,positive,ky_nang_giang_day
18831,"Học chậm, thứ tự các chương hợp lý; đây là khóa học Python tốt nhất mà tôi từng tham gia và là khóa học duy nhất khiến tôi theo đuổi.",positive,chuong_trinh_hoc
18831,"Học chậm, thứ tự các chương hợp lý; đây là khóa học Python tốt nhất mà tôi từng tham gia và là khóa học duy nhất khiến tôi theo đuổi.",positive,chuong_trinh_hoc
18832,"Chúng ta đang có những ý tưởng cơ bản, nhưng lại xem xét tất cả thông tin bằng cách cấu trúc các ý tưởng quá nhanh, KHÔNG có ví dụ/ví dụ hạn chế, đó chính là điều sẽ dạy chúng ta nhiều nhất.",positive,noi_chung
18832,"Chúng ta đang có những ý tưởng cơ bản, nhưng lại xem xét tất cả thông tin bằng cách cấu trúc các ý tưởng quá nhanh, KHÔNG có ví dụ/ví dụ hạn chế, đó chính là điều sẽ dạy chúng ta nhiều nhất.",positive,cung_cap_tai_lieu
18833,"Tuyệt vời bài giảng, tuyệt vời bài tập lập trình và chấm điểm, nhìn chung tôi thực sự thích khóa học này khóa học.",positive,ky_nang_giang_day
18833,"Tuyệt vời bài giảng, tuyệt vời bài tập lập trình và chấm điểm, nhìn chung tôi thực sự thích khóa học này khóa học.",positive,bai_tap
18833,"Tuyệt vời bài giảng, tuyệt vời bài tập lập trình và chấm điểm, nhìn chung tôi thực sự thích khóa học này khóa học.",positive,ham_diem
18833,"Tuyệt vời bài giảng, tuyệt vời bài tập lập trình và chấm điểm, nhìn chung tôi thực sự thích khóa học này khóa học.",positive,noi_chung
18834,Khóa học này  khá khó đối với người mới bắt đầu sử dụng Ruby on Rails và MongoDB.,negative,chuong_trinh_hoc
18835,Những ví dụ có liên quan và đáng nhớ để tạo nên ấn tượng lâu dài.,positive,ky_nang_giang_day
18835,Những ví dụ có liên quan và đáng nhớ để tạo nên ấn tượng lâu dài.,positive,ky_nang_giang_day
18836,Một chút cơ bản đối với tôi.,positive,noi_chung
18837,"Giáo sư rất xuất sắc và rất thân thiện với sinh viên, và khóa học tài liệu rất rõ ràng.",positive,ky_nang_giang_day
18837,"Giáo sư rất xuất sắc và rất thân thiện với sinh viên, và khóa học tài liệu rất rõ ràng.",positive,ky_nang_giang_day
18837,"Giáo sư rất xuất sắc và rất thân thiện với sinh viên, và khóa học tài liệu rất rõ ràng.",positive,cung_cap_tai_lieu
18838,Tuyệt vời giáo sư.,positive,ky_nang_giang_day
18839,Tôi thấy mình có thể áp dụng những gì đã học vào việc viết lách hàng ngày cũng như những thứ tôi đọc và xem.,positive,chuong_trinh_hoc
18840,Barbara Oakly thật tuyệt vời.,positive,ky_nang_giang_day
18841,"Trong khóa học ngắn này khóa học, bạn có thể học được một số chủ đề chính quan trọng của chiến lược kinh doanh.",positive,noi_chung
18842,Kết quả là 4 tuần này khá nhạt nhẽo và buồn tẻ.,negative,chuong_trinh_hoc
18843,"Điều quan trọng nhất mà việc này mang lại cho tôi là luyện tập được các âm điệu, một điều rất khó khăn.",positive,chuong_trinh_hoc
18843,"Điều quan trọng nhất mà việc này mang lại cho tôi là luyện tập được các âm điệu, một điều rất khó khăn.",positive,bai_tap
18844,Khóa học này đã thúc đẩy tôi nghiên cứu sâu hơn về Kinh tế học (khóa học thứ 2) và tôi chắc chắn sẽ giới thiệu khóa học này cho bất kỳ ai quan tâm đến chủ đề này và mới làm quen với Kinh tế vi mô như tôi.,positive,de_xuat
18844,Khóa học này đã thúc đẩy tôi nghiên cứu sâu hơn về Kinh tế học (khóa học thứ 2) và tôi chắc chắn sẽ giới thiệu khóa học này cho bất kỳ ai quan tâm đến chủ đề này và mới làm quen với Kinh tế vi mô như tôi.,positive,de_xuat
18845,Hướng dẫn thực tế hữu ích về cách tránh những sai lầm về hạnh phúc mà chúng ta mắc phải hằng ngày - Tôi không nhận ra nhiều điều như vậy,positive,chuong_trinh_hoc
18846,Cảm ơn vì khóa học tuyệt vời như vậy.,positive,noi_chung
18846,Cảm ơn vì khóa học tuyệt vời như vậy.,positive,noi_chung
18847,Nhưng đó chỉ là sự khởi đầu!,positive,noi_chung
18848,"Tôi xin chân thành cảm ơn Cộng đồng Coursera đã tạo ra cơ hội tuyệt vời này để tôi có cái nhìn tổng quan về các khái niệm HTML, CSS và Java Script.",positive,noi_chung
18849,Thích hơn lần thứ hai.,positive,noi_chung
18850,Nó rất đáng suy ngẫm và cung cấp cái nhìn sâu sắc về thiền định - một chủ đề mà nhiều người còn chưa hiểu rõ.,positive,chuong_trinh_hoc
18850,Nó rất đáng suy ngẫm và cung cấp cái nhìn sâu sắc về thiền định - một chủ đề mà nhiều người còn chưa hiểu rõ.,positive,noi_chung
18851,"Tuyệt vời video, câu đố và bài tập.",positive,ky_nang_giang_day
18851,"Tuyệt vời video, câu đố và bài tập.",positive,bai_tap
18852,Tôi giới thiệu khóa học này khóa học cho mọi người.,positive,de_xuat
18853,Từ đó tôi đã bắt đầu tham gia khóa học miễn phí Stanford course do người đồng sáng lập coursera giảng dạy và nó TỐT HƠN NHIỀU!,positive,noi_chung
18854,"Ngoài ra, bài tập về nhà mất nhiều thời gian hơn dự kiến đáng kể, nhưng tôi đã dự trù thời gian gấp đôi và có thể hoàn thành khóa học đúng hạn.",negative,bai_tap
18855,"Đây là một cách trình bày rất hay và dễ hiểu để bắt đầu nắm bắt tác phẩm sâu sắc nhất của Einstein trong ""năm kỳ diệu"" của ông là 1905.",positive,ky_nang_giang_day
18856,Anh ấy giới thiệu cho bạn cách lập trình theo cách không gây khó khăn và hoàn toàn tự nhiên chỉ sau vài tuần.,positive,ky_nang_giang_day
18857,Tôi thích phong cách giảng dạy của Giáo sư Siedel.,positive,ky_nang_giang_day
18858,Tôi thực sự muốn giới thiệu nó cho bất cứ ai!,positive,de_xuat
18859,Những khái niệm rất thú vị về phép tính đã được giảng dạy sâu sắc bởi giáo sư Jim.,positive,ky_nang_giang_day
18860,Rất khích lệ và đầy thử thách với nhiều điều cần học hỏi trên đường đi.,positive,noi_chung
18861,"Chắc chắn, tôi sẽ quay lại để kiểm tra phần tùy chọn vật liệu.",positive,cung_cap_tai_lieu
18862,"bài tập cũng được thiết kế tốt, giúp tôi nâng cao khả năng học tập của mình!",positive,bai_tap
18863,Cảm ơn .,positive,noi_chung
18864,Đây là một khóa học tuyệt vời để hiểu mục đích của việc kể chuyện trên nhiều nền tảng khác nhau và theo một hình thức bền vững theo thời gian.,positive,noi_chung
18865,người hướng dẫn rất tuyệt vời và tôi đã học được nhiều điều mới.,positive,ky_nang_giang_day
18865,người hướng dẫn rất tuyệt vời và tôi đã học được nhiều điều mới.,positive,noi_chung
18866,Yêu cầu có kỹ năng Toán học vững chắc.,negative,chuong_trinh_hoc
18867,giáo sư có rất nhiều nghiên cứu tình huống cho thấy ông là một chuyên gia tiếp thị và chia sẻ các trường hợp thực tế/ví dụ giúp bạn hiểu rõ hơn các khái niệm được giảng dạy (không chỉ lý thuyết).,positive,kinh_nghiem
18867,giáo sư có rất nhiều nghiên cứu tình huống cho thấy ông là một chuyên gia tiếp thị và chia sẻ các trường hợp thực tế/ví dụ giúp bạn hiểu rõ hơn các khái niệm được giảng dạy (không chỉ lý thuyết).,positive,ky_nang_giang_day
18868,Giáo sư Charles thật tuyệt vời.,positive,ky_nang_giang_day
18869,"Mặc dù có một vài vấn đề kỹ thuật, nhưng đây thực sự là một khóa học tuyệt vời .",negative,chuong_trinh_hoc
18869,"Mặc dù có một vài vấn đề kỹ thuật, nhưng đây thực sự là một khóa học tuyệt vời .",positive,noi_chung
18870,Tôi đã tham gia hơn 5 lớp học trên Coursera và đây là lớp khiến tôi không hài lòng nhất.,negative,noi_chung
18871,Đây là phần giới thiệu hoàn hảo (khóa học 1) cho người chưa biết gì về HTML.,positive,de_xuat
18872,Tôi thực sự thích cách phân tích nội dung của Giáo sư Michael Roth.,positive,ky_nang_giang_day
18873,Khóa học  nêu bật những tiền đề cơ bản về cách tốt nhất để thâm nhập thị trường và cách loại bỏ đối thủ cạnh tranh khỏi thị trường.,positive,chuong_trinh_hoc
18874,"Nếu tôi thực sự nhanh nhẹn, tôi có thể tắt âm lượng cho đến khi nó kết thúc, nhưng tôi nghĩ điều này hoàn toàn không cần thiết.",negative,ky_nang_giang_day
18875,Hay và chi tiết.,positive,chuong_trinh_hoc
18876,Tôi thực sự thích khóa học này khóa học và tôi hơi buồn vì nó đã kết thúc.,positive,noi_chung
18877,Cảm ơn sự hướng dẫn của bạn.,positive,hanh_vi
18878,"bên cạnh các vấn đề kỹ thuật lớn và thiếu thông tin trước khi khóa học bị hoãn lại và các vấn đề kỹ thuật nhỏ, phương pháp giảng dạy phù hợp với các lớp học tại chỗ, nơi bạn có thể ngồi thành các nhóm học tập cùng nhau giải quyết các vấn đề; các ví dụ được đưa ra  có một phần không liên quan và không giúp giải quyết các bài tập và theo nhân viên, cách tốt nhất để giải quyết các bài tập là sử dụng google (hoặc stackoverflow hoặc bất kỳ trang nào khác) thực sự sao?! bằng cách nào đó, có vẻ như họ chỉ tham gia một khóa học tại chỗ, thử nghiệm một số giải pháp kỹ thuật lạ mắt và gọi đó là MOOC. họ có vẻ không thực sự nhận thức được thực tế là giảng dạy tại chỗ và MOOC yêu cầu các loại phương pháp sư phạm hoàn toàn khác nhau thật đáng kinh ngạc khi cùng một trường đại học có thể cung cấp cả MOOC tốt nhất (của Tiến sĩ Chuck) và một trong những MOOC tệ nhất (của trường này)",negative,cung_cap_tai_lieu
18879,"Vẫn ổn, nhưng tôi mong đợi tốt hơn là khung lưới và mô hình mà chúng ta đã học trước đó.",neutral,noi_chung
18880,Đây là một bài tập được thiết kế kém bài tập làm lãng phí thời gian của học sinh và gây ra nhiều thất vọng.,negative,bai_tap
18881,"video rõ ràng, dễ hiểu và có nhiều ví dụ, thông tin và nội dung tuyệt vời.",positive,ky_nang_giang_day
18881,"video rõ ràng, dễ hiểu và có nhiều ví dụ, thông tin và nội dung tuyệt vời.",positive,ky_nang_giang_day
18881,"video rõ ràng, dễ hiểu và có nhiều ví dụ, thông tin và nội dung tuyệt vời.",positive,ky_nang_giang_day
18881,"video rõ ràng, dễ hiểu và có nhiều ví dụ, thông tin và nội dung tuyệt vời.",positive,ky_nang_giang_day
18882,Tôi rất thích khóa học này khóa học.,positive,noi_chung
18883,người hướng dẫn có xu hướng hài hước và điều đó làm giảm căng thẳng trong lúc học.,positive,ky_nang_giang_day
18884,"Khóa học (3) đã giải quyết tất cả các nguyên tắc cơ bản và cung cấp cho tôi định hướng cũng như thông tin mà tôi cần với tư cách là một người không làm trong lĩnh vực y tế, giúp tôi dễ dàng nghiên cứu sâu hơn.",positive,noi_chung
18884,"Khóa học (3) đã giải quyết tất cả các nguyên tắc cơ bản và cung cấp cho tôi định hướng cũng như thông tin mà tôi cần với tư cách là một người không làm trong lĩnh vực y tế, giúp tôi dễ dàng nghiên cứu sâu hơn.",positive,noi_chung
18884,"Khóa học (3) đã giải quyết tất cả các nguyên tắc cơ bản và cung cấp cho tôi định hướng cũng như thông tin mà tôi cần với tư cách là một người không làm trong lĩnh vực y tế, giúp tôi dễ dàng nghiên cứu sâu hơn.",positive,noi_chung
18885,"Một khóa học tuyệt vời và cuốn sách đi kèm, The Genius of Dogs, và trang web khoa học công dân, Dognition, cũng rất tuyệt vời.",positive,noi_chung
18886,Tôi rất vui khi tìm thấy điều này khóa học! !,positive,noi_chung
18887,Có lẽ nó được thiết kế dành cho những người có khả năng phân tích tốt hơn tôi.,negative,noi_chung
18888,"Ông giúp việc học về vần điệu, phép ẩn dụ và phép đảo nhịp trở nên dễ dàng trong khi giúp bạn tập trung hơn, để bài viết của bạn có thể khiến bạn ngạc nhiên.",positive,ky_nang_giang_day
18889,"Xét cho cùng, hướng đi này hướng đến việc sử dụng Python để phân tích và khoa học dữ liệu, đây không phải là chủ đề dành cho người mới bắt đầu.",neutral,noi_chung
18890,"Đây là một khóa học cô đọng và tinh tế khóa học, có nghĩa là để có được kỹ năng xây dựng một trang web, điều duy nhất cần làm là làm theo các bước trong video và hoàn thành bài tập; tuy nhiên, mọi chủ đề trong khóa học, thậm chí là một dòng mã, đều đáng để suy ngẫm thêm.",positive,noi_chung
18891,Tất cả các bài tập MATLAB / Octave  đều thú vị và có liên quan.,positive,bai_tap
18891,Tất cả các bài tập MATLAB / Octave  đều thú vị và có liên quan.,positive,bai_tap
18892,Cô ấy trình bày tài liệu theo cách thực sự dễ hiểu và dễ hiểu.,positive,cung_cap_tai_lieu
18893,"Thông thường tôi thích Lynda hơn Coursera cho các bài tập  và các câu đố, nhưng không phải trong trường hợp này. . .",negative,bai_tap
18894,Tôi muốn thấy nhiều tương tác hơn và được phân loại bài tập lập trình ở giữa video để thực sự nhấn mạnh các khái niệm.,negative,bai_tap
18894,Tôi muốn thấy nhiều tương tác hơn và được phân loại bài tập lập trình ở giữa video để thực sự nhấn mạnh các khái niệm.,positive,ky_nang_giang_day
18895,Có lẽ Giáo sư Waters - Rist và nhóm của cô ấy có thể tiến hành một lớp Khảo cổ học xương khác để giới thiệu các kỹ thuật không được đề cập trong khóa học này.,neutral,ky_nang_giang_day
18896,"bài giảng video rất thú vị và tôi mong chờ thời gian mình dành để xem chúng, bài đọc cốt lõi có liên quan và có những gợi ý hay cho những ai muốn hiểu sâu hơn về tài liệu.",positive,cung_cap_tai_lieu
18896,"bài giảng video rất thú vị và tôi mong chờ thời gian mình dành để xem chúng, bài đọc cốt lõi có liên quan và có những gợi ý hay cho những ai muốn hiểu sâu hơn về tài liệu.",positive,ky_nang_giang_day
18897,Tôi đã học được rất nhiều từ khóa học này khóa học.,positive,noi_chung
18898,Nội dung tuyệt vời!,positive,noi_chung
18899,"bài giảng rất dài, không được chia nhỏ để dễ xem (đến mức tôi không thể tải xuống điện thoại để sử dụng ngoại tuyến/không có wifi).",negative,ky_nang_giang_day
18900,"Là một người học quản lý, tôi đã nắm được một lượng kiến thức không tưởng về thị trường tài chính.",positive,chuong_trinh_hoc
18901,Nhìn chung đây là một phần giới thiệu hay khóa học,positive,de_xuat
18902,Khóa học này hữu ích hơn nhiều so với những gì tôi nghĩ.,positive,noi_chung
18903,Đây là bản tổng quan hay về các dịch vụ mà Google Cloud Platform cung cấp.,positive,noi_chung
18904,"Tuyệt vời, các nhà cung cấp khác khóa học nên làm theo phương pháp tương tự.",positive,noi_chung
18905,Tôi không nghi ngờ gì về phương pháp học tuyệt vời này.,positive,ky_nang_giang_day
18906,"Tuyệt vời khóa học. Lời phê bình mang tính xây dựng của tôi liên quan đến việc tổ chức các hoạt động nhóm, thực sự rất khó để tổ chức thành các nhóm thông qua những người mà bạn chưa từng gặp, đặc biệt là do chênh lệch múi giờ cũng như sự khác biệt trong lịch trình hàng ngày của các thành viên trong nhóm.",positive,noi_chung
18907,Đây là một trong những khóa học  tốt nhất mà tôi từng tham gia.,positive,noi_chung
18908,Rất nhiều thông tin.,positive,chuong_trinh_hoc
18909,Tôi đề xuất khóa học này khóa học.,positive,noi_chung
18910,"Nội dung về SCRUM được trình bày tám lần, một phần thông qua phần giới thiệu và tại đây.",negative,ky_nang_giang_day
18911,"video ngắn gọn, đúng trọng tâm và tôi khuyên mọi người nên cam kết.",negative,ky_nang_giang_day
18912,Chất lượng giảng dạy rất kém và quá nhanh để theo dõi.,negative,ky_nang_giang_day
18912,Chất lượng giảng dạy rất kém và quá nhanh để theo dõi.,negative,ky_nang_giang_day
18913,Trình bày thực tế các vấn đề giúp làm rõ vấn đề hơn.,positive,ky_nang_giang_day
18914,Đó là một hiểu biết thú vị.,positive,noi_chung
18915,Cảm ơn rất nhiều giáo sư.,positive,ky_nang_giang_day
18916,Tôi đánh giá cao việc đọc tài liệu bổ sung cho các video.,positive,cung_cap_tai_lieu
18917,"Tôi cho 5 sao cho giáo viên, thực sự có cách giảng dạy được tổ chức tốt tài liệu.",positive,ky_nang_giang_day
18917,"Tôi cho 5 sao cho giáo viên, thực sự có cách giảng dạy được tổ chức tốt tài liệu.",positive,cung_cap_tai_lieu
18918,Mọi người phải chờ đợi rất lâu để nhận được phản hồi và tôi cũng nghĩ rằng những người đã trả tiền cho phần đầu tiên trong 5 phần không nên phải trả tiền cho bốn phần tiếp theo nếu họ muốn ít nhất là được tiếp cận tài liệu mà không bị chấm điểm.,negative,hanh_vi
18918,Mọi người phải chờ đợi rất lâu để nhận được phản hồi và tôi cũng nghĩ rằng những người đã trả tiền cho phần đầu tiên trong 5 phần không nên phải trả tiền cho bốn phần tiếp theo nếu họ muốn ít nhất là được tiếp cận tài liệu mà không bị chấm điểm.,positive,ham_diem
18919,Tôi thích lớp học này!,positive,noi_chung
18920,Tôi đã giới thiệu khóa học này (khóa học thứ 2) cho bạn tôi và bất kỳ ai quan tâm đến âm nhạc chắc chắn nên thử khóa học này (khóa học thứ 2).,positive,de_xuat
18920,Tôi đã giới thiệu khóa học này (khóa học thứ 2) cho bạn tôi và bất kỳ ai quan tâm đến âm nhạc chắc chắn nên thử khóa học này (khóa học thứ 2).,positive,de_xuat
18921,Tôi nghĩ tốt hơn là làm thông tin này không bắt buộc mà là tùy chọn,neutral,noi_chung
18922,Thật dễ hiểu những điểm ông ấy đề cập.,positive,ky_nang_giang_day
18923,"Tốc độ của khóa học cũng cực kỳ chậm, mặc dù nó có thể phù hợp với người mới bắt đầu.",negative,noi_chung
18923,"Tốc độ của khóa học cũng cực kỳ chậm, mặc dù nó có thể phù hợp với người mới bắt đầu.",positive,noi_chung
18924,Chỉ mong có nhiều bài tập lập trình được chấm điểm hơn nữa !,negative,bai_tap
18925,Tôi sẽ giới thiệu nó tới bạn bè của tôi.,positive,de_xuat
18926,"Tôi thấy khóa học này  rất hữu ích và đã học được cách sử dụng biểu thức chính quy, sau đó sử dụng chúng để phân tích các trang HTML để xem nhiều thẻ và nội dung khác nhau.",positive,noi_chung
18926,"Tôi thấy khóa học này  rất hữu ích và đã học được cách sử dụng biểu thức chính quy, sau đó sử dụng chúng để phân tích các trang HTML để xem nhiều thẻ và nội dung khác nhau.",positive,noi_chung
18927,Trình độ giới thiệu tuyệt vời (khóa học 1) về Chiến lược cạnh tranh.,positive,de_xuat
18928,Tôi muốn cảm ơn giảng viên và tất cả những người đã tham gia tạo nên khóa học hữu ích và chất lượng như vậy.,positive,chuong_trinh_hoc
18928,Tôi muốn cảm ơn giảng viên và tất cả những người đã tham gia tạo nên khóa học hữu ích và chất lượng như vậy.,positive,ky_nang_giang_day
18929,"Để giới thiệu, đó là một trải nghiệm tuyệt vời.",positive,de_xuat
18930,"Và, nhân tiện, có quá nhiều câu chuyện.",negative,ky_nang_giang_day
18931,"Nếu bạn không đủ khả năng tham gia, bạn sẽ bị hạn chế quyền truy cập vào tài liệu kiểm tra.",negative,bai_tap
18932,Giảng viên đã vội vã trình bày tài liệu khóa học.,negative,ky_nang_giang_day
18933,Môn học được trình bày theo cách rất tao nhã và trang trọng bởi giáo sư Ng bắt đầu bằng những điều cơ bản và tiến triển với tốc độ hoàn hảo đến những điều khó hơn.,positive,ky_nang_giang_day
18933,Môn học được trình bày theo cách rất tao nhã và trang trọng bởi giáo sư Ng bắt đầu bằng những điều cơ bản và tiến triển với tốc độ hoàn hảo đến những điều khó hơn.,positive,ky_nang_giang_day
18934,Tuyệt vời tuyệt vời khóa học ¡¡¡,positive,noi_chung
18935,"Khóa học này : rất quan trọng đối với tất cả học viên từ các nước đang phát triển và phát triển, vì dân số thế giới đang ngày càng tăng và phải đối mặt với tình trạng thiếu lương thực trầm trọng, do đó việc tiết kiệm tổn thất trở thành nhu cầu cấp thiết.",positive,noi_chung
18936,"Khóa học rất thú vị, nhưng đôi khi rất khó để tiếp thu thông tin với giọng điệu như vậy:",positive,noi_chung
18936,"Khóa học rất thú vị, nhưng đôi khi rất khó để tiếp thu thông tin với giọng điệu như vậy:",negative,ky_nang_giang_day
18937,Tôi thực sự thích nó và quan trọng nhất là tôi đã học được rất nhiều điều.,positive,noi_chung
18937,Tôi thực sự thích nó và quan trọng nhất là tôi đã học được rất nhiều điều.,positive,chuong_trinh_hoc
18938,"Bài kiểm tra trên nền tảng và bài tập giúp bạn tiến bộ và thúc đẩy bạn xem lại ghi chú và nội dung sách, giúp bạn cảm thấy thoải mái với tốc độ của bài học.",positive,bai_tap
18938,"Bài kiểm tra trên nền tảng và bài tập giúp bạn tiến bộ và thúc đẩy bạn xem lại ghi chú và nội dung sách, giúp bạn cảm thấy thoải mái với tốc độ của bài học.",positive,bai_tap
18938,"Bài kiểm tra trên nền tảng và bài tập giúp bạn tiến bộ và thúc đẩy bạn xem lại ghi chú và nội dung sách, giúp bạn cảm thấy thoải mái với tốc độ của bài học.",positive,ky_nang_giang_day
18938,"Bài kiểm tra trên nền tảng và bài tập giúp bạn tiến bộ và thúc đẩy bạn xem lại ghi chú và nội dung sách, giúp bạn cảm thấy thoải mái với tốc độ của bài học.",positive,ky_nang_giang_day
18939,John Covach là một người hướng dẫn tuyệt vời.,positive,ky_nang_giang_day
18940,khóa học là một cách tiếp cận rất thực tế đối với ngôn ngữ.,positive,noi_chung
18941,"phần giới thiệu rất hay nhưng khi tôi xem video và sau đó làm bài kiểm tra, tôi cảm thấy như tài liệu không nêu rõ chính xác những gì cần thiết cho bài kiểm tra.",positive,de_xuat
18941,"phần giới thiệu rất hay nhưng khi tôi xem video và sau đó làm bài kiểm tra, tôi cảm thấy như tài liệu không nêu rõ chính xác những gì cần thiết cho bài kiểm tra.",positive,ky_nang_giang_day
18941,"phần giới thiệu rất hay nhưng khi tôi xem video và sau đó làm bài kiểm tra, tôi cảm thấy như tài liệu không nêu rõ chính xác những gì cần thiết cho bài kiểm tra.",negative,cung_cap_tai_lieu
18941,"phần giới thiệu rất hay nhưng khi tôi xem video và sau đó làm bài kiểm tra, tôi cảm thấy như tài liệu không nêu rõ chính xác những gì cần thiết cho bài kiểm tra.",negative,bai_tap
18942,"Tuy nhiên, lý do thực sự khiến tôi đánh giá nó 3/5 là vì ký hiệu toán học có ở khắp mọi nơi.",neutral,chuong_trinh_hoc
18943,"Bạn sẽ học được những điều rất thú vị về Học máy, đồng thời cũng rèn luyện được kỹ năng lập trình (MATLAB/Octave).",positive,noi_chung
18944,Tôi đã yêu cầu trợ giúp trên diễn đàn nhưng không ai trả lời.,negative,hanh_vi
18945,Cảm ơn Andrew Ng!,positive,ky_nang_giang_day
18946,Tôi đã học khóa học này khóa học đầu tiên trong số các khóa học chuyên sâu về ruby on rails khóa học và quyết định đăng ký học toàn bộ khóa học.,positive,noi_chung
18947,"Trong khi gia sư rõ ràng hiểu rõ chuyên môn của họ, tôi thấy bài tập thực sự khá khó và có giá trị giáo dục hạn chế do sự kết hợp giữa các khái niệm mới được giới thiệu trong bài giảng cùng với toán học hoặc khoa học máy tính mới (đối với tôi) cũng cần phải nắm bắt.",positive,ky_nang_giang_day
18947,"Trong khi gia sư rõ ràng hiểu rõ chuyên môn của họ, tôi thấy bài tập thực sự khá khó và có giá trị giáo dục hạn chế do sự kết hợp giữa các khái niệm mới được giới thiệu trong bài giảng cùng với toán học hoặc khoa học máy tính mới (đối với tôi) cũng cần phải nắm bắt.",positive,bai_tap
18947,"Trong khi gia sư rõ ràng hiểu rõ chuyên môn của họ, tôi thấy bài tập thực sự khá khó và có giá trị giáo dục hạn chế do sự kết hợp giữa các khái niệm mới được giới thiệu trong bài giảng cùng với toán học hoặc khoa học máy tính mới (đối với tôi) cũng cần phải nắm bắt.",positive,de_xuat
18948,"Ngoài ra, nhiều bài tập đã nâng cao kiến thức và kỹ năng của tôi về máy học.",positive,bai_tap
18949,"Tôi xin nói với tất cả mọi người ở mọi lứa tuổi, hoàn cảnh và sở thích: hãy nắm bắt cơ hội để làm điều này khóa học và bạn sẽ không phải hối hận.",positive,noi_chung
18950,Tôi thực sự thích những thử thách.,positive,bai_tap
18951,Chỉ có rất nhiều việc phải làm và một lượng nhỏ công việc đó sẽ ở lại với bạn.,negative,bai_tap
18951,Chỉ có rất nhiều việc phải làm và một lượng nhỏ công việc đó sẽ ở lại với bạn.,negative,chuong_trinh_hoc
18952,"Ngoài các nội dung cần tải xuống, ghi âm và phát lại, khóa học được trình bày khá tốt và cách chơi theo thang âm và vị trí đặc biệt hữu ích và rõ ràng.",positive,ky_nang_giang_day
18952,"Ngoài các nội dung cần tải xuống, ghi âm và phát lại, khóa học được trình bày khá tốt và cách chơi theo thang âm và vị trí đặc biệt hữu ích và rõ ràng.",positive,noi_chung
18952,"Ngoài các nội dung cần tải xuống, ghi âm và phát lại, khóa học được trình bày khá tốt và cách chơi theo thang âm và vị trí đặc biệt hữu ích và rõ ràng.",positive,chuong_trinh_hoc
18953,3 tuần đầu tiên là thời gian tốt để học Bootstrap.,positive,noi_chung
18954,"Tuy nhiên, tôi thực sự đánh giá cao toàn bộ khóa học và tôi nghĩ đó là một trải nghiệm tuyệt vời khi tham gia khóa học!",positive,noi_chung
18955,Đây chính là động lực để tôi dấn thân hoàn toàn vào thế giới ML.,positive,noi_chung
18956,Cảm ơn rất nhiều Ông Landers và các tác giả khác vì khóa học này!,positive,ky_nang_giang_day
18957,Bạn Học tại IBM đề xuất 12 giờ - hầu hết trên các diễn đàn đều mất 6 - 10 giờ cho mỗi bài tập!,neutral,bai_tap
18958,Cảm ơn công sức của bạn ! ! !,positive,ky_nang_giang_day
18959,Học máy là một công cụ quan trọng cho nhiều ngành khoa học và kỹ thuật và,positive,noi_chung
18960,Sau khi hoàn thành khóa học : bạn không phải là chuyên gia nhưng bạn có những khái niệm và kiến thức phù hợp để phát triển dự án của mình.,positive,noi_chung
18961,"Tôi thực sự khuyên dùng phương pháp này cho bất kỳ giáo viên dạy tiếng Anh như ngôn ngữ thứ hai (ESL), tiếng Anh như tiếng Anh (TEFL) hoặc tiếng Anh như tiếng CELTA.",positive,noi_chung
18962,Khóa học  thật tuyệt vời.,positive,noi_chung
18963,Tôi nghĩ rằng để trở thành một nhà khoa học dữ liệu thì đây là nơi tốt nhất để bắt đầu và cũng rất vui khi hoàn thành phần còn lại của khóa học .,positive,chuong_trinh_hoc
18964,Anh ấy rất nhiệt tình và giải thích tài liệu rất tốt.,positive,ky_nang_giang_day
18964,Anh ấy rất nhiệt tình và giải thích tài liệu rất tốt.,positive,ky_nang_giang_day
18965,Việc sử dụng các bài báo trên tạp chí thực tế đã bổ sung thêm tính thực tiễn cho lý thuyết và ứng dụng của thống kê.,positive,chuong_trinh_hoc
18966,Tôi đã học được rất nhiều.,positive,noi_chung
18967,"Khi tôi liên hệ với một giáo viên (Eva) về một số câu hỏi cụ thể, cô ấy đã rất nhiệt tình giúp đỡ tôi giải quyết vấn đề.",positive,ky_nang_giang_day
18968,tài liệu khoa học công dân cũng rất thú vị.,positive,cung_cap_tai_lieu
18969,Rất tốt khóa học.,positive,noi_chung
18970,"Có lẽ, khóa học dựa trên những bài viết của ông Bakker và một trong những cuốn sách của ông có thể khiến chúng ta nghĩ đến mục đích thương mại hoặc quảng cáo, nhưng đó là một cách tuyệt vời, thực sự tuyệt vời, khóa học để hiểu thế giới thực mà chúng ta đang sống, và là một cách tuyệt vời để đặt tên cho nhiều thứ xảy ra với tất cả chúng ta.",positive,chuong_trinh_hoc
18971,Tôi đã cố gắng hiểu điều này trong ba năm và cuối cùng đã đạt được tiến triển.,positive,noi_chung
18972,"Tuy nhiên, sẽ tuyệt hơn nữa nếu bạn có thể cung cấp các ký tự tiếng Trung cho tất cả những nội dung chúng ta đã học * trong khi * chúng ta học nó chứ không phải ở phần cuối của khóa học.",positive,noi_chung
18973,"Nhìn chung, chất lượng khóa học tốt và có trình độ kiến thức phù hợp với các nhà phân tích mới.",positive,chuong_trinh_hoc
18974,Tôi yêu cách đó,positive,noi_chung
18975,Cảm ơn cousera và Berklee đã tạo cơ hội này!,positive,ky_nang_giang_day
18976,Tốc độ video tăng gấp 5 lần vì có nhiều cảnh nói chuyện.,negative,ky_nang_giang_day
18977,Tôi đã từng học khóa học tuyệt vời về máy học của Carlo Carlo tại UW và cảm thấy thực sự rất tốt.,positive,noi_chung
18977,Tôi đã từng học khóa học tuyệt vời về máy học của Carlo Carlo tại UW và cảm thấy thực sự rất tốt.,positive,noi_chung
18977,Tôi đã từng học khóa học tuyệt vời về máy học của Carlo Carlo tại UW và cảm thấy thực sự rất tốt.,positive,ky_nang_giang_day
18978,nó thậm chí còn không được đề cập cho đến khóa học tiếp theo .,neutral,noi_chung
18979,Nó được thực hiện rất tốt với sự cân bằng giữa lý thuyết về điều khiển chuyển động của robot với thực hành bài tập bằng cách sử dụng ngôn ngữ lập trình phổ biến Matlab.,positive,noi_chung
18979,Nó được thực hiện rất tốt với sự cân bằng giữa lý thuyết về điều khiển chuyển động của robot với thực hành bài tập bằng cách sử dụng ngôn ngữ lập trình phổ biến Matlab.,positive,chuong_trinh_hoc
18979,Nó được thực hiện rất tốt với sự cân bằng giữa lý thuyết về điều khiển chuyển động của robot với thực hành bài tập bằng cách sử dụng ngôn ngữ lập trình phổ biến Matlab.,positive,bai_tap
18980,Họ giảng viên hướng dẫn khóa học nên cung cấp thêm thông tin để bắt đầu rằng việc xem video và đọc tài liệu khóa học là điều cần thiết trước khi tuần học mới bắt đầu vì thực tế là cần phải lập nhóm và phải phối hợp thảo luận và nghiên cứu với các thành viên trong nhóm.,negative,ky_nang_giang_day
18981,Nó làm cho trải nghiệm trở nên đặc biệt hơn.,positive,noi_chung
18982,Ngoài ra thì nó rất tuyệt vời.,positive,noi_chung
18983,Có quá nhiều phương trình được đưa ra mà không giải thích tại sao chúng lại hoạt động hoặc chúng được suy ra như thế nào.,negative,ky_nang_giang_day
18984,Khóa học cũng tập trung nhiều vào lịch sử trong khi đáng lẽ ra phải chú trọng hơn vào tương lai.,neutral,chuong_trinh_hoc
18985,Sẽ thật tuyệt vời nếu có thêm nhiều khóa học như thế này.,positive,noi_chung
18986,Khóa học này khóa học thực sự tuyệt vời!,positive,noi_chung
18987,TUYỆT .,positive,noi_chung
18988,Việc tham gia khóa học này khóa học đã giúp tôi khám phá khả năng viết của mình nhiều hơn.,positive,chuong_trinh_hoc
18989,Và cũng cảm ơn Coursera nữa : ),positive,noi_chung
18990,Cuối cùng rất hạnh phúc.,positive,noi_chung
18991,Nó được giải thích rất rõ ràng và dễ hiểu.,positive,ky_nang_giang_day
18991,Nó được giải thích rất rõ ràng và dễ hiểu.,positive,ky_nang_giang_day
18992,"Tuy nhiên, tôi không thích việc bạn bị giới hạn trong việc học cách sử dụng một nền tảng trả phí và (rất!), chủ yếu là vì có rất nhiều gói miễn phí khác dành cho máy học.",negative,chuong_trinh_hoc
18993,"Đúng vậy, bài tập đòi hỏi phải đắm mình vào những vấn đề không liên quan nhiều đến tính song song.",positive,bai_tap
18994,"Đối với tôi, việc xem các cuộc phỏng vấn với những người có công việc gắn liền chặt chẽ với EU là rất thú vị; những video này thực sự truyền cảm hứng.",positive,ky_nang_giang_day
18994,"Đối với tôi, việc xem các cuộc phỏng vấn với những người có công việc gắn liền chặt chẽ với EU là rất thú vị; những video này thực sự truyền cảm hứng.",positive,ky_nang_giang_day
18995,Đây là một khóa học tuyệt vời.,positive,noi_chung
18996,Giáo sư Fowler thật tuyệt vời!,positive,ky_nang_giang_day
18997,Khóa học này khóa học được đánh giá cao!,positive,noi_chung
18998,Tôi thực sự thích lớp học này.,positive,noi_chung
18999,Mọi thông tin được cung cấp rất đơn giản và dễ hiểu.,positive,noi_chung
18999,Mọi thông tin được cung cấp rất đơn giản và dễ hiểu.,positive,chuong_trinh_hoc
19000,"Gạt mọi thứ sang một bên, nếu bạn thực sự tò mò về máy học, bạn nên tham gia khóa học này .",positive,noi_chung
19001,"Thách thức nếu không phải là một nhà phát triển và người chấm điểm cần có mã rất cụ thể. Ngoài ra, đây là một khóa học thú vị , phần giới thiệu tuyệt vời về bluemix và Node-red và js.",positive,de_xuat
19001,"Thách thức nếu không phải là một nhà phát triển và người chấm điểm cần có mã rất cụ thể. Ngoài ra, đây là một khóa học thú vị , phần giới thiệu tuyệt vời về bluemix và Node-red và js.",positive,de_xuat
19002,Đề xuất duy nhất của tôi là thêm nhiều hơn câu hỏi trong video.,neutral,bai_tap
19003,Tôi có thể cảm nhận được mọi người đã nỗ lực như thế nào để mang những thứ này vật liệu đến cho chúng tôi.,positive,cung_cap_tai_lieu
19004,Đây là một khóa học tuyệt vời !,positive,noi_chung
19005,Nó phù hợp với học sinh cũng như người lớn đang muốn học một điều gì đó mới mẻ vốn khá khó khăn ở độ tuổi của họ.,positive,noi_chung
19006,Tôi rất vui vì đã học khóa học này khóa học và hoàn thành nó.,positive,noi_chung
19007,"Tiến sĩ Chuck cho tất cả các tài liệu, bài kiểm tra và bài tập.",positive,ky_nang_giang_day
19008,Thông tin thì hay nhưng diễn ra quá nhanh và tôi cảm thấy mình không học được nhiều từ nó.,positive,noi_chung
19008,Thông tin thì hay nhưng diễn ra quá nhanh và tôi cảm thấy mình không học được nhiều từ nó.,negative,chuong_trinh_hoc
19008,Thông tin thì hay nhưng diễn ra quá nhanh và tôi cảm thấy mình không học được nhiều từ nó.,negative,chuong_trinh_hoc
19009,Cả người già và người trẻ đều có thể được hưởng lợi.,positive,noi_chung
19010,Một khóa học thực tế khóa học do một giáo sư có năng lực khóa học giảng dạy.,positive,chuong_trinh_hoc
19010,Một khóa học thực tế khóa học do một giáo sư có năng lực khóa học giảng dạy.,positive,ky_nang_giang_day
19011,Tôi thích nó vì nó cung cấp những hiểu biết sâu sắc cho các tập đoàn hoặc doanh nghiệp bằng cách liên kết các lý thuyết kinh tế với doanh nghiệp.,positive,chuong_trinh_hoc
19012,Tôi không thể tin rằng có thể tìm được một khóa học đủ tiêu chuẩn như vậy khóa học miễn phí!,positive,chuong_trinh_hoc
19012,Tôi không thể tin rằng có thể tìm được một khóa học đủ tiêu chuẩn như vậy khóa học miễn phí!,positive,chuong_trinh_hoc
19013,Chắc chắn là xứng đáng với số tiền tôi đã bỏ ra!,positive,chuong_trinh_hoc
19014,Tôi thấy khóa học này khóa học quá nâng cao so với trình độ hiểu biết của tôi về thống kê.,positive,noi_chung
19015,Rất khuyến khích cho bất kỳ ai đang ở bất kỳ giai đoạn học tập nào.,positive,noi_chung
19016,Tôi hy vọng có thể tham gia nhiều lớp học hơn tại Đại học Duke.,positive,noi_chung
19017,. khó khăn) ) vì vậy chúng cung cấp cho bạn khả năng suy nghĩ vượt ra ngoài khuôn khổ),positive,bai_tap
19017,. khó khăn) ) vì vậy chúng cung cấp cho bạn khả năng suy nghĩ vượt ra ngoài khuôn khổ),positive,bai_tap
19018,Cảm ơn tất cả các giảng viên đã mang đến cho tôi trải nghiệm học tập tuyệt vời này.,positive,ky_nang_giang_day
19018,Cảm ơn tất cả các giảng viên đã mang đến cho tôi trải nghiệm học tập tuyệt vời này.,positive,ky_nang_giang_day
19019,Thích nhất tất cả mọi thứ.,positive,noi_chung
19020,Tôi thực sự thích các bài giảng theo hình thức nhóm nhỏ tương tác.,positive,ky_nang_giang_day
19021,Trải nghiệm tuyệt vời.,positive,noi_chung
19022,khóa học này là khóa học ôn lại kiến thức cơ bản rất tốt và Tiến sĩ Whiteman đã giải thích mọi thứ rất rõ ràng và chính xác.,positive,noi_chung
19022,khóa học này là khóa học ôn lại kiến thức cơ bản rất tốt và Tiến sĩ Whiteman đã giải thích mọi thứ rất rõ ràng và chính xác.,positive,ky_nang_giang_day
19023,Ngài Hitoshi Murayama thật tuyệt vời.,positive,ky_nang_giang_day
19024,Video chạy quá nhanh khi ai đó làm việc giữa nhiều cửa sổ để hoàn thành nhiệm vụ.,negative,ky_nang_giang_day
19025,"Bài tập hay và gợi nhiều suy nghĩ, nhưng cách viết chưa rõ ràng.",positive,bai_tap
19025,"Bài tập hay và gợi nhiều suy nghĩ, nhưng cách viết chưa rõ ràng.",negative,bai_tap
19026,"Ngoài ra, bạn không cần kỹ năng lập trình để hoàn thành bài tập, nhưng phải mất rất nhiều thời gian để học các công cụ datavis miễn phí, có sẵn và chúng quá hạn chế để mang lại kết quả chúng ta mong muốn.",negative,bai_tap
19027,"Có lẽ nó hữu ích hơn đối với người đã có một số kinh nghiệm trước đó, thời gian hạn chế và có một số vấn đề họ muốn giải quyết, hơn là một sinh viên.",neutral,chuong_trinh_hoc
19028,Đây là lớp học về máy học rất cơ bản.,positive,noi_chung
19029,khóa học thực chất là một mô tả dài dòng về lĩnh vực nghiên cứu hơn là một phần chính thức của giáo dục đại cương.,positive,noi_chung
19030,"Điều này cung cấp kiến thức chung để tạo các trang web đơn giản, một số thẻ HTML cơ bản và một số thực hành.",positive,chuong_trinh_hoc
19031,giáo sư về cơ bản đã đọc mọi thứ.,negative,ky_nang_giang_day
19032,Tôi không thích khóa học khiến tôi cảm thấy mình phải dựa vào một sản phẩm cụ thể nào đó để giải quyết vấn đề.,negative,noi_chung
19033,Phong cách giảng dạy không thực sự mang lại thách thức hoặc hiểu biết sâu sắc.,negative,ky_nang_giang_day
19034,"Phần này cơ bản hơn nhiều và cung cấp góc nhìn cơ bản về mọi ngôn ngữ lập trình, không chỉ riêng Python.",positive,noi_chung
19035,"Thật tuyệt vời, không có nhiều tính toán, nhưng tập trung nhiều hơn vào các khái niệm như thuyết tương đối, mô hình chuẩn của các hạt, cơ học lượng tử.",positive,noi_chung
19035,"Thật tuyệt vời, không có nhiều tính toán, nhưng tập trung nhiều hơn vào các khái niệm như thuyết tương đối, mô hình chuẩn của các hạt, cơ học lượng tử.",positive,chuong_trinh_hoc
19036,Hy vọng cô ấy sẽ là giáo viên của tôi ở trường đại học : ( jaja .,positive,ky_nang_giang_day
19037,Lớp học này thật tuyệt vời!,positive,noi_chung
19038,Đã truyền cảm hứng và động lực cho tôi tiếp tục khóa học (1: mặc dù tôi gặp khó khăn trong việc hiểu một số khái niệm.,positive,noi_chung
19039,"Bạn sẽ không học được nhiều khái niệm, lý thuyết hoặc thực hành bất kỳ chương trình R nào ở đây.",negative,chuong_trinh_hoc
19040,"Kết quả là, mỗi tuần tôi dành nhiều giờ trên diễn đàn và stackoverflow để tìm hiểu xem người chấm điểm tự động muốn gì, thay vì thực sự học pandas.",negative,chuong_trinh_hoc
19041,Đây là một khóa học thú vị .,positive,noi_chung
19042,Tuần thứ 4 thì tốt hơn.,positive,noi_chung
19043,Xinh đẹp !,positive,noi_chung
19044,"Khóa học  cung cấp cho tôi cái nhìn tổng quan về ngành, các loại hình doanh nghiệp trong ngành, các mô hình và chiến lược khác nhau có thể áp dụng.",positive,noi_chung
19045,"Với tốc độ được điều chỉnh hợp lý của lớp học này, ngay cả khi chỉ biết về Số học và KHÔNG biết gì về lập trình, bạn vẫn có thể học tốt ở lớp này miễn là bạn nỗ lực ở mức vừa phải!",positive,noi_chung
19046,"Cảm ơn những nỗ lực của bạn, đã cho tôi một khóa học tuyệt vời.",positive,noi_chung
19047,Nó có sự cân bằng tốt giữa chiều rộng và thời gian đầu tư.,positive,chuong_trinh_hoc
19048,Tôi đã học được rất nhiều điều từ khóa học này .,positive,noi_chung
19049,Và cách kể chuyện thì tuyệt vời.,positive,ky_nang_giang_day
19050,Nếu bạn là người hướng nội hoặc chỉ đơn giản là người coi trọng sự riêng tư thì đây không phải là khóa học dành cho bạn.,negative,noi_chung
19052,Dạy rất tốt.,positive,noi_chung
19053,"Giáo viên YaaKov là một người hướng dẫn tuyệt vời, bài tập của anh ấy  được viết rất chi tiết và có các bước rất rõ ràng, vì vậy rất dễ hiểu và thực hiện.",positive,ky_nang_giang_day
19053,"Giáo viên YaaKov là một người hướng dẫn tuyệt vời, bài tập của anh ấy  được viết rất chi tiết và có các bước rất rõ ràng, vì vậy rất dễ hiểu và thực hiện.",positive,bai_tap
19053,"Giáo viên YaaKov là một người hướng dẫn tuyệt vời, bài tập của anh ấy  được viết rất chi tiết và có các bước rất rõ ràng, vì vậy rất dễ hiểu và thực hiện.",positive,bai_tap
19053,"Giáo viên YaaKov là một người hướng dẫn tuyệt vời, bài tập của anh ấy  được viết rất chi tiết và có các bước rất rõ ràng, vì vậy rất dễ hiểu và thực hiện.",positive,bai_tap
19054,giáo viên cũng như đội ngũ giảng viên luôn trả lời nhanh chóng và sâu sắc các câu hỏi hoặc bình luận của bạn trên diễn đàn.,positive,hanh_vi
19054,giáo viên cũng như đội ngũ giảng viên luôn trả lời nhanh chóng và sâu sắc các câu hỏi hoặc bình luận của bạn trên diễn đàn.,positive,hanh_vi
19055,"Theo tôi, Andrew Ng rất giỏi trong việc giảng dạy khóa học này.",positive,ky_nang_giang_day
19056,Đây là một khóa học tuyệt vời.,positive,noi_chung
19057,"Chỉ có 2 * vì vấn đề kỹ thuật mà tôi gặp phải trong hầu hết các video  không tải đúng cách. Chúng sẽ bị kẹt ở đâu đó và chỉ có âm thanh sẽ tiếp tục. Vì vậy, tôi không thể hoàn thành khóa học. Ngoài ra, phương pháp giảng dạy thực sự tốt. Hy vọng các bạn sẽ làm việc để khắc phục vấn đề này.",negative,ky_nang_giang_day
19057,"Chỉ có 2 * vì vấn đề kỹ thuật mà tôi gặp phải trong hầu hết các video  không tải đúng cách. Chúng sẽ bị kẹt ở đâu đó và chỉ có âm thanh sẽ tiếp tục. Vì vậy, tôi không thể hoàn thành khóa học. Ngoài ra, phương pháp giảng dạy thực sự tốt. Hy vọng các bạn sẽ làm việc để khắc phục vấn đề này.",positive,ky_nang_giang_day
19058,Cảm ơn bạn rất nhiều vì đã cho tôi cơ hội tham gia khóa học này .,positive,noi_chung
19059,Tôi thích khóa học .,positive,noi_chung
19060,"Do đó, bài tập không thực sự mang tính thử thách - bạn sẽ nhận được những gì bạn bỏ ra!",negative,bai_tap
19061,"Tôi thừa nhận, giọng của người hướng dẫn đã làm tôi mất tập trung lúc đầu.",neutral,ky_nang_giang_day
19062,Ngoại trừ điều đó ra thì nó thật tuyệt vời.,positive,noi_chung
19063,Tôi thực sự thích khám phá thế giới của giáo viên và bạn bè.,positive,noi_chung
19064,Tôi cảm thấy thoải mái với các khái niệm và thuật toán.,positive,noi_chung
19065,Sẽ rất tuyệt nếu có thêm thẻ ghi nhớ trên máy tính hoặc thậm chí là các câu đố nhỏ trong mỗi bài học.,negative,cung_cap_tai_lieu
19066,giáo viên thật tuyệt vời.,positive,ky_nang_giang_day
19067,tài liệu được cung cấp phù hợp cho khóa học giới thiệu về dinh dưỡng trẻ em.,positive,cung_cap_tai_lieu
19068,Giới thiệu hay về kinh tế vĩ mô.,positive,de_xuat
19069,"Tuy nhiên, một số bài giảng video chỉ có chất lượng trung bình.",negative,ky_nang_giang_day
19070,Đây là phần giới thiệu tuyệt vời về R.,positive,de_xuat
19071,Cảm ơn Andrew Ng vì những video ngắn tuyệt vời của bạn (1: đã cung cấp rất nhiều kiến thức trong thời gian ngắn.,positive,ky_nang_giang_day
19071,Cảm ơn Andrew Ng vì những video ngắn tuyệt vời của bạn (1: đã cung cấp rất nhiều kiến thức trong thời gian ngắn.,positive,ky_nang_giang_day
19072,Hầu như không có bài tập nào bài tập mất hơn một giờ để tôi hoàn thành.,positive,bai_tap
19073,"Được làm rất tốt, nội dung tuyệt vời.",positive,cung_cap_tai_lieu
19074,Một vấn đề về khóa học có lẽ sẽ là bài giảng.,negative,ky_nang_giang_day
19075,"Ngoài ra, ngôn ngữ được dạy trong khóa học này Python trực quan hơn nhiều so với nhiều ngôn ngữ lập trình khác mà tôi đã thử (",positive,noi_chung
19076,Toàn bộ khóa học được thiết kế để cung cấp cho bạn nhiều thuật ngữ để giúp bạn theo kịp các khóa học tiếp theo.,negative,chuong_trinh_hoc
19077,"Ngoài ra, tôi vẫn chưa hiểu được diễn đàn thảo luận vì theo tôi thì nó không hấp dẫn lắm.",negative,hanh_vi
19078,Tôi có thể nói rằng tôi thực sự đã thu thập được nhiều thông tin có thể áp dụng vào sự nghiệp của mình.,positive,noi_chung
19079,Lời kể chuyện thật tuyệt vời và chân thành từ trái tim.,positive,ky_nang_giang_day
19080,Siedel đã tiến hành khóa học rất thực tế và hữu ích.,positive,ky_nang_giang_day
19081,"Người hướng dẫn giải thích mọi chi tiết, mặc dù bạn có thể sẽ gặp nhiều vấn đề khó hơn trong bài tập .",negative,bai_tap
19082,"Hầu hết chúng đều không thể đọc được - nhiều phông chữ, nhiều màu sắc, một số có hình ảnh phức tạp, một số không có thông tin gì cả.",negative,ky_nang_giang_day
19083,"Tôi cảm thấy rằng hiện tại tôi đã hiểu rất rõ về hồi quy tuyến tính, hồi quy logistic và mạng nơ-ron cũng như các phương pháp học tập khác mà chúng ta đã đề cập.",positive,chuong_trinh_hoc
19084,Cực kỳ hữu ích khóa học.,positive,chuong_trinh_hoc
19085,Cảm ơn chân thành vì khóa học tuyệt vời này khóa học : ),positive,noi_chung
19086,"Tuy nhiên, không có nhiều bài thực hành trong khóa học này  như tôi mong đợi.",neutral,noi_chung
19087,"Tuyệt vời khóa học, tôi thực sự khuyên bạn nên dùng!",positive,noi_chung
19087,"Tuyệt vời khóa học, tôi thực sự khuyên bạn nên dùng!",positive,noi_chung
19088,"Tôi không thấy ngày xây dựng cụ thể nhưng tôi đoán rằng khóa học này được xây dựng vào năm 2013 - 2014, do đó thông tin này chắc chắn là mới nhất.",positive,noi_chung
19089,"Một số khái niệm trong JavaScript có thể khó hiểu đối với sinh viên không có nền tảng về Khoa học máy tính, nhưng khóa học này thực sự giúp mọi thứ dễ hiểu hơn.",positive,chuong_trinh_hoc
19090,Tôi chắc chắn sẽ sử dụng những công cụ mà họ đã dạy tôi trong năm thứ hai để trở thành một giáo viên hiệu quả hơn.,positive,noi_chung
19091,"Mặt khác, những người có kinh nghiệm trước đây về cơ học thống kê sẽ được hưởng lợi từ việc đưa vào những kết nối phức tạp hơn với cơ học lượng tử và hóa học vật lý.",positive,noi_chung
19092,Tôi hiểu rõ hơn nhiều về động lực và sự trì hoãn.,positive,chuong_trinh_hoc
19093,"Mặc dù tôi đã rất tuân thủ lịch trình của mình trong tuần thứ tư, nhưng tôi thực sự rất thích khóa học .",positive,noi_chung
19094,"Trình độ cao văn bản, biểu đồ và tài liệu tham khảo.",positive,cung_cap_tai_lieu
19095,"Ngoài việc kết hợp và nhấn mạnh nhiều hơn vào tài liệu viết, tôi nghĩ rằng việc đưa ra nhiều ví dụ thực tế hơn về thành công và thất bại trong ngoại giao sẽ là cách sử dụng thời gian giảng bài hiệu quả và thú vị hơn nhiều so với việc đưa ra triết lý khó hiểu dường như đặc trưng cho ấn bản này.)",negative,cung_cap_tai_lieu
19096,Cảm ơn Giáo sư!,positive,ky_nang_giang_day
19097,"Khiếu nại lớn nhất của tôi là nhiều bài lập trình bài tập có lỗi mà chưa được sửa, mặc dù khóa học này đã diễn ra trong nhiều năm.",negative,bai_tap
19098,"Mặc dù đây là những nền tảng tuyệt vời, tôi vẫn muốn có phần hai để cung cấp thêm thông tin về công nghệ tiên tiến tài liệu, đặc biệt là học sâu và mở rộng mạng lưới nơ-ron.",positive,cung_cap_tai_lieu
19099,"Tôi thấy bài tập  quá cầu kỳ và khó hiểu, không có dấu hiệu hay đánh giá nào về việc bạn thực sự đã làm sai điều gì.",negative,bai_tap
19099,"Tôi thấy bài tập  quá cầu kỳ và khó hiểu, không có dấu hiệu hay đánh giá nào về việc bạn thực sự đã làm sai điều gì.",negative,bai_tap
19100,Mỗi phần đều rõ ràng và liên kết với phần tiếp theo.,positive,ky_nang_giang_day
19101,"Tôi thấy tốc độ, phong cách nội dung phù hợp với tôi và cho phép tôi tiếp tục các khóa học khác.",positive,ky_nang_giang_day
19101,"Tôi thấy tốc độ, phong cách nội dung phù hợp với tôi và cho phép tôi tiếp tục các khóa học khác.",positive,ky_nang_giang_day
19102,"Thay vì sợ hãi lớp học, tôi thấy mình hào hứng khi đến lớp mỗi ngày và có thể tiến bộ nhanh hơn so với phác thảo khóa học nhờ phương pháp giảng dạy cực kỳ rõ ràng và hỗ trợ của anh ấy.",positive,noi_chung
19103,Giải thích chi tiết .,positive,ky_nang_giang_day
19104,"tài liệu thì tuyệt vời, nhưng khi tôi phát hiện ra rằng bài tập đã bị giảm bớt so với phiên bản trước của khóa học có vào năm 2014.",positive,cung_cap_tai_lieu
19104,"tài liệu thì tuyệt vời, nhưng khi tôi phát hiện ra rằng bài tập đã bị giảm bớt so với phiên bản trước của khóa học có vào năm 2014.",neutral,bai_tap
19105,"Cảm ơn bạn rất nhiều vì khóa học này , tôi thực sự thích nó!",positive,noi_chung
19106,Tôi đã học được và tận hưởng rất nhiều trong những tuần này.,positive,chuong_trinh_hoc
19107,Chỉ cần sử dụng trực giác hoặc lý lẽ thông thường là đủ để giải quyết chúng.,neutral,bai_tap
19108,Hoàn thành khóa học này khóa học bằng cách nào đó khiến tôi cảm thấy chuẩn bị tốt hơn nhiều để tự học các cuốn sách GR trình độ trung cấp/nâng cao mà tôi đã sở hữu từ lâu!,positive,chuong_trinh_hoc
19109,"Vì vậy, tôi giới thiệu khóa học này  cho bất kỳ ai muốn học tốt hơn và hiệu quả hơn.",positive,de_xuat
19110,Rất tốt: Giáo sư kiên nhẫn và tốt bụng.,positive,ky_nang_giang_day
19110,Rất tốt: Giáo sư kiên nhẫn và tốt bụng.,positive,ky_nang_giang_day
19110,Rất tốt: Giáo sư kiên nhẫn và tốt bụng.,positive,noi_chung
19111,Sẽ thật tuyệt nếu họ có thể quay lại với khóa học  về phép tính vi phân nhiều biến.,positive,noi_chung
19112,"Tôi thực sự rất thích lớp học này, rất, rất nhiều!",positive,noi_chung
19113,bài tập rất khó và thực sự kiểm tra kiến thức về Python của bạn.,positive,bai_tap
19113,bài tập rất khó và thực sự kiểm tra kiến thức về Python của bạn.,positive,ky_nang_giang_day
19114,Lớp học được thiết lập tốt và là sự giới thiệu tuyệt vời cho những sinh viên muốn tìm hiểu về tiếp thị kỹ thuật số.,positive,de_xuat
19115,Sự đa dạng và tập trung vào chi tiết thật ấn tượng và giảng viên luôn lôi cuốn và rõ ràng là đầu tư mạnh mẽ vào tài liệu.,positive,chuong_trinh_hoc
19115,Sự đa dạng và tập trung vào chi tiết thật ấn tượng và giảng viên luôn lôi cuốn và rõ ràng là đầu tư mạnh mẽ vào tài liệu.,positive,hanh_vi
19115,Sự đa dạng và tập trung vào chi tiết thật ấn tượng và giảng viên luôn lôi cuốn và rõ ràng là đầu tư mạnh mẽ vào tài liệu.,positive,ky_nang_giang_day
19116,Rất hữu ích cho người mới bắt đầu. Cô ấy nói rất chậm và lặp lại các từ cho đến khi bạn hiểu.,positive,ky_nang_giang_day
19116,Rất hữu ích cho người mới bắt đầu. Cô ấy nói rất chậm và lặp lại các từ cho đến khi bạn hiểu.,positive,noi_chung
19116,Rất hữu ích cho người mới bắt đầu. Cô ấy nói rất chậm và lặp lại các từ cho đến khi bạn hiểu.,positive,ky_nang_giang_day
19117,Andrew Ng cung cấp hướng dẫn có giá trị về trực giác và việc triển khai các thuật toán học máy.,positive,ky_nang_giang_day
19118,Cảm ơn Barbara và nhóm giảng viên đã chia sẻ những câu chuyện truyền cảm hứng cá nhân của bạn.,positive,ky_nang_giang_day
19119,"Họ nên thay thế các bài kiểm tra này bằng dự án, nơi bạn viết mã thực sự.",negative,chuong_trinh_hoc
19120,"Tốt khóa học, nhưng có thể khó hơn.",positive,noi_chung
19120,"Tốt khóa học, nhưng có thể khó hơn.",negative,chuong_trinh_hoc
19121,"Nếu bạn là người mới hoàn toàn, hãy bắt đầu từ đầu chuyên ngành này theo lịch trình của riêng mình (theo yêu cầu với tốc độ ánh sáng) và với mức giá phải chăng (0 đô la) và tự tin vào những tiến bộ đáng kể trong kiến thức về chức năng internet nói chung và Python nói riêng.",positive,chuong_trinh_hoc
19122,Tôi không thấy hứng thú lắm khi nghe về chức năng của i-phone và sumsung,negative,chuong_trinh_hoc
19123,giáo sư có sức lôi cuốn vô cùng lớn và cách trình bày khái niệm một cách súc tích.,positive,ky_nang_giang_day
19123,giáo sư có sức lôi cuốn vô cùng lớn và cách trình bày khái niệm một cách súc tích.,positive,ky_nang_giang_day
19124,"Cảm ơn, Tiến sĩ Chuck.",positive,ky_nang_giang_day
19125,Sẽ tốt hơn nếu vấn đề theo dõi có nhiều ví dụ cho thấy ứng dụng thực tế hơn.,neutral,ky_nang_giang_day
19126,"Tuyệt vời khóa học, thực sự đề cập đến rất nhiều chi tiết!",positive,noi_chung
19126,"Tuyệt vời khóa học, thực sự đề cập đến rất nhiều chi tiết!",positive,chuong_trinh_hoc
19127,"Rất tập trung vào các ứng dụng cụ thể, nhưng cũng cung cấp một mức độ sâu nhất định về mặt lý thuyết.",positive,noi_chung
19127,"Rất tập trung vào các ứng dụng cụ thể, nhưng cũng cung cấp một mức độ sâu nhất định về mặt lý thuyết.",positive,noi_chung
19128,Tôi biết một số điều trong khóa học  nhưng tôi không biết gì về một số điều khác.,positive,noi_chung
19129,"Tôi có thể không đồng ý với mọi thứ trong khóa học và một số tuyên bố của ông ấy có thể khiến tôi hơi khó chịu, nhưng nhìn chung đây là một khóa học hấp dẫn và sâu sắc.",negative,ky_nang_giang_day
19129,"Tôi có thể không đồng ý với mọi thứ trong khóa học và một số tuyên bố của ông ấy có thể khiến tôi hơi khó chịu, nhưng nhìn chung đây là một khóa học hấp dẫn và sâu sắc.",positive,chuong_trinh_hoc
19130,"Có thể nói, khóa học được tổ chức rất tốt, có nhiều ví dụ tuyệt vời và bài giảng tuyệt vời (mặc dù âm thanh có thể được làm rõ hơn bằng cách sử dụng micrô, bộ khuếch đại, giao diện cao cấp hơn và phần mềm sản xuất âm thanh giá cả phải chăng như Reaper để làm rõ giọng nói).",positive,chuong_trinh_hoc
19130,"Có thể nói, khóa học được tổ chức rất tốt, có nhiều ví dụ tuyệt vời và bài giảng tuyệt vời (mặc dù âm thanh có thể được làm rõ hơn bằng cách sử dụng micrô, bộ khuếch đại, giao diện cao cấp hơn và phần mềm sản xuất âm thanh giá cả phải chăng như Reaper để làm rõ giọng nói).",positive,chuong_trinh_hoc
19130,"Có thể nói, khóa học được tổ chức rất tốt, có nhiều ví dụ tuyệt vời và bài giảng tuyệt vời (mặc dù âm thanh có thể được làm rõ hơn bằng cách sử dụng micrô, bộ khuếch đại, giao diện cao cấp hơn và phần mềm sản xuất âm thanh giá cả phải chăng như Reaper để làm rõ giọng nói).",positive,ky_nang_giang_day
19131,Giáo sư Yaakov Chaikin là một người cố vấn tài năng.,positive,ky_nang_giang_day
19132,Thật hữu ích.,positive,chuong_trinh_hoc
19133,"khóa học rất tốt, nhưng tôi muốn đưa ra ba gợi ý: 1) Bạn không có phản hồi về những gì bạn làm sai trong các bài tập.",positive,noi_chung
19134,"Tôi thực sự muốn giới thiệu cuốn sách này đến tất cả những ai muốn hiểu được sắc thái của quyền lực và ảnh hưởng, cũng như sử dụng chúng để đưa ra những ý tưởng đúng đắn và tránh bị ảnh hưởng bởi những ý tưởng sai lầm.",positive,de_xuat
19135,Harris dạy những điều phức tạp một cách dễ hiểu.,positive,ky_nang_giang_day
19136,Bạn đã làm một công việc tuyệt vời!,positive,noi_chung
19137,Khóa học này khóa học đã giúp tôi rất nhiều để trở thành một nhà lãnh đạo có tầm nhìn xa.,positive,noi_chung
19138,"Ngoài ra, anh còn có kỹ năng thuyết trình tuyệt vời, khiến cho bài giảng của anh trở nên thú vị và dễ theo dõi.",positive,ky_nang_giang_day
19138,"Ngoài ra, anh còn có kỹ năng thuyết trình tuyệt vời, khiến cho bài giảng của anh trở nên thú vị và dễ theo dõi.",positive,ky_nang_giang_day
19139,"Tiến sĩ Maya Adam đã làm rất tốt công việc biên soạn video bài giảng, nội dung khóa học, v.v.",positive,ky_nang_giang_day
19140,Tôi thực sự yêu thích người hướng dẫn (giọng nói và cách giải thích của anh ấy khiến khóa học trở nên rất thú vị).,positive,ky_nang_giang_day
19141,Một số vấn đề với bài tập lập trình.,negative,bai_tap
19142,Phương pháp từng bước để giải thích lĩnh vực phức tạp này theo cách đơn giản thực sự hữu ích.,positive,ky_nang_giang_day
19143,Ngoại lệ trình bày.,positive,ky_nang_giang_day
19144,Đây là khóa học tuyệt vời khóa học giúp bất kỳ ai hiểu được học máy là gì.,positive,noi_chung
19145,Có chút thất vọng .,negative,noi_chung
19146,"Nhưng đây là một khóa học nổi bật khóa học, và thật tuyệt vời, nếu bạn nghĩ về điều đó, khi có nhiều giờ được tiếp cận miễn phí với Gary Burton.",positive,noi_chung
19147,"Tải xuống mã có thể là một lựa chọn, tuy nhiên tốt hơn là chúng ta nên gõ mã theo bài giảng, vì việc tải xuống khiến tôi lười, tự gõ mã là một cách học tốt.",negative,noi_chung
19148,Cảm ơn Thầy Kim rất nhiều vì sự giảng dạy chuyên nghiệp và thời gian vui vẻ.,positive,ky_nang_giang_day
19148,Cảm ơn Thầy Kim rất nhiều vì sự giảng dạy chuyên nghiệp và thời gian vui vẻ.,positive,ky_nang_giang_day
19149,Bởi vì chúng ta có thể tự đọc và rất nhiều nội dung có sẵn miễn phí.,positive,cung_cap_tai_lieu
19150,Khóa học  thực sự tốt.,positive,noi_chung
19151,"Kết hợp với HTML & CSS (khóa học 1) tại CODECADEMY, tôi có khả năng viết mã HTML đơn giản, đọc mã của người khác và tìm các tài nguyên cần thiết để bắt đầu xây dựng trang web của riêng mình.",positive,noi_chung
19152,"Xin chào, tôi thích điều này khóa học.",positive,noi_chung
19153,"Nhìn chung, tôi thực sự thích khóa học này  (và nó khá dễ đối với tôi vì tôi đã có một số kiến thức nền về khóa học này), nhưng có một số vấn đề kỹ thuật, đặc biệt là liên quan đến việc truy cập bài tập.",positive,noi_chung
19153,"Nhìn chung, tôi thực sự thích khóa học này  (và nó khá dễ đối với tôi vì tôi đã có một số kiến thức nền về khóa học này), nhưng có một số vấn đề kỹ thuật, đặc biệt là liên quan đến việc truy cập bài tập.",negative,bai_tap
19154,"Lớp này  đã dạy khá tốt những kiến thức cơ bản về R, nhưng lại không hướng dẫn gì về cách kiểm tra mã R (một phần quan trọng của việc viết mã!), các phương pháp hay nhất về mô-đun hóa và phân tích thành thừa số, v.v.",positive,ky_nang_giang_day
19155,Tôi đã xem xét 7 bài báo (yêu cầu là 3 bài) và thấy rằng chúng còn thiếu sót.,negative,noi_chung
19156,"Cùng với phần 1 của khóa học , tôi sẽ giới thiệu nó tới tất cả sinh viên làm việc trong lĩnh vực công nghệ nano.",positive,de_xuat
19157,"Tôi còn nhiều câu hỏi khác nữa, nhưng cho đến khi tôi thấy bản cuối cùng khóa học, tôi không thể nói liệu chúng có được giải quyết hay không.",neutral,noi_chung
19158,"Cảm thấy khóa học tập trung nhiều hơn vào Vương quốc Anh, cũng nên có thêm một chút hiểu biết sâu sắc hơn về giáo dục liên quan đến các nhà giáo dục cũ!",positive,noi_chung
19158,"Cảm thấy khóa học tập trung nhiều hơn vào Vương quốc Anh, cũng nên có thêm một chút hiểu biết sâu sắc hơn về giáo dục liên quan đến các nhà giáo dục cũ!",positive,noi_chung
19159,"bài giảng giải thích những kiến thức cơ bản trong Swift, thực sự hữu ích nhưng chưa đủ toàn diện.",negative,ky_nang_giang_day
19160,Cảm ơn vì bài giảng này - đây thực sự là một trải nghiệm thay đổi cuộc đời tôi!,positive,chuong_trinh_hoc
19161,Tôi nghĩ phần lớn giảng viên đã làm rất tốt trong việc giải thích tài liệu trong khóa học.,positive,ky_nang_giang_day
19162,Đó là một trải nghiệm tuyệt vời.,positive,noi_chung
19163,Tôi nghĩ tôi đã dành khoảng 20 giờ mỗi tuần để cố gắng tiếp thu tài liệu.,positive,cung_cap_tai_lieu
19164,"Tôi thích Tiến sĩ Oakley bài giảng, cách cô ấy sử dụng phép ẩn dụ và thây ma làm cho khóa học thực sự thú vị.",positive,ky_nang_giang_day
19164,"Tôi thích Tiến sĩ Oakley bài giảng, cách cô ấy sử dụng phép ẩn dụ và thây ma làm cho khóa học thực sự thú vị.",positive,ky_nang_giang_day
19165,Cảm ơn Tiến sĩ Biccheiri đã hướng dẫn tôi khóa học này.,positive,ky_nang_giang_day
19166,"Đến cuối cùng, tôi cảm thấy mình thực sự nắm vững kiến thức lập trình cấp thấp và các khái niệm lập trình cơ bản.",positive,chuong_trinh_hoc
19167,Tôi rất gắn bó với điều này Khóa học và sẽ rất khó để không có phản ứng tình cảm với nó.,positive,noi_chung
19168,Ký hiệu chức năng và chuỗi sẽ đặc biệt hữu ích.,positive,chuong_trinh_hoc
19169,Tôi vô cùng biết ơn.,positive,noi_chung
19170,"Giải pháp cho các bài toán này thường khá đơn giản, nhưng không áp dụng được cho một tập hợp lớn các bài toán, mà chỉ áp dụng cho một tập dữ liệu cụ thể được đưa ra (và các đặc điểm của tập dữ liệu này không được đưa ra; vì vậy, tôi kết thúc bằng việc nghĩ về tất cả các khả năng có thể xảy ra đối với tập dữ liệu đó, điều này làm cho bài toán trở nên khó khăn hơn).",neutral,bai_tap
19171,Tôi đã hoàn thành khóa học này  trong thời gian ngắn nhưng khóa học  thật tuyệt vời và cung cấp thông tin cơ bản và video rất hữu ích.,positive,noi_chung
19171,Tôi đã hoàn thành khóa học này  trong thời gian ngắn nhưng khóa học  thật tuyệt vời và cung cấp thông tin cơ bản và video rất hữu ích.,positive,cung_cap_tai_lieu
19172,Những thông tin anh ấy cung cấp cho bạn bên cạnh khóa học thực sự hữu ích trong việc tạo ra trò chơi của riêng bạn! và tự luyện tập.,positive,kinh_nghiem
19173,Tôi cũng cảm thấy rằng phần về lập trình động có vẻ hơi vội vàng và tôi cần dành một chút thời gian để nghiên cứu phần này trên các bên thứ ba trước khi cảm thấy thoải mái khi hoàn thành các bài tập.,negative,cung_cap_tai_lieu
19174,"Giáo sư Yaakov có tài năng đáng kinh ngạc và luôn khiến bài học trở nên sinh động, đồng thời đi sâu vào chi tiết mà không khiến bài học trở nên nhàm chán.",positive,ky_nang_giang_day
19174,"Giáo sư Yaakov có tài năng đáng kinh ngạc và luôn khiến bài học trở nên sinh động, đồng thời đi sâu vào chi tiết mà không khiến bài học trở nên nhàm chán.",positive,ky_nang_giang_day
19174,"Giáo sư Yaakov có tài năng đáng kinh ngạc và luôn khiến bài học trở nên sinh động, đồng thời đi sâu vào chi tiết mà không khiến bài học trở nên nhàm chán.",positive,ky_nang_giang_day
19175,Khóa học này  thật tuyệt vời.,positive,noi_chung
19176,"slide có một số lỗi và lỗi đánh máy, khiến bạn nghi ngờ toàn bộ khóa học.",negative,ky_nang_giang_day
19177,"Nội dung văn bản cần thiết phải được giảng dạy đã được trình bày một cách cẩn thận, mà không gây khó khăn cho học sinh.",positive,cung_cap_tai_lieu
19178,Tôi muốn giới thiệu khóa học này  cho những nhà phát triển hiện tại không có kiến thức nền về khoa học máy tính.,positive,de_xuat
19179,Rất nhiều ý kiến dựa trên bằng chứng ít ỏi.,negative,chuong_trinh_hoc
19180,Chuỗi lớp học này thực sự xứng đáng với thời gian và chi phí bỏ ra.,positive,chuong_trinh_hoc
19181,Thật là tuyệt vời.,positive,noi_chung
19182,Đây là khóa học được khuyến nghị  cho bất kỳ giáo viên nào.,positive,noi_chung
19183,Khóa học tài liệu không bao gồm những gì chúng tôi cần cho các bài kiểm tra hàng tuần (đặc biệt là ở Tuần 3 và Tuần 4) và bài kiểm tra cuối kỳ cực kỳ khó.,negative,bai_tap
19183,Khóa học tài liệu không bao gồm những gì chúng tôi cần cho các bài kiểm tra hàng tuần (đặc biệt là ở Tuần 3 và Tuần 4) và bài kiểm tra cuối kỳ cực kỳ khó.,negative,cung_cap_tai_lieu
19925,nhân viên : Rất tuyệt vời - rất thân thiện và hữu ích.,positive,thiet_bi_day_hoc
19925,nhân viên : Rất tuyệt vời - rất thân thiện và hữu ích.,positive,thiet_bi_day_hoc
19926,sảnh đủ lớn để chứa một trăm người.,positive,thiet_bi_day_hoc
19927,"Mặc dù được đánh giá 2 sao, nhưng lý do là vì khách sạn không có thang máy, sảnh đợi lớn sang trọng hay bàn là cho khách, còn lại mọi thứ đều đạt 4 sao!",negative,thiet_bi_day_hoc
19928,"Mọi thứ đều tuyệt vời: hồ bơi, bãi biển, đồ ăn, cocktail nhưng chỉ có một vấn đề với phòng là có mùi rất khó chịu và chắc chắn không phải 5 sao mà là 3 sao.",positive,thiet_bi_day_hoc
19928,"Mọi thứ đều tuyệt vời: hồ bơi, bãi biển, đồ ăn, cocktail nhưng chỉ có một vấn đề với phòng là có mùi rất khó chịu và chắc chắn không phải 5 sao mà là 3 sao.",positive,thiet_bi_day_hoc
19929,Tôi đã đến khách sạn Millennium cùng chồng và hoàn toàn yêu thích khu vực spa/hồ bơi ở đây!,positive,thiet_bi_day_hoc
19930,Điểm trừ duy nhất là wifi miễn phí hơi chậm.,negative,thiet_bi_day_hoc
19931,quầy bar hấp dẫn và nhà hàng nổi bật.,positive,thiet_bi_day_hoc
19931,quầy bar hấp dẫn và nhà hàng nổi bật.,positive,thiet_bi_day_hoc
19932,"Đẹp quầy lễ tân, gần các quán cà phê và nhà hàng Ý, đi bộ một đoạn ngắn đến ga tàu -",positive,thiet_bi_day_hoc
19933,"Điểm trừ duy nhất mà chúng tôi nhận thấy là dịch vụ đưa đón từ LAX được cung cấp theo yêu cầu mà chúng tôi không biết và mất thời gian chờ đợi bên lề đường trước khi gọi điện, và nếu bạn thuê xe hoặc lái xe, hãy lưu ý rằng phí đỗ xe tại khách sạn là 15,00 đô la một đêm.",negative,thiet_bi_day_hoc
19934,Khu vực quầy bar thân thiện.,positive,thiet_bi_day_hoc
19935,"Nhà hàng rất tốt - giá cả hợp lý, thực đơn phong phú, rất được ưa chuộng.",positive,thiet_bi_day_hoc
19935,"Nhà hàng rất tốt - giá cả hợp lý, thực đơn phong phú, rất được ưa chuộng.",positive,thiet_bi_day_hoc
19936,Langham Place là doanh nghiệp mới của tôi khách sạn từ giờ trở đi tại Hồng Kông. Không có thời gian để khám phá xung quanh nhưng tôi có thể kết luận tốt hơn về khách sạn và tiện nghi của anh ấy.,positive,thiet_bi_day_hoc
19937,Nhà hàng trên tầng thượng rất tuyệt vời và rất đáng để ghé thăm.,positive,thiet_bi_day_hoc
19938,"hồ bơi và khu vực bồn tắm nước nóng thật tuyệt vời, mặc dù chúng tôi hầu như không có thời gian để thư giãn vì quá bận rộn tham quan LA.",positive,thiet_bi_day_hoc
19938,"hồ bơi và khu vực bồn tắm nước nóng thật tuyệt vời, mặc dù chúng tôi hầu như không có thời gian để thư giãn vì quá bận rộn tham quan LA.",positive,thiet_bi_day_hoc
19939,bữa sáng  tuyệt vời cũng như quán bar trên sân thượng  đáng yêu.,positive,thiet_bi_day_hoc
19940,Truy cập Internet miễn phí tại sảnh và một quán Starbucks khiến nơi đây trở thành nơi lý tưởng để khám phá Boston trong vài ngày.,positive,thiet_bi_day_hoc
19941,"Chúng tôi cũng thích các hoạt động bên hồ bơi như các bài học tiếng Tây Ban Nha, Thể dục nhịp điệu dưới nước - cảm ơn nhóm hoạt động đã làm việc rất tuyệt vời.",positive,thiet_bi_day_hoc
19942,Điều duy nhất mà khách sạn có thể cải thiện là chỗ ngồi ở sảnh chính - có một vài chiếc ghế và một chiếc ghế dài và rất nhiều không gian trống.,neutral,thiet_bi_day_hoc
19943,Tôi sẽ không quay lại The Clift; Redwood Bar rất vui và nhân viên gác cổng/cửa trước đều tốt nhưng chỉ có vậy thôi.,positive,thiet_bi_day_hoc
19944,"Trên hết, chúng tôi ấn tượng với quầy bar trên tầng thượng, nơi phục vụ trà và cà phê miễn phí và là nơi tuyệt vời để ngắm hoàng hôn.",positive,thiet_bi_day_hoc
19944,"Trên hết, chúng tôi ấn tượng với quầy bar trên tầng thượng, nơi phục vụ trà và cà phê miễn phí và là nơi tuyệt vời để ngắm hoàng hôn.",positive,thiet_bi_day_hoc
19944,"Trên hết, chúng tôi ấn tượng với quầy bar trên tầng thượng, nơi phục vụ trà và cà phê miễn phí và là nơi tuyệt vời để ngắm hoàng hôn.",positive,thiet_bi_day_hoc
19945,"Không có gì đặc biệt về khách sạn này, phòng tập thể dục thì cổ kính, phòng thì nhỏ, phòng tắm thực sự rất lớn, nó chỉ bằng khoảng 1/2 kích thước phòng ngủ...",negative,thiet_bi_day_hoc
19946,Dịch vụ khá tốt và cầu thang (không có thang máy) có thể hơi đáng sợ nếu bạn mang theo vali lớn.,negative,thiet_bi_day_hoc
19947,Việc cố gắng lấy đồ uống từ khách sạn quầy bar là một thử thách nhưng nếu bạn không vội thì bạn sẽ lấy được.,positive,thiet_bi_day_hoc
19947,Việc cố gắng lấy đồ uống từ khách sạn quầy bar là một thử thách nhưng nếu bạn không vội thì bạn sẽ lấy được.,neutral,thiet_bi_day_hoc
19948,Ngoài ra còn có miễn phí máy tính internet nữa thì tuyệt.,positive,thiet_bi_day_hoc
19948,Ngoài ra còn có miễn phí máy tính internet nữa thì tuyệt.,positive,thiet_bi_day_hoc
19949,Có rất nhiều lựa chọn với bữa sáng tự chọn buffet và hồ bơi / phòng xông hơi / câu lạc bộ sức khỏe tốt nhất mà chúng tôi từng sử dụng.,positive,thiet_bi_day_hoc
19950,Họ có rất nhiều báo miễn phí để đọc tại sảnh đợi.,positive,thiet_bi_day_hoc
19951,"phòng  rất sạch sẽ, phòng tắm đẹp, chỗ ở rất hiện đại.",positive,thiet_bi_day_hoc
19952,"Khi máy điều hòa chạy, bạn sẽ không nghe thấy tiếng ồn, và khi bạn chỉ cần năm phút để đến bất kỳ nơi nào, bạn sẽ quên mất sự thô lỗ của nhân viên lễ tân.",positive,thiet_bi_day_hoc
19953,"Lưu ý, nơi này không có phòng tập thể dục tiện nghi và nhà hàng tại chỗ khá đắt; tuy nhiên, có nhiều lựa chọn ăn uống tại một số nhà hàng cách đó từ 1 đến 3 phút đi bộ.",negative,thiet_bi_day_hoc
19953,"Lưu ý, nơi này không có phòng tập thể dục tiện nghi và nhà hàng tại chỗ khá đắt; tuy nhiên, có nhiều lựa chọn ăn uống tại một số nhà hàng cách đó từ 1 đến 3 phút đi bộ.",negative,thiet_bi_day_hoc
19954,Hãy chuẩn bị chi 25 đô la một ngày cho phí đỗ xe nữa nhé.,negative,thiet_bi_day_hoc
19955,phí đỗ xe rất đắt và phải cộng thêm thuế vào phí phí đỗ xe.,negative,thiet_bi_day_hoc
19956,"Bạn có thể nhìn thấy đại dương từ mọi phòng, quản gia rất tuyệt và mặc dù nhân viên không phải là những người hiệu quả nhất trên thế giới nhưng những nỗ lực và lòng tốt của họ đã bù đắp lại điều đó.",positive,noi_chung
19957,"Tuyệt vời vị trí có thể đi bộ đến ga tàu và bãi đậu xe của khách sạn (giá thuê hàng ngày hợp lý là 13,00 đô la Mỹ).",positive,thiet_bi_day_hoc
19958,"Thực sự tuyệt vời khách sạn, với các tiện nghi tuyệt vời nếu cần.",positive,thiet_bi_day_hoc
19959,của . bữa sáng rất ngon và quầy bar ở phía trước khách sạn có bầu không khí dễ chịu.,positive,thiet_bi_day_hoc
22270,"TS. Strang, khi xem các bài kiểm tra đỗ của anh tại MIT, tôi thấy chúng rất khó. Có nhiều khúc quanh trong các bài kiểm tra của anh. Tôi hy vọng rằng sinh viên MIT đang học đại số tuyến tính mà họ sẽ nhớ mãi. Những sinh viên này được cho là thông minh nhất thế giới.",negative,ky_nang_giang_day
22270,"TS. Strang, khi xem các bài kiểm tra đỗ của anh tại MIT, tôi thấy chúng rất khó. Có nhiều khúc quanh trong các bài kiểm tra của anh. Tôi hy vọng rằng sinh viên MIT đang học đại số tuyến tính mà họ sẽ nhớ mãi. Những sinh viên này được cho là thông minh nhất thế giới.",negative,noi_chung
22270,"TS. Strang, khi xem các bài kiểm tra đỗ của anh tại MIT, tôi thấy chúng rất khó. Có nhiều khúc quanh trong các bài kiểm tra của anh. Tôi hy vọng rằng sinh viên MIT đang học đại số tuyến tính mà họ sẽ nhớ mãi. Những sinh viên này được cho là thông minh nhất thế giới.",neutral,noi_chung
22270,"TS. Strang, khi xem các bài kiểm tra đỗ của anh tại MIT, tôi thấy chúng rất khó. Có nhiều khúc quanh trong các bài kiểm tra của anh. Tôi hy vọng rằng sinh viên MIT đang học đại số tuyến tính mà họ sẽ nhớ mãi. Những sinh viên này được cho là thông minh nhất thế giới.",neutral,kien_thuc
22271,"Đây video là thứ giúp tôi tiếp tục sống, Chúa phù hộ phép tính",positive,chuong_trinh_hoc
22272,Tôi hiểu họ cảm thấy thế nào khi ông ấy nói Sự mở rộng của Taylor.,neutral,kien_thuc
22273,Anh chàng này thật tuyệt vời giáo sư.,positive,ky_nang_giang_day
22274,Giáo sư Leonard tốt hơn nhiều,positive,ky_nang_giang_day
22275,Đợi đã! Làm sao chuỗi ab có thể được chấp nhận vì q3 không chấp nhận trạng thái/trạng thái cuối cùng? 14:,neutral,kien_thuc
22276,"Có ai có trực giác về lý do tại sao phép chiếu và bình phương nhỏ nhất lại đi đến cùng một giải pháp không? Trực giác duy nhất của tôi là khái niệm ""chiều dài"" là loại ""bình phương""",neutral,kien_thuc
22276,"Có ai có trực giác về lý do tại sao phép chiếu và bình phương nhỏ nhất lại đi đến cùng một giải pháp không? Trực giác duy nhất của tôi là khái niệm ""chiều dài"" là loại ""bình phương""",neutral,kien_thuc
22276,"Có ai có trực giác về lý do tại sao phép chiếu và bình phương nhỏ nhất lại đi đến cùng một giải pháp không? Trực giác duy nhất của tôi là khái niệm ""chiều dài"" là loại ""bình phương""",neutral,kien_thuc
22276,"Có ai có trực giác về lý do tại sao phép chiếu và bình phương nhỏ nhất lại đi đến cùng một giải pháp không? Trực giác duy nhất của tôi là khái niệm ""chiều dài"" là loại ""bình phương""",neutral,kien_thuc
22277,"Xin chân thành cảm ơn giáo sư Jerison, Joel Lewis, Christine Breiner, giáo sư Miller và MIT vì khóa học miễn phí tuyệt vời này . Giáo dục tốt chưa bao giờ dễ tiếp cận đến thế. Đến ngày 18.02!",positive,ky_nang_giang_day
22277,"Xin chân thành cảm ơn giáo sư Jerison, Joel Lewis, Christine Breiner, giáo sư Miller và MIT vì khóa học miễn phí tuyệt vời này . Giáo dục tốt chưa bao giờ dễ tiếp cận đến thế. Đến ngày 18.02!",positive,ky_nang_giang_day
22277,"Xin chân thành cảm ơn giáo sư Jerison, Joel Lewis, Christine Breiner, giáo sư Miller và MIT vì khóa học miễn phí tuyệt vời này . Giáo dục tốt chưa bao giờ dễ tiếp cận đến thế. Đến ngày 18.02!",positive,ky_nang_giang_day
22277,"Xin chân thành cảm ơn giáo sư Jerison, Joel Lewis, Christine Breiner, giáo sư Miller và MIT vì khóa học miễn phí tuyệt vời này . Giáo dục tốt chưa bao giờ dễ tiếp cận đến thế. Đến ngày 18.02!",positive,ky_nang_giang_day
22277,"Xin chân thành cảm ơn giáo sư Jerison, Joel Lewis, Christine Breiner, giáo sư Miller và MIT vì khóa học miễn phí tuyệt vời này . Giáo dục tốt chưa bao giờ dễ tiếp cận đến thế. Đến ngày 18.02!",positive,noi_chung
22277,"Xin chân thành cảm ơn giáo sư Jerison, Joel Lewis, Christine Breiner, giáo sư Miller và MIT vì khóa học miễn phí tuyệt vời này . Giáo dục tốt chưa bao giờ dễ tiếp cận đến thế. Đến ngày 18.02!",positive,chuong_trinh_hoc
22278,"Nếu điều này diễn ra vào mùa thu năm 2007, tại sao nó lại được tải lên vào ngày 14 tháng 4 năm 2009?",neutral,chuong_trinh_hoc
22279,"@[USERNAME]hmmm, tôi đã bỏ qua phần dễ vector lol. nhưng cô ấy trông hơi nâu vàng, không phải màu tóc vàng điển hình của Paris Hilton. có thể là do ánh sáng khiến cô ấy có màu vàng.",positive,noi_chung
22279,"@[USERNAME]hmmm, tôi đã bỏ qua phần dễ vector lol. nhưng cô ấy trông hơi nâu vàng, không phải màu tóc vàng điển hình của Paris Hilton. có thể là do ánh sáng khiến cô ấy có màu vàng.",positive,ky_nang_giang_day
22280,Tôi thích bảng đen! Tôi mừng là họ vẫn còn sử dụng chúng.,positive,thiet_bi_day_hoc
22280,Tôi thích bảng đen! Tôi mừng là họ vẫn còn sử dụng chúng.,positive,ky_nang_giang_day
22281,"Nghĩ lại, tôi muốn cảm ơn giáo sư thống kê của tôi. Xin Chúa cấm anh chàng này giảng dạy tại trường cũ của tôi. Chỉ đề cập đến độ lệch chuẩn mà không có bất kỳ lời giải thích nào -- không.",negative,ky_nang_giang_day
22281,"Nghĩ lại, tôi muốn cảm ơn giáo sư thống kê của tôi. Xin Chúa cấm anh chàng này giảng dạy tại trường cũ của tôi. Chỉ đề cập đến độ lệch chuẩn mà không có bất kỳ lời giải thích nào -- không.",neutral,kien_thuc
22281,"Nghĩ lại, tôi muốn cảm ơn giáo sư thống kê của tôi. Xin Chúa cấm anh chàng này giảng dạy tại trường cũ của tôi. Chỉ đề cập đến độ lệch chuẩn mà không có bất kỳ lời giải thích nào -- không.",neutral,noi_chung
22282,35:00 tại sao nó lại giết basevector v2? có phải vì nó biến đổi nó không?,neutral,kien_thuc
22283,"Rực rỡ, tốt hơn hiểu biết sâu sắc so với bản gốc 18.06",negative,chuong_trinh_hoc
22283,"Rực rỡ, tốt hơn hiểu biết sâu sắc so với bản gốc 18.06",positive,chuong_trinh_hoc
22284,tại sao không sử dụng bảng đen lớn hơn bảng đen?,negative,thiet_bi_day_hoc
22285,"đối với đường cycloid, bằng chứng được đưa ra dưới dạng góc, sau đó có người nói rằng tại bán kính = 1 và tốc độ = đơn vị, góc có thể được thay thế bằng thời gian. do đó vectơ r của đường cycloid được xác định theo t. cũng sử dụng r này theo t, tốc độ được tính là sqrt (2-2 chi phí). Câu hỏi của tôi là khi mối quan hệ theo t được xác định bằng cách sử dụng tốc độ = đơn vị, tại sao nó lại thành sqrt (2-2 chi phí)?",positive,kien_thuc
22285,"đối với đường cycloid, bằng chứng được đưa ra dưới dạng góc, sau đó có người nói rằng tại bán kính = 1 và tốc độ = đơn vị, góc có thể được thay thế bằng thời gian. do đó vectơ r của đường cycloid được xác định theo t. cũng sử dụng r này theo t, tốc độ được tính là sqrt (2-2 chi phí). Câu hỏi của tôi là khi mối quan hệ theo t được xác định bằng cách sử dụng tốc độ = đơn vị, tại sao nó lại thành sqrt (2-2 chi phí)?",negative,kien_thuc
22286,"Tôi nghĩ mình sẽ chỉ xem trong 5 phút, nhưng cuối cùng lại xem hết cả buổi lớp...",neutral,chuong_trinh_hoc
22287,"Sự thiếu nghiêm ngặt tuyệt đối và sự hời hợt của bài học khiến video này trở thành một phân đoạn khoa học phổ thông hơn là một bài toán bài học. Một phân đoạn khoa học phổ thông hay, nhưng tôi chắc chắn hy vọng sinh viên ngành Vật lý và kỹ sư của MIT được hướng dẫn để học một thứ gì đó ở trình độ cao hơn, cao hơn đáng kể. Sinh viên đại học ngành Vật lý không cần sự nghiêm ngặt hoàn toàn, nhưng sự thiếu nghiêm ngặt hoàn toàn như vậy không phát triển được tư duy toán học.",negative,chuong_trinh_hoc
22288,Vừa hoàn thành 18.02. Cảm ơn Giáo sư Denis Auroux và MIT OCW!,positive,ky_nang_giang_day
22288,Vừa hoàn thành 18.02. Cảm ơn Giáo sư Denis Auroux và MIT OCW!,positive,noi_chung
22289,hội trường cần nhiều hơn bảng phấn,neutral,thiet_bi_day_hoc
22290,"Giáo sư Strang, đây là một bài giảng thực sự hữu ích bắt đầu với các chủ đề kinh điển trong toán học. Lập trình tuyến tính và trò chơi hai người là những chủ đề lớn trong toán học ứng dụng.",positive,ky_nang_giang_day
22290,"Giáo sư Strang, đây là một bài giảng thực sự hữu ích bắt đầu với các chủ đề kinh điển trong toán học. Lập trình tuyến tính và trò chơi hai người là những chủ đề lớn trong toán học ứng dụng.",positive,chuong_trinh_hoc
22291,"Sau khi xem bài giảng, tất cả những gì tôi có thể nói là tôi thực sự kinh ngạc. Thật tuyệt vời video! Ngoại trừ việc tôi không hiểu một từ anh ấy nói (hiện đang học Toán Kỹ thuật tại trường trung học). Ý tôi là máy quay rất chính xác, bài viết của anh ấy rất hay và học sinh khá lịch sự. Tuyệt vời! MIT chắc chắn không làm tôi thất vọng :D",positive,chuong_trinh_hoc
22291,"Sau khi xem bài giảng, tất cả những gì tôi có thể nói là tôi thực sự kinh ngạc. Thật tuyệt vời video! Ngoại trừ việc tôi không hiểu một từ anh ấy nói (hiện đang học Toán Kỹ thuật tại trường trung học). Ý tôi là máy quay rất chính xác, bài viết của anh ấy rất hay và học sinh khá lịch sự. Tuyệt vời! MIT chắc chắn không làm tôi thất vọng :D",neutral,noi_chung
22291,"Sau khi xem bài giảng, tất cả những gì tôi có thể nói là tôi thực sự kinh ngạc. Thật tuyệt vời video! Ngoại trừ việc tôi không hiểu một từ anh ấy nói (hiện đang học Toán Kỹ thuật tại trường trung học). Ý tôi là máy quay rất chính xác, bài viết của anh ấy rất hay và học sinh khá lịch sự. Tuyệt vời! MIT chắc chắn không làm tôi thất vọng :D",positive,thiet_bi_day_hoc
22291,"Sau khi xem bài giảng, tất cả những gì tôi có thể nói là tôi thực sự kinh ngạc. Thật tuyệt vời video! Ngoại trừ việc tôi không hiểu một từ anh ấy nói (hiện đang học Toán Kỹ thuật tại trường trung học). Ý tôi là máy quay rất chính xác, bài viết của anh ấy rất hay và học sinh khá lịch sự. Tuyệt vời! MIT chắc chắn không làm tôi thất vọng :D",positive,chuong_trinh_hoc
22291,"Sau khi xem bài giảng, tất cả những gì tôi có thể nói là tôi thực sự kinh ngạc. Thật tuyệt vời video! Ngoại trừ việc tôi không hiểu một từ anh ấy nói (hiện đang học Toán Kỹ thuật tại trường trung học). Ý tôi là máy quay rất chính xác, bài viết của anh ấy rất hay và học sinh khá lịch sự. Tuyệt vời! MIT chắc chắn không làm tôi thất vọng :D",positive,noi_chung
22291,"Sau khi xem bài giảng, tất cả những gì tôi có thể nói là tôi thực sự kinh ngạc. Thật tuyệt vời video! Ngoại trừ việc tôi không hiểu một từ anh ấy nói (hiện đang học Toán Kỹ thuật tại trường trung học). Ý tôi là máy quay rất chính xác, bài viết của anh ấy rất hay và học sinh khá lịch sự. Tuyệt vời! MIT chắc chắn không làm tôi thất vọng :D",positive,chuong_trinh_hoc
22292,giới thiệu về phép biến đổi tuyến tính và nỗi kinh hoàng của đại số tuyến tính haha,negative,kien_thuc
22293,tuyệt vời video cho bảng đen asmr,positive,chuong_trinh_hoc
22294,Tôi thực sự thích hậu xử lý của video giúp cải thiện tất cả những chữ viết tay.,positive,chuong_trinh_hoc
22294,Tôi thực sự thích hậu xử lý của video giúp cải thiện tất cả những chữ viết tay.,positive,thiet_bi_day_hoc
22294,Tôi thực sự thích hậu xử lý của video giúp cải thiện tất cả những chữ viết tay.,positive,thiet_bi_day_hoc
22295,"Khi giáo sư Stang nói rằng A = uV^T, tôi nghi ngờ rằng u là cột trục và V^T là hàng trục. Tôi có đúng không? Nhưng dù sao thì bài giảng vẫn tuyệt vời như thường lệ và đây thực sự là một món quà. Cảm ơn rất nhiều giáo sư Strang và MIT.",positive,ky_nang_giang_day
22295,"Khi giáo sư Stang nói rằng A = uV^T, tôi nghi ngờ rằng u là cột trục và V^T là hàng trục. Tôi có đúng không? Nhưng dù sao thì bài giảng vẫn tuyệt vời như thường lệ và đây thực sự là một món quà. Cảm ơn rất nhiều giáo sư Strang và MIT.",positive,chuong_trinh_hoc
22296,"Câu hỏi 23:40 - vậy bạn có H2 và để xây dựng H4 bạn đã làm H2(H2)Để có H8 bạn đã làm H2(H4) nhưng thực hiện H4(H2) = H8? Bởi vì tôi nghĩ nếu bạn đặt H4(H4) bạn sẽ kết thúc với 16 số hạng và điều đó cũng giống như tạo H4(H2(H2)) vì, ừm, H2(H2) = H4...",neutral,kien_thuc
22296,"Câu hỏi 23:40 - vậy bạn có H2 và để xây dựng H4 bạn đã làm H2(H2)Để có H8 bạn đã làm H2(H4) nhưng thực hiện H4(H2) = H8? Bởi vì tôi nghĩ nếu bạn đặt H4(H4) bạn sẽ kết thúc với 16 số hạng và điều đó cũng giống như tạo H4(H2(H2)) vì, ừm, H2(H2) = H4...",neutral,kien_thuc
22296,"Câu hỏi 23:40 - vậy bạn có H2 và để xây dựng H4 bạn đã làm H2(H2)Để có H8 bạn đã làm H2(H4) nhưng thực hiện H4(H2) = H8? Bởi vì tôi nghĩ nếu bạn đặt H4(H4) bạn sẽ kết thúc với 16 số hạng và điều đó cũng giống như tạo H4(H2(H2)) vì, ừm, H2(H2) = H4...",neutral,kien_thuc
22296,"Câu hỏi 23:40 - vậy bạn có H2 và để xây dựng H4 bạn đã làm H2(H2)Để có H8 bạn đã làm H2(H4) nhưng thực hiện H4(H2) = H8? Bởi vì tôi nghĩ nếu bạn đặt H4(H4) bạn sẽ kết thúc với 16 số hạng và điều đó cũng giống như tạo H4(H2(H2)) vì, ừm, H2(H2) = H4...",neutral,kien_thuc
22296,"Câu hỏi 23:40 - vậy bạn có H2 và để xây dựng H4 bạn đã làm H2(H2)Để có H8 bạn đã làm H2(H4) nhưng thực hiện H4(H2) = H8? Bởi vì tôi nghĩ nếu bạn đặt H4(H4) bạn sẽ kết thúc với 16 số hạng và điều đó cũng giống như tạo H4(H2(H2)) vì, ừm, H2(H2) = H4...",neutral,kien_thuc
22296,"Câu hỏi 23:40 - vậy bạn có H2 và để xây dựng H4 bạn đã làm H2(H2)Để có H8 bạn đã làm H2(H4) nhưng thực hiện H4(H2) = H8? Bởi vì tôi nghĩ nếu bạn đặt H4(H4) bạn sẽ kết thúc với 16 số hạng và điều đó cũng giống như tạo H4(H2(H2)) vì, ừm, H2(H2) = H4...",neutral,kien_thuc
22296,"Câu hỏi 23:40 - vậy bạn có H2 và để xây dựng H4 bạn đã làm H2(H2)Để có H8 bạn đã làm H2(H4) nhưng thực hiện H4(H2) = H8? Bởi vì tôi nghĩ nếu bạn đặt H4(H4) bạn sẽ kết thúc với 16 số hạng và điều đó cũng giống như tạo H4(H2(H2)) vì, ừm, H2(H2) = H4...",neutral,kien_thuc
22296,"Câu hỏi 23:40 - vậy bạn có H2 và để xây dựng H4 bạn đã làm H2(H2)Để có H8 bạn đã làm H2(H4) nhưng thực hiện H4(H2) = H8? Bởi vì tôi nghĩ nếu bạn đặt H4(H4) bạn sẽ kết thúc với 16 số hạng và điều đó cũng giống như tạo H4(H2(H2)) vì, ừm, H2(H2) = H4...",neutral,kien_thuc
22296,"Câu hỏi 23:40 - vậy bạn có H2 và để xây dựng H4 bạn đã làm H2(H2)Để có H8 bạn đã làm H2(H4) nhưng thực hiện H4(H2) = H8? Bởi vì tôi nghĩ nếu bạn đặt H4(H4) bạn sẽ kết thúc với 16 số hạng và điều đó cũng giống như tạo H4(H2(H2)) vì, ừm, H2(H2) = H4...",neutral,kien_thuc
22297,Anh ấy là một người đàn ông ngọt ngào và cũng là một giáo viên thiên tài cùng một lúc,positive,ky_nang_giang_day
22298,Cách anh ấy tiết lộ hàm khả năng theo dạng thông thường của nó từ chuỗi các bước đó thật là tuyệt vời. Tôi ước gì giáo sư của tôi chỉ cho tôi cách nó đi từ TV đến KL rồi đến đó.,neutral,kien_thuc
22298,Cách anh ấy tiết lộ hàm khả năng theo dạng thông thường của nó từ chuỗi các bước đó thật là tuyệt vời. Tôi ước gì giáo sư của tôi chỉ cho tôi cách nó đi từ TV đến KL rồi đến đó.,positive,ky_nang_giang_day
22299,"Chưa bao giờ thấy ai có khả năng logic, dễ hiểu và giảng dạy rõ ràng đến vậy đại số tuyến tính, một THIÊN TÀI thực sự của thời đại chúng ta!",positive,ky_nang_giang_day
22299,"Chưa bao giờ thấy ai có khả năng logic, dễ hiểu và giảng dạy rõ ràng đến vậy đại số tuyến tính, một THIÊN TÀI thực sự của thời đại chúng ta!",positive,chuong_trinh_hoc
22300,Thật là một niềm vui khi xem những điều này bài giảng. Xin chân thành cảm ơn Giáo sư Gilbert Strang và MIT OCW.,positive,chuong_trinh_hoc
22300,Thật là một niềm vui khi xem những điều này bài giảng. Xin chân thành cảm ơn Giáo sư Gilbert Strang và MIT OCW.,positive,ky_nang_giang_day
22300,Thật là một niềm vui khi xem những điều này bài giảng. Xin chân thành cảm ơn Giáo sư Gilbert Strang và MIT OCW.,positive,noi_chung
22301,Đây là một trong những bài giảng hay nhất bài giảng về phép loại bỏ Gauss.,positive,chuong_trinh_hoc
22302,Tôi ước gì anh ấy đã đề cập đến kiểm định giả thuyết về ước tính tham số!,neutral,ky_nang_giang_day
22302,Tôi ước gì anh ấy đã đề cập đến kiểm định giả thuyết về ước tính tham số!,neutral,kien_thuc
22303,3 ngày trước khi hoàn thành đại số tuyến tính... Cuối cùng tôi cũng hiểu đại số tuyến tính,neutral,kien_thuc
22304,Anh ấy thực sự tốt...cảm ơn vì đã tải lên điều này,positive,ky_nang_giang_day
22304,Anh ấy thực sự tốt...cảm ơn vì đã tải lên điều này,positive,thiet_bi_day_hoc
22305,"Cảm ơn bạn rất nhiều, bạn là người tốt khi tặng chúng tôi thứ này barnch trong toán học",positive,ky_nang_giang_day
22305,"Cảm ơn bạn rất nhiều, bạn là người tốt khi tặng chúng tôi thứ này barnch trong toán học",positive,kien_thuc
22306,Tôi có thể cảm thấy giáo sư Jerison ngày càng khó chịu với đứa trẻ hỏi nhiều câu hỏi như vậy.,neutral,ky_nang_giang_day
22307,Thật không công bằng khi anh ấy nói vào khoảng 10:40 rằng họ sẽ có tất cả công thức trong bài kiểm tra!! WTF chúng ta phải ghi nhớ TẤT CẢ những công thức ngu ngốc,neutral,kien_thuc
22308,"thích loạt bài, bạn có thể thấy anh ấy đam mê những gì anh ấy đang giảng dạy, cảm ơn giáo sư. Cũng cảm ơn MIT đã tải lên nội dung này",positive,chuong_trinh_hoc
22308,"thích loạt bài, bạn có thể thấy anh ấy đam mê những gì anh ấy đang giảng dạy, cảm ơn giáo sư. Cũng cảm ơn MIT đã tải lên nội dung này",positive,ky_nang_giang_day
22309,"đúng như ""1966avc"" đã nói, bạn đã giúp chúng tôi rất nhiều. Cảm ơn vì sự đóng góp của bạn cho giáo dục",positive,ky_nang_giang_day
22310,Tôi nghĩ anh ấy đã không giải thích một phần quan trọng: tại sao hình ảnh hàng và hình ảnh cột lại tương đương nhau? Như trong cách cả hai đều tạo ra vectơ b?,neutral,kien_thuc
22310,Tôi nghĩ anh ấy đã không giải thích một phần quan trọng: tại sao hình ảnh hàng và hình ảnh cột lại tương đương nhau? Như trong cách cả hai đều tạo ra vectơ b?,neutral,kien_thuc
22310,Tôi nghĩ anh ấy đã không giải thích một phần quan trọng: tại sao hình ảnh hàng và hình ảnh cột lại tương đương nhau? Như trong cách cả hai đều tạo ra vectơ b?,neutral,kien_thuc
22311,Tôi hy vọng Giáo sư Strang có thể giải thích phân tích thứ hạng cho tính toán nghịch đảo giả. Thời gian giới hạn chết tiệt.,neutral,kien_thuc
22311,Tôi hy vọng Giáo sư Strang có thể giải thích phân tích thứ hạng cho tính toán nghịch đảo giả. Thời gian giới hạn chết tiệt.,neutral,kien_thuc
22312,"bài giảng này chắc chắn có tác động tích cực đến sự hiểu biết về ma trận của tôi, và bài giảng này đóng vai trò then chốt trong toàn bộ loạt bài. Cảm ơn giáo sư Strang. Không ai giải thích những khái niệm đó một cách rõ ràng và mạch lạc như vậy -- một thế giới hoàn toàn mới đang ở phía trước tôi. Đây là điều không thể bỏ qua. Một di sản đích thực của nhân loại.",positive,chuong_trinh_hoc
22312,"bài giảng này chắc chắn có tác động tích cực đến sự hiểu biết về ma trận của tôi, và bài giảng này đóng vai trò then chốt trong toàn bộ loạt bài. Cảm ơn giáo sư Strang. Không ai giải thích những khái niệm đó một cách rõ ràng và mạch lạc như vậy -- một thế giới hoàn toàn mới đang ở phía trước tôi. Đây là điều không thể bỏ qua. Một di sản đích thực của nhân loại.",positive,noi_chung
22312,"bài giảng này chắc chắn có tác động tích cực đến sự hiểu biết về ma trận của tôi, và bài giảng này đóng vai trò then chốt trong toàn bộ loạt bài. Cảm ơn giáo sư Strang. Không ai giải thích những khái niệm đó một cách rõ ràng và mạch lạc như vậy -- một thế giới hoàn toàn mới đang ở phía trước tôi. Đây là điều không thể bỏ qua. Một di sản đích thực của nhân loại.",positive,chuong_trinh_hoc
22312,"bài giảng này chắc chắn có tác động tích cực đến sự hiểu biết về ma trận của tôi, và bài giảng này đóng vai trò then chốt trong toàn bộ loạt bài. Cảm ơn giáo sư Strang. Không ai giải thích những khái niệm đó một cách rõ ràng và mạch lạc như vậy -- một thế giới hoàn toàn mới đang ở phía trước tôi. Đây là điều không thể bỏ qua. Một di sản đích thực của nhân loại.",positive,ky_nang_giang_day
22312,"bài giảng này chắc chắn có tác động tích cực đến sự hiểu biết về ma trận của tôi, và bài giảng này đóng vai trò then chốt trong toàn bộ loạt bài. Cảm ơn giáo sư Strang. Không ai giải thích những khái niệm đó một cách rõ ràng và mạch lạc như vậy -- một thế giới hoàn toàn mới đang ở phía trước tôi. Đây là điều không thể bỏ qua. Một di sản đích thực của nhân loại.",positive,kien_thuc
22313,"DR. Strang cảm ơn bạn đã có bài bài giảng mạnh mẽ về Khảo sát về Khó khăn với Ax=b. Trong hệ thống tuyến tính, phương trình này được trình bày trong nhiều sách kỹ thuật, với rất ít hoặc không có suy nghĩ về những khó khăn của nó. Khi xem bài giảng, những khó khăn của phương trình này được giải thích rất chi tiết.",positive,ky_nang_giang_day
22313,"DR. Strang cảm ơn bạn đã có bài bài giảng mạnh mẽ về Khảo sát về Khó khăn với Ax=b. Trong hệ thống tuyến tính, phương trình này được trình bày trong nhiều sách kỹ thuật, với rất ít hoặc không có suy nghĩ về những khó khăn của nó. Khi xem bài giảng, những khó khăn của phương trình này được giải thích rất chi tiết.",positive,chuong_trinh_hoc
22313,"DR. Strang cảm ơn bạn đã có bài bài giảng mạnh mẽ về Khảo sát về Khó khăn với Ax=b. Trong hệ thống tuyến tính, phương trình này được trình bày trong nhiều sách kỹ thuật, với rất ít hoặc không có suy nghĩ về những khó khăn của nó. Khi xem bài giảng, những khó khăn của phương trình này được giải thích rất chi tiết.",positive,kien_thuc
22313,"DR. Strang cảm ơn bạn đã có bài bài giảng mạnh mẽ về Khảo sát về Khó khăn với Ax=b. Trong hệ thống tuyến tính, phương trình này được trình bày trong nhiều sách kỹ thuật, với rất ít hoặc không có suy nghĩ về những khó khăn của nó. Khi xem bài giảng, những khó khăn của phương trình này được giải thích rất chi tiết.",positive,kien_thuc
22313,"DR. Strang cảm ơn bạn đã có bài bài giảng mạnh mẽ về Khảo sát về Khó khăn với Ax=b. Trong hệ thống tuyến tính, phương trình này được trình bày trong nhiều sách kỹ thuật, với rất ít hoặc không có suy nghĩ về những khó khăn của nó. Khi xem bài giảng, những khó khăn của phương trình này được giải thích rất chi tiết.",positive,kien_thuc
22314,"Y=x^2 KHÔNG!. Mét không bằng mét vuông. Hãy thử Y=kx^2 trong đó k là hệ số chuyển đổi đơn vị tức là 1/(1 mét). Tính theo cm, k sẽ là 1/(100 cm) ĐẢM BẢO phương trình của bạn có kích thước chính xác TRƯỚC KHI bạn làm việc với nó. Hằng số k cũng xuất hiện trong câu trả lời khiến thể tích phải tính bằng mét khối (hoặc cm khối) như thể tích phải có. Bài này bài giảng là một mớ hỗn độn và nên làm lại!",negative,chuong_trinh_hoc
22315,"Vâng, họ muốn chắc chắn rằng mọi người đều biết những điều cơ bản của nó. Không phải ai cũng đi học ở Hoa Kỳ hoặc Anh. Ví dụ, trường học của tôi ở Croatia thậm chí còn không đề cập đến ma trận, trung bình, trung vị và mốt là những điều cơ bản trong hệ thống trường học Hoa Kỳ.",neutral,kien_thuc
22315,"Vâng, họ muốn chắc chắn rằng mọi người đều biết những điều cơ bản của nó. Không phải ai cũng đi học ở Hoa Kỳ hoặc Anh. Ví dụ, trường học của tôi ở Croatia thậm chí còn không đề cập đến ma trận, trung bình, trung vị và mốt là những điều cơ bản trong hệ thống trường học Hoa Kỳ.",neutral,kien_thuc
22315,"Vâng, họ muốn chắc chắn rằng mọi người đều biết những điều cơ bản của nó. Không phải ai cũng đi học ở Hoa Kỳ hoặc Anh. Ví dụ, trường học của tôi ở Croatia thậm chí còn không đề cập đến ma trận, trung bình, trung vị và mốt là những điều cơ bản trong hệ thống trường học Hoa Kỳ.",neutral,kien_thuc
22315,"Vâng, họ muốn chắc chắn rằng mọi người đều biết những điều cơ bản của nó. Không phải ai cũng đi học ở Hoa Kỳ hoặc Anh. Ví dụ, trường học của tôi ở Croatia thậm chí còn không đề cập đến ma trận, trung bình, trung vị và mốt là những điều cơ bản trong hệ thống trường học Hoa Kỳ.",neutral,kien_thuc
22315,"Vâng, họ muốn chắc chắn rằng mọi người đều biết những điều cơ bản của nó. Không phải ai cũng đi học ở Hoa Kỳ hoặc Anh. Ví dụ, trường học của tôi ở Croatia thậm chí còn không đề cập đến ma trận, trung bình, trung vị và mốt là những điều cơ bản trong hệ thống trường học Hoa Kỳ.",neutral,kien_thuc
22316,"31:34 ... ""có vấn đề gì với hình ảnh trực quan này không""? ... tất nhiên là anh ấy đang cố gắng hình dung tính liên tục ... hmmm ... việc đó sẽ cần nhiều hơn một bài giảng ...",neutral,ky_nang_giang_day
22317,"Tôi phải nói rằng tôi đã rất thất vọng với loạt bài này bài giảng cho đến nay. Tôi đã quen thuộc với phép tính một biến. Tuy nhiên, tôi đang xem loạt bài này để ôn lại cho một số lớp học trong tương lai (những thứ như phép tính nhiều biến và phân tích thực). Tuy nhiên, đây là một số điều tôi đã nhận thấy. Giá như người hướng dẫn này dành nhiều thời gian hơn cho các khái niệm chặt chẽ hơn về giới hạn và định lý kẹp, anh ấy sẽ không phải dành nhiều thời gian để cố gắng chứng minh các bằng chứng về hai giới hạn chính của bài giảng này. Ngoài ra, sinh viên của anh ấy sẽ được chuẩn bị tốt hơn cho toán học trong tương lai. Hiện tại, những sinh viên này thực sự bối rối khi nói đến tương lai của họ. Tôi thực sự hy vọng rằng các giảng viên sẽ học được từ điều này. Hãy dành nhiều thời gian hơn cho những thứ bạn cần để chứng minh chặt chẽ cho tuyên bố của mình: nền tảng. Nếu các ý tưởng bị bỏ qua, thì mọi người đều thua cuộc. Sinh viên không hiểu tại sao một điều gì đó lại đúng, và vì vậy họ tin rằng những gì giáo sư đang làm là một loại phép thuật vô nghĩa. Làm ơn, nếu bạn là một giảng viên và bạn đang đọc bài viết này, hãy làm việc trên các nguyên tắc cơ bản!",negative,chuong_trinh_hoc
22317,"Tôi phải nói rằng tôi đã rất thất vọng với loạt bài này bài giảng cho đến nay. Tôi đã quen thuộc với phép tính một biến. Tuy nhiên, tôi đang xem loạt bài này để ôn lại cho một số lớp học trong tương lai (những thứ như phép tính nhiều biến và phân tích thực). Tuy nhiên, đây là một số điều tôi đã nhận thấy. Giá như người hướng dẫn này dành nhiều thời gian hơn cho các khái niệm chặt chẽ hơn về giới hạn và định lý kẹp, anh ấy sẽ không phải dành nhiều thời gian để cố gắng chứng minh các bằng chứng về hai giới hạn chính của bài giảng này. Ngoài ra, sinh viên của anh ấy sẽ được chuẩn bị tốt hơn cho toán học trong tương lai. Hiện tại, những sinh viên này thực sự bối rối khi nói đến tương lai của họ. Tôi thực sự hy vọng rằng các giảng viên sẽ học được từ điều này. Hãy dành nhiều thời gian hơn cho những thứ bạn cần để chứng minh chặt chẽ cho tuyên bố của mình: nền tảng. Nếu các ý tưởng bị bỏ qua, thì mọi người đều thua cuộc. Sinh viên không hiểu tại sao một điều gì đó lại đúng, và vì vậy họ tin rằng những gì giáo sư đang làm là một loại phép thuật vô nghĩa. Làm ơn, nếu bạn là một giảng viên và bạn đang đọc bài viết này, hãy làm việc trên các nguyên tắc cơ bản!",negative,ky_nang_giang_day
22318,@[USERNAME]Tên anh ấy là Denis Auroux.,neutral,ky_nang_giang_day
22319,Tôi đoán tôi sẽ phải đọc cuốn sách,neutral,thiet_bi_day_hoc
22320,"Ở phút 49:30, ai đó vui lòng giải thích cho tôi cách xuất hiện ma trận -b và -k, tôi đã cố gắng hết sức nhưng không hiểu được, hay là tôi đang bỏ lỡ một điều kiện tiên quyết nào đó ở đây?",neutral,kien_thuc
22320,"Ở phút 49:30, ai đó vui lòng giải thích cho tôi cách xuất hiện ma trận -b và -k, tôi đã cố gắng hết sức nhưng không hiểu được, hay là tôi đang bỏ lỡ một điều kiện tiên quyết nào đó ở đây?",neutral,kien_thuc
22321,"Làm thế nào để chứng minh tính tuyến tính một hàng của một định thức, ý tôi là làm thế nào trong ma trận A + ma trận B, chúng ta tính tổng TẤT CẢ các hàng nhưng trong det(A + det(B)), chúng ta không làm như vậy?",neutral,kien_thuc
22321,"Làm thế nào để chứng minh tính tuyến tính một hàng của một định thức, ý tôi là làm thế nào trong ma trận A + ma trận B, chúng ta tính tổng TẤT CẢ các hàng nhưng trong det(A + det(B)), chúng ta không làm như vậy?",neutral,kien_thuc
22321,"Làm thế nào để chứng minh tính tuyến tính một hàng của một định thức, ý tôi là làm thế nào trong ma trận A + ma trận B, chúng ta tính tổng TẤT CẢ các hàng nhưng trong det(A + det(B)), chúng ta không làm như vậy?",neutral,kien_thuc
22321,"Làm thế nào để chứng minh tính tuyến tính một hàng của một định thức, ý tôi là làm thế nào trong ma trận A + ma trận B, chúng ta tính tổng TẤT CẢ các hàng nhưng trong det(A + det(B)), chúng ta không làm như vậy?",neutral,kien_thuc
22322,Loại phấn nào đang được sử dụng? Và đường kính que là bao nhiêu?,neutral,thiet_bi_day_hoc
22322,Loại phấn nào đang được sử dụng? Và đường kính que là bao nhiêu?,neutral,thiet_bi_day_hoc
22323,bài giảng này có rất nhiều ý nghĩa. giáo sư hiện tại của tôi không làm tốt việc giữ cho nó thú vị. Tuyệt vời bài giảng!,positive,chuong_trinh_hoc
22323,bài giảng này có rất nhiều ý nghĩa. giáo sư hiện tại của tôi không làm tốt việc giữ cho nó thú vị. Tuyệt vời bài giảng!,negative,ky_nang_giang_day
22324,thưa ngài gilbert strang là giáo viên toán giỏi nhất thế giới,positive,ky_nang_giang_day
22325,"Tình yêu giáo sư Casey. Chúng ta có thể có bài giảng về đại số tuyến tính, đại số ma trận, phân tích phức tạp không?",positive,ky_nang_giang_day
22325,"Tình yêu giáo sư Casey. Chúng ta có thể có bài giảng về đại số tuyến tính, đại số ma trận, phân tích phức tạp không?",neutral,chuong_trinh_hoc
22326,Gram-Schmidt phần bài giảng bắt đầu lúc 26:07 dành cho bất kỳ ai chỉ quan tâm đến điều đó,neutral,kien_thuc
22327,"Tôi thực sự thích Video Từ tích phân đường thẳng của bạn trong không gian, độ cong, độ chính xác và thế năng",positive,chuong_trinh_hoc
22328,"Đối với một sinh viên như tôi, có nền tảng về kỹ thuật, thì những điều này bài giảng thực sự là một phước lành.",positive,ky_nang_giang_day
22329,"Tôi thích cách anh ấy gọi vectơ hoặc cột là ""anh chàng này"" và ""anh chàng kia""",positive,ky_nang_giang_day
22329,"Tôi thích cách anh ấy gọi vectơ hoặc cột là ""anh chàng này"" và ""anh chàng kia""",positive,kien_thuc
22329,"Tôi thích cách anh ấy gọi vectơ hoặc cột là ""anh chàng này"" và ""anh chàng kia""",positive,kien_thuc
22330,Đã hoàn thành khóa học này. Một nguồn tài nguyên tuyệt vời cho bất kỳ ai muốn hiểu rõ hơn về xác suất và thống kê. Giáo sư Tsitsiklis là một giảng viên tuyệt vời và cảm ơn ông và MIT đã mang đến một loạt bài học như vậy.,positive,ky_nang_giang_day
22330,Đã hoàn thành khóa học này. Một nguồn tài nguyên tuyệt vời cho bất kỳ ai muốn hiểu rõ hơn về xác suất và thống kê. Giáo sư Tsitsiklis là một giảng viên tuyệt vời và cảm ơn ông và MIT đã mang đến một loạt bài học như vậy.,positive,chuong_trinh_hoc
22331,Thật là tuyệt vời giáo sư. Điều này thực sự rất hữu ích,positive,ky_nang_giang_day
22332,Có ai vui lòng giải thích tại sao lại là AV1 =sigma1 U1,neutral,kien_thuc
22333,đâu là sách hoặc tài nguyên tốt nhất để học toàn bộ toán học đằng sau phương pháp giảm dần độ dốc ngẫu nhiên?,neutral,noi_chung
22333,đâu là sách hoặc tài nguyên tốt nhất để học toàn bộ toán học đằng sau phương pháp giảm dần độ dốc ngẫu nhiên?,neutral,noi_chung
22333,đâu là sách hoặc tài nguyên tốt nhất để học toàn bộ toán học đằng sau phương pháp giảm dần độ dốc ngẫu nhiên?,neutral,kien_thuc
22333,đâu là sách hoặc tài nguyên tốt nhất để học toàn bộ toán học đằng sau phương pháp giảm dần độ dốc ngẫu nhiên?,neutral,kien_thuc
22334,"Những video này  rất hữu ích, nhưng tôi không thể xem bài giảng 16?",positive,chuong_trinh_hoc
22335,Thật hấp dẫn! Có lẽ là khóa học hay nhất mà tôi từng xem trên kênh này.,positive,chuong_trinh_hoc
22336,"tại thời điểm 1:12:36, người hướng dẫn nêu kỳ vọng là P. P biểu diễn cái gì ở đây? Trong trường hợp của mô hình thống kê, P biểu diễn Họ Phân phối......",neutral,kien_thuc
22337,Tôi rất vui khi tự hỏi tại sao mọi người vẫn vui mừng về video - Các hình thức Inderminate - Quy tắc của L'Hospital,positive,chuong_trinh_hoc
22338,"Tiến sĩ Strang rất quý giá, hãy bảo vệ anh ấy bằng mọi giá.",positive,ky_nang_giang_day
22339,"Tôi vừa hoàn thành khóa học 18.01 khóa học của bạn và hiện đang bắt đầu Giải tích đa biến. Khóa học này cũng rõ ràng và được giảng dạy tốt như khóa học trước khóa học. Tôi nghĩ chúng ta đã bước vào kỷ nguyên mới của giáo dục đại học, nơi các tổ chức như MIT đi đầu trong việc đăng toàn bộ khóa học trực tuyến miễn phí cho tất cả những ai muốn học. Tôi mong muốn được thấy nhiều khóa học nâng cao hơn nữa về Toán học, Vật lý và thực sự là tất cả các ngành học khác được tải lên trong tương lai. Từ tận đáy lòng, tôi xin cảm ơn MIT.",positive,chuong_trinh_hoc
22339,"Tôi vừa hoàn thành khóa học 18.01 khóa học của bạn và hiện đang bắt đầu Giải tích đa biến. Khóa học này cũng rõ ràng và được giảng dạy tốt như khóa học trước khóa học. Tôi nghĩ chúng ta đã bước vào kỷ nguyên mới của giáo dục đại học, nơi các tổ chức như MIT đi đầu trong việc đăng toàn bộ khóa học trực tuyến miễn phí cho tất cả những ai muốn học. Tôi mong muốn được thấy nhiều khóa học nâng cao hơn nữa về Toán học, Vật lý và thực sự là tất cả các ngành học khác được tải lên trong tương lai. Từ tận đáy lòng, tôi xin cảm ơn MIT.",neutral,chuong_trinh_hoc
22339,"Tôi vừa hoàn thành khóa học 18.01 khóa học của bạn và hiện đang bắt đầu Giải tích đa biến. Khóa học này cũng rõ ràng và được giảng dạy tốt như khóa học trước khóa học. Tôi nghĩ chúng ta đã bước vào kỷ nguyên mới của giáo dục đại học, nơi các tổ chức như MIT đi đầu trong việc đăng toàn bộ khóa học trực tuyến miễn phí cho tất cả những ai muốn học. Tôi mong muốn được thấy nhiều khóa học nâng cao hơn nữa về Toán học, Vật lý và thực sự là tất cả các ngành học khác được tải lên trong tương lai. Từ tận đáy lòng, tôi xin cảm ơn MIT.",positive,noi_chung
22340,cái đó bảng đen sạch quá...,positive,thiet_bi_day_hoc
22341,Đây thực sự là một bài giảng rất hay. Nó chứa đầy những hiểu biết sâu sắc. Tôi thích cách mọi thứ kết hợp lại với nhau.,positive,chuong_trinh_hoc
22342,Tôi thực sự thích Ma trận xác định dương video và Minima từ bạn,positive,kien_thuc
22342,Tôi thực sự thích Ma trận xác định dương video và Minima từ bạn,positive,kien_thuc
22343,"Ai mà ngờ được, khi anh chàng này giải thích, nghe có vẻ dễ lắm! Bạn thân mến tiến sĩ Strang, là bậc thầy trong công việc của bạn...",positive,noi_chung
22343,"Ai mà ngờ được, khi anh chàng này giải thích, nghe có vẻ dễ lắm! Bạn thân mến tiến sĩ Strang, là bậc thầy trong công việc của bạn...",positive,ky_nang_giang_day
22344,"Nghiêm túc mà nói MIT, phấn và bảng đen?......ĐÓ LÀ MIT!!! họ đáng lẽ phải có phần mềm nhận dạng giọng nói trên máy tính có thể truyền lệnh của giáo viên lên màn hình...",negative,thiet_bi_day_hoc
22344,"Nghiêm túc mà nói MIT, phấn và bảng đen?......ĐÓ LÀ MIT!!! họ đáng lẽ phải có phần mềm nhận dạng giọng nói trên máy tính có thể truyền lệnh của giáo viên lên màn hình...",negative,thiet_bi_day_hoc
22344,"Nghiêm túc mà nói MIT, phấn và bảng đen?......ĐÓ LÀ MIT!!! họ đáng lẽ phải có phần mềm nhận dạng giọng nói trên máy tính có thể truyền lệnh của giáo viên lên màn hình...",negative,thiet_bi_day_hoc
22345,"Khoảng 33:00, đối với vế phải của 'B', làm thế nào chúng ta có được A'b/A'A * A? Bài học trước, chúng ta có được 'p' là aa'/a'a * b. Làm thế nào aa' *b trong tử số được chuyển thành A'b/A'A * A?",neutral,kien_thuc
22345,"Khoảng 33:00, đối với vế phải của 'B', làm thế nào chúng ta có được A'b/A'A * A? Bài học trước, chúng ta có được 'p' là aa'/a'a * b. Làm thế nào aa' *b trong tử số được chuyển thành A'b/A'A * A?",neutral,kien_thuc
22345,"Khoảng 33:00, đối với vế phải của 'B', làm thế nào chúng ta có được A'b/A'A * A? Bài học trước, chúng ta có được 'p' là aa'/a'a * b. Làm thế nào aa' *b trong tử số được chuyển thành A'b/A'A * A?",neutral,kien_thuc
22345,"Khoảng 33:00, đối với vế phải của 'B', làm thế nào chúng ta có được A'b/A'A * A? Bài học trước, chúng ta có được 'p' là aa'/a'a * b. Làm thế nào aa' *b trong tử số được chuyển thành A'b/A'A * A?",neutral,kien_thuc
22345,"Khoảng 33:00, đối với vế phải của 'B', làm thế nào chúng ta có được A'b/A'A * A? Bài học trước, chúng ta có được 'p' là aa'/a'a * b. Làm thế nào aa' *b trong tử số được chuyển thành A'b/A'A * A?",neutral,kien_thuc
22345,"Khoảng 33:00, đối với vế phải của 'B', làm thế nào chúng ta có được A'b/A'A * A? Bài học trước, chúng ta có được 'p' là aa'/a'a * b. Làm thế nào aa' *b trong tử số được chuyển thành A'b/A'A * A?",neutral,kien_thuc
22346,"Đây chỉ là khóa học giới thiệu để đảm bảo mọi người đều có cùng nền tảng chính xác cho các khóa học khó hơn sau này. Hãy nhớ rằng khóa học này còn được gọi là Giải tích I và mọi trường đại học, từ nhỏ nhất đến lớn nhất, đều dạy những kiến thức cơ bản giống như mọi người khác.",neutral,de_xuat
22346,"Đây chỉ là khóa học giới thiệu để đảm bảo mọi người đều có cùng nền tảng chính xác cho các khóa học khó hơn sau này. Hãy nhớ rằng khóa học này còn được gọi là Giải tích I và mọi trường đại học, từ nhỏ nhất đến lớn nhất, đều dạy những kiến thức cơ bản giống như mọi người khác.",neutral,de_xuat
22347,Tôi thích nét chữ của cô giáo !,positive,thiet_bi_day_hoc
22348,"@ 24:30 tại sao thao tác hàng có thể bảo toàn hàng khoảng trắng chứ không phải cột khoảng trắng? như Giáo sư Strang đã đề cập rằng 111 không còn có thể được tìm thấy trong C(R) nên cột khoảng trắng không được bảo toàn. Tuy nhiên, tôi không thấy bất kỳ hàng nào trong A cũng được tìm thấy trong R?. Nói một cách đơn giản, làm sao tôi biết được liệu khoảng trắng nào đó có được bảo toàn sau thao tác nào đó không?",neutral,kien_thuc
22349,Tôi ước gì ở Ấn Độ chúng ta có những giáo viên như ông ấy.,positive,ky_nang_giang_day
22350,Giá trị riêng lam=1.0 dẫn đến một thuật ngữ exp(lam t = exp(t)) phát triển vượt ra khỏi giới hạn. Hay tôi đang bỏ lỡ quan điểm. Trong bài giảng cuối cùng lam= 0 đã trở thành giá trị trạng thái ổn định.,neutral,kien_thuc
22350,Giá trị riêng lam=1.0 dẫn đến một thuật ngữ exp(lam t = exp(t)) phát triển vượt ra khỏi giới hạn. Hay tôi đang bỏ lỡ quan điểm. Trong bài giảng cuối cùng lam= 0 đã trở thành giá trị trạng thái ổn định.,neutral,kien_thuc
22350,Giá trị riêng lam=1.0 dẫn đến một thuật ngữ exp(lam t = exp(t)) phát triển vượt ra khỏi giới hạn. Hay tôi đang bỏ lỡ quan điểm. Trong bài giảng cuối cùng lam= 0 đã trở thành giá trị trạng thái ổn định.,neutral,kien_thuc
22351,"Làm sao bằng chứng của ông ấy cho tích vô hướng không phải là logic tuần hoàn? Nếu bạn tin vào định luật cosin... thì đó là bằng chứng cho tích vô hướng. Nếu bạn tin vào tích vô hướng, thì đó là bằng chứng cho định luật cosin. Cái quái gì thế?",negative,kien_thuc
22352,"Sau bao nhiêu năm sử dụng đại số tuyến tính, cho đến hôm nay tôi cuối cùng cũng hiểu được ý nghĩa của phép nhân ma trận. matrix*vector là tổ hợp tuyến tính của các cột của ma trận, và vector*matrix là tổ hợp tuyến tính của các hàng của ma trận. Sau đó, từ quan điểm này, ý nghĩa của ma trận hoán vị trở nên rất rõ ràng. Cảm ơn Giáo sư Strang.",positive,ky_nang_giang_day
22352,"Sau bao nhiêu năm sử dụng đại số tuyến tính, cho đến hôm nay tôi cuối cùng cũng hiểu được ý nghĩa của phép nhân ma trận. matrix*vector là tổ hợp tuyến tính của các cột của ma trận, và vector*matrix là tổ hợp tuyến tính của các hàng của ma trận. Sau đó, từ quan điểm này, ý nghĩa của ma trận hoán vị trở nên rất rõ ràng. Cảm ơn Giáo sư Strang.",positive,kien_thuc
22352,"Sau bao nhiêu năm sử dụng đại số tuyến tính, cho đến hôm nay tôi cuối cùng cũng hiểu được ý nghĩa của phép nhân ma trận. matrix*vector là tổ hợp tuyến tính của các cột của ma trận, và vector*matrix là tổ hợp tuyến tính của các hàng của ma trận. Sau đó, từ quan điểm này, ý nghĩa của ma trận hoán vị trở nên rất rõ ràng. Cảm ơn Giáo sư Strang.",positive,kien_thuc
22353,"Wow... và đây là nền giáo dục cao cấp profile, 'thế giới đầu tiên'??? ... trời ơi... Tôi đã học những thứ này hai năm trước khi kết thúc trung học!!, rõ ràng là được cho là biết để vào đại học! ừm... Tôi đoán tôi sẽ chọn Đại học Tổng hợp Quốc gia Lomonov ở Moscow... Tôi đoán đây là lý do tại sao Liên Xô là nước đầu tiên bay vào vũ trụ xD .. và bài thuyết trình ở đây là sao?!? ngoài việc anh chàng có sử dụng PowerPoint hay không... thì cũng giống như đọc một cuốn sách giáo khoa nhiều màu sắc tệ hại !!!",negative,noi_chung
22353,"Wow... và đây là nền giáo dục cao cấp profile, 'thế giới đầu tiên'??? ... trời ơi... Tôi đã học những thứ này hai năm trước khi kết thúc trung học!!, rõ ràng là được cho là biết để vào đại học! ừm... Tôi đoán tôi sẽ chọn Đại học Tổng hợp Quốc gia Lomonov ở Moscow... Tôi đoán đây là lý do tại sao Liên Xô là nước đầu tiên bay vào vũ trụ xD .. và bài thuyết trình ở đây là sao?!? ngoài việc anh chàng có sử dụng PowerPoint hay không... thì cũng giống như đọc một cuốn sách giáo khoa nhiều màu sắc tệ hại !!!",negative,thiet_bi_day_hoc
22354,"Rất thích những điều này bài giảng, dễ hiểu hơn nhiều so với các giảng viên của tôi ở trường đại học. Cảm ơn Giáo sư Strang!",positive,chuong_trinh_hoc
22354,"Rất thích những điều này bài giảng, dễ hiểu hơn nhiều so với các giảng viên của tôi ở trường đại học. Cảm ơn Giáo sư Strang!",positive,ky_nang_giang_day
22355,Cảm ơn Thưa ngài. Tôi không thể hiểu rõ sự khác biệt lớn giữa phân phối sau và trước.,neutral,ky_nang_giang_day
22355,Cảm ơn Thưa ngài. Tôi không thể hiểu rõ sự khác biệt lớn giữa phân phối sau và trước.,negative,kien_thuc
22356,Một số câu hỏi được đưa ra rất ngây thơ.,negative,kien_thuc
22357,điều này quá dễ đối với một sinh viên đại học,neutral,chuong_trinh_hoc
22358,Tôi thấy việc xem những video này bài giảng ở tốc độ 2x thú vị và tiết kiệm thời gian hơn.,positive,chuong_trinh_hoc
22359,Anh chàng này tuyệt vời quá : ) cảm ơn NULL,positive,ky_nang_giang_day
22359,Anh chàng này tuyệt vời quá : ) cảm ơn NULL,positive,noi_chung
22360,"Tôi chỉ làm hỏng phần lẻ lẻ, lẻ chẵn, còn lại thì tuyệt vời. Cảm ơn Giáo sư Strang từ Ấn Độ.",positive,ky_nang_giang_day
22361,Tôi thích cách anh ấy sử dụng độ trong suốt.,positive,thiet_bi_day_hoc
22362,Tuyệt vời giáo viên. Những điểm nhấn nhỏ như củng cố các khái niệm quan trọng khi chuyển sang những khái niệm mới sử dụng chúng rất hữu ích.,positive,ky_nang_giang_day
22363,Thật vui khi thấy Giáo sư Strang vẫn giảng dạy rất hay. Càng vui hơn khi ông ấy đã nhắc đến Julia trong bài giảng 1. Cảm ơn MIT đã cung cấp tài liệu cập nhật như vậy.,positive,ky_nang_giang_day
22364,Chúng ta đã chứng minh det(AB = detA*detB) trong bài giảng chưa?,neutral,kien_thuc
22364,Chúng ta đã chứng minh det(AB = detA*detB) trong bài giảng chưa?,neutral,chuong_trinh_hoc
22365,giờ tôi thấy thoải mái hơn vì chưa thành thạo phần mở rộng của taylor...,neutral,kien_thuc
22366,MIT vẫn còn sử dụng bảng đen chứ?,neutral,thiet_bi_day_hoc
22367,làm sao v = [v1 v2 v3 v4]' chiều có thể bằng 3?? trong 31:00,neutral,kien_thuc
22367,làm sao v = [v1 v2 v3 v4]' chiều có thể bằng 3?? trong 31:00,neutral,kien_thuc
22368,Có ai có thể cho tôi biết làm thế nào để tải xuống video không????,neutral,chuong_trinh_hoc
22369,chữ viết tay của auroux nóng quá,positive,thiet_bi_day_hoc
22370,"36:50 Không phải p và lp, mà là p(đa thức) và np(không phải đa thức). Tôi nghĩ anh ấy đã nói nhầm.",negative,ky_nang_giang_day
22371,"A quanh 21:00,. Trong trường hợp chung của R^n, bạn không thể tạo thành định thức của A và B trừ khi n=2. Hmmm",neutral,kien_thuc
22371,"A quanh 21:00,. Trong trường hợp chung của R^n, bạn không thể tạo thành định thức của A và B trừ khi n=2. Hmmm",neutral,kien_thuc
22371,"A quanh 21:00,. Trong trường hợp chung của R^n, bạn không thể tạo thành định thức của A và B trừ khi n=2. Hmmm",neutral,kien_thuc
22371,"A quanh 21:00,. Trong trường hợp chung của R^n, bạn không thể tạo thành định thức của A và B trừ khi n=2. Hmmm",neutral,kien_thuc
22371,"A quanh 21:00,. Trong trường hợp chung của R^n, bạn không thể tạo thành định thức của A và B trừ khi n=2. Hmmm",neutral,kien_thuc
22372,"@[USERNAME]Tôi rất muốn viết lên bảng đen đó nhưng lại xóa bằng cục tẩy ""gôm"" tuyệt vời đó (tôi gọi đó là ""gôm"" đúng không? Tiếng Anh của tôi khá kém). Tôi chưa bao giờ thấy những thứ này LỚN NHƯ VẬY. Tôi sẽ mua một cái để tự dạy học.",positive,thiet_bi_day_hoc
22373,lol tiếng vỗ tay lớn đó làm anh ấy giật mình một chút,neutral,ky_nang_giang_day
22374,"Toán - đây là cách bạn làm. Ồ, và tôi đã cười lớn ở phút 22:48 khi họ vỗ tay cho anh ấy.",positive,kien_thuc
22375,"Tuyệt vời bài giảng! Cảm ơn, Giáo sư Strang!",positive,chuong_trinh_hoc
22375,"Tuyệt vời bài giảng! Cảm ơn, Giáo sư Strang!",positive,ky_nang_giang_day
22376,Cảm ơn Ông Strang. Ông là một người tuyệt vời giáo sư. Cảm ơn MIT nữa,positive,ky_nang_giang_day
22376,Cảm ơn Ông Strang. Ông là một người tuyệt vời giáo sư. Cảm ơn MIT nữa,positive,ky_nang_giang_day
22376,Cảm ơn Ông Strang. Ông là một người tuyệt vời giáo sư. Cảm ơn MIT nữa,positive,noi_chung
22377,Anh ấy dạy rất nghiêm khắc nhưng vẫn làm cho nó có vẻ dễ dàng!,positive,ky_nang_giang_day
22377,Anh ấy dạy rất nghiêm khắc nhưng vẫn làm cho nó có vẻ dễ dàng!,positive,chuong_trinh_hoc
22378,Trực quan Ý tưởng thực sự hữu ích để hiểu khái niệm. Anh ấy đã giải thích nó một cách đơn giản như thế nào.,positive,ky_nang_giang_day
22378,Trực quan Ý tưởng thực sự hữu ích để hiểu khái niệm. Anh ấy đã giải thích nó một cách đơn giản như thế nào.,positive,noi_chung
22379,Tôi không nghi ngờ gì về kiến thức của anh ấy nhưng anh ấy có vẻ ít quan tâm đến việc giảng dạy.,negative,ky_nang_giang_day
22380,"Khi thảo luận Cách nhân ma trận thứ 4, đưa ra những gợi ý tinh tế để bạn nhận ra rằng phép nhân ma trận thực chất là về tích vô hướng của các vectơ cột của 2 ma trận (a^T×b). Thật là một huyền thoại tuyệt đối.",positive,kien_thuc
22381,"trên túi áo sơ mi của anh ấy, trông giống như một anh chàng đang la hét!!! Một khi bạn nhìn thấy nó, bạn không thể không nhìn thấy",neutral,ky_nang_giang_day
22382,Bằng chứng của TRL bỏ qua các cạnh bên trong cụm?,neutral,kien_thuc
22382,Bằng chứng của TRL bỏ qua các cạnh bên trong cụm?,neutral,kien_thuc
22383,"Cảm ơn MIT đã giải thích điều đó. Tôi có thể nghĩ ra một lời giải thích cho nguồn gốc của cụm từ đó. Bạn thấy đấy, Mùa hè bị ""lừa"" nghĩ rằng nó sẽ kéo dài. Nhưng than ôi! Mùa đông chắc chắn sẽ đến và vài ngày ấm áp của nó đã kết thúc. Và cũng giống như mùa hè ngắn ngủi này, người da đỏ cũng bị những kẻ xâm lược lừa. Do đó mới có thuật ngữ ""Mùa hè của người da đỏ"". Và cảm ơn MIT vì những video tuyệt vời này. Tiếp tục công việc tuyệt vời này!! Giảng dạy tuyệt vời Giáo sư theo cách tuyệt vời!",positive,noi_chung
22383,"Cảm ơn MIT đã giải thích điều đó. Tôi có thể nghĩ ra một lời giải thích cho nguồn gốc của cụm từ đó. Bạn thấy đấy, Mùa hè bị ""lừa"" nghĩ rằng nó sẽ kéo dài. Nhưng than ôi! Mùa đông chắc chắn sẽ đến và vài ngày ấm áp của nó đã kết thúc. Và cũng giống như mùa hè ngắn ngủi này, người da đỏ cũng bị những kẻ xâm lược lừa. Do đó mới có thuật ngữ ""Mùa hè của người da đỏ"". Và cảm ơn MIT vì những video tuyệt vời này. Tiếp tục công việc tuyệt vời này!! Giảng dạy tuyệt vời Giáo sư theo cách tuyệt vời!",positive,ky_nang_giang_day
22383,"Cảm ơn MIT đã giải thích điều đó. Tôi có thể nghĩ ra một lời giải thích cho nguồn gốc của cụm từ đó. Bạn thấy đấy, Mùa hè bị ""lừa"" nghĩ rằng nó sẽ kéo dài. Nhưng than ôi! Mùa đông chắc chắn sẽ đến và vài ngày ấm áp của nó đã kết thúc. Và cũng giống như mùa hè ngắn ngủi này, người da đỏ cũng bị những kẻ xâm lược lừa. Do đó mới có thuật ngữ ""Mùa hè của người da đỏ"". Và cảm ơn MIT vì những video tuyệt vời này. Tiếp tục công việc tuyệt vời này!! Giảng dạy tuyệt vời Giáo sư theo cách tuyệt vời!",positive,chuong_trinh_hoc
22384,"Thực sự hữu ích, toàn bộ bài giảng này giống như một tác phẩm nghệ thuật tuyệt đẹp.",positive,chuong_trinh_hoc
22385,Tôi vừa mới bắt đầu yêu thích vật lý sau khi xem bài giảng của bạn,positive,chuong_trinh_hoc
22386,16:16 Nếu delw là zero vì w) là hằng số trên một đường cong trên cùng một mặt phẳng .. thì delw) . bất kỳ vectơ nào khác w) sẽ là zero cho dù có tiếp tuyến hay không .. vì del w) luôn luôn là w) zero trên mặt phẳng .. phải không?,neutral,chuong_trinh_hoc
22386,16:16 Nếu delw là zero vì w) là hằng số trên một đường cong trên cùng một mặt phẳng .. thì delw) . bất kỳ vectơ nào khác w) sẽ là zero cho dù có tiếp tuyến hay không .. vì del w) luôn luôn là w) zero trên mặt phẳng .. phải không?,neutral,chuong_trinh_hoc
22386,16:16 Nếu delw là zero vì w) là hằng số trên một đường cong trên cùng một mặt phẳng .. thì delw) . bất kỳ vectơ nào khác w) sẽ là zero cho dù có tiếp tuyến hay không .. vì del w) luôn luôn là w) zero trên mặt phẳng .. phải không?,neutral,chuong_trinh_hoc
22387,Có ai có thể cho tôi biết mục đích của việc đưa '0' và '1' vào biến tự do theo thứ tự là gì không? Cảm ơn!,neutral,kien_thuc
22388,"Hy vọng tôi sẽ đến UTK, Cảm ơn giáo sư Strang",positive,ky_nang_giang_day
22389,Gilbert Strang và Dennis Auroux là những giáo viên tuyệt vời nhất mà tôi từng học và tôi thậm chí còn chưa từng tham dự lớp học của họ trực tiếp! Cảm ơn rất nhiều MIT vì đã phát triển tình yêu toán học trong tôi.,positive,ky_nang_giang_day
22389,Gilbert Strang và Dennis Auroux là những giáo viên tuyệt vời nhất mà tôi từng học và tôi thậm chí còn chưa từng tham dự lớp học của họ trực tiếp! Cảm ơn rất nhiều MIT vì đã phát triển tình yêu toán học trong tôi.,positive,ky_nang_giang_day
22389,Gilbert Strang và Dennis Auroux là những giáo viên tuyệt vời nhất mà tôi từng học và tôi thậm chí còn chưa từng tham dự lớp học của họ trực tiếp! Cảm ơn rất nhiều MIT vì đã phát triển tình yêu toán học trong tôi.,positive,noi_chung
22390,"Tôi nghĩ đây là lần đầu tiên tôi theo một khóa học mà giáo viên dành 5 phút ở mỗi lớp để xem lại và minh họa ngắn gọn những gì đã làm lần trước. Nội dung này khá dễ vì tôi đã thấy trong 6.042 rồi, nhưng nó bổ sung thêm mức độ rõ ràng thật tuyệt vời! Nếu bất kỳ giáo viên nào thấy bình luận này: những gì anh chàng này làm là một ý tưởng TUYỆT VỜI, hãy mượn nó! Chúng ta luôn có thể dành ra 5 phút trong một khóa học kéo dài 1 giờ.",positive,ky_nang_giang_day
22391,"Ý tôi là tại sao lại đưa các giá trị biến tự do mà không để nguyên và giải các phương trình, đối với phép chuyển vị, bạn sẽ chỉ nhận được x1=-x3 x2=-x3 và x3 là biến tự do, tôi đoán là tôi đang bỏ lỡ mục đích với phép đồng nhất và hoán đổi -F nhưng tôi không thực sự hiểu tại sao bạn lại muốn làm như vậy...",neutral,kien_thuc
22391,"Ý tôi là tại sao lại đưa các giá trị biến tự do mà không để nguyên và giải các phương trình, đối với phép chuyển vị, bạn sẽ chỉ nhận được x1=-x3 x2=-x3 và x3 là biến tự do, tôi đoán là tôi đang bỏ lỡ mục đích với phép đồng nhất và hoán đổi -F nhưng tôi không thực sự hiểu tại sao bạn lại muốn làm như vậy...",neutral,kien_thuc
22391,"Ý tôi là tại sao lại đưa các giá trị biến tự do mà không để nguyên và giải các phương trình, đối với phép chuyển vị, bạn sẽ chỉ nhận được x1=-x3 x2=-x3 và x3 là biến tự do, tôi đoán là tôi đang bỏ lỡ mục đích với phép đồng nhất và hoán đổi -F nhưng tôi không thực sự hiểu tại sao bạn lại muốn làm như vậy...",neutral,kien_thuc
22392,"Trong chứng minh của định lý của sự hội tụ đơn điệu, có trường hợp f(x=0), dễ dàng thảo luận",neutral,kien_thuc
22392,"Trong chứng minh của định lý của sự hội tụ đơn điệu, có trường hợp f(x=0), dễ dàng thảo luận",neutral,kien_thuc
22393,bài giảng này rất hữu ích,positive,chuong_trinh_hoc
22394,"cảm ơn MIT, tất cả các bài giảng về đại số tuyến tính này đều rất hữu ích và Giáo sư Gilbert Strang dạy rất hay, cảm ơn rất nhiều!!:))",positive,ky_nang_giang_day
22395,"Có ai vui lòng giúp tôi với điều này không? Vào khoảng 15'30'', giáo sư nói ""vertically simple"". Ý của ông ấy là các cạnh của khối là thẳng đứng (tất cả đều bằng chiều cao)? Vậy đồ thị của đỉnh giống với đồ thị của đáy? Cảm ơn bạn rất nhiều!",neutral,kien_thuc
22396,Tôi thực sự kinh ngạc về những gì tôi có thể hiểu được nhờ Tiến sĩ Strang,positive,ky_nang_giang_day
22397,"giáo sư. nói A, viết B, nghĩa là C - trong khi câu trả lời đúng là D.",neutral,ky_nang_giang_day
22398,"Có vẻ như có một lỗi trong giải thích về lý do tại sao sự độc lập theo cặp không ngụ ý sự độc lập ... tại [36:30], sự kiện C phải là 'các lần tung của chúng ta cho kết quả khác nhau', thay vì 'các lần tung của chúng ta cho kết quả giống nhau'. Sau khi kiểm tra cuốn sách, và nghi ngờ của tôi đã được xác nhận. Xem ví dụ 1.22 ở trang 39.",negative,kien_thuc
22399,Anh ấy rất hào hứng với những câu hỏi. Thật tuyệt vời..,positive,ky_nang_giang_day
22400,Khoảnh khắc ngượng ngùng khi kiến thức miễn phí được đưa ra và bạn phàn nàn về chất lượng video,positive,chuong_trinh_hoc
22400,Khoảnh khắc ngượng ngùng khi kiến thức miễn phí được đưa ra và bạn phàn nàn về chất lượng video,negative,noi_chung
22401,Tôi thực sự yêu thích điều đó giọng,positive,ky_nang_giang_day
22402,Đây là giới thiệu về chuỗi Markov tốt nhất từ trước đến nay!!!!!!,positive,de_xuat
22403,Giải tích AP không tương đương với khóa học này sao ?,neutral,chuong_trinh_hoc
22404,Cảm ơn elotoff MIT OCW; vì thông tin thú vị; và Giáo viên,positive,noi_chung
22404,Cảm ơn elotoff MIT OCW; vì thông tin thú vị; và Giáo viên,positive,ky_nang_giang_day
22405,"Sau khi xem các lớp học Giáo sư Strang, tôi đã quyết định trở thành một giảng viên hoặc giáo viên. Ông ấy là định nghĩa thực sự của đam mê.",positive,ky_nang_giang_day
22406,"chào mừng đến với tương lai của giáo dục, toàn thể mọi người trên thế giới sẽ học từ internet bài giảng như youtube. Hoa Kỳ đã đáp ứng mọi nhu cầu học tập của bạn",positive,chuong_trinh_hoc
22407,"Khi anh ấy nói ""Thật tuyệt vời khi có những tấm ván sạch đẹp này"". Tôi cũng nghĩ như vậy. lol",positive,ky_nang_giang_day
22408,"Các bạn ơi, tôi cầu xin các bạn hãy giúp tôi với bài giảng. Đây là lần thứ 10 tôi xem cái này. Tôi chỉ hiểu được 4 bước đầu tiên.",neutral,chuong_trinh_hoc
22409,Tôi chưa từng thấy ma trận kể từ hồi đại học. Đây là ma trận tuyệt vời nhất giải thích mà tôi từng thấy: rõ ràng; có phương pháp; đầy đủ! Tôi không thể đợi đến thứ Hai (Ồ! Tôi không cần phải đợi: đó là nó!),positive,chuong_trinh_hoc
22410,"Đây là một loạt video rất hay , nhưng có một lưu ý. Giáo sư Sipster có vẻ cố gắng giải thích chi tiết mà không đưa ra câu trả lời chắc chắn trước....",positive,thiet_bi_day_hoc
22410,"Đây là một loạt video rất hay , nhưng có một lưu ý. Giáo sư Sipster có vẻ cố gắng giải thích chi tiết mà không đưa ra câu trả lời chắc chắn trước....",neutral,ky_nang_giang_day
22411,Tôi không hiểu tại sao b lại phải có be trong thành phần khác bination col. space trong A. Có ai có thể giúp tôi không?,neutral,kien_thuc
22411,Tôi không hiểu tại sao b lại phải có be trong thành phần khác bination col. space trong A. Có ai có thể giúp tôi không?,neutral,kien_thuc
22412,Tại sao tôi không thấy video này trong trường đại học?,neutral,chuong_trinh_hoc
22412,Tại sao tôi không thấy video này trong trường đại học?,neutral,noi_chung
22413,TF?! Tại sao không ai giải thích nguồn gốc vectơ của định thức cho tôi trước??? Dạy toán học theo kiểu học vẹt. Chỉ tính toán mà không có lý thuyết thì thành nhà toán học buồn.,negative,kien_thuc
22414,tuyệt vời giáo sư. cảm ơn mit vì điều này lớp học.,positive,ky_nang_giang_day
22414,tuyệt vời giáo sư. cảm ơn mit vì điều này lớp học.,positive,chuong_trinh_hoc
22415,Một nhà toán học có khiếu hài hước tuyệt vời. Ông Strang!,positive,ky_nang_giang_day
22416,"vâng, thực ra đó là một điều tốt điểm. cảm ơn",positive,chuong_trinh_hoc
22417,Anh chàng này giọng thực sự là tuyệt nhất.,positive,ky_nang_giang_day
22418,"Tôi thích cách ở phút 23:28, anh ấy tặng học sinh nụ cười tinh nghịch  ngay trước khi thực hiện trò tẩy xóa của mình",positive,ky_nang_giang_day
22418,"Tôi thích cách ở phút 23:28, anh ấy tặng học sinh nụ cười tinh nghịch  ngay trước khi thực hiện trò tẩy xóa của mình",positive,noi_chung
22419,Cảm ơn giáo sư và tất cả mọi người đã theo dõi từ Lec1 đến Lec34.,positive,ky_nang_giang_day
22420,"Trong một giây, tôi luôn ngạc nhiên rằng mọi người không vỗ tay vào cuối bài giảng...",positive,chuong_trinh_hoc
22420,"Trong một giây, tôi luôn ngạc nhiên rằng mọi người không vỗ tay vào cuối bài giảng...",negative,noi_chung
22421,"Nhập các chữ cái are a and b, sau đó what là biểu thức chính quy không có hai a nào xuất hiện cùng nhau (chuỗi may be any độ dài) can any ai giúp với!!!!!!!",neutral,kien_thuc
22421,"Nhập các chữ cái are a and b, sau đó what là biểu thức chính quy không có hai a nào xuất hiện cùng nhau (chuỗi may be any độ dài) can any ai giúp với!!!!!!!",neutral,kien_thuc
22422,Anh chàng này cần phải học một khóa tiếng Anh.,negative,ky_nang_giang_day
22423,Thật đáng yêu con người.,positive,ky_nang_giang_day
22424,"Tôi đồng ý Sprang rất tuyệt nhưng bạn có thể nhận ra tỷ lệ vàng 1/2(sqrt5 +1) và mọi nhà toán học đều biết con số này. Giống như việc bối rối nếu ai đó nói với bạn rằng pi bằng 3,14159265....",positive,kien_thuc
22425,rất phấn khích khi thấy nó được chứng minh dễ dàng như thế nào. Tuyệt.,positive,kien_thuc
22426,"Họ làm cho mọi thứ có vẻ phức tạp trong cách họ dạy, thực ra chúng rất đơn giản.",negative,ky_nang_giang_day
22426,"Họ làm cho mọi thứ có vẻ phức tạp trong cách họ dạy, thực ra chúng rất đơn giản.",negative,chuong_trinh_hoc
22427,"Tiến sĩ Strang yêu hoặc ""Tôi đã học cách ngừng lo lắng và yêu thích Đại số tuyến tính số như thế nào""",positive,ky_nang_giang_day
22428,"Đây chỉ là một cách hữu ích để suy nghĩ về vấn đề này, như chúng ta có thể thấy khi ông ấy nói về phép nghịch đảo.",positive,ky_nang_giang_day
22429,"giá trị trung bình ""sin của các giá trị riêng"" là gì? Cảm ơn,",neutral,kien_thuc
22430,Được. Bạn có thể chạm vào điểm tiếp tuyến mà bạn tìm thấy chiều thứ tư.....:),neutral,kien_thuc
22431,Quá lãng phí thời gian viết trên bảng đen. Anh ấy có thể viết mọi thứ lên bảng trước khi vào lớp và sau đó đối diện với lớp và giải thích. Sẽ tiết kiệm được nhiều thời gian.,negative,ky_nang_giang_day
22432,Ông ấy chắc chắn cho thấy có sự khác biệt lớn giữa việc hiểu biết một môn học và biết cách dạy môn học đó cho người khác.,negative,ky_nang_giang_day
22433,làm sao chiều của M lại bằng 9 ??,neutral,kien_thuc
22434,Thật tuyệt vời. anh bạn này thực sự là một thiên tài. Cảm ơn MIT.,positive,ky_nang_giang_day
22434,Thật tuyệt vời. anh bạn này thực sự là một thiên tài. Cảm ơn MIT.,positive,noi_chung
22435,Một điều tuyệt vời mà chúng ta có thể làm là bỏ qua một số phần nếu bạn biết/không quan tâm đến chúng. Tôi ước mình có thể làm điều này ngoài đời thực với giáo sư thực sự (lol),neutral,thiet_bi_day_hoc
22435,Một điều tuyệt vời mà chúng ta có thể làm là bỏ qua một số phần nếu bạn biết/không quan tâm đến chúng. Tôi ước mình có thể làm điều này ngoài đời thực với giáo sư thực sự (lol),neutral,ky_nang_giang_day
22436,Cảm ơn rất nhiều vì loạt video . Tôi hy vọng MIT sẽ tiếp tục giúp mọi người hiểu được kiến thức toán học.,positive,chuong_trinh_hoc
22437,tại sao mọi người lại reo hò khi anh ấy lau sạch bảng đen phía trên??,neutral,ky_nang_giang_day
22438,Người hướng dẫn là một thiên tài. Hãy xem CV của anh ấy.,positive,ky_nang_giang_day
22439,"okkkkk, máy quay đang quay, đây là bài giảng thứ 14. Thật là một câu giới thiệu tuyệt vời!",negative,thiet_bi_day_hoc
22440,tại sao YouTube lại đề xuất điều này? Toán học làm tôi sợ,negative,kien_thuc
22441,Tôi hy vọng tôi đã thấy điều này bài giảng sớm hơn nhiều! Thật tuyệt vời và thú vị! :),positive,chuong_trinh_hoc
22442,"cảm ơn rất nhiều John Tsitsiklis, bạn là giáo sư tuyệt vời",positive,ky_nang_giang_day
22443,Tôi xem những bài giảng này vì thích. Bài giảng của ông Bài giảng về đại số tuyến tính thật tuyệt vời.,positive,chuong_trinh_hoc
22444,Sự thật là Giải tích rất khó đối với một số người nhưng điều đó không có nghĩa là bạn phải thấy nó khó.,negative,kien_thuc
22445,Có vẻ khó quá trong lớp học hôm nay......giờ tôi hiểu tại sao họ lại giỏi ở MIT đến vậy. Một giáo viên tuyệt vời....Làm cho nó có vẻ dễ dàng.,neutral,chuong_trinh_hoc
22445,Có vẻ khó quá trong lớp học hôm nay......giờ tôi hiểu tại sao họ lại giỏi ở MIT đến vậy. Một giáo viên tuyệt vời....Làm cho nó có vẻ dễ dàng.,positive,ky_nang_giang_day
22446,"Loại bài giảng này chỉ có thể thực hiện được khi bạn thực sự đam mê công việc của mình! Cảm ơn rất nhiều, Ngài Strang!",positive,chuong_trinh_hoc
22446,"Loại bài giảng này chỉ có thể thực hiện được khi bạn thực sự đam mê công việc của mình! Cảm ơn rất nhiều, Ngài Strang!",positive,ky_nang_giang_day
22447,"lúc 10:00 anh ấy nói ""các cột của C là sự kết hợp của các cột của A"" Tôi nghĩ có thể có nhầm lẫn ở đây.. nó phải giống như ""các cột của C là sự kết hợp của các hàng của A"".. nếu không thì xin hãy giải đáp thắc mắc của tôi",positive,ky_nang_giang_day
22448,Bạn có thể nói SVD là chủ đề yêu thích của Giáo sư Strang. Đây là bài giảng duy nhất trong 9:4 HD và kênh âm thanh được nâng cấp.,neutral,kien_thuc
22448,Bạn có thể nói SVD là chủ đề yêu thích của Giáo sư Strang. Đây là bài giảng duy nhất trong 9:4 HD và kênh âm thanh được nâng cấp.,neutral,ky_nang_giang_day
22448,Bạn có thể nói SVD là chủ đề yêu thích của Giáo sư Strang. Đây là bài giảng duy nhất trong 9:4 HD và kênh âm thanh được nâng cấp.,positive,thiet_bi_day_hoc
22448,Bạn có thể nói SVD là chủ đề yêu thích của Giáo sư Strang. Đây là bài giảng duy nhất trong 9:4 HD và kênh âm thanh được nâng cấp.,positive,thiet_bi_day_hoc
22448,Bạn có thể nói SVD là chủ đề yêu thích của Giáo sư Strang. Đây là bài giảng duy nhất trong 9:4 HD và kênh âm thanh được nâng cấp.,positive,chuong_trinh_hoc
22449,"Đây là một kiệt tác của TS. Gilbert Strang của MIT. Trong kỹ thuật điều khiển, một phần của kỹ thuật điện đại số tuyến tính là bắt buộc. Tất cả sinh viên trong lĩnh vực nghiên cứu này, sau đại học và đại học phải biết đại số tuyến tính.",positive,ky_nang_giang_day
22449,"Đây là một kiệt tác của TS. Gilbert Strang của MIT. Trong kỹ thuật điều khiển, một phần của kỹ thuật điện đại số tuyến tính là bắt buộc. Tất cả sinh viên trong lĩnh vực nghiên cứu này, sau đại học và đại học phải biết đại số tuyến tính.",positive,noi_chung
22449,"Đây là một kiệt tác của TS. Gilbert Strang của MIT. Trong kỹ thuật điều khiển, một phần của kỹ thuật điện đại số tuyến tính là bắt buộc. Tất cả sinh viên trong lĩnh vực nghiên cứu này, sau đại học và đại học phải biết đại số tuyến tính.",neutral,kien_thuc
22450,"Nói một cách ngắn gọn, anh ấy quan tâm đến học sinh của mình!",positive,ky_nang_giang_day
22451,Vừa hoàn thành một bài đánh giá rất quan trọng về Giải tích đa biến... thật tuyệt! Tôi dành tặng điểm cao của mình cho Denis Auroux... không biết anh ấy làm thế nào... nhưng phương pháp của anh ấy thực sự có tác động!,positive,ky_nang_giang_day
22451,Vừa hoàn thành một bài đánh giá rất quan trọng về Giải tích đa biến... thật tuyệt! Tôi dành tặng điểm cao của mình cho Denis Auroux... không biết anh ấy làm thế nào... nhưng phương pháp của anh ấy thực sự có tác động!,positive,kien_thuc
22452,Cách anh ta gõ phấn lên bảng làm tôi phát cáu.,negative,thiet_bi_day_hoc
22453,đồng ý! đó là những gì tôi dự định sử dụng trong bài giảng của mình,negative,kien_thuc
22454,"Cảm ơn rất nhiều, Giáo sư Strang!",positive,ky_nang_giang_day
22455,woohoo tích phân từng phần...thật thú vị...làm tôi nhớ đến bài giảng của mình một tuần trước!,positive,kien_thuc
22456,Cảm ơn Tiến sĩ Strang. Thực sự thích bài giảng,positive,ky_nang_giang_day
22456,Cảm ơn Tiến sĩ Strang. Thực sự thích bài giảng,positive,chuong_trinh_hoc
22457,"Lần đầu tiên tôi thấy lời giải thích tại sao chúng ta có y_general = y_particular + y_homogeneous, điều này khiến mọi thứ trở nên hợp lý.",positive,kien_thuc
22458,"22:36: bán xác định dương, không xác định dương",neutral,kien_thuc
22458,"22:36: bán xác định dương, không xác định dương",neutral,kien_thuc
22459,Chất lượng của Nội dung video này kém,negative,chuong_trinh_hoc
22460,Trời ơi tất cả khái niệm bây giờ có vẻ hợp lý hơn nhiều. Tiến sĩ Strang thực sự là một giáo viên tuyệt vời!,positive,noi_chung
22460,Trời ơi tất cả khái niệm bây giờ có vẻ hợp lý hơn nhiều. Tiến sĩ Strang thực sự là một giáo viên tuyệt vời!,positive,ky_nang_giang_day
22461,"Lớp học vắng tanh, nhưng niềm đam mê của Gilbert Strang thì tràn đầy...",positive,ky_nang_giang_day
22462,"khoảng 32 phút, phải là 99 vuông chứ không phải 100 vuông",neutral,kien_thuc
22463,"Một cách nói rất rõ ràng giáo sư. Tôi đã học được một từ mới. ""Bashful"" chỉ từ ngữ cảnh mà ông ấy sử dụng từ đó. Tôi cho rằng Bashful có nghĩa là nhút nhát vì ông ấy yêu cầu những sinh viên nhút nhát ngồi xa phía sau. Điều đó chỉ ra từ ""shy"" như trong thuật ngữ ""camera-shy"".",positive,ky_nang_giang_day
22464,Cái này giáo sư hay nhưng tôi thích Haynes Miller hơn,neutral,ky_nang_giang_day
22464,Cái này giáo sư hay nhưng tôi thích Haynes Miller hơn,positive,ky_nang_giang_day
22465,Kém Ghi âm.. không nghe được gì cả,negative,thiet_bi_day_hoc
22466,25:49 không chắc tại sao dãy Cauchy cũng hội tụ.,neutral,kien_thuc
22467,"Tuyệt vời bài giảng Giáo sư Tsitsiklis, rất rõ ràng, khá gọn gàng cũng như những bài giảng của trợ giảng của bạn. Tôi đang theo dõi MIT OpenCourseWare.",positive,chuong_trinh_hoc
22467,"Tuyệt vời bài giảng Giáo sư Tsitsiklis, rất rõ ràng, khá gọn gàng cũng như những bài giảng của trợ giảng của bạn. Tôi đang theo dõi MIT OpenCourseWare.",positive,ky_nang_giang_day
22468,"Chỉ để kiểm tra thôi, vì vậy vào khoảng phút 27:38 thì phi(k - j) = z? chứ không phải y?",neutral,kien_thuc
22469,"Cảm ơn vì điều này bài học, học trực tuyến sẽ là tương lai, chúng ta có tất cả lý thuyết, sách hướng dẫn trong phần giới thiệu, chúng ta phải học tất cả, học trực tuyến này cũng sẽ hữu ích vì nhiều người sẽ ở nhà và điều này => giảm tắc đường, do đó giảm cao nguyên trong thành phố.",positive,de_xuat
22470,ông ấy đã đưa ra một cách thực sự vòng vo để nói về việc lấy đạo hàm dx/dy.,neutral,ky_nang_giang_day
22471,Chất lượng cực đỉnh!!! Kính trọng giáo sư strang !!! Xin cúi đầu trước bạn !!!,positive,ky_nang_giang_day
22472,42:45 Nếu A và B có cùng bốn không gian con thì chúng có cùng dạng bậc thang rút gọn hàng.,neutral,kien_thuc
22472,42:45 Nếu A và B có cùng bốn không gian con thì chúng có cùng dạng bậc thang rút gọn hàng.,neutral,kien_thuc
22472,42:45 Nếu A và B có cùng bốn không gian con thì chúng có cùng dạng bậc thang rút gọn hàng.,neutral,kien_thuc
22472,42:45 Nếu A và B có cùng bốn không gian con thì chúng có cùng dạng bậc thang rút gọn hàng.,neutral,kien_thuc
22473,"Thành thật mà nói, tôi không biết mình sẽ làm gì nếu không có điều này khóa học. Thật sự rất vui khi được lắng nghe Giáo sư Strang. Cảm ơn bạn",positive,chuong_trinh_hoc
22473,"Thành thật mà nói, tôi không biết mình sẽ làm gì nếu không có điều này khóa học. Thật sự rất vui khi được lắng nghe Giáo sư Strang. Cảm ơn bạn",positive,ky_nang_giang_day
22474,cách anh ấy giải thích thật tuyệt vời...,positive,ky_nang_giang_day
22474,cách anh ấy giải thích thật tuyệt vời...,positive,noi_chung
22475,"Ở phút 28:50, ông ấy nói, đây là một sự kiện quan trọng mà chúng ta suy ra từ Định lý giá trị trung bình (MVT). Tôi không hiểu tại sao lại như vậy. Ai đó có thể giải thích được không?",neutral,kien_thuc
22476,"câu hỏi này được hỏi quá nhiều, có lẽ sẽ dễ hơn nếu mit chỉ cần dán nhãn lại bài giảng (ý tôi là một bài kiểm tra trên lớp thực sự không được tính là một bài giảng)",neutral,chuong_trinh_hoc
22476,"câu hỏi này được hỏi quá nhiều, có lẽ sẽ dễ hơn nếu mit chỉ cần dán nhãn lại bài giảng (ý tôi là một bài kiểm tra trên lớp thực sự không được tính là một bài giảng)",neutral,noi_chung
22477,Chết tiệt! Anh ta vẽ những đường thẳng chính xác như thước kẻ vậy...,positive,ky_nang_giang_day
22478,"Chỉ một lời cảm ơn thôi thì không đủ!! nhưng dù sao thì, Cảm ơn MIT rất nhiều!! và Giáo sư Strang, điều đó cho thấy rõ ràng cách giải thích các khái niệm rất đẹp, ông thực sự muốn sinh viên hiểu. Tôi tôn trọng điều đó! Cảm ơn rất nhiều một lần nữa :)",positive,ky_nang_giang_day
22479,Cảm ơn rất nhiều vì đã chia sẻ những khóa học tuyệt vời đó!!!!! :) Tôi đã học được rất nhiều từ phần mềm giáo trình mở của bạn!!,positive,chuong_trinh_hoc
22479,Cảm ơn rất nhiều vì đã chia sẻ những khóa học tuyệt vời đó!!!!! :) Tôi đã học được rất nhiều từ phần mềm giáo trình mở của bạn!!,positive,noi_chung
22480,Thật đáng buồn là không định nghĩa ký hiệu dọc --- x ---,negative,kien_thuc
22481,"""Bạn không thể khiến người chết sống lại""... Đúng là sự thật, đúng là sự thật, giáo sư Strang :))) Mặc dù có một số người trên thế giới này nghĩ rằng thực sự có thể khiến người chết sống lại, LoL :)))",neutral,ky_nang_giang_day
22482,Tôi đã hoàn thành khóa học. Cảm ơn giáo sư rất nhiều.,positive,ky_nang_giang_day
22483,"Tôi đã chờ đợi điều này kể từ ngày tôi sinh ra! Tôi sẽ đạt được Phật quả khi OCW phát hành loạt bài ""Phân tích chức năng"".",positive,noi_chung
22483,"Tôi đã chờ đợi điều này kể từ ngày tôi sinh ra! Tôi sẽ đạt được Phật quả khi OCW phát hành loạt bài ""Phân tích chức năng"".",positive,chuong_trinh_hoc
22483,"Tôi đã chờ đợi điều này kể từ ngày tôi sinh ra! Tôi sẽ đạt được Phật quả khi OCW phát hành loạt bài ""Phân tích chức năng"".",positive,chuong_trinh_hoc
22484,"Tôi đã tốt nghiệp ngành CNTT và Khoa học máy tính cách đây vài năm, và bây giờ khi tôi thấy các khóa học MCNTT trực tuyến, tôi thực sự ấn tượng với chất lượng của nó.",positive,chuong_trinh_hoc
22484,"Tôi đã tốt nghiệp ngành CNTT và Khoa học máy tính cách đây vài năm, và bây giờ khi tôi thấy các khóa học MCNTT trực tuyến, tôi thực sự ấn tượng với chất lượng của nó.",neutral,noi_chung
22484,"Tôi đã tốt nghiệp ngành CNTT và Khoa học máy tính cách đây vài năm, và bây giờ khi tôi thấy các khóa học MCNTT trực tuyến, tôi thực sự ấn tượng với chất lượng của nó.",neutral,noi_chung
22485,Thật tuyệt vời bài giảng! Đã học phương trình vi phân cơ bản tại trường đại học cách đây 40 năm. Khoảng hai tuần bài giảng để trình bày cùng một tài liệu. Đại số tuyến tính làm rõ quá trình này rất tốt. Thông tin được truyền đạt ở đây truyền tải nỗ lực tích lũy của quá trình học tập và tập trung cả đời của tôi.. như một sở thích.... nhưng một số sinh viên sẽ tiếp thu điều này trong vài phút... giải quyết các bài toán trong vài tuần và thuộc lòng..... Tuyệt vời!!!!,positive,chuong_trinh_hoc
22485,Thật tuyệt vời bài giảng! Đã học phương trình vi phân cơ bản tại trường đại học cách đây 40 năm. Khoảng hai tuần bài giảng để trình bày cùng một tài liệu. Đại số tuyến tính làm rõ quá trình này rất tốt. Thông tin được truyền đạt ở đây truyền tải nỗ lực tích lũy của quá trình học tập và tập trung cả đời của tôi.. như một sở thích.... nhưng một số sinh viên sẽ tiếp thu điều này trong vài phút... giải quyết các bài toán trong vài tuần và thuộc lòng..... Tuyệt vời!!!!,positive,kien_thuc
22486,Tốt hơn nhiều so với giáo viên của chúng ta.....,negative,ky_nang_giang_day
22487,thông tin của ngư dân được sử dụng như thế nào trong học máy hiện đại - đặc biệt là trong thực tế?,neutral,kien_thuc
22487,thông tin của ngư dân được sử dụng như thế nào trong học máy hiện đại - đặc biệt là trong thực tế?,neutral,kien_thuc
22488,Tôi thực sự thích Video Giải Ax = b: Hàng rút gọn dạng R. Từ bạn,positive,kien_thuc
22488,Tôi thực sự thích Video Giải Ax = b: Hàng rút gọn dạng R. Từ bạn,positive,thiet_bi_day_hoc
22489,"Trong thời đại Covid, tôi hy vọng điều này sẽ khiến những người trẻ nhận ra lý do tại sao người già lại quan trọng đến vậy. Vạn tuế Giáo sư Strang.",positive,chuong_trinh_hoc
22489,"Trong thời đại Covid, tôi hy vọng điều này sẽ khiến những người trẻ nhận ra lý do tại sao người già lại quan trọng đến vậy. Vạn tuế Giáo sư Strang.",positive,ky_nang_giang_day
22490,vẫn không hiểu nhưng tôi cảm thấy mình cần phải làm một số ví dụ và tôi sẽ làm được..tuyệt vời bài giảng bất kể thế nào,positive,chuong_trinh_hoc
22491,"bài giảng này thật là lộn xộn. Vào lúc @13:20, giáo sư định nghĩa cơ số bí ẩn e sao cho d/dx (e^x) = e^x. Vào lúc @21:34, giáo sư nói rằng e là cơ số của logarit. (e là số Euler) Làm sao ông ấy có thể so sánh e ở @13:20 với e ở @21:34? Ông ấy cho rằng chúng giống nhau chỉ vì ông ấy đã sử dụng cùng một chữ cái ở cả hai chỗ. Không có lời giải thích nào về lý do tại sao cơ số logarit 'e' lại giống với cơ số bí ẩn 'e' được định nghĩa trước đó.",negative,chuong_trinh_hoc
22492,Cảm ơn rất nhiều MIT vì những bài giảng miễn phí này.,positive,noi_chung
22492,Cảm ơn rất nhiều MIT vì những bài giảng miễn phí này.,positive,chuong_trinh_hoc
22493,Tôi ước gì mình đủ thông minh để hiểu anh chàng này đang nói cái quái gì.,neutral,ky_nang_giang_day
22494,Càng ngày càng thú vị hơn khi sử dụng phương trình vi phân phương trình!,positive,kien_thuc
22495,Tuyệt vời video. Giải thích tốt hơn nhiều so với của tôi chuyên gia.,positive,chuong_trinh_hoc
22495,Tuyệt vời video. Giải thích tốt hơn nhiều so với của tôi chuyên gia.,positive,ky_nang_giang_day
22496,video theo đề xuất của tôi. Và tôi không thể ngừng xem. Một trong những trường đại học mơ ước của tôi khi tôi còn học trung học.,positive,chuong_trinh_hoc
22497,"Nếu trong phép tính 1, họ đưa ra thuật ngữ argmin cho vị trí xảy ra giá trị nhỏ nhất thì sẽ ít gây nhầm lẫn hơn vì học sinh thường nhầm argmin với giá trị nhỏ nhất thực tế.",negative,kien_thuc
22497,"Nếu trong phép tính 1, họ đưa ra thuật ngữ argmin cho vị trí xảy ra giá trị nhỏ nhất thì sẽ ít gây nhầm lẫn hơn vì học sinh thường nhầm argmin với giá trị nhỏ nhất thực tế.",negative,ky_nang_giang_day
22497,"Nếu trong phép tính 1, họ đưa ra thuật ngữ argmin cho vị trí xảy ra giá trị nhỏ nhất thì sẽ ít gây nhầm lẫn hơn vì học sinh thường nhầm argmin với giá trị nhỏ nhất thực tế.",negative,ky_nang_giang_day
22497,"Nếu trong phép tính 1, họ đưa ra thuật ngữ argmin cho vị trí xảy ra giá trị nhỏ nhất thì sẽ ít gây nhầm lẫn hơn vì học sinh thường nhầm argmin với giá trị nhỏ nhất thực tế.",negative,kien_thuc
22497,"Nếu trong phép tính 1, họ đưa ra thuật ngữ argmin cho vị trí xảy ra giá trị nhỏ nhất thì sẽ ít gây nhầm lẫn hơn vì học sinh thường nhầm argmin với giá trị nhỏ nhất thực tế.",negative,kien_thuc
22498,"Tuyệt vời giáo sư, tuyệt vời bài giảng mặc dù có vẻ như không có sinh viên, phấn tuyệt vời và cử chỉ tuyệt vời ở phút 20:14! xD",positive,chuong_trinh_hoc
22498,"Tuyệt vời giáo sư, tuyệt vời bài giảng mặc dù có vẻ như không có sinh viên, phấn tuyệt vời và cử chỉ tuyệt vời ở phút 20:14! xD",positive,ky_nang_giang_day
22499,13:50 - đây là một loại bằng chứng kỹ thuật đảo ngược...,neutral,kien_thuc
22500,"""Luôn sẵn sàng trả lời câu hỏi."" Tôi đã xem tất cả những bài giảng này bài giảng và tôi không nghĩ là có ai từng hỏi một câu hỏi nào. Có vẻ kỳ lạ.",neutral,chuong_trinh_hoc
22501,"Thật dễ để phân biệt, tôi đã tính được e^(xarctan(x)[arctan(x)+(x/(1+x^2))]) trong khoảng 1 phút và điều này đúng vì tôi đã kiểm tra nó trên Wolfram Alpha và họ chỉ thực hiện điều này vào cuối đơn vị cấp độ bằng cấp này. Tôi nghĩ rằng Hoa Kỳ rất giỏi về giáo dục. Nhân tiện, tôi đang học lớp 12 ở Vương quốc Anh.",neutral,kien_thuc
22502,Tôi không thể tin là mình đang ở đâyLần đầu tiên tôi cảm thấy đam mê học tập trong suốt thời gian học đại họcTôi tin rằng những người từng lắng nghe khóa học của bạn sẽ vô cùng trân trọngCảm ơn bạn! Thực sự! Cảm ơn bạn rất nhiều!,positive,chuong_trinh_hoc
22502,Tôi không thể tin là mình đang ở đâyLần đầu tiên tôi cảm thấy đam mê học tập trong suốt thời gian học đại họcTôi tin rằng những người từng lắng nghe khóa học của bạn sẽ vô cùng trân trọngCảm ơn bạn! Thực sự! Cảm ơn bạn rất nhiều!,positive,ky_nang_giang_day
22503,Anh là phù thủy à? Tôi sẽ báo cho Bộ Pháp thuật biết!,positive,ky_nang_giang_day
22504,vậy mục tiêu hoặc mục đích của bài giảng này là đạt được Giảm thiểu _x_ theo Ax = b đánh giá của tôi có chính xác không?,neutral,chuong_trinh_hoc
22504,vậy mục tiêu hoặc mục đích của bài giảng này là đạt được Giảm thiểu _x_ theo Ax = b đánh giá của tôi có chính xác không?,neutral,kien_thuc
22505,Nỗi buồn là người đàn ông này đang già đi...,negative,ky_nang_giang_day
22506,"Trông giống như phương pháp Monte Carlo, phải không?",neutral,kien_thuc
22507,Anh ta chậm nhưng lại có sức mạnh to lớn cho đến tận cuối bài giảng bài giảng.,positive,ky_nang_giang_day
22507,Anh ta chậm nhưng lại có sức mạnh to lớn cho đến tận cuối bài giảng bài giảng.,positive,chuong_trinh_hoc
22508,Tôi có một câu hỏi về tích phân cuối cùng. Về phần cuối cùng đó. Chúng ta có thể thao tác câu trả lời theo quy tắc logarit tức là trừ ln2 khỏi câu trả lời vì nó là hằng số rồi viết một hằng số mới không?,neutral,kien_thuc
22509,Cảm ơn vì bài giảng. Nhưng thật ngạc nhiên khi thấy bạn vẫn sử dụng bảng đen và phấn ở Hoa Kỳ,positive,chuong_trinh_hoc
22509,Cảm ơn vì bài giảng. Nhưng thật ngạc nhiên khi thấy bạn vẫn sử dụng bảng đen và phấn ở Hoa Kỳ,neutral,thiet_bi_day_hoc
22510,"Cảm ơn chân thành nhất, Giáo sư Strang!",positive,ky_nang_giang_day
22511,"Tôi đã học hồi quy tuyến tính trong một bài giảng về thống kê, nhưng tôi nghĩ cách thực hiện đại số tuyến tính hay hơn và gọn gàng hơn.",positive,kien_thuc
22512,"Tôi cũng thích Taylor mở rộng, nhưng nó thực sự có một dẫn xuất khủng khiếp. Nếu tôi thực sự muốn có nó, tôi sẽ phải xóa tài khoản Facebook, tài khoản YouTube, bán máy tính xách tay và mọi thứ khác tôi có ngoại trừ các công cụ học tập và nhốt mình trong một tháng lương thực và bơ và cô lập bản thân khỏi mọi người trong một tháng nghỉ ngơi nếu tôi muốn nắm vững sự hiểu biết này. Có vẻ không thực tế đối với nhiều người trong chúng ta, nhưng, tôi không biết, tôi có thể thử. Nếu không, việc nắm vững sẽ mất rất nhiều thời gian.",positive,kien_thuc
22512,"Tôi cũng thích Taylor mở rộng, nhưng nó thực sự có một dẫn xuất khủng khiếp. Nếu tôi thực sự muốn có nó, tôi sẽ phải xóa tài khoản Facebook, tài khoản YouTube, bán máy tính xách tay và mọi thứ khác tôi có ngoại trừ các công cụ học tập và nhốt mình trong một tháng lương thực và bơ và cô lập bản thân khỏi mọi người trong một tháng nghỉ ngơi nếu tôi muốn nắm vững sự hiểu biết này. Có vẻ không thực tế đối với nhiều người trong chúng ta, nhưng, tôi không biết, tôi có thể thử. Nếu không, việc nắm vững sẽ mất rất nhiều thời gian.",negative,kien_thuc
22513,Cảm ơn rất nhiều vì những bài toán hay nhất lớp học,positive,chuong_trinh_hoc
22514,đó phải là điều tuyệt vời nhất phấn từ trước đến nay,positive,thiet_bi_day_hoc
22515,"Ở Ấn Độ, đây là câu hỏi bắt buộc trong kỳ thi tốt nghiệp và tôi giáo viên chỉ nêu các điều kiện dưới dạng công thức rồi bắt chúng tôi thực hành rất nhiều bài toán dạng này. Vậy thôi!",negative,ky_nang_giang_day
22516,"Trước tiên, bạn cần phải giải được sách giáo khoa giải tích! ..... và nếu bạn thành thạo vectơ, bạn sẽ có quyền phá vỡ Red Bull!",positive,thiet_bi_day_hoc
22517,tại sao phép chuyển vị Q lần Q lại không bằng phép đồng nhất nếu ma trận không phải là phép bình phương?,neutral,kien_thuc
22517,tại sao phép chuyển vị Q lần Q lại không bằng phép đồng nhất nếu ma trận không phải là phép bình phương?,neutral,kien_thuc
22517,tại sao phép chuyển vị Q lần Q lại không bằng phép đồng nhất nếu ma trận không phải là phép bình phương?,neutral,kien_thuc
22517,tại sao phép chuyển vị Q lần Q lại không bằng phép đồng nhất nếu ma trận không phải là phép bình phương?,neutral,kien_thuc
22517,tại sao phép chuyển vị Q lần Q lại không bằng phép đồng nhất nếu ma trận không phải là phép bình phương?,neutral,kien_thuc
22518,"Xin lỗi, có phải ý bạn là cơ sở của không gian đầu vào và không gian đầu ra giống nhau không {v1, v2, ..., v8} lúc 45:25? Vậy nếu đúng thì khi nào thì cơ sở thay đổi? Tôi thấy bối rối ở đây, vui lòng giúp tôi, cảm ơn rất nhiều!",neutral,kien_thuc
22518,"Xin lỗi, có phải ý bạn là cơ sở của không gian đầu vào và không gian đầu ra giống nhau không {v1, v2, ..., v8} lúc 45:25? Vậy nếu đúng thì khi nào thì cơ sở thay đổi? Tôi thấy bối rối ở đây, vui lòng giúp tôi, cảm ơn rất nhiều!",neutral,kien_thuc
22518,"Xin lỗi, có phải ý bạn là cơ sở của không gian đầu vào và không gian đầu ra giống nhau không {v1, v2, ..., v8} lúc 45:25? Vậy nếu đúng thì khi nào thì cơ sở thay đổi? Tôi thấy bối rối ở đây, vui lòng giúp tôi, cảm ơn rất nhiều!",neutral,kien_thuc
22518,"Xin lỗi, có phải ý bạn là cơ sở của không gian đầu vào và không gian đầu ra giống nhau không {v1, v2, ..., v8} lúc 45:25? Vậy nếu đúng thì khi nào thì cơ sở thay đổi? Tôi thấy bối rối ở đây, vui lòng giúp tôi, cảm ơn rất nhiều!",neutral,kien_thuc
22519,Giáo sư Strang là một ví dụ cho thấy tuổi tác không phải là rào cản cho việc học,positive,ky_nang_giang_day
22520,Gilbert Strang quá phức tạp. Chỉ cần vẽ đồ thị các đường thẳng theo phương pháp độ dốc và phương pháp chặn y và xem chúng giao nhau ở đâu nếu có.,negative,ky_nang_giang_day
22521,"Cảm ơn MIT. Hãy cân nhắc tải lên thêm loạt bài giảng về toán học trừu tượng (ví dụ: phân tích thực, phân tích phức, đại số trừu tượng, hình học vi phân, tôpô, ...) Điều này sẽ giúp ích rất nhiều cho chúng tôi!",neutral,thiet_bi_day_hoc
22522,MIT là MIT vì một lý do. Cảm ơn bạn đã cung cấp nguồn mở những video tuyệt vời như vậy .,positive,noi_chung
22522,MIT là MIT vì một lý do. Cảm ơn bạn đã cung cấp nguồn mở những video tuyệt vời như vậy .,positive,chuong_trinh_hoc
22523,ôi trời tôi không thể tin được mọi người lại thích điều này tất nhiên... anh ấy rất ngẫu nhiên và thiếu tổ chức và hầu như nói ra suy nghĩ của mình. thật khó để theo dõi logic... một số khái niệm quan trọng đã được đề cập quá nhanh và những cuộc nói chuyện không quan trọng thì quá nhiều...,negative,chuong_trinh_hoc
22523,ôi trời tôi không thể tin được mọi người lại thích điều này tất nhiên... anh ấy rất ngẫu nhiên và thiếu tổ chức và hầu như nói ra suy nghĩ của mình. thật khó để theo dõi logic... một số khái niệm quan trọng đã được đề cập quá nhanh và những cuộc nói chuyện không quan trọng thì quá nhiều...,negative,ky_nang_giang_day
22524,"Cảm ơn MIT, và các bạn CÓ THỂ ĐĂNG TÊN những giáo sư tuyệt vời này để chúng ta có thể cảm ơn họ bằng tên không?? Tôi học ở một trường cao đẳng cộng đồng nhỏ và các giảng viên của chúng tôi rất tuyệt vời.... nhưng.. không được như thế này :) Những video này khiến tôi cảm thấy thông minh trở lại khi tôi bắt đầu tự hỏi ""não mình bị sao vậy??""",positive,ky_nang_giang_day
22525,"Đẹp bài giảng, bài này, và toàn bộ loạt bài.",positive,chuong_trinh_hoc
22525,"Đẹp bài giảng, bài này, và toàn bộ loạt bài.",positive,thiet_bi_day_hoc
22526,Vậy nên... Tôi thậm chí còn không biết ma trận là gì cho đến tận 80 phút trước... Anh chàng này thật tuyệt!,positive,ky_nang_giang_day
22527,Tại 1:11:30 tại sao anh ta lại sử dụng mẫu có thiên vị phương sai chứ không phải mẫu không thiên vị? Về mặt khái niệm thì điều đó không quan trọng?,neutral,kien_thuc
22527,Tại 1:11:30 tại sao anh ta lại sử dụng mẫu có thiên vị phương sai chứ không phải mẫu không thiên vị? Về mặt khái niệm thì điều đó không quan trọng?,neutral,kien_thuc
22528,Tôi phải dừng lại để tìm hiểu cách anh ấy lấy các vectơ riêng ở cuối. Việc thay Phi vào thì hiệu quả nhưng phải đến khi tôi xem lại thì tôi mới nhận ra anh ấy đang chỉ vào mối quan hệ lambda^2-lambda-1=0 để hiển thị vectơ.,neutral,kien_thuc
22529,"Những thứ này bài giảng nên được lưu trữ đúng cách để bất cứ khi nào người ngoài hành tinh đến, họ có thể học đại số tuyến tính theo cách đúng đắn.",positive,kien_thuc
22529,"Những thứ này bài giảng nên được lưu trữ đúng cách để bất cứ khi nào người ngoài hành tinh đến, họ có thể học đại số tuyến tính theo cách đúng đắn.",positive,chuong_trinh_hoc
22530,Vậy thì các vectơ riêng của ma trận tròn là các nghiệm của đơn vị -> ma trận Fourier. Tôi đã sử dụng Biến đổi Fourier và DCT trong xử lý hình ảnh và thấy chúng thật tuyệt vời nhưng bí ẩn: chúng đến từ đâu? Giờ thì tôi đã biết. Tôi cũng chưa bao giờ nhận ra rằng tích chập về cơ bản là phép nhân đa thức... và tích chập tròn chỉ đơn giản là áp dụng một môđun cho các lũy thừa! Mở rộng trí óc; cảm ơn Giáo sư Strang!,positive,ky_nang_giang_day
22530,Vậy thì các vectơ riêng của ma trận tròn là các nghiệm của đơn vị -> ma trận Fourier. Tôi đã sử dụng Biến đổi Fourier và DCT trong xử lý hình ảnh và thấy chúng thật tuyệt vời nhưng bí ẩn: chúng đến từ đâu? Giờ thì tôi đã biết. Tôi cũng chưa bao giờ nhận ra rằng tích chập về cơ bản là phép nhân đa thức... và tích chập tròn chỉ đơn giản là áp dụng một môđun cho các lũy thừa! Mở rộng trí óc; cảm ơn Giáo sư Strang!,positive,kien_thuc
22530,Vậy thì các vectơ riêng của ma trận tròn là các nghiệm của đơn vị -> ma trận Fourier. Tôi đã sử dụng Biến đổi Fourier và DCT trong xử lý hình ảnh và thấy chúng thật tuyệt vời nhưng bí ẩn: chúng đến từ đâu? Giờ thì tôi đã biết. Tôi cũng chưa bao giờ nhận ra rằng tích chập về cơ bản là phép nhân đa thức... và tích chập tròn chỉ đơn giản là áp dụng một môđun cho các lũy thừa! Mở rộng trí óc; cảm ơn Giáo sư Strang!,positive,kien_thuc
22530,Vậy thì các vectơ riêng của ma trận tròn là các nghiệm của đơn vị -> ma trận Fourier. Tôi đã sử dụng Biến đổi Fourier và DCT trong xử lý hình ảnh và thấy chúng thật tuyệt vời nhưng bí ẩn: chúng đến từ đâu? Giờ thì tôi đã biết. Tôi cũng chưa bao giờ nhận ra rằng tích chập về cơ bản là phép nhân đa thức... và tích chập tròn chỉ đơn giản là áp dụng một môđun cho các lũy thừa! Mở rộng trí óc; cảm ơn Giáo sư Strang!,positive,kien_thuc
22530,Vậy thì các vectơ riêng của ma trận tròn là các nghiệm của đơn vị -> ma trận Fourier. Tôi đã sử dụng Biến đổi Fourier và DCT trong xử lý hình ảnh và thấy chúng thật tuyệt vời nhưng bí ẩn: chúng đến từ đâu? Giờ thì tôi đã biết. Tôi cũng chưa bao giờ nhận ra rằng tích chập về cơ bản là phép nhân đa thức... và tích chập tròn chỉ đơn giản là áp dụng một môđun cho các lũy thừa! Mở rộng trí óc; cảm ơn Giáo sư Strang!,positive,kien_thuc
22530,Vậy thì các vectơ riêng của ma trận tròn là các nghiệm của đơn vị -> ma trận Fourier. Tôi đã sử dụng Biến đổi Fourier và DCT trong xử lý hình ảnh và thấy chúng thật tuyệt vời nhưng bí ẩn: chúng đến từ đâu? Giờ thì tôi đã biết. Tôi cũng chưa bao giờ nhận ra rằng tích chập về cơ bản là phép nhân đa thức... và tích chập tròn chỉ đơn giản là áp dụng một môđun cho các lũy thừa! Mở rộng trí óc; cảm ơn Giáo sư Strang!,positive,kien_thuc
22531,cảm giác thật tuyệt khi được tham gia vào tầng trệt của điểm kỳ dị,positive,kien_thuc
22532,"Cảm ơn, Giáo sư Strang. Bạn đã làm cho thế giới trở thành một nơi tốt đẹp hơn",positive,ky_nang_giang_day
22533,"(1/3*n^3), thật kỳ diệu! hừm! Nhưng này, nó có lý, đó là tổng của tất cả (n-x)^2, và vì ông ấy cho rằng đối với tất cả các điểm xoay thì đó là một biến liên tục, sau đó tổng rời rạc của các biến liên tục chuyển thành tích phân và bạn có nó, 1/3n^3.",positive,kien_thuc
22533,"(1/3*n^3), thật kỳ diệu! hừm! Nhưng này, nó có lý, đó là tổng của tất cả (n-x)^2, và vì ông ấy cho rằng đối với tất cả các điểm xoay thì đó là một biến liên tục, sau đó tổng rời rạc của các biến liên tục chuyển thành tích phân và bạn có nó, 1/3n^3.",positive,ky_nang_giang_day
22534,Tuyệt vời phỏng vấn! Cảm ơn tất cả các bạn bài giảng,positive,ky_nang_giang_day
22534,Tuyệt vời phỏng vấn! Cảm ơn tất cả các bạn bài giảng,positive,chuong_trinh_hoc
22535,"Cảm ơn Chúa vì giờ đây tôi đã thấy những điều này bài giảng. Thật đáng tiếc là đã muộn, nhưng dù sao thì điều đó cũng đã xảy ra. Chúa ban phước cho bạn Giáo sư Strang",positive,chuong_trinh_hoc
22535,"Cảm ơn Chúa vì giờ đây tôi đã thấy những điều này bài giảng. Thật đáng tiếc là đã muộn, nhưng dù sao thì điều đó cũng đã xảy ra. Chúa ban phước cho bạn Giáo sư Strang",positive,ky_nang_giang_day
22536,"Tuyệt vời bài giảng, Cảm ơn giáo sư Strang.",positive,thiet_bi_day_hoc
22536,"Tuyệt vời bài giảng, Cảm ơn giáo sư Strang.",positive,ky_nang_giang_day
22537,"Nếu hàng của ma trận phụ thuộc, thì điều đó có nghĩa là cột cũng phải phụ thuộc không?",neutral,kien_thuc
22537,"Nếu hàng của ma trận phụ thuộc, thì điều đó có nghĩa là cột cũng phải phụ thuộc không?",neutral,kien_thuc
22538,"xin chúc mừng, lớp học thật tuyệt vời lớp giải tích, tôi rất ngưỡng mộ bạn; và một ngày nào đó tôi muốn đến thăm MIT. Hẹn gặp lại bạn sớm Thầy Jose Luis Benavides CepedaColombia",positive,chuong_trinh_hoc
22538,"xin chúc mừng, lớp học thật tuyệt vời lớp giải tích, tôi rất ngưỡng mộ bạn; và một ngày nào đó tôi muốn đến thăm MIT. Hẹn gặp lại bạn sớm Thầy Jose Luis Benavides CepedaColombia",neutral,noi_chung
22538,"xin chúc mừng, lớp học thật tuyệt vời lớp giải tích, tôi rất ngưỡng mộ bạn; và một ngày nào đó tôi muốn đến thăm MIT. Hẹn gặp lại bạn sớm Thầy Jose Luis Benavides CepedaColombia",positive,ky_nang_giang_day
22539,"Anh ấy thực sự có ý gì khi nói ""nó nghịch đảo sẽ rất lớn"" .. anh ấy nói 2 lần .. khi nói về các cột trong tình trạng xấu và ma trận gần như kỳ dị .. hãy giúp tôi. Và cũng hãy cho biết ""lớn"" nghịch đảo có thể gây ra những vấn đề gì?",neutral,kien_thuc
22540,Lý do chính đáng cho việc giảm thiểu bình phương khoảng cách thay vì chính khoảng cách đó là gì?,negative,kien_thuc
22541,thứ tự đóng gói chặt chẽ với mật độ là hàm của hạt trong không gian 3 chiều là thế mạnh của tôi. ví dụ hay,positive,kien_thuc
22542,"Thật tuyệt vời khi anh ấy giải thích các chủ đề một cách rõ ràng, cảm ơn rất nhiều đến giáo sư. Tôi tự hỏi những khóa học nào khác mà anh ấy dạy tại MIT có sẵn trong OCW? Tôi cũng nghĩ rằng Giáo sư là tác giả của sách thống kê cho khóa học này, chắc hẳn cũng rất tuyệt nên cần phải tìm hiểu để có được nó!",positive,ky_nang_giang_day
22542,"Thật tuyệt vời khi anh ấy giải thích các chủ đề một cách rõ ràng, cảm ơn rất nhiều đến giáo sư. Tôi tự hỏi những khóa học nào khác mà anh ấy dạy tại MIT có sẵn trong OCW? Tôi cũng nghĩ rằng Giáo sư là tác giả của sách thống kê cho khóa học này, chắc hẳn cũng rất tuyệt nên cần phải tìm hiểu để có được nó!",positive,noi_chung
22542,"Thật tuyệt vời khi anh ấy giải thích các chủ đề một cách rõ ràng, cảm ơn rất nhiều đến giáo sư. Tôi tự hỏi những khóa học nào khác mà anh ấy dạy tại MIT có sẵn trong OCW? Tôi cũng nghĩ rằng Giáo sư là tác giả của sách thống kê cho khóa học này, chắc hẳn cũng rất tuyệt nên cần phải tìm hiểu để có được nó!",positive,thiet_bi_day_hoc
22542,"Thật tuyệt vời khi anh ấy giải thích các chủ đề một cách rõ ràng, cảm ơn rất nhiều đến giáo sư. Tôi tự hỏi những khóa học nào khác mà anh ấy dạy tại MIT có sẵn trong OCW? Tôi cũng nghĩ rằng Giáo sư là tác giả của sách thống kê cho khóa học này, chắc hẳn cũng rất tuyệt nên cần phải tìm hiểu để có được nó!",positive,chuong_trinh_hoc
22543,Tôi có cần biết không phép tính cho phần này ;(. Tôi sẽ học phần đó sau và xem lại lần nữa.,negative,kien_thuc
22543,Tôi có cần biết không phép tính cho phần này ;(. Tôi sẽ học phần đó sau và xem lại lần nữa.,neutral,noi_chung
22544,"Cảm ơn giáo sư vì bài học này! Ở đất nước của chúng tôi không có cách nào để hiểu theo cách dễ dàng như vậy. Cảm ơn bạn một lần nữa, hãy tiếp tục tải lên",positive,ky_nang_giang_day
22544,"Cảm ơn giáo sư vì bài học này! Ở đất nước của chúng tôi không có cách nào để hiểu theo cách dễ dàng như vậy. Cảm ơn bạn một lần nữa, hãy tiếp tục tải lên",negative,noi_chung
22544,"Cảm ơn giáo sư vì bài học này! Ở đất nước của chúng tôi không có cách nào để hiểu theo cách dễ dàng như vậy. Cảm ơn bạn một lần nữa, hãy tiếp tục tải lên",positive,chuong_trinh_hoc
22545,"Tôi không thể tiếp tục khóa học nữa, 30 phút cuối của bài giảng này có vẻ quá sức đối với tôi. *sau khi cố gắng hiểu 15 phút đầu trong 30 phút cuối của anh ấy trong một giờ và tôi vẫn còn bối rối. Cảm ơn công sức của anh Giáo sư Strang. Thật tuyệt khi được học hỏi từ anh. Đã đánh dấu bài giảng này, tôi sẽ quay lại vào một ngày nào đó",neutral,thiet_bi_day_hoc
22545,"Tôi không thể tiếp tục khóa học nữa, 30 phút cuối của bài giảng này có vẻ quá sức đối với tôi. *sau khi cố gắng hiểu 15 phút đầu trong 30 phút cuối của anh ấy trong một giờ và tôi vẫn còn bối rối. Cảm ơn công sức của anh Giáo sư Strang. Thật tuyệt khi được học hỏi từ anh. Đã đánh dấu bài giảng này, tôi sẽ quay lại vào một ngày nào đó",positive,ky_nang_giang_day
22546,Có sự khác biệt về khái niệm giữa Bài 1 và Bài 2. Có ai khác cảm thấy sự khác biệt không,neutral,chuong_trinh_hoc
22546,Có sự khác biệt về khái niệm giữa Bài 1 và Bài 2. Có ai khác cảm thấy sự khác biệt không,neutral,chuong_trinh_hoc
22547,Tại sao chúng ta không thể giải 4 phương trình với 3 ẩn số một lần nữa? Khi mà mọi người vẫn đang xem chương trình này trong 2k18,neutral,kien_thuc
22548,Có ai biết trong bài giảng nào bài giảng ông ấy đã nói về ma trận Jacobian hay Hessian không?,neutral,chuong_trinh_hoc
22549,Giáo sư G. S. thật tuyệt vời,positive,ky_nang_giang_day
22550,"Đây là thời điểm tôi phải nói lời cảm ơn! Theo tôi, bài giảng này kết nối mọi thứ đã xảy ra cho đến nay một cách tuyệt đẹp và xây dựng nền tảng để giải quyết hầu hết các vấn đề kỹ thuật tiên tiến.",positive,chuong_trinh_hoc
22550,"Đây là thời điểm tôi phải nói lời cảm ơn! Theo tôi, bài giảng này kết nối mọi thứ đã xảy ra cho đến nay một cách tuyệt đẹp và xây dựng nền tảng để giải quyết hầu hết các vấn đề kỹ thuật tiên tiến.",positive,ky_nang_giang_day
22551,Ông ấy có bao giờ định nghĩa giới hạn là gì không? Ở đâu?,negative,ky_nang_giang_day
22552,DR. Strang cảm ơn bạn vì một bài giảng tuyệt vời khác về Phép nhân và phân tích ma trận trong đại số tuyến tính. Tôi thực sự thích phần này của đại số tuyến tính.,positive,ky_nang_giang_day
22552,DR. Strang cảm ơn bạn vì một bài giảng tuyệt vời khác về Phép nhân và phân tích ma trận trong đại số tuyến tính. Tôi thực sự thích phần này của đại số tuyến tính.,positive,chuong_trinh_hoc
22552,DR. Strang cảm ơn bạn vì một bài giảng tuyệt vời khác về Phép nhân và phân tích ma trận trong đại số tuyến tính. Tôi thực sự thích phần này của đại số tuyến tính.,positive,kien_thuc
22553,lớp học này diễn ra rất nhanh cho đến bài giảng này khi nó bắt đầu chậm lại,neutral,chuong_trinh_hoc
22554,"Cảm ơn rất nhiều giáo sư, tôi yêu bạn",positive,ky_nang_giang_day
22555,"whooooo!!, vừa bị lạc trong tự nhiên. Tôi phải xem lại lần nữa.",neutral,chuong_trinh_hoc
22556,"Thực ra, nó quá dễ!",neutral,kien_thuc
22557,"Đưa tôi trở lại thời sinh viên để trải nghiệm sự xuất sắc của nghệ thuật Toán học! Cách giảng dạy được cho là như vậy. Sự khác biệt bây giờ là ""mặt thú vị"" của Giáo sư Strang về sự tận tụy rõ ràng của môn học. Trình bày một cách xuất sắc bài giảng về những khía cạnh thường khó hiểu, với một hệ thống ""sáng tạo và đổi mới"" tích hợp cho sinh viên. Chắc chắn là đáng chú ý.",positive,chuong_trinh_hoc
22557,"Đưa tôi trở lại thời sinh viên để trải nghiệm sự xuất sắc của nghệ thuật Toán học! Cách giảng dạy được cho là như vậy. Sự khác biệt bây giờ là ""mặt thú vị"" của Giáo sư Strang về sự tận tụy rõ ràng của môn học. Trình bày một cách xuất sắc bài giảng về những khía cạnh thường khó hiểu, với một hệ thống ""sáng tạo và đổi mới"" tích hợp cho sinh viên. Chắc chắn là đáng chú ý.",positive,ky_nang_giang_day
22557,"Đưa tôi trở lại thời sinh viên để trải nghiệm sự xuất sắc của nghệ thuật Toán học! Cách giảng dạy được cho là như vậy. Sự khác biệt bây giờ là ""mặt thú vị"" của Giáo sư Strang về sự tận tụy rõ ràng của môn học. Trình bày một cách xuất sắc bài giảng về những khía cạnh thường khó hiểu, với một hệ thống ""sáng tạo và đổi mới"" tích hợp cho sinh viên. Chắc chắn là đáng chú ý.",positive,chuong_trinh_hoc
22558,Tôi đã học được điều này khi tôi 16-17 tuổi đi học...thật đáng thất vọng.,negative,chuong_trinh_hoc
22559,"Tuyệt vời, xuất sắc bài giảng cảm ơn bạn.",positive,chuong_trinh_hoc
22559,"Tuyệt vời, xuất sắc bài giảng cảm ơn bạn.",positive,noi_chung
22560,"""Có lẽ tôi muốn bạn tự tìm hiểu"" Anh ấy thật buồn cười",positive,ky_nang_giang_day
22561,"@[USERNAME]Cả hai, nhưng Anh ấy chỉ đang Đánh giá cho Thành phần dành cho Đặc biệt.",negative,ky_nang_giang_day
22562,cảm ơn Gilbert. Tôi đang xem bài giảng và học được rất nhiều.,positive,ky_nang_giang_day
22562,cảm ơn Gilbert. Tôi đang xem bài giảng và học được rất nhiều.,positive,chuong_trinh_hoc
22563,"Hiện tại đã có 549.213 người tham dự buổi thuyết trình của ông, Ông Strang",positive,ky_nang_giang_day
22564,Đây có phải là phần cuối cùng bài giảng của loạt bài không? (Không phải là tôi sẽ nhận được phản hồi đâu lol),neutral,chuong_trinh_hoc
22565,Chúng ta sống lâu như vậy mà lại bỏ qua bằng chứng 39:40!!!!!!!,neutral,kien_thuc
22566,"Tôi đã có những trải nghiệm khủng khiếp với việc học toán ở trường tiểu học và kể từ đó, tôi đã có khuynh hướng tiêu cực với nó. danh sách phát này đang đảo ngược khuynh hướng đó.",positive,chuong_trinh_hoc
22566,"Tôi đã có những trải nghiệm khủng khiếp với việc học toán ở trường tiểu học và kể từ đó, tôi đã có khuynh hướng tiêu cực với nó. danh sách phát này đang đảo ngược khuynh hướng đó.",neutral,chuong_trinh_hoc
22567,làm thế nào tôi có thể tìm hạng của ma trận?,neutral,kien_thuc
22568,"Có phải chỉ mình tôi nghe thấy tiếng ""poof"" mỗi khi anh ấy nói bằng chứng không?",negative,ky_nang_giang_day
22569,"Bài đọc này là vào năm 2007! Còn năm 2022, tôi đọc được ở mặt sau áo phông của cậu bé học sinh dòng chữ ""CORONA"" (24:31) hahah Cậu bé đúng là một nhà tiên tri.... đi trước thời đại!",positive,ky_nang_giang_day
22570,cảm ơn series :) vì loạt bài tuyệt vời này!!,positive,chuong_trinh_hoc
22570,cảm ơn series :) vì loạt bài tuyệt vời này!!,positive,noi_chung
22571,TÔI MUỐN CẢM ƠN ANH ẤY VÌ NHỮNG TÍNH TOÁN CỦA ANH ẤY TRÊN WEB.,positive,ky_nang_giang_day
22572,"Tôi ước gì anh ấy đang làm bài ôn tập môn Toán môn Vật lý cho tôi, điểm giáo sư của tôi rất kém và tôi phải vượt qua",positive,ky_nang_giang_day
22572,"Tôi ước gì anh ấy đang làm bài ôn tập môn Toán môn Vật lý cho tôi, điểm giáo sư của tôi rất kém và tôi phải vượt qua",negative,ky_nang_giang_day
22573,Nếu số cột trục không bằng số cột trống thì sao - bạn có thể xây dựng ma trận N trong trường hợp này như thế nào?,neutral,kien_thuc
22573,Nếu số cột trục không bằng số cột trống thì sao - bạn có thể xây dựng ma trận N trong trường hợp này như thế nào?,neutral,kien_thuc
22573,Nếu số cột trục không bằng số cột trống thì sao - bạn có thể xây dựng ma trận N trong trường hợp này như thế nào?,neutral,kien_thuc
22574,Tôi thích điều này bài giảng. Tôi làm mới kiến thức toán học của mình với chúng. Cảm ơn bạn!,positive,chuong_trinh_hoc
22575,cái đó -2 lúc 9:00 giết chết tôi :(,negative,kien_thuc
22576,giảng viên trông giống như phiên bản cũ của Nicholas Brody,neutral,chuong_trinh_hoc
22576,giảng viên trông giống như phiên bản cũ của Nicholas Brody,neutral,noi_chung
22577,ai đó có thể cho tôi biết ở phút 33:33 làm sao chúng ta có được [1000] cho giải pháp cụ thể không? tôi rất bối rối. Cảm ơn bạn rất nhiều!,neutral,kien_thuc
22578,"cơ sở vật chất mà họ cung cấp và giáo sư mà họ thuê đều là những cơ sở tốt nhất trên thế giới. Những thứ đó không hề rẻ. Họ cần tiền quyên góp để cung cấp giáo dục miễn phí. Điều này, giáo dục miễn phí, khiến họ tốn tiền để sản xuất và lưu trữ. Đừng quên rằng MIT đã đi ngược lại ý muốn của các trường đại học hàng đầu khác khi là trường đầu tiên cung cấp giáo dục miễn phí này). Họ đã thực sự ép buộc các trường đại học hàng đầu khác làm như vậy. Họ đang làm vì lợi ích của xã hội.",positive,thiet_bi_day_hoc
22578,"cơ sở vật chất mà họ cung cấp và giáo sư mà họ thuê đều là những cơ sở tốt nhất trên thế giới. Những thứ đó không hề rẻ. Họ cần tiền quyên góp để cung cấp giáo dục miễn phí. Điều này, giáo dục miễn phí, khiến họ tốn tiền để sản xuất và lưu trữ. Đừng quên rằng MIT đã đi ngược lại ý muốn của các trường đại học hàng đầu khác khi là trường đầu tiên cung cấp giáo dục miễn phí này). Họ đã thực sự ép buộc các trường đại học hàng đầu khác làm như vậy. Họ đang làm vì lợi ích của xã hội.",positive,ky_nang_giang_day
22578,"cơ sở vật chất mà họ cung cấp và giáo sư mà họ thuê đều là những cơ sở tốt nhất trên thế giới. Những thứ đó không hề rẻ. Họ cần tiền quyên góp để cung cấp giáo dục miễn phí. Điều này, giáo dục miễn phí, khiến họ tốn tiền để sản xuất và lưu trữ. Đừng quên rằng MIT đã đi ngược lại ý muốn của các trường đại học hàng đầu khác khi là trường đầu tiên cung cấp giáo dục miễn phí này). Họ đã thực sự ép buộc các trường đại học hàng đầu khác làm như vậy. Họ đang làm vì lợi ích của xã hội.",positive,chuong_trinh_hoc
22578,"cơ sở vật chất mà họ cung cấp và giáo sư mà họ thuê đều là những cơ sở tốt nhất trên thế giới. Những thứ đó không hề rẻ. Họ cần tiền quyên góp để cung cấp giáo dục miễn phí. Điều này, giáo dục miễn phí, khiến họ tốn tiền để sản xuất và lưu trữ. Đừng quên rằng MIT đã đi ngược lại ý muốn của các trường đại học hàng đầu khác khi là trường đầu tiên cung cấp giáo dục miễn phí này). Họ đã thực sự ép buộc các trường đại học hàng đầu khác làm như vậy. Họ đang làm vì lợi ích của xã hội.",positive,chuong_trinh_hoc
22579,Thật là toàn diện bài giảng mà tôi từng thấy!!!,positive,chuong_trinh_hoc
22580,Một số học sinh câu hỏi khá chậm phát triển... còn giảng viên thì tuyệt vời!,negative,noi_chung
22580,Một số học sinh câu hỏi khá chậm phát triển... còn giảng viên thì tuyệt vời!,positive,ky_nang_giang_day
22581,Đây là cái quái gì thế khóa học giải tích đa biến? Có 3 bài giảng đầy đủ về vectơ và 1 bài về ma trận cho đến giờ...,neutral,chuong_trinh_hoc
22582,"Đây là giải thích công thức chiếu tốt nhất mà tôi từng thấy. Giáo sư Strang không chỉ cung cấp cơ sở toán học của công thức bằng cách suy ra nó mà còn cung cấp trực giác và động lực rõ ràng. Ông cũng dành thời gian để xem xét trường hợp đơn giản hơn là chiếu lên một đường thẳng trước, cho phép xây dựng dần dần sự hiểu biết về nội dung. Thật là một bài giảng tuyệt vời!",positive,ky_nang_giang_day
22582,"Đây là giải thích công thức chiếu tốt nhất mà tôi từng thấy. Giáo sư Strang không chỉ cung cấp cơ sở toán học của công thức bằng cách suy ra nó mà còn cung cấp trực giác và động lực rõ ràng. Ông cũng dành thời gian để xem xét trường hợp đơn giản hơn là chiếu lên một đường thẳng trước, cho phép xây dựng dần dần sự hiểu biết về nội dung. Thật là một bài giảng tuyệt vời!",positive,kien_thuc
22583,"Tuyệt vời lớp học và tuyệt vời giảng viên, tôi nghĩ rằng các bạn không thấy được cơ sở của đại số tuyến tính, đó là lý do tại sao giáo sư Auroux đã giới thiệu cho họ về hình học giải tích và đại số cơ bản, có những bài tập ở Mexico là cơ bản tại Facultad de Ingenieria UNAM: đại số (số thực, số phức, đa thức, hệ phương trình và ma trận), hình học giải tích (đường cong cực, đường cong tại không gian, đại số vectơ, bề mặt), đại số tuyến tính (không gian vectơ, phép biến đổi, thay đổi cơ số, phụ thuộc hàm; tổ hợp tuyến tính và định lý) rõ ràng là phép tính vi phân và tích phân và cuối cùng trong toán cơ bản là phép tính vectơ (phép tính nhiều biến) có liên quan đến điều này, nhưng giáo sư Auroux đã tóm tắt lại cơ sở trong 2 giờ, thật tuyệt vời",positive,de_xuat
22583,"Tuyệt vời lớp học và tuyệt vời giảng viên, tôi nghĩ rằng các bạn không thấy được cơ sở của đại số tuyến tính, đó là lý do tại sao giáo sư Auroux đã giới thiệu cho họ về hình học giải tích và đại số cơ bản, có những bài tập ở Mexico là cơ bản tại Facultad de Ingenieria UNAM: đại số (số thực, số phức, đa thức, hệ phương trình và ma trận), hình học giải tích (đường cong cực, đường cong tại không gian, đại số vectơ, bề mặt), đại số tuyến tính (không gian vectơ, phép biến đổi, thay đổi cơ số, phụ thuộc hàm; tổ hợp tuyến tính và định lý) rõ ràng là phép tính vi phân và tích phân và cuối cùng trong toán cơ bản là phép tính vectơ (phép tính nhiều biến) có liên quan đến điều này, nhưng giáo sư Auroux đã tóm tắt lại cơ sở trong 2 giờ, thật tuyệt vời",positive,ky_nang_giang_day
22584,"Giáo sư Auroux, Cảm ơn vì những bài giảng tuyệt vời này (2:",positive,ky_nang_giang_day
22584,"Giáo sư Auroux, Cảm ơn vì những bài giảng tuyệt vời này (2:",positive,chuong_trinh_hoc
22585,"Cuối cùng anh ấy nói rằng giới hạn bằng ""1"" vậy tại sao nó lại tương đương với e^1!? không phải nó phải là e^0 sao?",neutral,ky_nang_giang_day
22586,"cơ sở của R^n kéo dài không gian của R^n, nhưng ở 43:46, không gian cột là R^3 và chúng ta chỉ có 2 vectơ độc lập tuyến tính vậy làm sao nó có thể tạo ra một cơ sở? bởi vì chỉ với 2 vectơ chúng ta không thể kéo dài R^3.",neutral,kien_thuc
22586,"cơ sở của R^n kéo dài không gian của R^n, nhưng ở 43:46, không gian cột là R^3 và chúng ta chỉ có 2 vectơ độc lập tuyến tính vậy làm sao nó có thể tạo ra một cơ sở? bởi vì chỉ với 2 vectơ chúng ta không thể kéo dài R^3.",neutral,kien_thuc
22586,"cơ sở của R^n kéo dài không gian của R^n, nhưng ở 43:46, không gian cột là R^3 và chúng ta chỉ có 2 vectơ độc lập tuyến tính vậy làm sao nó có thể tạo ra một cơ sở? bởi vì chỉ với 2 vectơ chúng ta không thể kéo dài R^3.",neutral,kien_thuc
22586,"cơ sở của R^n kéo dài không gian của R^n, nhưng ở 43:46, không gian cột là R^3 và chúng ta chỉ có 2 vectơ độc lập tuyến tính vậy làm sao nó có thể tạo ra một cơ sở? bởi vì chỉ với 2 vectơ chúng ta không thể kéo dài R^3.",neutral,kien_thuc
22586,"cơ sở của R^n kéo dài không gian của R^n, nhưng ở 43:46, không gian cột là R^3 và chúng ta chỉ có 2 vectơ độc lập tuyến tính vậy làm sao nó có thể tạo ra một cơ sở? bởi vì chỉ với 2 vectơ chúng ta không thể kéo dài R^3.",neutral,kien_thuc
22586,"cơ sở của R^n kéo dài không gian của R^n, nhưng ở 43:46, không gian cột là R^3 và chúng ta chỉ có 2 vectơ độc lập tuyến tính vậy làm sao nó có thể tạo ra một cơ sở? bởi vì chỉ với 2 vectơ chúng ta không thể kéo dài R^3.",neutral,kien_thuc
22587,không biết rằng Jimmy Dore đã dạy thống kê . . .,neutral,ky_nang_giang_day
22588,Anh ấy là nguồn cảm hứng lớn,positive,ky_nang_giang_day
22589,"Tôi rất vui khi được gặp lại anh, Giáo sư.",positive,ky_nang_giang_day
22590,"Khóa học cuối cùng của tôi ở trường đại học. Yêu thích thống kê và có thể sử dụng trong cuộc sống thực sau khi tốt nghiệp đại học. Mức độ ý nghĩa 3,14, mốt. dân số mẫu trung bình chi bình phương. thích nó giáo sư này có vẻ thực sự giỏi trong việc giảng dạy và giữ cho lớp học vui vẻ",positive,ky_nang_giang_day
22590,"Khóa học cuối cùng của tôi ở trường đại học. Yêu thích thống kê và có thể sử dụng trong cuộc sống thực sau khi tốt nghiệp đại học. Mức độ ý nghĩa 3,14, mốt. dân số mẫu trung bình chi bình phương. thích nó giáo sư này có vẻ thực sự giỏi trong việc giảng dạy và giữ cho lớp học vui vẻ",positive,chuong_trinh_hoc
22590,"Khóa học cuối cùng của tôi ở trường đại học. Yêu thích thống kê và có thể sử dụng trong cuộc sống thực sau khi tốt nghiệp đại học. Mức độ ý nghĩa 3,14, mốt. dân số mẫu trung bình chi bình phương. thích nó giáo sư này có vẻ thực sự giỏi trong việc giảng dạy và giữ cho lớp học vui vẻ",neutral,kien_thuc
22590,"Khóa học cuối cùng của tôi ở trường đại học. Yêu thích thống kê và có thể sử dụng trong cuộc sống thực sau khi tốt nghiệp đại học. Mức độ ý nghĩa 3,14, mốt. dân số mẫu trung bình chi bình phương. thích nó giáo sư này có vẻ thực sự giỏi trong việc giảng dạy và giữ cho lớp học vui vẻ",neutral,kien_thuc
22590,"Khóa học cuối cùng của tôi ở trường đại học. Yêu thích thống kê và có thể sử dụng trong cuộc sống thực sau khi tốt nghiệp đại học. Mức độ ý nghĩa 3,14, mốt. dân số mẫu trung bình chi bình phương. thích nó giáo sư này có vẻ thực sự giỏi trong việc giảng dạy và giữ cho lớp học vui vẻ",neutral,kien_thuc
22590,"Khóa học cuối cùng của tôi ở trường đại học. Yêu thích thống kê và có thể sử dụng trong cuộc sống thực sau khi tốt nghiệp đại học. Mức độ ý nghĩa 3,14, mốt. dân số mẫu trung bình chi bình phương. thích nó giáo sư này có vẻ thực sự giỏi trong việc giảng dạy và giữ cho lớp học vui vẻ",neutral,kien_thuc
22591,Cảm ơn thầy cô và MIT đã giúp em hiểu rất nhiều Đại số tuyến tính,positive,kien_thuc
22592,"Thật tuyệt vời. Cảm ơn nhóm MIT OCW vì tất cả những điều tuyệt vời này bài giảng đã được đăng tải... gửi lời kính trọng... từ Delhi, Ấn Độ",positive,chuong_trinh_hoc
22592,"Thật tuyệt vời. Cảm ơn nhóm MIT OCW vì tất cả những điều tuyệt vời này bài giảng đã được đăng tải... gửi lời kính trọng... từ Delhi, Ấn Độ",positive,noi_chung
22593,anh chàng này thật thoải mái tôi thích anh ấy,positive,ky_nang_giang_day
22594,25:10 nó KHÔNG phải là một toin coss,neutral,chuong_trinh_hoc
22595,Tôi ước mình cũng giỏi *bất cứ việc gì* như anh chàng này trong việc giảng dạy.,positive,ky_nang_giang_day
22596,đáng để dành thời gian xem video tuyệt vời này,positive,chuong_trinh_hoc
22597,"Thành thật mà nói, tôi nghĩ nên có những người điều hành phần bình luận để xóa những bình luận phán xét đó. Học sinh có quyền được học trong một môi trường an toàn . Đặt những câu hỏi ""ngớ ngẩn"" là một phần không thể thiếu của việc học cũng như mắc lỗi. Thật buồn khi thấy học sinh nuốt những nghi ngờ của mình vì chúng lo lắng về vẻ ngoài của mình trước mặt người khác. Vì vậy, nếu bạn biết câu trả lời cho các câu hỏi, hãy im lặng và xem video mà không phán xét.",negative,thiet_bi_day_hoc
22597,"Thành thật mà nói, tôi nghĩ nên có những người điều hành phần bình luận để xóa những bình luận phán xét đó. Học sinh có quyền được học trong một môi trường an toàn . Đặt những câu hỏi ""ngớ ngẩn"" là một phần không thể thiếu của việc học cũng như mắc lỗi. Thật buồn khi thấy học sinh nuốt những nghi ngờ của mình vì chúng lo lắng về vẻ ngoài của mình trước mặt người khác. Vì vậy, nếu bạn biết câu trả lời cho các câu hỏi, hãy im lặng và xem video mà không phán xét.",positive,noi_chung
22598,"""Hít một hơi thật sâu. Được rồi, băng sẽ không nhưng giảng viên sẽ"" Thật buồn cười :D",positive,ky_nang_giang_day
22598,"""Hít một hơi thật sâu. Được rồi, băng sẽ không nhưng giảng viên sẽ"" Thật buồn cười :D",negative,thiet_bi_day_hoc
22599,Anh chàng này cần phấn của Walter Lewin để vẽ những đường chấm chấm đó,neutral,ky_nang_giang_day
22600,màu trắng tiếng ồn ở phía sau là phần khó chịu nhất trong số những phần này bài giảng. Có ai biết cách khử tiếng ồn những phần này video không? Thật khó để tập trung vì nhiễu tĩnh này tiếng ồn.,negative,thiet_bi_day_hoc
22600,màu trắng tiếng ồn ở phía sau là phần khó chịu nhất trong số những phần này bài giảng. Có ai biết cách khử tiếng ồn những phần này video không? Thật khó để tập trung vì nhiễu tĩnh này tiếng ồn.,negative,chuong_trinh_hoc
22600,màu trắng tiếng ồn ở phía sau là phần khó chịu nhất trong số những phần này bài giảng. Có ai biết cách khử tiếng ồn những phần này video không? Thật khó để tập trung vì nhiễu tĩnh này tiếng ồn.,negative,chuong_trinh_hoc
22600,màu trắng tiếng ồn ở phía sau là phần khó chịu nhất trong số những phần này bài giảng. Có ai biết cách khử tiếng ồn những phần này video không? Thật khó để tập trung vì nhiễu tĩnh này tiếng ồn.,negative,thiet_bi_day_hoc
22601,"""TÔI CỘNG! 3 lần hàng một đến ... (nhìn lướt nhanh với tốc độ ánh sáng) hàng hai!"" Người đàn ông này là NGƯỜI ẤY của ngành giảng dạy đại số tuyến tính.",positive,ky_nang_giang_day
22602,43:25 anh ấy đã làm điều đó như thế nào...,negative,ky_nang_giang_day
22603,TÔI YÊU GILBERT STRANG SIR. Tôi đang học phổ thông và rất thích bài giảng của thầy. Tất cả những điều này được dạy theo cách nhàm chán trong lớp học của chúng tôi... nhưng STRNG SIR làm cho chủ đề này trở nên hoành tráng. Bây giờ tôi thích đại số tuyến tính!! Cảm ơn MIT rất nhiều vì đã giúp đỡ hàng triệu người như tôi,positive,ky_nang_giang_day
22604,Làm sao bạn nhớ được tất cả những công thức đó ? Tôi rất ấn tượng.,positive,ky_nang_giang_day
22604,Làm sao bạn nhớ được tất cả những công thức đó ? Tôi rất ấn tượng.,negative,kien_thuc
22605,"Tất cả ma trận đều quan trọng, không có ma trận tốt hay xấu :P",neutral,kien_thuc
22606,"Giáo sư Strang: ""Nếu anh có thể nói cho tôi biết trong khối đó có gì, tôi sẽ im lặng suốt cả ngày"" Trời ơi!! Điều này cho thấy niềm đam mê của ông ấy. *Mũ rơi* Thưa ngài ...",positive,ky_nang_giang_day
22607,"Tôi quá ngốc để học ở MIT, nhưng bài giảng của ông ấy  đơn giản và dễ hiểu hơn nhiều so với bài giảng của giáo sư tôi. #SJSU",positive,chuong_trinh_hoc
22608,"Làm tốt lắm Ông Gilbert, xin chúc mừng",positive,ky_nang_giang_day
22609,"Thật sự, chúng tôi phải cảm ơn bạn từ tận đáy lòng.",positive,ky_nang_giang_day
22610,"Ở phút 42:59, khi quyết định chiều cao của hình chữ nhật trong một khoảng có x thay đổi từ 0 đến 1, chúng ta không nên thêm chiều cao của hình chữ nhật ở trên hay ở dưới trục x? Tại sao chúng ta lại trừ?",neutral,kien_thuc
22611,một người thực tế giáo sư và nói chuyện một cách thân thiện (Y),positive,ky_nang_giang_day
22612,Sự đơn giản tuyệt vời. Ước gì tôi có anh ấy ở trường đại học,positive,ky_nang_giang_day
22613,anh ấy cứ liên tục vượt qua ranh giới!! không phải là tôi không hiểu nhưng tôi chưa bao giờ nghĩ rằng bạn có thể sử dụng những công cụ như vậy theo cách này!,positive,ky_nang_giang_day
22614,"Tôi có lớp đại số tuyến tính vào sáng sớm, và tôi không bao giờ đến lớp được, tôi đã rất bực bội khi phải theo kịp tất cả những thứ này nhưng việc xem những video này đã giúp tôi rất nhiều. Xin chân thành cảm ơn giáo sư Strang và kênh này !",positive,chuong_trinh_hoc
22614,"Tôi có lớp đại số tuyến tính vào sáng sớm, và tôi không bao giờ đến lớp được, tôi đã rất bực bội khi phải theo kịp tất cả những thứ này nhưng việc xem những video này đã giúp tôi rất nhiều. Xin chân thành cảm ơn giáo sư Strang và kênh này !",positive,ky_nang_giang_day
22614,"Tôi có lớp đại số tuyến tính vào sáng sớm, và tôi không bao giờ đến lớp được, tôi đã rất bực bội khi phải theo kịp tất cả những thứ này nhưng việc xem những video này đã giúp tôi rất nhiều. Xin chân thành cảm ơn giáo sư Strang và kênh này !",positive,chuong_trinh_hoc
22614,"Tôi có lớp đại số tuyến tính vào sáng sớm, và tôi không bao giờ đến lớp được, tôi đã rất bực bội khi phải theo kịp tất cả những thứ này nhưng việc xem những video này đã giúp tôi rất nhiều. Xin chân thành cảm ơn giáo sư Strang và kênh này !",negative,noi_chung
22615,Điều này giảng viên thực sự tuyệt vời.,positive,ky_nang_giang_day
22616,Lúc 10:27 chúng ta tính toán E21(ma trận loại trừ) như thế nào?,neutral,kien_thuc
22617,"Sau khi vượt qua khóa học đại số tuyến tính, tôi hơi thất vọng vì không cần phải xem lại bài giảng của bạn nữa. Nhưng để phân tích dữ liệu, bạn lại xuất hiện ở độ phân giải HD. Rất vui khi được gặp bạn giáo sư.",positive,ky_nang_giang_day
22618,"Cảm ơn giáo sư Strang vì bài giảng tuyệt vời. Tôi nghĩ rằng xem tất cả bài giảng của bạn trên youtube (tất nhiên nếu bạn không theo học tại MIT, trong trường hợp đó bạn có thể đăng ký khóa 18.06) là cách tốt nhất để học Đại số tuyến tính! Tôi đặc biệt thích cách bạn giải thích bằng ví dụ và luôn giúp chúng tôi có được bức tranh toàn cảnh, ngay cả khi chúng tôi đang thảo luận về một điều cụ thể. Bạn là một giáo viên tuyệt vời!",positive,ky_nang_giang_day
22618,"Cảm ơn giáo sư Strang vì bài giảng tuyệt vời. Tôi nghĩ rằng xem tất cả bài giảng của bạn trên youtube (tất nhiên nếu bạn không theo học tại MIT, trong trường hợp đó bạn có thể đăng ký khóa 18.06) là cách tốt nhất để học Đại số tuyến tính! Tôi đặc biệt thích cách bạn giải thích bằng ví dụ và luôn giúp chúng tôi có được bức tranh toàn cảnh, ngay cả khi chúng tôi đang thảo luận về một điều cụ thể. Bạn là một giáo viên tuyệt vời!",positive,chuong_trinh_hoc
22619,Tôi đã trả một khoản tiền lớn để trường đại học đến đó hàng ngày trong nhiều giờ và không học được gì. Và ở đây tôi đang học miễn phí từ sự thoải mái tại nhà từ những giáo sư giỏi nhất trên thế giới. Kính trọng và yêu mến giáo sư strang.,negative,noi_chung
22619,Tôi đã trả một khoản tiền lớn để trường đại học đến đó hàng ngày trong nhiều giờ và không học được gì. Và ở đây tôi đang học miễn phí từ sự thoải mái tại nhà từ những giáo sư giỏi nhất trên thế giới. Kính trọng và yêu mến giáo sư strang.,positive,ky_nang_giang_day
22619,Tôi đã trả một khoản tiền lớn để trường đại học đến đó hàng ngày trong nhiều giờ và không học được gì. Và ở đây tôi đang học miễn phí từ sự thoải mái tại nhà từ những giáo sư giỏi nhất trên thế giới. Kính trọng và yêu mến giáo sư strang.,positive,ky_nang_giang_day
22620,Tôi nghĩ hình dạng của bát sẽ thay đổi khi chúng ta thêm (x^Tb) vào phút thứ 17:00. Tôi nói đúng chứ???,neutral,kien_thuc
22620,Tôi nghĩ hình dạng của bát sẽ thay đổi khi chúng ta thêm (x^Tb) vào phút thứ 17:00. Tôi nói đúng chứ???,neutral,kien_thuc
22621,họ đã sử dụng sách giáo khoa nào?,neutral,thiet_bi_day_hoc
22622,anh ấy đặt câu hỏi cho khán giả và tự trả lời trước khi anh ấy đưa ra câu hỏi và đó là một điểm thú vị trong bài giảng của anh ấy. Có vẻ như anh ấy không phải là người giảng dạy cho khán giả.,positive,ky_nang_giang_day
22623,"Cảm ơn anh rất nhiều, thưa anh. Tôi đang xem bài giảng và rất thích chúng. Tôi đã được hưởng lợi từ anh vì chúng tôi không có giáo viên ở Yemen vì tình hình chiến tranh, vì vậy anh đã trở thành giáo viên của tôi",positive,chuong_trinh_hoc
22623,"Cảm ơn anh rất nhiều, thưa anh. Tôi đang xem bài giảng và rất thích chúng. Tôi đã được hưởng lợi từ anh vì chúng tôi không có giáo viên ở Yemen vì tình hình chiến tranh, vì vậy anh đã trở thành giáo viên của tôi",positive,ky_nang_giang_day
22624,Đây có lẽ là bài giảng bài giảng hay nhất trong toàn bộ khóa học.,positive,chuong_trinh_hoc
22625,"Tôi đang xem các bài giảng này, tôi hiểu chúng, nhưng khi tôi giải Psets, có vẻ như tôi chẳng biết gì cả... có ai gặp vấn đề tương tự với Psets không?",negative,kien_thuc
22626,Anh ấy có khả năng viết chữ trên bảng rất tốt.,positive,ky_nang_giang_day
22627,Anh ấy là giáo viên tuyệt vời nhất mà tôi từng có. Làm sao tôi có thể liên lạc với anh ấy? Làm ơn!!! Cảm ơn rất nhiều.,positive,ky_nang_giang_day
22628,Phân phối beta có thể là bimodal khi cả hai tham số đều nhỏ hơn 1 và đường cong có hình chữ U. Tại sao họ không sử dụng bảng trắng mà lại dùng bảng đen xấu xí này bảng đen?,negative,thiet_bi_day_hoc
22629,"@ 8:47, phải là a -5 chứ?",neutral,kien_thuc
22630,"lol buồn cười quá hôm nay tôi mới xem cái này lần đầu và nó được đăng cách đây đúng 7 năm xDcảm ơn vì video, thực sự hữu ích! Tôi đã vật lộn với khái niệm này cho khóa học đại số tuyến tính 2 hiện tại của mình kể từ khi tôi học phiên bản không chuyên của đại số tuyến tính 1 mà thực sự không kiểm tra chúng tôi về các bằng chứng. Tôi nghĩ bây giờ tôi đã hiểu rõ hơn về bốn không gian con cơ bản! :)",positive,chuong_trinh_hoc
22630,"lol buồn cười quá hôm nay tôi mới xem cái này lần đầu và nó được đăng cách đây đúng 7 năm xDcảm ơn vì video, thực sự hữu ích! Tôi đã vật lộn với khái niệm này cho khóa học đại số tuyến tính 2 hiện tại của mình kể từ khi tôi học phiên bản không chuyên của đại số tuyến tính 1 mà thực sự không kiểm tra chúng tôi về các bằng chứng. Tôi nghĩ bây giờ tôi đã hiểu rõ hơn về bốn không gian con cơ bản! :)",positive,chuong_trinh_hoc
22631,"Tôi muốn nói với tất cả những người đam mê toán học rằng đừng bao giờ bỏ cuộc, vì toán là môn khó với tất cả mọi người... Bạn có thể thấy ngay cả ông Strang cũng nói rằng đôi khi ông ấy bị lạc lối, và ông ấy đã dạy môn này trong nhiều năm. (Tôi cảm thấy điều này bị thiếu trong phần bình luận) btw. *thật là một huyền thoại sống!*",positive,ky_nang_giang_day
22631,"Tôi muốn nói với tất cả những người đam mê toán học rằng đừng bao giờ bỏ cuộc, vì toán là môn khó với tất cả mọi người... Bạn có thể thấy ngay cả ông Strang cũng nói rằng đôi khi ông ấy bị lạc lối, và ông ấy đã dạy môn này trong nhiều năm. (Tôi cảm thấy điều này bị thiếu trong phần bình luận) btw. *thật là một huyền thoại sống!*",neutral,kien_thuc
22631,"Tôi muốn nói với tất cả những người đam mê toán học rằng đừng bao giờ bỏ cuộc, vì toán là môn khó với tất cả mọi người... Bạn có thể thấy ngay cả ông Strang cũng nói rằng đôi khi ông ấy bị lạc lối, và ông ấy đã dạy môn này trong nhiều năm. (Tôi cảm thấy điều này bị thiếu trong phần bình luận) btw. *thật là một huyền thoại sống!*",neutral,kien_thuc
22632,"Rất rõ ràng, tôi hiểu mọi thứ. Cảm ơn.",positive,kien_thuc
22633,anh chàng này là theta^ của tôi cho sự phân phối của các nhà thống kê tuyệt vời,positive,ky_nang_giang_day
22634,Nếu một đất nước có một người thầy như ông thì đất nước đó nhất định sẽ thịnh vượng...,positive,ky_nang_giang_day
22635,Phương trình cuối cùng (At*y) có thêm thông tin mới y) không? Tôi cho rằng tìm y) (dòng điện) từ C*e sẽ là bước cuối cùng phải không?,neutral,kien_thuc
22635,Phương trình cuối cùng (At*y) có thêm thông tin mới y) không? Tôi cho rằng tìm y) (dòng điện) từ C*e sẽ là bước cuối cùng phải không?,neutral,kien_thuc
22635,Phương trình cuối cùng (At*y) có thêm thông tin mới y) không? Tôi cho rằng tìm y) (dòng điện) từ C*e sẽ là bước cuối cùng phải không?,neutral,kien_thuc
22636,@[USERNAME]chỉ là cùng một bài toán nhưng được giải theo cách khác... anh ấy đang thiết lập NULL để có điểm tới hạn... giống như cách anh ấy đã làm trong phương pháp đầu tiên anh ấy dùng để giải bài toán...,positive,ky_nang_giang_day
22636,@[USERNAME]chỉ là cùng một bài toán nhưng được giải theo cách khác... anh ấy đang thiết lập NULL để có điểm tới hạn... giống như cách anh ấy đã làm trong phương pháp đầu tiên anh ấy dùng để giải bài toán...,neutral,kien_thuc
22637,"bài giảng rất tuyệt cho đến định luật thứ hai của Keppler, sau đó họ làm tôi mất hứng :(",positive,chuong_trinh_hoc
22637,"bài giảng rất tuyệt cho đến định luật thứ hai của Keppler, sau đó họ làm tôi mất hứng :(",negative,kien_thuc
22638,Tôi thực sự thích Tiến sĩ Jerison bài giảng. Khiếu hài hước của ông ấy thật tuyệt.,positive,chuong_trinh_hoc
22638,Tôi thực sự thích Tiến sĩ Jerison bài giảng. Khiếu hài hước của ông ấy thật tuyệt.,positive,ky_nang_giang_day
22639,"Cảm ơn rất nhiều, Giáo sư Strang và MIT đã làm cho đại số tuyến tính (trực tiếp) và đơn giản.",positive,ky_nang_giang_day
22639,"Cảm ơn rất nhiều, Giáo sư Strang và MIT đã làm cho đại số tuyến tính (trực tiếp) và đơn giản.",positive,noi_chung
22639,"Cảm ơn rất nhiều, Giáo sư Strang và MIT đã làm cho đại số tuyến tính (trực tiếp) và đơn giản.",positive,chuong_trinh_hoc
22640,"Phần bình luận này chắc chắn có rất nhiều cái tôi. Những người thông minh về toán học cảm thấy cần phải thể hiện kỹ năng điên rồ của họ: sự khiêm tốn có thể có ích cho bạn. Thật tuyệt vời khi những thứ này cực kỳ dễ dàng đối với bạn - nó không dành cho tất cả mọi người, và việc tuyên bố thiên tài của bạn với thế giới không phục vụ cho bất kỳ ai, nó chỉ khiến bạn trở nên kiêu ngạo. Nếu điều này nằm dưới trình độ của bạn - thật tuyệt, hãy chuyển sang một số video trình độ cao hơn. Trong thời gian chờ đợi, hãy thể hiện sự tôn trọng đối với MIT và đánh giá cao công việc của họ trong việc tạo ra giáo dục tốt cho tất cả mọi người, và hãy cân nhắc đến những người bạn học của bạn, những người có thể gặp nhiều rắc rối hơn với những thứ này.",positive,noi_chung
22640,"Phần bình luận này chắc chắn có rất nhiều cái tôi. Những người thông minh về toán học cảm thấy cần phải thể hiện kỹ năng điên rồ của họ: sự khiêm tốn có thể có ích cho bạn. Thật tuyệt vời khi những thứ này cực kỳ dễ dàng đối với bạn - nó không dành cho tất cả mọi người, và việc tuyên bố thiên tài của bạn với thế giới không phục vụ cho bất kỳ ai, nó chỉ khiến bạn trở nên kiêu ngạo. Nếu điều này nằm dưới trình độ của bạn - thật tuyệt, hãy chuyển sang một số video trình độ cao hơn. Trong thời gian chờ đợi, hãy thể hiện sự tôn trọng đối với MIT và đánh giá cao công việc của họ trong việc tạo ra giáo dục tốt cho tất cả mọi người, và hãy cân nhắc đến những người bạn học của bạn, những người có thể gặp nhiều rắc rối hơn với những thứ này.",positive,chuong_trinh_hoc
22641,@[USERNAME]Ý bạn là gì? Không phải ai cũng có đủ điều kiện để học hoặc thậm chí biết rằng họ muốn học calc hoặc cao hơn ở trường trung học,neutral,kien_thuc
22642,vừa hoàn thành loạt. Mất khoảng 2 tuần học bán thời gian + 2 tuần học toàn thời gian. Thời gian bắt đầu học là 18.02 đa biến.,neutral,chuong_trinh_hoc
22642,vừa hoàn thành loạt. Mất khoảng 2 tuần học bán thời gian + 2 tuần học toàn thời gian. Thời gian bắt đầu học là 18.02 đa biến.,negative,kien_thuc
22643,Bạn vẫn sử dụng phấn và bảng đen ở Mỹ chứ?? Chúng tôi đã ngừng sử dụng chúng ở Anh khi tôi khoảng 8 tuổi (giờ tôi 18 tuổi). Có vẻ hơi lỗi thời. Bạn giảng viên chưa bao giờ nghe nói đến powerpoint? hay thậm chí chỉ là bảng trắng?,neutral,thiet_bi_day_hoc
22643,Bạn vẫn sử dụng phấn và bảng đen ở Mỹ chứ?? Chúng tôi đã ngừng sử dụng chúng ở Anh khi tôi khoảng 8 tuổi (giờ tôi 18 tuổi). Có vẻ hơi lỗi thời. Bạn giảng viên chưa bao giờ nghe nói đến powerpoint? hay thậm chí chỉ là bảng trắng?,neutral,thiet_bi_day_hoc
22643,Bạn vẫn sử dụng phấn và bảng đen ở Mỹ chứ?? Chúng tôi đã ngừng sử dụng chúng ở Anh khi tôi khoảng 8 tuổi (giờ tôi 18 tuổi). Có vẻ hơi lỗi thời. Bạn giảng viên chưa bao giờ nghe nói đến powerpoint? hay thậm chí chỉ là bảng trắng?,neutral,ky_nang_giang_day
22643,Bạn vẫn sử dụng phấn và bảng đen ở Mỹ chứ?? Chúng tôi đã ngừng sử dụng chúng ở Anh khi tôi khoảng 8 tuổi (giờ tôi 18 tuổi). Có vẻ hơi lỗi thời. Bạn giảng viên chưa bao giờ nghe nói đến powerpoint? hay thậm chí chỉ là bảng trắng?,neutral,thiet_bi_day_hoc
22643,Bạn vẫn sử dụng phấn và bảng đen ở Mỹ chứ?? Chúng tôi đã ngừng sử dụng chúng ở Anh khi tôi khoảng 8 tuổi (giờ tôi 18 tuổi). Có vẻ hơi lỗi thời. Bạn giảng viên chưa bao giờ nghe nói đến powerpoint? hay thậm chí chỉ là bảng trắng?,neutral,thiet_bi_day_hoc
22644,"@[USERNAME]Đúng rồi, vì tôi chắc rằng hầu hết những thứ này đều quá rõ ràng với anh ấy nhưng anh ấy vẫn cố gắng giải thích từng bước một.",positive,ky_nang_giang_day
22645,Cảm ơn Giáo sư Strang và MIT. Thật thú vị và tuyệt vời! Nó cô đọng mọi thứ lại thành những điều cơ bản. Tốt nhất bạn có thể có!,positive,ky_nang_giang_day
22645,Cảm ơn Giáo sư Strang và MIT. Thật thú vị và tuyệt vời! Nó cô đọng mọi thứ lại thành những điều cơ bản. Tốt nhất bạn có thể có!,positive,noi_chung
22646,làm ma trận khoảng a không gian nếu chúng làm thế nào?,neutral,kien_thuc
22646,làm ma trận khoảng a không gian nếu chúng làm thế nào?,neutral,kien_thuc
22646,làm ma trận khoảng a không gian nếu chúng làm thế nào?,neutral,kien_thuc
22647,TÔI MUỐN BIẾT TẤT CẢ TOÁN HỌC TRONG VŨ TRỤ!,neutral,kien_thuc
22648,"Tôi không biết về Ma trận Markov, chúng rất thú vị. Vì vậy, tất cả các ma trận n x n với mỗi mục bằng 1/n là Ma trận Markov, với các giá trị riêng 0 và 1 (1 vì chúng là Ma trận Markov, 0 vì thứ hạng của chúng bằng 1).",positive,kien_thuc
22649,"anh ấy giải thích rất hay, thật đáng tiếc là tôi đã không chỉ trích anh ấy sớm hơn",positive,ky_nang_giang_day
22650,LOL.. Tôi tự hỏi liệu anh ấy có mang theo chuỗi đó đặc biệt để giải thích tại sao đạo hàm được gọi là chuỗi đạo hàm không! Dù sao thì đó cũng là một lời giải thích sai!,negative,kien_thuc
22650,LOL.. Tôi tự hỏi liệu anh ấy có mang theo chuỗi đó đặc biệt để giải thích tại sao đạo hàm được gọi là chuỗi đạo hàm không! Dù sao thì đó cũng là một lời giải thích sai!,negative,ky_nang_giang_day
22650,LOL.. Tôi tự hỏi liệu anh ấy có mang theo chuỗi đó đặc biệt để giải thích tại sao đạo hàm được gọi là chuỗi đạo hàm không! Dù sao thì đó cũng là một lời giải thích sai!,negative,kien_thuc
22651,"Cảm ơn bạn Thưa ngài, yêu bạn. Bạn giống như Chúa đối với chúng tôi",positive,ky_nang_giang_day
22652,Làm sao anh ấy có được phương trình  ở phút 23:01? Tôi không hiểu. Anh ấy có phân biệt theo ds hay là gì? Vui lòng giúp tôi.,neutral,kien_thuc
22652,Làm sao anh ấy có được phương trình  ở phút 23:01? Tôi không hiểu. Anh ấy có phân biệt theo ds hay là gì? Vui lòng giúp tôi.,neutral,kien_thuc
22653,Đây không phải là giảng dạy. Đây chỉ là sao chép sách giáo khoa lên bảng và đọc lại nội dung sách giáo khoa. Một giáo viên thực thụ sẽ đưa ra các ví dụ cụ thể cho thấy với số nguyên cách thức hoạt động của hàm.,negative,chuong_trinh_hoc
22653,Đây không phải là giảng dạy. Đây chỉ là sao chép sách giáo khoa lên bảng và đọc lại nội dung sách giáo khoa. Một giáo viên thực thụ sẽ đưa ra các ví dụ cụ thể cho thấy với số nguyên cách thức hoạt động của hàm.,neutral,kien_thuc
22653,Đây không phải là giảng dạy. Đây chỉ là sao chép sách giáo khoa lên bảng và đọc lại nội dung sách giáo khoa. Một giáo viên thực thụ sẽ đưa ra các ví dụ cụ thể cho thấy với số nguyên cách thức hoạt động của hàm.,neutral,kien_thuc
22653,Đây không phải là giảng dạy. Đây chỉ là sao chép sách giáo khoa lên bảng và đọc lại nội dung sách giáo khoa. Một giáo viên thực thụ sẽ đưa ra các ví dụ cụ thể cho thấy với số nguyên cách thức hoạt động của hàm.,neutral,ky_nang_giang_day
22654,Trời ơi trông anh ấy già quá,neutral,ky_nang_giang_day
22655,tuyệt vời như vậy giảng bài khiến tôi tự hỏi liệu thành công của sinh viên MIT có phải là do khả năng bẩm sinh hay do giảng dạy vượt trội không,positive,chuong_trinh_hoc
22656,"Tôi hy vọng người điều khiển máy quay có thể cho thấy 2 hoặc 3 bảng mà giáo sư đang nói đến, chứ không chỉ đơn giản là đuổi theo giáo sư .....",negative,noi_chung
22656,"Tôi hy vọng người điều khiển máy quay có thể cho thấy 2 hoặc 3 bảng mà giáo sư đang nói đến, chứ không chỉ đơn giản là đuổi theo giáo sư .....",negative,thiet_bi_day_hoc
22657,@[USERNAME]. Làm thế nào mà giáo sư kết luận rằng phương sai là 1 nếu biến ngẫu nhiên được chia cho độ lệch chuẩn?,neutral,kien_thuc
22657,@[USERNAME]. Làm thế nào mà giáo sư kết luận rằng phương sai là 1 nếu biến ngẫu nhiên được chia cho độ lệch chuẩn?,neutral,ky_nang_giang_day
22657,@[USERNAME]. Làm thế nào mà giáo sư kết luận rằng phương sai là 1 nếu biến ngẫu nhiên được chia cho độ lệch chuẩn?,neutral,kien_thuc
22657,@[USERNAME]. Làm thế nào mà giáo sư kết luận rằng phương sai là 1 nếu biến ngẫu nhiên được chia cho độ lệch chuẩn?,neutral,kien_thuc
22658,Điều thú vị bài giảng này là gì. Bạn đã chỉ ra toán học là trụ cột của thống kê. Trong bài giảng tôi nghĩ đến các giả định của ước lượng bình phương nhỏ nhất. Nó xuất phát từ toán học (giống như giả định độc lập). Làm tốt lắm. Chúa phù hộ bạn giáo sư.,positive,chuong_trinh_hoc
22658,Điều thú vị bài giảng này là gì. Bạn đã chỉ ra toán học là trụ cột của thống kê. Trong bài giảng tôi nghĩ đến các giả định của ước lượng bình phương nhỏ nhất. Nó xuất phát từ toán học (giống như giả định độc lập). Làm tốt lắm. Chúa phù hộ bạn giáo sư.,positive,ky_nang_giang_day
22659,"Giáo sư Strang là cố vấn của tôi tại MIT. Đối với tôi, ông là phao cứu sinh giúp tôi vượt qua quá trình học tập rất khó khăn để trở thành người mà tôi muốn trở thành.",positive,ky_nang_giang_day
22660,Thực sự rất thích khóa học này khóa học -- cảm ơn!,positive,chuong_trinh_hoc
22661,"Nếu không có những thứ đó phòng giảng đường và bảng đen, nơi đây không còn giống MIT nữa.",positive,chuong_trinh_hoc
22662,Bây giờ tôi hối hận vì đã không xem hết tất cả video của anh ấy mặc dù tôi biết chúng có sẵn và rất tuyệt video!,positive,chuong_trinh_hoc
22663,đó là một số thực sự được làm sạch tệ bảng đen lúc 0:33,negative,thiet_bi_day_hoc
22664,Tôi đã xem tất cả bài giảng năm 18.06 và tôi rất sốc khi thấy Srang đã lớn như thế nào. Tôi cầu nguyện rằng chúng ta có thể giữ anh ấy mãi mãi. Xin Chúa đừng bao giờ cướp anh ấy khỏi chúng ta.,positive,chuong_trinh_hoc
22664,Tôi đã xem tất cả bài giảng năm 18.06 và tôi rất sốc khi thấy Srang đã lớn như thế nào. Tôi cầu nguyện rằng chúng ta có thể giữ anh ấy mãi mãi. Xin Chúa đừng bao giờ cướp anh ấy khỏi chúng ta.,positive,ky_nang_giang_day
22665,Ông ấy dạy xác suất bằng cách kể chuyện thay vì nhắc lại các công thức và định nghĩa - điều mà hầu hết giáo viên vẫn làm.,positive,ky_nang_giang_day
22665,Ông ấy dạy xác suất bằng cách kể chuyện thay vì nhắc lại các công thức và định nghĩa - điều mà hầu hết giáo viên vẫn làm.,negative,ky_nang_giang_day
22666,:0Tại sao việc không dạy như thế này ở trường trung học vẫn chưa bị coi là tội phạm?,neutral,kien_thuc
22667,lỗi gần 28:00 ----->  dy/dt = -2t     hàm vị trí bắt đầu là y= -t^2 nên đạo hàm phải âm đối với dy/dt,negative,kien_thuc
22668,Tôi nhớ khi (màu 1:4) là một cuộc tranh cãi sống động.,positive,kien_thuc
22669,"Nếu bạn muốn xem một số bản mở rộng thú vị của những ý tưởng này, hãy xem G. Strang trong /watch?v=CgfkEUOFAj0",positive,ky_nang_giang_day
22670,"Anh chàng này rất giỏi nhưng tôi thích một người như Eddie Woo, người luôn tìm kiếm phản hồi từ sinh viên và có nhiều cá tính hơn. Thỉnh thoảng anh ấy nên trả lời các câu hỏi nhưng anh ấy không làm vậy. Nhiều khi anh ấy nhìn xuống sàn.",neutral,ky_nang_giang_day
22671,"sự khác biệt giữa tốc độ đầu tiên (tốc độ đơn vị - điều kiện cho ""teta"" = t) và tốc độ tiếp theo |vectơ vận tốc| là gì ???",neutral,kien_thuc
22671,"sự khác biệt giữa tốc độ đầu tiên (tốc độ đơn vị - điều kiện cho ""teta"" = t) và tốc độ tiếp theo |vectơ vận tốc| là gì ???",neutral,kien_thuc
22672,Cảm ơn MIT. Cảm ơn MIT) rất nhiều. Thật là một công việc tuyệt vời. Tôi thực sự trân trọng điều đó.,positive,ky_nang_giang_day
22672,Cảm ơn MIT. Cảm ơn MIT) rất nhiều. Thật là một công việc tuyệt vời. Tôi thực sự trân trọng điều đó.,positive,noi_chung
22673,Giống như khoảng cách dilbert! Tôi nói đúng chứ?!,neutral,kien_thuc
22674,"Tôi đã lập chỉ mục video này trên MyVindex để tham khảo nhanh video giữa các diễn giải hình học, phân tích và ví dụ. - http://www.myvindex.co/app.html#/home/iSKiXlzQ. Hãy gửi email cho tôi nếu bạn quan tâm đến MyVindex tại jmoseman01@gmail.com",neutral,chuong_trinh_hoc
22675,"lol, anh chàng làm phụ đề thật buồn cười (phản ứng không nghe rõ của học sinh) !!! hahahahah. Bài học này  được cân nhắc khá kỹ lưỡng!! chết tiệt, ước gì tôi học ở mit :(",positive,chuong_trinh_hoc
22675,"lol, anh chàng làm phụ đề thật buồn cười (phản ứng không nghe rõ của học sinh) !!! hahahahah. Bài học này  được cân nhắc khá kỹ lưỡng!! chết tiệt, ước gì tôi học ở mit :(",neutral,noi_chung
22676,"@[USERNAME]Bạn sẽ ngạc nhiên khi thấy ngữ pháp của người bản ngữ ""hoàn hảo"" đến mức nào.",negative,ky_nang_giang_day
22677,"đừng nghe cái này ở chế độ âm thanh nổi, tôi nghĩ tai nghe bên trái của tôi đã rơi ra",negative,thiet_bi_day_hoc
22677,"đừng nghe cái này ở chế độ âm thanh nổi, tôi nghĩ tai nghe bên trái của tôi đã rơi ra",negative,noi_chung
22678,Tôi ước có một bài giảng như thế ở trường đại học của tôi.,negative,noi_chung
22678,Tôi ước có một bài giảng như thế ở trường đại học của tôi.,positive,chuong_trinh_hoc
22679,Lý do tôi chuyển từ ghét toán sang yêu toán (đặc biệt là đại số tuyến tính) là Gilbert Strang. Thật là một giáo viên tuyệt vời.,positive,ky_nang_giang_day
22679,Lý do tôi chuyển từ ghét toán sang yêu toán (đặc biệt là đại số tuyến tính) là Gilbert Strang. Thật là một giáo viên tuyệt vời.,positive,kien_thuc
22679,Lý do tôi chuyển từ ghét toán sang yêu toán (đặc biệt là đại số tuyến tính) là Gilbert Strang. Thật là một giáo viên tuyệt vời.,positive,kien_thuc
22680,ai đó vui lòng cung cấp liên kết đến các video bổ sung mà anh ấy nói sẽ tải lên. Giống như Phân phối Gaussian trên stellar. Tôi đã tìm kiếm stellar MIT nhưng không tìm thấy.,neutral,ky_nang_giang_day
22680,ai đó vui lòng cung cấp liên kết đến các video bổ sung mà anh ấy nói sẽ tải lên. Giống như Phân phối Gaussian trên stellar. Tôi đã tìm kiếm stellar MIT nhưng không tìm thấy.,neutral,kien_thuc
22681,Chúng ta không thể sử dụng quy tắc chuỗi sao?,neutral,kien_thuc
22682,"Thật là tuyệt vời video. Anh ấy đã cho tôi biết ý nghĩa thực sự của ma trận, không chỉ sử dụng nó để tính toán",positive,thiet_bi_day_hoc
22682,"Thật là tuyệt vời video. Anh ấy đã cho tôi biết ý nghĩa thực sự của ma trận, không chỉ sử dụng nó để tính toán",positive,ky_nang_giang_day
22682,"Thật là tuyệt vời video. Anh ấy đã cho tôi biết ý nghĩa thực sự của ma trận, không chỉ sử dụng nó để tính toán",positive,kien_thuc
22683,Đây là bài giảng có chất lượng tốt nhất trong số những bài giảng có chất lượng tốt nhất. Thật hồi hộp,positive,chuong_trinh_hoc
22684,"Hương vị khác biệt với những người MIT! Bạn ""cảm nhận"" được khoa học với họ! Tôi ghen tị với những người có cơ hội ngồi trong những phòng học này!",positive,ky_nang_giang_day
22684,"Hương vị khác biệt với những người MIT! Bạn ""cảm nhận"" được khoa học với họ! Tôi ghen tị với những người có cơ hội ngồi trong những phòng học này!",positive,thiet_bi_day_hoc
22685,Thật kinh khủng video. Ví dụ về không gian Hilbert với số thực trong ứng dụng thực tế là gì. Người đàn ông này chỉ sao chép các dòng từ một cuốn sách giáo khoa nhưng không đưa ra ví dụ cụ thể nào để giải thích về Hilbert. Buồn. Thật lãng phí thời gian.,negative,chuong_trinh_hoc
22685,Thật kinh khủng video. Ví dụ về không gian Hilbert với số thực trong ứng dụng thực tế là gì. Người đàn ông này chỉ sao chép các dòng từ một cuốn sách giáo khoa nhưng không đưa ra ví dụ cụ thể nào để giải thích về Hilbert. Buồn. Thật lãng phí thời gian.,negative,ky_nang_giang_day
22685,Thật kinh khủng video. Ví dụ về không gian Hilbert với số thực trong ứng dụng thực tế là gì. Người đàn ông này chỉ sao chép các dòng từ một cuốn sách giáo khoa nhưng không đưa ra ví dụ cụ thể nào để giải thích về Hilbert. Buồn. Thật lãng phí thời gian.,negative,kien_thuc
22685,Thật kinh khủng video. Ví dụ về không gian Hilbert với số thực trong ứng dụng thực tế là gì. Người đàn ông này chỉ sao chép các dòng từ một cuốn sách giáo khoa nhưng không đưa ra ví dụ cụ thể nào để giải thích về Hilbert. Buồn. Thật lãng phí thời gian.,negative,kien_thuc
22686,tại sao ở phút 44:50 tất cả tổ hợp tuyến tính của cột 1 và cột 2 lại tạo thành một mặt phẳng thay vì tất cả R^3?,neutral,kien_thuc
22687,"đó là lời giải thích phức tạp nhất về ""e"" là gì. Bây giờ tôi cảm thấy như mình không hiểu nó.",neutral,kien_thuc
22688,Được chấp nhận vào MIT không mang lại kiến thức vượt trội. Đây là sinh viên năm nhất khóa học.,neutral,noi_chung
22688,Được chấp nhận vào MIT không mang lại kiến thức vượt trội. Đây là sinh viên năm nhất khóa học.,neutral,chuong_trinh_hoc
22689,phong cách giảng dạy của ông ấy có vẻ thoải mái và trực quan. Tôi học ở một trường cao đẳng công lập nhỏ và khóa học trang trọng hơn nhiều và hướng đến bằng chứng. Những bài giảng này là sự bổ sung tuyệt vời cho (cũng như là sự thay đổi thú vị) các bằng chứng chính thức. Cảm ơn MIT!,positive,chuong_trinh_hoc
22689,phong cách giảng dạy của ông ấy có vẻ thoải mái và trực quan. Tôi học ở một trường cao đẳng công lập nhỏ và khóa học trang trọng hơn nhiều và hướng đến bằng chứng. Những bài giảng này là sự bổ sung tuyệt vời cho (cũng như là sự thay đổi thú vị) các bằng chứng chính thức. Cảm ơn MIT!,positive,chuong_trinh_hoc
22689,phong cách giảng dạy của ông ấy có vẻ thoải mái và trực quan. Tôi học ở một trường cao đẳng công lập nhỏ và khóa học trang trọng hơn nhiều và hướng đến bằng chứng. Những bài giảng này là sự bổ sung tuyệt vời cho (cũng như là sự thay đổi thú vị) các bằng chứng chính thức. Cảm ơn MIT!,positive,chuong_trinh_hoc
22690,người đàn ông này là một huyền thoại,positive,ky_nang_giang_day
22691,"Tại sao các trường đại học xa xôi trường đại học mà chúng ta phải trả tiền lại không cung cấp cho chúng ta sự hiểu biết vững chắc về chủ đề này, trong khi các video toàn cầu miễn phí nằm trong tầm tay chúng ta lại có thể? Có lẽ ngay từ đầu tôi không nên đăng ký vào trường đại học...",negative,kien_thuc
22691,"Tại sao các trường đại học xa xôi trường đại học mà chúng ta phải trả tiền lại không cung cấp cho chúng ta sự hiểu biết vững chắc về chủ đề này, trong khi các video toàn cầu miễn phí nằm trong tầm tay chúng ta lại có thể? Có lẽ ngay từ đầu tôi không nên đăng ký vào trường đại học...",negative,noi_chung
22692,Cuối cùng tôi cũng học được kiến thức cơ bản về đại số tuyến tính.,neutral,kien_thuc
22693,có ai biết tôi có thể tìm thấy giải pháp cho khóa học này ở đâu trên trang web mit ocw không?,neutral,thiet_bi_day_hoc
22693,có ai biết tôi có thể tìm thấy giải pháp cho khóa học này ở đâu trên trang web mit ocw không?,neutral,chuong_trinh_hoc
22693,có ai biết tôi có thể tìm thấy giải pháp cho khóa học này ở đâu trên trang web mit ocw không?,neutral,noi_chung
22694,hai anh chàng ở băng ghế phía trước,neutral,ky_nang_giang_day
22695,Có ai biết Giáo sư Strang đề cập đến bài viết chính xác nào của Tiến sĩ Jon Kleinberg ở phần cuối không?,neutral,ky_nang_giang_day
22695,Có ai biết Giáo sư Strang đề cập đến bài viết chính xác nào của Tiến sĩ Jon Kleinberg ở phần cuối không?,neutral,ky_nang_giang_day
22696,"45:50 Đợi đã, điều đó không chỉ đúng với orthoNORMAL ma trận sao? Nếu ma trận chỉ trực giao, sẽ có các bình phương của độ dài vectơ của nó trên đường chéo.",neutral,kien_thuc
22697,"Có đề cập rằng ""phi là giá trị dương đã biết"" (16,28 phút). Tôi tự hỏi liệu phân phối mũ có thuộc họ mũ chuẩn tắc (hay không), trong đó theta = lambda, b(theta) = ln(theta) và phi = -1 không?",neutral,kien_thuc
22698,Xem bài giảng cuối cùng (hoàn thành khóa học) 17 tháng 9 năm 2020 Libya. Cảm ơn MIT,positive,chuong_trinh_hoc
22699,"e, một trong những chức năng đẹp nhất mô tả thiên nhiên phải được trình bày theo cách trong trẻo và dễ chịu đối với khán giả, nhưng không nên quá tốn công như vậy. Đây không phải là điển hình của Giáo sư Jerison.",neutral,ky_nang_giang_day
22700,Tôi thấy chóng mặt khi máy quay chuyển động theo chuyển động của giáo sư,negative,thiet_bi_day_hoc
22700,Tôi thấy chóng mặt khi máy quay chuyển động theo chuyển động của giáo sư,negative,ky_nang_giang_day
22701,Có hai cách để giải e^xarctanx. Có ai giải được không?,neutral,kien_thuc
22702,Trời ạ. Tôi vừa mới hoàn thành khóa học đại số tuyến tính của anh ấy. Không ngờ đã lâu như vậy rồi. Cảm ơn anh vì tất cả công sức của mình!,positive,ky_nang_giang_day
22702,Trời ạ. Tôi vừa mới hoàn thành khóa học đại số tuyến tính của anh ấy. Không ngờ đã lâu như vậy rồi. Cảm ơn anh vì tất cả công sức của mình!,positive,chuong_trinh_hoc
22703,Đây có phải là phần giới thiệu về thống kê dành cho nhà kinh tế không???,neutral,de_xuat
22703,Đây có phải là phần giới thiệu về thống kê dành cho nhà kinh tế không???,neutral,de_xuat
22704,"When he đã nói điều này lecture là the Bắt đầu của Đại số tuyến tính thực, tôi nổi da gà",neutral,ky_nang_giang_day
22704,"When he đã nói điều này lecture là the Bắt đầu của Đại số tuyến tính thực, tôi nổi da gà",neutral,chuong_trinh_hoc
22705,Thật tuyệt vời bài giảng đã học được rất nhiều!!,positive,chuong_trinh_hoc
22706,cảm ơn anh thưa ngài vì bài giảng tuyệt vời bài giảng --vui lòng chia bài dài bài giảng thành bài ngắn bài giảng,positive,chuong_trinh_hoc
22706,cảm ơn anh thưa ngài vì bài giảng tuyệt vời bài giảng --vui lòng chia bài dài bài giảng thành bài ngắn bài giảng,positive,ky_nang_giang_day
22707,tôi thực sự đã chờ đợi nhiều năm cho điều này video. tôi sẽ xem hết bộ phim này,positive,chuong_trinh_hoc
22708,Không có bằng chứng thực sự nào về quy tắc chuỗi đa biến: Tôi bỏ lỡ nó ở phút 20:27. Có ai biết tìm nó ở đâu trên internet không? Cảm ơn.,neutral,kien_thuc
22709,Đã hơn 10 năm kể từ lần đầu tiên tôi học điều này ở trường trung học. Bây giờ tôi nghĩ cuối cùng tôi đã hiểu công thức  cho đạo hàm sau khi anh chàng này giảng bài trong 20 phút.,positive,kien_thuc
22709,Đã hơn 10 năm kể từ lần đầu tiên tôi học điều này ở trường trung học. Bây giờ tôi nghĩ cuối cùng tôi đã hiểu công thức  cho đạo hàm sau khi anh chàng này giảng bài trong 20 phút.,positive,kien_thuc
22709,Đã hơn 10 năm kể từ lần đầu tiên tôi học điều này ở trường trung học. Bây giờ tôi nghĩ cuối cùng tôi đã hiểu công thức  cho đạo hàm sau khi anh chàng này giảng bài trong 20 phút.,positive,ky_nang_giang_day
22710,"27:13 Tôi hiểu là bạn có thể bỏ cột 3 vì nó là phép cộng của hai cột khác, nhưng làm sao bạn có thể bỏ cột cột 1??",neutral,kien_thuc
22711,"cách giải thích rất buồn phân tích đa thức, tôi thích cách của người Pháp hơn ""xác định thành viên"", cách này dễ hơn và nhanh hơn nhiều",positive,kien_thuc
22711,"cách giải thích rất buồn phân tích đa thức, tôi thích cách của người Pháp hơn ""xác định thành viên"", cách này dễ hơn và nhanh hơn nhiều",negative,kien_thuc
22712,Đơn giản là tuyệt vời này giáo sư là,positive,ky_nang_giang_day
22713,có ai sửa được lỗi phụ đề không?,negative,thiet_bi_day_hoc
22714,"Tôi ước gì không có nhiều như vậy dữ liệu fn nhưng cho đến khi chúng ta trưởng thành, chúng ta sẽ phải học thứ này",negative,kien_thuc
22715,Cảm ơn bạn!! Những bài giảng này bài giảng rất rõ ràng và dễ xem!,positive,ky_nang_giang_day
22715,Cảm ơn bạn!! Những bài giảng này bài giảng rất rõ ràng và dễ xem!,positive,chuong_trinh_hoc
22716,"Cảm ơn bạn rất nhiều thưa ông, nỗ lực của bạn trong thời đại này",positive,ky_nang_giang_day
22717,"Tuyệt vời video. Sử dụng nó để tiến lên trước cho mùa thu! Cảm ơn bạn đã cung cấp điều này cho công chúng. Trong thời đại internet, kiến thức rẻ như wifi!",positive,chuong_trinh_hoc
