id,text,sentiment,aspect
1969,repetitivo. largo. demasiado académico. términos innecesarios.,negative,bai_tap
1969,repetitivo. largo. demasiado académico. términos innecesarios.,negative,bai_tap
2054,Fascinante clase !,positive,noi_chung
2071,Realmente disfruté esto curso.,positive,noi_chung
2187,¡Bonito curso!,positive,noi_chung
2219,"Muy práctico, interesante e inspirador, excelentes consejos.",positive,ky_nang_giang_day
2219,"Muy práctico, interesante e inspirador, excelentes consejos.",positive,noi_chung
2347,Disfruté muchísimo este curso curso.,positive,noi_chung
2376,Lo tomé :) Recomendado .,positive,de_xuat
2421,Todo está claramente explicado.,positive,chuong_trinh_hoc
2425,Conciso e informativo.,positive,chuong_trinh_hoc
2499,Pero no estoy seguro de que sea demasiado fácil o no.,neutral,chuong_trinh_hoc
2606,Tomé este curso curso dos veces.,positive,noi_chung
2620,Realmente útil .,positive,noi_chung
2635,Realmente maravilloso .,positive,noi_chung
2645,Definitivamente volveré a hacer referencia a esto.,positive,noi_chung
2692,Realmente disfruté esto curso.,positive,noi_chung
2750,Recomendado para todos.,positive,de_xuat
3170,J'ai adoré ça cours.,positive,noi_chung
3265,J'adore ça Cours !,positive,noi_chung
3735,J'ai adoré ça cours.,positive,noi_chung
3764,Jako jako dosadno.,negative,noi_chung
3765,Vrlo dobro.,positive,noi_chung
3813,"Ele forneceu excelentes ""conselhos leigos"" com pouca ou nenhuma base de pesquisa.",negative,ky_nang_giang_day
3814,Obrigado a todos os autores por um material tão maravilhoso.,positive,cung_cap_tai_lieu
3815,Recomendo a todos que se interessem por essa área.,positive,de_xuat
3816,A sessão de introdução foi muito repetitiva.,negative,ky_nang_giang_day
3817,Isso abriu uma perspectiva totalmente diferente de aprender e ensinar inglês...,positive,noi_chung
3818,Também achei que as instruções finais tarefa eram um pouco confusas.,negative,bai_tap
3819,Este foi um curso excelente.,positive,noi_chung
3820,"Mais importante, este curso agora me deu a confiança de que posso aprender qualquer coisa com uma atitude de aprendizado, mesmo que eu não tenha talento/interesse para isso.",positive,chuong_trinh_hoc
3821,"Eu relatei tudo isso e nunca obtive nenhuma resposta, talvez porque eu não seja um cliente pagante.",negative,hanh_vi
3822,Todos que concluírem este curso receberão benefícios vitalícios.,positive,noi_chung
3823,Esta é uma ótima introdução a uma abordagem mais formal aos algoritmos e estou ansioso pelos demais cursos da especialização.,positive,noi_chung
3823,Esta é uma ótima introdução a uma abordagem mais formal aos algoritmos e estou ansioso pelos demais cursos da especialização.,positive,chuong_trinh_hoc
3824,Ansioso pela próxima parte deste curso.,positive,noi_chung
3825,Eu definitivamente recomendarei este curso para meus amigos e familiares.,positive,de_xuat
3826,Este é apenas um curso inicial curso que o familiariza com os conceitos básicos de ML usando Python.,negative,chuong_trinh_hoc
3827,Minha única crítica foi a maneira como o feedback e a crítica foram elaborados.,negative,hanh_vi
3828,Os resultados serão muito úteis.,positive,ham_diem
3829,Estou muito feliz com o curso e gostaria de ter um Aprenda a Falar Coreano 2!,positive,noi_chung
3830,É um curso muito bem estruturado e eficaz curso.,positive,chuong_trinh_hoc
3831,"Fora isso, ótimo curso, ótimo professor e ótimo conteúdo!",positive,cung_cap_tai_lieu
3831,"Fora isso, ótimo curso, ótimo professor e ótimo conteúdo!",positive,ky_nang_giang_day
3831,"Fora isso, ótimo curso, ótimo professor e ótimo conteúdo!",positive,noi_chung
3832,"Foi um curso muito interessante, porém, com inclusões, ele foi tendencioso em relação à história espanhola.",positive,noi_chung
3833,"Normalmente, gosto de cursos com muita ênfase em ciências, mas esta aula foi bem apresentada para pessoas de nível intermediário ou que não têm formação científica.",positive,ky_nang_giang_day
3835,É um bom curso e os conteúdos são muito úteis.,positive,noi_chung
3835,É um bom curso e os conteúdos são muito úteis.,positive,cung_cap_tai_lieu
3836,Foi desafiador de certa forma e MUITO interessante.,positive,noi_chung
3836,Foi desafiador de certa forma e MUITO interessante.,positive,chuong_trinh_hoc
3837,"Excelente aulas, decepcionante pela dificuldade das tarefas.",positive,ky_nang_giang_day
3837,"Excelente aulas, decepcionante pela dificuldade das tarefas.",positive,bai_tap
3838,Este curso me inspira muito.,positive,noi_chung
3839,"A forma como o tema é abordado é bastante clara e direta, sendo de fácil compreensão.",positive,chuong_trinh_hoc
3840,"Em geral, o curso é muito informativo, rico, baseado em instruções e tem exercícios muito bons que abrangem todo o conteúdo do curso com uma boa experiência prática inicial.",positive,chuong_trinh_hoc
3840,"Em geral, o curso é muito informativo, rico, baseado em instruções e tem exercícios muito bons que abrangem todo o conteúdo do curso com uma boa experiência prática inicial.",positive,bai_tap
3840,"Em geral, o curso é muito informativo, rico, baseado em instruções e tem exercícios muito bons que abrangem todo o conteúdo do curso com uma boa experiência prática inicial.",positive,ky_nang_giang_day
3840,"Em geral, o curso é muito informativo, rico, baseado em instruções e tem exercícios muito bons que abrangem todo o conteúdo do curso com uma boa experiência prática inicial.",positive,noi_chung
3841,"Eu recomendaria este curso, mas espero que os administradores do curso aproveitem esse feedback e tornem as tarefas mais claras no futuro.",positive,de_xuat
3842,"Se você interpreta literatura dos campos psicológico ou médico, este é um ótimo recurso.",positive,noi_chung
3843,Eu me diverti muito e aprendi muitas informações.,positive,chuong_trinh_hoc
3843,Eu me diverti muito e aprendi muitas informações.,positive,noi_chung
3844,"Este é um curso ideal curso para uma pessoa que está pensando em usar o Google Cloud Platform, mas não tem certeza de quais são as vantagens e recursos.",positive,noi_chung
3845,Recomendo fortemente também a revisão de álgebra linear.,positive,de_xuat
3846,Ajudou-me a ir do conhecimento técnico zero sobre aprendizado de máquina até o ponto em que me sinto confortável para implementar e consigo pensar nessas implementações.,positive,noi_chung
3847,Isso foi uma perda de tempo.,negative,chuong_trinh_hoc
3848,Eu gosto muito deste curso.,positive,noi_chung
3849,Trabalho de curso foi bem fácil.,positive,bai_tap
3850,"Entender estatística não é fácil, mas caffo nos faz entendê-las facilmente...",positive,ky_nang_giang_day
3851,Altamente recomendado.,positive,de_xuat
3852,Dou 4 estrelas de 5 porque são necessárias algumas melhorias em relação aos prazos esperados na semana 3 e por alguns bugs técnicos: é preciso estar logado em um navegador para participar do fórum de discussão - não consegui fazer funcionar nos meus aplicativos para iPad ou iPhone.,neutral,chuong_trinh_hoc
3852,Dou 4 estrelas de 5 porque são necessárias algumas melhorias em relação aos prazos esperados na semana 3 e por alguns bugs técnicos: é preciso estar logado em um navegador para participar do fórum de discussão - não consegui fazer funcionar nos meus aplicativos para iPad ou iPhone.,negative,noi_chung
3853,"Pelo que me lembro, a Introdução original ao Python do Dr. Chuck curso, que estreou há cerca de 3 a 4 anos, foi dividida em duas.",positive,noi_chung
3854,"Não importa se você cometer erros, o tutor está de volta e fornece o código-fonte antes e depois.",positive,ky_nang_giang_day
3855,Seu estilo claro e simplista de apresentação de conceitos complexos com exemplos adequados garante que o aluno compreenda a essência com facilidade e navegue por algoritmos complexos com confiança.,positive,ky_nang_giang_day
3855,Seu estilo claro e simplista de apresentação de conceitos complexos com exemplos adequados garante que o aluno compreenda a essência com facilidade e navegue por algoritmos complexos com confiança.,positive,kinh_nghiem
3856,Obrigado Coursera e à Universidade Estadual de Michigan pela oportunidade.,positive,noi_chung
3857,Aprendi muito nessa especialização e agora tenho uma visão maior para meu aprendizado futuro e para minha startup.,positive,noi_chung
3860,Recomendo a todos que querem começar a aprender Python ou programação em geral!,positive,de_xuat
3861,"Em outras palavras, ele ensina como escrever código R que funciona, mas não ensina como escrever um bom código em R.",positive,chuong_trinh_hoc
3862,É um ótimo curso para entender e aprender os princípios do Machine Learning e seus métodos e algoritmos.,positive,noi_chung
3862,É um ótimo curso para entender e aprender os princípios do Machine Learning e seus métodos e algoritmos.,positive,chuong_trinh_hoc
3864,Obrigado Prof Chuck e CTA.,positive,ky_nang_giang_day
3865,Muito obrigado por isso Curso.,positive,noi_chung
3866,É como se o design gráfico fosse fácil.,positive,ky_nang_giang_day
3867,"No entanto, perdi muito tempo assistindo a vídeos incompletos e tentando completar questionários que cobriam material que não foi abordado ou que foi abordado apenas parcialmente nos vídeos.",negative,ky_nang_giang_day
3867,"No entanto, perdi muito tempo assistindo a vídeos incompletos e tentando completar questionários que cobriam material que não foi abordado ou que foi abordado apenas parcialmente nos vídeos.",negative,bai_tap
3868,Os professores são fáceis de ouvir.,positive,ky_nang_giang_day
3869,"E seria melhor se pudéssemos ver todo o código do vídeo, mas na aula 3 da semana 1 algumas funções foram bloqueadas e não tenho certeza se consegui fazer direito sozinho.",negative,noi_chung
3870,"Muito bom curso, recomendo a qualquer um que trabalhe na região MENA como jornalista ou empresário.",positive,de_xuat
3870,"Muito bom curso, recomendo a qualquer um que trabalhe na região MENA como jornalista ou empresário.",positive,de_xuat
3871,Eu realmente ganhei muito com isso curso.,positive,noi_chung
3872,Andrew dedica um tempo para explicar claramente os conceitos.,neutral,ky_nang_giang_day
3873,"Na verdade, eu nunca tinha experimentado algo tão incrível palestra!",positive,ky_nang_giang_day
3874,Gostei muito.,positive,noi_chung
3875,"Muito interessante curso, eu realmente gosto da aula com Dr. Chuck porque ele faz explicações fáceis de diferentes conceitos em programação, o que torna os exercícios fáceis de resolver.",positive,noi_chung
3875,"Muito interessante curso, eu realmente gosto da aula com Dr. Chuck porque ele faz explicações fáceis de diferentes conceitos em programação, o que torna os exercícios fáceis de resolver.",positive,ky_nang_giang_day
3875,"Muito interessante curso, eu realmente gosto da aula com Dr. Chuck porque ele faz explicações fáceis de diferentes conceitos em programação, o que torna os exercícios fáceis de resolver.",positive,ky_nang_giang_day
3875,"Muito interessante curso, eu realmente gosto da aula com Dr. Chuck porque ele faz explicações fáceis de diferentes conceitos em programação, o que torna os exercícios fáceis de resolver.",positive,ky_nang_giang_day
3876,"Adorei a maneira como os diferentes problemas são explicados, gosto dos gráficos, dos vídeos, dos questionários - tudo!",positive,chuong_trinh_hoc
3876,"Adorei a maneira como os diferentes problemas são explicados, gosto dos gráficos, dos vídeos, dos questionários - tudo!",positive,ky_nang_giang_day
3876,"Adorei a maneira como os diferentes problemas são explicados, gosto dos gráficos, dos vídeos, dos questionários - tudo!",positive,bai_tap
3877,Gosto do professor e as conversas são uma boa prática de escuta.,positive,ky_nang_giang_day
3878,As tarefas foram muito instrutivas e bem explicadas pela equipe no Fórum de discussão. Muito obrigado à equipe e à Universidade de Michigan pelo curso.,positive,bai_tap
3878,As tarefas foram muito instrutivas e bem explicadas pela equipe no Fórum de discussão. Muito obrigado à equipe e à Universidade de Michigan pelo curso.,positive,ky_nang_giang_day
3878,As tarefas foram muito instrutivas e bem explicadas pela equipe no Fórum de discussão. Muito obrigado à equipe e à Universidade de Michigan pelo curso.,positive,hanh_vi
3879,Estou extremamente insatisfeito e gostaria de não ter pago por essa especialização.,negative,noi_chung
3880,Eu recomendo muito.,positive,de_xuat
3881,"Era irrelevante até para minha área de estudo, mas professor Murayama tornou tão fácil de entender como se eu tivesse estudado esse assunto a minha vida inteira.",positive,ky_nang_giang_day
3882,"Muito bem informado professor, mas fácil e agradável de seguir.",positive,ky_nang_giang_day
3882,"Muito bem informado professor, mas fácil e agradável de seguir.",positive,ky_nang_giang_day
3883,repetitivo . longo . muito acadêmico . termos desnecessários .,negative,bai_tap
3883,repetitivo . longo . muito acadêmico . termos desnecessários .,negative,bai_tap
3884,Realmente está mudando a vida claro!,positive,noi_chung
3886,"Se você tem dificuldades com Cálculo, você definitivamente deveria fazer este curso.",positive,noi_chung
3887,"No geral, ótima experiência.",positive,noi_chung
3888,Primeira vez fazendo programação curso.,positive,noi_chung
3889,"O projeto final em si foi decepcionante, aprendi muito mais fazendo meu próprio aplicativo na aula nº 3.",negative,bai_tap
3890,"Mas o instrutor não deu uma breve descrição sobre o que é, em vez disso, ele apenas continua dizendo que quando você não tem uma pergunta clara em mente, você corre o risco de dragagem de dados.",negative,ky_nang_giang_day
3891,"Não foi muito fácil para mim terminar estes curso devido à minha agenda lotada, mas encontrei alguma sensibilidade na linguagem de computador com este curso.",negative,noi_chung
3892,O estudo de caso tarefa final foi definitivamente útil para pensar sobre várias das métricas abordadas ao longo das quatro semanas.,positive,bai_tap
3893,"Estou gostando da mistura de elementos básicos e detalhes, além das excursões ao LHC e a um tokamac.",positive,chuong_trinh_hoc
3894,Levei 2 semanas (não 6 horas como o tutor mencionou) para completar metade da segunda tarefa e estou prestes a dizer que não aprendi nada sobre o MongoDB.,negative,bai_tap
3895,"Aproveitei cada minuto do curso e recomendo que outros façam o mesmo : ) O conhecimento transmitido aqui é de suma importância não apenas para quem ensina inglês, mas também para qualquer professor de qualquer disciplina.",positive,de_xuat
3895,"Aproveitei cada minuto do curso e recomendo que outros façam o mesmo : ) O conhecimento transmitido aqui é de suma importância não apenas para quem ensina inglês, mas também para qualquer professor de qualquer disciplina.",positive,de_xuat
3895,"Aproveitei cada minuto do curso e recomendo que outros façam o mesmo : ) O conhecimento transmitido aqui é de suma importância não apenas para quem ensina inglês, mas também para qualquer professor de qualquer disciplina.",positive,ky_nang_giang_day
3896,"Para aqueles que têm o conhecimento essencial de tudo isso, o curso seria uma repetição do básico.",positive,noi_chung
3897,Gostaria que houvesse mais aulas relacionadas ao PP da UVA.,negative,ky_nang_giang_day
3898,"Minha única reclamação é que o dever de casa é bastante restritivo (apenas um jogo de uma página por semana, o que significa que há muito o que fazer), mas eu aprecio o fato de que ele simplifica as coisas e, no mínimo, o incentiva a ser ainda mais criativo, além do típico ""jogo de tabuleiro"".",negative,bai_tap
3900,Prof. Severance é um ótimo instrutor que faz coisas difíceis parecerem fáceis.,positive,ky_nang_giang_day
3900,Prof. Severance é um ótimo instrutor que faz coisas difíceis parecerem fáceis.,positive,ky_nang_giang_day
3901,"Obrigado, Professor Randy, Northwester University e Coursera.",positive,ky_nang_giang_day
3902,O curso é excelente.,positive,noi_chung
3903,"No entanto, nunca consegui enviar as fotos para o prompt final.",negative,noi_chung
3904,Um curso útil e prático curso que foi divertido e interessante de fazer.,positive,noi_chung
3905,"O conteúdo é ótimo e não se estende demais a ponto de assustar você, desenvolvedor de jogos.",positive,cung_cap_tai_lieu
3905,"O conteúdo é ótimo e não se estende demais a ponto de assustar você, desenvolvedor de jogos.",positive,cung_cap_tai_lieu
3906,"Cobertura decente dos conceitos básicos, mas alguns dos dados, ferramentas e abordagens usadas estão desatualizados em 2 a 3 anos, o que é particularmente problemático no espaço social em rápida evolução.",positive,noi_chung
3907,"Gostei porque realmente me ajudou a entender os detalhes das citações, o que eu precisava saber para continuar com este curso.",positive,chuong_trinh_hoc
3908,"As aulas em vídeo ajudarão você a passar nos questionários, pois são principalmente teoria e contexto.",positive,ky_nang_giang_day
3908,"As aulas em vídeo ajudarão você a passar nos questionários, pois são principalmente teoria e contexto.",positive,bai_tap
3910,Obrigado a todos da Coursera e da Universidade da Virgínia que tornaram este MOOC possível.,positive,noi_chung
3911,"Gosto do método ""aprender fazendo"" adotado e durante o curso você construiu um bom site.",positive,chuong_trinh_hoc
3912,Fiz esse curso há mais de um ano e ainda consigo me lembrar dos históricos de casos.,negative,noi_chung
3913,Não é muita coisa para aprender.,neutral,noi_chung
3914,Ele abre uma grande variedade de tópicos e os traça ao longo da evolução da fotografia desde seus primórdios até hoje.,positive,chuong_trinh_hoc
3915,"Paguei uma quantia razoável de dinheiro para participar deste curso e fiquei muito decepcionado porque ele simplesmente funciona no piloto automático, sem nenhum lugar para onde recorrer em busca de resolução, perguntas ou ajuda.",negative,chuong_trinh_hoc
3915,"Paguei uma quantia razoável de dinheiro para participar deste curso e fiquei muito decepcionado porque ele simplesmente funciona no piloto automático, sem nenhum lugar para onde recorrer em busca de resolução, perguntas ou ajuda.",negative,hanh_vi
3916,Auditar o curso me deu acesso a todo o material e conhecimento do curso que eu precisava sem ter que esvaziar minha conta bancária.,positive,noi_chung
3917,Dr. Mathew Yee King é meu favorito neste curso.,positive,ky_nang_giang_day
3918,Gosto muito da maneira como os pesquisadores apresentam sua área e falam sobre as publicações recentes relacionadas.,positive,ky_nang_giang_day
3919,Tenho tido uma ótima experiência aprendendo uma nova área de estudo com o tutorial bem explicado e bem guiado do Dr. Ng.,positive,noi_chung
3919,Tenho tido uma ótima experiência aprendendo uma nova área de estudo com o tutorial bem explicado e bem guiado do Dr. Ng.,positive,ky_nang_giang_day
3919,Tenho tido uma ótima experiência aprendendo uma nova área de estudo com o tutorial bem explicado e bem guiado do Dr. Ng.,positive,ky_nang_giang_day
3920,Eu definitivamente recomendo a qualquer um interessado em programação Python que considere fazer este curso com Dr. Chuck.,positive,de_xuat
3920,Eu definitivamente recomendo a qualquer um interessado em programação Python que considere fazer este curso com Dr. Chuck.,positive,ky_nang_giang_day
3921,Compartilhando e legal claro!,positive,noi_chung
3922,Foi uma experiência fantástica e mal posso esperar para colocar em prática o que aprendi.,positive,noi_chung
3923,"Não sei qual é o problema, pois estudo bem os vídeos e quando se trata de fazer teste nunca passo, então assisto aos vídeos várias vezes, mas sempre dá o mesmo resultado. A parte de outras línguas não tenho certeza de qual é o objetivo disso.",negative,bai_tap
3924,É simples e fácil de entender.,positive,chuong_trinh_hoc
3925,Bom aprendizado!,positive,noi_chung
3926,"Este curso pode ser útil para pessoas que estão começando como profissionais de mídia social, mas se você já trabalha nesta área, você achará este curso incrivelmente chato.",negative,chuong_trinh_hoc
3927,"Obrigado por me fazer entender os princípios básicos das finanças, OMG.",positive,chuong_trinh_hoc
3928,"Os outros aspectos da literatura, pintura e artes mais populares (kilts, tradições orais, etc.) foram uma agradável surpresa.",positive,ky_nang_giang_day
3929,"muito útil. todas as informações abordadas são praticamente senso comum, e ainda assim as pessoas não prestam atenção a todas as pequenas coisas discutidas neste curso. bem. eu me diverti ouvindo as palestras e definitivamente aplicarei os conceitos à minha rotina diária. obrigado",positive,chuong_trinh_hoc
3930,Melhoria em relação ao primeiro curso.,positive,noi_chung
3931,Muito bom conteúdo.,positive,noi_chung
3932,"É um começo sólido, melhor do que ler sobre isso em algum lugar na internet.",positive,noi_chung
3933,"Além disso, o professor é difícil de entender muitas vezes.",negative,ky_nang_giang_day
3935,"Por fim, este curso me ajudou a ter uma noção de diferentes teorias políticas e aumentou muito meu interesse.",positive,noi_chung
3936,Simplesmente incrível!,positive,noi_chung
3937,Espero que isso seja útil.,positive,noi_chung
3938,"Se você está procurando um curso geral de HTML, isso é para você.",positive,noi_chung
3939,E se você não concordar totalmente com a IDEIA de que a temática apresentação da arte é a maneira como a arte moderna deve ser apresentada?,negative,ky_nang_giang_day
3940,"Dito isto, parece que eles poderiam ter feito um trabalho muito melhor ao introduzir conceitos básicos em vídeo que teriam dado aos não programadores um melhor ponto de partida para procurar pesquisadores externos.",positive,ky_nang_giang_day
3940,"Dito isto, parece que eles poderiam ter feito um trabalho muito melhor ao introduzir conceitos básicos em vídeo que teriam dado aos não programadores um melhor ponto de partida para procurar pesquisadores externos.",positive,ky_nang_giang_day
3941,Eu realmente sinto que este curso me deu alguns novos insights valiosos com os quais pude ver o mundo ao meu redor e a mim mesmo.,positive,noi_chung
3942,"Aprendi muitas técnicas básicas de regência, que são fundamentais para o meu sonho de ser maestro de orquestra.",positive,noi_chung
3943,Os cursos são ótimos.,positive,noi_chung
3944,Foi desafiador.,positive,noi_chung
3945,Recomendo com certeza.,positive,de_xuat
3946,Prof. Yaakov Chaikin é muito habilidoso e torna seus vídeos divertidos de assistir.,positive,ky_nang_giang_day
3946,Prof. Yaakov Chaikin é muito habilidoso e torna seus vídeos divertidos de assistir.,positive,ky_nang_giang_day
3947,"O material é bem gerenciado e organizado, mas não consigo realmente ouvir ou entender.",positive,cung_cap_tai_lieu
3948,Assunto complexo relacionado de forma compreensível para aqueles que têm alguma formação básica nesta área.,positive,chuong_trinh_hoc
3949,Definitivamente levo algumas coisas que posso usar no meu trabalho.,positive,noi_chung
3950,Sinto que realmente aprendi muito com este curso e estou ansioso para implementar algumas de suas técnicas.,positive,noi_chung
3950,Sinto que realmente aprendi muito com este curso e estou ansioso para implementar algumas de suas técnicas.,positive,noi_chung
3952,"O Professor é excelente, didático e explica as aulas com clareza.",positive,ky_nang_giang_day
3952,"O Professor é excelente, didático e explica as aulas com clareza.",positive,ky_nang_giang_day
3952,"O Professor é excelente, didático e explica as aulas com clareza.",positive,ky_nang_giang_day
3953,A tarefa também lhe dá a oportunidade de praticar esses algoritmos em alguns exemplos de aplicação.,positive,bai_tap
3954,Mais um grande obrigado pelo seu ótimo humor!,positive,ky_nang_giang_day
3955,Ganhei uma nova perspectiva sobre usabilidade (testes e implementação) que empregarei em minhas práticas de autenticação de rede e desenvolvimento de políticas.,positive,noi_chung
3956,"Tentei começar a usar o Unity por conta própria, por meio de livros e tutoriais, mas nunca cheguei muito longe nas 4 semanas deste curso.",negative,noi_chung
3957,"Há um certo estilo de ensino ao qual você precisa se acostumar no começo, mas quando isso acontece, as aulas se tornam muito claras e fáceis de seguir.",positive,ky_nang_giang_day
3957,"Há um certo estilo de ensino ao qual você precisa se acostumar no começo, mas quando isso acontece, as aulas se tornam muito claras e fáceis de seguir.",positive,ky_nang_giang_day
3958,"Inteligente, casual e ainda assim preciso lições ajudará você a passar pelos passos iniciais necessários na linguagem, construindo uma base fundamental onde você desenvolverá suas habilidades de codificação em Python!",positive,ky_nang_giang_day
3958,"Inteligente, casual e ainda assim preciso lições ajudará você a passar pelos passos iniciais necessários na linguagem, construindo uma base fundamental onde você desenvolverá suas habilidades de codificação em Python!",positive,ky_nang_giang_day
3960,Ele faz pausas frequentes para ler essas anotações e não tem entusiasmo algum em dar aulas.,negative,ky_nang_giang_day
3960,Ele faz pausas frequentes para ler essas anotações e não tem entusiasmo algum em dar aulas.,negative,hanh_vi
3961,Fiquei entediado quando cheguei à semana 3 e parecia impossível manter o foco e concluir tudo tarefas.,negative,bai_tap
3961,Fiquei entediado quando cheguei à semana 3 e parecia impossível manter o foco e concluir tudo tarefas.,negative,noi_chung
3962,"Claro vídeos (legendados para pessoas que não falam inglês), de forma compacta, dicas e truques para aprendizado e memória que são tão óbvios quando olhamos para eles, mas são tão úteis.",positive,ky_nang_giang_day
3962,"Claro vídeos (legendados para pessoas que não falam inglês), de forma compacta, dicas e truques para aprendizado e memória que são tão óbvios quando olhamos para eles, mas são tão úteis.",positive,ky_nang_giang_day
3963,"A única coisa que gostei neste curso foram os conjuntos de problemas, que foram interessantes de fazer.",positive,bai_tap
3964,Desatualizado e sem suporte!,negative,noi_chung
3964,Desatualizado e sem suporte!,negative,noi_chung
3965,Muito claro professor.,positive,ky_nang_giang_day
3966,Instrutor e mentores não agregaram valor ao curso.,negative,ky_nang_giang_day
3966,Instrutor e mentores não agregaram valor ao curso.,negative,ky_nang_giang_day
3967,"Para pessoas experientes - provavelmente um bom número, já que este é um curso de Ciência de Dados para Executivos - era bem básico.",neutral,chuong_trinh_hoc
3969,Ótima abordagem prática para aprendizado de máquina.,positive,noi_chung
3970,"O conteúdo do curso é extremamente útil para jovens cientistas emergentes como eu; no entanto, os vídeos foram muito difíceis de acompanhar porque a equipe fala rápido e com um sotaque francês muito forte.",positive,cung_cap_tai_lieu
3970,"O conteúdo do curso é extremamente útil para jovens cientistas emergentes como eu; no entanto, os vídeos foram muito difíceis de acompanhar porque a equipe fala rápido e com um sotaque francês muito forte.",positive,ky_nang_giang_day
3971,"Além disso, aprendi muitas dessas estatísticas na faculdade e as explicações fornecidas nessas aulas realmente me confundiram sobre coisas que eu já sabia.",negative,chuong_trinh_hoc
3972,"Anos depois, precisei aprimorar minhas habilidades e descobri que o Coursera tinha muitas das aulas que eu queria fazer - e agora sinto que meu MFA é um MFA",positive,noi_chung
3973,Gostei do fato de palestras do TED e outras fontes de vídeo terem sido usadas no programa.,positive,cung_cap_tai_lieu
3974,"Ainda tentei assistir ao conteúdo do curso, mas percebi que o instrutor falava mais sobre o que planejava abordar do que realmente abordava algo substancial.",negative,kinh_nghiem
3975,Foi um curso muito bom.,positive,noi_chung
3976,então eu acho que deve existir melhor materiais para slides mais organizados.,negative,cung_cap_tai_lieu
3977,Algum artigo como tarefa final seria útil.,negative,bai_tap
3978,Adoraria ver mais avaliações de colegas (ainda não recebi nenhuma sobre meus poemas).,negative,hanh_vi
3979,"Mas o conteúdo e os exercícios propostos são ótimos, uma das melhores e mais práticas abordagens para improvisação de bebop",positive,ky_nang_giang_day
3980,Recomendo muito este curso.,positive,de_xuat
3981,"Obrigado Dr. Zwetsloot, suas lições e exemplos foram: práticos, claros e claros.",positive,ky_nang_giang_day
3981,"Obrigado Dr. Zwetsloot, suas lições e exemplos foram: práticos, claros e claros.",positive,ky_nang_giang_day
3982,"Dei apenas 4 estrelas porque às vezes é muito difícil de entender, especialmente palavras-chave (não estou falando do sotaque, mas dos nomes latinos de grupos e famílias, etc.); tive que verificar constantemente as legendas para elas.",positive,chuong_trinh_hoc
3982,"Dei apenas 4 estrelas porque às vezes é muito difícil de entender, especialmente palavras-chave (não estou falando do sotaque, mas dos nomes latinos de grupos e famílias, etc.); tive que verificar constantemente as legendas para elas.",neutral,chuong_trinh_hoc
3983,"Fica um pouco irregular nas semanas 3 e 4 (parece que algumas planilhas não foram verificadas quanto a erros), mas isso nunca desperdiça seu tempo.",negative,chuong_trinh_hoc
3983,"Fica um pouco irregular nas semanas 3 e 4 (parece que algumas planilhas não foram verificadas quanto a erros), mas isso nunca desperdiça seu tempo.",positive,noi_chung
3984,Não é adequado para iniciantes absolutos nem como um curso independente curso.,negative,noi_chung
3985,Gostei muito deste curso.,positive,noi_chung
3986,"Se o método tivesse tido um pouco mais de variação, como animações, análise de vídeo, estudos de caso, talvez mais visitantes especialistas etc., teria sido ainda melhor e mais duradouro a longo prazo.",neutral,ky_nang_giang_day
3987,Eu pessoalmente gostei de fazer isso curso e estou ansioso para fazer mais curso.,positive,noi_chung
3988,"As palestras são divertidas e informativas, e o professor é charmoso e engraçado.",positive,ky_nang_giang_day
3988,"As palestras são divertidas e informativas, e o professor é charmoso e engraçado.",positive,noi_chung
3989,É um ótimo curso para introdução à identificação de oportunidades de empreendedorismo social.,positive,noi_chung
3990,"Os estudos de caso foram relevantes e interessantes, e os palestrantes convidados também foram bons.",positive,chuong_trinh_hoc
3990,"Os estudos de caso foram relevantes e interessantes, e os palestrantes convidados também foram bons.",positive,chuong_trinh_hoc
3990,"Os estudos de caso foram relevantes e interessantes, e os palestrantes convidados também foram bons.",positive,ky_nang_giang_day
3991,"Além disso, muitas vezes, as legendas em inglês não estão corretas. Tenho a sensação de que a máquina fez isso.",negative,noi_chung
3992,Dois polegares para cima!!,positive,noi_chung
3993,"Na primeira semana, o professor passou por todo o enredo de Harry Potter, o que pareceu uma perda de tempo.",negative,ky_nang_giang_day
3994,Realmente ótimo curso em todos os aspectos.,positive,noi_chung
3995,Isso deve ficar claro logo no início da descrição do curso.,neutral,noi_chung
3996,Adorei as instruções dadas pelo instrutor.,positive,ky_nang_giang_day
3997,"Excelente curso para entender estudos e políticas sobre terrorismo, suas origens e as formas de entendê-lo.",positive,noi_chung
3998,"É verdade que, com um livro didático gratuito livro didático para uma versão mais antiga, esse é um problema menor até agora na série.",positive,noi_chung
4000,"O tópico é interessante, o curso conteúdo é apresentado de forma clara e as palestras são informativas.",positive,noi_chung
4000,"O tópico é interessante, o curso conteúdo é apresentado de forma clara e as palestras são informativas.",positive,ky_nang_giang_day
4000,"O tópico é interessante, o curso conteúdo é apresentado de forma clara e as palestras são informativas.",positive,ky_nang_giang_day
4001,"Para mim, isso me mostrou que as empresas são mais parecidas do que pensamos.",positive,noi_chung
4002,A maioria da aula foi apenas uma cópia do livro de Stokes.,negative,noi_chung
4003,Gosto muito de como cada vídeo é uma análise aprofundada de um exemplo específico e que ele diz o que ignorar e quando.,positive,ky_nang_giang_day
4004,Acho que o curso deveria adicionar um vídeo para explicar mais detalhadamente alguns conceitos como variáveis. Muitos dos meus problemas surgiram de dúvidas profundas que eu tinha sobre isso. Talvez explicar variáveis em hardware e variáveis como ponteiros.,neutral,ky_nang_giang_day
4005,Achei a aula bem ensinada e fiquei ansioso para participar de todas as semanas da aula.,positive,noi_chung
4006,Este curso me forneceu as ferramentas e a metodologia de que preciso para ser mais estratégico e focado na gestão da minha carreira.,positive,chuong_trinh_hoc
4007,"Apenas uma tarefa no final, então você passa por 3 semanas antes de ser solicitado a codificar (isso parece um grande erro para qualquer curso de programação).",negative,bai_tap
4008,Essa foi uma aula fantástica aula.,positive,noi_chung
4009,Achei o professor brilhante e perspicaz.,positive,ky_nang_giang_day
4010,É o começo perfeito para iniciantes absolutos.,positive,noi_chung
4011,Gostei muito de como o ritmo das tarefas está aumentando em complexidade em um ritmo muito bom.,positive,bai_tap
4013,Um dos melhores cursos que fiz até agora.,positive,noi_chung
4014,"As atribuições solicitam que você seja fotografado ou filmado, e não há nenhuma isenção de responsabilidade de que suas fotos ou sua privacidade serão protegidas.",negative,bai_tap
4015,Agradecemos aos professores que tornaram este curso possível e especialmente ao Dr. Peng que se dispôs a passar algum tempo conosco pessoalmente por vídeo.,positive,ky_nang_giang_day
4015,Agradecemos aos professores que tornaram este curso possível e especialmente ao Dr. Peng que se dispôs a passar algum tempo conosco pessoalmente por vídeo.,positive,ky_nang_giang_day
4016,"Graças a Barb Oakley e Terry Sejnowski, vocês se tornaram meus professores favoritos.",positive,ky_nang_giang_day
4016,"Graças a Barb Oakley e Terry Sejnowski, vocês se tornaram meus professores favoritos.",positive,ky_nang_giang_day
4017,"Em primeiro lugar, o instrutor tinha um material e equipamento muito bem elaborado",positive,ky_nang_giang_day
4017,"Em primeiro lugar, o instrutor tinha um material e equipamento muito bem elaborado",positive,cung_cap_tai_lieu
4018,Gostei do conteúdo e trabalhos de casa.,positive,bai_tap
4019,Valeu muito a pena o tempo que você gastou acompanhando este curso.,positive,chuong_trinh_hoc
4020,"A semana de programação dinâmica foi um pouco mais difícil do que as outras semanas, mas acho que isso poderia ser remediado com mais visualizações durante as palestras.",positive,ky_nang_giang_day
4020,"A semana de programação dinâmica foi um pouco mais difícil do que as outras semanas, mas acho que isso poderia ser remediado com mais visualizações durante as palestras.",neutral,chuong_trinh_hoc
4021,Dr. Charles os métodos de ensino são muito eficazes.,positive,ky_nang_giang_day
4022,Estou com dificuldade em ver a relevância.,negative,ky_nang_giang_day
4023,"Nesse sentido, senti que o curso começou a ser mais voltado para estudantes do que para adultos trabalhadores.",positive,noi_chung
4025,Aprendi muito com isso para ensinar a mim mesmo e aos meus filhos também.,positive,noi_chung
4026,"No geral, não gosto deste curso - principalmente porque é muito difícil.",negative,noi_chung
4027,"No final, você se sentirá bem por aprender computação.",positive,noi_chung
4028,"O vocabulário abordado era muito limitado e o curso não enfatizava muito a gramática, então você não deve esperar ser capaz de formar suas próprias frases depois de fazer este curso.",positive,noi_chung
4028,"O vocabulário abordado era muito limitado e o curso não enfatizava muito a gramática, então você não deve esperar ser capaz de formar suas próprias frases depois de fazer este curso.",negative,noi_chung
4028,"O vocabulário abordado era muito limitado e o curso não enfatizava muito a gramática, então você não deve esperar ser capaz de formar suas próprias frases depois de fazer este curso.",negative,chuong_trinh_hoc
4029,"Além disso, parece que ele é genuinamente um fã dos Beatles, assim como eu.",positive,noi_chung
4030,"Terminei o curso e comprei dois livros do instrutor para ""reviver"" esse material.",positive,noi_chung
4031,Este curso ensina não apenas Python e também como programar.,positive,noi_chung
4032,"Gostei muito das palestras com explicações claras sobre diferentes aspectos da estrutura política, militar e social grega e as diferenças entre as diferentes pólis.",positive,ky_nang_giang_day
4032,"Gostei muito das palestras com explicações claras sobre diferentes aspectos da estrutura política, militar e social grega e as diferenças entre as diferentes pólis.",positive,ky_nang_giang_day
4034,Decepcionado com esta aula.,negative,noi_chung
4035,Este é um curso de criação .,positive,noi_chung
4037,Este é definitivamente meu curso favorito no Coursera e em qualquer outro lugar na internet!,positive,noi_chung
4038,É realmente uma verdadeira aula para iniciantes.,positive,noi_chung
4039,Fiquei particularmente surpreso com a baixa qualidade do material.,negative,cung_cap_tai_lieu
4041,"Para mim, seria mais útil se os professores ou mentores dessem seu próprio feedback na tarefa da semana 4 - Prototipagem.",neutral,hanh_vi
4042,E o palestrante Sr. Tim Roughgarden apresentou a essência que eu preciso.,positive,ky_nang_giang_day
4043,Um dos cursos mais úteis  que já tive. . .,positive,chuong_trinh_hoc
4044,Acredito que posso aprender com sucesso coisas que nunca pensei que conseguiria!,positive,noi_chung
4045,Muito obrigado por disponibilizar este material.,positive,cung_cap_tai_lieu
4046,"Embora o entusiasmo e a paixão do Professor Kaul pelas finanças sejam inspiradores, suas palestras não são totalmente úteis na hora de enfrentar as tarefas.",negative,ky_nang_giang_day
4046,"Embora o entusiasmo e a paixão do Professor Kaul pelas finanças sejam inspiradores, suas palestras não são totalmente úteis na hora de enfrentar as tarefas.",positive,ky_nang_giang_day
4047,"Mesmo assim, bom curso de uma das melhores escolas de negócios do mundo.",positive,noi_chung
4048,A lista de leituras opcionais é útil para obter uma compreensão mais profunda.,positive,cung_cap_tai_lieu
4049,Acredito que esta seja uma ótima introdução à Programação funcional.,positive,cung_cap_tai_lieu
4050,"Gostei do formato vídeo curto, é envolvente e mais fácil de integrar em nossas vidas.",positive,ky_nang_giang_day
4050,"Gostei do formato vídeo curto, é envolvente e mais fácil de integrar em nossas vidas.",positive,ky_nang_giang_day
4050,"Gostei do formato vídeo curto, é envolvente e mais fácil de integrar em nossas vidas.",positive,ky_nang_giang_day
4051,"Além disso, se você estiver seguindo a série completa de cursos, você terá adquirido um bom domínio sobre análise de estresse.",positive,noi_chung
4052,Este curso me ensinou muito e agora estou a caminho de aprender Python avançado.,positive,noi_chung
4053,As três primeiras semanas são totalmente triviais.,negative,noi_chung
4054,Gostei muito das palestras concisas e completas do Dr. White durante todo o curso.,positive,ky_nang_giang_day
4054,Gostei muito das palestras concisas e completas do Dr. White durante todo o curso.,positive,ky_nang_giang_day
4055,As leituras extras foram realmente revigorantes e gostaria de aprender mais sobre a combinação de tratamento/uso de dois ou mais antibióticos e outras ações para erradicar infecções crônicas.,positive,noi_chung
4056,O conteúdo do curso e tarefas são muito bons em cobrir os fundamentos de como manipular dados em Python. Aprendi muito que posso aplicar na prática.,positive,noi_chung
4056,O conteúdo do curso e tarefas são muito bons em cobrir os fundamentos de como manipular dados em Python. Aprendi muito que posso aplicar na prática.,positive,bai_tap
4057,Sinto-me absolutamente honrado por ter tido o privilégio de fazer um curso tão fascinante sobre algo pelo qual sou tão apaixonado.,positive,noi_chung
4058,O ritmo é bom.,positive,chuong_trinh_hoc
4059,Este curso é maravilhoso!,positive,noi_chung
4060,Eu também acho que mais tempo deveria ser alocado para títulos de projetos e uso de estruturas de derivativos para garantir fluxos de caixa e índices de trabalho para dar suporte a financiamentos e projetos competitivos.,neutral,chuong_trinh_hoc
4061,Você pode mergulhar em quase uma dúzia de teorias organizacionais e aprender quando e como aplicá-las como parte de sua caixa de ferramentas de gestão.,positive,noi_chung
4062,Super satisfeito com este curso!,positive,noi_chung
4063,Nossas tarefas eram simples e eu não sentia entusiasmo em fazê-las.,negative,bai_tap
4063,Nossas tarefas eram simples e eu não sentia entusiasmo em fazê-las.,negative,bai_tap
4064,"E, a propósito, Jana é a melhor palestrante entre todas que já vi no Coursera, muito viva, aberta, entusiasmada e dando informações com estrutura e objetivo.",positive,ky_nang_giang_day
4064,"E, a propósito, Jana é a melhor palestrante entre todas que já vi no Coursera, muito viva, aberta, entusiasmada e dando informações com estrutura e objetivo.",positive,noi_chung
4065,Meloni é uma instrutora encantadora - ela realmente faz você desejar que as apresentações fossem muito mais longas do que são.,positive,ky_nang_giang_day
4066,Uma grande oportunidade e essencial para qualquer pessoa que estuda ou trabalha na área da educação.,positive,noi_chung
4067,Altamente recomendado!,positive,de_xuat
4068,Direi que às vezes seria difícil acompanhar os professores é o único problema que tive com este curso.,negative,ky_nang_giang_day
4069,Este curso é uma introdução muito interessante à Teoria Sociológica Clássica.,positive,chuong_trinh_hoc
4070,palestrante é muito monótono e não é envolvente.,negative,ky_nang_giang_day
4071,"Neste curso, os alunos se tornam membros de uma comunidade de aprendizagem ativa e sempre ativa.",positive,noi_chung
4072,A qualidade do conteúdo é muito boa.,positive,cung_cap_tai_lieu
4073,"A classificação é feita como revisão por pares, o que é bom porque permite que você veja como seus colegas abordaram o problema.",positive,ham_diem
4074,Eu progredi na criação de jogos quando era novato.,positive,noi_chung
4075,Obrigado Margaret e Denis por organizar este curso.,positive,ky_nang_giang_day
4076,Um curso extremamente bem estruturado e útil.,positive,chuong_trinh_hoc
4076,Um curso extremamente bem estruturado e útil.,positive,chuong_trinh_hoc
4077,"Cobrar US$ 79 por este curso parece ter um custo-benefício ruim, especialmente para um aluno como eu.",negative,chuong_trinh_hoc
4078,Gostei do fato de haver ênfase na depuração e na melhoria do desempenho dos algoritmos.,positive,noi_chung
4079,"Então, é claro, devo a ele um grande agradecimento.",positive,ky_nang_giang_day
4080,"Ainda assim, é um curso muito sólido e instrutivo curso.",positive,noi_chung
4081,Dr. Chuck não deixou pedra sobre pedra para tornar este curso notavelmente compreensível e amigável ao aluno.,positive,ky_nang_giang_day
4081,Dr. Chuck não deixou pedra sobre pedra para tornar este curso notavelmente compreensível e amigável ao aluno.,positive,chuong_trinh_hoc
4081,Dr. Chuck não deixou pedra sobre pedra para tornar este curso notavelmente compreensível e amigável ao aluno.,positive,chuong_trinh_hoc
4082,"O escopo do curso é interessante, o objetivo é ambicioso e a estrutura é boa, mas o conteúdo e questionários muitas vezes estão fora do assunto.",positive,noi_chung
4082,"O escopo do curso é interessante, o objetivo é ambicioso e a estrutura é boa, mas o conteúdo e questionários muitas vezes estão fora do assunto.",positive,chuong_trinh_hoc
4082,"O escopo do curso é interessante, o objetivo é ambicioso e a estrutura é boa, mas o conteúdo e questionários muitas vezes estão fora do assunto.",positive,chuong_trinh_hoc
4082,"O escopo do curso é interessante, o objetivo é ambicioso e a estrutura é boa, mas o conteúdo e questionários muitas vezes estão fora do assunto.",neutral,bai_tap
4083,"Embora eu tivesse experiência anterior com cálculo, este curso me ajudou a esclarecer alguns conceitos básicos e me fez olhar para o cálculo de uma perspectiva totalmente diferente.",positive,chuong_trinh_hoc
4084,Ótimo curso para quem é novo em programação de computadores e quer aprender Python.,positive,noi_chung
4085,Você aprenderá algo novo ou melhorará em alguma área.,positive,noi_chung
4086,O programa é bem estruturado e o conteúdo é abordado com alguma profundidade (considerando a natureza introdutória do curso).,positive,chuong_trinh_hoc
4086,O programa é bem estruturado e o conteúdo é abordado com alguma profundidade (considerando a natureza introdutória do curso).,positive,chuong_trinh_hoc
4087,"No geral, é uma pena que professor Ng não ofereça uma especialização correspondente.",negative,kinh_nghiem
4088,"O curso deve indicar claramente que a tarefa só funciona em ambientes Linux/UNIX e que é necessário testar mais os scripts nas plataformas mais populares do sistema operacional Linux, em diferentes versões de C++ e em diferentes versões de Python.",neutral,bai_tap
4089,Eu recomendo fortemente a Linguagem e Ferramentas de Análise Financeira para o novo executivo e para o executivo antigo que busca atualizar seus conhecimentos e habilidades para expandir seus negócios.,positive,de_xuat
4090,"Além das videoaulas, também são fornecidas notas de aula e tarefas de casa para prática extra!",positive,cung_cap_tai_lieu
4092,"Enviei minhas tarefas no prazo, mas mesmo depois de um mês ainda não tive um colega que tenha concluído minha revisão, o que atrasa a ""conclusão"" do meu curso.",negative,ham_diem
4093,"Embora grande parte do conteúdo pareça senso comum, provavelmente é necessário construir uma base comum aqui para mais tarde cursos.",positive,noi_chung
4094,Sinto-me mais confiante e preparado para continuar estudando e fazendo meu TEFL agora que fiz esta aula.,positive,chuong_trinh_hoc
4095,Teste são legais.,positive,bai_tap
4096,"Este é um curso realmente fascinante, porque é organizado de uma forma que os alunos podem realmente tirar muito proveito dele, embora seja necessário muito esforço em comparação a outros cursos.",positive,noi_chung
4096,"Este é um curso realmente fascinante, porque é organizado de uma forma que os alunos podem realmente tirar muito proveito dele, embora seja necessário muito esforço em comparação a outros cursos.",positive,chuong_trinh_hoc
4096,"Este é um curso realmente fascinante, porque é organizado de uma forma que os alunos podem realmente tirar muito proveito dele, embora seja necessário muito esforço em comparação a outros cursos.",neutral,noi_chung
4097,Parabéns por se esforçar para criar uma sociedade melhor.,positive,noi_chung
4098,Este curso é uma introdução curso muito boa.,positive,noi_chung
4099,O designer do curso.,negative,chuong_trinh_hoc
4099,O designer do curso.,negative,chuong_trinh_hoc
4100,Alguns clipes educacionais parecem ter sido tirados do YouTube ou são vídeos promocionais de uma determinada iniciativa.,neutral,cung_cap_tai_lieu
4101,A equipe foi excelente em seu suporte e capacidade de resposta.,positive,ky_nang_giang_day
4101,A equipe foi excelente em seu suporte e capacidade de resposta.,positive,hanh_vi
4103,O melhor que já vi nessa área.,positive,noi_chung
4104,Este curso é o melhor curso online que já ouvi até agora no Coursera.,positive,noi_chung
4105,Ele e outros também compartilharam informações interessantes sobre aqueles que são ativos no movimento.,positive,kinh_nghiem
4106,Esta foi uma das melhores experiências educacionais que já tive e já obtive alguns títulos de doutorado e MBA.,positive,noi_chung
4107,Não é gratuito (você obtém uma licença de um ano) e oculta todas as ações do usuário.,negative,noi_chung
4108,"Em algumas semanas, as palestras foram bastante longas e densas, enquanto em outras foram um pouco secas.",negative,ky_nang_giang_day
4108,"Em algumas semanas, as palestras foram bastante longas e densas, enquanto em outras foram um pouco secas.",negative,ky_nang_giang_day
4109,"As palestras são uma visão geral muito breve dos tópicos, sem nada realmente ensinado.",negative,ky_nang_giang_day
4110,Algumas partes precisam de mais esclarecimentos.,negative,ky_nang_giang_day
4111,Gostei muito do curso.,positive,noi_chung
4112,Este curso é muito bem elaborado.,positive,chuong_trinh_hoc
4113,"Caso contrário, uma ótima aula.",positive,noi_chung
4114,Verdadeiramente um curso notável sobre programação funcional.,positive,noi_chung
4115,A equipe do curso responde rapidamente a quaisquer dúvidas.,positive,hanh_vi
4116,Gostei muito do curso!,positive,noi_chung
4117,"Ótimo palestras e bem explicado, exceto por uma palestra (6ª - talvez tenha sido eu, não entendendo o tópico direito).",positive,ky_nang_giang_day
4117,"Ótimo palestras e bem explicado, exceto por uma palestra (6ª - talvez tenha sido eu, não entendendo o tópico direito).",negative,ky_nang_giang_day
4118,Os instrutores estão projetando este curso de forma muito eficiente.,positive,chuong_trinh_hoc
4119,Sou novo na área de pesquisa qualitativa e estou gostando de cada palestra aqui.,positive,ky_nang_giang_day
4120,"Resumindo, este curso fornece uma base sólida para o desenvolvimento de habilidades em desenvolvimento web, e eu o recomendo sinceramente a todos que se interessam por esta área.",positive,chuong_trinh_hoc
4121,"Eu esperava ver muito mais sobre Design de ""Informação"", no sentido de Design de Comunicação, Design de Dados, Teoria da Comunicação e como você pode remover a ambiguidade de um design (visual, industrial, de conteúdo ou qualquer que seja o design).",negative,noi_chung
4122,"Não segui o curso para obter um ""certificado"", mas para aprender e receber feedback.",negative,hanh_vi
4123,Eu só queria ter lido os materiais extras materiais também.,negative,cung_cap_tai_lieu
4124,Gostei muito do minimalismo e achei que foi um ótimo estímulo para escrever.,positive,chuong_trinh_hoc
4125,"Bons professores tornam a experiência de aprendizagem fácil e divertida, ruins professores tornam isso uma tortura.",positive,ky_nang_giang_day
4126,Prof. Barbara Oakley descreveu coisas com recursos visuais.,positive,ky_nang_giang_day
4127,A maneira de apresentar foi excelente.,positive,ky_nang_giang_day
4128,Você pode descobrir o quão responsáveis os professores são (incluindo todos os indivíduos que participam da elaboração desta palestra)! Obrigado a todos novamente! !,positive,ky_nang_giang_day
4129,Incrível claro ! ! !,positive,noi_chung
4130,"No entanto, pelo que é, ou seja, um nível muito básico curso para ensinar os conceitos de programação com Python, é muito bem executado.",positive,noi_chung
4131,"O curso é muito interessante e completo, não consigo parar de ouvir as aulas uma de cada vez.",positive,noi_chung
4131,"O curso é muito interessante e completo, não consigo parar de ouvir as aulas uma de cada vez.",positive,chuong_trinh_hoc
4132,Este curso é definitivamente benéfico em muitos níveis.,positive,noi_chung
4133,"Mesmo que seja uma visão geral, é muito clara.",positive,chuong_trinh_hoc
4134,Eu recomendaria este curso para qualquer pessoa que seja muito apaixonada pela biologia do câncer.,positive,de_xuat
4135,"Muito prático, interessante e inspirador, ótimas dicas.",positive,ky_nang_giang_day
4135,"Muito prático, interessante e inspirador, ótimas dicas.",positive,noi_chung
4136,"Os simpáticos mentores respondem minhas perguntas rapidamente e em detalhes, o que me faz sentir apoiado.",positive,ky_nang_giang_day
4136,"Os simpáticos mentores respondem minhas perguntas rapidamente e em detalhes, o que me faz sentir apoiado.",positive,hanh_vi
4137,"Definitivamente um curso ""obrigatório"" curso.",positive,noi_chung
4138,"O projeto final foi consideravelmente mais difícil do que o material ensinado na aula e os problemas com o curso (por exemplo, o arquivo do exame final não estar disponível) obviamente não foram corrigidos desde a última versão do curso.",negative,bai_tap
4138,"O projeto final foi consideravelmente mais difícil do que o material ensinado na aula e os problemas com o curso (por exemplo, o arquivo do exame final não estar disponível) obviamente não foram corrigidos desde a última versão do curso.",negative,cung_cap_tai_lieu
4140,"O GitHub mudou e não corresponde aos vídeos, portanto, qualquer informação fornecida não ajuda ninguém a começar a trabalhar.",negative,ky_nang_giang_day
4140,"O GitHub mudou e não corresponde aos vídeos, portanto, qualquer informação fornecida não ajuda ninguém a começar a trabalhar.",negative,ky_nang_giang_day
4141,"Além disso, os ATs deveriam ser mais ativos nos fóruns.",neutral,hanh_vi
4142,Professor Duquette pode ser sentido através dos vídeos.,positive,ky_nang_giang_day
4143,Sinto como se não tivesse realmente entendido esses conceitos até assistir às palestras daquela semana e também da semana seguinte.,negative,chuong_trinh_hoc
4144,O único curso que eu realmente comecei a aprender alguma programação.,positive,noi_chung
4145,"Teria sido interessante ouvir um pouco mais sobre o funcionamento interno dos SVMs, esse tópico foi abordado de forma um pouco curta demais para o meu gosto.",positive,noi_chung
4146,ótimo e fácil de entender.,positive,chuong_trinh_hoc
4147,"Este não é um curso sobre simultaneidade com Scala; ele tem uma cobertura muito básica de threads e sincronização desde o início, e é isso.",positive,noi_chung
4149,"Bem planejado, permitindo que os alunos interajam e deem pequenos passos nessa linguagem realmente poderosa.",positive,chuong_trinh_hoc
4149,"Bem planejado, permitindo que os alunos interajam e deem pequenos passos nessa linguagem realmente poderosa.",positive,noi_chung
4150,Um ótimo curso para acordar e começar a trabalhar no mundo da escrita de roteiros.,positive,noi_chung
4151,Ele também era muito sensível ao seu público.,positive,hanh_vi
4152,Muitas vezes somos bombardeados com dados e não conseguimos entender nada deles.,conflict,noi_chung
4153,Era um pouco confuso e os questionários exigiam que se procurasse informações na internet e não havia nenhuma maneira real de saber se esses tópicos estariam nos questionários.,negative,bai_tap
4154,Muito abrangente curso que tem relevância para cientistas pesquisadores acadêmicos e aqueles com menos treinamento científico.,positive,chuong_trinh_hoc
4154,Muito abrangente curso que tem relevância para cientistas pesquisadores acadêmicos e aqueles com menos treinamento científico.,positive,noi_chung
4155,"Há alguns pequenos desafios em tarefas, mas ainda é uma ótima oportunidade de transformar todos esses conceitos em meu conhecimento e experiências.",neutral,bai_tap
4155,"Há alguns pequenos desafios em tarefas, mas ainda é uma ótima oportunidade de transformar todos esses conceitos em meu conhecimento e experiências.",positive,bai_tap
4156,Os vídeos foram gravados de forma excelente e os pontos explicados.,positive,ky_nang_giang_day
4157,Sou grato pela oportunidade de aprender.,positive,noi_chung
4158,Bem organizado.,positive,chuong_trinh_hoc
4159,Adorei isso curso.,positive,noi_chung
4160,"Foi muito decepcionante pagar pela certificação e não conseguir obtê-la devido a problemas com os desenvolvedores do curso (falta de compreensão de como o cursora funciona, é claro que eles não se importaram em se adaptar a um curso de 5 semanas) e atividades revisadas por pares propostas que levaram mais de 6 semanas para serem concluídas. além do prazo do curso)",negative,chuong_trinh_hoc
4160,"Foi muito decepcionante pagar pela certificação e não conseguir obtê-la devido a problemas com os desenvolvedores do curso (falta de compreensão de como o cursora funciona, é claro que eles não se importaram em se adaptar a um curso de 5 semanas) e atividades revisadas por pares propostas que levaram mais de 6 semanas para serem concluídas. além do prazo do curso)",negative,chuong_trinh_hoc
4161,"Percebo que a falta de orientação específica tinha como objetivo nos encorajar a explorar a ""criação"" de múltiplas iterações das imagens.",negative,ky_nang_giang_day
4162,Este foi um curso fantástico.,positive,noi_chung
4163,Este foi um ótimo curso!,positive,noi_chung
4164,As tarefas avaliadas pelos pares eram autoexplicativas para responder às perguntas.,positive,bai_tap
4165,Muito disso conteúdo foi repetido nas duas primeiras partes desta especialização.,negative,cung_cap_tai_lieu
4166,Não sei se o SEO é realmente simples e lógico ou se ele apenas parece assim por causa da clareza e facilidade de ouvir a Sra.,positive,ky_nang_giang_day
4167,"Rápido, simples, abrangente, tudo com uma aparência muito profissional.",positive,noi_chung
4167,"Rápido, simples, abrangente, tudo com uma aparência muito profissional.",positive,noi_chung
4167,"Rápido, simples, abrangente, tudo com uma aparência muito profissional.",positive,noi_chung
4167,"Rápido, simples, abrangente, tudo com uma aparência muito profissional.",positive,noi_chung
4168,"Preferiria menos opções em questões do exame final para demonstrar melhor o conhecimento do material, não habilidades para fazer o teste.",negative,bai_tap
4169,"Eu esperava algumas respostas oficiais à minha pergunta, já que há apenas algumas perguntas para cada semana do curso.",negative,hanh_vi
4170,Aprendi muitas coisas novas. Gostaria de ter mais materiais sobre o assunto. A equipe poderia anexar algumas leituras recomendadas? Outros cursos? Obrigado por fazer este curso : ),positive,de_xuat
4170,Aprendi muitas coisas novas. Gostaria de ter mais materiais sobre o assunto. A equipe poderia anexar algumas leituras recomendadas? Outros cursos? Obrigado por fazer este curso : ),neutral,cung_cap_tai_lieu
4170,Aprendi muitas coisas novas. Gostaria de ter mais materiais sobre o assunto. A equipe poderia anexar algumas leituras recomendadas? Outros cursos? Obrigado por fazer este curso : ),neutral,de_xuat
4171,Acho que a especialização é boa para alguém sem muito conhecimento na área (como eu).,positive,noi_chung
4172,"No entanto, ainda achei o ritmo muito lento, com muita distração ( ""engraçado"" vídeos, professor bebendo e cometendo erros, hummm!!!).",negative,ky_nang_giang_day
4172,"No entanto, ainda achei o ritmo muito lento, com muita distração ( ""engraçado"" vídeos, professor bebendo e cometendo erros, hummm!!!).",negative,chuong_trinh_hoc
4172,"No entanto, ainda achei o ritmo muito lento, com muita distração ( ""engraçado"" vídeos, professor bebendo e cometendo erros, hummm!!!).",negative,ky_nang_giang_day
4173,Neste curso você estudará a lógica por trás dos algoritmos matemáticos e aprenderá como traduzi-los para linguagens de computação como Octave ou MAtlab.,positive,noi_chung
4174,"Sei que leva muito tempo para preparar isso material, mas claramente esse último esforço pela qualidade não foi feito.",negative,cung_cap_tai_lieu
4175,"Por favor, melhore este módulo para que ele seja mais agradável para os alunos que realmente querem aprender.",neutral,noi_chung
4176,E isso é realmente irritante.,negative,noi_chung
4177,"O que eu mais gostei neste curso foi a natureza das tarefas, que enfatizaram o ponto de realmente fazer negociações com outros colegas, me forçando a interagir com completos estranhos de diferentes países e a revisar o trabalho de outros, o que foi uma experiência imensamente agradável.",positive,bai_tap
4177,"O que eu mais gostei neste curso foi a natureza das tarefas, que enfatizaram o ponto de realmente fazer negociações com outros colegas, me forçando a interagir com completos estranhos de diferentes países e a revisar o trabalho de outros, o que foi uma experiência imensamente agradável.",positive,hanh_vi
4178,Charles é encantador!,positive,ky_nang_giang_day
4179,"Obrigado e muito bem Snape, você é incrível",positive,ky_nang_giang_day
4180,Não tenho palavras suficientes para elogiar todos os cursos desta especialização!,positive,noi_chung
4181,Tenho mestrado e até fazer este MOOC,positive,noi_chung
4182,"Eu teria dado 5 estrelas, mas poderia melhorar um pouco.",positive,chuong_trinh_hoc
4183,Um curso verdadeiramente incrível!,positive,noi_chung
4185,"Vocês fizeram um ótimo trabalho, rapazes.",positive,noi_chung
4186,É um curso muito completo curso como introdução à área.,positive,chuong_trinh_hoc
4187,Realmente precisa ser refeito.,neutral,noi_chung
4188,Recomendo muito o curso!,positive,de_xuat
4189,"O estilo de palestra do Dr. Chuck é realmente inspirador, bem-humorado e útil.",positive,ky_nang_giang_day
4189,"O estilo de palestra do Dr. Chuck é realmente inspirador, bem-humorado e útil.",positive,hanh_vi
4189,"O estilo de palestra do Dr. Chuck é realmente inspirador, bem-humorado e útil.",positive,ky_nang_giang_day
4191,"Não fiz nenhum curso (na verdade, porque sou engenheiro) e nunca fiquei tão feliz em assistir a um curso ou fazer um exercício.",positive,noi_chung
4192,O primeiro curso me dá o entusiasmo para começar os posteriores.,positive,noi_chung
4193,Não acho que meu resultado neste curso tenha sido significativo devido à estrutura do curso e lamento ter pago por todos os três cursos.,negative,bai_tap
4194,"As tarefas são desafiadoras, mas agradáveis e bem ritmadas.",positive,bai_tap
4195,Eu definitivamente recomendarei este curso a todos que gostariam de fazer um curso de contabilidade forense e exame de fraude.,positive,de_xuat
4196,Este é um ótimo curso que é muito informativo.,positive,noi_chung
4196,Este é um ótimo curso que é muito informativo.,positive,chuong_trinh_hoc
4197,"A parte mais útil parece ser a definição de metas, e é com isso que eu recomendaria começar para a maioria dos alunos.",positive,de_xuat
4198,Este professor é muito compreensivo e direto ao ponto.,positive,ky_nang_giang_day
4198,Este professor é muito compreensivo e direto ao ponto.,positive,kinh_nghiem
4199,Isso resultou em muito tempo desperdiçado com a motoniveladora.,negative,chuong_trinh_hoc
4200,Comecei até a ler artigos de periódicos de Page e Zellner porque fiquei muito fascinado pelos modelos que me foram mostrados neste curso.,positive,chuong_trinh_hoc
4201,"Às vezes parece que alguns dos Professores falam muito rápido, ao contrário das ofertas principais do MBA.",neutral,ky_nang_giang_day
4203,Eu recomendaria este curso para qualquer um que queira aprender mais sobre como os cães pensam.,positive,de_xuat
4204,As tarefas foram muito fáceis e divertidas de fazer. Aprendi muito em pouco tempo.,positive,bai_tap
4204,As tarefas foram muito fáceis e divertidas de fazer. Aprendi muito em pouco tempo.,positive,bai_tap
4204,As tarefas foram muito fáceis e divertidas de fazer. Aprendi muito em pouco tempo.,positive,bai_tap
4205,Adorei o fórum e os mentores.,positive,ky_nang_giang_day
4207,"No geral, bom, obrigado Prof. Geoffery!",positive,noi_chung
4207,"No geral, bom, obrigado Prof. Geoffery!",positive,ky_nang_giang_day
4208,"Se eu tiver alguma recomendação, sugeriria uma análise de abreviações e conceitos, pois tive dificuldades principalmente devido à minha formação não financeira.",neutral,chuong_trinh_hoc
4209,"A ausência de qualquer ajuda dos ATs, com base na minha experiência, é o motivo.",negative,hanh_vi
4210,"Eu tinha o conceito errado de que o aprendizado de máquina é um osso duro de roer, mas O Prof. Ng projetou o curso de tal forma que os alunos tiram o máximo proveito do curso de aprendizado de máquina com um bom esforço.",positive,ky_nang_giang_day
4213,Tenho um feedback negativo para o curso de Cheri Alexander conteúdo por uma série de coisas: 1 - Muita repetição.,negative,cung_cap_tai_lieu
4214,Este curso foi uma experiência maravilhosa.,positive,noi_chung
4215,Melhor curso de todos os tempos (e já fiz muitos).,positive,noi_chung
4216,Excelente e desafiador.,positive,noi_chung
4217,"O que sinto falta: o estudo material deve fornecer mais informações (teóricas) e melhor organizadas (por exemplo, sobre tópicos como design de banco de dados, estruturas de dados, etc.)",negative,cung_cap_tai_lieu
4217,"O que sinto falta: o estudo material deve fornecer mais informações (teóricas) e melhor organizadas (por exemplo, sobre tópicos como design de banco de dados, estruturas de dados, etc.)",negative,cung_cap_tai_lieu
4218,Gostei muito dessa visão honesta da história de Israel como país.,positive,noi_chung
4219,Essas palestras incluíam alguns recursos - mas definitivamente mais poderiam ser introduzidos.,neutral,cung_cap_tai_lieu
4221,Eu recomendaria este curso a qualquer pessoa interessada em história ou ficção histórica.,positive,de_xuat
4222,Este curso foi simples.,neutral,noi_chung
4223,Os professores prestam atenção a pontos gramaticais realmente confusos.,positive,ky_nang_giang_day
4224,"Se todos os vídeos tivessem uma boa qualidade de audição, eu teria dado 5 estrelas ao curso",negative,ky_nang_giang_day
4225,Muito bem feito.,positive,noi_chung
4226,"Se você tem experiência em programação em outra linguagem, será possível concluir este curso bem rápido.",positive,chuong_trinh_hoc
4227,Esta é uma ótima aula até agora.,positive,noi_chung
4228,Isso provou ser o elo perdido para minha felicidade.,positive,noi_chung
4230,Ótima experiência!,positive,noi_chung
4231,O instrutor escreve e fala simultaneamente.,negative,ky_nang_giang_day
4232,É um ótimo curso para aqueles que querem explorar o aspecto de programação funcional da Ciência da Computação.,positive,noi_chung
4233,Realmente ótimo curso para complementar a leitura de Dayan e Abbott,positive,noi_chung
4234,É o melhor que existe,positive,noi_chung
4235,1. Velocidades de 75x ou 2x tornam o ritmo mais administrável e ainda é fácil de acompanhar.,positive,ky_nang_giang_day
4236,O mais importante é que os mentores no fórum de discussão são muito legais.,positive,hanh_vi
4237,É preciso reservar um tempo significativo para pesquisar conteúdo ensinado e decompor tarefas de programação leva tempo.,neutral,bai_tap
4237,É preciso reservar um tempo significativo para pesquisar conteúdo ensinado e decompor tarefas de programação leva tempo.,negative,cung_cap_tai_lieu
4238,Ruim conteúdo e instrutor.,negative,cung_cap_tai_lieu
4238,Ruim conteúdo e instrutor.,negative,ky_nang_giang_day
4239,Os exercícios também são bem elaborados para levar o aluno na direção certa sem se preocupar muito com os detalhes de implementação que dão suporte aos tópicos principais.,positive,bai_tap
4240,O resto do curso foi bom.,positive,noi_chung
4241,"Nunca fui bom em matemática nem em química, mas a professora explica os vários processos de uma forma tão simplista que até agora passei nos testes com nota máxima e tenho uma boa compreensão de tudo o que ela diz.",positive,ky_nang_giang_day
4241,"Nunca fui bom em matemática nem em química, mas a professora explica os vários processos de uma forma tão simplista que até agora passei nos testes com nota máxima e tenho uma boa compreensão de tudo o que ela diz.",positive,ky_nang_giang_day
4242,"Embora o meteoro esteja se movendo em um ritmo rápido, isso curso não acontece.",negative,chuong_trinh_hoc
4243,Este curso também me ajudou a aprimorar minhas habilidades de comunicação e entrevista em inglês.,positive,chuong_trinh_hoc
4246,Excelente curso para iniciantes ou estudantes que desejam carreira em análise de dados.,positive,noi_chung
4247,"Embora o conteúdo tenha sido útil, esta aula poderia ter sido muito melhorada se slides tivessem sido fornecidos em vez de apenas uma transcrição.",negative,ky_nang_giang_day
4247,"Embora o conteúdo tenha sido útil, esta aula poderia ter sido muito melhorada se slides tivessem sido fornecidos em vez de apenas uma transcrição.",positive,cung_cap_tai_lieu
4248,Usei muitas das técnicas aprendidas nos outros cursos.,positive,noi_chung
4249,Este curso foi fantástico!,positive,noi_chung
4250,As aulas não cobrem o que é necessário em algumas tarefas.,negative,ky_nang_giang_day
4251,Também traz um pouco de relaxamento com o horário de expediente vídeos.,positive,ky_nang_giang_day
4252,"Muito bom exercícios de programação, progressivamente desafiador e bom para sedimentar o conhecimento.",positive,bai_tap
4252,"Muito bom exercícios de programação, progressivamente desafiador e bom para sedimentar o conhecimento.",positive,bai_tap
4252,"Muito bom exercícios de programação, progressivamente desafiador e bom para sedimentar o conhecimento.",positive,bai_tap
4253,Adorei isso Curso!,positive,noi_chung
4254,Um curso muito interessante e útil curso para quem quer aprender a limpar dados em Python.,positive,noi_chung
4254,Um curso muito interessante e útil curso para quem quer aprender a limpar dados em Python.,positive,noi_chung
4256,"Uma coisa muito pequena, mas importante, que me chamou a atenção é a energia com que professor ensina.",positive,ky_nang_giang_day
4257,O curso é bem estruturado e bastante informativo.,positive,chuong_trinh_hoc
4257,O curso é bem estruturado e bastante informativo.,positive,chuong_trinh_hoc
4258,"Muito bem construído, lógico e compreensível claro.",positive,chuong_trinh_hoc
4258,"Muito bem construído, lógico e compreensível claro.",positive,chuong_trinh_hoc
4259,"Gostei do curso no geral, mas senti que poderia haver mais explicações com as respostas aos projetos semanais.",positive,noi_chung
4259,"Gostei do curso no geral, mas senti que poderia haver mais explicações com as respostas aos projetos semanais.",neutral,bai_tap
4260,As aulas e práticas são muito fáceis de entender.,positive,ky_nang_giang_day
4261,Gostei muito do curso.,positive,noi_chung
4262,Gostei muito deste curso.,positive,noi_chung
4263,Começa do básico e se torna um pouco desafiador e agradável à medida que você começa a projetar maneiras de usá-lo.,positive,chuong_trinh_hoc
4263,Começa do básico e se torna um pouco desafiador e agradável à medida que você começa a projetar maneiras de usá-lo.,positive,noi_chung
4264,"Recomendo muito isso a todos, especialmente aos estudantes de psicologia.",positive,de_xuat
4265,"Desculpe, muitas vezes tenho que assistir aos vídeos novamente e ainda não consigo entender.",negative,ky_nang_giang_day
4266,"Eu recomendaria fazer este curso o último dos quatro, antes de começar o projeto Capstone - se você estiver planejando passar por todas as partes.",positive,de_xuat
4267,"Estou pensando em ser veterinária, então este curso está realmente me ajudando.",positive,chuong_trinh_hoc
4268,"Eu recomendo só por isso, mesmo que você esteja familiarizado com o assunto.",positive,de_xuat
4269,"Se você se preocupa apenas com a palavra falada, então você reunirá uma quantidade razoável de informações.",neutral,noi_chung
4270,Este é um dos cursos mais incríveis que já fiz!,positive,noi_chung
4271,Gostei muito desta aula!,positive,chuong_trinh_hoc
4272,"O apresentador enfatiza cada palavra e fala de uma maneira nada natural, o que torna muito cansativo ouvir, e os questionários em vídeo são muito básicos e tomam muito tempo.",negative,ky_nang_giang_day
4272,"O apresentador enfatiza cada palavra e fala de uma maneira nada natural, o que torna muito cansativo ouvir, e os questionários em vídeo são muito básicos e tomam muito tempo.",negative,bai_tap
4272,"O apresentador enfatiza cada palavra e fala de uma maneira nada natural, o que torna muito cansativo ouvir, e os questionários em vídeo são muito básicos e tomam muito tempo.",negative,bai_tap
4273,A única razão pela qual não recebeu 5 estrelas foi porque as informações da aula não foram apresentadas de forma 100% clara.,positive,noi_chung
4274,Se não houvesse tantos soluços com os vídeos e questionários,negative,ky_nang_giang_day
4274,Se não houvesse tantos soluços com os vídeos e questionários,negative,bai_tap
4275,"É verdade que a maioria das coisas básicas são abordadas, para ser justo, mas a progressão é muito rápida.",positive,noi_chung
4275,"É verdade que a maioria das coisas básicas são abordadas, para ser justo, mas a progressão é muito rápida.",negative,noi_chung
4276,"Para quem estiver pensando em fazer o curso, observe que os requisitos de tempo podem ser muitos - as aulas são boas, mas duas ou três das tarefas levaram muito mais do que 3 horas (se você planeja realmente batalhar com a codificação, isso é relevante).",neutral,chuong_trinh_hoc
4276,"Para quem estiver pensando em fazer o curso, observe que os requisitos de tempo podem ser muitos - as aulas são boas, mas duas ou três das tarefas levaram muito mais do que 3 horas (se você planeja realmente batalhar com a codificação, isso é relevante).",positive,ky_nang_giang_day
4276,"Para quem estiver pensando em fazer o curso, observe que os requisitos de tempo podem ser muitos - as aulas são boas, mas duas ou três das tarefas levaram muito mais do que 3 horas (se você planeja realmente batalhar com a codificação, isso é relevante).",neutral,bai_tap
4277,"Fora isso, sinto que aprendi muito e acho que esta é uma ótima introdução aula.",positive,chuong_trinh_hoc
4277,"Fora isso, sinto que aprendi muito e acho que esta é uma ótima introdução aula.",positive,noi_chung
4278,"Houve alguns bugs com os questionários, mas no geral eles foram bem elaborados e continham muitas informações para um curso curto.",negative,bai_tap
4278,"Houve alguns bugs com os questionários, mas no geral eles foram bem elaborados e continham muitas informações para um curso curto.",positive,noi_chung
4279,"Graças a isso curso descobri onde estou errando e, na verdade, estou aprendendo coisas novas com mais facilidade e, vez após vez, repito as informações que estudei alguns anos atrás.",positive,noi_chung
4280,"No entanto, os questionários e testes pareciam ser de um nível muito diferente e frequentemente cobriam material que dificilmente era discutido nas palestras.",positive,bai_tap
4280,"No entanto, os questionários e testes pareciam ser de um nível muito diferente e frequentemente cobriam material que dificilmente era discutido nas palestras.",negative,cung_cap_tai_lieu
4281,Ótimo curso para explicar os fundamentos do Project Finance resumindo os principais conceitos e incluindo alguns breves exemplos.,positive,noi_chung
4281,Ótimo curso para explicar os fundamentos do Project Finance resumindo os principais conceitos e incluindo alguns breves exemplos.,positive,chuong_trinh_hoc
4282,"Há algum bom conteúdo sobre criatividade neste curso, embora ele mal aborde resolução de problemas.",positive,cung_cap_tai_lieu
4282,"Há algum bom conteúdo sobre criatividade neste curso, embora ele mal aborde resolução de problemas.",conflict,cung_cap_tai_lieu
4283,Formatos e adaptações pessoais tornaram-se mais mutuamente compreendidos e aceitos.,positive,noi_chung
4284,"Alguns dos apresentadores precisam trabalhar suas habilidades de apresentação (eu, pessoalmente, não tive problemas com os sotaques).",negative,ky_nang_giang_day
4285,Prof. Noor explica com tanta clareza que até uma criança de 5 anos pode aprender sobre DNA.,positive,kinh_nghiem
4286,Acho que o programa foi criativamente bem apresentado.,positive,chuong_trinh_hoc
4287,Aprendi muito com isso curso e percebi o que estava fazendo errado ao tentar aprender no passado.,positive,noi_chung
4288,Teria parecido mais pessoal para mim se tivesse sido apenas Dr. Fredericks na câmera.,positive,ky_nang_giang_day
4289,Recomendo um nível razoável de conforto com programação.,neutral,de_xuat
4290,Atualmente estou na minha Semana 2 do Curso e devo dizer que gostei muito da Semana 1!,positive,noi_chung
4291,Eu peguei : ) Recomendado.,positive,de_xuat
4292,"O curso foi ótimo, mas está demorando um pouco para obter uma nota devido às avaliações dos colegas.",positive,noi_chung
4292,"O curso foi ótimo, mas está demorando um pouco para obter uma nota devido às avaliações dos colegas.",negative,ham_diem
4294,"Achei todas as informações ótimas, mas às vezes o curso era muito sem graça, especialmente em termos de apresentação.",positive,noi_chung
4294,"Achei todas as informações ótimas, mas às vezes o curso era muito sem graça, especialmente em termos de apresentação.",negative,chuong_trinh_hoc
4294,"Achei todas as informações ótimas, mas às vezes o curso era muito sem graça, especialmente em termos de apresentação.",negative,ky_nang_giang_day
4295,"Caso contrário, tópicos foram abordados profundamente e foram instigantes.",positive,ky_nang_giang_day
4295,"Caso contrário, tópicos foram abordados profundamente e foram instigantes.",positive,ky_nang_giang_day
4296,"Ele lhe dá conhecimento básico sobre o que é preciso para ser um bom orador público, e você pode aplicar esse conhecimento não apenas em apresentações, mas também em sua vida diária.",positive,noi_chung
4297,Aprendi muito com isso curso!,positive,noi_chung
4298,Participarei dos outros cursos e provavelmente montarei alguns materiais para poder cobrir todo o curso 1 a 4 em uma semana.,positive,noi_chung
4299,"A única crítica que tenho é que as tarefas de programação não são difíceis o suficiente para resolver, mas ainda assim é um curso 5 estrelas, com certeza!",negative,bai_tap
4300,Agradeço a oportunidade e a criação do curso.,positive,noi_chung
4301,O motivo pelo qual estou classificando com 2 estrelas é que senti que os questionários eram excessivamente difíceis (ou talvez tivessem bugs).,negative,bai_tap
4301,O motivo pelo qual estou classificando com 2 estrelas é que senti que os questionários eram excessivamente difíceis (ou talvez tivessem bugs).,negative,chuong_trinh_hoc
4302,"Além disso, o material adicional (entrevistas) é muito interessante.",positive,cung_cap_tai_lieu
4303,"Achei as tarefas às vezes confusas (li a descrição de uma questão, pensei que deveria responder a várias etapas de uma vez, apenas para perceber que as tarefas seriam divididas com muito mais detalhes posteriormente).",negative,bai_tap
4305,Imagino que os lembretes e a breve revisão dos tópicos já abordados seriam muito úteis para pessoas que estão fazendo o curso no ritmo recomendado.,positive,de_xuat
4306,Espero que Robert Wright continue a criar ofertas para o mundo Coursera!,positive,ky_nang_giang_day
4307,Também gostei do final documentos PDF.,positive,cung_cap_tai_lieu
4308,Uma aula de cinco semanas sobre mecanismos biológicos de percepção da fala e da música por humanos.,positive,noi_chung
4309,Obrigado por ter sido muito agradável e ter valido a pena passar 5 semanas!,positive,chuong_trinh_hoc
4309,Obrigado por ter sido muito agradável e ter valido a pena passar 5 semanas!,positive,noi_chung
4310,Design de Programa Funcional em Scala é um dos melhores cursos para aqueles que querem aplicar o estilo de programação funcional no design de aplicações maiores usando conceitos de programação funcional.,positive,noi_chung
4311,"Revisarei alguns módulos novamente para uma atualização ou revisarei novamente, pois havia muito o que aprender.",positive,cung_cap_tai_lieu
4311,"Revisarei alguns módulos novamente para uma atualização ou revisarei novamente, pois havia muito o que aprender.",positive,cung_cap_tai_lieu
4312,Você consegue imaginar o impacto em nossa sociedade se mais e mais pessoas desenvolvessem a consciência de uma vida feliz e plena?,positive,noi_chung
4313,"Dito isto, gostei do curso e aprendi muito.",positive,noi_chung
4314,Os slides estavam claros.,positive,ky_nang_giang_day
4315,"Entretanto, à medida que os modelos se tornam mais complicados, parte do material não é realmente bem explicado, especialmente o último módulo sobre 'aprendizado profundo' que é bastante supérfluo.",negative,cung_cap_tai_lieu
4315,"Entretanto, à medida que os modelos se tornam mais complicados, parte do material não é realmente bem explicado, especialmente o último módulo sobre 'aprendizado profundo' que é bastante supérfluo.",negative,cung_cap_tai_lieu
4315,"Entretanto, à medida que os modelos se tornam mais complicados, parte do material não é realmente bem explicado, especialmente o último módulo sobre 'aprendizado profundo' que é bastante supérfluo.",negative,cung_cap_tai_lieu
4316,As palestras fazem exatamente o que você precisa.,positive,ky_nang_giang_day
4317,"Dado que no mundo real a maioria das taxas tende a ser expressa como taxas efetivas, seria bom que esta questão fosse expressamente abordada.",positive,chuong_trinh_hoc
4318,Uma excelente introdução ao assunto para o profissional de computação.,positive,chuong_trinh_hoc
4319,Incrível curso com professores fascinantes!,positive,noi_chung
4319,Incrível curso com professores fascinantes!,positive,ky_nang_giang_day
4320,Achei Dr. Senjowski um pouco mais difícil de aprender.,positive,ky_nang_giang_day
4321,Estou profundamente satisfeito com o curso.,positive,noi_chung
4322,Este curso pode me fornecer as terceiras línguas,positive,noi_chung
4323,Altamente recomendado!,positive,de_xuat
4324,"Foi difícil, mas principalmente devido à minha falta de conhecimento básico sobre estatística.",negative,chuong_trinh_hoc
4325,O curso tarefa requer conhecimento que não é discutido no curso.,negative,bai_tap
4325,O curso tarefa requer conhecimento que não é discutido no curso.,negative,noi_chung
4326,Estou muito feliz por ter investido tempo nisso.,positive,noi_chung
4327,Ele também me faz rir em todos os vídeos.,positive,ky_nang_giang_day
4328,Vou me inscrever em mais cursos de Paleontologia,positive,noi_chung
4329,"Este curso foi uma revelação para mim, eu realmente gostei.",positive,chuong_trinh_hoc
4330,"Nossa, como eu queria ter esses professores para nos ensinar na faculdade.",positive,ky_nang_giang_day
4331,Gostei muito deste curso.,positive,noi_chung
4332,"No geral, a aula teve a quantidade certa de desafio e diversão.",positive,ky_nang_giang_day
4333,A única mudança que eu poderia sugerir é equilibrar melhor a carga de trabalho entre as três semanas.,positive,chuong_trinh_hoc
4334,Ninguém parece monitorar o fórum.,negative,hanh_vi
4335,Gostei particularmente de como as relações entre neurociências e conselhos práticos sobre como aprender foram constantemente destacadas.,positive,noi_chung
4336,Tudo está claramente explicado.,positive,chuong_trinh_hoc
4337,Boa e necessária introdução ao Python.,positive,noi_chung
4338,"Excelente análise, exposição clara e compreensível de um assunto complexo.",positive,ky_nang_giang_day
4338,"Excelente análise, exposição clara e compreensível de um assunto complexo.",positive,ky_nang_giang_day
4338,"Excelente análise, exposição clara e compreensível de um assunto complexo.",positive,ky_nang_giang_day
4339,Fiz vários cursos aqui e devo dizer que este é um dos melhores.,positive,noi_chung
4340,Sucinto e informativo.,positive,chuong_trinh_hoc
4341,Eu ainda faço isso exercícios e tento perceber soluções de design boas e ruins em tudo que me cerca.,positive,bai_tap
4342,"Parece mais uma forma de ganhar dinheiro do que de ensinar algo útil. Ao criar personagens para videogames, a habilidade que você tem ou obtém ao fazê-lo também é importante, e isso não coloca nenhuma ênfase nisso.",negative,chuong_trinh_hoc
4342,"Parece mais uma forma de ganhar dinheiro do que de ensinar algo útil. Ao criar personagens para videogames, a habilidade que você tem ou obtém ao fazê-lo também é importante, e isso não coloca nenhuma ênfase nisso.",negative,chuong_trinh_hoc
4343,Fiquei feliz por ter esta oportunidade de aprender tecnologia avançada e completar alguns exemplos de aplicação.,positive,noi_chung
4344,"Eu me matriculei no curso para aprender métodos novos e eficazes para absorver e aplicar informações mais rapidamente na minha vida profissional, ao mesmo tempo em que equilibrava as demandas de administrar uma start-up à noite.",positive,noi_chung
4344,"Eu me matriculei no curso para aprender métodos novos e eficazes para absorver e aplicar informações mais rapidamente na minha vida profissional, ao mesmo tempo em que equilibrava as demandas de administrar uma start-up à noite.",positive,chuong_trinh_hoc
4345,Os questionários são totalmente desconectados das aulas e exigem basicamente apenas encontrar e ler as páginas corretas da Wikipédia.,negative,bai_tap
4347,Este é um curso incrível  . .,positive,noi_chung
4348,"Eu recomendo fortemente este curso a todos que buscam uma atualização em ""Resistência dos Materiais"".",positive,de_xuat
4349,Que ferramentas maravilhosas eu ganhei com isso.,positive,noi_chung
4350,Excelente trabalho!,positive,noi_chung
4351,O curso pareceu bem fácil.,positive,noi_chung
4352,"No geral, o material foi bom, continuei estudando mesmo quando queria desistir e agora me sinto bem informado sobre a lição ensinada.",positive,cung_cap_tai_lieu
4352,"No geral, o material foi bom, continuei estudando mesmo quando queria desistir e agora me sinto bem informado sobre a lição ensinada.",positive,noi_chung
4353,"Uma mudança seria tornar os fóruns no mesmo formato de curso 1 - 3, pois essa era uma maneira muito mais eficiente de revisar problemas.",neutral,hanh_vi
4354,Esta é uma Estatística avançada aula.,positive,noi_chung
4355,"Algumas notações matemáticas também estavam incorretas, por exemplo ""<"" quando o professor disse ""menor ou igual a"".",negative,ky_nang_giang_day
4357,"Desejo que num futuro próximo, a Coursera e mais especificamente a Universidade de Michigan ofereçam Matemática com Python, ou seja, numpy, pandas etc. e análise de dados com Python!!!",positive,noi_chung
4358,Este curso é essencial para quem quer aprender ciência da computação!,positive,noi_chung
4359,"Se você tem alguma experiência em programação em outra linguagem e alguma familiaridade com HTML/CSS, este curso faz um trabalho fantástico ao introduzir Ruby e Rails.",positive,noi_chung
4360,"Mais importante: Este curso é focado principalmente em questões acadêmicas, mas também vincula o conhecimento ao aprendizado diário (habilidades como cozinhar pratos excelentes, aprender um esporte ou qualquer outra habilidade realmente)",positive,noi_chung
4362,"Além disso, muitas das questões do teste não eram claras e não seguiam as melhores práticas na realização do teste.",negative,bai_tap
4362,"Além disso, muitas das questões do teste não eram claras e não seguiam as melhores práticas na realização do teste.",negative,bai_tap
4363,"Já concluí cerca de 6 cursos até agora e, embora tenha achado todos eles muito informativos, este é o primeiro cujo fim me deixou triste.",neutral,chuong_trinh_hoc
4364,"Eu realmente gostaria que houvesse mais interação com os instrutores, mas no geral este é um curso incrível e eu adorei.",negative,hanh_vi
4364,"Eu realmente gostaria que houvesse mais interação com os instrutores, mas no geral este é um curso incrível e eu adorei.",positive,chuong_trinh_hoc
4364,"Eu realmente gostaria que houvesse mais interação com os instrutores, mas no geral este é um curso incrível e eu adorei.",positive,noi_chung
4365,"No entanto, não é por isso que dou ao curso 4 de 5.",negative,chuong_trinh_hoc
4366,Um excelente curso que realmente lhe proporciona um desafio.,positive,noi_chung
4366,Um excelente curso que realmente lhe proporciona um desafio.,positive,chuong_trinh_hoc
4367,Seus vídeos são explicados fluentemente.,positive,cung_cap_tai_lieu
4367,Seus vídeos são explicados fluentemente.,positive,ky_nang_giang_day
4368,Ambos os instrutores são incríveis.,positive,ky_nang_giang_day
4369,"Mas se você se interessa por neurociência e quer aprender o essencial sobre como o cérebro humano funciona (de acordo com nosso conhecimento atual), então recomendo que você se esforce e faça o curso, mesmo que não tenha uma sólida formação em ciências biológicas ou em medicina.",positive,de_xuat
4370,"Este é o melhor lugar para começar para um iniciante, pois não aborda apenas os aspectos técnicos de segurança, mas também fala sobre modelagem de ameaças e identificação de adversários e suas capacidades.",positive,noi_chung
4371,Talvez as partes dedicadas à preparação e estudo teste devessem ter sido mais curtas.,neutral,bai_tap
4372,Seu conhecimento aumentará exponencialmente a cada minuto que você dedicar aos estudos.,positive,noi_chung
4373,"É excelente material para minhas redações para o vestibular de medicina e, em geral, faz de você um ser humano mais interessante de se conviver.",positive,cung_cap_tai_lieu
4374,O projeto final foi abrangente e baseado em trabalhos anteriores.,positive,bai_tap
4375,Espero ver os instrutores abordarem os algoritmos com mais detalhes nos próximos cursos da especialização.,neutral,ky_nang_giang_day
4376,O curso mais útil que já fiz!,positive,noi_chung
4377,"No entanto, achei o fórum bastante breve e sem muita interação.",neutral,hanh_vi
4378,Eu amo isso .,positive,noi_chung
4379,"Este curso é simples o suficiente para entender a complexidade do desenvolvimento de jogos, mas isso não quer dizer que não seja um desafio.",positive,chuong_trinh_hoc
4380,O curso ajuda a acreditar na força interior e na criatividade.,positive,noi_chung
4381,"Ele me fornece recursos abundantes, incluindo e-book, notas do professor para a palestra e notas de ex-alunos para o curso.",positive,cung_cap_tai_lieu
4382,Oakley um professor muito legal,positive,ky_nang_giang_day
4383,Não é grátis.,negative,noi_chung
4385,"Eu ainda recomendaria isso curso, mas você definitivamente deveria gravar cada lição novamente sem erros e corrigi-los.",positive,de_xuat
4386,"Fácil de seguir, bem construído - Jim é completo e claro ao explicar material bastante complexo.",positive,chuong_trinh_hoc
4386,"Fácil de seguir, bem construído - Jim é completo e claro ao explicar material bastante complexo.",positive,chuong_trinh_hoc
4386,"Fácil de seguir, bem construído - Jim é completo e claro ao explicar material bastante complexo.",positive,ky_nang_giang_day
4386,"Fácil de seguir, bem construído - Jim é completo e claro ao explicar material bastante complexo.",positive,ky_nang_giang_day
4387,"No geral, gostei bastante do curso.",positive,noi_chung
4388,"Ótimo série de cursos que me forçou a tomar algumas medidas (documentação de design) que eu normalmente economizaria e, ao fazê-lo, percebi seu verdadeiro valor.",positive,noi_chung
4389,"Um título melhor para o curso seria ""por que não existe alma"".",negative,noi_chung
4390,Essas ideias podem ser usadas com empresas pequenas ou grandes.,positive,noi_chung
4391,"Na verdade, aprendi muito mais do que esperava em um curso on-line por meio de vídeos de aulas e abordagem prática.",positive,chuong_trinh_hoc
4392,Aprendi muito e fiz isso de uma forma muito agradável.,positive,chuong_trinh_hoc
4393,"Barb pratica o que ensina, é muito apaixonada pelo assunto e é uma verdadeira inspiração.",positive,ky_nang_giang_day
4393,"Barb pratica o que ensina, é muito apaixonada pelo assunto e é uma verdadeira inspiração.",positive,ky_nang_giang_day
4393,"Barb pratica o que ensina, é muito apaixonada pelo assunto e é uma verdadeira inspiração.",positive,ky_nang_giang_day
4394,"Achei que ela era uma professora legal, mas não ensinou os passos básicos para falar e aprender chinês.",negative,ky_nang_giang_day
4395,"Gostei muito da seção de dicionário e da seção de arquivo. Acho que tuplas são fáceis, mas são azarões, elas podem mudar o jogo nas próximas lições.",positive,ky_nang_giang_day
4396,Os tutoriais e exercícios são orientações rápidas que podem ser concluídas em 10 a 15 minutos cada.,positive,bai_tap
4397,"Embora o curso material seja muito bom, acredito que Processamento de Imagem é um curso onde somente a teoria não é suficiente.",positive,cung_cap_tai_lieu
4397,"Embora o curso material seja muito bom, acredito que Processamento de Imagem é um curso onde somente a teoria não é suficiente.",negative,cung_cap_tai_lieu
4398,Valerie conseguiu descobrir e ensinar uma habilidade muito importante para todos nestes tempos desafiadores e de mudanças.,positive,ky_nang_giang_day
4400,Recomendo fazer também o Planejamento de Aulas.,positive,de_xuat
4401,"O professor é muito envolvente, explica com facilidade e é muito amigável professor que orienta você de forma eficaz como se você não estivesse fazendo a aula online.",positive,ky_nang_giang_day
4401,"O professor é muito envolvente, explica com facilidade e é muito amigável professor que orienta você de forma eficaz como se você não estivesse fazendo a aula online.",positive,ky_nang_giang_day
4401,"O professor é muito envolvente, explica com facilidade e é muito amigável professor que orienta você de forma eficaz como se você não estivesse fazendo a aula online.",positive,ky_nang_giang_day
4402,Ele precisa de seu próprio programa de televisão! Ele pegou! A informação pegou.,negative,ky_nang_giang_day
4403,"Adorei as palestras curtas, dicas e truques e as informações sobre como nosso cérebro funciona!",negative,ky_nang_giang_day
4404,Nossa instrutora foi fácil de compreender em sua pronúncia em inglês; ela era profissional e pareceu gostar do assunto.,positive,ky_nang_giang_day
4404,Nossa instrutora foi fácil de compreender em sua pronúncia em inglês; ela era profissional e pareceu gostar do assunto.,positive,ky_nang_giang_day
4404,Nossa instrutora foi fácil de compreender em sua pronúncia em inglês; ela era profissional e pareceu gostar do assunto.,positive,ky_nang_giang_day
4405,"- - - - - - - - - muito tempo é dedicado à introdução de definições e muito pouco tempo é dado à prática e revisão dos alunos. O sotaque do apresentador está constantemente impedindo o reconhecimento instantâneo do que ele está dizendo. As legendas às vezes não representam com precisão o que ele está dizendo. Às vezes, há erros de ortografia, o que torna ainda mais difícil saber o que ele está dizendo. Este aluno foi inundado com fórmulas que precisavam ser praticadas, e eu nem tive tempo de escrevê-las!",negative,noi_chung
4405,"- - - - - - - - - muito tempo é dedicado à introdução de definições e muito pouco tempo é dado à prática e revisão dos alunos. O sotaque do apresentador está constantemente impedindo o reconhecimento instantâneo do que ele está dizendo. As legendas às vezes não representam com precisão o que ele está dizendo. Às vezes, há erros de ortografia, o que torna ainda mais difícil saber o que ele está dizendo. Este aluno foi inundado com fórmulas que precisavam ser praticadas, e eu nem tive tempo de escrevê-las!",negative,ky_nang_giang_day
4405,"- - - - - - - - - muito tempo é dedicado à introdução de definições e muito pouco tempo é dado à prática e revisão dos alunos. O sotaque do apresentador está constantemente impedindo o reconhecimento instantâneo do que ele está dizendo. As legendas às vezes não representam com precisão o que ele está dizendo. Às vezes, há erros de ortografia, o que torna ainda mais difícil saber o que ele está dizendo. Este aluno foi inundado com fórmulas que precisavam ser praticadas, e eu nem tive tempo de escrevê-las!",negative,ky_nang_giang_day
4406,Estou gostando de dar uma nova olhada nos cães.,positive,noi_chung
4407,"Sou um instrutor universitário  de Estatística, tendo me formado em um programa de doutorado - mesmo com essa formação, não consegui acompanhar o instrutor.",negative,ky_nang_giang_day
4408,Teria sido útil ter uma discussão sobre como lidar com recursos categóricos.,positive,noi_chung
4409,"Alvarez, Newell e Adamson demonstraram uma ótima compreensão dos tópicos discutidos, com algumas conversas engraçadas e divertidas ao longo das palestras.",positive,ky_nang_giang_day
4409,"Alvarez, Newell e Adamson demonstraram uma ótima compreensão dos tópicos discutidos, com algumas conversas engraçadas e divertidas ao longo das palestras.",positive,ky_nang_giang_day
4410,Alguns dos vídeos são conceitos muito básicos sobre como liderar uma equipe (por exemplo:,negative,ky_nang_giang_day
4411,"Eu gostaria que esta aula tivesse se aprofundado mais em termos da ciência e da pesquisa reais envolvidas (os estudos aos quais o Dr. Fredrickson se refere são, em sua maioria, apenas abordados brevemente) e tivesse passado menos tempo ouvindo os alunos no local discutindo suas opiniões pessoais (embora eu tenha apreciado suas percepções, gostaria de ter aprendido mais informações reais).",positive,ky_nang_giang_day
4412,"Não vale a pena pelo dinheiro, mas vá em frente se quiser concluir toda a especialização",negative,chuong_trinh_hoc
4413,Muito adequado para iniciantes em programação.,positive,noi_chung
4415,Mas não tenho certeza se é muito fácil ou não.,neutral,chuong_trinh_hoc
4416,"Este curso tem informações incríveis nas aulas, mas é difícil nas aulas em vídeo escolher quais informações serão relevantes nos questionários. Você terá que refazer os questionários várias vezes, não importa o quão bem você esteja fazendo anotações.",positive,noi_chung
4416,"Este curso tem informações incríveis nas aulas, mas é difícil nas aulas em vídeo escolher quais informações serão relevantes nos questionários. Você terá que refazer os questionários várias vezes, não importa o quão bem você esteja fazendo anotações.",negative,ky_nang_giang_day
4416,"Este curso tem informações incríveis nas aulas, mas é difícil nas aulas em vídeo escolher quais informações serão relevantes nos questionários. Você terá que refazer os questionários várias vezes, não importa o quão bem você esteja fazendo anotações.",negative,bai_tap
4417,"Quando vou fazer outras revisões por pares para outras pessoas na mesma tarefa tarefa, me deparo com tarefas tarefa atrasadas de cursos anteriores há 6 meses? !",negative,bai_tap
4418,Conteúdo incrível em exibição.,positive,noi_chung
4419,"Se esses são realmente ""conceitos essenciais"", conforme descritos pelos mentores, seria de se esperar que os professores gastassem tempo com esses conceitos nos vídeos em vez de se dedicarem a casos de uso mais obscuros (que são precisamente o tipo de coisa que faz sentido procurar em outras fontes).",negative,kinh_nghiem
4420,Abridor de olhos!,positive,noi_chung
4421,As ilustrações animadas fornecidas tornaram a palestra extremamente divertida de assistir e muito mais fácil de entender.,positive,ky_nang_giang_day
4422,Os vídeos e explicações são muito ruins.,negative,cung_cap_tai_lieu
4423,Pude ver a melhora da primeira para a última semana.,positive,chuong_trinh_hoc
4424,"Módulo incrível Curso, aprendi muitos conceitos para classificações usando Árvores de Decisão, Funções Logísticas, Boosting, Ensemble e maneiras de atacar problemas.",positive,chuong_trinh_hoc
4424,"Módulo incrível Curso, aprendi muitos conceitos para classificações usando Árvores de Decisão, Funções Logísticas, Boosting, Ensemble e maneiras de atacar problemas.",positive,noi_chung
4425,"A classe Répteis Marinhos Antigos fez um trabalho muito melhor ao apresentar essas informações, embora tenha feito algumas listas de lavanderia.",neutral,ky_nang_giang_day
4426,Achei o curso ministrado excepcionalmente bem.,positive,chuong_trinh_hoc
4427,A maior parte do material não exigiu muitas referências à documentação da Apple para concluir as tarefas.,positive,cung_cap_tai_lieu
4427,A maior parte do material não exigiu muitas referências à documentação da Apple para concluir as tarefas.,positive,bai_tap
4428,Aprendizagem introdutória muito aprofundada de Python.,positive,noi_chung
4429,Gostei de aprender Octave e de fazer o dever de casa semanal; os exercícios me mostraram como realizar tarefas que pareceriam impossíveis para um leigo.,positive,chuong_trinh_hoc
4429,Gostei de aprender Octave e de fazer o dever de casa semanal; os exercícios me mostraram como realizar tarefas que pareceriam impossíveis para um leigo.,positive,noi_chung
4431,Não está no mesmo nível do gerenciamento de projetos da Universidade da Virgínia curso.,negative,noi_chung
4432,Não tive nada a ver com programação durante toda a minha vida - esta palestra foi meu primeiro passo e realmente me fez apaixonar : ) !,positive,ky_nang_giang_day
4433,Os tutoriais em flash são úteis.,positive,noi_chung
4434,Obrigado por nos trazer um programa excelente e ferramentas valiosas para gerentes!,positive,noi_chung
4435,Acho que questionários poderiam ter sido um pouco mais desafiadores.,neutral,bai_tap
4436,Muitas informações que você pode continuar desenvolvendo por conta própria.,positive,noi_chung
4437,"Entretanto, os conjuntos de problemas neste desafio de programação geralmente não são tão bem definidos, o que os torna realmente difíceis de resolver (especialmente o problema do conjunto de dados).",negative,bai_tap
4438,Os testes em particular são difíceis.,negative,bai_tap
4440,"Ótimo estudo de caso, mas a maneira de envolver o público poderia ter sido muito melhor.",positive,noi_chung
4440,"Ótimo estudo de caso, mas a maneira de envolver o público poderia ter sido muito melhor.",negative,noi_chung
4441,"Foi uma revelação sobre como os negócios são feitos e como as coisas parecem tão simples no módulo, tendo apenas uma abordagem sistemática ao risco e à mitigação de riscos durante o desenvolvimento de um negócio.",positive,chuong_trinh_hoc
4442,"Dr. McGarrity com um ótimo senso de humor, dê todo o apoio necessário para você superar seus medos, ficar de pé diante de uma lente e fazer um discurso de autoconfiança.",positive,ky_nang_giang_day
4443,"Novos conceitos não explicados completamente, slides desleixados e até mesmo um vídeo de aula faltando em um ponto (tive que encontrar um link para ele no YouTube)!",negative,ky_nang_giang_day
4444,"Incrível, fácil de entender lições.",positive,noi_chung
4444,"Incrível, fácil de entender lições.",positive,chuong_trinh_hoc
4445,Eu li Professor Kandori e ele é um dos principais pesquisadores nesta área.,positive,ky_nang_giang_day
4446,"Durante a sessão são discutidos vários casos reais para melhor compreensão da aula, mas permanecem algumas dúvidas teóricas.",positive,chuong_trinh_hoc
4446,"Durante a sessão são discutidos vários casos reais para melhor compreensão da aula, mas permanecem algumas dúvidas teóricas.",negative,ky_nang_giang_day
4447,Muito obrigado por esta interessante experiência de aprendizado.,positive,noi_chung
4449,Muitos materiais muito úteis materiais.,positive,cung_cap_tai_lieu
4450,"Muito material extra para praticar e Dr. Chuck mantém tudo interessante e divertido, sem ser exagerado.",positive,cung_cap_tai_lieu
4450,"Muito material extra para praticar e Dr. Chuck mantém tudo interessante e divertido, sem ser exagerado.",positive,ky_nang_giang_day
4451,"Se você verificar sites de perguntas e respostas na Internet, provavelmente descobrirá que este é o curso inicial curso mais recomendado para ramos relacionados da ciência e engenharia.",positive,de_xuat
4452,"Embora eu tenha gostado do tópico, não farei mais aulas com este instrutor.",negative,ky_nang_giang_day
4453,Barbara e Terrence são facilitadores fabulosos.,positive,ky_nang_giang_day
4453,Barbara e Terrence são facilitadores fabulosos.,positive,ky_nang_giang_day
4454,Embora fosse realmente difícil entender o que você deveria fazer em cada tarefa.,negative,bai_tap
4455,Um dos cursos mais interessantes e envolventes cursos que já fiz.,positive,noi_chung
4456,"Por fim, as perguntas do teste da terceira à última semana foram um pouco confusas e não condiziam bem com o que os instrutores realmente disseram.",negative,bai_tap
4456,"Por fim, as perguntas do teste da terceira à última semana foram um pouco confusas e não condiziam bem com o que os instrutores realmente disseram.",negative,bai_tap
4457,"Fiz este curso com um interesse especial no aspecto musical, nomeadamente o blues, é claro.",positive,noi_chung
4457,"Fiz este curso com um interesse especial no aspecto musical, nomeadamente o blues, é claro.",positive,noi_chung
4458,Uma descrição adequada e breve é fornecida em cada lição do curso.,positive,chuong_trinh_hoc
4459,O curso realmente perde o foco e é uma pena que agora eu esteja preso aqui e não possa continuar a especialização inteira.,negative,chuong_trinh_hoc
4460,Obrigado também a ele equipe e assistentes de laboratório por ajudar a criar um programa tão bem projetado.,positive,ky_nang_giang_day
4460,Obrigado também a ele equipe e assistentes de laboratório por ajudar a criar um programa tão bem projetado.,positive,ky_nang_giang_day
4461,. é o melhor curso da minha vida ! ! !,positive,noi_chung
4462,Acho isso ótimo e útil.,positive,noi_chung
4463,"Na conclusão, Iyengar afirma que não há livros didáticos disponíveis para o campo porque ele é ""novo"", mas uma busca na Amazon mostra que vários parecem existir, e muitos dos estudos referenciados neste curso têm anos, até mais de uma década em alguns casos.",negative,ky_nang_giang_day
4464,"Este curso em certo sentido, mudou minha maneira de estudar.",positive,noi_chung
4465,"Também achei absurdo que cada vez que o professor introduzia um conceito muito básico de álgebra linear ele ficava dizendo de forma um tanto condescendente: ""isso é para os especialistas em álgebra linear"".",positive,ky_nang_giang_day
4466,"Obrigado Dr. Chuck, a maneira como você ensina e o interesse em integrar estudantes do mundo todo são muito apreciados.",positive,ky_nang_giang_day
4466,"Obrigado Dr. Chuck, a maneira como você ensina e o interesse em integrar estudantes do mundo todo são muito apreciados.",positive,ky_nang_giang_day
4467,Seria melhor se alguém explicasse em vídeo.,negative,ky_nang_giang_day
4468,2 - Foram utilizados exemplos muito vagos.,negative,cung_cap_tai_lieu
4469,"No entanto, estou um pouco surpreso por não ter recebido um certificado por isso.",negative,chuong_trinh_hoc
4470,Principalmente a seção de política na semana 8.,neutral,noi_chung
4471,Afirmações muitas vezes não são justificadas (“a prototipagem incremental produzirá um software robusto e rico em recursos”).,negative,noi_chung
4472,"A menos que você esteja pronto para sofrer por várias horas arrancando os cabelos porque o analisador não aceita código perfeitamente escrito, não faça este curso.",negative,noi_chung
4473,Este curso claramente tem uma agenda.,negative,chuong_trinh_hoc
4474,"Um pouco difícil, especialmente porque há muita parte de RBM / DBN / DBM.",negative,chuong_trinh_hoc
4475,"Eu não esperava muito quando me matriculei algumas semanas atrás, mas quanto mais eu estudava e assistia às aulas, mais me surpreendia com tantas dicas e recursos excelentes para entender e me tornar um aluno melhor.",positive,cung_cap_tai_lieu
4476,Eu recomendo fortemente esta aula para qualquer um que queira ter uma boa compreensão de Aprendizado de Máquina.,positive,de_xuat
4477,Perguntas não respondidas no fórum de discussão exigiram escalonamento.,negative,hanh_vi
4478,Tudo é ótimo sobre isso curso.,positive,noi_chung
4479,Foi muito gratificante participar deste curso fundamental curso.,positive,noi_chung
4480,"Usei Python para fazer todas as tarefas, mas não me preocupei em enviar minhas respostas para obter créditos pelo curso porque teria que reimplementá-lo novamente no Octave.",negative,bai_tap
4481,"Servance é um ótimo desenvolvimento dos fundamentos da programação (os dois primeiros curso) que lhe servirão bem pelo resto da sua vida, bem como um curso que lhe dará uma espécie de tentativa de entender as grandes coisas que o Python pode fazer por você.",positive,noi_chung
4482,O instrutor é um DEUS.,positive,ky_nang_giang_day
4483,É difícil entender os pontos principais desses materiais e o que os instrutores querem me dizer.,negative,cung_cap_tai_lieu
4483,É difícil entender os pontos principais desses materiais e o que os instrutores querem me dizer.,negative,ky_nang_giang_day
4485,Gostaria de ter tido isso curso quando comecei a faculdade; deveria ser obrigatório material para estudantes e estudantes em todos os lugares.,positive,noi_chung
4485,Gostaria de ter tido isso curso quando comecei a faculdade; deveria ser obrigatório material para estudantes e estudantes em todos os lugares.,positive,cung_cap_tai_lieu
4486,Estou realmente ansioso para concluir os cursos restantes.,positive,noi_chung
4487,Um curso maravilhoso que realmente me ajudou a aprender muito sobre a maneira como aprendemos e como posso melhorar meu próprio aprendizado.,positive,noi_chung
4487,Um curso maravilhoso que realmente me ajudou a aprender muito sobre a maneira como aprendemos e como posso melhorar meu próprio aprendizado.,positive,chuong_trinh_hoc
4488,Gostaria de poder assistir pessoalmente a algumas aulas dele.,positive,ky_nang_giang_day
4489,Este curso é completo e os instrutores são ótimos!,positive,noi_chung
4489,Este curso é completo e os instrutores são ótimos!,positive,ky_nang_giang_day
4490,Eu realmente aprecio o entusiasmo do Dr. Len por seu assunto e o grande apoio de seus assistentes de ensino.,positive,ky_nang_giang_day
4490,Eu realmente aprecio o entusiasmo do Dr. Len por seu assunto e o grande apoio de seus assistentes de ensino.,positive,ky_nang_giang_day
4491,As aulas e exercícios são fantásticas.,positive,ky_nang_giang_day
4491,As aulas e exercícios são fantásticas.,positive,bai_tap
4492,"Tudo é explicado de forma simples, mas com grande quantidade de detalhes.",positive,ky_nang_giang_day
4493,"Ni Hao, gostei do curso, bom conteúdo curso, embora a primeira semana, que inclui os tons, tenha sido difícil, pois é difícil memorizá-los.",positive,noi_chung
4493,"Ni Hao, gostei do curso, bom conteúdo curso, embora a primeira semana, que inclui os tons, tenha sido difícil, pois é difícil memorizá-los.",negative,chuong_trinh_hoc
4493,"Ni Hao, gostei do curso, bom conteúdo curso, embora a primeira semana, que inclui os tons, tenha sido difícil, pois é difícil memorizá-los.",positive,noi_chung
4494,"Instrutor a qualidade é baixa, a qualidade da produção de instrutor vídeos é baixa.",negative,ky_nang_giang_day
4494,"Instrutor a qualidade é baixa, a qualidade da produção de instrutor vídeos é baixa.",negative,ky_nang_giang_day
4494,"Instrutor a qualidade é baixa, a qualidade da produção de instrutor vídeos é baixa.",negative,ky_nang_giang_day
4495,"Graças a você e sua equipe (se houver), estou bastante confiante em projetar bancos de dados de pequena escala e brincar com eles.",positive,ky_nang_giang_day
4496,São necessários testes.,neutral,noi_chung
4497,Não posso recomendar isso o suficiente.,positive,de_xuat
4498,Descobri que a rubrica de classificação em particular se concentrava muito em elementos simples da interface do usuário e não o suficiente em garantir que o código fosse bom ou que o jogo funcionasse.,negative,ham_diem
4499,"Fácil de seguir, ótimos exemplos, explicado de forma clara, envolvente apresentações e tarefas, dicas de especialistas; todas essas coisas fizeram deste curso um curso que eu não consegui ""largar"".",positive,chuong_trinh_hoc
4499,"Fácil de seguir, ótimos exemplos, explicado de forma clara, envolvente apresentações e tarefas, dicas de especialistas; todas essas coisas fizeram deste curso um curso que eu não consegui ""largar"".",positive,cung_cap_tai_lieu
4499,"Fácil de seguir, ótimos exemplos, explicado de forma clara, envolvente apresentações e tarefas, dicas de especialistas; todas essas coisas fizeram deste curso um curso que eu não consegui ""largar"".",positive,ky_nang_giang_day
4499,"Fácil de seguir, ótimos exemplos, explicado de forma clara, envolvente apresentações e tarefas, dicas de especialistas; todas essas coisas fizeram deste curso um curso que eu não consegui ""largar"".",positive,ky_nang_giang_day
4499,"Fácil de seguir, ótimos exemplos, explicado de forma clara, envolvente apresentações e tarefas, dicas de especialistas; todas essas coisas fizeram deste curso um curso que eu não consegui ""largar"".",positive,bai_tap
4499,"Fácil de seguir, ótimos exemplos, explicado de forma clara, envolvente apresentações e tarefas, dicas de especialistas; todas essas coisas fizeram deste curso um curso que eu não consegui ""largar"".",positive,kinh_nghiem
4500,"Há algumas coisas que podem ajudar a melhorar o curso: - Para um curso de quatro semanas, sinto que o material não foi suficiente.",negative,cung_cap_tai_lieu
4501,Barbara Oakley e sua equipe fizeram um bom trabalho preparando este incrível workshop.,positive,ky_nang_giang_day
4501,Barbara Oakley e sua equipe fizeram um bom trabalho preparando este incrível workshop.,positive,noi_chung
4502,Eu sugeriria aumentar o número de avaliações exigidas de cada aluno para que uma avaliação incorreta (com base em erro do usuário) não influencie sua nota de forma tão significativa.,negative,ham_diem
4503,"Teria sido uma avaliação retumbante de cinco estrelas, mas alguns ""mentor"" acharam necessário sequestrar um tópico de um aluno perguntando sobre a necessidade de mais de uma ""pausa"" em um loop while para dar uma palestra sobre o que constitui pseudocódigo e o que não constitui em uma questão que não é uma tarefa.",negative,hanh_vi
4504,O código para os exercícios foi feito para o Eclipse ADT e o Google abandonou o suporte ao Eclipse há algum tempo.,negative,bai_tap
4505,"Obtive alguns benefícios importantes com o curso, particularmente a técnica pomodoro, que estou usando.",positive,noi_chung
4506,Esta é uma excelente introdução à língua e gramática chinesa.,positive,noi_chung
4507,"Eu também recomendaria a qualquer pessoa cuja futura profissão esteja de alguma forma conectada à economia/finanças/contabilidade, porque essas são habilidades básicas.",positive,de_xuat
4508,A estrutura do curso é cuidadosamente projetada.,positive,chuong_trinh_hoc
4509,"Os padrões de classificação são estranhos: notas máximas devem ser dadas a tarefas realizadas em público, como se coisas feitas em particular não fossem criativas; há maneiras melhores de fazer alguém sair da zona de conforto.",negative,ham_diem
4510,"Achei o curso muito confuso e a linguagem usada nos questionários e exames nem sempre correspondia à linguagem usada nas aulas, o que tornava muito difícil entender o que era desejado.",negative,chuong_trinh_hoc
4510,"Achei o curso muito confuso e a linguagem usada nos questionários e exames nem sempre correspondia à linguagem usada nas aulas, o que tornava muito difícil entender o que era desejado.",negative,bai_tap
4510,"Achei o curso muito confuso e a linguagem usada nos questionários e exames nem sempre correspondia à linguagem usada nas aulas, o que tornava muito difícil entender o que era desejado.",negative,cung_cap_tai_lieu
4510,"Achei o curso muito confuso e a linguagem usada nos questionários e exames nem sempre correspondia à linguagem usada nas aulas, o que tornava muito difícil entender o que era desejado.",negative,chuong_trinh_hoc
4511,O curso foi excelente todos professores foram excelentes especialmente,positive,noi_chung
4511,O curso foi excelente todos professores foram excelentes especialmente,positive,ky_nang_giang_day
4512,A configuração do ambiente de desenvolvimento infelizmente está desatualizada.,negative,noi_chung
4513,eu amo esse programa. ele me desenvolveu mais sobre como abordar um assunto ou curso . . parabéns para Dra. Barbara Oakley . . . você é uma boa professora,positive,chuong_trinh_hoc
4513,eu amo esse programa. ele me desenvolveu mais sobre como abordar um assunto ou curso . . parabéns para Dra. Barbara Oakley . . . você é uma boa professora,positive,ky_nang_giang_day
4513,eu amo esse programa. ele me desenvolveu mais sobre como abordar um assunto ou curso . . parabéns para Dra. Barbara Oakley . . . você é uma boa professora,positive,chuong_trinh_hoc
4514,Muito esclarecedor... me deu noções básicas de operações logísticas.,positive,chuong_trinh_hoc
4514,Muito esclarecedor... me deu noções básicas de operações logísticas.,positive,noi_chung
4515,Isso realmente ajuda com uma introdução a alguns conceitos fundamentais da internet.,positive,noi_chung
4516,A única coisa que você aprenderá com a experiência é que algumas pessoas devem ficar o mais longe possível da escrita autoavaliadores que o planeta permitir.,negative,ham_diem
4517,Professor realmente conhece seu trabalho e está indo muito bem.,positive,ky_nang_giang_day
4517,Professor realmente conhece seu trabalho e está indo muito bem.,positive,ky_nang_giang_day
4518,Espero que as escolas ensinem isso formalmente em algum momento no futuro.,positive,noi_chung
4519,Ele explicou como o cérebro funciona quando você tenta aprender algo de uma forma muito prática e fácil.,positive,chuong_trinh_hoc
4519,Ele explicou como o cérebro funciona quando você tenta aprender algo de uma forma muito prática e fácil.,positive,ky_nang_giang_day
4520,"Gostei porque isso me deixou atualizado para os próximos cursos, mas achei o ritmo de aprendizado um pouco lento com testes muito simples tarefas.",negative,bai_tap
4520,"Gostei porque isso me deixou atualizado para os próximos cursos, mas achei o ritmo de aprendizado um pouco lento com testes muito simples tarefas.",negative,noi_chung
4521,Fiz este curso duas vezes.,positive,noi_chung
4522,"Além disso, o projeto final revisado por pares não é muito bem explicado e usa ferramentas e métodos que nem estão dentro do escopo do módulo.",negative,ky_nang_giang_day
4524,Ótimo assunto e alguns muito bem apresentados vídeos.,positive,noi_chung
4524,Ótimo assunto e alguns muito bem apresentados vídeos.,positive,ky_nang_giang_day
4525,Abrangente conteúdo.,positive,noi_chung
4526,Ainda mais porque é grátis!!,positive,noi_chung
4527,Obrigado coursera por fornecer uma bolsa de estudos para este curso.,positive,chuong_trinh_hoc
4528,"Há algumas aulas sobre pronúncia em inglês, que achei um pouco tediosas, já que sou falante nativo, mas nada que prejudique o aproveitamento geral da aula.",negative,ky_nang_giang_day
4529,Especialização incrível!,positive,noi_chung
4530,Dr. Chunk é muito engraçado e ensina bem.,positive,ky_nang_giang_day
4530,Dr. Chunk é muito engraçado e ensina bem.,positive,ky_nang_giang_day
4531,"Alguns dos materiais são estritamente por som, então se você não consegue acompanhar as mudanças de acordes, você pode se perder.",negative,cung_cap_tai_lieu
4532,"O curso aprofundou ainda mais meu amor pelo assunto e as plataformas de avaliação foram desafiadoras, mas não pareceram trabalhosas.",positive,noi_chung
4532,"O curso aprofundou ainda mais meu amor pelo assunto e as plataformas de avaliação foram desafiadoras, mas não pareceram trabalhosas.",positive,bai_tap
4532,"O curso aprofundou ainda mais meu amor pelo assunto e as plataformas de avaliação foram desafiadoras, mas não pareceram trabalhosas.",positive,bai_tap
4533,Essa foi uma das minhas aulas favoritas.,positive,noi_chung
4534,"Este foi um texto instigante, uma ponta do iceberg, inspirador e simples claro, apropriado para quase qualquer pessoa interessada em ""artes"".",positive,noi_chung
4535,Fornece uma ótima visão geral.,positive,noi_chung
4536,Os vídeos devem mudar para incluir mais detalhes sobre o tópico apresentado.,negative,ky_nang_giang_day
4537,Aprecie o conhecimento amplo e detalhado.,positive,noi_chung
4538,A maneira como eles apresentaram isso curso e sua abordagem foi fácil e compreensível.,positive,chuong_trinh_hoc
4539,"No geral, gostei do conteúdo e do curso",positive,noi_chung
4539,"No geral, gostei do conteúdo e do curso",positive,noi_chung
4540,"Não tenho dúvidas de que professores são excelentes profissionais na área, além de grandes entusiastas do aprendizado de máquina.",positive,ky_nang_giang_day
4540,"Não tenho dúvidas de que professores são excelentes profissionais na área, além de grandes entusiastas do aprendizado de máquina.",positive,ky_nang_giang_day
4541,"Conforme consta no resumo, este curso é direcionado àqueles que não têm experiência em programação.",positive,noi_chung
4542,"Jeff Leek, ele é um ótimo professor.",positive,ky_nang_giang_day
4543,Não posso recomendar este curso o suficiente.,positive,de_xuat
4544,"Então, os vídeos continuaram ficando confusos e desatualizados.",negative,ky_nang_giang_day
4544,"Então, os vídeos continuaram ficando confusos e desatualizados.",negative,ky_nang_giang_day
4546,Adorei as palestras.,positive,ky_nang_giang_day
4547,Eu obtive o que esperava neste curso.,positive,chuong_trinh_hoc
4548,"Sendo um verdadeiro iniciante, sem experiência em programação ou ciência de dados, senti que as tarefas de programação estavam muito distantes dos exercícios do Swirl (que achei muito úteis e apropriados para iniciantes) e das palestras.",negative,bai_tap
4549,Realmente maravilhoso.,positive,noi_chung
4550,"A aula é uma visão geral muito boa das métricas em geral. Ela é mais ampla do que profunda, e às vezes os vídeos e as explicações não foram os mais fáceis de digerir.",positive,noi_chung
4550,"A aula é uma visão geral muito boa das métricas em geral. Ela é mais ampla do que profunda, e às vezes os vídeos e as explicações não foram os mais fáceis de digerir.",negative,ky_nang_giang_day
4551,O curso sobre o algoritmo de aprendizado de máquina é tão básico.,negative,chuong_trinh_hoc
4552,"As tarefas não são muitas, nem poucas.",positive,bai_tap
4553,"Isso é muito útil claro, minhas habilidades melhoraram depois de passar por essas sessões.",positive,noi_chung
4553,"Isso é muito útil claro, minhas habilidades melhoraram depois de passar por essas sessões.",positive,noi_chung
4554,Eu tentei o Python curso da Rice University e parte do Python curso da Codecademy!,positive,noi_chung
4555,. continue assim excelente claro .,positive,noi_chung
4556,"Acredito que conseguirei aplicar os métodos discutidos no curso diariamente, sem precisar gastar muito tempo aprendendo-os, pois são muito práticos!",positive,chuong_trinh_hoc
4556,"Acredito que conseguirei aplicar os métodos discutidos no curso diariamente, sem precisar gastar muito tempo aprendendo-os, pois são muito práticos!",positive,chuong_trinh_hoc
4557,"Este curso ensina como aprender de forma eficaz e eficiente, de forma descontraída, fácil de entender (mesmo que seu inglês não seja bom como o meu) e aplicável em qualquer área.",positive,chuong_trinh_hoc
4558,"Na verdade, não fiz nenhum curso de Neurociência e devo dizer que foi muito desafiador devido à minha carga horária integral na escola, mas consegui!",negative,chuong_trinh_hoc
4559,Definitivamente voltarei a este assunto novamente.,positive,noi_chung
4560,É uma grande oportunidade para evolução na carreira.,positive,noi_chung
4561,"Muito poucos exemplos práticos e exercícios, mas aborda o básico como: sintaxe, semântica, o que prestar atenção ao criar seu próprio site.",negative,bai_tap
4561,"Muito poucos exemplos práticos e exercícios, mas aborda o básico como: sintaxe, semântica, o que prestar atenção ao criar seu próprio site.",positive,bai_tap
4562,Isso está esclarecendo muitas das minhas dúvidas e agora sinto que estou realmente aprendendo AngularJS.,positive,chuong_trinh_hoc
4563,"Parabéns aos organizadores, especialmente a Maya Adams.",positive,ky_nang_giang_day
4564,"Eu teria dado 5 estrelas, mas perto do final senti que as aulas ficaram um pouco mais desleixadas.",positive,chuong_trinh_hoc
4564,"Eu teria dado 5 estrelas, mas perto do final senti que as aulas ficaram um pouco mais desleixadas.",neutral,noi_chung
4565,Conteúdo é bom.,positive,cung_cap_tai_lieu
4566,Algumas das palestras foram difíceis de acompanhar.,negative,ky_nang_giang_day
4567,A última parte é reveladora.,positive,chuong_trinh_hoc
4568,As ferramentas fornecidas para revisar o material e testar você mesmo são muito eficazes.,positive,chuong_trinh_hoc
4569,Gostei muito de participar deste curso.,positive,noi_chung
4570,Mas há um monte de questionários que às vezes estão bem distantes do material da aula e você tem que pesquisar muito para acertar todas as questões.,negative,bai_tap
4570,Mas há um monte de questionários que às vezes estão bem distantes do material da aula e você tem que pesquisar muito para acertar todas as questões.,negative,cung_cap_tai_lieu
4571,Meu curso favorito online até agora (já me inscrevi em mais de 200 e concluí mais de 50 deles)!,positive,noi_chung
4572,"O instrutor Andrew Ng conduz você pelo material em palestras fáceis de entender, divididas por tópico em tempo perfeito sessões de vídeo com questionários individuais questionários durante cada vídeo, que ajudam você a avaliar o quão bem você entendeu e compreendeu o tópico discutido na lição.",positive,ky_nang_giang_day
4572,"O instrutor Andrew Ng conduz você pelo material em palestras fáceis de entender, divididas por tópico em tempo perfeito sessões de vídeo com questionários individuais questionários durante cada vídeo, que ajudam você a avaliar o quão bem você entendeu e compreendeu o tópico discutido na lição.",positive,ky_nang_giang_day
4572,"O instrutor Andrew Ng conduz você pelo material em palestras fáceis de entender, divididas por tópico em tempo perfeito sessões de vídeo com questionários individuais questionários durante cada vídeo, que ajudam você a avaliar o quão bem você entendeu e compreendeu o tópico discutido na lição.",positive,bai_tap
4573,Os questionários também são muito confusos e às vezes me senti frustrado.,negative,bai_tap
4573,Os questionários também são muito confusos e às vezes me senti frustrado.,negative,bai_tap
4574,"Este é um curso introdutório curso introdutório, uma compilação de conceitos relacionados a cidades sustentáveis.",neutral,noi_chung
4575,Eu amo muito isso curso.,positive,noi_chung
4576,"Estou envolvido em uma pesquisa de base de comportamento de saneamento e higiene em escolas na Índia e achei isso curso relevante para minha compreensão de como o comportamento é um resultado de normas que surgem, por sua vez, de expectativas empíricas e normativas.",positive,chuong_trinh_hoc
4577,Um super curso e disponível na hora certa.,positive,noi_chung
4578,Certifique-se de reservar tempo suficiente para a leitura e as principais tarefas tarefas.,neutral,bai_tap
4579,Este foi um excelente curso introdutório curso ao mundo do aprendizado de máquina.,positive,noi_chung
4580,Os materiais são ótimos e fáceis de entender.,positive,cung_cap_tai_lieu
4580,Os materiais são ótimos e fáceis de entender.,positive,cung_cap_tai_lieu
4581,Este foi um bom curso.,positive,noi_chung
4582,É isso que você obterá ao fazer este curso (citado porque essas são as palavras usadas para descrever o padrão geral de educação na minha universidade).,positive,noi_chung
4583,Melhor curso nesta especialização!,positive,noi_chung
4584,Era muito acessível e tinha alguns ótimos exemplos.,positive,noi_chung
4584,Era muito acessível e tinha alguns ótimos exemplos.,positive,chuong_trinh_hoc
4585,Espero que você goste do curso como eu : ),positive,noi_chung
4586,Não achei muito útil. Talvez eu esperasse que fosse diferente.,negative,noi_chung
4587,"A melhor parte foi a metodologia de ensino prática e, além disso, o tempero foi ""Qual erro eu cometi"" - aprender e corrigir validando o trabalho de outros participantes.",positive,ky_nang_giang_day
4588,Excelente maneira de revisitar/repensar o que aprender e a melhor forma de fazê-lo.,positive,noi_chung
4589,"Obrigado, criadores.",positive,noi_chung
4590,Mas gastamos dinheiro para que alguém nos ensine essas coisas.,negative,noi_chung
4592,Este curso me mostra o quão ruins eram meus hábitos de estudo e me ajuda a melhorá-los.,positive,noi_chung
4593,Este curso é um dos mais práticos curso em cursora.,positive,chuong_trinh_hoc
4594,Adoro que o curso também seja muito difícil - ele não foi simplificado para nós.,positive,noi_chung
4594,Adoro que o curso também seja muito difícil - ele não foi simplificado para nós.,negative,chuong_trinh_hoc
4595,"No geral, este curso é ótimo!",positive,noi_chung
4596,O melhor ensino curso de todos os tempos.,positive,noi_chung
4597,Fantástico conteúdo! .,positive,cung_cap_tai_lieu
4598,"Existem muitas técnicas ensinadas para focar, bem como métodos de pensamento intuitivo.",positive,chuong_trinh_hoc
4599,Nick Santos ou talvez o Professor Santos seja um professor muito entusiasmado e realmente incentive o aluno a se destacar e ter sucesso.,positive,ky_nang_giang_day
4599,Nick Santos ou talvez o Professor Santos seja um professor muito entusiasmado e realmente incentive o aluno a se destacar e ter sucesso.,positive,ky_nang_giang_day
4600,Experiência incrível!,positive,noi_chung
4601,"Eu realmente recomendo este curso não apenas para nutrição infantil, mas também para adultos ""exigentes"" e teimosos.",positive,de_xuat
4602,Os exercícios ainda são projetados com muito cuidado.,positive,bai_tap
4603,Este curso fez exatamente o que anunciou.,positive,noi_chung
4604,Dúvidas também são esclarecidas no fórum de discussão regularmente e o mais rápido possível.,positive,hanh_vi
4605,Adorei a parte do vídeo bônus do curso!,positive,noi_chung
4606,Gostei muito deste curso.,positive,noi_chung
4607,A interação com outros alunos seria muito benéfica na forma de tarefa em grupo.,positive,hanh_vi
4608,Uma introdução básica ao framework meteorJS.,positive,noi_chung
4609,Este curso tem um ritmo muito rápido e simplesmente não tem o charme de todos os outros curso da especialização.,negative,noi_chung
4609,Este curso tem um ritmo muito rápido e simplesmente não tem o charme de todos os outros curso da especialização.,negative,noi_chung
4610,Eu particularmente adoro o entusiasmo e a paixão do professor em ajudar todos a aprender conhecimentos de ponta em aprendizado de máquina.,positive,ky_nang_giang_day
4610,Eu particularmente adoro o entusiasmo e a paixão do professor em ajudar todos a aprender conhecimentos de ponta em aprendizado de máquina.,positive,hanh_vi
4611,Muito obrigado ao Professor Charles por ministrar o curso e generosamente compartilhar seu trabalho conosco!,positive,ky_nang_giang_day
4612,Os professores teriam mais tempo para explicar cada parte nas aulas para que a dificuldade aumentasse uniformemente entre as semanas.,neutral,ky_nang_giang_day
4613,"Ainda não terminei, mas mal posso esperar para dar uma avaliação de 5 estrelas.",positive,chuong_trinh_hoc
4614,E seria muito bom ter um slide de resumo no final do curso.,negative,cung_cap_tai_lieu
4615,Tenho experiência em programação em PHP usando o framework web Laravel.,positive,noi_chung
4616,"De qualquer forma, vale a pena o meu tempo, eu o recomendarei.",positive,chuong_trinh_hoc
4616,"De qualquer forma, vale a pena o meu tempo, eu o recomendarei.",positive,de_xuat
4617,"O instrutor estava perdido entre ensinar R e ensinar estatística, então no final ele não fez nenhuma das duas coisas.",negative,ky_nang_giang_day
4618,"Achei alguns dos exercícios um pouco mais difíceis do que o conteúdo fornecido, e o suporte ainda não é tão perfeito, mas é possível encontrar boa ajuda nos fóruns se perguntar com antecedência (no meu caso, devo agradecer muito aos meus colegas Brian e Richard... eles foram verdadeiros mentores).",negative,bai_tap
4618,"Achei alguns dos exercícios um pouco mais difíceis do que o conteúdo fornecido, e o suporte ainda não é tão perfeito, mas é possível encontrar boa ajuda nos fóruns se perguntar com antecedência (no meu caso, devo agradecer muito aos meus colegas Brian e Richard... eles foram verdadeiros mentores).",negative,hanh_vi
4620,Andrew é um ótimo pedagogo e foi um prazer ouvir suas explicações.,positive,ky_nang_giang_day
4621,Este curso foi ótimo.,positive,noi_chung
4622,Eles eram todos muito envolventes.,positive,ky_nang_giang_day
4623,"No entanto, ainda acho que o preço é um pouco alto em comparação a outros cursos similares cursos que você pode encontrar online.",negative,chuong_trinh_hoc
4624,"Os professores, embora não falassem inglês muito fluentemente, eram os melhores e sabiam exatamente o que estavam ensinando, o que me deixou muito feliz.",negative,ky_nang_giang_day
4624,"Os professores, embora não falassem inglês muito fluentemente, eram os melhores e sabiam exatamente o que estavam ensinando, o que me deixou muito feliz.",positive,ky_nang_giang_day
4625,Um ótimo curso para começar a programar em geral e com Python em particular.,positive,noi_chung
4626,Programação R bem organizada curso para acadêmicos amadores com algum conhecimento prévio de POO!,positive,chuong_trinh_hoc
4627,Os materiais de leitura foram realmente interessantes.,positive,cung_cap_tai_lieu
4628,No futuro você não terá nada para mostrar no seu currículo.,negative,chuong_trinh_hoc
4629,Uma nova perspectiva ou percepção sobre o aprendizado é sempre benéfica e isso curso pode surpreendê-lo ou mudar completamente a maneira como você aprende.,positive,noi_chung
4630,Um brinde aos bons professor.,positive,ky_nang_giang_day
4631,"Algumas informações podem ser difíceis de encontrar, principalmente na seção Discussão.",negative,hanh_vi
4632,Sou grato a todos vocês por me proporcionarem novas experiências.,positive,noi_chung
4633,"Além disso, não estava totalmente claro como compor o regulador PID a partir da abordagem ""sistemática"".",negative,ky_nang_giang_day
4634,Também gostei muito dos mapas interativos e das dicas técnicas.,positive,noi_chung
4635,"Senti que não estava aprendendo nada de novo, mas os clipes dos filmes me permitiram vê-los sob uma nova luz.",negative,chuong_trinh_hoc
4636,O livro didático e o curso questionários agregaram grande valor ao curso.,positive,cung_cap_tai_lieu
4636,O livro didático e o curso questionários agregaram grande valor ao curso.,positive,bai_tap
4636,O livro didático e o curso questionários agregaram grande valor ao curso.,positive,chuong_trinh_hoc
4637,"Como um iniciante total, não apenas em Python, mas também em programação, achei este curso extremamente útil.",positive,noi_chung
4638,"Havia muitos problemas com os conjuntos de problemas: incorretos, pouco claros, além do escopo de curso, colocados na ordem errada de conteúdo.",negative,ky_nang_giang_day
4639,Este curso reafirmou meu interesse em Leiden de 10 anos atrás.,positive,noi_chung
4640,A maneira como os professores nos ensinaram e testaram por meio dos desafios do conceito realmente me sensibilizou.,positive,ky_nang_giang_day
4640,A maneira como os professores nos ensinaram e testaram por meio dos desafios do conceito realmente me sensibilizou.,positive,ky_nang_giang_day
4641,A maneira de ensinar é muito lúcida e fácil de entender.,positive,ky_nang_giang_day
4641,A maneira de ensinar é muito lúcida e fácil de entender.,positive,ky_nang_giang_day
4642,Aprendi muito neste curso e continuarei aprendendo seu outro python curso.,positive,chuong_trinh_hoc
4643,"No entanto, eu estava aprendendo coisas novas desde o começo.",positive,noi_chung
4645,"Tive dificuldades em algumas seções, pois não tive dificuldades com fisiologia...",negative,noi_chung
4646,"Valioso hands-on exercícios e o melhor de tudo, tendo professores que são autoridades em sua área.",positive,bai_tap
4646,"Valioso hands-on exercícios e o melhor de tudo, tendo professores que são autoridades em sua área.",positive,ky_nang_giang_day
4647,"Muito obrigado, Coursera e Dr. Chuck!",positive,ky_nang_giang_day
4648,O curso foi útil para me fazer perceber para onde todo o meu tempo estava indo sem resultados quantificáveis e espero conseguir criar o hábito de uma boa gestão do tempo.,positive,chuong_trinh_hoc
4649,"Este é um curso difícil, questionários não são triviais e o último dever de casa foi uma quantidade enorme de trabalho.",negative,chuong_trinh_hoc
4649,"Este é um curso difícil, questionários não são triviais e o último dever de casa foi uma quantidade enorme de trabalho.",negative,bai_tap
4649,"Este é um curso difícil, questionários não são triviais e o último dever de casa foi uma quantidade enorme de trabalho.",negative,bai_tap
4650,"Graças a essa série de cursos, comecei a trabalhar melhor minhas habilidades fotográficas e achei isso muito interessante e incrível.",positive,noi_chung
4650,"Graças a essa série de cursos, comecei a trabalhar melhor minhas habilidades fotográficas e achei isso muito interessante e incrível.",positive,noi_chung
4651,Este curso é realmente esplêndido.,positive,noi_chung
4652,"Curso é bom, o motivo pelo qual estou dando uma classificação baixa é porque ele é um pouco redundante com o curso 3 ""Introdução ao desenvolvimento do Meteor . js"".",positive,noi_chung
4652,"Curso é bom, o motivo pelo qual estou dando uma classificação baixa é porque ele é um pouco redundante com o curso 3 ""Introdução ao desenvolvimento do Meteor . js"".",negative,chuong_trinh_hoc
4653,"Estou aproveitando mais os outros dois, mas esta foi uma introdução fantástica para me fazer pensar.",positive,noi_chung
4654,O curso material é estruturado de forma abrangente.,positive,cung_cap_tai_lieu
4655,No geral é um ótimo curso.,positive,noi_chung
4656,"A dificuldade deste curso justifica o uso de vídeos aulas para transmitir muitos conceitos e técnicas, como o sistema Fitch.",negative,ky_nang_giang_day
4657,Recomendo a todos que desejam aprender Machine Learning.,positive,de_xuat
4658,A criatividade é incentivada e muito poucas restrições e regras são impostas.,positive,chuong_trinh_hoc
4659,Dr. Lafayette fez um trabalho maravilhoso em suas histórias e descrições para tornar as lutas e os sucessos do Movimento reais.,positive,ky_nang_giang_day
4660,Muito conteúdo e conhecimento são abordados neste curso.,positive,cung_cap_tai_lieu
4660,Muito conteúdo e conhecimento são abordados neste curso.,positive,chuong_trinh_hoc
4661,"Estou gostando muito deste curso, é informativo e muito bem organizado e apresentado.",positive,noi_chung
4661,"Estou gostando muito deste curso, é informativo e muito bem organizado e apresentado.",positive,chuong_trinh_hoc
4661,"Estou gostando muito deste curso, é informativo e muito bem organizado e apresentado.",positive,chuong_trinh_hoc
4661,"Estou gostando muito deste curso, é informativo e muito bem organizado e apresentado.",positive,chuong_trinh_hoc
4662,Existem muitas opções melhores para aprender a programar.,negative,noi_chung
4663,"Fora isso, foi incrível.",positive,noi_chung
4664,Recomendado para todos.,positive,de_xuat
4665,"Gostei muito do curso. Normalmente, os cursos online são um pouco difíceis para mim. Mas não com este curso.",positive,noi_chung
4666,Este curso foi muito útil para mim em termos de relembrar os conceitos de Negócios e Empreendedorismo.,positive,noi_chung
4666,Este curso foi muito útil para mim em termos de relembrar os conceitos de Negócios e Empreendedorismo.,positive,noi_chung
4667,"Conteúdo e exemplos extremamente úteis, práticos e relevantes, além de um curso ótimo professor e muito útil equipe e outros alunos.",positive,chuong_trinh_hoc
4667,"Conteúdo e exemplos extremamente úteis, práticos e relevantes, além de um curso ótimo professor e muito útil equipe e outros alunos.",positive,chuong_trinh_hoc
4667,"Conteúdo e exemplos extremamente úteis, práticos e relevantes, além de um curso ótimo professor e muito útil equipe e outros alunos.",positive,ky_nang_giang_day
4667,"Conteúdo e exemplos extremamente úteis, práticos e relevantes, além de um curso ótimo professor e muito útil equipe e outros alunos.",positive,ky_nang_giang_day
4668,"Embora este curso esteja focado no ensino da língua inglesa, acho que ele ainda é útil para professores de outras disciplinas, até mesmo de outros idiomas!",positive,chuong_trinh_hoc
4668,"Embora este curso esteja focado no ensino da língua inglesa, acho que ele ainda é útil para professores de outras disciplinas, até mesmo de outros idiomas!",positive,noi_chung
4669,Muitas informações práticas após as primeiras 2 a 3 semanas.,positive,chuong_trinh_hoc
4670,Ela está apenas lendo os slides em vez de fornecer mais exemplos e cenários para ajudar os alunos a compreender o material.,negative,ky_nang_giang_day
4671,Introdução útil à resolução de conflitos.,positive,noi_chung
4672,Quero aprender mais com você porque você ensina o que eu não sei e o que são idênticos às aulas,positive,ky_nang_giang_day
4674,"Alguns dos questionários parecem exigir uma calculadora avançada, mas consegui usar uma simples e meio que fazer uma estimativa.",neutral,bai_tap
4675,Realmente me ajudou a começar meus estudos sobre Python!,positive,noi_chung
4676,Ótima introdução ao Pandas Series e DataFrames para Ciência de Dados.,positive,noi_chung
4677,"Demonstrações de alimentos fáceis e rápidas de fazer, básicas o suficiente para que os alunos possam desenvolvê-las dependendo do que estiver disponível.",positive,ky_nang_giang_day
4678,Você deveria ter vergonha de si mesmo por divulgar esse lixo.,negative,chuong_trinh_hoc
4679,Obrigado pelo seu esforço!,positive,noi_chung
4680,"Vídeos curtos, mas muito informativos.",positive,ky_nang_giang_day
4680,"Vídeos curtos, mas muito informativos.",positive,ky_nang_giang_day
4681,Isso significa que é agradável e não é uma carga de trabalho muito grande.,positive,chuong_trinh_hoc
4682,"Sou estudante de Engenharia Física na UFG, no estado de Goiás, Brasil, e esses conhecimentos me auxiliarão na Análise de Dados, que é basicamente a principal atividade de um Físico Experimental.",positive,noi_chung
4683,"Primeiramente Peter Clarke, que lenda! Obrigado por toda a ajuda, principalmente na semana 2.",positive,ky_nang_giang_day
4683,"Primeiramente Peter Clarke, que lenda! Obrigado por toda a ajuda, principalmente na semana 2.",positive,ky_nang_giang_day
4685,Ele fornece as ferramentas e fala sobre os processos dos quais você precisa se cercar.,positive,noi_chung
4686,Excelente curso sobre aprendizagem e como seu cérebro funciona.,positive,noi_chung
4687,Gostei de todo o curso!,positive,noi_chung
4688,"Fora isso, gostei da aula e aprendi muito.",positive,noi_chung
4689,Excelente curso em termos de conteúdo e leitura sugerida.,positive,noi_chung
4690,"Não estava muito claro onde acessar o livro, ou quais leituras correspondiam a quais palestras.",negative,cung_cap_tai_lieu
4691,Eles também foram rápidos em responder a quaisquer perguntas que eu tinha sobre as palestras.,positive,hanh_vi
4692,"Agradeço o esforço feito para fazer isso curso, bem como para obter os clipes do filme.",positive,noi_chung
4693,Muito obrigado a Barbara OAKLEY e outros professores.,positive,ky_nang_giang_day
4694,Pessoas que são muito novas na fotografia podem achar isso muito interessante.,positive,noi_chung
4695,"Muito obrigado por fazer isso curso. É muito útil aprender e também fácil de seguir, então acho que quanto mais cedo você aprender, melhor será quando tiver que aprender algo novo, especialmente se você for um estudante : )",positive,noi_chung
4695,"Muito obrigado por fazer isso curso. É muito útil aprender e também fácil de seguir, então acho que quanto mais cedo você aprender, melhor será quando tiver que aprender algo novo, especialmente se você for um estudante : )",positive,noi_chung
4696,Significativamente recomendável para pessoas que podem aprender por conta própria.,positive,de_xuat
4697,Sinto que aprendi muito em tão pouco tempo.,positive,noi_chung
4698,Embora eu desejasse que houvesse mais práticas para incutir o conhecimento firme do que era o conteúdo.,positive,cung_cap_tai_lieu
4699,Certamente ajudará todos os alunos iniciantes e avançados.,positive,noi_chung
4700,Achei aulas e tarefas muito claras e concisas.,positive,ky_nang_giang_day
4700,Achei aulas e tarefas muito claras e concisas.,positive,bai_tap
4701,Mas especialmente Tarefa 3 em relação à limpeza dos dados deve ser melhorado.,neutral,bai_tap
4702,"Em outras palavras, tenho muito o que esperar dos próximos cursos e espero aprender o suficiente para me tornar um profissional de SIG.",positive,noi_chung
4703,"Há algum potencial neste curso, mas ele precisa desesperadamente ser atualizado para 2017.",negative,chuong_trinh_hoc
4704,Muito bom curso para quem é programador Java pela primeira vez.,positive,noi_chung
4705,Este curso é incrível.,positive,noi_chung
4706,Obrigado Coursera e UOL.,positive,noi_chung
4707,Tem sido uma grande emoção todas as noites chegar em casa do trabalho e sentar ao lado do computador para assistir aos vídeos e estudar Aprendizado de Máquina.,positive,ky_nang_giang_day
4708,Estou muito feliz por ter tido isso curso.,positive,noi_chung
4709,"As informações ensinadas de uma maneira ""fácil de aprender"" por Dr. Kuhar foram incríveis.",positive,ky_nang_giang_day
4709,"As informações ensinadas de uma maneira ""fácil de aprender"" por Dr. Kuhar foram incríveis.",positive,ky_nang_giang_day
4710,"Carne, precisamos de mais carne.",negative,noi_chung
4711,Acho que ele é o melhor quando se trata de explicar alguma coisa.,positive,ky_nang_giang_day
4713,O curso foi bem organizado.,positive,chuong_trinh_hoc
4714,Sua abordagem ao ensino é maravilhosa e fiquei intrigado com suas opiniões sobre escrita.,positive,ky_nang_giang_day
4715,"A primeira semana foi um pouco lenta, mas",neutral,noi_chung
4716,Altamente recomendado.,positive,ky_nang_giang_day
4717,Adorei isso curso.,positive,noi_chung
4718,"Ao contrário do anterior curso nesta sequência, este curso forneceu pouca ou nenhuma informação substancial.",negative,chuong_trinh_hoc
4719,Este curso por si só não dá muito.,negative,noi_chung
4720,"Às vezes não há compreensão do conteúdo, apenas foi usada a palavra mais próxima do som produzido.",negative,ky_nang_giang_day
4721,Professor Shiller explica os conceitos de uma maneira simples para que todos entendam.,positive,ky_nang_giang_day
4723,Mas oferecer algumas tarefas mais rigorosas tarefas opcionais pode ser uma adição bem-vinda ao curso.,neutral,bai_tap
4724,Experiência real no uso de aplicativos reais.,positive,chuong_trinh_hoc
4725,Os vídeos são informativos e bem elaborados.,positive,ky_nang_giang_day
4726,"Essa é a única razão pela qual não dou uma recompensa direta de 5 estrelas, pois acredito que a falta de interação na vida real não é totalmente recuperada pelos questionários e exercícios, eles deveriam ser mais, na minha opinião.",negative,bai_tap
4727,É realmente maravilhoso ter a oportunidade de ouvir a perspectiva deles sobre as coisas e vê-los descrever como pensam sobre o que estão fazendo e ver seus diferentes processos.,positive,noi_chung
4728,"Positivos: muito prático, interessante tarefasÁreas de desenvolvimento: 4 estrelas porque às vezes você quer mais informações diretas e menos informações não muito importantes nas aulas. Desculpe. Por uma questão de tempoNo geral, um bom curso. Recomendaria",positive,bai_tap
4728,"Positivos: muito prático, interessante tarefasÁreas de desenvolvimento: 4 estrelas porque às vezes você quer mais informações diretas e menos informações não muito importantes nas aulas. Desculpe. Por uma questão de tempoNo geral, um bom curso. Recomendaria",positive,de_xuat
4728,"Positivos: muito prático, interessante tarefasÁreas de desenvolvimento: 4 estrelas porque às vezes você quer mais informações diretas e menos informações não muito importantes nas aulas. Desculpe. Por uma questão de tempoNo geral, um bom curso. Recomendaria",positive,de_xuat
4728,"Positivos: muito prático, interessante tarefasÁreas de desenvolvimento: 4 estrelas porque às vezes você quer mais informações diretas e menos informações não muito importantes nas aulas. Desculpe. Por uma questão de tempoNo geral, um bom curso. Recomendaria",positive,de_xuat
4729,O professor é muito divertido e ótimo em ensinar.,positive,ky_nang_giang_day
4729,O professor é muito divertido e ótimo em ensinar.,positive,ky_nang_giang_day
4730,Ajuda você a entender o processo de pensamento envolvido na precificação.,positive,chuong_trinh_hoc
4731,Achei o nível de interação no grupo que se formou fórum decepcionante e imediatamente perdi o interesse devido à preocupação de que o nível de interação só continuaria a diminuir à medida que o curso avançasse.,negative,noi_chung
4732,Muito informativo curso.,positive,chuong_trinh_hoc
4733,"Sendo tão detalhado e informativo, muito do material é bastante desafiador.",negative,cung_cap_tai_lieu
4734,É incrível como é simples e emocionante ao mesmo tempo.,positive,noi_chung
4735,Tudo é perfeito sobre isso curso.,positive,noi_chung
4736,"Obrigado a professores, desejo a todos o melhor.",positive,ky_nang_giang_day
4737,"Os vídeos são bem feitos, exceto por alguns pequenos problemas de datação (como versões de software), mas isso é compreensível.",positive,ky_nang_giang_day
4737,"Os vídeos são bem feitos, exceto por alguns pequenos problemas de datação (como versões de software), mas isso é compreensível.",positive,chuong_trinh_hoc
4738,Os exemplos deixaram as coisas claras e os exercícios de casa realmente consolidaram os pontos de aprendizagem.,positive,cung_cap_tai_lieu
4738,Os exemplos deixaram as coisas claras e os exercícios de casa realmente consolidaram os pontos de aprendizagem.,positive,bai_tap
4739,"Acredito que eles abordam os fatos mais essenciais que alguém precisa saber sobre a UE, e as tarefas avaliadas por pares tarefas abordam algumas questões instigantes e estimulam o pensamento crítico dos alunos.",positive,bai_tap
4751,Ďakujem Coursera a UOL.,positive,noi_chung
4765,Bra exempel.,positive,chuong_trinh_hoc
4772,Wahadhiri ni rahisi kusikiliza.,positive,ky_nang_giang_day
4813,Bu elbette bana çok ilham veriyor.,positive,noi_chung
7020,"A cama era muito confortável, quarto era silencioso e tinha todas as conveniências necessárias, incluindo acesso gratuito à Internet de alta velocidade.",positive,thiet_bi_day_hoc
7021,"pressão. as toalhas eram muito grossas e macias. não piscina. a única coisa ruim sobre este hotel é que ele é conectado ao complexo de escritórios Plaza of the Americas, que fica fechado nos fins de semana. então todas as lojas não estão abertas. há uma pista de patinação no gelo que fica aberta para patinação limitada. pague US$ 20 pelo serviço de manobrista, a menos que você planeje dirigir para outras partes de Dallas. o trem Dart fica a apenas 2 quarteirões da porta da frente.",negative,thiet_bi_day_hoc
7022,"Este é um hotel muito comercial hotel com um ambiente limpo, sofisticado área de recepção, muito profissional equipe e moderno quartos e banheiro quartos de bom tamanho.",positive,thiet_bi_day_hoc
7023,meu pedido de jornal desaparecido foi atendido e ele chegará aqui.,neutral,thiet_bi_day_hoc
7024,Não experimentei o restaurante nem o café da manhã.,positive,thiet_bi_day_hoc
7025,O ambiente é muito romântico e o serviço foi ótimo.,positive,thiet_bi_day_hoc
7026,"Excelente estadia, agradável spa, bom comida, muito amigável equipe e bastante acessível.",positive,thiet_bi_day_hoc
7027,"Elevador, recepção 24 horas.",positive,thiet_bi_day_hoc
7028,"Ótimo Hotel, não Monkey Bar",negative,thiet_bi_day_hoc
7029,"é enorme, com muitas opções de comida e entretenimento, suspeito que as pessoas vão lá para passar férias e nunca saem do local.",positive,thiet_bi_day_hoc
7030,O exercício instalações também é fantástico.,positive,thiet_bi_day_hoc
7031,"a única falha foi o restaurante Neptune, o café da manhã foi ótimo, mas o jantar foi terrivelmente caro e não tão bom. No geral, temos poucas reclamações, se é que temos alguma, mal podemos esperar para voltar.",negative,thiet_bi_day_hoc
7032,"A área da piscina é bem pequena, então se isso for uma prioridade para você, pode não ser o ideal, mas como não tivemos tempo para tomar sol, isso não foi problema.",negative,thiet_bi_day_hoc
7033,"O lugar é limpo e elegante e se você conseguir uma oferta quartos, terá um ótimo custo-benefício.",positive,noi_chung
7034,"O quarto estava limpo, o banheiro quarto era de tamanho decente e havia internet wi-fi gratuita, o que é sempre um bônus.",positive,thiet_bi_day_hoc
7035,mas havia ar condicionado no quarto.,negative,noi_chung
7036,Piscina na cobertura grande o suficiente para um mergulho refrescante se você estiver lá quando estiver quente o suficiente e parecer um pouco com uma cena de Mary Poppins espanhola olhando para os telhados do terraço da piscina.,positive,thiet_bi_day_hoc
7037,"Não usei muito as instalações de exercícios, mas elas pareciam mais do que adequadas.",positive,thiet_bi_day_hoc
7038,"foi tão bom sentar perto da grande lareira, pedir uma bebida e ver os barcos passarem.",positive,thiet_bi_day_hoc
7039,"É verdade que algumas instalações poderiam ter melhor manutenção (por exemplo, encanamento), mas pelo preço, eu voltaria ao Triton sem pensar duas vezes.",neutral,thiet_bi_day_hoc
7040,"A casa de hóspedes é linda, no estilo espanhol (paredes brancas com telhado de telhas vermelhas) e com pequenos pátios e espaços privados.",positive,thiet_bi_day_hoc
7041,"Usei a área do jardim, mas não a piscina, embora parecesse muito tentadora, mas o clima não estava quente o suficiente.",negative,thiet_bi_day_hoc
7042,"Eu estava em NY a negócios e achei este hotel ideal, serviço era bom e a área bar era impressionante.",positive,noi_chung
7043,O lugar onde você toma café da manhã é maravilhoso.,positive,thiet_bi_day_hoc
7044,"a praia é linda, a piscina tem uma temperatura perfeita e o bar aquático é ótimo!",positive,thiet_bi_day_hoc
7044,"a praia é linda, a piscina tem uma temperatura perfeita e o bar aquático é ótimo!",positive,thiet_bi_day_hoc
7044,"a praia é linda, a piscina tem uma temperatura perfeita e o bar aquático é ótimo!",positive,thiet_bi_day_hoc
7045,"Os quartos eram pequenos, mas adequados, e a sala de café da manhã era um pouco apertada, mas, de resto, não há reclamações.",neutral,thiet_bi_day_hoc
7046,foi a falta de uma piscina!,negative,thiet_bi_day_hoc
7047,"A piscina é imensa e, como nadador, foi muito bem-vinda.",positive,thiet_bi_day_hoc
7048,"Serviço de manobrista bom, mas caro.",positive,thiet_bi_day_hoc
7048,"Serviço de manobrista bom, mas caro.",negative,thiet_bi_day_hoc
7049,O hotel representa um bom valor para NYC e tem um excelente centro de saúde e piscina.,positive,thiet_bi_day_hoc
7050,"Desde a recepção acolhedora, biscoitos e maçãs no lobby, móveis de luxo e o mais lindo pátio aberto com conjuntos de bistrô, este hotel faz tudo certo.",positive,thiet_bi_day_hoc
7051,"estava muito limpo, também as empregadas foram muito prestativas, limpando nosso quarto quando descemos para tomar café da manhã. Eles também têm um ótimo salão de beleza no hotel. meu",positive,thiet_bi_day_hoc
7052,bem decorado quarto que embora pequeno estava bem equipado.,positive,noi_chung
7053,"Para um hotel 3 estrelas hotel, as instalações são ótimas e os funcionários foram todos muito simpáticos e prestativos.",positive,thiet_bi_day_hoc
7054,"A Internet é paga (cerca de US$ 10,00) e é com fio, então traga seu roteador sem fio (a Apple faz um ótimo de bolso). Há uma loja de conveniência no andar de baixo, que cobra a mais por tudo, mas quando necessário, está lá.",negative,thiet_bi_day_hoc
7054,"A Internet é paga (cerca de US$ 10,00) e é com fio, então traga seu roteador sem fio (a Apple faz um ótimo de bolso). Há uma loja de conveniência no andar de baixo, que cobra a mais por tudo, mas quando necessário, está lá.",negative,thiet_bi_day_hoc
7055,"Fica longe das praias e sua piscina e instalações de saúde instalações são muito pequenas, considerando que fica na Flórida.",negative,thiet_bi_day_hoc
7056,"piscina na cobertura é realmente apenas uma piscina de imersão, mas a cobertura é adorável para sentar e tomar algumas bebidas relaxantes. café da manhã muito caro!",neutral,thiet_bi_day_hoc
7057,mas temos que pagar manobrista pelo preço que pagamos,negative,thiet_bi_day_hoc
7058,O hotel assemelha-se a uma casa com elegância e luxo comodidades.,positive,thiet_bi_day_hoc
7059,As instalações eram velhas e o mofo era um problema definitivo para nós.,negative,thiet_bi_day_hoc
7060,A única desvantagem eram os preços exorbitantes até mesmo para ligações locais curtas ligações telefônicas e acesso à internet.,negative,thiet_bi_day_hoc
7061,"não há - a única comida servida é o café da manhã, que você tem que descer para comer e há apenas um frigobar com um pouco de água etc. no seu quarto -",positive,thiet_bi_day_hoc
7062,"Sou muito exigente e, sempre que possível, gosto de ficar em hotéis 4 estrelas, mas não consegui encontrar nenhuma falha neste hotel, exceto a falta de comodidades para fazer chá no quarto.",negative,thiet_bi_day_hoc
7063,O spa também é um dos melhores!,positive,thiet_bi_day_hoc
7064,"As principais atrações turísticas estão localizadas no Mitte; no entanto, elas são facilmente acessíveis pelo metrô ou pela linha S, partindo do vizinho Zoo Bahnhoff.",positive,noi_chung
7065,"No entanto, a enorme varanda que tínhamos e o moderno banheiro compensavam isso.",positive,thiet_bi_day_hoc
7066,>Sem acesso à Internet em quartos de hotel ! !,negative,thiet_bi_day_hoc
7067,"O hotel ficava em uma boa área, com bons restaurantes a uma curta distância e o bonde do outro lado da rua.",positive,noi_chung
7068,"Club Lounge é bom, embora não haja pratos quentes no café da manhã, que embora seja bom para minha esposa, espere uma oferta quente no Grand Hyatt Grand Clubs (o melhor é em Hong Kong).",positive,thiet_bi_day_hoc
7069,"Se você ficar no hotel bar, com certeza encontrará uma celebridade durante a semana de folga das filmagens!",positive,thiet_bi_day_hoc
7070,Cheiro de mofo em alguns corredores - banheiros apenas com chuveiro - pequeno elevadores - fedorento academia,negative,thiet_bi_day_hoc
7070,Cheiro de mofo em alguns corredores - banheiros apenas com chuveiro - pequeno elevadores - fedorento academia,negative,thiet_bi_day_hoc
7071,"* Instalações - quartos eram limpos e confortáveis, acesso wi-fi gratuito (traga seu notebook para navegar no seu quarto), bar do hotel aberto à tarde e à noite no andar de baixo, bom café da manhã pela manhã (pães, cereais, frutas, carnes), frigobar no quarto, quartos têm ar-condicionadoContras:",positive,thiet_bi_day_hoc
7072,Gostaria de acrescentar que o Hilton tem o melhor academia de ginástica que já encontrei em minhas viagens de negócios.,positive,thiet_bi_day_hoc
7073,"Ficamos no andar Royal e foi perfeito - todas as comodidades que você poderia desejar, incluindo um salão sempre aberto com Cava (champanhe!), água, chá e chocolates!",positive,thiet_bi_day_hoc
7074,"A equipe e serviço do Regent não podem ser criticados, mas ficamos decepcionados ao ouvir na nossa chegada que a piscina estava fechada para reformas.",negative,thiet_bi_day_hoc
7075,"Experimente o restaurante giratório 'The View' no Marriott Marquis, Times Square, vistas fabulosas e as comidas também são boas!",positive,thiet_bi_day_hoc
7076,"Embora o banheiro quarto no meu quarto parecesse um pouco antigo em comparação com outros no hotel, o quarto inteiro era muito limpo e confortável, oferecendo excelente custo-benefício.",positive,noi_chung
7077,"Esteja ciente de que custará US$ 30 para estacionar seu carro, mesmo que você estacione sozinho.",negative,thiet_bi_day_hoc
7078,"Gostei muito da localização, o hotel é ótimo (agradável lobby, elegante quartos, bom serviço de concierge, etc).",positive,thiet_bi_day_hoc
7079,"Tinha uma pequena área de estar, com duas cadeiras e uma mesa, mas as camas eram duras como pedra (é preciso sentar-se nelas com cuidado, para não quebrar alguma parte do corpo).",positive,thiet_bi_day_hoc
7080,"O Paris hotel em Florença é muito mais do que um hotel agradável e particular! Reservamos o Paris Hotel em Florença por meio de nossa agência de viagens, que o sugeriu como um hotel muito agradável e particular: o Paris hotel é muito mais do que um hotel agradável e particular! Sala de café da manhã é único com seus afrescos do século XVI, assim como a atmosfera em cada parte do hotel.",positive,thiet_bi_day_hoc
7081,Ter nossa própria piscina foi fabuloso.,positive,thiet_bi_day_hoc
7082,"localização, quartos, área de estar ao ar livre na cobertura foram todos perfeitos para uma estadia relaxante e memorável em Florença.",positive,thiet_bi_day_hoc
7083,"Ainda assim, valeu a pena a ida ao restaurante só para tirar fotos.",neutral,thiet_bi_day_hoc
7084,"Estamos hospedados no hotel, o estacionamento deveria ser gratuito!!!",neutral,thiet_bi_day_hoc
7085,"Ótimo hotel no meio do nada Fiquei aqui por um longo fim de semana e fiquei muito impressionado com o hotel, moderno, divertido e ótimo quartos tamanhos, embora tenha um pequeno centro de conferências",positive,thiet_bi_day_hoc
7086,"O melhor hotel em que já ficamos Este hotel é absolutamente excelente - localização perfeita (10 minutos a pé da principal rua comercial e 15 a 20 minutos a pé da Cidade Proibida/Praça Tian'anmen); muito eficiente, prestativo e amigável equipe que fala bem inglês; e os quartos / instalações de lazer são excelentes.",positive,thiet_bi_day_hoc
7087,"A piscina não vale a pena ser levada em consideração na escolha do hotel, pois é pequena, mas tem um terraço agradável.",negative,thiet_bi_day_hoc
7087,"A piscina não vale a pena ser levada em consideração na escolha do hotel, pois é pequena, mas tem um terraço agradável.",positive,thiet_bi_day_hoc
7088,Não se esqueça de ir ao Cassino. Você vai adorar!,positive,thiet_bi_day_hoc
7089,A única desvantagem para mim foi que o usamos como base e não conseguimos apreciar as instalações.,negative,thiet_bi_day_hoc
7090,As instalações são muito boas para um 2,positive,thiet_bi_day_hoc
7091,Piscina no subsolo era perfeita para relaxar antes de jantares tardios na cidade.,positive,thiet_bi_day_hoc
7093,"site ) . A cama é terrivelmente confortável, você tem um bar de cortesia, cheio de refrescos e alguns lanches, os produtos de higiene pessoal são da Lanvin.",positive,thiet_bi_day_hoc
7094,O principal bônus foi a piscina . . .,positive,thiet_bi_day_hoc
7095,"Ótimo instalações - mas fique de olho nas tarifas reduzidas. O Star City tem conveniência 24 horas por dia, 7 dias por semana, graças ao cassino adjacente, mas os quartos em si são um pouco cansados.",positive,thiet_bi_day_hoc
7095,"Ótimo instalações - mas fique de olho nas tarifas reduzidas. O Star City tem conveniência 24 horas por dia, 7 dias por semana, graças ao cassino adjacente, mas os quartos em si são um pouco cansados.",neutral,thiet_bi_day_hoc
7096,"Ótimas vistas do porto/cidade, ótimo serviço, ótimo hotel, ótimo quarto, ótimo comida, ótimo bar, ótimo instalações, ótimo localização, limpo, confortável, moderno e a equipe foi sempre tão prestativa quanto possível.",positive,thiet_bi_day_hoc
9332,"Gracias profesor strang, ¡realmente útil!",positive,ky_nang_giang_day
9346,¡Ojalá tuviera instructores como él!,positive,ky_nang_giang_day
9834,J'adore sa façon d'enseigner ! Merci,positive,thiet_bi_day_hoc
10210,J'adore ça prof. Merci,positive,ky_nang_giang_day
10233,Tko još gleda ove 2x??,neutral,chuong_trinh_hoc
10254,"Este curso é excelente, muito necessário no mundo moderno.",positive,chuong_trinh_hoc
10255,"Depois de assistir ao vídeo 3blue1brown sobre Dualidade, estou apenas vendo xT*A*x como o resultado da aplicação de uma transformação linear a um vetor x e, em seguida, projetando esse novo vetor de volta em x; se os vetores ainda apontam ""na mesma direção"", ou seja, a projeção é positiva, então A é positivo definido",neutral,chuong_trinh_hoc
10256,"@[USERNAME]Obrigado, cara! Essa foi uma explicação muito boa :)",positive,chuong_trinh_hoc
10257,Esse cara é demais! Realmente gosto das palestras.,positive,ky_nang_giang_day
10257,Esse cara é demais! Realmente gosto das palestras.,positive,chuong_trinh_hoc
10258,"Meu Deus, pare de mover a câmera :<",negative,thiet_bi_day_hoc
10259,"Einstein não conseguiu, mas... Gilbert consegue!",positive,ky_nang_giang_day
10259,"Einstein não conseguiu, mas... Gilbert consegue!",negative,ky_nang_giang_day
10260,Fiz um curso intensivo sobre Álgebra Lin que calculava puramente isso. Eu sabia todos os passos. Mas eu realmente sabia? Agora eu sei.. Obrigado Gilbert Strang. Eu me esforço para fazer TODOS os seus cursos que você tem disponíveis na internet. Em que mundo extraordinário vivemos hoje..,positive,ky_nang_giang_day
10260,Fiz um curso intensivo sobre Álgebra Lin que calculava puramente isso. Eu sabia todos os passos. Mas eu realmente sabia? Agora eu sei.. Obrigado Gilbert Strang. Eu me esforço para fazer TODOS os seus cursos que você tem disponíveis na internet. Em que mundo extraordinário vivemos hoje..,positive,chuong_trinh_hoc
10261,Tanto amor e respeito por Prof. Strang! Muito obrigado!,positive,ky_nang_giang_day
10262,"Não, obrigado. Estou bem com Cálculo",positive,kien_thuc
10263,"19:16, por que todas as (matrizes 1:5x5) estão em um (espaço vetorial de dimensão 2:25)?",neutral,kien_thuc
10263,"19:16, por que todas as (matrizes 1:5x5) estão em um (espaço vetorial de dimensão 2:25)?",neutral,kien_thuc
10264,Ele é divertido. Mantém a palestra interessante,positive,ky_nang_giang_day
10264,Ele é divertido. Mantém a palestra interessante,positive,chuong_trinh_hoc
10265,"4:28 Deus, não é falso? Não deveria ser x = 1 e y = 2? Y está ok, mas x = -1 não parece correto",neutral,kien_thuc
10265,"4:28 Deus, não é falso? Não deveria ser x = 1 e y = 2? Y está ok, mas x = -1 não parece correto",neutral,kien_thuc
10265,"4:28 Deus, não é falso? Não deveria ser x = 1 e y = 2? Y está ok, mas x = -1 não parece correto",neutral,kien_thuc
10265,"4:28 Deus, não é falso? Não deveria ser x = 1 e y = 2? Y está ok, mas x = -1 não parece correto",neutral,kien_thuc
10266,"Esse cara é um professor incrível, aprendi Álgebra Linear com ele, apesar de estar na faculdade. Amor do Brasil <3",positive,ky_nang_giang_day
10267,Ensinar é apenas um salário para esse cara.,negative,chuong_trinh_hoc
10267,Ensinar é apenas um salário para esse cara.,negative,ky_nang_giang_day
10268,Por que ele diz que sua definição é ambígua? De que maneiras definir uma função como algum subconjunto de AxB torna a definição menos ambígua?,neutral,kien_thuc
10269,Claro que vai ser fácil para um estudante do ensino médio entender isso. É a terceira palestra... As pessoas naquela sala de aula só têm matemática do ensino médio por trás delas.,positive,chuong_trinh_hoc
10269,Claro que vai ser fácil para um estudante do ensino médio entender isso. É a terceira palestra... As pessoas naquela sala de aula só têm matemática do ensino médio por trás delas.,positive,noi_chung
10270,Como ele pode comparar soma de áreas com volume? É melhor se usarmos n*(n+1*(2n+1)/6) para representar soma de n^2 termos e compará-lo com outros dois termos.,neutral,kien_thuc
10270,Como ele pode comparar soma de áreas com volume? É melhor se usarmos n*(n+1*(2n+1)/6) para representar soma de n^2 termos e compará-lo com outros dois termos.,neutral,kien_thuc
10270,Como ele pode comparar soma de áreas com volume? É melhor se usarmos n*(n+1*(2n+1)/6) para representar soma de n^2 termos e compará-lo com outros dois termos.,neutral,kien_thuc
10271,"este palestra cobre a maior parte do meu módulo de matemática e engenharia de controle. pessoal, um gênio",positive,chuong_trinh_hoc
10271,"este palestra cobre a maior parte do meu módulo de matemática e engenharia de controle. pessoal, um gênio",positive,ky_nang_giang_day
10272,esse cara é tão legal,positive,ky_nang_giang_day
10273,Sou um estudante de engenharia em uma faculdade de dois anos que não vou citar. Posso acompanhar isso palestra do MIT de um homem muito melhor do que qualquer outro professor de matemática que tive na faculdade júnior... Vai entender.,positive,chuong_trinh_hoc
10273,Sou um estudante de engenharia em uma faculdade de dois anos que não vou citar. Posso acompanhar isso palestra do MIT de um homem muito melhor do que qualquer outro professor de matemática que tive na faculdade júnior... Vai entender.,negative,ky_nang_giang_day
10274,"Para os curiosos, a lei dos cossenos também é chamada de “lei de Al-Kashi” (na França e no mundo árabe e persa). Al Kashi foi um matemático persa (eu o encorajo a verificar sua página na Wikipédia). Ótimo palestra! Fiquei genuinamente surpreso que o que os alunos na Síria aprendem no 11º ano, os americanos aprendem na universidade. Para aqueles de outros países, quando vocês aprenderam o produto escalar? Só por curiosidade",positive,chuong_trinh_hoc
10275,"11:41""Linhas de C são combinações de linhas de B.""Mas isso só funciona para matrizes quadradas, não é?",neutral,kien_thuc
10276,"Este vídeo para repetidamente por volta de 20:00. Eu esperava assistir à revisão que estava prestes a começar aqui e depois voltar aos problemas do livro didático. Além disso, não consigo assistir à aula 8 no meu navegador; esse é outro problema.",positive,chuong_trinh_hoc
10277,"A questão é que Cálculo parece difícil quando você começa, mas depois, quando você passa para aulas de nível ainda mais alto, você percebe que Cálculo é apenas a introdução à matemática de nível mais alto. Minha matemática favorita sempre foi Equações Diferenciais.",neutral,kien_thuc
10277,"A questão é que Cálculo parece difícil quando você começa, mas depois, quando você passa para aulas de nível ainda mais alto, você percebe que Cálculo é apenas a introdução à matemática de nível mais alto. Minha matemática favorita sempre foi Equações Diferenciais.",positive,kien_thuc
10278,Acho que é melhor assistir primeiro ao vídeo incrível TA Linan Chen e depois voltar e assistir a este palestra,positive,ky_nang_giang_day
10278,Acho que é melhor assistir primeiro ao vídeo incrível TA Linan Chen e depois voltar e assistir a este palestra,positive,chuong_trinh_hoc
10279,"ei, pare de mover a câmera",negative,thiet_bi_day_hoc
10280,5:14 quantas fileiras um homem deve percorrer..,neutral,kien_thuc
10281,Caros rapazes: algum livro recomendado para acompanhar este excelente curso? Obrigado,positive,de_xuat
10282,"seu ensino é rigoroso, preciso, rigoroso e conciso, direto ao ponto, me ajuda a esclarecer o entendimento nebuloso em estatística.",positive,chuong_trinh_hoc
10283,Que livro o senhor Gilbert está seguindo? Alguém pode me dar o nome? Sou da Índia prestes a fazer meu mestrado e preciso disto curso,neutral,chuong_trinh_hoc
10284,Esse cara é o Sr. Rogers da álgebra linear.,positive,ky_nang_giang_day
10284,Esse cara é o Sr. Rogers da álgebra linear.,positive,kien_thuc
10284,Esse cara é o Sr. Rogers da álgebra linear.,positive,noi_chung
10285,A diferença entre EE e Math dept é que EE começa a contar em 0 e Math em 1... parafraseado em 18:10. Isso me fez rir.,neutral,kien_thuc
10286,Muito útil para futuros estudantes! Ótimo trabalho! Obrigado!,positive,chuong_trinh_hoc
10286,Muito útil para futuros estudantes! Ótimo trabalho! Obrigado!,positive,ky_nang_giang_day
10287,finalmente tudo nas últimas duas palestras está se encaixando. Estou finalmente entendendo!,positive,chuong_trinh_hoc
10288,Kkkk. O 'R' na equação dos gases ideais não é 'raio'.,neutral,kien_thuc
10289,"Lindo palestra, simplesmente lindo. Prof. Strang está desenhando a beleza de Álgebra Linear em um quadro negro.",positive,chuong_trinh_hoc
10289,"Lindo palestra, simplesmente lindo. Prof. Strang está desenhando a beleza de Álgebra Linear em um quadro negro.",positive,ky_nang_giang_day
10289,"Lindo palestra, simplesmente lindo. Prof. Strang está desenhando a beleza de Álgebra Linear em um quadro negro.",positive,thiet_bi_day_hoc
10289,"Lindo palestra, simplesmente lindo. Prof. Strang está desenhando a beleza de Álgebra Linear em um quadro negro.",neutral,kien_thuc
10290,"essas primeiras palavras ""a prova final aula em álgebra linear no MIT neste outono"" já fazem você se sentir nostálgico :'(",neutral,chuong_trinh_hoc
10290,"essas primeiras palavras ""a prova final aula em álgebra linear no MIT neste outono"" já fazem você se sentir nostálgico :'(",neutral,kien_thuc
10290,"essas primeiras palavras ""a prova final aula em álgebra linear no MIT neste outono"" já fazem você se sentir nostálgico :'(",neutral,noi_chung
10291,"Eu assisto todas as palestras em 1,25x, mas não esse cara. Ele é rápido.",neutral,chuong_trinh_hoc
10291,"Eu assisto todas as palestras em 1,25x, mas não esse cara. Ele é rápido.",neutral,ky_nang_giang_day
10292,"Esse cara é incrível... Quando professores ensinaram isso na minha faculdade, tudo saiu do controle...",positive,ky_nang_giang_day
10292,"Esse cara é incrível... Quando professores ensinaram isso na minha faculdade, tudo saiu do controle...",positive,ky_nang_giang_day
10293,Melhor explicação para a família exponencial,positive,kien_thuc
10294,soluções não triviais não existem para matriz nxn se suas colunas são linearmente independentes,neutral,kien_thuc
10294,soluções não triviais não existem para matriz nxn se suas colunas são linearmente independentes,neutral,kien_thuc
10294,soluções não triviais não existem para matriz nxn se suas colunas são linearmente independentes,neutral,kien_thuc
10295,"Obrigado por você vídeos e notas de aula Eu gostaria de poder doar, mas talvez se eu for bem-sucedido nisso e ganhar um salário melhor pela graça de Allah",positive,chuong_trinh_hoc
10295,"Obrigado por você vídeos e notas de aula Eu gostaria de poder doar, mas talvez se eu for bem-sucedido nisso e ganhar um salário melhor pela graça de Allah",positive,thiet_bi_day_hoc
10296,Peço a Deus que preserve você e toda sua família. E obrigado MIT Open Courseware por tudo,positive,chuong_trinh_hoc
10297,"Surpreso que Prof. Gilbert conseguiu terminar esta palestra sem nenhuma surpresa, o que mostra o quão profissional ele é",positive,ky_nang_giang_day
10297,"Surpreso que Prof. Gilbert conseguiu terminar esta palestra sem nenhuma surpresa, o que mostra o quão profissional ele é",positive,chuong_trinh_hoc
10298,Como você consegue escolher um número aleatório para x? como x=0. Como isso é possível? O que estou esquecendo?,negative,kien_thuc
10298,Como você consegue escolher um número aleatório para x? como x=0. Como isso é possível? O que estou esquecendo?,negative,kien_thuc
10299,Obrigado por suas lições!,positive,ky_nang_giang_day
10299,Obrigado por suas lições!,positive,chuong_trinh_hoc
10300,Este é um vídeo incrível! Aqui está meu tutorial sobre Descida de Gradiente Estocástico com explicação de código (em python). Espero que possa ser útil também. https://youtu.be/uXuBUkW_0tA,positive,chuong_trinh_hoc
10300,Este é um vídeo incrível! Aqui está meu tutorial sobre Descida de Gradiente Estocástico com explicação de código (em python). Espero que possa ser útil também. https://youtu.be/uXuBUkW_0tA,neutral,kien_thuc
10301,"Por que você dá como exemplos sobre altura, em min 40, se sabemos que é uma variável contínua e falamos sobre variáveis discretas? Por favor, corrija minhas ideias se eu não entendi alguma coisa.",neutral,kien_thuc
10302,"Excelente palestra, ótimo visual e conceitual explicações, muito apreciado!",positive,chuong_trinh_hoc
10302,"Excelente palestra, ótimo visual e conceitual explicações, muito apreciado!",positive,kien_thuc
10303,"Depois de três ou mais anos de estudo álgebra linear, finalmente entendi o significado fundamental de SVD... realmente levei um longo caminho para chegar aqui... Obrigado Dr. Strang.",positive,ky_nang_giang_day
10303,"Depois de três ou mais anos de estudo álgebra linear, finalmente entendi o significado fundamental de SVD... realmente levei um longo caminho para chegar aqui... Obrigado Dr. Strang.",neutral,kien_thuc
10303,"Depois de três ou mais anos de estudo álgebra linear, finalmente entendi o significado fundamental de SVD... realmente levei um longo caminho para chegar aqui... Obrigado Dr. Strang.",neutral,kien_thuc
10304,"Ótimo, então presumo que você pelo menos tenha navegado pelos cursos de matemática  que o MIT realmente tem a oferecer? Este é um curso) que você pode ou não ter que fazer dependendo das circunstâncias individuais e do seu campo de interesse. Este material e 18.03 Equações Diferenciais são suficientes para grande parte da física, então realmente não importa quando você realmente o cobre, desde que você acabe sabendo.",neutral,chuong_trinh_hoc
10305,Alguém pode me explicar como ele escreveu o inversos às 21:42,neutral,kien_thuc
10306,Física grátis prévia! Minha favorita!,positive,chuong_trinh_hoc
10307,Excelente clareza. Renomado mundialmente professor de matemática. Veja como ele atua no palco que deve inspirar. Eu enfeito seus calcanhares.,positive,thiet_bi_day_hoc
10307,Excelente clareza. Renomado mundialmente professor de matemática. Veja como ele atua no palco que deve inspirar. Eu enfeito seus calcanhares.,positive,ky_nang_giang_day
10309,"omg.. isso é simplesmente incrível, obrigado MIT, obrigadoprofessor Strang",positive,ky_nang_giang_day
10310,A maneira como ele conecta o fluxo de ideias...,positive,ky_nang_giang_day
10311,"haha ele deu a essas crianças o olhar de ""eu te odeio e estou prestes a te matar... ah droga, estou sendo filmado""",neutral,ky_nang_giang_day
10312,lol estou aqui porque meu calc3 professor em purdue deu as piores 2 aulas de revisão de curso de SEMPRE!! vou fazer uma conta ratemyprofesor só para falar sobre ele,negative,ky_nang_giang_day
10313,"42:34 Alguém pode explicar a questão de probabilidade novamente, por favor?",neutral,kien_thuc
10314,Oh meus palitos de queijo!!! Eu realmente entendi (parte do) que ele estava dizendo. Parabéns ao professor!!!,positive,ky_nang_giang_day
10315,Eu assisto 3 palestras dele toda semana. Isso é incrível.,positive,chuong_trinh_hoc
10316,Eu realmente consigo entender isso! Uhuu!,positive,chuong_trinh_hoc
10317,"Bom palestras, mas esse cara é meio babaca.",positive,chuong_trinh_hoc
10317,"Bom palestras, mas esse cara é meio babaca.",negative,ky_nang_giang_day
10318,"Um agradecimento meu também. Eu realmente gostei disto série, e aprendi completamente álgebra linear, que agora é meu ramo favorito da matemática.",positive,thiet_bi_day_hoc
10318,"Um agradecimento meu também. Eu realmente gostei disto série, e aprendi completamente álgebra linear, que agora é meu ramo favorito da matemática.",positive,chuong_trinh_hoc
10319,"A matemática não se limita a fórmulas e álgebra, é sobre insights e processos de pensamento, e isso a torna linda. Obrigado Prof Gilbert Strang pelas palestras maravilhosas",positive,ky_nang_giang_day
10320,Beleza pura. Acabei de terminar este curso só pela alegria de muito bem explicado matemática. Muito obrigado prof. Auroux e MIT. Deus os abençoe.,positive,chuong_trinh_hoc
10320,Beleza pura. Acabei de terminar este curso só pela alegria de muito bem explicado matemática. Muito obrigado prof. Auroux e MIT. Deus os abençoe.,positive,ky_nang_giang_day
10320,Beleza pura. Acabei de terminar este curso só pela alegria de muito bem explicado matemática. Muito obrigado prof. Auroux e MIT. Deus os abençoe.,positive,noi_chung
10320,Beleza pura. Acabei de terminar este curso só pela alegria de muito bem explicado matemática. Muito obrigado prof. Auroux e MIT. Deus os abençoe.,positive,kien_thuc
10321,"Magnitude do produto vetorial é a área. Mas como encontro a magnitude de um vetor que tem três componentes i, j, k?",neutral,kien_thuc
10321,"Magnitude do produto vetorial é a área. Mas como encontro a magnitude de um vetor que tem três componentes i, j, k?",neutral,kien_thuc
10321,"Magnitude do produto vetorial é a área. Mas como encontro a magnitude de um vetor que tem três componentes i, j, k?",neutral,kien_thuc
10321,"Magnitude do produto vetorial é a área. Mas como encontro a magnitude de um vetor que tem três componentes i, j, k?",neutral,kien_thuc
10322,"18:09 por que o ra escala de r vai de rom 0 a 1? Acho que a definição de S neste problem precisa de uma clarificação. S deve ser um parabolóide de z = x^2 + y^2 entre z=0 e z=1. É um pouco confuso dizer apenas ""acima do disco unitário"".",negative,kien_thuc
10322,"18:09 por que o ra escala de r vai de rom 0 a 1? Acho que a definição de S neste problem precisa de uma clarificação. S deve ser um parabolóide de z = x^2 + y^2 entre z=0 e z=1. É um pouco confuso dizer apenas ""acima do disco unitário"".",negative,kien_thuc
10323,"Álgebra Linear inútil? Garoto bobo, o próprio computador em que você está escrevendo este comentário não existiria sem ele... caramba, nada no mundo moderno funciona sem a álgebra linear sendo utilizada em segundo plano. Aprenda algo antes de compartilhar sua falta de conhecimento.",positive,kien_thuc
10324,Esta foi uma aula palestra muito mais fácil do que as anteriores. Graças a Deus pela pausa.,positive,chuong_trinh_hoc
10325,"A beleza do cálculo é que a maquinaria em si não é complicada, há ferramentas limitadas, mas o escopo e a aplicação são tão amplos quanto a imaginação da humanidade. Você só precisa desenvolver a intuição e tudo fica fácil então, bom palestras por OCW, como sempre",positive,chuong_trinh_hoc
10326,É incrível! Obrigado professor!,positive,ky_nang_giang_day
10326,É incrível! Obrigado professor!,positive,chuong_trinh_hoc
10327,Muito obrigado Dr. Strang por tornar isso intuitivo e natural. Eu só tinha lido SVD em pedaços e nunca tive o que eu poderia considerar um entendimento bom o suficiente até que vi isso palestra.,positive,ky_nang_giang_day
10327,Muito obrigado Dr. Strang por tornar isso intuitivo e natural. Eu só tinha lido SVD em pedaços e nunca tive o que eu poderia considerar um entendimento bom o suficiente até que vi isso palestra.,positive,kien_thuc
10327,Muito obrigado Dr. Strang por tornar isso intuitivo e natural. Eu só tinha lido SVD em pedaços e nunca tive o que eu poderia considerar um entendimento bom o suficiente até que vi isso palestra.,positive,chuong_trinh_hoc
10328,"Parece que sei tudo bem em palestra, mas quando sento para fazer os exercícios não consigo resolver a maioria deles. Vale a pena continuar?",positive,chuong_trinh_hoc
10328,"Parece que sei tudo bem em palestra, mas quando sento para fazer os exercícios não consigo resolver a maioria deles. Vale a pena continuar?",negative,noi_chung
10328,"Parece que sei tudo bem em palestra, mas quando sento para fazer os exercícios não consigo resolver a maioria deles. Vale a pena continuar?",negative,chuong_trinh_hoc
10329,"A partir das 20:00 em diante, o professor não explicou claramente como ele trocou dx.dy para r.dr.d(theta). Alguém poderia me ajudar? Quero dizer, me mostre passo a passo. Eu ficaria muito grato. [iminent=aqC6F9gUWfOB] Atitudes nobres merecem reconhecimento.",neutral,ky_nang_giang_day
10329,"A partir das 20:00 em diante, o professor não explicou claramente como ele trocou dx.dy para r.dr.d(theta). Alguém poderia me ajudar? Quero dizer, me mostre passo a passo. Eu ficaria muito grato. [iminent=aqC6F9gUWfOB] Atitudes nobres merecem reconhecimento.",neutral,kien_thuc
10329,"A partir das 20:00 em diante, o professor não explicou claramente como ele trocou dx.dy para r.dr.d(theta). Alguém poderia me ajudar? Quero dizer, me mostre passo a passo. Eu ficaria muito grato. [iminent=aqC6F9gUWfOB] Atitudes nobres merecem reconhecimento.",neutral,kien_thuc
10330,Obrigado a Professor Strang e a toda equipe do MIT por fornecer um dos melhores conteúdos sem custo. Concluí a jornada hoje.,positive,ky_nang_giang_day
10330,Obrigado a Professor Strang e a toda equipe do MIT por fornecer um dos melhores conteúdos sem custo. Concluí a jornada hoje.,positive,noi_chung
10331,"Desde 10:40 Professor mudou a notação, certo? Acho que ele troca a notação de g(.) e b(.).",neutral,ky_nang_giang_day
10331,"Desde 10:40 Professor mudou a notação, certo? Acho que ele troca a notação de g(.) e b(.).",neutral,kien_thuc
10331,"Desde 10:40 Professor mudou a notação, certo? Acho que ele troca a notação de g(.) e b(.).",neutral,kien_thuc
10332,"Deus, eu amo o jeito que você ensina!",positive,ky_nang_giang_day
10333,"depois de 10 anos, ainda não consigo entender claramente por que a dimensão do espaço nulo é n-r...",neutral,kien_thuc
10334,"Alguém pode me dizer por que em 7:50 o segundo ∆x tende a 1 e não a zero, por favor?",neutral,kien_thuc
10335,"Cara, eu queria que minha faculdade tivesse isso quadros-negros. Não, brincadeira - o MIT é demais! Eu queria ter isso professor!",positive,ky_nang_giang_day
10335,"Cara, eu queria que minha faculdade tivesse isso quadros-negros. Não, brincadeira - o MIT é demais! Eu queria ter isso professor!",positive,thiet_bi_day_hoc
10336,"Que bom ver essas palestras. Teria sido uma honra ser ensinado por esse professor! Muitas coisas estão fazendo sentido hoje, o que não fazia sentido quando eu fiz faculdade há uma década.",positive,chuong_trinh_hoc
10336,"Que bom ver essas palestras. Teria sido uma honra ser ensinado por esse professor! Muitas coisas estão fazendo sentido hoje, o que não fazia sentido quando eu fiz faculdade há uma década.",positive,ky_nang_giang_day
10337,As crianças viram pela primeira vez cicloide e os alunos do JEE na ÍNDIA se lembrando depois de resolver questões de ROTAÇÃO :),positive,thiet_bi_day_hoc
10338,"Prof: ""você se diverte facilmente"" hahahahaha @35:47",neutral,ky_nang_giang_day
10339,Já passei em exames de matemática e outras disciplinas o suficiente. Abandonei as aulas porque outros alunos e professores são loucos.,negative,noi_chung
10339,Já passei em exames de matemática e outras disciplinas o suficiente. Abandonei as aulas porque outros alunos e professores são loucos.,negative,ky_nang_giang_day
10340,Gostei muito disso palestra... me ajudou a entender a integração dupla por visualização perfeita... obrigado prof.,positive,chuong_trinh_hoc
10340,Gostei muito disso palestra... me ajudou a entender a integração dupla por visualização perfeita... obrigado prof.,positive,ky_nang_giang_day
10341,"Qual é a pergunta em 30:51? Ah, e a palavra Parallelipiped soa engraçada.",positive,kien_thuc
10342,"Não tenho dúvidas de que este homem é um gênio da álgebra linear, mas não tenho ideia do que ele está falando. Sua maneira) de falar não é linear.",negative,ky_nang_giang_day
10343,Existe uma continuação? Como Álgebra linear 2?,neutral,kien_thuc
10344,"Esta é a maneira mais correta maneira de aprender álgebra linear. Estabeleça sentido direto, mas não seja enterrado por milhares de definição e prova.",negative,kien_thuc
10344,"Esta é a maneira mais correta maneira de aprender álgebra linear. Estabeleça sentido direto, mas não seja enterrado por milhares de definição e prova.",positive,chuong_trinh_hoc
10344,"Esta é a maneira mais correta maneira de aprender álgebra linear. Estabeleça sentido direto, mas não seja enterrado por milhares de definição e prova.",positive,noi_chung
10345,"Caramba, essa é uma ótima palestra... de alguma forma conecta-se ao problema dos mínimos quadrados pela interpretação de álgebra linear pura sem usar cálculo. Que esclarecimento.",positive,chuong_trinh_hoc
10345,"Caramba, essa é uma ótima palestra... de alguma forma conecta-se ao problema dos mínimos quadrados pela interpretação de álgebra linear pura sem usar cálculo. Que esclarecimento.",positive,kien_thuc
10347,LOL na votação sobre fórmula da soma do seno,positive,kien_thuc
10348,Ajuda ter uma visão geométrica disso. Ótimo palestra!,positive,chuong_trinh_hoc
10349,nove pessoas acidentalmente perderam o botão curtir por alguns centímetros,positive,chuong_trinh_hoc
10350,O que há com esses malditos babacas que chegam 14 minutos atrasados e começam a mover móveis e a fechar e abrir suas malditas mochilas de livros? Eu queria que Strang tivesse um pouco de Sadoway dentro de si e expulsasse os idiotas arrogantes.,negative,ky_nang_giang_day
10351,"Para quem está confuso sobre o porquê de u[t] = exp(At* u[0]) ser mostrado aqui, um vídeo feito por @3Blue1Brown realmente explica bem: Título: 'Como (e por que) elevar e à potência de uma matriz | DE6' Link: https://www.youtube.com/watch?v=O85OWBJ2ayo&list=PLZHQObOWTQDNPOjrT6KVlfJuKtYTftqH6&index=7&ab_channel=3Blue1Brown Espero que isso possa ajudar você~",positive,ky_nang_giang_day
10351,"Para quem está confuso sobre o porquê de u[t] = exp(At* u[0]) ser mostrado aqui, um vídeo feito por @3Blue1Brown realmente explica bem: Título: 'Como (e por que) elevar e à potência de uma matriz | DE6' Link: https://www.youtube.com/watch?v=O85OWBJ2ayo&list=PLZHQObOWTQDNPOjrT6KVlfJuKtYTftqH6&index=7&ab_channel=3Blue1Brown Espero que isso possa ajudar você~",neutral,kien_thuc
10352,"Se eu tivesse tatuagens, faria uma com o nome Gilbert Strang nela:) Cara incrível, incrível palestra, MIT incrível",positive,ky_nang_giang_day
10352,"Se eu tivesse tatuagens, faria uma com o nome Gilbert Strang nela:) Cara incrível, incrível palestra, MIT incrível",positive,chuong_trinh_hoc
10353,"Comprei o livro Linear Algebra and Learning from Data, ele é usado como notas de curso para a série de cursos. Eu poderia pegá-lo emprestado da biblioteca da minha universidade de graça, mas eu realmente acho que é um livro que vale a pena manter e eu quero mostrar meu respeito a Dr. Strang por compartilhar sua sabedoria desinteressadamente, obrigado professor.",positive,ky_nang_giang_day
10354,"Uau, NULL é incrível por colocar isso no Youtube.",positive,chuong_trinh_hoc
10354,"Uau, NULL é incrível por colocar isso no Youtube.",positive,noi_chung
10355,"Professor: ""Na verdade, eu costumo falar mais rápido, então espero que vocês entendam"" Eu: toco na velocidade 2x",neutral,ky_nang_giang_day
10356,"Isso mostra que você pode ser uma pessoa brilhante, mas um péssimo professor. MIT ou não, vou continuar com Khan Academy.",negative,chuong_trinh_hoc
10356,"Isso mostra que você pode ser uma pessoa brilhante, mas um péssimo professor. MIT ou não, vou continuar com Khan Academy.",negative,chuong_trinh_hoc
10357,Simplesmente fenomenal professor e curso. Eu assisti a algumas palestras para ajudar uma das minhas crianças em seu cálculo curso e acabei fazendo a aula toda porque foi muito agradável. AGRADÁVEL! Ótimo trabalho MIT. O esforço que você colocou nesses OCW cursos é realmente apreciado.,positive,ky_nang_giang_day
10357,Simplesmente fenomenal professor e curso. Eu assisti a algumas palestras para ajudar uma das minhas crianças em seu cálculo curso e acabei fazendo a aula toda porque foi muito agradável. AGRADÁVEL! Ótimo trabalho MIT. O esforço que você colocou nesses OCW cursos é realmente apreciado.,positive,chuong_trinh_hoc
10357,Simplesmente fenomenal professor e curso. Eu assisti a algumas palestras para ajudar uma das minhas crianças em seu cálculo curso e acabei fazendo a aula toda porque foi muito agradável. AGRADÁVEL! Ótimo trabalho MIT. O esforço que você colocou nesses OCW cursos é realmente apreciado.,positive,chuong_trinh_hoc
10358,Ótimo palestras! Foi uma bênção fazer a aula do prof. Strang online.,positive,chuong_trinh_hoc
10358,Ótimo palestras! Foi uma bênção fazer a aula do prof. Strang online.,positive,ky_nang_giang_day
10359,"por favor, publique o curso de introdução à probabilidade! :D obrigado pelos vídeos a propósito!",positive,chuong_trinh_hoc
10360,37:13 Alguém pode me dizer por que é assim? (-1/inclinação da tangente),neutral,kien_thuc
10361,Verdade... a próxima geração será muito mais inteligente do que nós... porque eventualmente todas as principais áreas universidade farão OCW... e os alunos ouvirão muitos professores diferentes sobre o mesmo assunto.,neutral,noi_chung
10361,Verdade... a próxima geração será muito mais inteligente do que nós... porque eventualmente todas as principais áreas universidade farão OCW... e os alunos ouvirão muitos professores diferentes sobre o mesmo assunto.,neutral,noi_chung
10361,Verdade... a próxima geração será muito mais inteligente do que nós... porque eventualmente todas as principais áreas universidade farão OCW... e os alunos ouvirão muitos professores diferentes sobre o mesmo assunto.,neutral,ky_nang_giang_day
10362,"DR. Strang, esta é uma palestra incrível que demonstra o poder de numérico álgebra linear. Teoria de Controle/Engenharia usa uma quantidade tremenda de álgebra linear para resolver problemas do tipo satélite. Sistemas robóticos, que fazem parte da Engenharia de Controle, também usam uma dose pesada de álgebra linear.",positive,chuong_trinh_hoc
10362,"DR. Strang, esta é uma palestra incrível que demonstra o poder de numérico álgebra linear. Teoria de Controle/Engenharia usa uma quantidade tremenda de álgebra linear para resolver problemas do tipo satélite. Sistemas robóticos, que fazem parte da Engenharia de Controle, também usam uma dose pesada de álgebra linear.",positive,ky_nang_giang_day
10362,"DR. Strang, esta é uma palestra incrível que demonstra o poder de numérico álgebra linear. Teoria de Controle/Engenharia usa uma quantidade tremenda de álgebra linear para resolver problemas do tipo satélite. Sistemas robóticos, que fazem parte da Engenharia de Controle, também usam uma dose pesada de álgebra linear.",positive,kien_thuc
10362,"DR. Strang, esta é uma palestra incrível que demonstra o poder de numérico álgebra linear. Teoria de Controle/Engenharia usa uma quantidade tremenda de álgebra linear para resolver problemas do tipo satélite. Sistemas robóticos, que fazem parte da Engenharia de Controle, também usam uma dose pesada de álgebra linear.",positive,kien_thuc
10363,"essa é a parte mais fácil de calcmath deve testar suas habilidades de lógica/resolução de problemas, não suas habilidades de memorização",neutral,kien_thuc
10364,"de fato, abalou meu mundo! ouvir sua palestra é um tipo de prazer!",positive,chuong_trinh_hoc
10365,Acho isso palestra um pouco caótico.,neutral,chuong_trinh_hoc
10366,Adoro o estilo desse cara... Não consigo encontrar vídeos no site dele...,positive,ky_nang_giang_day
10367,como você fatorou essa equação de 19:53 diferença?,neutral,kien_thuc
10368,Sr. Strang! Ahahaha que legal às 43:10,positive,ky_nang_giang_day
10369,@[USERNAME]Acho que essa estatística é verdadeira. Porque não acho que os alunos precisem assistir novamente a uma palestra que já têm ao vivo na universidade pela segunda vez. Acho que esses vídeos são importantes para autodidatas ou para aqueles que querem refrescar a mente. Eu tenho 25 anos e não sou estudante.,neutral,chuong_trinh_hoc
10370,"quem diabos pode colocar o botão de descurtir aqui? é gratuito palestra, você fica doente e pode encontrar o que perdeu aqui!! obrigado MIT!",positive,chuong_trinh_hoc
10370,"quem diabos pode colocar o botão de descurtir aqui? é gratuito palestra, você fica doente e pode encontrar o que perdeu aqui!! obrigado MIT!",positive,noi_chung
10371,"Esses cursos são incríveis, muito obrigado MIT OCW",positive,chuong_trinh_hoc
10371,"Esses cursos são incríveis, muito obrigado MIT OCW",positive,noi_chung
10372,"E daí se ele esqueceu? Meu professor esquece muito de fórmulas, mas ele ainda é um monstro em integração.",neutral,kien_thuc
10372,"E daí se ele esqueceu? Meu professor esquece muito de fórmulas, mas ele ainda é um monstro em integração.",positive,kien_thuc
10372,"E daí se ele esqueceu? Meu professor esquece muito de fórmulas, mas ele ainda é um monstro em integração.",positive,ky_nang_giang_day
10373,"Por que ele dividiu (x^10-1) e (x^2-1) por NULL? Alguém pode gentilmente me explicar isso, por favor? Eu realmente apreciaria. Obrigado! :D <3",neutral,ky_nang_giang_day
10373,"Por que ele dividiu (x^10-1) e (x^2-1) por NULL? Alguém pode gentilmente me explicar isso, por favor? Eu realmente apreciaria. Obrigado! :D <3",neutral,kien_thuc
10373,"Por que ele dividiu (x^10-1) e (x^2-1) por NULL? Alguém pode gentilmente me explicar isso, por favor? Eu realmente apreciaria. Obrigado! :D <3",neutral,kien_thuc
10373,"Por que ele dividiu (x^10-1) e (x^2-1) por NULL? Alguém pode gentilmente me explicar isso, por favor? Eu realmente apreciaria. Obrigado! :D <3",neutral,kien_thuc
10374,"No final, por que ele diz que matriz converte uma equação diferencial de 5ª ordem em uma equação diferencial de 1ª ordem! Existem ordens mais altas no LHS...",neutral,kien_thuc
10375,"Estou apenas assistindo por interesse, mas ele explica isso muuuuito melhor do que meu professor costumava explicar quando eu ainda estava na escola...",positive,ky_nang_giang_day
10375,"Estou apenas assistindo por interesse, mas ele explica isso muuuuito melhor do que meu professor costumava explicar quando eu ainda estava na escola...",negative,ky_nang_giang_day
10376,"Acabei de tirar uma nota bem baixa nota na minha classe, queria ter passado mais tempo assistindo aos vídeos dele...",negative,noi_chung
10376,"Acabei de tirar uma nota bem baixa nota na minha classe, queria ter passado mais tempo assistindo aos vídeos dele...",positive,chuong_trinh_hoc
10377,Esse cara é tão fofo,positive,ky_nang_giang_day
10378,aquelas 9 pessoas que não gostaram disto vídeo...,negative,chuong_trinh_hoc
10379,"por volta das 14:04, em relação ao fluxo, e se curva também estiver se movendo? como lidar com isso?",neutral,kien_thuc
10380,"Isso palestra fez meu cérebro doer, provavelmente porque eu não entendo nada de física.",negative,chuong_trinh_hoc
10381,Prof. Alex: O mundo é Sylvester.Tweety: Ei! E eu?,neutral,ky_nang_giang_day
10382,"legal palestra, mas sempre consigo ouvir o produto COS em vez do produto CROSS...",positive,chuong_trinh_hoc
10383,X²+y²+z²1 é a equação da esfera unitária,neutral,kien_thuc
10383,X²+y²+z²1 é a equação da esfera unitária,neutral,kien_thuc
10384,por que sempre consideramos uma superfície nivelada para provar que gradiente é perpendicular a vetor tangente à superfície... e se a partícula se mover em uma superfície que não tem um valor constante em todo o seu domínio de definição,neutral,kien_thuc
10384,por que sempre consideramos uma superfície nivelada para provar que gradiente é perpendicular a vetor tangente à superfície... e se a partícula se mover em uma superfície que não tem um valor constante em todo o seu domínio de definição,neutral,kien_thuc
10384,por que sempre consideramos uma superfície nivelada para provar que gradiente é perpendicular a vetor tangente à superfície... e se a partícula se mover em uma superfície que não tem um valor constante em todo o seu domínio de definição,neutral,kien_thuc
10384,por que sempre consideramos uma superfície nivelada para provar que gradiente é perpendicular a vetor tangente à superfície... e se a partícula se mover em uma superfície que não tem um valor constante em todo o seu domínio de definição,neutral,kien_thuc
10384,por que sempre consideramos uma superfície nivelada para provar que gradiente é perpendicular a vetor tangente à superfície... e se a partícula se mover em uma superfície que não tem um valor constante em todo o seu domínio de definição,neutral,kien_thuc
10384,por que sempre consideramos uma superfície nivelada para provar que gradiente é perpendicular a vetor tangente à superfície... e se a partícula se mover em uma superfície que não tem um valor constante em todo o seu domínio de definição,neutral,kien_thuc
10385,"Uma das razões pelas quais eu realmente gosto desse incrível professor é que ele sempre apaga três pedaços de quadro-negro em sequência, então eu tenho a chance de pular",positive,ky_nang_giang_day
10386,"Bem, essa é uma matemática terrivelmente desinformada aula. Como alguém chega ao cálculo multivariável sem um conhecimento firme de trigonometria e geometria vetorial?",negative,chuong_trinh_hoc
10387,"Ao provar que (1-cosθ/θ) tende a 0, pois θ vai para 0 na interpretação geométrica, ele não deveria estar usando 2θ no lugar de θ, já que ele duplicou o theta quando o espelhou no que parece ser o eixo x? Além disso, por que ele parece estar usando o que me parece sinθ (a linha verde que significa a altura de um ponto específico no círculo unitário) ao provar que o numerador da função diminui significativamente ""mais rápido"" do que o denominador, já que θ deveria ser o comprimento do arco de 0 a um ângulo específico no círculo unitário?",negative,kien_thuc
10387,"Ao provar que (1-cosθ/θ) tende a 0, pois θ vai para 0 na interpretação geométrica, ele não deveria estar usando 2θ no lugar de θ, já que ele duplicou o theta quando o espelhou no que parece ser o eixo x? Além disso, por que ele parece estar usando o que me parece sinθ (a linha verde que significa a altura de um ponto específico no círculo unitário) ao provar que o numerador da função diminui significativamente ""mais rápido"" do que o denominador, já que θ deveria ser o comprimento do arco de 0 a um ângulo específico no círculo unitário?",negative,kien_thuc
10387,"Ao provar que (1-cosθ/θ) tende a 0, pois θ vai para 0 na interpretação geométrica, ele não deveria estar usando 2θ no lugar de θ, já que ele duplicou o theta quando o espelhou no que parece ser o eixo x? Além disso, por que ele parece estar usando o que me parece sinθ (a linha verde que significa a altura de um ponto específico no círculo unitário) ao provar que o numerador da função diminui significativamente ""mais rápido"" do que o denominador, já que θ deveria ser o comprimento do arco de 0 a um ângulo específico no círculo unitário?",neutral,ky_nang_giang_day
10387,"Ao provar que (1-cosθ/θ) tende a 0, pois θ vai para 0 na interpretação geométrica, ele não deveria estar usando 2θ no lugar de θ, já que ele duplicou o theta quando o espelhou no que parece ser o eixo x? Além disso, por que ele parece estar usando o que me parece sinθ (a linha verde que significa a altura de um ponto específico no círculo unitário) ao provar que o numerador da função diminui significativamente ""mais rápido"" do que o denominador, já que θ deveria ser o comprimento do arco de 0 a um ângulo específico no círculo unitário?",negative,kien_thuc
10388,Este homem é uma lenda. Obrigado por tudo.,positive,ky_nang_giang_day
10389,"Estou seguindo completamente o MIT courseware para estudar meus cursos de pré-engenharia, incrível > obrigado MIT",positive,chuong_trinh_hoc
10390,"A explicação do campo de milho me deixou louco! Obrigado, agora entendi campos de vetores!",positive,kien_thuc
10391,Por que o volume é baixo af,negative,thiet_bi_day_hoc
10392,Ele tem o sotaque francês mais fofo ^^Ótimo Palestra,positive,ky_nang_giang_day
10392,Ele tem o sotaque francês mais fofo ^^Ótimo Palestra,positive,chuong_trinh_hoc
10393,Então... integrais de linha sobre funções escalares valued functions não são cobertas neste course)?? Como ousa u!!,negative,chuong_trinh_hoc
10393,Então... integrais de linha sobre funções escalares valued functions não são cobertas neste course)?? Como ousa u!!,neutral,noi_chung
10394,oh.meu.deus.estou fazendo multivariável no meu último ano do ensino médio agora e minha prova final é na semana que vem. isso é ouro. OBRIGADA MIT.,neutral,chuong_trinh_hoc
10394,oh.meu.deus.estou fazendo multivariável no meu último ano do ensino médio agora e minha prova final é na semana que vem. isso é ouro. OBRIGADA MIT.,positive,noi_chung
10395,A invenção e o desenvolvimento do Google se devem a Matrizes de Markov. As coisas que vemos e usamos todos os dias em nossas vidas são construídas em teoria e conceitos matemáticos.,positive,kien_thuc
10396,"Todos os seres vivos são abençoados por ter Gilbert Strang entre eles, quer percebam ou não.",positive,ky_nang_giang_day
10397,"Isto não é uma palestra, isto é arte.",positive,chuong_trinh_hoc
10398,"sim, fica complicado quando fórmula derivada são jogados na mistura.",neutral,kien_thuc
10399,"Acho esses vídeos bem interessantes, porém a desordem no momento da escrita com a qual muitos professores lidam me incomoda. Caligrafia pouco clara e confusa. Seria legal se eles pudessem melhorar esses aspectos.",negative,ky_nang_giang_day
10399,"Acho esses vídeos bem interessantes, porém a desordem no momento da escrita com a qual muitos professores lidam me incomoda. Caligrafia pouco clara e confusa. Seria legal se eles pudessem melhorar esses aspectos.",negative,noi_chung
10400,Esse cara é realmente um bom professor.,positive,ky_nang_giang_day
10401,"Em vez de matemática, a outra disciplina vídeos não tem letras. Espero que eles tomem as medidas necessárias o mais cedo possível.",neutral,kien_thuc
10401,"Em vez de matemática, a outra disciplina vídeos não tem letras. Espero que eles tomem as medidas necessárias o mais cedo possível.",negative,thiet_bi_day_hoc
10401,"Em vez de matemática, a outra disciplina vídeos não tem letras. Espero que eles tomem as medidas necessárias o mais cedo possível.",negative,thiet_bi_day_hoc
10401,"Em vez de matemática, a outra disciplina vídeos não tem letras. Espero que eles tomem as medidas necessárias o mais cedo possível.",negative,ky_nang_giang_day
10402,"43:30 Como espaço de coluna de Q pode ser o mesmo que espaço de coluna de A?? Eu sei que suas dimensões são as mesmas, mas Q é composto com vetores ortogonais e A não é. Preciso de ajuda, pessoal {{{(>_<)}}}",neutral,kien_thuc
10402,"43:30 Como espaço de coluna de Q pode ser o mesmo que espaço de coluna de A?? Eu sei que suas dimensões são as mesmas, mas Q é composto com vetores ortogonais e A não é. Preciso de ajuda, pessoal {{{(>_<)}}}",neutral,kien_thuc
10402,"43:30 Como espaço de coluna de Q pode ser o mesmo que espaço de coluna de A?? Eu sei que suas dimensões são as mesmas, mas Q é composto com vetores ortogonais e A não é. Preciso de ajuda, pessoal {{{(>_<)}}}",neutral,kien_thuc
10402,"43:30 Como espaço de coluna de Q pode ser o mesmo que espaço de coluna de A?? Eu sei que suas dimensões são as mesmas, mas Q é composto com vetores ortogonais e A não é. Preciso de ajuda, pessoal {{{(>_<)}}}",neutral,kien_thuc
10403,Este vídeo é incrível! INCRÍVEL! Todos os princípios se encaixam perfeitamente na realidade! VIDA LONGA MATRICES.,positive,chuong_trinh_hoc
10403,Este vídeo é incrível! INCRÍVEL! Todos os princípios se encaixam perfeitamente na realidade! VIDA LONGA MATRICES.,positive,chuong_trinh_hoc
10403,Este vídeo é incrível! INCRÍVEL! Todos os princípios se encaixam perfeitamente na realidade! VIDA LONGA MATRICES.,positive,kien_thuc
10404,"Ótimo palestra! Levei um momento para processar r x v = constante. Sempre pensei na 2ª de Kepler como 'área igual em tempo igual', mas isso se traduz em 'proporcional ao tempo'",positive,chuong_trinh_hoc
10404,"Ótimo palestra! Levei um momento para processar r x v = constante. Sempre pensei na 2ª de Kepler como 'área igual em tempo igual', mas isso se traduz em 'proporcional ao tempo'",neutral,kien_thuc
10405,"Não acredito que os alunos começam a arrumar suas coisas, batendo carteiras, etc. às 48:30 antes mesmo de ele terminar de falar. Tão rude. Eles acabaram de receber uma palestra de um brilhante matemático, mas não têm respeito!",negative,noi_chung
10405,"Não acredito que os alunos começam a arrumar suas coisas, batendo carteiras, etc. às 48:30 antes mesmo de ele terminar de falar. Tão rude. Eles acabaram de receber uma palestra de um brilhante matemático, mas não têm respeito!",positive,ky_nang_giang_day
10406,"esse cara é incrível, os NULL da universidade de toronto não sabem nada de matemática...",positive,ky_nang_giang_day
10406,"esse cara é incrível, os NULL da universidade de toronto não sabem nada de matemática...",negative,ky_nang_giang_day
10407,Obrigado senhor. Espero que você leia isso!!,positive,ky_nang_giang_day
10408,"Eu realmente aprecio que gilbert strang nos dê um curso tão intuitivo. Depois de ver alguns cursos de faculdades americanas, acho que a educação universitária americana é muito melhor do que a da China.",positive,ky_nang_giang_day
10408,"Eu realmente aprecio que gilbert strang nos dê um curso tão intuitivo. Depois de ver alguns cursos de faculdades americanas, acho que a educação universitária americana é muito melhor do que a da China.",positive,chuong_trinh_hoc
10409,Acredito que há um problema no 18.01sc (no site do MIT OCW): um dos vídeos de recitação nos pede para estarmos cientes de representação de funções como séries antes de ser introduzido.,negative,noi_chung
10409,Acredito que há um problema no 18.01sc (no site do MIT OCW): um dos vídeos de recitação nos pede para estarmos cientes de representação de funções como séries antes de ser introduzido.,neutral,kien_thuc
10410,O problema do alvo de dardos. Acontece que é 1% e ele diz que é bem alto? Parece-me que 1% é bem baixo.,neutral,ky_nang_giang_day
10411,"Adoro suas palestras, mas acho que há um pequeno erro ali, corrija-me se estiver errado. Professor Strangdisse que {(1,1,2),(2,2,5),(3,3,8)} faz uma base para R^3, mas esse conjunto de vetores não pode produzir apenas vetores onde x1 e x2 são iguais? Então você não pode obter (1,0,0) dos vetores e certamente não de todo R^3, certo? A primeira e a segunda linha seriam exatamente as mesmas escritas como uma Matriz, então elas deveriam ser linearmente dependentes por esse motivo também. Novamente, talvez eu esteja esquecendo de algo, mas não faz sentido para mim. Editar: Deveria ter classificado os comentários por novos primeiro, parece que muitas pessoas viram isso também, mas não chegou aos comentários principais",positive,chuong_trinh_hoc
10411,"Adoro suas palestras, mas acho que há um pequeno erro ali, corrija-me se estiver errado. Professor Strangdisse que {(1,1,2),(2,2,5),(3,3,8)} faz uma base para R^3, mas esse conjunto de vetores não pode produzir apenas vetores onde x1 e x2 são iguais? Então você não pode obter (1,0,0) dos vetores e certamente não de todo R^3, certo? A primeira e a segunda linha seriam exatamente as mesmas escritas como uma Matriz, então elas deveriam ser linearmente dependentes por esse motivo também. Novamente, talvez eu esteja esquecendo de algo, mas não faz sentido para mim. Editar: Deveria ter classificado os comentários por novos primeiro, parece que muitas pessoas viram isso também, mas não chegou aos comentários principais",positive,ky_nang_giang_day
10412,"Todas as nossas palestras usam projetores e computadores, é bom ver alguns bons e velhos quadros-negros na educação =)",positive,chuong_trinh_hoc
10413,A abordagem geométrica do cálculo é muito útil para entender todos os tipos de conceitos.,positive,kien_thuc
10414,"Acabei de terminar!. 18.01. Começarei em breve em 18.02 também. Também terminei 6.042J / 18.062J, terminei o suplementar Single & multi de Herbert Gross. (aliás, descanse em paz) tive uma pausa de 6.00 (continuarei e terminarei em breve). Obrigado por essas incríveis palestras MIT!",positive,chuong_trinh_hoc
10414,"Acabei de terminar!. 18.01. Começarei em breve em 18.02 também. Também terminei 6.042J / 18.062J, terminei o suplementar Single & multi de Herbert Gross. (aliás, descanse em paz) tive uma pausa de 6.00 (continuarei e terminarei em breve). Obrigado por essas incríveis palestras MIT!",positive,noi_chung
10414,"Acabei de terminar!. 18.01. Começarei em breve em 18.02 também. Também terminei 6.042J / 18.062J, terminei o suplementar Single & multi de Herbert Gross. (aliás, descanse em paz) tive uma pausa de 6.00 (continuarei e terminarei em breve). Obrigado por essas incríveis palestras MIT!",positive,kien_thuc
10415,"A transposição nada mais é do que o espaço linha, certo? Então o espaço nulo de A transposição deve estar no espaço linha, mas o professor diz que A^T.(b-P)=0, onde b-p = e e e está no espaço coluna, mas deve estar no espaço linha, certo?",neutral,kien_thuc
10416,Essas recitações são realmente muito boas. É útil revisar rapidamente os conceitos.,positive,noi_chung
10416,Essas recitações são realmente muito boas. É útil revisar rapidamente os conceitos.,positive,kien_thuc
10417,"Quem mais assistiu em 1,5x ou 1,75x?Obrigado, Prof. Strang.Obrigado, MIT OCW.",positive,ky_nang_giang_day
10418,"Uau. Eu não conseguia perceber até ver neste lect. que o método do multiplicador de Lagrange, por exemplo, que os valores máximos de f são encontrados em infinito até hipérbole.",positive,chuong_trinh_hoc
10418,"Uau. Eu não conseguia perceber até ver neste lect. que o método do multiplicador de Lagrange, por exemplo, que os valores máximos de f são encontrados em infinito até hipérbole.",neutral,kien_thuc
10418,"Uau. Eu não conseguia perceber até ver neste lect. que o método do multiplicador de Lagrange, por exemplo, que os valores máximos de f são encontrados em infinito até hipérbole.",neutral,kien_thuc
10418,"Uau. Eu não conseguia perceber até ver neste lect. que o método do multiplicador de Lagrange, por exemplo, que os valores máximos de f são encontrados em infinito até hipérbole.",neutral,kien_thuc
10418,"Uau. Eu não conseguia perceber até ver neste lect. que o método do multiplicador de Lagrange, por exemplo, que os valores máximos de f são encontrados em infinito até hipérbole.",neutral,kien_thuc
10419,"Isso me faz querer aplaudir. Eu assisti ao resumo dele palestra que revisou este curso e quase bati palmas em casa. Eu deveria comprar o livro dele - comprei outro que está funcionando bem, mas não enfatizou o espaço-linha espaço-coluna espaço nulo espaço nulo esquerdo teorema fundamental da álgebra linear que este curso desenvolve.",positive,chuong_trinh_hoc
10420,Alguém me salve de volta Eu não usei stop loss Eu não vi isso chegando,neutral,kien_thuc
10421,"Se Philippe falar muito rápido para você, não se esqueça de que você pode diminuir a velocidade nas configurações. Descobri que 0,75 funcionou para mim.",neutral,ky_nang_giang_day
10421,"Se Philippe falar muito rápido para você, não se esqueça de que você pode diminuir a velocidade nas configurações. Descobri que 0,75 funcionou para mim.",neutral,thiet_bi_day_hoc
10422,Isso é realmente ótimo e brilhante palestrante que eu nunca tinha visto antes. Gosto da metodologia que ele está usando e ele sabe como envolver seus alunos. Agora posso ver como álgebra linear é aplicada. Obrigado Gilbert Strang e MIT.,positive,ky_nang_giang_day
10422,Isso é realmente ótimo e brilhante palestrante que eu nunca tinha visto antes. Gosto da metodologia que ele está usando e ele sabe como envolver seus alunos. Agora posso ver como álgebra linear é aplicada. Obrigado Gilbert Strang e MIT.,positive,ky_nang_giang_day
10422,Isso é realmente ótimo e brilhante palestrante que eu nunca tinha visto antes. Gosto da metodologia que ele está usando e ele sabe como envolver seus alunos. Agora posso ver como álgebra linear é aplicada. Obrigado Gilbert Strang e MIT.,positive,kien_thuc
10422,Isso é realmente ótimo e brilhante palestrante que eu nunca tinha visto antes. Gosto da metodologia que ele está usando e ele sabe como envolver seus alunos. Agora posso ver como álgebra linear é aplicada. Obrigado Gilbert Strang e MIT.,positive,noi_chung
10422,Isso é realmente ótimo e brilhante palestrante que eu nunca tinha visto antes. Gosto da metodologia que ele está usando e ele sabe como envolver seus alunos. Agora posso ver como álgebra linear é aplicada. Obrigado Gilbert Strang e MIT.,positive,kien_thuc
10423,Por que a densidade das juntas não foi dividida por f(x) para obter probabilidade posterior?,neutral,kien_thuc
10424,"Como eles poderiam se preparar para sair da aula antes que ele terminasse a palestra, eu ficaria o dia todo para ouvir a palestra dele!!!",positive,chuong_trinh_hoc
10424,"Como eles poderiam se preparar para sair da aula antes que ele terminasse a palestra, eu ficaria o dia todo para ouvir a palestra dele!!!",positive,ky_nang_giang_day
10425,eliminação de Guass-Jordan só funciona para matrizes quadradas? E quanto a matrizes retangulares?,neutral,kien_thuc
10425,eliminação de Guass-Jordan só funciona para matrizes quadradas? E quanto a matrizes retangulares?,neutral,kien_thuc
10425,eliminação de Guass-Jordan só funciona para matrizes quadradas? E quanto a matrizes retangulares?,neutral,kien_thuc
10426,Gilbert é muito bom em provocar a próxima palestra. Tenho que me forçar a parar de assistir para poder dormir.,positive,ky_nang_giang_day
10427,você pode me dizer por que pegamos multiplicador de Lagrange na pirâmide? (no final da aula)... por que os gradientes de ambas as funções têm que ser paralelos?,neutral,kien_thuc
10428,"Nossos professores indianos são os melhores. Jai hind Nosso estilo de ensino é o melhor, pois é interação de ambos os lados.",positive,ky_nang_giang_day
10428,"Nossos professores indianos são os melhores. Jai hind Nosso estilo de ensino é o melhor, pois é interação de ambos os lados.",positive,noi_chung
10429,"muito simples, baixa qualidade, bagunçado caligrafia. Poderia ter sido explicado de forma mais simples, fácil e rápida",negative,thiet_bi_day_hoc
10430,"Pode ser explicado por cálculo lambda, muito mais conciso e elegante",positive,kien_thuc
10431,Montes de exercícios mentais de conexão de pontos para mim. Obrigado professor. Espero que seu curso de Estatística de Alta Dimensão esteja disponível no YouTube também.,positive,ky_nang_giang_day
10431,Montes de exercícios mentais de conexão de pontos para mim. Obrigado professor. Espero que seu curso de Estatística de Alta Dimensão esteja disponível no YouTube também.,positive,chuong_trinh_hoc
10432,"Uau, isso palestra abriu meus olhos. Obrigado, professor Strang!",positive,chuong_trinh_hoc
10432,"Uau, isso palestra abriu meus olhos. Obrigado, professor Strang!",positive,ky_nang_giang_day
10433,"Eu sou a única pessoa que está assistindo isso vídeos com velocidade de 1,25x? :D",neutral,chuong_trinh_hoc
10434,"44:25 ""matrizes ortogonais não alteram o comprimento de x"" Acho que ele quis dizer ortonormal. [Gilbert Strang usa ortogonal) e ortonormal de forma intercambiável]",neutral,kien_thuc
10434,"44:25 ""matrizes ortogonais não alteram o comprimento de x"" Acho que ele quis dizer ortonormal. [Gilbert Strang usa ortogonal) e ortonormal de forma intercambiável]",neutral,ky_nang_giang_day
10434,"44:25 ""matrizes ortogonais não alteram o comprimento de x"" Acho que ele quis dizer ortonormal. [Gilbert Strang usa ortogonal) e ortonormal de forma intercambiável]",neutral,kien_thuc
10435,"Senhor, boa noite/dia/tarde. Esta (série de vídeos 1) parece ótima, mas eu gostaria de saber que tipo de conhecimento matemático eu preciso para entender este curso. Obrigado.",positive,chuong_trinh_hoc
10436,"Como o último problema pode ser resolvido quando você coloca y = acos (theta)? Na verdade y, y = asin (theta), então como y pode ser acos (theta)?",negative,kien_thuc
10436,"Como o último problema pode ser resolvido quando você coloca y = acos (theta)? Na verdade y, y = asin (theta), então como y pode ser acos (theta)?",negative,kien_thuc
10436,"Como o último problema pode ser resolvido quando você coloca y = acos (theta)? Na verdade y, y = asin (theta), então como y pode ser acos (theta)?",negative,kien_thuc
10436,"Como o último problema pode ser resolvido quando você coloca y = acos (theta)? Na verdade y, y = asin (theta), então como y pode ser acos (theta)?",negative,kien_thuc
10437,"Prof Gilbert Strang, eu deveria ter frequentado seus cursos - Álgebra linear e Métodos matriciais para ML como pré-requisito para meu programa de pós-graduação em Engenharia elétrica na UBC, Canadá. Devo dizer que perdi a noção do tempo frequentando suas palestras e você mudou minha perspectiva de pensar matemática. Muito obrigado e devo muito a você por me inspirar. Desejo me tornar um professor como você no futuro. Deseje-me tudo de bom se você viu esta mensagem! Muito amor, de Simran Suresh, Índia",positive,ky_nang_giang_day
10437,"Prof Gilbert Strang, eu deveria ter frequentado seus cursos - Álgebra linear e Métodos matriciais para ML como pré-requisito para meu programa de pós-graduação em Engenharia elétrica na UBC, Canadá. Devo dizer que perdi a noção do tempo frequentando suas palestras e você mudou minha perspectiva de pensar matemática. Muito obrigado e devo muito a você por me inspirar. Desejo me tornar um professor como você no futuro. Deseje-me tudo de bom se você viu esta mensagem! Muito amor, de Simran Suresh, Índia",neutral,chuong_trinh_hoc
10437,"Prof Gilbert Strang, eu deveria ter frequentado seus cursos - Álgebra linear e Métodos matriciais para ML como pré-requisito para meu programa de pós-graduação em Engenharia elétrica na UBC, Canadá. Devo dizer que perdi a noção do tempo frequentando suas palestras e você mudou minha perspectiva de pensar matemática. Muito obrigado e devo muito a você por me inspirar. Desejo me tornar um professor como você no futuro. Deseje-me tudo de bom se você viu esta mensagem! Muito amor, de Simran Suresh, Índia",neutral,chuong_trinh_hoc
10437,"Prof Gilbert Strang, eu deveria ter frequentado seus cursos - Álgebra linear e Métodos matriciais para ML como pré-requisito para meu programa de pós-graduação em Engenharia elétrica na UBC, Canadá. Devo dizer que perdi a noção do tempo frequentando suas palestras e você mudou minha perspectiva de pensar matemática. Muito obrigado e devo muito a você por me inspirar. Desejo me tornar um professor como você no futuro. Deseje-me tudo de bom se você viu esta mensagem! Muito amor, de Simran Suresh, Índia",neutral,noi_chung
10437,"Prof Gilbert Strang, eu deveria ter frequentado seus cursos - Álgebra linear e Métodos matriciais para ML como pré-requisito para meu programa de pós-graduação em Engenharia elétrica na UBC, Canadá. Devo dizer que perdi a noção do tempo frequentando suas palestras e você mudou minha perspectiva de pensar matemática. Muito obrigado e devo muito a você por me inspirar. Desejo me tornar um professor como você no futuro. Deseje-me tudo de bom se você viu esta mensagem! Muito amor, de Simran Suresh, Índia",positive,chuong_trinh_hoc
10438,"Em 14:20 a (fórmula de dimensão 1) é mais intuitiva se declarada como dim(S) + dim(U) - dim(S∩U) = dim(S+U) ou seja, ""a dimensão de S adicionada à dimensão de U menos a dimensão da intersecção de S e U é a dimensão de S+U""... muito mais fácil de visualizar declarado dessa forma n'est-ce pas?",neutral,kien_thuc
10439,ele tdiz a você t que t t é NULL que é uma maneira t de encontrar ta derivadativa). texistem outras regras que eu nãot sei por que ele nãot iria repassá-las.,neutral,ky_nang_giang_day
10439,ele tdiz a você t que t t é NULL que é uma maneira t de encontrar ta derivadativa). texistem outras regras que eu nãot sei por que ele nãot iria repassá-las.,neutral,kien_thuc
10439,ele tdiz a você t que t t é NULL que é uma maneira t de encontrar ta derivadativa). texistem outras regras que eu nãot sei por que ele nãot iria repassá-las.,neutral,kien_thuc
10439,ele tdiz a você t que t t é NULL que é uma maneira t de encontrar ta derivadativa). texistem outras regras que eu nãot sei por que ele nãot iria repassá-las.,neutral,kien_thuc
10439,ele tdiz a você t que t t é NULL que é uma maneira t de encontrar ta derivadativa). texistem outras regras que eu nãot sei por que ele nãot iria repassá-las.,neutral,kien_thuc
10440,É sempre muito triste pensar que um vídeo educacional vídeo 99% melhor que todos os outros tem apenas 70 mil visualizações 10 anos depois de ter sido publicado.,negative,chuong_trinh_hoc
10442,É muito muito útil. Muito obrigado.,positive,chuong_trinh_hoc
10443,"Isto é Matemática Analítica, em resumo a análise parte da variável e termina na clareza da função.....",neutral,kien_thuc
10444,Concordo. Tenho estudado cálculo há 3 anos e esta é a primeira vez que realmente entendi o conceito de diferencial.,positive,kien_thuc
10445,"por que a probabilidade de P(1head) é 3p(1-p)^2...? Não deveria ser 2p(1-p)^2, porque há apenas 2 probabilidades de que isso aconteça em vez de 3... ou não estou entendendo claramente? está em 9:14, por favor me ajude",neutral,kien_thuc
10446,"Obrigado, senhor, só queria dizer obrigado por me dar uma visão mais profunda sobre probabilidade. Estudei isso da 1ª aula até esta. Vou estudar as últimas 5 aulas mais tarde.",positive,ky_nang_giang_day
10446,"Obrigado, senhor, só queria dizer obrigado por me dar uma visão mais profunda sobre probabilidade. Estudei isso da 1ª aula até esta. Vou estudar as últimas 5 aulas mais tarde.",positive,chuong_trinh_hoc
10447,"Caro Gilbert Strang!! Eu gostaria de beijar suas mãos, suas mãos sagradas, pois você é meu Guru de Álgebra Matricial. Você explica tão bem. Sua maneira de ensinar é milagrosa.",positive,ky_nang_giang_day
10447,"Caro Gilbert Strang!! Eu gostaria de beijar suas mãos, suas mãos sagradas, pois você é meu Guru de Álgebra Matricial. Você explica tão bem. Sua maneira de ensinar é milagrosa.",positive,noi_chung
10447,"Caro Gilbert Strang!! Eu gostaria de beijar suas mãos, suas mãos sagradas, pois você é meu Guru de Álgebra Matricial. Você explica tão bem. Sua maneira de ensinar é milagrosa.",positive,kien_thuc
10448,"Concordo sobre o giz, realmente. Eu me encontro tão cansado de olhar para uma tela de computador, e ter que lidar com os 32 ou quantos flashes de luz por segundo dia após dia. De alguma forma, o professor se sente mais presente e mais conectado ao material ao usar giz, eu acho. Eu também não gosto de tarefas online.",negative,thiet_bi_day_hoc
10448,"Concordo sobre o giz, realmente. Eu me encontro tão cansado de olhar para uma tela de computador, e ter que lidar com os 32 ou quantos flashes de luz por segundo dia após dia. De alguma forma, o professor se sente mais presente e mais conectado ao material ao usar giz, eu acho. Eu também não gosto de tarefas online.",positive,thiet_bi_day_hoc
10448,"Concordo sobre o giz, realmente. Eu me encontro tão cansado de olhar para uma tela de computador, e ter que lidar com os 32 ou quantos flashes de luz por segundo dia após dia. De alguma forma, o professor se sente mais presente e mais conectado ao material ao usar giz, eu acho. Eu também não gosto de tarefas online.",negative,noi_chung
10449,"Quando ele apresenta fórmula de Taylor, não está totalmente correto porque a fórmula que ele apresenta é para série de MacLaurin, pois está centrada em 0.",neutral,ky_nang_giang_day
10449,"Quando ele apresenta fórmula de Taylor, não está totalmente correto porque a fórmula que ele apresenta é para série de MacLaurin, pois está centrada em 0.",neutral,kien_thuc
10449,"Quando ele apresenta fórmula de Taylor, não está totalmente correto porque a fórmula que ele apresenta é para série de MacLaurin, pois está centrada em 0.",neutral,kien_thuc
10450,esse cara é um super-homem na matemática,positive,ky_nang_giang_day
10451,"Usei isso para aprender cálculo vetorial por conta própria no meu verão, terminando o primeiro ano do Multi-Calc básico na faculdade, começando da Lição 15 à Lição 29. Também usei a Análise Vetorial de Schaum para problemas e o Vector Calc de SJ Colley como referência adicional. Assisti a todos os vídeos em no mínimo 1,25x e terminei em 2 semanas. Dennis Auroux é absolutamente uma delícia e suas habilidades de esfregar tábuas são tão impressionantes! Suas explicações são espetaculares e eu realmente gostei de sua ênfase em aplicações (particularmente de física-inércia, equações de Maxwell etc.). Uma coisa que senti falta foi a falta de informações sobre as equações de Frenet-Serret, que achei incríveis em geral, e a falta de praticar mais problemas, mas ei, você pode fazer as duas coisas sozinho, como eu fiz! De qualquer forma, 12 anos após o lançamento deste vídeo, eu ainda recomendaria este curso de todo o coração. É incrível! Obrigado, MIT, por divulgar isso ao público e obrigado, Prof. Auroux, por ser um palestrante incrível!",positive,ky_nang_giang_day
10451,"Usei isso para aprender cálculo vetorial por conta própria no meu verão, terminando o primeiro ano do Multi-Calc básico na faculdade, começando da Lição 15 à Lição 29. Também usei a Análise Vetorial de Schaum para problemas e o Vector Calc de SJ Colley como referência adicional. Assisti a todos os vídeos em no mínimo 1,25x e terminei em 2 semanas. Dennis Auroux é absolutamente uma delícia e suas habilidades de esfregar tábuas são tão impressionantes! Suas explicações são espetaculares e eu realmente gostei de sua ênfase em aplicações (particularmente de física-inércia, equações de Maxwell etc.). Uma coisa que senti falta foi a falta de informações sobre as equações de Frenet-Serret, que achei incríveis em geral, e a falta de praticar mais problemas, mas ei, você pode fazer as duas coisas sozinho, como eu fiz! De qualquer forma, 12 anos após o lançamento deste vídeo, eu ainda recomendaria este curso de todo o coração. É incrível! Obrigado, MIT, por divulgar isso ao público e obrigado, Prof. Auroux, por ser um palestrante incrível!",positive,de_xuat
10452,"às 21:04, o min(X,Y=2), a área sombreada em vermelho cobre toda a área do evento B? alguém pode explicar, estou confuso",negative,kien_thuc
10453,Alan Edelman é inequivocamente erudito ao afirmar a concordância da Álgebra Linear com os tópicos aplicados de Aprendizado de Máquina e Redes Neurais.,positive,ky_nang_giang_day
10454,18:38 Eu pensei que a derivada não é um número? *_* Estou confuso,neutral,kien_thuc
10455,Às vezes Matemática parece uma religião. Tenha fé em mim até que eu prove. Pelo menos ele prova.,neutral,ky_nang_giang_day
10455,Às vezes Matemática parece uma religião. Tenha fé em mim até que eu prove. Pelo menos ele prova.,neutral,kien_thuc
10456,interessante vídeo e muito importante para engenheiros. Você deveria aproveitar essa informação. Parabéns!!!,positive,thiet_bi_day_hoc
10457,Foi muito bom vídeo.,positive,chuong_trinh_hoc
10458,"Olá, pessoal! Vocês podem, por favor, recarregar isso com o NULL removido?",negative,thiet_bi_day_hoc
10458,"Olá, pessoal! Vocês podem, por favor, recarregar isso com o NULL removido?",negative,thiet_bi_day_hoc
10459,"Melhor maneira de ensinar determinantes. Eu costumava me preocupar sobre como essa é a pior parte de álgebra linear, pois envolvia uma grande fórmula que foi jogada para mim. Eu amei a intuição sobre a propriedade 9 sobre volumes de cubos n dimensionais. Nunca pensei que determinantes me deixariam tão animado. Vida longa Prof. Strang. Obrigado MIT.",positive,ky_nang_giang_day
10459,"Melhor maneira de ensinar determinantes. Eu costumava me preocupar sobre como essa é a pior parte de álgebra linear, pois envolvia uma grande fórmula que foi jogada para mim. Eu amei a intuição sobre a propriedade 9 sobre volumes de cubos n dimensionais. Nunca pensei que determinantes me deixariam tão animado. Vida longa Prof. Strang. Obrigado MIT.",negative,kien_thuc
10459,"Melhor maneira de ensinar determinantes. Eu costumava me preocupar sobre como essa é a pior parte de álgebra linear, pois envolvia uma grande fórmula que foi jogada para mim. Eu amei a intuição sobre a propriedade 9 sobre volumes de cubos n dimensionais. Nunca pensei que determinantes me deixariam tão animado. Vida longa Prof. Strang. Obrigado MIT.",positive,kien_thuc
10460,"Muito obrigado, isso foi muito útil",positive,chuong_trinh_hoc
10461,"Eu estudo Engenharia da Computação no IPN no México e estou fazendo Álgebra Linear depois deste verão. Não acredito que acabei de encontrar estes vídeos, É como fazer um curso no MIT! Não tem como eu reprovar naquele curso agora. Obrigado por compartilhar essas informações úteis.",positive,chuong_trinh_hoc
10462,Likex100! Essas palestras são simplesmente incríveis.,positive,chuong_trinh_hoc
10463,salva-vidas e vou cruzar o registro de todas as aulas de matemática no mit. Não sei por que meu professor presume que sou mais inteligente do que os alunos do mit,positive,noi_chung
10463,salva-vidas e vou cruzar o registro de todas as aulas de matemática no mit. Não sei por que meu professor presume que sou mais inteligente do que os alunos do mit,negative,ky_nang_giang_day
10463,salva-vidas e vou cruzar o registro de todas as aulas de matemática no mit. Não sei por que meu professor presume que sou mais inteligente do que os alunos do mit,positive,noi_chung
10464,"Você recomenda algum livro para ler sobre o GLM, especialmente sobre a parte de teste de hipóteses que não é abordada no curso? Obrigado",positive,de_xuat
10464,"Você recomenda algum livro para ler sobre o GLM, especialmente sobre a parte de teste de hipóteses que não é abordada no curso? Obrigado",neutral,kien_thuc
10464,"Você recomenda algum livro para ler sobre o GLM, especialmente sobre a parte de teste de hipóteses que não é abordada no curso? Obrigado",neutral,kien_thuc
10464,"Você recomenda algum livro para ler sobre o GLM, especialmente sobre a parte de teste de hipóteses que não é abordada no curso? Obrigado",neutral,de_xuat
10465,"Existem muito poucas instâncias em que tive dificuldade em entender o que Prof. Tsitsiklis está dizendo... uma delas é -- 21:48: Haverá uma quantidade razoável de probabilidade de que Y leve o valor próximo de 0. Por quê? Alguém pode me explicar... De qualquer forma, essas são algumas das melhores (e rigorosas) palestras sobre Probabilidade no YouTube. Eu simplesmente as adoro. Prof. Tsitsiklis e sua equipe de TA mostram sua dedicação completa para entregar este conteúdo excelente, o que é louvável. Seu comprometimento e dedicação fizeram contribuir com pequenos fundos para o MIT OCW para promover a causa do MIT para espalhar educação para as massas.",negative,kien_thuc
10465,"Existem muito poucas instâncias em que tive dificuldade em entender o que Prof. Tsitsiklis está dizendo... uma delas é -- 21:48: Haverá uma quantidade razoável de probabilidade de que Y leve o valor próximo de 0. Por quê? Alguém pode me explicar... De qualquer forma, essas são algumas das melhores (e rigorosas) palestras sobre Probabilidade no YouTube. Eu simplesmente as adoro. Prof. Tsitsiklis e sua equipe de TA mostram sua dedicação completa para entregar este conteúdo excelente, o que é louvável. Seu comprometimento e dedicação fizeram contribuir com pequenos fundos para o MIT OCW para promover a causa do MIT para espalhar educação para as massas.",positive,chuong_trinh_hoc
10465,"Existem muito poucas instâncias em que tive dificuldade em entender o que Prof. Tsitsiklis está dizendo... uma delas é -- 21:48: Haverá uma quantidade razoável de probabilidade de que Y leve o valor próximo de 0. Por quê? Alguém pode me explicar... De qualquer forma, essas são algumas das melhores (e rigorosas) palestras sobre Probabilidade no YouTube. Eu simplesmente as adoro. Prof. Tsitsiklis e sua equipe de TA mostram sua dedicação completa para entregar este conteúdo excelente, o que é louvável. Seu comprometimento e dedicação fizeram contribuir com pequenos fundos para o MIT OCW para promover a causa do MIT para espalhar educação para as massas.",positive,ky_nang_giang_day
10465,"Existem muito poucas instâncias em que tive dificuldade em entender o que Prof. Tsitsiklis está dizendo... uma delas é -- 21:48: Haverá uma quantidade razoável de probabilidade de que Y leve o valor próximo de 0. Por quê? Alguém pode me explicar... De qualquer forma, essas são algumas das melhores (e rigorosas) palestras sobre Probabilidade no YouTube. Eu simplesmente as adoro. Prof. Tsitsiklis e sua equipe de TA mostram sua dedicação completa para entregar este conteúdo excelente, o que é louvável. Seu comprometimento e dedicação fizeram contribuir com pequenos fundos para o MIT OCW para promover a causa do MIT para espalhar educação para as massas.",positive,ky_nang_giang_day
10466,"Não entendo por que rank(P) é 1. Alguém pode me ajudar, por favor.",neutral,kien_thuc
10467,Muito muito obrigado!,positive,ky_nang_giang_day
10468,"@[USERNAME] Não tenho certeza se alguém lhe contou ou se você já viu o próximo vídeo, ele apontou isso. Não quero ser maldoso, só queria que você soubesse.",neutral,chuong_trinh_hoc
10469,"Na seção Row space orthogonal to null space, (tempo 25.40) precisamos de transpose for row. Porque (row)*x é o produto escalar, não (row)^T*x.",neutral,kien_thuc
10470,"lindo método. ele até corre o risco de parecer estúpido durante aele palestra, mas seu método é tão lindo, tão eficaz. Ele é um VERDADEIRO PROFESSOR.",positive,chuong_trinh_hoc
10470,"lindo método. ele até corre o risco de parecer estúpido durante aele palestra, mas seu método é tão lindo, tão eficaz. Ele é um VERDADEIRO PROFESSOR.",positive,ky_nang_giang_day
10471,"@[USERNAME]Os Khanacademy dão a você a intuição, mas a capacidade de derivá-los, pelo menos para mim, faz este ser o máximo. Embora o Sr. Khan seja ótimo em dar a você intuição, acho que é muito melhor para você conseguir deduzir as equações para que você tenha a intuição. Ele também não diz como derivar nada, além de algumas instâncias. (Pelo que eu vi.)",negative,chuong_trinh_hoc
10472,tão fofo... queria que meu professor de álgebra linear prof estivesse realmente interessado em ensinar matemática,neutral,ky_nang_giang_day
10473,"35:55 Tamanho da matriz identidade deveria ser nxn para que seja conforme, não deveria?",neutral,kien_thuc
10474,"Se eu preciso entender isso aula para prosseguir com o resto do curso, é melhor desistir da matemática para sempre...",negative,chuong_trinh_hoc
10475,"esse cara é um gênio... nossa, ele tem uma mente rápida",positive,ky_nang_giang_day
10476,O que havia de tão engraçado na intersecção do plano?,neutral,kien_thuc
10477,"Incrível série! No entanto, a partir de 31:00 ele está usando uma linguagem solta e não é muito preciso com a notação (ou estou esquecendo de algo). Na minha humilde opinião, não é correto escrever Y=g(X). Além disso, abaixo disso ele também está escrevendo g(x) (minúsculo ""x""). Acho que o correto deveria ser Y=g o X (onde ""o"" é composição de função). Só então g(x) (minúsculo ""x"") faz sentido. Caso contrário, se o que ele está escrevendo ""Y=g(X)"" é a forma correta, qual é o domínio de g?",positive,chuong_trinh_hoc
10477,"Incrível série! No entanto, a partir de 31:00 ele está usando uma linguagem solta e não é muito preciso com a notação (ou estou esquecendo de algo). Na minha humilde opinião, não é correto escrever Y=g(X). Além disso, abaixo disso ele também está escrevendo g(x) (minúsculo ""x""). Acho que o correto deveria ser Y=g o X (onde ""o"" é composição de função). Só então g(x) (minúsculo ""x"") faz sentido. Caso contrário, se o que ele está escrevendo ""Y=g(X)"" é a forma correta, qual é o domínio de g?",negative,ky_nang_giang_day
10478,quem não gosta de um vídeo com esse homem?,positive,chuong_trinh_hoc
10478,quem não gosta de um vídeo com esse homem?,positive,noi_chung
10479,"Geralmente, as pessoas da Índia, especialmente de Bihar, acham que são muito inteligentes em matemática, mas isso é do tipo ""Rattaficação"", de acordo com minha experiência. Aqui está a matemática real!!! Literalmente adorei isso palestra, gostaria de completar toda a parte de cálculo aqui, não para qualquer entrada, mas apenas para levar meu entendimento para o próximo nível! Obrigado MIT :)",positive,chuong_trinh_hoc
10479,"Geralmente, as pessoas da Índia, especialmente de Bihar, acham que são muito inteligentes em matemática, mas isso é do tipo ""Rattaficação"", de acordo com minha experiência. Aqui está a matemática real!!! Literalmente adorei isso palestra, gostaria de completar toda a parte de cálculo aqui, não para qualquer entrada, mas apenas para levar meu entendimento para o próximo nível! Obrigado MIT :)",positive,noi_chung
10479,"Geralmente, as pessoas da Índia, especialmente de Bihar, acham que são muito inteligentes em matemática, mas isso é do tipo ""Rattaficação"", de acordo com minha experiência. Aqui está a matemática real!!! Literalmente adorei isso palestra, gostaria de completar toda a parte de cálculo aqui, não para qualquer entrada, mas apenas para levar meu entendimento para o próximo nível! Obrigado MIT :)",neutral,noi_chung
10479,"Geralmente, as pessoas da Índia, especialmente de Bihar, acham que são muito inteligentes em matemática, mas isso é do tipo ""Rattaficação"", de acordo com minha experiência. Aqui está a matemática real!!! Literalmente adorei isso palestra, gostaria de completar toda a parte de cálculo aqui, não para qualquer entrada, mas apenas para levar meu entendimento para o próximo nível! Obrigado MIT :)",neutral,noi_chung
10480,"Esta é uma obra-prima de explicação da base da Álgebra Linear, embora não cubra os tópicos avançados, como derivada, usados em ML e DL. Sugiro fortemente seguir o curso completo do OCW em vez de apenas assistir aos vídeos.",positive,chuong_trinh_hoc
10481,"Eu estava tão nervoso sobre fazer cálculo multivariável na minha faculdade, porque eu não estava conseguindo entender o cálculo vetorial que eu estava aprendendo no final de cálculo 2. Agora eu percebo que não é tão difícil assim porque eu entendo, e essa disciplina secundária de matemática é minha!",positive,kien_thuc
10481,"Eu estava tão nervoso sobre fazer cálculo multivariável na minha faculdade, porque eu não estava conseguindo entender o cálculo vetorial que eu estava aprendendo no final de cálculo 2. Agora eu percebo que não é tão difícil assim porque eu entendo, e essa disciplina secundária de matemática é minha!",negative,chuong_trinh_hoc
10481,"Eu estava tão nervoso sobre fazer cálculo multivariável na minha faculdade, porque eu não estava conseguindo entender o cálculo vetorial que eu estava aprendendo no final de cálculo 2. Agora eu percebo que não é tão difícil assim porque eu entendo, e essa disciplina secundária de matemática é minha!",positive,chuong_trinh_hoc
10482,"Professor Jerison, muito obrigado por nos dar uma série sobre cálculo tão fascinante!",positive,ky_nang_giang_day
10482,"Professor Jerison, muito obrigado por nos dar uma série sobre cálculo tão fascinante!",positive,chuong_trinh_hoc
10483,a classe é tão turbulenta... deve ser aquele sotaque francês sexy,neutral,chuong_trinh_hoc
10484,"Pare de seguir o cara com a câmera!! Eu quero ver o quadro-negro. Estamos aqui para nos apoiar em teoremas, não para admirar a camisa do cara!!",negative,thiet_bi_day_hoc
10484,"Pare de seguir o cara com a câmera!! Eu quero ver o quadro-negro. Estamos aqui para nos apoiar em teoremas, não para admirar a camisa do cara!!",neutral,thiet_bi_day_hoc
10484,"Pare de seguir o cara com a câmera!! Eu quero ver o quadro-negro. Estamos aqui para nos apoiar em teoremas, não para admirar a camisa do cara!!",neutral,kien_thuc
10484,"Pare de seguir o cara com a câmera!! Eu quero ver o quadro-negro. Estamos aqui para nos apoiar em teoremas, não para admirar a camisa do cara!!",negative,noi_chung
10485,"Este curso realmente arrasa na série de matemática,",positive,chuong_trinh_hoc
10486,"isso é realmente útil, o que me faz sentir que a matemática não é tão conceitual",positive,kien_thuc
10487,"Ainda estou confuso sobre vetores independentes . Como [112],[225] é independente? 2(1)-2 =0. Então, obtemos um 0 usando alguma combinação linear, certo?",neutral,kien_thuc
10488,"O que posso dizer... Estou fazendo isso palestras à noite, antes de dormir, e nunca pensei que gostaria de estudar cálculo só por diversão. Eu nem gosto de estudar, mas todas essas palestras do MIT são tão interessantes! Além disso, Denis é fofo :3",positive,chuong_trinh_hoc
10489,Mesmo Gilbert Strang não nos diz de onde vem a fórmula determinante... Realmente triste... As propriedades 1-3 também são dedutíveis dessa fórmula.,neutral,ky_nang_giang_day
10490,Ele começou dizendo que isso é muito mais simples e intuitivo?? Então por que meu palestrante sempre soou como se fosse do espaço sideral???,negative,ky_nang_giang_day
10490,Ele começou dizendo que isso é muito mais simples e intuitivo?? Então por que meu palestrante sempre soou como se fosse do espaço sideral???,positive,ky_nang_giang_day
10491,Muito bom palestra Professor Strang obrigado da Floresta Amazônica.,positive,chuong_trinh_hoc
10491,Muito bom palestra Professor Strang obrigado da Floresta Amazônica.,positive,ky_nang_giang_day
10492,por que A-lamda I é singular em 19:00?,neutral,kien_thuc
10493,"Mal posso hesitar em dizer que essas palestras são incomparáveis às palestras que frequento para Álgebra Linear na universidade. É incrível como frequentemente, ao assistir a esses vídeos, penso: ""Agora entendi, entendi!"". Abraços para você Prof. Strang!",positive,ky_nang_giang_day
10493,"Mal posso hesitar em dizer que essas palestras são incomparáveis às palestras que frequento para Álgebra Linear na universidade. É incrível como frequentemente, ao assistir a esses vídeos, penso: ""Agora entendi, entendi!"". Abraços para você Prof. Strang!",positive,chuong_trinh_hoc
10493,"Mal posso hesitar em dizer que essas palestras são incomparáveis às palestras que frequento para Álgebra Linear na universidade. É incrível como frequentemente, ao assistir a esses vídeos, penso: ""Agora entendi, entendi!"". Abraços para você Prof. Strang!",positive,kien_thuc
10493,"Mal posso hesitar em dizer que essas palestras são incomparáveis às palestras que frequento para Álgebra Linear na universidade. É incrível como frequentemente, ao assistir a esses vídeos, penso: ""Agora entendi, entendi!"". Abraços para você Prof. Strang!",positive,chuong_trinh_hoc
10494,"4:14: Ok, vamos fazer uma votação, é sin-sin ou sin-cosseno? Prova por popularidade!",neutral,kien_thuc
10494,"4:14: Ok, vamos fazer uma votação, é sin-sin ou sin-cosseno? Prova por popularidade!",neutral,kien_thuc
10495,"Professor Strang, simplesmente: Obrigado novamente!!!",positive,ky_nang_giang_day
10497,"Obrigado Gilbert Strang e MIT por compartilhar isso. Ok, pronto para a viagem! Vamos lá",neutral,ky_nang_giang_day
10498,"'Eu era o irmão mais novo' rs, ótimo palestra como sempre",positive,chuong_trinh_hoc
10499,"Às 22:00 M = B só se aplica se B for invertível, certo? E quanto aos outros casos em que B não é?",neutral,kien_thuc
10499,"Às 22:00 M = B só se aplica se B for invertível, certo? E quanto aos outros casos em que B não é?",neutral,kien_thuc
10500,Esta aula foi pura arte,positive,chuong_trinh_hoc
10501,"Que ser humano maravilhoso, e deve ser excelente professor também.",positive,ky_nang_giang_day
10502,mit tem alta qualidade de quadro negro,positive,thiet_bi_day_hoc
10502,mit tem alta qualidade de quadro negro,positive,noi_chung
10503,14:24 Isso esclarece a diferença entre os Exemplos 2 e 3. Apenas mostra o quão pouco intuitivos alguns problemas de probabilidade podem ser.,negative,kien_thuc
10505,"Obrigado professor Gilbert Strang e MiT por esta absolutamente fabulosa série sobre álgebra linear, para o benefício de estudantes de todo o mundo. Isto, para mim, é o melhor dos EUA. Saudações de Trondheim, Noruega.",positive,ky_nang_giang_day
10505,"Obrigado professor Gilbert Strang e MiT por esta absolutamente fabulosa série sobre álgebra linear, para o benefício de estudantes de todo o mundo. Isto, para mim, é o melhor dos EUA. Saudações de Trondheim, Noruega.",positive,chuong_trinh_hoc
10506,Eu queria ter esse cara para Cálculo I e II. Não acredito na diferença que algo como ter uma caligrafia bonita e clara caligrafia faz!,positive,thiet_bi_day_hoc
10506,Eu queria ter esse cara para Cálculo I e II. Não acredito na diferença que algo como ter uma caligrafia bonita e clara caligrafia faz!,positive,ky_nang_giang_day
10507,Quem é o responsável pelas flutuações no volume do áudio?GAH!Este vídeo é quase impossível de assistir.,negative,chuong_trinh_hoc
10507,Quem é o responsável pelas flutuações no volume do áudio?GAH!Este vídeo é quase impossível de assistir.,negative,thiet_bi_day_hoc
10508,às 45:22 como pode o momento de inércia ter dimensão de [M*l^4] eu acho que deveria ser [M*l^2] certo,negative,kien_thuc
10509,quer entender por que A_s tem duas linhas idênticas-.-,neutral,kien_thuc
10509,quer entender por que A_s tem duas linhas idênticas-.-,neutral,kien_thuc
10510,Esta Palestra parece estar um pouco carente de exemplos e ilustrações.,negative,chuong_trinh_hoc
10510,Esta Palestra parece estar um pouco carente de exemplos e ilustrações.,negative,thiet_bi_day_hoc
10510,Esta Palestra parece estar um pouco carente de exemplos e ilustrações.,negative,thiet_bi_day_hoc
10511,"Olá, alguém pode me ajudar, como aprender Cálculo no estilo Linear? Do mais básico, quero dizer. Muito obrigado, será uma grande ajuda.",neutral,kien_thuc
10512,"como é o limite integral da reta do exemplo 1: c3 curva de 0 a 1/root2 ??? por que é que ponto (1/root2,1/root2)",neutral,kien_thuc
10512,"como é o limite integral da reta do exemplo 1: c3 curva de 0 a 1/root2 ??? por que é que ponto (1/root2,1/root2)",neutral,kien_thuc
10513,"Obrigado por uma palestra tão excelente. Por favor, dê prova da regra geral do hospital.",positive,chuong_trinh_hoc
10514,"Eu realmente achei muito legal quando ele adicionou os dois loops juntos na imagem, posteriormente adicionando as duas bases vetor para N(A^T) e criando um dependente vetor. Eu estava meio que esperando que isso acontecesse apenas teoricamente, mas ver isso acontecer de fato simplesmente explodiu minha mente insignificante.",positive,kien_thuc
10514,"Eu realmente achei muito legal quando ele adicionou os dois loops juntos na imagem, posteriormente adicionando as duas bases vetor para N(A^T) e criando um dependente vetor. Eu estava meio que esperando que isso acontecesse apenas teoricamente, mas ver isso acontecer de fato simplesmente explodiu minha mente insignificante.",positive,kien_thuc
10514,"Eu realmente achei muito legal quando ele adicionou os dois loops juntos na imagem, posteriormente adicionando as duas bases vetor para N(A^T) e criando um dependente vetor. Eu estava meio que esperando que isso acontecesse apenas teoricamente, mas ver isso acontecer de fato simplesmente explodiu minha mente insignificante.",positive,ky_nang_giang_day
10515,"Alguém aqui pode responder à pergunta (em 42:42) ""Se matrizes A e B têm os mesmos 4 subespaços, então _____preencha_a_lacuna____.""",neutral,kien_thuc
10515,"Alguém aqui pode responder à pergunta (em 42:42) ""Se matrizes A e B têm os mesmos 4 subespaços, então _____preencha_a_lacuna____.""",neutral,kien_thuc
10516,"Estou confuso sobre intersecção). 1) Se intersecção) não contém origem, então você não pode multiplicar por zero e, portanto, não satisfaz a condição 22) v&w pode estar em ambos subespaços e pode ser adicionado ou multiplicado escalarmente em qualquer um deles, mas uma vez que o subespaço é restringido, como você sabe que isso ainda é verdade?",neutral,kien_thuc
10516,"Estou confuso sobre intersecção). 1) Se intersecção) não contém origem, então você não pode multiplicar por zero e, portanto, não satisfaz a condição 22) v&w pode estar em ambos subespaços e pode ser adicionado ou multiplicado escalarmente em qualquer um deles, mas uma vez que o subespaço é restringido, como você sabe que isso ainda é verdade?",neutral,kien_thuc
10516,"Estou confuso sobre intersecção). 1) Se intersecção) não contém origem, então você não pode multiplicar por zero e, portanto, não satisfaz a condição 22) v&w pode estar em ambos subespaços e pode ser adicionado ou multiplicado escalarmente em qualquer um deles, mas uma vez que o subespaço é restringido, como você sabe que isso ainda é verdade?",neutral,kien_thuc
10516,"Estou confuso sobre intersecção). 1) Se intersecção) não contém origem, então você não pode multiplicar por zero e, portanto, não satisfaz a condição 22) v&w pode estar em ambos subespaços e pode ser adicionado ou multiplicado escalarmente em qualquer um deles, mas uma vez que o subespaço é restringido, como você sabe que isso ainda é verdade?",neutral,kien_thuc
10516,"Estou confuso sobre intersecção). 1) Se intersecção) não contém origem, então você não pode multiplicar por zero e, portanto, não satisfaz a condição 22) v&w pode estar em ambos subespaços e pode ser adicionado ou multiplicado escalarmente em qualquer um deles, mas uma vez que o subespaço é restringido, como você sabe que isso ainda é verdade?",neutral,kien_thuc
10517,Esse cara pode ser o pior professor de todos os tempos,negative,ky_nang_giang_day
10518,"Ótimo prof..ele faz álgebra linear fazer mais sentido e mais fácil de entender..quero dizer, é suposto ser mais fácil..o propósito de álgebra linear é tornar coisas complexas mais fáceis de resolver...mas infelizmente muitos professores não ensinam corretamente, fazendo com que pareça muito difícil de aprender",positive,ky_nang_giang_day
10518,"Ótimo prof..ele faz álgebra linear fazer mais sentido e mais fácil de entender..quero dizer, é suposto ser mais fácil..o propósito de álgebra linear é tornar coisas complexas mais fáceis de resolver...mas infelizmente muitos professores não ensinam corretamente, fazendo com que pareça muito difícil de aprender",positive,chuong_trinh_hoc
10518,"Ótimo prof..ele faz álgebra linear fazer mais sentido e mais fácil de entender..quero dizer, é suposto ser mais fácil..o propósito de álgebra linear é tornar coisas complexas mais fáceis de resolver...mas infelizmente muitos professores não ensinam corretamente, fazendo com que pareça muito difícil de aprender",negative,ky_nang_giang_day
10519,Nunca vi alguém assim... Incrível!!!!,positive,ky_nang_giang_day
10520,Não posso também escolher outros valores para x2 e x4 para encontrar outras soluções particulares? Eles também não deslocariam o espaço nulo para outro ponto e cobririam regiões que ainda não estavam definidas? Ou a solução particular + espaço nulo contém o conjunto de todas as soluções possíveis para Rx=b?,neutral,kien_thuc
10521,alguém poderia explicar como fazer o integral em 28:00?,neutral,kien_thuc
10522,"Em 42:10, por que Zigma * é usado na simulação de M? Não podemos simplesmente usar A diretamente para fazer isso?",negative,kien_thuc
10523,"Obrigado Professor Strang, Você inspira as pessoas a amar a matemática, como elas deveriam!",positive,ky_nang_giang_day
10524,"28:43 Estou meio confuso, por que estamos obtendo vetor zero aqui, não deveria ser vetor 3, -1 https://matrixcalc.org/en/#%7B%7B1,2%7D,%7B3,6%7D%7D%2A%7B%7B3%7D,%7B-1%7D%7D",neutral,kien_thuc
10524,"28:43 Estou meio confuso, por que estamos obtendo vetor zero aqui, não deveria ser vetor 3, -1 https://matrixcalc.org/en/#%7B%7B1,2%7D,%7B3,6%7D%7D%2A%7B%7B3%7D,%7B-1%7D%7D",neutral,kien_thuc
10525,Acho que B_j deveria ser A transposta substituída por b 24:16,neutral,kien_thuc
10526,Alguém sabe algo mais concreto sobre o Srebro resultados? Eles já foram verificados? Quão gerais eles são? 44:54,neutral,kien_thuc
10527,Essas palestras merecem uma pontuação mais alta no IMDB do que a maioria das séries da Netflix.,positive,chuong_trinh_hoc
10528,Proteja esse homem a todo custo! Agora sabemos como é a aparência de um anjo!,positive,ky_nang_giang_day
10529,legal!!! Assim eu nunca estudo determinante,neutral,kien_thuc
10530,"A*S=S*Lambda (Usando a visualização de combinação linear (parte da coluna Ax1=b1) da Multiplicação de Matriz), Isso é Brilhante e Claro! Obrigado!",positive,kien_thuc
10530,"A*S=S*Lambda (Usando a visualização de combinação linear (parte da coluna Ax1=b1) da Multiplicação de Matriz), Isso é Brilhante e Claro! Obrigado!",positive,noi_chung
10531,Dando uma pausa em anel elden para aprender algo que me ajude a não morrer,neutral,chuong_trinh_hoc
10531,Dando uma pausa em anel elden para aprender algo que me ajude a não morrer,neutral,noi_chung
10532,"qual é a intuição por trás de 'Ax = b não tem solução, entretanto Transpose(A Ax = Transpose(A) b) tem uma solução'. Estou tendo dificuldade",negative,kien_thuc
10532,"qual é a intuição por trás de 'Ax = b não tem solução, entretanto Transpose(A Ax = Transpose(A) b) tem uma solução'. Estou tendo dificuldade",negative,kien_thuc
10533,"Por que diabos meu vídeo congela quando chega a 00:27 segundos? Parece que meu provedor de serviços de ethernet está me impedindo de ouvir uma ótima lec! De qualquer forma, preciso de um café...",positive,chuong_trinh_hoc
10534,"Caro Professor, Álgebra linear é fascinante. Eu tive dificuldade em entender Álgebra porque não conseguia ver além dos símbolos e notações. Mas eu não tinha percebido antes que a álgebra é uma linguagem simbólica para expressar formas geométricas.",positive,chuong_trinh_hoc
10534,"Caro Professor, Álgebra linear é fascinante. Eu tive dificuldade em entender Álgebra porque não conseguia ver além dos símbolos e notações. Mas eu não tinha percebido antes que a álgebra é uma linguagem simbólica para expressar formas geométricas.",positive,kien_thuc
10535,Finalmente um vídeo de análise real série de palestras do OCW :'). Obrigado,positive,chuong_trinh_hoc
10536,"Estou muito feliz por não ter desistido e chegado até aqui, obrigado Prof. Strang",positive,ky_nang_giang_day
10537,"Como alguém que estudou matemática por 40 anos e ensinou matemática por 30 anos, posso dizer que a sabedoria e a percepção do Professor Strang são incríveis. Além disso, sua capacidade de compartilhar essa percepção com entusiasmo (por mais peculiar e geek que seja) é um presente para todos nós. Obrigado, senhor. Abençoe todos aqueles dedicados ao ensino.",positive,ky_nang_giang_day
10538,"O detalhamento do representação decimal de números reais foi genial. Obrigado! Também me chama a atenção que em uma universidade de classe mundial como MIT, palestras ainda são dadas de forma tão tradicional.",neutral,kien_thuc
10538,"O detalhamento do representação decimal de números reais foi genial. Obrigado! Também me chama a atenção que em uma universidade de classe mundial como MIT, palestras ainda são dadas de forma tão tradicional.",neutral,kien_thuc
10538,"O detalhamento do representação decimal de números reais foi genial. Obrigado! Também me chama a atenção que em uma universidade de classe mundial como MIT, palestras ainda são dadas de forma tão tradicional.",positive,noi_chung
10538,"O detalhamento do representação decimal de números reais foi genial. Obrigado! Também me chama a atenção que em uma universidade de classe mundial como MIT, palestras ainda são dadas de forma tão tradicional.",positive,chuong_trinh_hoc
10539,Eu realmente gosto das Aula em vídeo 14 variáveis não independentes do seu,positive,chuong_trinh_hoc
10540,Qual é a aplicação de produto escalar em cálculo multivar? Devemos esperar usá-lo para pensar sobre gradientes? Pontos críticos?,neutral,kien_thuc
10541,"Assumimos que o equívoco de números complexos pode levar ao mal-entendido de algoritmos algébricos. Nesse caso específico, também lidaremos com isso por meio de práticas em espaços de trabalho. Construindo C.",neutral,kien_thuc
10541,"Assumimos que o equívoco de números complexos pode levar ao mal-entendido de algoritmos algébricos. Nesse caso específico, também lidaremos com isso por meio de práticas em espaços de trabalho. Construindo C.",neutral,kien_thuc
10542,como posso encontrar o número de pivôs em uma matriz?,neutral,kien_thuc
10543,Qual livro seria adequado para esta série de palestras?,neutral,thiet_bi_day_hoc
10544,Ótimo Palestra!! Me ajudou muito.,positive,chuong_trinh_hoc
10545,"56:29 subtítulo correção em vez de densidade de personalidade, deveria ter sido densidade de probabilidade. Obrigado pelo conteúdo =)",neutral,noi_chung
10545,"56:29 subtítulo correção em vez de densidade de personalidade, deveria ter sido densidade de probabilidade. Obrigado pelo conteúdo =)",positive,ky_nang_giang_day
10546,Não sabia que 18.06 existia há séculos lol. O exame do ano zero.,negative,noi_chung
10546,Não sabia que 18.06 existia há séculos lol. O exame do ano zero.,negative,chuong_trinh_hoc
10547,Incrível vídeo senhor! Obrigado você!,positive,chuong_trinh_hoc
10547,Incrível vídeo senhor! Obrigado você!,positive,ky_nang_giang_day
10548,"14:11 - ele simplesmente começou a falar sobre isso. Nenhuma teoria, nenhuma descrição do ""plano"" por trás do que estávamos fazendo. Podemos obter alguma TEORIA disso em vez de perder tempo trabalhando álgebra? O que realmente FAZEMOS com essas ideias?",negative,kien_thuc
10549,Cliquei aqui acidentalmente e assisti. Eu deveria assistir Yoona's Big Mouth no Disney+. Obrigado Prof Strang pelo conhecimento.,neutral,ky_nang_giang_day
10550,"Isso é realmente uma merda palestra, ele nem explica o que significa integrar os dois lados",negative,chuong_trinh_hoc
10551,"Se a matriz tem todas as conexões, eventualmente tem ciclos, mas não é uma falha. O que é um rigor correto critérios?",neutral,kien_thuc
10552,"Eu os notei desde que assisti a 4ª palestra .. Acho que é algum tipo de comentários gerados por computador que alguém do MIT está usando. Mas para quê, não tenho certeza. Merda assustadora",negative,chuong_trinh_hoc
10552,"Eu os notei desde que assisti a 4ª palestra .. Acho que é algum tipo de comentários gerados por computador que alguém do MIT está usando. Mas para quê, não tenho certeza. Merda assustadora",negative,noi_chung
10553,"Se Platão estava certo sobre a teoria das formas, tenho certeza de que este é o IDEAL palestra.",positive,chuong_trinh_hoc
10554,"bem, ele literalmente escreveu o livro!",positive,ky_nang_giang_day
10555,"Eu também adoro essa série de palestra, mas nessa palestra acho que ele não explica perpendicular) o suficiente. O exemplo com o quadro-negro e o chão é simplesmente confuso (para mim e meus colegas pelo menos), porque obviamente eles formam um ângulo reto e, portanto, são (8: perpendicular). E obviamente eles são ambos subespaços. O que me leva a acreditar que a definição está errada, o que tenho certeza de que não está.",negative,chuong_trinh_hoc
10555,"Eu também adoro essa série de palestra, mas nessa palestra acho que ele não explica perpendicular) o suficiente. O exemplo com o quadro-negro e o chão é simplesmente confuso (para mim e meus colegas pelo menos), porque obviamente eles formam um ângulo reto e, portanto, são (8: perpendicular). E obviamente eles são ambos subespaços. O que me leva a acreditar que a definição está errada, o que tenho certeza de que não está.",negative,kien_thuc
10555,"Eu também adoro essa série de palestra, mas nessa palestra acho que ele não explica perpendicular) o suficiente. O exemplo com o quadro-negro e o chão é simplesmente confuso (para mim e meus colegas pelo menos), porque obviamente eles formam um ângulo reto e, portanto, são (8: perpendicular). E obviamente eles são ambos subespaços. O que me leva a acreditar que a definição está errada, o que tenho certeza de que não está.",neutral,thiet_bi_day_hoc
10555,"Eu também adoro essa série de palestra, mas nessa palestra acho que ele não explica perpendicular) o suficiente. O exemplo com o quadro-negro e o chão é simplesmente confuso (para mim e meus colegas pelo menos), porque obviamente eles formam um ângulo reto e, portanto, são (8: perpendicular). E obviamente eles são ambos subespaços. O que me leva a acreditar que a definição está errada, o que tenho certeza de que não está.",positive,thiet_bi_day_hoc
10555,"Eu também adoro essa série de palestra, mas nessa palestra acho que ele não explica perpendicular) o suficiente. O exemplo com o quadro-negro e o chão é simplesmente confuso (para mim e meus colegas pelo menos), porque obviamente eles formam um ângulo reto e, portanto, são (8: perpendicular). E obviamente eles são ambos subespaços. O que me leva a acreditar que a definição está errada, o que tenho certeza de que não está.",negative,ky_nang_giang_day
10555,"Eu também adoro essa série de palestra, mas nessa palestra acho que ele não explica perpendicular) o suficiente. O exemplo com o quadro-negro e o chão é simplesmente confuso (para mim e meus colegas pelo menos), porque obviamente eles formam um ângulo reto e, portanto, são (8: perpendicular). E obviamente eles são ambos subespaços. O que me leva a acreditar que a definição está errada, o que tenho certeza de que não está.",neutral,thiet_bi_day_hoc
10555,"Eu também adoro essa série de palestra, mas nessa palestra acho que ele não explica perpendicular) o suficiente. O exemplo com o quadro-negro e o chão é simplesmente confuso (para mim e meus colegas pelo menos), porque obviamente eles formam um ângulo reto e, portanto, são (8: perpendicular). E obviamente eles são ambos subespaços. O que me leva a acreditar que a definição está errada, o que tenho certeza de que não está.",neutral,kien_thuc
10555,"Eu também adoro essa série de palestra, mas nessa palestra acho que ele não explica perpendicular) o suficiente. O exemplo com o quadro-negro e o chão é simplesmente confuso (para mim e meus colegas pelo menos), porque obviamente eles formam um ângulo reto e, portanto, são (8: perpendicular). E obviamente eles são ambos subespaços. O que me leva a acreditar que a definição está errada, o que tenho certeza de que não está.",neutral,kien_thuc
10555,"Eu também adoro essa série de palestra, mas nessa palestra acho que ele não explica perpendicular) o suficiente. O exemplo com o quadro-negro e o chão é simplesmente confuso (para mim e meus colegas pelo menos), porque obviamente eles formam um ângulo reto e, portanto, são (8: perpendicular). E obviamente eles são ambos subespaços. O que me leva a acreditar que a definição está errada, o que tenho certeza de que não está.",neutral,kien_thuc
10556,"Esta é uma ótima palestra sobre eliminação de matrizes que estou finalmente aprendendo pela primeira vez. DR. Strang, adoro a maneira como você explica multiplicação de matrizes.",positive,chuong_trinh_hoc
10556,"Esta é uma ótima palestra sobre eliminação de matrizes que estou finalmente aprendendo pela primeira vez. DR. Strang, adoro a maneira como você explica multiplicação de matrizes.",positive,ky_nang_giang_day
10556,"Esta é uma ótima palestra sobre eliminação de matrizes que estou finalmente aprendendo pela primeira vez. DR. Strang, adoro a maneira como você explica multiplicação de matrizes.",positive,kien_thuc
10556,"Esta é uma ótima palestra sobre eliminação de matrizes que estou finalmente aprendendo pela primeira vez. DR. Strang, adoro a maneira como você explica multiplicação de matrizes.",positive,kien_thuc
10557,"Ninguém: Dr. Strang manteve o mesmo traje, exceto nos dias 2 e 3 palestras, quando ele vestiu o suéter por cima da camisa.",positive,ky_nang_giang_day
10557,"Ninguém: Dr. Strang manteve o mesmo traje, exceto nos dias 2 e 3 palestras, quando ele vestiu o suéter por cima da camisa.",positive,chuong_trinh_hoc
10558,grad(f) não deveria ser [x by] em vez de [2x 2by]?,neutral,kien_thuc
10558,grad(f) não deveria ser [x by] em vez de [2x 2by]?,neutral,kien_thuc
10558,grad(f) não deveria ser [x by] em vez de [2x 2by]?,neutral,kien_thuc
10559,"Independência, Base e Dimensão. Hmmm, parece um título de Robert Nozick. Obrigado Dr. Strang!",positive,ky_nang_giang_day
10560,"Sou muito grato por essas palestras. Embora, o movimento da câmera às vezes seja irritante.",positive,chuong_trinh_hoc
10560,"Sou muito grato por essas palestras. Embora, o movimento da câmera às vezes seja irritante.",negative,thiet_bi_day_hoc
10561,"46:15 Puta merda! Ele deu um teaser para álgebra abstrata bem aqui! Acabei de terminar álgebra abstrata e estava assistindo a essas palestras porque... Não preciso de um motivo, e só percebi isso agora! Prof Strang é incrível. Estou feliz que posso assistir a essas palestras de qualquer lugar e a qualquer hora que eu quiser :)",positive,chuong_trinh_hoc
10561,"46:15 Puta merda! Ele deu um teaser para álgebra abstrata bem aqui! Acabei de terminar álgebra abstrata e estava assistindo a essas palestras porque... Não preciso de um motivo, e só percebi isso agora! Prof Strang é incrível. Estou feliz que posso assistir a essas palestras de qualquer lugar e a qualquer hora que eu quiser :)",positive,ky_nang_giang_day
10561,"46:15 Puta merda! Ele deu um teaser para álgebra abstrata bem aqui! Acabei de terminar álgebra abstrata e estava assistindo a essas palestras porque... Não preciso de um motivo, e só percebi isso agora! Prof Strang é incrível. Estou feliz que posso assistir a essas palestras de qualquer lugar e a qualquer hora que eu quiser :)",positive,ky_nang_giang_day
10561,"46:15 Puta merda! Ele deu um teaser para álgebra abstrata bem aqui! Acabei de terminar álgebra abstrata e estava assistindo a essas palestras porque... Não preciso de um motivo, e só percebi isso agora! Prof Strang é incrível. Estou feliz que posso assistir a essas palestras de qualquer lugar e a qualquer hora que eu quiser :)",positive,chuong_trinh_hoc
10562,"Tenho sobre esse assunto no momento, não entendo nada sobre ele - baixa autoconfiança. Mas assistindo isso palestrante - entendi tudo de novo.",positive,chuong_trinh_hoc
10563,Gilbert Strang - uma lenda em formação...,positive,ky_nang_giang_day
10564,"numericamente incorreto. Aceitei que as unidades estavam corretas há mais de um mês. aprenda a ler, por favor.",positive,kien_thuc
10565,GOAT Aulas como primeiro curso em probabilidade,positive,chuong_trinh_hoc
10565,GOAT Aulas como primeiro curso em probabilidade,positive,kien_thuc
10566,29:33 você deve conseguir encontrar um vetor x diferente de zero com Ax=0,neutral,kien_thuc
10566,29:33 você deve conseguir encontrar um vetor x diferente de zero com Ax=0,neutral,kien_thuc
10567,"A paixão pela matemática e por ensiná-la, brilha através de você e é realmente contagiante. Eternamente grata. <3",positive,ky_nang_giang_day
10568,"Por que isso teve apenas 300 mil visualizações = 30 mil visualizações por ano de todo o mundo. Existem milhões de estudantes de engenharia, matemática e ciências que precisam álgebra linear a cada ano.",neutral,chuong_trinh_hoc
10568,"Por que isso teve apenas 300 mil visualizações = 30 mil visualizações por ano de todo o mundo. Existem milhões de estudantes de engenharia, matemática e ciências que precisam álgebra linear a cada ano.",positive,kien_thuc
10569,"Dr. Strang Obrigado por me ajudar a reaprender álgebra linear e seus conceitos importantes. Quando fiz essa aula na University of Maryland Baltimore County, o professor não se importou se eu aprenderia ou não.",positive,ky_nang_giang_day
10569,"Dr. Strang Obrigado por me ajudar a reaprender álgebra linear e seus conceitos importantes. Quando fiz essa aula na University of Maryland Baltimore County, o professor não se importou se eu aprenderia ou não.",negative,ky_nang_giang_day
10570,Em 22:38 não é dF/dt um vetor? Alguém pode explicar? Obrigado,neutral,kien_thuc
10571,"""Nós realmente não sabemos o que significa dividir por diferenciais."" Eu poderia jurar que Abraham Robinson era famoso por alguma coisa... o que foi isso mesmo?",neutral,kien_thuc
10572,Lenda da matemática. Obrigado senhor pelo seu amor pelos alunos e pelo ensino matemática,positive,ky_nang_giang_day
10572,Lenda da matemática. Obrigado senhor pelo seu amor pelos alunos e pelo ensino matemática,positive,kien_thuc
10573,"Mmm, esse último problema: que (matriz 1: 3x2) multiplicada pela (matriz 2: zero) [0,0] não resulta em outra (matriz 2: zero)?!",neutral,kien_thuc
10573,"Mmm, esse último problema: que (matriz 1: 3x2) multiplicada pela (matriz 2: zero) [0,0] não resulta em outra (matriz 2: zero)?!",neutral,kien_thuc
10574,"Acho que a aula começa a ficar confusa a partir das 18:30, com clareza ocasional, prof. Strang começa a lançar fatos que não têm conexões lógicas claras. Por exemplo, a introdução de Upper Hessenberg, tri-diagonal e bi-diagonal, por que os procuramos e de que forma eles ajudam os métodos QR não são muito naturais para mim.",negative,ky_nang_giang_day
10575,Eu realmente gosto do Video Lecture 07: Revisão. Do seu,positive,chuong_trinh_hoc
10576,18:06 Por que ele subtraiu 2 unidades?,neutral,kien_thuc
10577,eu acho que há um erro muito pequeno no gráfico de (a_i*x-b^2). A área de confusão é limitada não é a_i/b_i mas b_i/a_i,neutral,kien_thuc
10577,eu acho que há um erro muito pequeno no gráfico de (a_i*x-b^2). A área de confusão é limitada não é a_i/b_i mas b_i/a_i,neutral,kien_thuc
10577,eu acho que há um erro muito pequeno no gráfico de (a_i*x-b^2). A área de confusão é limitada não é a_i/b_i mas b_i/a_i,neutral,kien_thuc
10577,eu acho que há um erro muito pequeno no gráfico de (a_i*x-b^2). A área de confusão é limitada não é a_i/b_i mas b_i/a_i,neutral,kien_thuc
10578,Este artigo é sobre matemáticos descobrindo que a maneira mais rápida de multiplicar é em n*log(n) passos em vez do usual n^2. https://www.quantamagazine.org/mathematicians-discover-the-perfect-way-to-multiply-20190411/ Professor Strang mostra como isso acontece nesta palestra.,neutral,ky_nang_giang_day
10579,Não se esqueça de outra coisa ótima sobre o MIT. O MIT faz coisas como compartilhar isso palestras.,positive,chuong_trinh_hoc
10580,esse homem é muito engraçado,positive,ky_nang_giang_day
10581,isso me inspira para uma pequena contribuição ao MIT OCW,neutral,chuong_trinh_hoc
10582,Muito útil para futuros estudantes! Ótimo trabalho! Obrigado!,positive,ky_nang_giang_day
10582,Muito útil para futuros estudantes! Ótimo trabalho! Obrigado!,positive,chuong_trinh_hoc
10583,Por que o espaço nulo de A está em Rn em vez de Rm quando os vetores de solução especiais têm m componentes,neutral,kien_thuc
10583,Por que o espaço nulo de A está em Rn em vez de Rm quando os vetores de solução especiais têm m componentes,neutral,kien_thuc
10583,Por que o espaço nulo de A está em Rn em vez de Rm quando os vetores de solução especiais têm m componentes,neutral,kien_thuc
10583,Por que o espaço nulo de A está em Rn em vez de Rm quando os vetores de solução especiais têm m componentes,neutral,kien_thuc
10584,Obrigado pelo maravilhoso contents :D Professor Strang é meu modelo. Ele tem a beleza que não enferruja com o tempo.,positive,chuong_trinh_hoc
10584,Obrigado pelo maravilhoso contents :D Professor Strang é meu modelo. Ele tem a beleza que não enferruja com o tempo.,positive,ky_nang_giang_day
10585,"Ótimo Palestra. Alguém poderia responder minha pergunta: Eu entendo que o vetor de erro (b-p) é menor quando e é ortogonal ao espaço de colunas. O que me confunde é a porção do erro ao quadrado. Usando projeção, pensei que o que foi resolvido é o Xhat que poderia minimizar o vetor de erro em vez do quadrado do erro. Alguém poderia me ajudar a esclarecer isso?",positive,chuong_trinh_hoc
10585,"Ótimo Palestra. Alguém poderia responder minha pergunta: Eu entendo que o vetor de erro (b-p) é menor quando e é ortogonal ao espaço de colunas. O que me confunde é a porção do erro ao quadrado. Usando projeção, pensei que o que foi resolvido é o Xhat que poderia minimizar o vetor de erro em vez do quadrado do erro. Alguém poderia me ajudar a esclarecer isso?",neutral,kien_thuc
10586,@[USERNAME]Acho que x é limitado a números entre 0 e 1,neutral,kien_thuc
10587,"Alguém mais acha que ele fala com a mesma paixão por matemática, como NULL fala por Química? Amo esse cara.",positive,ky_nang_giang_day
10587,"Alguém mais acha que ele fala com a mesma paixão por matemática, como NULL fala por Química? Amo esse cara.",positive,noi_chung
10587,"Alguém mais acha que ele fala com a mesma paixão por matemática, como NULL fala por Química? Amo esse cara.",positive,noi_chung
10588,@[USERNAME]Não acredito que já tenha aprendido que os vetores próprios de uma matriz simétrica (ou ortogonal) são ortogonais. Isso parece... mágico...,neutral,kien_thuc
10589,Quem mais assiste isso em 2x??,neutral,chuong_trinh_hoc
10590,"Na verdade, eu notei a CONFUSÃO DE VOLUME DE ÁREA na primeira vez e também entendi o poder de 1 :) Então eu mereço um agradecimento de um professor do MIT... Viva!",positive,kien_thuc
10591,"@[USERNAME]Você precisa de mínimo de pré-cálculo. Os alunos geralmente não pulam multicálculo (embora possam) porque muito poucas escolas de ensino médio ensinam cálculo de mv, embora ofereçam um exame avançado para pulá-lo se você aprendeu de qualquer forma que aprendeu.",neutral,kien_thuc
10591,"@[USERNAME]Você precisa de mínimo de pré-cálculo. Os alunos geralmente não pulam multicálculo (embora possam) porque muito poucas escolas de ensino médio ensinam cálculo de mv, embora ofereçam um exame avançado para pulá-lo se você aprendeu de qualquer forma que aprendeu.",neutral,kien_thuc
10592,por que temos que escrever dx em um integral?,neutral,kien_thuc
10592,por que temos que escrever dx em um integral?,neutral,kien_thuc
10593,"Sou um estudante de engenharia e estou procurando por isso há muito tempo. Análise real, Análise funcional. Espero que no futuro haja Análise complexa. Isso é extremamente útil para coisas de processamento de sinal digital. Uma coisa estranha é que atualmente todas as coisas de aprendizado de máquina não são projetadas para coisas que têm número complexo dentro delas",positive,kien_thuc
10593,"Sou um estudante de engenharia e estou procurando por isso há muito tempo. Análise real, Análise funcional. Espero que no futuro haja Análise complexa. Isso é extremamente útil para coisas de processamento de sinal digital. Uma coisa estranha é que atualmente todas as coisas de aprendizado de máquina não são projetadas para coisas que têm número complexo dentro delas",positive,kien_thuc
10593,"Sou um estudante de engenharia e estou procurando por isso há muito tempo. Análise real, Análise funcional. Espero que no futuro haja Análise complexa. Isso é extremamente útil para coisas de processamento de sinal digital. Uma coisa estranha é que atualmente todas as coisas de aprendizado de máquina não são projetadas para coisas que têm número complexo dentro delas",positive,kien_thuc
10593,"Sou um estudante de engenharia e estou procurando por isso há muito tempo. Análise real, Análise funcional. Espero que no futuro haja Análise complexa. Isso é extremamente útil para coisas de processamento de sinal digital. Uma coisa estranha é que atualmente todas as coisas de aprendizado de máquina não são projetadas para coisas que têm número complexo dentro delas",neutral,kien_thuc
10593,"Sou um estudante de engenharia e estou procurando por isso há muito tempo. Análise real, Análise funcional. Espero que no futuro haja Análise complexa. Isso é extremamente útil para coisas de processamento de sinal digital. Uma coisa estranha é que atualmente todas as coisas de aprendizado de máquina não são projetadas para coisas que têm número complexo dentro delas",neutral,kien_thuc
10594,Adoro a maneira como ele ensina! Obrigado,positive,thiet_bi_day_hoc
10595,"ngl, bom vídeo, mas miniatura assustadora",positive,chuong_trinh_hoc
10596,"Ótimo, ótimo palestra porque Prfof Strang elucida e foca nas ideias-chave e no significado intuitivo - não apenas na mecânica como a maioria dos livros e tutoriais fazem. Obrigado, Prof. Strang, por compartilhar sua grande mente e suas habilidades como um grande educador!",positive,chuong_trinh_hoc
10596,"Ótimo, ótimo palestra porque Prfof Strang elucida e foca nas ideias-chave e no significado intuitivo - não apenas na mecânica como a maioria dos livros e tutoriais fazem. Obrigado, Prof. Strang, por compartilhar sua grande mente e suas habilidades como um grande educador!",positive,ky_nang_giang_day
10597,quantas vezes assistir a uma palestra trouxe um sorriso ao seu rosto? Eu estava constantemente sorrindo - toda vez que ele apontava algo que eu não tinha pensado da maneira como ele menciona. Que incrível professor!,positive,ky_nang_giang_day
10597,quantas vezes assistir a uma palestra trouxe um sorriso ao seu rosto? Eu estava constantemente sorrindo - toda vez que ele apontava algo que eu não tinha pensado da maneira como ele menciona. Que incrível professor!,positive,ky_nang_giang_day
10598,O prof é bem engraçado.,positive,ky_nang_giang_day
10599,"Espero que a maioria de vocês tenha notado que em 42:21 estávamos lidando com uma ""função de banheiro"" ;)",positive,kien_thuc
10600,Amo você senhor. Amor da Índia.,positive,ky_nang_giang_day
10601,"@3:30, por que ele está omitindo os escalares sigma (valores singulares) nessa soma de vetores singulares esquerdo e direito para produzir X? Isso está certo?",negative,kien_thuc
10602,Um mestre vivo da álgebra linear que não se intimida com insights espontâneos enquanto articula os significados mais profundos ocultos na misteriosa criatura matemática chamada matrizes.,positive,ky_nang_giang_day
10603,"Obrigado MIT, obrigado Sr. Strang, é assim que TUDO deve ser ensinado!!!",positive,noi_chung
10603,"Obrigado MIT, obrigado Sr. Strang, é assim que TUDO deve ser ensinado!!!",positive,ky_nang_giang_day
10604,Ele constrói para o adjunto para meios triviais. Bem feito.,positive,ky_nang_giang_day
10604,Ele constrói para o adjunto para meios triviais. Bem feito.,positive,kien_thuc
10604,Ele constrói para o adjunto para meios triviais. Bem feito.,positive,kien_thuc
10605,"Parece uma boa introdução curso e estou achando útil revisar e atualizar meu conhecimento anterior. Há também uma série maravilhosa de palestras do MIT feita em 1970 pelo incrível Herb Gross, chamada ""Calculus Revisited"". Herb ainda está vivo e fazendo novos vídeos sobre matemática K-12. Se você comentar sobre seus vídeos de cálculo, ele pode muito bem responder. Ele é realmente um palestrante único e maravilhoso, e eu recomendo fortemente essa série. Você pode encontrá-la no YouTube ou no mesmo site em que esta série de palestras está.",positive,de_xuat
10606,"Quanto mais assisto a esses vídeos, mais odeio o cinegrafista",negative,thiet_bi_day_hoc
10607,Muito bom e conciso explicação. Obrigado.,positive,thiet_bi_day_hoc
10608,"Eu segui a série inteira, e este é o MELHOR curso de Estatística que já fiz. Obrigado Prof. Tsitsiklis por ser tão claro e conciso. Eu nunca imaginei que um curso de estatística inicial aumentaria tanto meu entendimento e me daria tanta confiança. Isso é mágico!",positive,chuong_trinh_hoc
10608,"Eu segui a série inteira, e este é o MELHOR curso de Estatística que já fiz. Obrigado Prof. Tsitsiklis por ser tão claro e conciso. Eu nunca imaginei que um curso de estatística inicial aumentaria tanto meu entendimento e me daria tanta confiança. Isso é mágico!",positive,ky_nang_giang_day
10609,"Mesmo que Deus ensinasse álgebra linear, não seria melhor que isso.",positive,chuong_trinh_hoc
10610,"Por volta de 33:30, como sabemos que x=xp+xn dá uma solução completa de Bx=b? A maneira como penso é que B*xp+B*xn=b+0, então só obtemos uma solução particular que escolhemos arbitrariamente. Posso fazer combinações lineares com os vetores base do espaço nulo para obter todas as outras soluções ou o que estou esquecendo? Obrigado",neutral,kien_thuc
10610,"Por volta de 33:30, como sabemos que x=xp+xn dá uma solução completa de Bx=b? A maneira como penso é que B*xp+B*xn=b+0, então só obtemos uma solução particular que escolhemos arbitrariamente. Posso fazer combinações lineares com os vetores base do espaço nulo para obter todas as outras soluções ou o que estou esquecendo? Obrigado",neutral,kien_thuc
10611,Vindo de aula 4 sinto como se minhas orelhas estivessem sendo acariciadas sensualmente.,positive,chuong_trinh_hoc
10612,"Para quem estiver assistindo e não entender completamente o conceito, Prof Strang tem uma atualização palestra em 18.065 sobre o SVD, que eu acho que explica de uma forma mais clara: https://youtu.be/rYz83XPxiZo",positive,ky_nang_giang_day
10612,"Para quem estiver assistindo e não entender completamente o conceito, Prof Strang tem uma atualização palestra em 18.065 sobre o SVD, que eu acho que explica de uma forma mais clara: https://youtu.be/rYz83XPxiZo",positive,chuong_trinh_hoc
10613,"Adoro como ele nem precisa explicar cuidadosamente, mas todos já estavam interessados em Álgebra Linear ensinado por ele. Ele realmente encoraja os alunos a fazerem um brainstorming de outros insights com base em um forte histórico que ele poderia fornecer a eles.",positive,ky_nang_giang_day
10613,"Adoro como ele nem precisa explicar cuidadosamente, mas todos já estavam interessados em Álgebra Linear ensinado por ele. Ele realmente encoraja os alunos a fazerem um brainstorming de outros insights com base em um forte histórico que ele poderia fornecer a eles.",positive,chuong_trinh_hoc
10614,Fez 18.06 em 1992 e ele deu aula. Ótimo material e um professor incrível.,positive,ky_nang_giang_day
10615,Alguém tem soluções para os conjuntos de problemas no ocw?,neutral,kien_thuc
10616,"Meu colega de classe e eu estudamos Cálculo BC de forma independente... nos disseram para aprender substituições trigonométricas, passamos de 2 a 3 semanas fazendo isso e então descobrimos que não estavam no exame AP -.- *suspiro* substituições trigonométricas ferra todo mundo.",negative,kien_thuc
10617,"Você é um dos melhores professores senhorAtenciosamente, boa saúde da Índia...",positive,ky_nang_giang_day
10618,Ele simplesmente plantou a ideia da Teoria dos Grupos no final da palestra - Gênio! Se ao menos alguém pudesse fazer uma playlist de matemática com todos os melhores palestra do mundo... talvez eu fizesse isso.,positive,ky_nang_giang_day
10618,Ele simplesmente plantou a ideia da Teoria dos Grupos no final da palestra - Gênio! Se ao menos alguém pudesse fazer uma playlist de matemática com todos os melhores palestra do mundo... talvez eu fizesse isso.,positive,chuong_trinh_hoc
10619,"Sem dúvida, uma das palestras mais interessantes. A maneira como Professor mostrou ideias de pesquisa aqui e ali e em quase todos os lugares simplesmente me surpreendeu. Foi muito, muito interessante e a melhor parte é que é acessível também para pessoas que não são da área de matemática (embora venha de um cara da área de matemática, no entanto, sinto que a matemática faz muito pouco, era mais para o lado intuitivo de SGD)",positive,ky_nang_giang_day
10619,"Sem dúvida, uma das palestras mais interessantes. A maneira como Professor mostrou ideias de pesquisa aqui e ali e em quase todos os lugares simplesmente me surpreendeu. Foi muito, muito interessante e a melhor parte é que é acessível também para pessoas que não são da área de matemática (embora venha de um cara da área de matemática, no entanto, sinto que a matemática faz muito pouco, era mais para o lado intuitivo de SGD)",positive,kien_thuc
10620,ele sempre foi velho? :P,neutral,ky_nang_giang_day
10622,"11:20 a matriz não é uma rotação de nenhum ângulo, na verdade é uma reflexão. (Você pode ver isso pelo fato de que det(Q)=-1)",neutral,kien_thuc
10623,Pessoas normais com 65 anos ou menos: Finalmente tive alívio da correria da vida Gilbert Strangs no futuro aos 90 anos: Hoje vamos começar os métodos matriciais...,positive,ky_nang_giang_day
10624,"Que palestra incrível, obrigado!",positive,chuong_trinh_hoc
10625,"Terminei esta palestra em 16 de setembro de 2022, às 22:35. Obrigado Prof. Strang, o último mês (7 de agosto a 16 de setembro) foi tão maravilhoso, memorável.",positive,ky_nang_giang_day
10626,"a integral no caldeirão da bruxa exemplo simplesmente fornece a energia total dentro do caldeirão, certo? adorei isso palestra!",positive,chuong_trinh_hoc
10626,"a integral no caldeirão da bruxa exemplo simplesmente fornece a energia total dentro do caldeirão, certo? adorei isso palestra!",positive,noi_chung
10627,"Tentei estudar diferenciais por meio de várias fontes e sempre fiquei confuso. Neste vídeo, ele aborda explicitamente o problema da confiança em diferenciais. Esta é a primeira vez que compreendo o conceito.",positive,ky_nang_giang_day
10628,Alguém mais realmente gosta do giz amarelo às 13:37?,negative,thiet_bi_day_hoc
10629,Prof. Gilbert Strang é uma lenda por direito próprio!,positive,ky_nang_giang_day
10631,"Acho que ele cometeu um erro em A+B antes de 26:23 porque não tenho muita certeza, mas pelo que vi, ele formou um retângulo que tem comprimento A e largura B, no entanto, ele disse que A+B é a diagonal deste retângulo, mas teoricamente falando todas as diagonais de um retângulo são a raiz quadrada da soma do comprimento ao quadrado e da largura ao quadrado. Certo? E antes do vídeo chegar a 23:33, vejo alguns alunos fazendo a pergunta que eu deveria ter feito. Mas NINGUÉM É PERFEITO. Então, por favor, seja gentil com ele.",neutral,ky_nang_giang_day
10632,"Não consigo encontrar um bom curso de otimização (com videoaulas) no site do MIT, alguma sugestão?",neutral,chuong_trinh_hoc
10632,"Não consigo encontrar um bom curso de otimização (com videoaulas) no site do MIT, alguma sugestão?",neutral,noi_chung
10633,a única parte do cálculo de variável única que eu não gosto... principalmente porque sempre fico sem papel para resolver esses problemas!,neutral,chuong_trinh_hoc
10634,48:58 por que não é 1/2 * a1 * 2u1/sqrt(u1^2+h^2)?,neutral,kien_thuc
10635,"Chapéu para você Professor, você é uma inspiração!",positive,ky_nang_giang_day
10636,"Muito bom, mas você pensaria que o MIT poderia pagar por algo melhor apagadores de quadro-negro.",negative,thiet_bi_day_hoc
10637,"Sou um estudante de graduação em ciência da computação assistindo a estas palestras porque senti que precisava entender melhor Álgebra Linear para dois campos: Aprendizado de Máquina e Informação Quântica. É incrível que ambos tenham alguma sobreposição com este curso de álgebra linear (ML foi abordado quando fizemos matrizes de projeção, pois essa é exatamente a solução de forma fechada para regressão linear), e agora QI que usa espaços de vetores complexos está sendo abordado. :)",positive,chuong_trinh_hoc
10638,Legal vídeo. Nunca vi subir quadros-negros. Seria legal ter isso quando eu dou aula hehe.,positive,chuong_trinh_hoc
10638,Legal vídeo. Nunca vi subir quadros-negros. Seria legal ter isso quando eu dou aula hehe.,positive,thiet_bi_day_hoc
10639,Espero que nos tornemos vizinhos no céu Sr. Strang.,positive,ky_nang_giang_day
10640,Que incrível palestra do Prof. Jerison,positive,chuong_trinh_hoc
10640,Que incrível palestra do Prof. Jerison,positive,ky_nang_giang_day
10641,Finalmente entendi a origem do método dos mínimos quadrados... (estou no 2º ano de aeronáutica e este professor é mil vezes melhor que os meus da universidade. Alguns poderiam aprender a dar aulas além da aula de álgebra),positive,ky_nang_giang_day
10641,Finalmente entendi a origem do método dos mínimos quadrados... (estou no 2º ano de aeronáutica e este professor é mil vezes melhor que os meus da universidade. Alguns poderiam aprender a dar aulas além da aula de álgebra),negative,ky_nang_giang_day
10641,Finalmente entendi a origem do método dos mínimos quadrados... (estou no 2º ano de aeronáutica e este professor é mil vezes melhor que os meus da universidade. Alguns poderiam aprender a dar aulas além da aula de álgebra),neutral,kien_thuc
10642,como posso obter esta palestra livro didático?? pdf ou algo assim,neutral,thiet_bi_day_hoc
10643,"Ótimo palestra, mas seria legal se o movimento da câmera fosse menor. Ele escreve razoavelmente claro e muito organizado. Ótimo professor também",positive,chuong_trinh_hoc
10643,"Ótimo palestra, mas seria legal se o movimento da câmera fosse menor. Ele escreve razoavelmente claro e muito organizado. Ótimo professor também",positive,ky_nang_giang_day
10644,Como assistir alguém como Aristóteles ensinando,positive,noi_chung
10644,Como assistir alguém como Aristóteles ensinando,positive,ky_nang_giang_day
10645,"Oh, ele é um ótimo professor!!! com pausa apropriada e uma velocidade moderada!! Estou feliz que aprendo muito.",positive,ky_nang_giang_day
10645,"Oh, ele é um ótimo professor!!! com pausa apropriada e uma velocidade moderada!! Estou feliz que aprendo muito.",positive,thiet_bi_day_hoc
10645,"Oh, ele é um ótimo professor!!! com pausa apropriada e uma velocidade moderada!! Estou feliz que aprendo muito.",positive,thiet_bi_day_hoc
10646,"33:18 O flerte começa em linha 2, não em linha da matriz que quero dizer.",neutral,kien_thuc
10646,"33:18 O flerte começa em linha 2, não em linha da matriz que quero dizer.",neutral,kien_thuc
10647,esse cara deve ganhar muuuuuito dinheiro,neutral,ky_nang_giang_day
10648,"Pessoal, no final do vídeo, por que b(transpose * q1 = 0), como a(transpose)*q2 não é 0?",negative,kien_thuc
10649,"Mesmo na velhice, ele é afiado como uma navalha. Já vi antigos professores ficarem confusos; esse homem é extremamente afiado. Ótima palestra e ensino.",positive,ky_nang_giang_day
10650,o que é Convexo? assim ....hahah,neutral,kien_thuc
10651,Isso é muito informativo!! Isso me deixa ansioso para ir para aula novamente amanhã!!,positive,chuong_trinh_hoc
10652,Adoro esse cara. Estou dando um curso como esse e estou tomando notas. Essas palestras são um prazer de ouvir! :),positive,ky_nang_giang_day
10652,Adoro esse cara. Estou dando um curso como esse e estou tomando notas. Essas palestras são um prazer de ouvir! :),positive,chuong_trinh_hoc
10653,"@[USERNAME]When the professor menciona que the system é singular, por que he diz que é porque (0,0,..0) é uma solução de the system. Um espaço nulo não trivial da matriz A não torna a equação the Ax=0 singular?",neutral,kien_thuc
10653,"@[USERNAME]When the professor menciona que the system é singular, por que he diz que é porque (0,0,..0) é uma solução de the system. Um espaço nulo não trivial da matriz A não torna a equação the Ax=0 singular?",neutral,chuong_trinh_hoc
10654,"Em 4:11, o vetor de espaço nulo não é composto por 5 zeros?",neutral,kien_thuc
10655,"obrigado Dr. am do Quênia, Universidade de Nairóbi fazendo economia, isso é muito útil",positive,ky_nang_giang_day
10656,"No começo, o estilo desse cara parece estranho e desajeitado, mas depois de 30 minutos você percebe que ele te sugou completamente e te hipnotizou totalmente. Incrível ensino.",negative,thiet_bi_day_hoc
10656,"No começo, o estilo desse cara parece estranho e desajeitado, mas depois de 30 minutos você percebe que ele te sugou completamente e te hipnotizou totalmente. Incrível ensino.",positive,chuong_trinh_hoc
10657,um grande agradecimento a este prof por seus esforços para nos dar cursos sobre álgebra linear,positive,ky_nang_giang_day
10658,"Grande homem. Grande professor. Ele realmente entende de ensino. Ele quase se torna o aluno enquanto ensina. Eu amo seu humor. ""Fingir confusão?"" Eu amo como ele é pé no chão e descomplicado. Deus, por que meus professores não são nada parecidos com ele?",positive,ky_nang_giang_day
10659,Sou formada em matemática e ainda gosto dessas palestras. Auroux é uma ótima palestrante.,positive,chuong_trinh_hoc
10659,Sou formada em matemática e ainda gosto dessas palestras. Auroux é uma ótima palestrante.,positive,ky_nang_giang_day
10660,"Em 23:34, por que a_1 e a_2 deveriam ser perpendiculares ao vetor b? Como isso pode ser possível?",negative,kien_thuc
10660,"Em 23:34, por que a_1 e a_2 deveriam ser perpendiculares ao vetor b? Como isso pode ser possível?",negative,kien_thuc
10660,"Em 23:34, por que a_1 e a_2 deveriam ser perpendiculares ao vetor b? Como isso pode ser possível?",negative,kien_thuc
10660,"Em 23:34, por que a_1 e a_2 deveriam ser perpendiculares ao vetor b? Como isso pode ser possível?",negative,kien_thuc
10661,Este é o melhor. Obrigado por este conhecimento gratuito de qualidade! <3,positive,ky_nang_giang_day
10661,Este é o melhor. Obrigado por este conhecimento gratuito de qualidade! <3,positive,chuong_trinh_hoc
10662,O professor fez um bom trabalho explicando esses conceitos de forma que eles parecem intuitivos :) Obrigado!,positive,ky_nang_giang_day
10662,O professor fez um bom trabalho explicando esses conceitos de forma que eles parecem intuitivos :) Obrigado!,positive,kien_thuc
10663,Obrigado Prof. Strang por disponibilizar isso gratuitamente,positive,ky_nang_giang_day
10663,Obrigado Prof. Strang por disponibilizar isso gratuitamente,positive,chuong_trinh_hoc
10664,"onde estão palestras: 8,17,26 e 34???",neutral,chuong_trinh_hoc
10665,44:58 O que é E vezes A? EA Sports,neutral,kien_thuc
10665,44:58 O que é E vezes A? EA Sports,neutral,noi_chung
10666,"Eu amo esse cara, ele realmente mostra a maneira COMPLETA de fazer as coisas. E sua prova para a regra do produto é linda <3",positive,ky_nang_giang_day
10666,"Eu amo esse cara, ele realmente mostra a maneira COMPLETA de fazer as coisas. E sua prova para a regra do produto é linda <3",neutral,chuong_trinh_hoc
10667,Incrível estilo de ensino...Muito obrigado!!!,positive,thiet_bi_day_hoc
10668,obrigado pelo vídeoeu tenho insônia então eu assisto isso espero conseguir dormir,negative,chuong_trinh_hoc
10668,obrigado pelo vídeoeu tenho insônia então eu assisto isso espero conseguir dormir,negative,chuong_trinh_hoc
10669,"Sou um estudante de pós-graduação com especialização em engenharia elétrica e de computação. Embora a maioria de nós tenha aprendido álgebra linear na graduação, eu gostaria de recomendar fortemente este curso para aqueles que estão interessados em aprendizado de máquina e processamento de sinais. Obrigado Prof.Strang!",positive,ky_nang_giang_day
10669,"Sou um estudante de pós-graduação com especialização em engenharia elétrica e de computação. Embora a maioria de nós tenha aprendido álgebra linear na graduação, eu gostaria de recomendar fortemente este curso para aqueles que estão interessados em aprendizado de máquina e processamento de sinais. Obrigado Prof.Strang!",positive,de_xuat
10670,m é um número de linhas e o espaço coluna mn) está em R^m?,neutral,kien_thuc
10670,m é um número de linhas e o espaço coluna mn) está em R^m?,neutral,kien_thuc
10671,Adorei o jeito que ele fala paralelogramo <3,positive,ky_nang_giang_day
10672,"""quanto mais theta o chapéu se move com theta, mais incerteza ele remove de theta..."" uau",neutral,kien_thuc
10672,"""quanto mais theta o chapéu se move com theta, mais incerteza ele remove de theta..."" uau",neutral,kien_thuc
10673,Fiquei surpreso que houve apenas 200 mil visualizações para esta incrível palestra ao longo de 10 anos.,positive,chuong_trinh_hoc
10673,Fiquei surpreso que houve apenas 200 mil visualizações para esta incrível palestra ao longo de 10 anos.,negative,noi_chung
10674,"@[USERNAME]Bmas como sabemos que B é invertível? Encontrei uma prova que não assume que B é invertível:Suponha que temos x tal que ABx = lambda * x. Multiplique à esquerda ambos os lados por B: BABx = lambda * Bx. Isso mostra que Bx é um vetor próprio de BA, e seu valor próprio é lambda.",neutral,kien_thuc
10674,"@[USERNAME]Bmas como sabemos que B é invertível? Encontrei uma prova que não assume que B é invertível:Suponha que temos x tal que ABx = lambda * x. Multiplique à esquerda ambos os lados por B: BABx = lambda * Bx. Isso mostra que Bx é um vetor próprio de BA, e seu valor próprio é lambda.",neutral,kien_thuc
10675,"ouvir professor Strang é como assistir a um filme de ficção científica, de vez em quando começo a ver exatamente o mesmo conceito em diferentes pontos de vista.",positive,ky_nang_giang_day
10675,"ouvir professor Strang é como assistir a um filme de ficção científica, de vez em quando começo a ver exatamente o mesmo conceito em diferentes pontos de vista.",positive,kien_thuc
10676,Alguém pode me dizer por que não podemos obter a matriz triangular inferior L diretamente da combinada E que poderia ser derivada usando eliminação gaussiana? Obrigado,neutral,kien_thuc
10676,Alguém pode me dizer por que não podemos obter a matriz triangular inferior L diretamente da combinada E que poderia ser derivada usando eliminação gaussiana? Obrigado,neutral,kien_thuc
10676,Alguém pode me dizer por que não podemos obter a matriz triangular inferior L diretamente da combinada E que poderia ser derivada usando eliminação gaussiana? Obrigado,neutral,kien_thuc
10677,@[USERNAME]LOL aurox poderia dobrar você em 2 matematicamente com seu cérebro filho,positive,ky_nang_giang_day
10678,MUITO melhor que meu prof. de Álgebra Linear,negative,ky_nang_giang_day
10679,Por que nosso mundo é considerado tridimensional? Por que não poderia ser n-Dimensões?,neutral,kien_thuc
10680,Por que coisas como derivada são mencionadas no MIT dessa forma? Isso é fácil matemática escolar.,negative,kien_thuc
10680,Por que coisas como derivada são mencionadas no MIT dessa forma? Isso é fácil matemática escolar.,negative,noi_chung
10680,Por que coisas como derivada são mencionadas no MIT dessa forma? Isso é fácil matemática escolar.,neutral,kien_thuc
10681,"Esta é uma matemática de graduação curso? Se sim, em que ano os alunos normalmente fariam esta curso?",neutral,chuong_trinh_hoc
10682,"OK, estamos executando uma (fórmula determinante 1) aqui. rs!",neutral,kien_thuc
10683,Isso faz sentido se eu souber apenas matemática básica?,neutral,kien_thuc
10684,"Na verdade, passei nos meus 3 cursos de Álgebra Linear Aplicada com louvor só de lembrar de todos esses resultados porque o professor nunca tentou explicar o que está acontecendo nos bastidores. Então, depois de quase 20 anos, ainda estou aqui tentando descobrir o que é o quê. Eu deveria ter ido para MIT.",positive,noi_chung
10684,"Na verdade, passei nos meus 3 cursos de Álgebra Linear Aplicada com louvor só de lembrar de todos esses resultados porque o professor nunca tentou explicar o que está acontecendo nos bastidores. Então, depois de quase 20 anos, ainda estou aqui tentando descobrir o que é o quê. Eu deveria ter ido para MIT.",negative,chuong_trinh_hoc
10685,inteligência é a posse de conhecimento...inteligência = bom em aprender e/ou bom em aplicar ou usar conhecimento.,positive,ky_nang_giang_day
10686,O melhor discussão sobre Baye que já encontrei.,positive,chuong_trinh_hoc
10687,"Resposta à pergunta abaixo sobre por que nos importamos com os 4 subespaços fundamentais no estudo de Ax=b: Nas palavras do professor Strang (não nesta palestra), ""entender os quatro subespaços fundamentais eleva a compreensão de Ax=b para um ponto de vista de espaço vetorial, especificamente, para um nível de compreensão de subespaço vetorial"". Isso valerá a pena ao aprender diferentes tipos de fatorações de matrizes, por exemplo, decomposição de valor único, SVD, onde A=U∑V^T. Onde U é composto de vetores ortonormais no espaço linha, V de vetores ortonormais no espaço coluna, ∑ pela matriz diagonal dos quadrados dos valores singulares. Da mesma forma, todas as outras fatorações de matriz QR, Q(LAMBDA)Q^T, etc. se beneficiam de sua descrição em termos de subespaços. Esse entendimento/insight é superpoderoso, até mesmo crítico, em otimização, aprendizado de máquina, problemas mal colocados, etc. Por favor, não desconsidere essa abordagem do subespaço vetorial, é apenas aparentemente que ele não parece brilhar quando é aprendido pela primeira vez, mas acredite em mim, é ouro puro, e a clareza com que o professor Strang o explica é inestimável... ele mesmo disse, ele dobra sua mente quando estendido a conjuntos de matrizes e a conjuntos de funções (o exemplo da equação diferencial, um prelúdio para a Transformada Rápida de Fourier), mas os dividendos que você ganha são enormes.",positive,kien_thuc
10688,Parabéns à equipe de gerenciamento de ângulos de câmera; ótima edição de áudio e vídeo.,positive,noi_chung
10688,Parabéns à equipe de gerenciamento de ângulos de câmera; ótima edição de áudio e vídeo.,positive,thiet_bi_day_hoc
10689,"Ele explica tão claramente que é incrível. Em vez de apenas jogar a definição de tudo, ele realmente explica e dá exemplos sobre por que e como funciona, de forma simplificada.",positive,ky_nang_giang_day
10690,O chocolate Dove não é suave como seda. Este palestra é. de fato,positive,chuong_trinh_hoc
10691,Quadro muito bom trabalho e excelente palestra.,positive,chuong_trinh_hoc
10691,Quadro muito bom trabalho e excelente palestra.,positive,chuong_trinh_hoc
10692,recomendo primeiro que 3Blue1Brown e essas aulas tentem dar um zoom em livro C.Lay... essa visão pode entender muito melhor esse vídeo,positive,de_xuat
10692,recomendo primeiro que 3Blue1Brown e essas aulas tentem dar um zoom em livro C.Lay... essa visão pode entender muito melhor esse vídeo,neutral,de_xuat
10692,recomendo primeiro que 3Blue1Brown e essas aulas tentem dar um zoom em livro C.Lay... essa visão pode entender muito melhor esse vídeo,neutral,de_xuat
10692,recomendo primeiro que 3Blue1Brown e essas aulas tentem dar um zoom em livro C.Lay... essa visão pode entender muito melhor esse vídeo,neutral,de_xuat
10693,Esta é uma lição para a faculdade de matemática?,neutral,chuong_trinh_hoc
10693,Esta é uma lição para a faculdade de matemática?,neutral,noi_chung
10694,"Da próxima vez, coloque o tópico principal de cada palestra no título do vídeo.",neutral,chuong_trinh_hoc
10694,"Da próxima vez, coloque o tópico principal de cada palestra no título do vídeo.",neutral,thiet_bi_day_hoc
10695,"Cara, essas provas são desleixadas pra caramba.",negative,ky_nang_giang_day
10696,aproximação de Taylor recebe quase tanto ódio quanto Steve Bartman,negative,kien_thuc
10696,aproximação de Taylor recebe quase tanto ódio quanto Steve Bartman,negative,noi_chung
10698,"É meu sonho conhecer prof. Gilbert strang. Sua voz, suas palavras, sua ação tocam minha alma. Por favor, prof. Leia meu comentário para que eu possa satisfazer somente com isso E eu rezo para que você viva 1000 anos.",positive,ky_nang_giang_day
10699,um quadro negro com giz e espanadores ... não vejo um desses há algum tempo!! ... Surpreso que este palestra não faz uso de quadros brancos / powerpoint,neutral,thiet_bi_day_hoc
10699,um quadro negro com giz e espanadores ... não vejo um desses há algum tempo!! ... Surpreso que este palestra não faz uso de quadros brancos / powerpoint,neutral,thiet_bi_day_hoc
10699,um quadro negro com giz e espanadores ... não vejo um desses há algum tempo!! ... Surpreso que este palestra não faz uso de quadros brancos / powerpoint,neutral,thiet_bi_day_hoc
10699,um quadro negro com giz e espanadores ... não vejo um desses há algum tempo!! ... Surpreso que este palestra não faz uso de quadros brancos / powerpoint,positive,chuong_trinh_hoc
10699,um quadro negro com giz e espanadores ... não vejo um desses há algum tempo!! ... Surpreso que este palestra não faz uso de quadros brancos / powerpoint,neutral,thiet_bi_day_hoc
10699,um quadro negro com giz e espanadores ... não vejo um desses há algum tempo!! ... Surpreso que este palestra não faz uso de quadros brancos / powerpoint,neutral,thiet_bi_day_hoc
10700,"amarelo + azul = verde, ele também ensina arte!",positive,ky_nang_giang_day
10701,"Lembre-se de aumentar a velocidade reprodução para 1,5x.",neutral,thiet_bi_day_hoc
10702,levou 5 meses para meu professor explicar isso (vídeo de 2:30 minutos),negative,ky_nang_giang_day
10702,levou 5 meses para meu professor explicar isso (vídeo de 2:30 minutos),positive,thiet_bi_day_hoc
10703,"em PMF condicional, e se a probabilidade de cada variável aleatória não for a mesma? Então como escalamos cada probabilidade?",neutral,kien_thuc
10703,"em PMF condicional, e se a probabilidade de cada variável aleatória não for a mesma? Então como escalamos cada probabilidade?",negative,chuong_trinh_hoc
10704,O melhor curso de álgebra linear. Obrigado Prof. Strang!,positive,chuong_trinh_hoc
10704,O melhor curso de álgebra linear. Obrigado Prof. Strang!,positive,ky_nang_giang_day
10705,Obrigado professor strang. Suas palestras são incríveis.,positive,ky_nang_giang_day
10705,Obrigado professor strang. Suas palestras são incríveis.,positive,chuong_trinh_hoc
10706,"Professor Strang, obrigado por uma palestra incrível sobre Matrizes de Distância, estrutura de Redes Neurais e a Função de Aprendizado. Todos esses conceitos matemáticos melhoram meu entendimento de Aprendizado de Máquina.",positive,ky_nang_giang_day
10706,"Professor Strang, obrigado por uma palestra incrível sobre Matrizes de Distância, estrutura de Redes Neurais e a Função de Aprendizado. Todos esses conceitos matemáticos melhoram meu entendimento de Aprendizado de Máquina.",positive,chuong_trinh_hoc
10707,"@[USERNAME]Sim... verdade, mas, quando se trata de matemática, ciências e tecnologia MIT é melhor, o site é web.mit.edu",positive,noi_chung
10707,"@[USERNAME]Sim... verdade, mas, quando se trata de matemática, ciências e tecnologia MIT é melhor, o site é web.mit.edu",positive,kien_thuc
10707,"@[USERNAME]Sim... verdade, mas, quando se trata de matemática, ciências e tecnologia MIT é melhor, o site é web.mit.edu",positive,noi_chung
10707,"@[USERNAME]Sim... verdade, mas, quando se trata de matemática, ciências e tecnologia MIT é melhor, o site é web.mit.edu",positive,noi_chung
10708,Eu realmente gosto das palestras dele!,positive,chuong_trinh_hoc
10709,Não gosto como esse homem apaga o quadro. Mas gosto da explicação dele.,positive,chuong_trinh_hoc
10709,Não gosto como esse homem apaga o quadro. Mas gosto da explicação dele.,negative,ky_nang_giang_day
10710,"Alguém poderia me dar uma pista de por que usar A(TAX(hat)=A(T)b) para resolver [C,D] às 21:05? Pelo que entendi, AX(hat) não pode ser b se ajustarmos uma reta cujos pontos são P1, P2, P3 em vez de b1, b2, b3 ou [1 2 2]_t?",neutral,kien_thuc
10711,"ao encontrar um vetor ortogonal, existem etapas específicas para encontrá-lo ou temos que encontrar um vetor (por meio de inspeção) que, quando multiplicado por outro vetor por produto escalar, é zero?",neutral,kien_thuc
10712,Fiquei arrepiado na primeira vez que vi isso palestra. Ele é um professor incrível.,positive,ky_nang_giang_day
10712,Fiquei arrepiado na primeira vez que vi isso palestra. Ele é um professor incrível.,positive,chuong_trinh_hoc
10713,"De fato, você é como um ímã Prof. Strang! Eu não conseguia acreditar que terminei todas as suas palestras. Por que não continua e continua... Obrigado!",positive,ky_nang_giang_day
10713,"De fato, você é como um ímã Prof. Strang! Eu não conseguia acreditar que terminei todas as suas palestras. Por que não continua e continua... Obrigado!",positive,chuong_trinh_hoc
10714,Dr. Gilbert fez essas coisas de cofator serem tão óbvias!,positive,ky_nang_giang_day
10715,"hahhaah 29:53 ""eu penso em matrizes como pessoas neste ponto"". Conforme nos aproximamos do fim do curso, eu só quero agradecer a você NOVAMENTE, entre a infinidade de outras apreciações. Esta foi uma jornada notável, eu não acho que nenhum outro palestrante no mundo inteiro teria tornado isso tão agradável quanto você fez Sr. Strang. Caso em questão: o comentário neste carimbo de tempo apenas adiciona aquela camada adicional de novidade e prazer que torna toda a experiência simplesmente notável.",positive,ky_nang_giang_day
10715,"hahhaah 29:53 ""eu penso em matrizes como pessoas neste ponto"". Conforme nos aproximamos do fim do curso, eu só quero agradecer a você NOVAMENTE, entre a infinidade de outras apreciações. Esta foi uma jornada notável, eu não acho que nenhum outro palestrante no mundo inteiro teria tornado isso tão agradável quanto você fez Sr. Strang. Caso em questão: o comentário neste carimbo de tempo apenas adiciona aquela camada adicional de novidade e prazer que torna toda a experiência simplesmente notável.",positive,thiet_bi_day_hoc
10716,Gosto da maneira como ele se prepara para introduzir um tópico. Muito atencioso e agradável.,positive,ky_nang_giang_day
10717,5 anos de física + 4 anos de doutorado em astrofísica e esse cara conseguiu me dar uma visão muito mais clara de operações de álgebra do que a que obtive de todos os meus professores. Muito obrigado por essas palestras Prof. Strang!,positive,ky_nang_giang_day
10717,5 anos de física + 4 anos de doutorado em astrofísica e esse cara conseguiu me dar uma visão muito mais clara de operações de álgebra do que a que obtive de todos os meus professores. Muito obrigado por essas palestras Prof. Strang!,positive,chuong_trinh_hoc
10717,5 anos de física + 4 anos de doutorado em astrofísica e esse cara conseguiu me dar uma visão muito mais clara de operações de álgebra do que a que obtive de todos os meus professores. Muito obrigado por essas palestras Prof. Strang!,positive,kien_thuc
10717,5 anos de física + 4 anos de doutorado em astrofísica e esse cara conseguiu me dar uma visão muito mais clara de operações de álgebra do que a que obtive de todos os meus professores. Muito obrigado por essas palestras Prof. Strang!,negative,ky_nang_giang_day
10718,Por que ele escolheu especificamente uma caixa com fundo quadrado?,neutral,ky_nang_giang_day
10719,Por que f é tomado como X^2 + Y^2 e não outra coisa?,neutral,kien_thuc
10719,Por que f é tomado como X^2 + Y^2 e não outra coisa?,neutral,kien_thuc
10719,Por que f é tomado como X^2 + Y^2 e não outra coisa?,neutral,kien_thuc
10720,"Eu realmente gosto do Vídeo Transposições, Permutações, Espaços R^n Do seu",positive,chuong_trinh_hoc
10720,"Eu realmente gosto do Vídeo Transposições, Permutações, Espaços R^n Do seu",positive,kien_thuc
10720,"Eu realmente gosto do Vídeo Transposições, Permutações, Espaços R^n Do seu",positive,kien_thuc
10720,"Eu realmente gosto do Vídeo Transposições, Permutações, Espaços R^n Do seu",positive,kien_thuc
10721,É incrível ver uma série de análise funcional publicada.,positive,kien_thuc
10722,Professor Strang Obrigado por outro bom plano palestra sobre Estrutura de Redes Neurais para Aprendizado Profundo e de Máquina. Aprender é um processo que dura a vida toda.,positive,ky_nang_giang_day
10722,Professor Strang Obrigado por outro bom plano palestra sobre Estrutura de Redes Neurais para Aprendizado Profundo e de Máquina. Aprender é um processo que dura a vida toda.,positive,chuong_trinh_hoc
10723,"UAU... Incrível... Professor é direto, objetivo, simples e abrangente ao mesmo tempo ao explicar os conceitos....",positive,ky_nang_giang_day
10723,"UAU... Incrível... Professor é direto, objetivo, simples e abrangente ao mesmo tempo ao explicar os conceitos....",positive,chuong_trinh_hoc
10724,você pensaria que o MIT já teria inventado um dispositivo automático de apagamento de placas naquela época.,negative,thiet_bi_day_hoc
10725,"Wolfgang J. Paul, se você está aqui: facilite os deveres de casa e as provas!",positive,ky_nang_giang_day
10726,"""projetores estão tentando ser identidade, mas é impossível.""",neutral,kien_thuc
10726,"""projetores estão tentando ser identidade, mas é impossível.""",neutral,kien_thuc
10727,Esta palestra é uma verdadeira obra-prima. Fiquei impressionado com a sensação similar de assistir a thrillers de suspense.,positive,chuong_trinh_hoc
10728,"Obrigado Prof. Strang e obrigado MIT. Brilhante palestras, muito apreciado.",positive,ky_nang_giang_day
10728,"Obrigado Prof. Strang e obrigado MIT. Brilhante palestras, muito apreciado.",positive,noi_chung
10728,"Obrigado Prof. Strang e obrigado MIT. Brilhante palestras, muito apreciado.",positive,chuong_trinh_hoc
10729,nem a beleza gilbert strang não pode me fazer amar essa porcaria álgebra,positive,ky_nang_giang_day
10729,nem a beleza gilbert strang não pode me fazer amar essa porcaria álgebra,negative,kien_thuc
10731,"me ajuda a entender o que meu professor está realmente falando, obrigado :)",positive,ky_nang_giang_day
10732,"Alguém disse que não conhecia a lei dos cossenos, então surge outra pergunta: ""como eles entraram no NULL?""",negative,noi_chung
10732,"Alguém disse que não conhecia a lei dos cossenos, então surge outra pergunta: ""como eles entraram no NULL?""",neutral,kien_thuc
10732,"Alguém disse que não conhecia a lei dos cossenos, então surge outra pergunta: ""como eles entraram no NULL?""",neutral,noi_chung
10733,"Ele fala em algum lugar sobre espaços vetoriais, subespaços, espaços euclidianos?",neutral,ky_nang_giang_day
10733,"Ele fala em algum lugar sobre espaços vetoriais, subespaços, espaços euclidianos?",negative,kien_thuc
10733,"Ele fala em algum lugar sobre espaços vetoriais, subespaços, espaços euclidianos?",negative,kien_thuc
10733,"Ele fala em algum lugar sobre espaços vetoriais, subespaços, espaços euclidianos?",negative,kien_thuc
10734,"taylor série são incríveis, todo mundo pirou HAHAHA!! Garoto idiota do MIT",positive,chuong_trinh_hoc
10735,"Obrigado Prof. Um professor inspirador. Realmente gostei de cada uma delas palestras. Se eu tivesse tido a sorte de ter tido você como um dos meus palestrantes há 52 anos, as coisas certamente teriam sido diferentes. (Ano 1: Estatísticas de matemática Phil :: conclusão oferecida em todos os 3 :: Anos 2-5 Phil) Carreira como professor de matemática/computação e desenvolvedor de software. Agora aposentado. Saudações a você e aos seus",positive,ky_nang_giang_day
10735,"Obrigado Prof. Um professor inspirador. Realmente gostei de cada uma delas palestras. Se eu tivesse tido a sorte de ter tido você como um dos meus palestrantes há 52 anos, as coisas certamente teriam sido diferentes. (Ano 1: Estatísticas de matemática Phil :: conclusão oferecida em todos os 3 :: Anos 2-5 Phil) Carreira como professor de matemática/computação e desenvolvedor de software. Agora aposentado. Saudações a você e aos seus",positive,chuong_trinh_hoc
10736,obrigado prof. Strang..... eu realmente aprecio sua série de palestras e isso me faz querer estudar matemática mais avançada........... eu realmente muito obrigado...,positive,ky_nang_giang_day
10736,obrigado prof. Strang..... eu realmente aprecio sua série de palestras e isso me faz querer estudar matemática mais avançada........... eu realmente muito obrigado...,positive,chuong_trinh_hoc
10736,obrigado prof. Strang..... eu realmente aprecio sua série de palestras e isso me faz querer estudar matemática mais avançada........... eu realmente muito obrigado...,positive,kien_thuc
10737,VIVA LA FRANCE! Este homem sabe o que faz.,positive,ky_nang_giang_day
10738,"a primeira palestra tem 580 mil espectadores, e a palestra 23 tem 30 mil espectadores? Essas pessoas realmente querem aprender alguma coisa?",negative,noi_chung
10738,"a primeira palestra tem 580 mil espectadores, e a palestra 23 tem 30 mil espectadores? Essas pessoas realmente querem aprender alguma coisa?",neutral,kien_thuc
10739,Eu nem sei mais por que vou às minhas aulas de álgebra linear. Esse cara é incrível.,positive,ky_nang_giang_day
10739,Eu nem sei mais por que vou às minhas aulas de álgebra linear. Esse cara é incrível.,negative,chuong_trinh_hoc
10740,whNULL ele rotulou os eixos para weirdlNULL? WhNULL ele usou z para o eixo vertical quando ele poderia ter usado apenas NULL para evitar confusão?,negative,ky_nang_giang_day
10740,whNULL ele rotulou os eixos para weirdlNULL? WhNULL ele usou z para o eixo vertical quando ele poderia ter usado apenas NULL para evitar confusão?,negative,thiet_bi_day_hoc
10740,whNULL ele rotulou os eixos para weirdlNULL? WhNULL ele usou z para o eixo vertical quando ele poderia ter usado apenas NULL para evitar confusão?,neutral,kien_thuc
10740,whNULL ele rotulou os eixos para weirdlNULL? WhNULL ele usou z para o eixo vertical quando ele poderia ter usado apenas NULL para evitar confusão?,neutral,kien_thuc
10740,whNULL ele rotulou os eixos para weirdlNULL? WhNULL ele usou z para o eixo vertical quando ele poderia ter usado apenas NULL para evitar confusão?,neutral,kien_thuc
10741,"P = A.x(hat), certo? Então, em 32:10, por que ele está substituindo P por x(hat).A.P Por favor, me ajude com a intuição por trás disso.",neutral,kien_thuc
10742,"Até agora, essa foi a única difícil palestra. Essa palestra, eu acho, vou precisar trabalhar muito no que ele está dizendo. Foi ok no começo. Ficou difícil até 30 min, então volta a ser fácil.",negative,chuong_trinh_hoc
10742,"Até agora, essa foi a única difícil palestra. Essa palestra, eu acho, vou precisar trabalhar muito no que ele está dizendo. Foi ok no começo. Ficou difícil até 30 min, então volta a ser fácil.",negative,ky_nang_giang_day
10743,"nossa, isso palestra é realmente denso",negative,chuong_trinh_hoc
10744,isso vídeo é enorme.45 min?,neutral,chuong_trinh_hoc
10745,"Obrigado Denis, você é um palestrante brilhante.",positive,ky_nang_giang_day
10746,eu amo como no tele final ele continua balançando a cabeça para tele vídeo terminar xD,positive,ky_nang_giang_day
10746,eu amo como no tele final ele continua balançando a cabeça para tele vídeo terminar xD,neutral,chuong_trinh_hoc
10747,"Teremos mais tarde no curso alguma explicação do exemplo das 9 dimensões? Não entendi bem, embora ele seja um mestre, um ótimo Professor realmente.",positive,ky_nang_giang_day
10748,estou surpreso que essas principais universidades não atualizem para quadros brancos... ou simplesmente peçam ao departamento de tecnologia um quadro de realidade virtual ou algo assim,neutral,thiet_bi_day_hoc
10748,estou surpreso que essas principais universidades não atualizem para quadros brancos... ou simplesmente peçam ao departamento de tecnologia um quadro de realidade virtual ou algo assim,negative,noi_chung
10749,alguém poderia me dizer 6:48 por que isso é verdade? como você pode calcular lambda com trace? Obrigadooooooo!,neutral,kien_thuc
10749,alguém poderia me dizer 6:48 por que isso é verdade? como você pode calcular lambda com trace? Obrigadooooooo!,neutral,kien_thuc
10750,"Meu termo 2 (semestre 2) está prestes a começar. Lá temos matemática 2 e para me preparar para isso estou aqui. Meu veterano me sugeriu isso. Estou no nível básico (1º ano) do IIT MADRAS (Índia) BS em Ciência de Dados e Aplicações. Parece bom! Ainda para explorar mais! A propósito, obrigado aos Respeitados Prof Gilbert e MIT.",positive,ky_nang_giang_day
10750,"Meu termo 2 (semestre 2) está prestes a começar. Lá temos matemática 2 e para me preparar para isso estou aqui. Meu veterano me sugeriu isso. Estou no nível básico (1º ano) do IIT MADRAS (Índia) BS em Ciência de Dados e Aplicações. Parece bom! Ainda para explorar mais! A propósito, obrigado aos Respeitados Prof Gilbert e MIT.",positive,noi_chung
10752,As ideias-chave todas em uma palestra! Bravo Dr. Gilbert Strang! Adorei sua apresentação!,positive,chuong_trinh_hoc
10752,As ideias-chave todas em uma palestra! Bravo Dr. Gilbert Strang! Adorei sua apresentação!,positive,ky_nang_giang_day
10752,As ideias-chave todas em uma palestra! Bravo Dr. Gilbert Strang! Adorei sua apresentação!,positive,thiet_bi_day_hoc
10753,Na minha aula de cálculo FTC2 foi dito ser o mais simples que apenas mostrava a mudança de variável. Aqui eu tenho que saber o quadro geral por trás disso.,positive,kien_thuc
10754,"em 48:42, de que álgebra ele está falando para obter 1/3 como resultado da soma de todas as probabilidades?",neutral,ky_nang_giang_day
10755,"Em 28:11, como podemos assumir que Nullspace é 0, se as variáveis livres são 0, na equação do echleon reduzido = [-F I] para encontrar o espaço nulo F = 0, já que a variável livre é 0, mas ainda posso escrever 1 no lugar de I para obter Nullspace diferente de zero???",neutral,kien_thuc
10756,"@[USERNAME]Derivadas parciais estão relacionadas a PDEs da mesma forma que derivadas estão relacionadas a ODEs? Eu sei sobre o valor de um semestre sobre ODEs, então presumi que a relação entre derivadas e ODEs era a mesma que com derivadas parciais e PDEs. Eu realmente não sei nada sobre PDEs.",neutral,kien_thuc
10756,"@[USERNAME]Derivadas parciais estão relacionadas a PDEs da mesma forma que derivadas estão relacionadas a ODEs? Eu sei sobre o valor de um semestre sobre ODEs, então presumi que a relação entre derivadas e ODEs era a mesma que com derivadas parciais e PDEs. Eu realmente não sei nada sobre PDEs.",neutral,kien_thuc
10757,"Estou confuso por volta das 17:25, detA não deveria ser detA^n*I)? porque é a matriz de detA), então cada linha pode ser dividida em detA), então é detA^n*I)!",neutral,kien_thuc
10757,"Estou confuso por volta das 17:25, detA não deveria ser detA^n*I)? porque é a matriz de detA), então cada linha pode ser dividida em detA), então é detA^n*I)!",neutral,kien_thuc
10757,"Estou confuso por volta das 17:25, detA não deveria ser detA^n*I)? porque é a matriz de detA), então cada linha pode ser dividida em detA), então é detA^n*I)!",neutral,kien_thuc
10757,"Estou confuso por volta das 17:25, detA não deveria ser detA^n*I)? porque é a matriz de detA), então cada linha pode ser dividida em detA), então é detA^n*I)!",neutral,kien_thuc
10757,"Estou confuso por volta das 17:25, detA não deveria ser detA^n*I)? porque é a matriz de detA), então cada linha pode ser dividida em detA), então é detA^n*I)!",neutral,kien_thuc
10758,"Isso é tudo que eu lembro do Calc 1, o derivada de x^2 = 2x lol. Claro, esse era o ""atalho"", mas tivemos que fazer isso com toda a notação dy/dx. Eu lembro que eu adorava fazer derivadas de quocientes por diversão. O que há de errado comigo? Sou formada em Linguística, a propósito.",positive,kien_thuc
10759,"Por que isso está sendo ensinado em MIT, eu sinto que se você frequentar essa escola você deveria pelo menos ter uma noção de FTC. Ótimo vídeo embora! Obrigado MIT",positive,chuong_trinh_hoc
10759,"Por que isso está sendo ensinado em MIT, eu sinto que se você frequentar essa escola você deveria pelo menos ter uma noção de FTC. Ótimo vídeo embora! Obrigado MIT",positive,noi_chung
10759,"Por que isso está sendo ensinado em MIT, eu sinto que se você frequentar essa escola você deveria pelo menos ter uma noção de FTC. Ótimo vídeo embora! Obrigado MIT",neutral,kien_thuc
10760,é por isso que você estava revisando seu calculas há apenas um ano.,neutral,kien_thuc
10761,"Alguém pode me explicar a lógica/prova por trás do algoritmo rref? Isso passou completamente despercebido para mim, rs.",negative,kien_thuc
10762,a palestra inteira foi incrível.divina.gaussiana.estranha..!!!!!!!!!!!,positive,chuong_trinh_hoc
10763,Obrigado! Eu preparei meu exame final do ensino médio com isso palestra. Isso realmente me ajudou!!,positive,chuong_trinh_hoc
10764,"Você sabe por que ele escrevendo tão rápido. Se você acha que é por estilo, Errado. Por causa da duração do vídeo.",positive,chuong_trinh_hoc
10765,Gosto das suas aulas avançadas e inteligentes palestras. Elas são muito desafiadoras... estranho é o mais inteligente. Obrigado.,positive,ky_nang_giang_day
10765,Gosto das suas aulas avançadas e inteligentes palestras. Elas são muito desafiadoras... estranho é o mais inteligente. Obrigado.,positive,chuong_trinh_hoc
10766,"Psh, esse exemplo tinha uma solução muito mais fácil . Basta multiplicar as duas primeiras equações, cancelar o xy (pois claramente nenhuma pode ser 0), e você obtém L^2 = 4. Fico feliz em finalmente aprender Multiplicadores de Lagrange, no entanto; meu professor os pulou no AP Calc, então eles sempre pareceram um algoritmo mágico que eu nunca conheceria e que resolve trivialmente problemas de otimização.",positive,kien_thuc
10766,"Psh, esse exemplo tinha uma solução muito mais fácil . Basta multiplicar as duas primeiras equações, cancelar o xy (pois claramente nenhuma pode ser 0), e você obtém L^2 = 4. Fico feliz em finalmente aprender Multiplicadores de Lagrange, no entanto; meu professor os pulou no AP Calc, então eles sempre pareceram um algoritmo mágico que eu nunca conheceria e que resolve trivialmente problemas de otimização.",positive,kien_thuc
10767,Esta palestra foi linda... A maneira como tudo se conecta e se liga é impressionante... Conhecimento inestimável! Obrigado sr. Strang,positive,chuong_trinh_hoc
10767,Esta palestra foi linda... A maneira como tudo se conecta e se liga é impressionante... Conhecimento inestimável! Obrigado sr. Strang,positive,ky_nang_giang_day
10768,"27:45. Não deveria ser apenas A? Quero dizer A=[a1 a2]. mas agora temos a1(trans) e a2(trans) em suas colunas, não apenas a1, a2. Como isso poderia ser A(trans.) ??",neutral,kien_thuc
10769,Eu realmente gosto dos volumes Vídeo por discos e shells do seu,positive,chuong_trinh_hoc
10770,"33:24 O sol dele é aparentemente ""feminino"" rsrs",neutral,ky_nang_giang_day
10771,"OMG! Como todo mundo aqui, toda a série de palestras tem sido alucinante! Fiquei obcecado com isso na semana passada, colocando cerca de 5 horas por dia apenas absorvendo o material, é magnífico! Sempre tive problemas com Álgebra Linear e tenho um Exame de Visão Computacional em duas semanas que depende muito de álgebra linear. Tentei de alguma forma contornar isso como fiz com outros cursos, mas então decidi que já chega e preciso entender do que Álgebra Linear realmente se trata. Nunca esperei que fosse tão elegante e tão simples! Isso é ARTE!",positive,chuong_trinh_hoc
10771,"OMG! Como todo mundo aqui, toda a série de palestras tem sido alucinante! Fiquei obcecado com isso na semana passada, colocando cerca de 5 horas por dia apenas absorvendo o material, é magnífico! Sempre tive problemas com Álgebra Linear e tenho um Exame de Visão Computacional em duas semanas que depende muito de álgebra linear. Tentei de alguma forma contornar isso como fiz com outros cursos, mas então decidi que já chega e preciso entender do que Álgebra Linear realmente se trata. Nunca esperei que fosse tão elegante e tão simples! Isso é ARTE!",positive,kien_thuc
10772,"É empregado em toda a física que entra na fabricação de praticamente qualquer dispositivo eletrônico, incluindo aquele que você usa para espalhar sua estupidez. Sem cálculo, você seria estúpido E solitário.",positive,kien_thuc
10773,"Os vídeos do Prof. Gilbert Strang me ajudaram durante meu estudo de M.Eng., eu o assisti mais uma vez em 2011-2014 durante meu PhD. Ano passado eu comprei seu novo livro, e hoje eu estou assistindo (de novo) ele ensinando álgebra linear para análise de dados, processamento de sinais e aprendizado de máquina porque eu tenho que ensinar Fundamentos de IA para meus alunos de graduação. Muito obrigado Prof. Strang, você é meu melhor mentor online em matemática!",positive,chuong_trinh_hoc
10774,"Uau, 15 anos atrás... Prof. Strang parece uma criança!",neutral,ky_nang_giang_day
10775,Explicação muito boa. Muito obrigado.,positive,ky_nang_giang_day
10776,Realmente vc é um excelente e maravilhoso palestrante para mim,positive,ky_nang_giang_day
10777,"Série fenomenal, obrigado MIT e Prof.Auroux!",positive,ky_nang_giang_day
10777,"Série fenomenal, obrigado MIT e Prof.Auroux!",positive,ky_nang_giang_day
10778,"a derivada de 30x^3 + 12x^4 +15+ 1 é 90x^2+48^3=0, certo???",neutral,kien_thuc
10778,"a derivada de 30x^3 + 12x^4 +15+ 1 é 90x^2+48^3=0, certo???",neutral,kien_thuc
10779,"Assistindo isso na Dinamarca para o exame preb. Poderia ter visto isso curso primeiro, um trabalho incrível. Muito obrigado!",positive,chuong_trinh_hoc
10780,"Há um ERRO na fórmula do minuto 32:31. Deve ser S(Λ^100)c para funcionar como it é suposto. No entanto it é uma excelente palestra, muito obrigado. :)",negative,kien_thuc
10780,"Há um ERRO na fórmula do minuto 32:31. Deve ser S(Λ^100)c para funcionar como it é suposto. No entanto it é uma excelente palestra, muito obrigado. :)",positive,chuong_trinh_hoc
10780,"Há um ERRO na fórmula do minuto 32:31. Deve ser S(Λ^100)c para funcionar como it é suposto. No entanto it é uma excelente palestra, muito obrigado. :)",positive,chuong_trinh_hoc
10781,incrível como o prof. Strang usa um erro na aula 9 para chamar a atenção para o fato de que o R(C(A) = R(C(A'))) ... muitos professores egocêntricos teriam simplesmente ignorado isso.,positive,ky_nang_giang_day
10781,incrível como o prof. Strang usa um erro na aula 9 para chamar a atenção para o fato de que o R(C(A) = R(C(A'))) ... muitos professores egocêntricos teriam simplesmente ignorado isso.,positive,kien_thuc
10782,Obrigado Professor StrangObrigado MIT OCW2022/08/07,positive,ky_nang_giang_day
10783,Me ensinaram que o inverso da matriz A pode ser encontrado como -> (1/ |A| * adj(A)) ...... está tudo bem para mim pular esses métodos... porque eu sou meio frequente com isso,neutral,kien_thuc
10783,Me ensinaram que o inverso da matriz A pode ser encontrado como -> (1/ |A| * adj(A)) ...... está tudo bem para mim pular esses métodos... porque eu sou meio frequente com isso,neutral,kien_thuc
10785,como posso obter os artigos que o professor deu a eles?alguém os carrega em alguma página?,neutral,ky_nang_giang_day
10785,como posso obter os artigos que o professor deu a eles?alguém os carrega em alguma página?,neutral,noi_chung
10786,Desejo-lhe vida longa Prof Strang.... o mundo nunca esquecerá sua contribuição...,positive,ky_nang_giang_day
10787,"O cara escreveu a série errado! A série real deveria ter sido 1/2+1/4+1/8+1/16... E ele não pode ir além do dobro do comprimento de um bloco, medido da extremidade esquerda do bloco de cima até a extremidade direita do bloco de baixo. E isso significa que ele precisaria de infinitos blocos para alinhar as extremidades dos blocos de cima e de baixo. Então o cara não conseguiu passar pelo bloco de baixo, parece que foi desse ângulo. (Acredite em mim, eu resolvi essa questão na aula de física no ensino médio.)",negative,ky_nang_giang_day
10787,"O cara escreveu a série errado! A série real deveria ter sido 1/2+1/4+1/8+1/16... E ele não pode ir além do dobro do comprimento de um bloco, medido da extremidade esquerda do bloco de cima até a extremidade direita do bloco de baixo. E isso significa que ele precisaria de infinitos blocos para alinhar as extremidades dos blocos de cima e de baixo. Então o cara não conseguiu passar pelo bloco de baixo, parece que foi desse ângulo. (Acredite em mim, eu resolvi essa questão na aula de física no ensino médio.)",negative,ky_nang_giang_day
10788,Acabei de terminar sua álgebra linear 18.06 do ano de 2005... Céus! Estudei na universidade por 10 anos e não encontrei um melhor professor de matemática. Ensino excelente!!! Terminei o curso e consigo fazer algumas operações matriciais confortavelmente sem escrevê-las. Desejo a você muitos mais anos felizes e boa saúde prof. Strang.,positive,ky_nang_giang_day
10788,Acabei de terminar sua álgebra linear 18.06 do ano de 2005... Céus! Estudei na universidade por 10 anos e não encontrei um melhor professor de matemática. Ensino excelente!!! Terminei o curso e consigo fazer algumas operações matriciais confortavelmente sem escrevê-las. Desejo a você muitos mais anos felizes e boa saúde prof. Strang.,positive,chuong_trinh_hoc
10788,Acabei de terminar sua álgebra linear 18.06 do ano de 2005... Céus! Estudei na universidade por 10 anos e não encontrei um melhor professor de matemática. Ensino excelente!!! Terminei o curso e consigo fazer algumas operações matriciais confortavelmente sem escrevê-las. Desejo a você muitos mais anos felizes e boa saúde prof. Strang.,positive,chuong_trinh_hoc
10789,talvez seja porque eles têm que pagar tanto aos seus professores? E eles provavelmente usariam o dinheiro para financiar mais em educação na internet porque o dinheiro é alocado para partes específicas dentro de MIT.,neutral,ky_nang_giang_day
10789,talvez seja porque eles têm que pagar tanto aos seus professores? E eles provavelmente usariam o dinheiro para financiar mais em educação na internet porque o dinheiro é alocado para partes específicas dentro de MIT.,neutral,noi_chung
10789,talvez seja porque eles têm que pagar tanto aos seus professores? E eles provavelmente usariam o dinheiro para financiar mais em educação na internet porque o dinheiro é alocado para partes específicas dentro de MIT.,neutral,thiet_bi_day_hoc
10790,ele é o melhor professor que eu conheço,positive,ky_nang_giang_day
10792,"Não gosto tanto desse cara quanto do outro prof, parece pular algumas explicações necessárias",negative,ky_nang_giang_day
10792,"Não gosto tanto desse cara quanto do outro prof, parece pular algumas explicações necessárias",positive,ky_nang_giang_day
10793,Clerly dependente -v1 + 2v = v3. Mas ele esclarece isso da próxima vez. Não é tão importante aqui palestra.,neutral,ky_nang_giang_day
10793,Clerly dependente -v1 + 2v = v3. Mas ele esclarece isso da próxima vez. Não é tão importante aqui palestra.,neutral,chuong_trinh_hoc
10793,Clerly dependente -v1 + 2v = v3. Mas ele esclarece isso da próxima vez. Não é tão importante aqui palestra.,neutral,kien_thuc
10794,"Obrigado Dr. Strang. Eu me formei no ensino médio funcionalmente analfabeto em matemática. Na minha jornada para aprender matemática sozinho, você se tornou um grande mentor.",positive,ky_nang_giang_day
10795,Qual é o texto usado para esta classe?,neutral,thiet_bi_day_hoc
10796,Por que no mundo isso vídeo tem tantos deslikes? Absolutamente incrível palestra.,positive,chuong_trinh_hoc
10796,Por que no mundo isso vídeo tem tantos deslikes? Absolutamente incrível palestra.,positive,chuong_trinh_hoc
10797,O diretor de admissão de Business Analytics da McCombs School of Business me disse para assistir a estes vídeos para entender a álgebra linear.,neutral,chuong_trinh_hoc
10798,"Tenho trabalhado nos conjuntos de problemas para essas palestras no site do MIT, mas ele não parece fornecer soluções para os problemas da parte B; alguém sabe onde posso encontrá-los?",neutral,kien_thuc
10799,"Legal palestra, mas você também deve adicionar o conteúdo da palestra na descrição para que as pessoas não precisem ler a palestra inteira para descobrir se ela é relevante para o curso delas ou não.",positive,chuong_trinh_hoc
10799,"Legal palestra, mas você também deve adicionar o conteúdo da palestra na descrição para que as pessoas não precisem ler a palestra inteira para descobrir se ela é relevante para o curso delas ou não.",negative,thiet_bi_day_hoc
10800,Não consigo entender como A pode ser um número negativo quando é dado como e^c e e é um número positivo.,neutral,kien_thuc
10800,Não consigo entender como A pode ser um número negativo quando é dado como e^c e e é um número positivo.,neutral,kien_thuc
10801,"desculpe, me perdi em 32""14 o que exatamente aconteceu com a forma como ele conseguiu a última linha disso matriz que era quase uma identidade?",neutral,ky_nang_giang_day
10801,"desculpe, me perdi em 32""14 o que exatamente aconteceu com a forma como ele conseguiu a última linha disso matriz que era quase uma identidade?",neutral,kien_thuc
10802,"Se eu algum dia me formar, será 100% graças a esse cara.",positive,ky_nang_giang_day
10803,Gilbert estranho um grande professor de matemática............,positive,ky_nang_giang_day
10804,"Ele está levando você a pensar, em vez de provar um teorema.",positive,ky_nang_giang_day
10805,Este é o meu favorito palestra,positive,chuong_trinh_hoc
10806,veja o quão bom é esse palestrante. Eu sou do IÊMEN>...mit.edu/~jnt/home.html,positive,ky_nang_giang_day
10807,"Bom explicação, mas a convenção para letras atribuídas a ângulos (phi, theta) é diferente da mais usual. Theta, geralmente é usado para o ângulo do eixo z",negative,kien_thuc
10807,"Bom explicação, mas a convenção para letras atribuídas a ângulos (phi, theta) é diferente da mais usual. Theta, geralmente é usado para o ângulo do eixo z",positive,noi_chung
10808,Quando digo às pessoas que participei MIT :-),positive,chuong_trinh_hoc
10809,Ótimo professor trocou de camisa,positive,ky_nang_giang_day
10810,Muito suspense! Estou começando o próximo vídeo agora,neutral,chuong_trinh_hoc
10811,jeeeessssssuuuusssss .... tem que assistir esse vídeo na velocidade 2x. ele fala muuuuito devagar,negative,ky_nang_giang_day
10812,"Acho que Strang deixa de fora um ponto-chave no exemplo da equação diferencial, que é que os n autovetores únicos formam uma base para R^n, e é por isso que u0 pode ser expresso como uma combinação linear dos autovetores.",neutral,kien_thuc
10812,"Acho que Strang deixa de fora um ponto-chave no exemplo da equação diferencial, que é que os n autovetores únicos formam uma base para R^n, e é por isso que u0 pode ser expresso como uma combinação linear dos autovetores.",neutral,kien_thuc
10813,Eu realmente gosto do Vídeo dos seus problemas de Max-min,positive,chuong_trinh_hoc
10814,Só quero saber quem entra no MIT sem ter feito Cálculo I.,neutral,kien_thuc
10815,Esses quadros-negros me deixam louco,positive,thiet_bi_day_hoc
10816,"acho que ele quebra a convenção usual para matriz m * n sendo: m linhas, n colunas ... o que me confundiu, mas ótima palestra de qualquer maneira ... edição: eu estava errado 9:12 ... entendi mal o que ele disse lá, é claro que o espaço de colunas tem m (linhas e muitos) componentes, porque as colunas têm m (linhas e muitos) componentes para baixo ... obrigado Robert Smits",positive,ky_nang_giang_day
10816,"acho que ele quebra a convenção usual para matriz m * n sendo: m linhas, n colunas ... o que me confundiu, mas ótima palestra de qualquer maneira ... edição: eu estava errado 9:12 ... entendi mal o que ele disse lá, é claro que o espaço de colunas tem m (linhas e muitos) componentes, porque as colunas têm m (linhas e muitos) componentes para baixo ... obrigado Robert Smits",neutral,kien_thuc
10817,"Bem feito, prof! Algumas pessoas são boas apenas em Álgebra Linear, algumas podem fazer outras serem boas em Álgebra Linear!",positive,ky_nang_giang_day
10817,"Bem feito, prof! Algumas pessoas são boas apenas em Álgebra Linear, algumas podem fazer outras serem boas em Álgebra Linear!",negative,ky_nang_giang_day
10817,"Bem feito, prof! Algumas pessoas são boas apenas em Álgebra Linear, algumas podem fazer outras serem boas em Álgebra Linear!",negative,kien_thuc
10817,"Bem feito, prof! Algumas pessoas são boas apenas em Álgebra Linear, algumas podem fazer outras serem boas em Álgebra Linear!",positive,kien_thuc
10818,"Caro IDidactl, Muito obrigado pela sua resposta. Agora entendi. Obrigado novamente. Você também está fazendo a aula dele?",positive,ky_nang_giang_day
10819,ele é tão bom em explicar! Eu o amo!!!!!!!!!!!,positive,ky_nang_giang_day
10820,"esse cara entende do assunto. eu gostei muito da aula dele. Avaliador razoável também, não é duro, mas razoável.",positive,ky_nang_giang_day
10820,"esse cara entende do assunto. eu gostei muito da aula dele. Avaliador razoável também, não é duro, mas razoável.",positive,chuong_trinh_hoc
10821,"Demorei um pouco, mas o todo Exemplo de Ascrewedup é realmente legal para ver por que as diagonais fora são 0",positive,kien_thuc
10822,Esse dever de casa que ele deixou é de qual livro? E que páginas são essas?? Eu realmente preciso praticar isso!!!,neutral,thiet_bi_day_hoc
10823,"Se um ponto é a intersecção de dois linhas, e uma linha é a intersecção de dois plano, então um (5: plano) é a intersecção de dois espaços tridimensionais? Isso não faz sentido algum, mas ele quase parece que ele seria verdade se você continuasse seguindo a lógica init)ial.",neutral,kien_thuc
10823,"Se um ponto é a intersecção de dois linhas, e uma linha é a intersecção de dois plano, então um (5: plano) é a intersecção de dois espaços tridimensionais? Isso não faz sentido algum, mas ele quase parece que ele seria verdade se você continuasse seguindo a lógica init)ial.",neutral,kien_thuc
10823,"Se um ponto é a intersecção de dois linhas, e uma linha é a intersecção de dois plano, então um (5: plano) é a intersecção de dois espaços tridimensionais? Isso não faz sentido algum, mas ele quase parece que ele seria verdade se você continuasse seguindo a lógica init)ial.",neutral,kien_thuc
10823,"Se um ponto é a intersecção de dois linhas, e uma linha é a intersecção de dois plano, então um (5: plano) é a intersecção de dois espaços tridimensionais? Isso não faz sentido algum, mas ele quase parece que ele seria verdade se você continuasse seguindo a lógica init)ial.",neutral,kien_thuc
10823,"Se um ponto é a intersecção de dois linhas, e uma linha é a intersecção de dois plano, então um (5: plano) é a intersecção de dois espaços tridimensionais? Isso não faz sentido algum, mas ele quase parece que ele seria verdade se você continuasse seguindo a lógica init)ial.",neutral,kien_thuc
10823,"Se um ponto é a intersecção de dois linhas, e uma linha é a intersecção de dois plano, então um (5: plano) é a intersecção de dois espaços tridimensionais? Isso não faz sentido algum, mas ele quase parece que ele seria verdade se você continuasse seguindo a lógica init)ial.",neutral,kien_thuc
10823,"Se um ponto é a intersecção de dois linhas, e uma linha é a intersecção de dois plano, então um (5: plano) é a intersecção de dois espaços tridimensionais? Isso não faz sentido algum, mas ele quase parece que ele seria verdade se você continuasse seguindo a lógica init)ial.",neutral,kien_thuc
10823,"Se um ponto é a intersecção de dois linhas, e uma linha é a intersecção de dois plano, então um (5: plano) é a intersecção de dois espaços tridimensionais? Isso não faz sentido algum, mas ele quase parece que ele seria verdade se você continuasse seguindo a lógica init)ial.",neutral,kien_thuc
10824,por que y^Tx é igual a 1?,neutral,kien_thuc
10825,"Concluído (30/11/22). Para o exame! Obrigado, Dr. Strang e a equipe do MIT OCW!",positive,ky_nang_giang_day
10825,"Concluído (30/11/22). Para o exame! Obrigado, Dr. Strang e a equipe do MIT OCW!",positive,noi_chung
10826,Ele claramente tem um profundo entendimento sobre o que está dizendo...excelente palestra!!🇧🇩🇧🇩,positive,ky_nang_giang_day
10826,Ele claramente tem um profundo entendimento sobre o que está dizendo...excelente palestra!!🇧🇩🇧🇩,positive,chuong_trinh_hoc
10827,"Meh, bom vídeo, mas suas aulas não são muito melhores do que as aulas da minha faculdade. O professor mais destacado do MIT é Walter Lewin :D",positive,chuong_trinh_hoc
10827,"Meh, bom vídeo, mas suas aulas não são muito melhores do que as aulas da minha faculdade. O professor mais destacado do MIT é Walter Lewin :D",neutral,chuong_trinh_hoc
10829,"Este é o cálculo mais intuitivo e abrangente palestra que já vi. Obrigado, MIT!",positive,chuong_trinh_hoc
10829,"Este é o cálculo mais intuitivo e abrangente palestra que já vi. Obrigado, MIT!",positive,noi_chung
10830,Professor você me salvou. Obrigado por suas palestras. Nosso professor universitário é o pior em ensinar álgebra linear.,positive,ky_nang_giang_day
10830,Professor você me salvou. Obrigado por suas palestras. Nosso professor universitário é o pior em ensinar álgebra linear.,positive,chuong_trinh_hoc
10830,Professor você me salvou. Obrigado por suas palestras. Nosso professor universitário é o pior em ensinar álgebra linear.,negative,ky_nang_giang_day
10830,Professor você me salvou. Obrigado por suas palestras. Nosso professor universitário é o pior em ensinar álgebra linear.,negative,chuong_trinh_hoc
10831,"@[USERNAME]eles podem pagar pelos melhores giz do mundo. Esses giz consistem em cerca de 28% de cálcio, por isso esses giz são muito resistentes e você pode desenhar linhas retas e longas. E se alguém tiver problemas com os dentes, eles também podem ser comidos. Mas antes, você precisa esmagar giz ou raspar o quadro branco e misturar com um pouco de limão ou outro ácido. Sem ácido, você não consumirá cálcio. Eles também são chamados de comestíveis giz.",positive,thiet_bi_day_hoc
10832,"Gostaria que esse cara me ensinasse Matemática 293 e 294 em Cornell. Meu cara mal conseguia falar inglês, muito menos eNULLplain o que estávamos tentando realizar. Eu entendi que se quiséssemos autovetores perpendiculares a NULL teríamos sustentação relativa ao fluxo... mas esse cara teria tornado a matemática um pouco mais simples.",positive,ky_nang_giang_day
10832,"Gostaria que esse cara me ensinasse Matemática 293 e 294 em Cornell. Meu cara mal conseguia falar inglês, muito menos eNULLplain o que estávamos tentando realizar. Eu entendi que se quiséssemos autovetores perpendiculares a NULL teríamos sustentação relativa ao fluxo... mas esse cara teria tornado a matemática um pouco mais simples.",neutral,chuong_trinh_hoc
10832,"Gostaria que esse cara me ensinasse Matemática 293 e 294 em Cornell. Meu cara mal conseguia falar inglês, muito menos eNULLplain o que estávamos tentando realizar. Eu entendi que se quiséssemos autovetores perpendiculares a NULL teríamos sustentação relativa ao fluxo... mas esse cara teria tornado a matemática um pouco mais simples.",neutral,kien_thuc
10832,"Gostaria que esse cara me ensinasse Matemática 293 e 294 em Cornell. Meu cara mal conseguia falar inglês, muito menos eNULLplain o que estávamos tentando realizar. Eu entendi que se quiséssemos autovetores perpendiculares a NULL teríamos sustentação relativa ao fluxo... mas esse cara teria tornado a matemática um pouco mais simples.",neutral,kien_thuc
10833,"Eu sou um IITian. Temos alguns professores que ensinam isso bem. A maioria é muito chata. Obrigado, MIT.",negative,ky_nang_giang_day
10834,"Obrigado professor strang, muito útil!!",positive,ky_nang_giang_day
10835,Levei 15 segundos para perceber que ele estava falando inglês!,negative,ky_nang_giang_day
10836,"Estou realmente tentando ver por que multiplicação de matrizes deveria funcionar do jeito que funciona e não consigo encontrar um bom recurso que fale sobre esse tópico específico. O fato de que nem mesmo Gauss conseguiu ver é um consolo, mas eu realmente adoraria ter uma boa explicação.",neutral,kien_thuc
10837,"Se todo o conteúdo do YouTube fosse excluído hoje, a coisa mais chata para mim provavelmente seria perder isso série de aulas.",positive,thiet_bi_day_hoc
10838,"Agora eu entendo porque os americanos são péssimos matemática droga (sim, eu sou francês)",neutral,kien_thuc
10839,Obrigado! Esta é uma palestra incrível,positive,chuong_trinh_hoc
10840,"Tenho assistido a todos os vídeos precedentes, entendendo a maioria do que acontece, mas sempre achei que não tinha ligação entre o que vi e o que já sei. Não consegui integrar o novo conjunto de conceitos ao meu conhecimento atual. Foi bem intrigante. Agora, com os primeiros 18 minutos disto palestra, tudo simplesmente fez sentido. É como se eu estivesse flutuando no espaço, tendo dificuldade para navegar, mas ainda conseguisse me mover de um ponto a outro. Agora tenho gravidade. Isto é bem impressionante.",positive,chuong_trinh_hoc
10841,"Muito obrigado Dr. Strang, estou muito animado para a próxima palestra.",positive,ky_nang_giang_day
10841,"Muito obrigado Dr. Strang, estou muito animado para a próxima palestra.",positive,chuong_trinh_hoc
10842,"Uma das melhores palestras no Youtube, obrigado Prof. Gilbert por explicar isso lindamente.",positive,ky_nang_giang_day
10843,Uma das melhores aulas de cálculo!,positive,chuong_trinh_hoc
10845,"Jerison está apenas comparando os termos de grau mais alto tanto no numerador (1) quanto no denominador (1/x), porque isso é tudo o que importa quando o limite se aproxima do infinito. E sim, o fator desaparece para zero, depois que essa comparação é feita. Ele apenas eliminou o resto dos termos antecipadamente porque eles são irrelevantes quando x se aproxima do infinito.",neutral,ky_nang_giang_day
10846,"Na verdade, gostei muito mais das palestras do professor Miler do que das palestras do professor Jerison.",positive,ky_nang_giang_day
10846,"Na verdade, gostei muito mais das palestras do professor Miler do que das palestras do professor Jerison.",neutral,ky_nang_giang_day
10847,densidade em gramas por polegada cúbica???? Estranho! Ele estava realmente com pressa no final...,neutral,kien_thuc
10847,densidade em gramas por polegada cúbica???? Estranho! Ele estava realmente com pressa no final...,neutral,ky_nang_giang_day
10849,Isto estatística está relacionado com área empresarial?,neutral,kien_thuc
10849,Isto estatística está relacionado com área empresarial?,neutral,noi_chung
10850,"Você é o rei, Sr. Strang! Obrigado",positive,ky_nang_giang_day
10851,"Muito obrigado, Professor Strang!",positive,ky_nang_giang_day
10852,Por que minha universidade não permite que alunos gravem as aulas? É muito bom ter essas em casa no formato vídeo. Você pode assisti-las novamente e voltar no tempo sempre que perder algo porque não estava prestando atenção. Muito útil.,negative,noi_chung
10852,Por que minha universidade não permite que alunos gravem as aulas? É muito bom ter essas em casa no formato vídeo. Você pode assisti-las novamente e voltar no tempo sempre que perder algo porque não estava prestando atenção. Muito útil.,neutral,noi_chung
10852,Por que minha universidade não permite que alunos gravem as aulas? É muito bom ter essas em casa no formato vídeo. Você pode assisti-las novamente e voltar no tempo sempre que perder algo porque não estava prestando atenção. Muito útil.,positive,thiet_bi_day_hoc
10852,Por que minha universidade não permite que alunos gravem as aulas? É muito bom ter essas em casa no formato vídeo. Você pode assisti-las novamente e voltar no tempo sempre que perder algo porque não estava prestando atenção. Muito útil.,positive,chuong_trinh_hoc
10854,Por que não Leipzig contínuo e apenas limitado?,neutral,kien_thuc
10855,Excelente palestra. Obrigado por compartilhar!,positive,chuong_trinh_hoc
10856,"47:25 canto inferior esquerdo: Como Var(u^TX) é definido? O que significa a ""variância"" de um vetor aleatório? Muito obrigado",neutral,kien_thuc
10857,"Este professor é incrível! Não só ele me iluminou com álgebra linear, mas me deixou muito feliz em ver que ainda há pessoas tão apaixonadas por seu trabalho. Eu simplesmente adoro isso!",positive,ky_nang_giang_day
10858,"Às 28:00, ele fez a coisa que Walter Lewin faz. É um pré-requisito para todos os professores do MIT ter a habilidade de fazer essa ""linha pontilhada""?",neutral,ky_nang_giang_day
10859,Hoje eu terminei este curso. Eu só quero dizer que Prof. David Jerison é um professor excelente e extraordinário. Um monte de agradecimentos para aqueles que tornaram isso possível para trazer este curso online e torná-lo disponível para todos gratuitamente. Muito obrigado MIT...,positive,ky_nang_giang_day
10859,Hoje eu terminei este curso. Eu só quero dizer que Prof. David Jerison é um professor excelente e extraordinário. Um monte de agradecimentos para aqueles que tornaram isso possível para trazer este curso online e torná-lo disponível para todos gratuitamente. Muito obrigado MIT...,positive,chuong_trinh_hoc
10860,"Uma ótima palestra. Em 38,58 ele deveria ter dito Probabilidade de observar os dados dado que os dados são distribuídos de acordo com os parâmetros theta",positive,chuong_trinh_hoc
10860,"Uma ótima palestra. Em 38,58 ele deveria ter dito Probabilidade de observar os dados dado que os dados são distribuídos de acordo com os parâmetros theta",neutral,ky_nang_giang_day
10860,"Uma ótima palestra. Em 38,58 ele deveria ter dito Probabilidade de observar os dados dado que os dados são distribuídos de acordo com os parâmetros theta",neutral,kien_thuc
10860,"Uma ótima palestra. Em 38,58 ele deveria ter dito Probabilidade de observar os dados dado que os dados são distribuídos de acordo com os parâmetros theta",neutral,kien_thuc
10861,isso não é como construir uma fórmula iterativa para aproximar a raiz?,neutral,kien_thuc
10862,49 minutos e ainda esperando que ele chegue ao PCA em breve hahaha... ótimo palestra embora,positive,chuong_trinh_hoc
10863,Essas são boas demais. Passei dias lendo definições abstratas e explicações formais em livros para entender conceitos que este professor explica de forma tão vívida e criativa em 10 segundos! Obrigado!,positive,ky_nang_giang_day
10864,"Ah, ter tido um professor como esse que queria que você aprendesse matemática, diferente das minhas aulas, que tinham como objetivo eliminar o máximo de alunos possível.",positive,ky_nang_giang_day
10865,Foi um lindo final. Me fez chorar,positive,chuong_trinh_hoc
10866,Eu queria ter ido para uma escola da Ivy League onde as palestras fossem realmente compreensíveis. Ao contrário da minha universidade |:,positive,chuong_trinh_hoc
10866,Eu queria ter ido para uma escola da Ivy League onde as palestras fossem realmente compreensíveis. Ao contrário da minha universidade |:,positive,noi_chung
10866,Eu queria ter ido para uma escola da Ivy League onde as palestras fossem realmente compreensíveis. Ao contrário da minha universidade |:,negative,noi_chung
10867,"Em 1:08:10, esses lambda não deveriam ser valores próprios de Sigma ? (ou matriz de covariância?)",negative,kien_thuc
10868,"@[USERNAME]MEU DEUS, pensei que eu fosse o único que pensava isso. Powerpoint simplesmente não me ajuda. Eu realmente queria que meus professores usassem um quadro-negro!",negative,chuong_trinh_hoc
10869,"Estou apenas começando online com a aula do Prof Strang no YouTube. Adoro seu estilo, sua velocidade e sua paixão por inspirar pensamentos sobre as respostas. O homem parece ser um dos educadores e pensadores verdadeiramente talentosos. Obrigado ao MIT por postar este e outros conhecimentos online!",positive,ky_nang_giang_day
10869,"Estou apenas começando online com a aula do Prof Strang no YouTube. Adoro seu estilo, sua velocidade e sua paixão por inspirar pensamentos sobre as respostas. O homem parece ser um dos educadores e pensadores verdadeiramente talentosos. Obrigado ao MIT por postar este e outros conhecimentos online!",positive,thiet_bi_day_hoc
10869,"Estou apenas começando online com a aula do Prof Strang no YouTube. Adoro seu estilo, sua velocidade e sua paixão por inspirar pensamentos sobre as respostas. O homem parece ser um dos educadores e pensadores verdadeiramente talentosos. Obrigado ao MIT por postar este e outros conhecimentos online!",positive,thiet_bi_day_hoc
10869,"Estou apenas começando online com a aula do Prof Strang no YouTube. Adoro seu estilo, sua velocidade e sua paixão por inspirar pensamentos sobre as respostas. O homem parece ser um dos educadores e pensadores verdadeiramente talentosos. Obrigado ao MIT por postar este e outros conhecimentos online!",positive,noi_chung
10870,Este é um bom curso para análise de dados,positive,chuong_trinh_hoc
10871,"1:14:50 Tenho pensado sobre essa questão há dias, que está relacionada ao pset2 #4 [projeção de decidível se e somente se T-reconhecível]. Como podemos ter certeza de que as provas em si não causam loops? No sentido do problema de projeção, como posso ter certeza de que o reconhecível T está tentando novas entradas e não desperdiçando seu tempo com círculos inúteis em um par específico de (x, y)",neutral,kien_thuc
10871,"1:14:50 Tenho pensado sobre essa questão há dias, que está relacionada ao pset2 #4 [projeção de decidível se e somente se T-reconhecível]. Como podemos ter certeza de que as provas em si não causam loops? No sentido do problema de projeção, como posso ter certeza de que o reconhecível T está tentando novas entradas e não desperdiçando seu tempo com círculos inúteis em um par específico de (x, y)",neutral,kien_thuc
10872,"Plano de 8ª dimensão dentro de um espaço de 9ª dimensão. Se os valores das colunas 8ª e 9ª forem os mesmos, então seria como um plano sobre um plano como uma cebola. Estou confuso.",neutral,kien_thuc
10872,"Plano de 8ª dimensão dentro de um espaço de 9ª dimensão. Se os valores das colunas 8ª e 9ª forem os mesmos, então seria como um plano sobre um plano como uma cebola. Estou confuso.",neutral,kien_thuc
10873,Autoeducação com tão bons professores é o futuro! Obrigado Professor Strang.,positive,ky_nang_giang_day
10873,Autoeducação com tão bons professores é o futuro! Obrigado Professor Strang.,positive,ky_nang_giang_day
10874,"adoro quantos pequenos extras ele acrescenta constantemente, como pequenas ""notas"" para saber ^^ mantém a mente desperta e entretida em admiração :Dqueria que meus professores estivessem tão envolvidos em suas palestras :)",positive,ky_nang_giang_day
10874,"adoro quantos pequenos extras ele acrescenta constantemente, como pequenas ""notas"" para saber ^^ mantém a mente desperta e entretida em admiração :Dqueria que meus professores estivessem tão envolvidos em suas palestras :)",negative,ky_nang_giang_day
10874,"adoro quantos pequenos extras ele acrescenta constantemente, como pequenas ""notas"" para saber ^^ mantém a mente desperta e entretida em admiração :Dqueria que meus professores estivessem tão envolvidos em suas palestras :)",negative,chuong_trinh_hoc
10875,"Que privilégio deve ser ter um professor tão maravilhoso. Obrigado, MIT, por essas 35 palestras!",positive,ky_nang_giang_day
10875,"Que privilégio deve ser ter um professor tão maravilhoso. Obrigado, MIT, por essas 35 palestras!",positive,chuong_trinh_hoc
10876,"why é Q não está no the other lado, se movermos para baixo (South) de where dh/dx é 0 than também h which diminui right? Quero dizer dh/dy < 0 para both pontos right? why apenas para o the superior?",neutral,kien_thuc
10876,"why é Q não está no the other lado, se movermos para baixo (South) de where dh/dx é 0 than também h which diminui right? Quero dizer dh/dy < 0 para both pontos right? why apenas para o the superior?",neutral,kien_thuc
10876,"why é Q não está no the other lado, se movermos para baixo (South) de where dh/dx é 0 than também h which diminui right? Quero dizer dh/dy < 0 para both pontos right? why apenas para o the superior?",neutral,kien_thuc
10876,"why é Q não está no the other lado, se movermos para baixo (South) de where dh/dx é 0 than também h which diminui right? Quero dizer dh/dy < 0 para both pontos right? why apenas para o the superior?",neutral,kien_thuc
10877,Ele parece o senador Pat Geary de O Poderoso Chefão 2.,neutral,ky_nang_giang_day
10878,Tanta energia para um gravado vídeo com uma classe vazia. Muito obrigado Professor Gilbert!,positive,ky_nang_giang_day
10878,Tanta energia para um gravado vídeo com uma classe vazia. Muito obrigado Professor Gilbert!,positive,chuong_trinh_hoc
10879,"Isso é o que eu chamo de matemática ""valiosa"" palestra. O tempo é gasto para explicar aos alunos ""por que"" as coisas são verdadeiras. Enquanto em instituições eu estive, o tempo é gasto para ler slides para os alunos e mostrar a eles como resolver problemas sem nem mesmo ter a menor ideia sobre o procedimento que eles estão fazendo para resolver um problema.",positive,chuong_trinh_hoc
10879,"Isso é o que eu chamo de matemática ""valiosa"" palestra. O tempo é gasto para explicar aos alunos ""por que"" as coisas são verdadeiras. Enquanto em instituições eu estive, o tempo é gasto para ler slides para os alunos e mostrar a eles como resolver problemas sem nem mesmo ter a menor ideia sobre o procedimento que eles estão fazendo para resolver um problema.",negative,noi_chung
10880,"Concluí o curso inteiro hoje, 27/08/2021. Não lembro quando comecei, mas o primeiro capítulo me deu um monte de intuição e me encorajou a continuar estudando até o final do curso. Obrigado, Prof. Gilbert Strang. Você é meu ótimo professor de matemática. Você me inspirou a continuar avançando nessas coisas. Espero muito poder conhecê-lo um dia.",positive,ky_nang_giang_day
10880,"Concluí o curso inteiro hoje, 27/08/2021. Não lembro quando comecei, mas o primeiro capítulo me deu um monte de intuição e me encorajou a continuar estudando até o final do curso. Obrigado, Prof. Gilbert Strang. Você é meu ótimo professor de matemática. Você me inspirou a continuar avançando nessas coisas. Espero muito poder conhecê-lo um dia.",positive,chuong_trinh_hoc
10881,Obrigado professor ! Realmente ajuda muito a entender o funcionamento da visão computacional 3D.,positive,ky_nang_giang_day
10881,Obrigado professor ! Realmente ajuda muito a entender o funcionamento da visão computacional 3D.,positive,noi_chung
10882,Que palestra incrível e cativante palestra ele é. OBRIGADO,positive,chuong_trinh_hoc
10882,Que palestra incrível e cativante palestra ele é. OBRIGADO,positive,ky_nang_giang_day
10883,"Tenho muito respeito por professor Gilbert Strang. Ele está em uma idade tão avançada nesses vídeos, mas ainda consegue dar palestras tão boas. Na verdade, estamos em 2018 e ele ainda está dando palestras!",positive,ky_nang_giang_day
10883,"Tenho muito respeito por professor Gilbert Strang. Ele está em uma idade tão avançada nesses vídeos, mas ainda consegue dar palestras tão boas. Na verdade, estamos em 2018 e ele ainda está dando palestras!",positive,chuong_trinh_hoc
10883,"Tenho muito respeito por professor Gilbert Strang. Ele está em uma idade tão avançada nesses vídeos, mas ainda consegue dar palestras tão boas. Na verdade, estamos em 2018 e ele ainda está dando palestras!",positive,chuong_trinh_hoc
10884,"Em 32:00, the prove é apenas the component e e p eigual a b. Mas eu acho que the e deveria ser be perpendicular para the line, não para tomar e the y components... i.e. às 32:00, para the prova, there é uma suposição de que the x component de b,e,p are the same. De qualquer forma, é um ótimo video series para review. :>",negative,kien_thuc
10884,"Em 32:00, the prove é apenas the component e e p eigual a b. Mas eu acho que the e deveria ser be perpendicular para the line, não para tomar e the y components... i.e. às 32:00, para the prova, there é uma suposição de que the x component de b,e,p are the same. De qualquer forma, é um ótimo video series para review. :>",positive,chuong_trinh_hoc
10886,"Eu sou da Índia, adoro seu ensino",positive,chuong_trinh_hoc
10887,"Ok, eu nem sei o que está acontecendo e não sei por onde começar a aprender cálculo rs",neutral,kien_thuc
10889,Eu amo esse cara. Ele é tão engraçado e bom em explicar as coisas.,positive,ky_nang_giang_day
10890,"Eu não entendo... Eu sou muito burro de estar no MIT, mas o que diabos está acontecendo com esses alunos... eles não deveriam ficar confusos por coisas simples como essa. Alguém pode me dizer se os alunos do MIT não são tão inteligentes quanto as pessoas dizem?",neutral,ky_nang_giang_day
10891,Obrigado pela analogia às 21:00. Primeira vez que recebo isso :),positive,kien_thuc
10892,"obrigado professor Strang, você não sabe o quanto isso é útil para muitos de nós!",positive,ky_nang_giang_day
10892,"obrigado professor Strang, você não sabe o quanto isso é útil para muitos de nós!",positive,chuong_trinh_hoc
10893,"Tenho uma pergunta aqui, para mim um ponto em 3d é dimensional zero, mas se alguma entidade viva for menor que esse ponto, algum ser vivo microscópico, para ele o ponto terá alguma dimensão, então, é assim que o vetor espaços que estou estudando, eu posso visualizar no meu espaço existente, se alguém estiver lá em algum espaço diferente, eles farão algum outro espaço vetorial? A solução permanecerá a mesma em diferentes espaços para um problema ou exemplo específico?",neutral,kien_thuc
10893,"Tenho uma pergunta aqui, para mim um ponto em 3d é dimensional zero, mas se alguma entidade viva for menor que esse ponto, algum ser vivo microscópico, para ele o ponto terá alguma dimensão, então, é assim que o vetor espaços que estou estudando, eu posso visualizar no meu espaço existente, se alguém estiver lá em algum espaço diferente, eles farão algum outro espaço vetorial? A solução permanecerá a mesma em diferentes espaços para um problema ou exemplo específico?",neutral,kien_thuc
10894,"Para o Check-in 21.2, how vem D rejeita <D>1000000 na Etapa 1? Na entrada w, marque f(n) células da fita waqui n = |<D>1000000|. Então wo que acontece?",neutral,kien_thuc
10894,"Para o Check-in 21.2, how vem D rejeita <D>1000000 na Etapa 1? Na entrada w, marque f(n) células da fita waqui n = |<D>1000000|. Então wo que acontece?",neutral,kien_thuc
10894,"Para o Check-in 21.2, how vem D rejeita <D>1000000 na Etapa 1? Na entrada w, marque f(n) células da fita waqui n = |<D>1000000|. Então wo que acontece?",neutral,kien_thuc
10894,"Para o Check-in 21.2, how vem D rejeita <D>1000000 na Etapa 1? Na entrada w, marque f(n) células da fita waqui n = |<D>1000000|. Então wo que acontece?",neutral,kien_thuc
10895,Eu poderia ver (A^t(A)) como um produto escalar de dois vetores no espaço matricial?,neutral,kien_thuc
10896,"Pegue notas realmente boas e absorva-as. Agora, tente apresentar a mesma palestra sem memorizar tudo como um roteiro. Não é tão fácil, não é?! Você vê que Strang não está se referindo a notas. Continue trabalhando nisso e você terá internalizado a ideia.",positive,ky_nang_giang_day
10896,"Pegue notas realmente boas e absorva-as. Agora, tente apresentar a mesma palestra sem memorizar tudo como um roteiro. Não é tão fácil, não é?! Você vê que Strang não está se referindo a notas. Continue trabalhando nisso e você terá internalizado a ideia.",positive,noi_chung
10897,"Eu sou Fayçal de Casablanca, Marrocos, e agradeço muito por isso cursos, me faz ver matrizes claramente :)",positive,chuong_trinh_hoc
10898,Bravo!!! De longe o melhor e premium material.,positive,chuong_trinh_hoc
10899,Que homem maravilhoso! Simplesmente maravilhoso!,positive,ky_nang_giang_day
10900,"Uma pessoa não gostou disto vídeo porque percebeu que uma vez fluxo 3D foi explicado de forma excelente, ele ainda não entendeu",positive,thiet_bi_day_hoc
10900,"Uma pessoa não gostou disto vídeo porque percebeu que uma vez fluxo 3D foi explicado de forma excelente, ele ainda não entendeu",positive,kien_thuc
10901,"desculpem pessoal, tenho uma pergunta boba no minuto 9:10 na segunda e terceira matriz na terceira coluna, por que é -2 e 5? não entendi essa parte",neutral,kien_thuc
10902,"Alguém pode, por favor, t nos dizer onde estamos stuck usando (*) at 26:32 t para encontrar t o valor de y? Se eu substitute 2 parax, y^2 terá 2 valores, 0,73205 e -2,73205. Podemos descartar -2,73205, pois that t= dará valores imaginary para y. Alguém pode, por favor, t me dizer onde estou errando? Many tobrigado antecipadamente.",neutral,kien_thuc
10902,"Alguém pode, por favor, t nos dizer onde estamos stuck usando (*) at 26:32 t para encontrar t o valor de y? Se eu substitute 2 parax, y^2 terá 2 valores, 0,73205 e -2,73205. Podemos descartar -2,73205, pois that t= dará valores imaginary para y. Alguém pode, por favor, t me dizer onde estou errando? Many tobrigado antecipadamente.",neutral,kien_thuc
10902,"Alguém pode, por favor, t nos dizer onde estamos stuck usando (*) at 26:32 t para encontrar t o valor de y? Se eu substitute 2 parax, y^2 terá 2 valores, 0,73205 e -2,73205. Podemos descartar -2,73205, pois that t= dará valores imaginary para y. Alguém pode, por favor, t me dizer onde estou errando? Many tobrigado antecipadamente.",neutral,kien_thuc
10902,"Alguém pode, por favor, t nos dizer onde estamos stuck usando (*) at 26:32 t para encontrar t o valor de y? Se eu substitute 2 parax, y^2 terá 2 valores, 0,73205 e -2,73205. Podemos descartar -2,73205, pois that t= dará valores imaginary para y. Alguém pode, por favor, t me dizer onde estou errando? Many tobrigado antecipadamente.",neutral,kien_thuc
10903,16:15 por que o interior da bandeira do Japão (segunda matriz) tem classificação 1? Talvez seja 2?,negative,kien_thuc
10904,"Esse cara é outra coisa. Eu vou para minha aula de Álgebra Linear e geralmente saio me sentindo mais confuso do que quando entrei, então eu vou assistir a esses vídeos e as coisas fazem sentido em minutos. Não é só o que ele sabe, mas ele sabe como explicar, simples, brilhante.",positive,chuong_trinh_hoc
10904,"Esse cara é outra coisa. Eu vou para minha aula de Álgebra Linear e geralmente saio me sentindo mais confuso do que quando entrei, então eu vou assistir a esses vídeos e as coisas fazem sentido em minutos. Não é só o que ele sabe, mas ele sabe como explicar, simples, brilhante.",negative,kien_thuc
10905,"Isso é como chocolate intelectual puro. Gilbert Strang deveria ter assumido a Fábrica de Chocolate do Wonka, não Charlie.",positive,ky_nang_giang_day
10906,"Tive que ir à academia Khan para aprender o que esse cara estava ensinando: tudo o que ele precisava fazer era dizer ""neste ponto, estou adicionando zero a essa equação"".",negative,ky_nang_giang_day
10907,Esta é a melhor palestra que já ouvi. Obrigado Professor.,positive,chuong_trinh_hoc
10907,Esta é a melhor palestra que já ouvi. Obrigado Professor.,positive,ky_nang_giang_day
10908,"puta, foi o que pensei; pena que terminei isso aula no semestre passado",negative,chuong_trinh_hoc
10909,5/32 é a probabilidade de x-1/2(5/24)/(4/3) são as áreas Probabilidade é muito mais interessante que as fórmulas de integração (o que estou fazendo na escola),positive,kien_thuc
10910,"em 30.41 ele escreve ""defina u = Sv"" ele diz que S é a matriz de autovetores, mas ele não diz nada para O QUE É ISSO ""v pequeno"" e por que ele fez esse truque... é desanimador",negative,ky_nang_giang_day
10910,"em 30.41 ele escreve ""defina u = Sv"" ele diz que S é a matriz de autovetores, mas ele não diz nada para O QUE É ISSO ""v pequeno"" e por que ele fez esse truque... é desanimador",negative,kien_thuc
10911,Eu adoro o sotaque desse cara.,positive,ky_nang_giang_day
10912,"O integral de senx é bem fácil. Se você quiser calcular o área de 0 a n vezes pi, basta verificar se n é ímpar ou par. Se for ímpar, então a área é 2, se for par, a área é igual a zero.",positive,kien_thuc
10912,"O integral de senx é bem fácil. Se você quiser calcular o área de 0 a n vezes pi, basta verificar se n é ímpar ou par. Se for ímpar, então a área é 2, se for par, a área é igual a zero.",neutral,kien_thuc
10913,Provar fechamentos usando NFAs parece um código de trapaça,neutral,kien_thuc
10914,"""acento isso"" ""acento aquilo"", eu nem sou um falante nativo, meu inglês é muito básico e eu consigo entender esse cara muito bem... por que vocês, americanos, estão reclamando?",positive,ky_nang_giang_day
10915,Os tradicionais ângulos de câmera eram MUITO mais fáceis de ver.,positive,thiet_bi_day_hoc
10916,Som é muito baixo e Caligrafia também não é perfeitamente visível.,negative,thiet_bi_day_hoc
10916,Som é muito baixo e Caligrafia também não é perfeitamente visível.,negative,thiet_bi_day_hoc
10917,Seu professor da futurama irl! Haha estranho é uma lenda viva.,positive,ky_nang_giang_day
10918,"Este é o melhor curso de Álgebra Linear na minha experiência. Palavras são incapazes de expressar minha gratidão a Prof. Strang, seus TAs e a equipe OCW. Estou tomado de alegria após concluir este curso.",positive,chuong_trinh_hoc
10918,"Este é o melhor curso de Álgebra Linear na minha experiência. Palavras são incapazes de expressar minha gratidão a Prof. Strang, seus TAs e a equipe OCW. Estou tomado de alegria após concluir este curso.",positive,ky_nang_giang_day
10918,"Este é o melhor curso de Álgebra Linear na minha experiência. Palavras são incapazes de expressar minha gratidão a Prof. Strang, seus TAs e a equipe OCW. Estou tomado de alegria após concluir este curso.",positive,noi_chung
10918,"Este é o melhor curso de Álgebra Linear na minha experiência. Palavras são incapazes de expressar minha gratidão a Prof. Strang, seus TAs e a equipe OCW. Estou tomado de alegria após concluir este curso.",positive,noi_chung
10919,Não acredito que estou assistindo isso por diversão por vontade própria. Ele é provavelmente o melhor professor de matemática que já tive,positive,ky_nang_giang_day
10919,Não acredito que estou assistindo isso por diversão por vontade própria. Ele é provavelmente o melhor professor de matemática que já tive,neutral,noi_chung
10920,"o que aconteceu com o som dessa vez? loool mais eco dessa vez EU estou amando estudar dessa forma é tããão melhor do que ler livros! ele tem grande proficiência. mas não se esqueça de praticar problemas nos tópicos que você aborda, isso ajuda a reter as ideias da aula",positive,thiet_bi_day_hoc
10920,"o que aconteceu com o som dessa vez? loool mais eco dessa vez EU estou amando estudar dessa forma é tããão melhor do que ler livros! ele tem grande proficiência. mas não se esqueça de praticar problemas nos tópicos que você aborda, isso ajuda a reter as ideias da aula",neutral,ky_nang_giang_day
10921,"ele não faz isso como se estivesse fazendo matemática, mas como arte, como poesia",positive,ky_nang_giang_day
10922,eu tenho 17 anos e sei o que o porf acabou de dizer hahah :P,neutral,ky_nang_giang_day
10923,o que ele usou para escrever? não consigo parar de pensar em isso!,neutral,thiet_bi_day_hoc
10924,"Concluí o 18.06 hoje. Comecei em 2020.03.16 no Japão (sou chinês) e hoje é 03.29. Esses 14 dias mudaram completamente minha vida e me inspiraram. E matemática é uma coisa totalmente nova para mim agora. Esta palestra não foi como uma palestra, é muito mais como um jogo, uma jornada, um filme inspirador. Obrigado, Professor Strang, e obrigado, pessoas que fizeram legendas em mandarim para este vídeo palestra! Professor Strang, você é o MELHOR PROFESSOR em toda a minha vida. E eu vou me lembrar da palestra 18.06 para sempre.",positive,ky_nang_giang_day
10924,"Concluí o 18.06 hoje. Comecei em 2020.03.16 no Japão (sou chinês) e hoje é 03.29. Esses 14 dias mudaram completamente minha vida e me inspiraram. E matemática é uma coisa totalmente nova para mim agora. Esta palestra não foi como uma palestra, é muito mais como um jogo, uma jornada, um filme inspirador. Obrigado, Professor Strang, e obrigado, pessoas que fizeram legendas em mandarim para este vídeo palestra! Professor Strang, você é o MELHOR PROFESSOR em toda a minha vida. E eu vou me lembrar da palestra 18.06 para sempre.",positive,chuong_trinh_hoc
10925,Todas as apresentações deste palestrante são excelentes e bem apresentadas para fazer anotações e aprender ouvindo. Bem ritmadas.,positive,chuong_trinh_hoc
10926,isso é uma palestra para idiotas ou o quê? Nas últimas duas palestras ele disse um ou dois pontos importantes e continua repetindo-os...,negative,chuong_trinh_hoc
10926,isso é uma palestra para idiotas ou o quê? Nas últimas duas palestras ele disse um ou dois pontos importantes e continua repetindo-os...,negative,ky_nang_giang_day
10927,"Por favor, meu professor de álgebra linear professor pode aprender a ensinar com você?",positive,ky_nang_giang_day
10927,"Por favor, meu professor de álgebra linear professor pode aprender a ensinar com você?",negative,ky_nang_giang_day
10928,"Ele é o professor mais incrível. A maneira como ele compartilha o conhecimento torna-se muito fácil de entender e imaginar, o que é uma beleza de seu ensino.",positive,ky_nang_giang_day
10929,Obrigado M.I.T. por disponibilizar essas palestras para nós. É esclarecedor ver professores tão talentosos ensinando. É mentalmente estimulante pensar sobre esses conceitos. É gratificante aprender.,positive,chuong_trinh_hoc
10929,Obrigado M.I.T. por disponibilizar essas palestras para nós. É esclarecedor ver professores tão talentosos ensinando. É mentalmente estimulante pensar sobre esses conceitos. É gratificante aprender.,positive,ky_nang_giang_day
10929,Obrigado M.I.T. por disponibilizar essas palestras para nós. É esclarecedor ver professores tão talentosos ensinando. É mentalmente estimulante pensar sobre esses conceitos. É gratificante aprender.,positive,noi_chung
10930,"Tenho um pequeno problema sobre o Jacobiano. Por que precisamos mesmo tomar o valor absoluto do determinante? No caso de variável única, a derivada pode ser pensada similarmente como a ""taxa de câmbio"" para o dx para du se mudarmos as variáveis e no sentido similar ao Jacobiano, mas lá mesmo se o detivativo for negativo, não tomamos valor absolutos. Mas por que deveríamos tomar valor absolutos no caso do determinante Jacobiano?",neutral,kien_thuc
10930,"Tenho um pequeno problema sobre o Jacobiano. Por que precisamos mesmo tomar o valor absoluto do determinante? No caso de variável única, a derivada pode ser pensada similarmente como a ""taxa de câmbio"" para o dx para du se mudarmos as variáveis e no sentido similar ao Jacobiano, mas lá mesmo se o detivativo for negativo, não tomamos valor absolutos. Mas por que deveríamos tomar valor absolutos no caso do determinante Jacobiano?",neutral,kien_thuc
10931,"Prefiro primeiro dividir o integração de acordo com o caminho, então escolher o sistema de coordenadas apropriado para cada caminho. Obrigado.",neutral,kien_thuc
10931,"Prefiro primeiro dividir o integração de acordo com o caminho, então escolher o sistema de coordenadas apropriado para cada caminho. Obrigado.",neutral,kien_thuc
10931,"Prefiro primeiro dividir o integração de acordo com o caminho, então escolher o sistema de coordenadas apropriado para cada caminho. Obrigado.",neutral,kien_thuc
10932,"você é o melhor professor que já vi, então continue assim",positive,ky_nang_giang_day
10933,Eu realmente tenho que pensar e imaginar muito nisso palestra e adorei,positive,chuong_trinh_hoc
10934,"Muito útil curso! Você pode aprender Álgebra Linear sozinho! Deixe o conhecimento se espalhar para todos, livre e eficientemente.",positive,chuong_trinh_hoc
10935,Eu perderia alguns pontos porque usaria o sistema de coordenadas padrão (olhando para o formulário de gráfico de contorno acima) :(,neutral,kien_thuc
10936,Esses cursos ensinam praticamente a mesma coisa que uma aula de AP Cálculo AB do ensino médio?,neutral,kien_thuc
10937,"Sei que é uma pergunta estúpida, mas alguém pode explicar por que r=2acos theta em vez de 2asec theta?",neutral,kien_thuc
10937,"Sei que é uma pergunta estúpida, mas alguém pode explicar por que r=2acos theta em vez de 2asec theta?",neutral,kien_thuc
10938,Quantas horas por dia? Gostaria de terminar tudo estes em uma semana.,neutral,thiet_bi_day_hoc
10939,"Sim! Eu entendi cálculo vetorial claramente! Bom trabalho, professor!",positive,kien_thuc
10939,"Sim! Eu entendi cálculo vetorial claramente! Bom trabalho, professor!",positive,ky_nang_giang_day
10940,Professor Strang - obrigado pelas incríveis palestras e por todos os insights que você compartilha conosco!,positive,chuong_trinh_hoc
10940,Professor Strang - obrigado pelas incríveis palestras e por todos os insights que você compartilha conosco!,positive,ky_nang_giang_day
10941,"Obrigado Professor Denis Auroux e MIT. Acabei de concluir o 18.02, (18 de agosto de 2022). Cálculo de variável única - Prof. David Jerison Cálculo multivariável - Prof. Denis Auroux. Obrigado novamente!",positive,ky_nang_giang_day
10941,"Obrigado Professor Denis Auroux e MIT. Acabei de concluir o 18.02, (18 de agosto de 2022). Cálculo de variável única - Prof. David Jerison Cálculo multivariável - Prof. Denis Auroux. Obrigado novamente!",positive,noi_chung
10941,"Obrigado Professor Denis Auroux e MIT. Acabei de concluir o 18.02, (18 de agosto de 2022). Cálculo de variável única - Prof. David Jerison Cálculo multivariável - Prof. Denis Auroux. Obrigado novamente!",positive,ky_nang_giang_day
10942,"Estou curioso para saber se há outra estatística aula sobre OCW que seja recomendada, assim como esta curso sobre probabilidade? Esta é a aula que acho que me beneficiará mais, mas acho que uma estatística aula com aulas em vídeo seria excelente.",positive,de_xuat
10942,"Estou curioso para saber se há outra estatística aula sobre OCW que seja recomendada, assim como esta curso sobre probabilidade? Esta é a aula que acho que me beneficiará mais, mas acho que uma estatística aula com aulas em vídeo seria excelente.",positive,de_xuat
10943,"Perguntei ao meu prof ""por que minimizamos o quadrado do erro no LSM?"" Ele respondeu ""Para reduzir a distância"" hoje eu entendi o que ele quis dizer com isso depois de 3 anos",neutral,kien_thuc
10943,"Perguntei ao meu prof ""por que minimizamos o quadrado do erro no LSM?"" Ele respondeu ""Para reduzir a distância"" hoje eu entendi o que ele quis dizer com isso depois de 3 anos",neutral,kien_thuc
10943,"Perguntei ao meu prof ""por que minimizamos o quadrado do erro no LSM?"" Ele respondeu ""Para reduzir a distância"" hoje eu entendi o que ele quis dizer com isso depois de 3 anos",neutral,ky_nang_giang_day
10944,"Às 27:20 eu tenho que adivinhar a linha, já que não quero pensar, então peguei a linha como [x, y, z] e então resolvi manualmente para descobrir que x + z = -3 resolveria. Eu pensei que era muito inteligente, mas... Às 37:40 eu não consegui resolver usando as variáveis, embora a matriz P fosse fácil de pensar, mas na hora da aula parece difícil, mas acho que vem com a prática.",neutral,kien_thuc
10944,"Às 27:20 eu tenho que adivinhar a linha, já que não quero pensar, então peguei a linha como [x, y, z] e então resolvi manualmente para descobrir que x + z = -3 resolveria. Eu pensei que era muito inteligente, mas... Às 37:40 eu não consegui resolver usando as variáveis, embora a matriz P fosse fácil de pensar, mas na hora da aula parece difícil, mas acho que vem com a prática.",neutral,kien_thuc
10945,por que M(e) foi igualado a 1?,neutral,kien_thuc
10946,Só quero agradecer a Sir Strang por fazer uma série tão incrível. Sua série realmente me ajudou muito.,positive,ky_nang_giang_day
10946,Só quero agradecer a Sir Strang por fazer uma série tão incrível. Sua série realmente me ajudou muito.,positive,chuong_trinh_hoc
10947,"Alguém pode esclarecer minha pergunta...! Em 32,01 foi dito que r12(n) = 1- r11(n)... está correto intuitivamente, mas se eu calcular r12(n) usando o método normal, obtenho como r11(n-10,5+r12(n-1)0,8), o que não é o mesmo que 1- r11(n) (Aqui r11(n  = r11(n-1)0,2+r12(n-1)0,5))",neutral,kien_thuc
10947,"Alguém pode esclarecer minha pergunta...! Em 32,01 foi dito que r12(n) = 1- r11(n)... está correto intuitivamente, mas se eu calcular r12(n) usando o método normal, obtenho como r11(n-10,5+r12(n-1)0,8), o que não é o mesmo que 1- r11(n) (Aqui r11(n  = r11(n-1)0,2+r12(n-1)0,5))",neutral,kien_thuc
10947,"Alguém pode esclarecer minha pergunta...! Em 32,01 foi dito que r12(n) = 1- r11(n)... está correto intuitivamente, mas se eu calcular r12(n) usando o método normal, obtenho como r11(n-10,5+r12(n-1)0,8), o que não é o mesmo que 1- r11(n) (Aqui r11(n  = r11(n-1)0,2+r12(n-1)0,5))",neutral,kien_thuc
10947,"Alguém pode esclarecer minha pergunta...! Em 32,01 foi dito que r12(n) = 1- r11(n)... está correto intuitivamente, mas se eu calcular r12(n) usando o método normal, obtenho como r11(n-10,5+r12(n-1)0,8), o que não é o mesmo que 1- r11(n) (Aqui r11(n  = r11(n-1)0,2+r12(n-1)0,5))",neutral,kien_thuc
10947,"Alguém pode esclarecer minha pergunta...! Em 32,01 foi dito que r12(n) = 1- r11(n)... está correto intuitivamente, mas se eu calcular r12(n) usando o método normal, obtenho como r11(n-10,5+r12(n-1)0,8), o que não é o mesmo que 1- r11(n) (Aqui r11(n  = r11(n-1)0,2+r12(n-1)0,5))",neutral,kien_thuc
10948,"Professor strang é um mestre do ensino. Ele é um artista. Sua maneira de ensinar é uma obra-prima. Obrigado, senhor. Respeito, da Índia",positive,ky_nang_giang_day
10949,Talvez Gil Strang tivesse substituído Newton se ele fosse seu contemporâneo,positive,ky_nang_giang_day
10950,"Isso é muito útil, toda a série. Meu professor não consegue dar aulas para sair de um saco de papel. Finalmente entendi tudo isso! Esses vídeos são como estou passando na minha aula de matemática! Obrigada!",positive,chuong_trinh_hoc
10950,"Isso é muito útil, toda a série. Meu professor não consegue dar aulas para sair de um saco de papel. Finalmente entendi tudo isso! Esses vídeos são como estou passando na minha aula de matemática! Obrigada!",negative,ky_nang_giang_day
10950,"Isso é muito útil, toda a série. Meu professor não consegue dar aulas para sair de um saco de papel. Finalmente entendi tudo isso! Esses vídeos são como estou passando na minha aula de matemática! Obrigada!",positive,chuong_trinh_hoc
10951,"Ok, mas qual é a real diferença entre independência de caminho e de superfície. Um campo pode ser independente de caminho, mas não independente de superfície... e 25:50 a divergência do rotacional de um campo vetorial é sempre 0. Isso implica para todos os campos vetoriais, independentemente de ter potencial escalar ou não?",neutral,kien_thuc
10952,Um ponto que acho que ele deveria ter enfatizado mais é que concatenação com linguagem vazia resulta em linguagem vazia. Então fica óbvio por que nenhum seta é o mesmo que seta com e linguagem vazia.,negative,ky_nang_giang_day
10952,Um ponto que acho que ele deveria ter enfatizado mais é que concatenação com linguagem vazia resulta em linguagem vazia. Então fica óbvio por que nenhum seta é o mesmo que seta com e linguagem vazia.,neutral,kien_thuc
10952,Um ponto que acho que ele deveria ter enfatizado mais é que concatenação com linguagem vazia resulta em linguagem vazia. Então fica óbvio por que nenhum seta é o mesmo que seta com e linguagem vazia.,neutral,kien_thuc
10952,Um ponto que acho que ele deveria ter enfatizado mais é que concatenação com linguagem vazia resulta em linguagem vazia. Então fica óbvio por que nenhum seta é o mesmo que seta com e linguagem vazia.,neutral,kien_thuc
10953,"Tentei aprender o conceito deste vídeo meses atrás e juro que ele me assustou. POR QUE ELE FAZ ISSO PARECER TÃO DIFÍCIL??? Esta palestra inteira é baseada na equação ponto-inclinação que é realmente apenas a fórmula da inclinação de qualquer maneira. Como você obtém a inclinação m?(y_2 - y_1)/(x_2 - x_1) = m --> InclinaçãoEntão, pegue os x's para a equação my - y_1 = m(x - x_1) --> ponto-inclinaçãoEntão, resolvemos para y,y = m(x - x_0) + y_0 --> LinearizaçãoEle faz parecer que a equação surgiu do nada.. :o",negative,ky_nang_giang_day
10954,"39:38 espera, por que você tem uma linha? Por que não esboçaria como um círculo sólido ou algo assim? Eu não entendi bem isso",neutral,kien_thuc
10955,"Boa observação, em Portugal aprendemos usando a prova do teorema do squezze, e essa é a maneira correta. Na verdade, sou matemático. a abordagem intuitiva usada na lição só teve o benefício de poupar os alunos da complexidade da topologia de conjuntos de pontos em seu sentido básico.",positive,kien_thuc
10955,"Boa observação, em Portugal aprendemos usando a prova do teorema do squezze, e essa é a maneira correta. Na verdade, sou matemático. a abordagem intuitiva usada na lição só teve o benefício de poupar os alunos da complexidade da topologia de conjuntos de pontos em seu sentido básico.",negative,kien_thuc
10956,"se você receber os componentes de dois vetores (por exemplo, u=(2,3,6) e v=(2,3,-6)), como você usa isso para encontrar o ângulo entre eles?",neutral,kien_thuc
10957,Qual é a soma dos dois valores próprios? Só me diga o que eu acabei de dizer. :D,neutral,kien_thuc
10958,por que iteração em newtons é feito... não consigo entender a lógica por trás disso,neutral,kien_thuc
10959,30:30 acho que isso deveria estar no começo da palestra mas foi uma palestra muito legal obrigado pelos seus esforços <3,positive,chuong_trinh_hoc
10961,"Difícil apreciar o quão bem apresentado isso é na primeira vez. Quanto mais se aprende LA, mais se aprecia isso estilo de apresentação.",positive,chuong_trinh_hoc
10961,"Difícil apreciar o quão bem apresentado isso é na primeira vez. Quanto mais se aprende LA, mais se aprecia isso estilo de apresentação.",positive,thiet_bi_day_hoc
10962,Obrigado Professor Strang! Vou acordar cedo amanhã de manhã e assistir a este vídeo com a melhor parte do meu dia! Também preciso comprar um caderno super caro só para a aula do Professor Strang!,positive,ky_nang_giang_day
10962,Obrigado Professor Strang! Vou acordar cedo amanhã de manhã e assistir a este vídeo com a melhor parte do meu dia! Também preciso comprar um caderno super caro só para a aula do Professor Strang!,positive,chuong_trinh_hoc
10963,Eu não aprendi nada sobre álgebra linear na minha própria universidade. Então eu encontrei estas palestras do MIT. Esse material é OURO!!,positive,chuong_trinh_hoc
10964,"Eu fui para uma faculdade comunitária e meus instrutores eram pelo menos tão bons quanto qualquer um dos instrutores que vi neste canal. Especificamente meu instrutor de física, Dr. Lecuyer, meus instrutores de matemática Dr. Madson e Sr. Young.",positive,ky_nang_giang_day
10964,"Eu fui para uma faculdade comunitária e meus instrutores eram pelo menos tão bons quanto qualquer um dos instrutores que vi neste canal. Especificamente meu instrutor de física, Dr. Lecuyer, meus instrutores de matemática Dr. Madson e Sr. Young.",positive,ky_nang_giang_day
10964,"Eu fui para uma faculdade comunitária e meus instrutores eram pelo menos tão bons quanto qualquer um dos instrutores que vi neste canal. Especificamente meu instrutor de física, Dr. Lecuyer, meus instrutores de matemática Dr. Madson e Sr. Young.",positive,ky_nang_giang_day
10965,às 35:35 se tomarmos a derivada da resposta que não será x^3(x^4+2). precisamos de x^4 multiplicado por (x^4+2)^6. Alguém pode explicar o que está acontecendo?,neutral,kien_thuc
10965,às 35:35 se tomarmos a derivada da resposta que não será x^3(x^4+2). precisamos de x^4 multiplicado por (x^4+2)^6. Alguém pode explicar o que está acontecendo?,neutral,kien_thuc
10966,Alguém pode me explicar o problema do chapéu? especialmente a variância. Muito obrigado!,neutral,kien_thuc
10966,Alguém pode me explicar o problema do chapéu? especialmente a variância. Muito obrigado!,neutral,kien_thuc
10967,se eu tivesse isso classe... eu seria reprovado.,negative,chuong_trinh_hoc
10968,Gostaria que ele fosse meu professor :(. Ele explica as coisas de forma tão clara e completa!,positive,ky_nang_giang_day
10968,Gostaria que ele fosse meu professor :(. Ele explica as coisas de forma tão clara e completa!,positive,kien_thuc
10969,"Sou grata por ter encontrado esse curso, o professor foi amor puro, e consegui aprender através do curso. Obrigada professor, foi uma honra.",positive,ky_nang_giang_day
10969,"Sou grata por ter encontrado esse curso, o professor foi amor puro, e consegui aprender através do curso. Obrigada professor, foi uma honra.",positive,chuong_trinh_hoc
10970,"32:36 fala hipoteticamente sobre (espaço dimensional 1:9). ""Vai ser difícil visualizar isso... eu não pretendo fazer isso.""...""finja que você faz"", mas eu não consigo.",negative,kien_thuc
10971,"Você pode encontrar o valor 2*y0, quando a derivada de 1/x corta o Y exe, fazendo triângulos semelhantes. Se a inclinação reflete uma mudança de y0 para 0 quando X muda de x0 para 2*x0, então ela deve mudar de y0 para 2*y0 quando X muda de x0 para 0. É mais fácil ver em um gráfico. A notação f' é de Lagrange, não de Newton. Eu amo MITOCW. Obrigado!",positive,chuong_trinh_hoc
10972,Eu tive isso no meu bacharelado em ciência da computação em alemão. Meu professor era muito pior e ele estava falando na minha língua. Eu entendo mais isso em inglês do que meu professor. Na minha língua. Grande elogio para Dr.strang,positive,ky_nang_giang_day
10973,Adorei isso prof. Obrigado,positive,ky_nang_giang_day
10974,"Se você não gosta disto professores explicações recomendo que assista aos vídeos do Thinkwell cálculo. Infelizmente eles não são gratuitos, mas nunca vi uma explicação tão intuitiva, simples e engraçada de cálculo que o ajude a realmente entender os conceitos =)",positive,ky_nang_giang_day
10974,"Se você não gosta disto professores explicações recomendo que assista aos vídeos do Thinkwell cálculo. Infelizmente eles não são gratuitos, mas nunca vi uma explicação tão intuitiva, simples e engraçada de cálculo que o ajude a realmente entender os conceitos =)",positive,kien_thuc
10974,"Se você não gosta disto professores explicações recomendo que assista aos vídeos do Thinkwell cálculo. Infelizmente eles não são gratuitos, mas nunca vi uma explicação tão intuitiva, simples e engraçada de cálculo que o ajude a realmente entender os conceitos =)",positive,thiet_bi_day_hoc
10975,"Nossa, essas provas probabilísticas são tão lindas... elas são intrinsecamente equivalentes a algum tipo de contagem?",positive,kien_thuc
10976,"Puta merda, ele nem é seu professor e você está beijando a bunda dele, posso ver seus professores te aprovando",negative,ky_nang_giang_day
10977,Esse cara dá a palestra como se houvesse uma classe inteira de alunos sentados ali. Incrível,positive,ky_nang_giang_day
10978,Professor Strang Obrigado por explicar e analisar Definições e Desigualdades de probabilidade e estatística. As imagens e exemplos realmente me ajudam a entender a qualidade disto palestra.,positive,ky_nang_giang_day
10978,Professor Strang Obrigado por explicar e analisar Definições e Desigualdades de probabilidade e estatística. As imagens e exemplos realmente me ajudam a entender a qualidade disto palestra.,positive,chuong_trinh_hoc
10979,"Obrigado Prof. Strang, eu realmente gostei do seu curso muito. Muito obrigado",positive,ky_nang_giang_day
10979,"Obrigado Prof. Strang, eu realmente gostei do seu curso muito. Muito obrigado",positive,chuong_trinh_hoc
10980,"""muito apropriado para mim como um substituto professor para falar sobre substituição""XD",positive,ky_nang_giang_day
10980,"""muito apropriado para mim como um substituto professor para falar sobre substituição""XD",neutral,kien_thuc
10981,ele é uma lendaobrigado MIT,positive,ky_nang_giang_day
10982,"por 'all (matriz 1: 3 por 3)', ele quer dizer que a matriz tem 3 linhas e 3 colunas?",neutral,kien_thuc
10983,"Deve ser algo que os alunos aprendem durante o primeiro ano... o MIT é prestigioso, não pode ser tão básico.",positive,noi_chung
10983,"Deve ser algo que os alunos aprendem durante o primeiro ano... o MIT é prestigioso, não pode ser tão básico.",neutral,kien_thuc
10984,Esta palestra foi bem confusa,negative,chuong_trinh_hoc
10985,"Ótima instrução. Ele vai em uma velocidade perfeita: bom ritmo de revisão, mas se você não conhece muito bem sobre vetores, pode aprender muito rápido com essa velocidade. Très bon",positive,ky_nang_giang_day
10986,"Estou muito animado para aprender mais um curso em vídeo com Prof. Gilbert Strang, um dos melhores professores que já tive!!",positive,chuong_trinh_hoc
10986,"Estou muito animado para aprender mais um curso em vídeo com Prof. Gilbert Strang, um dos melhores professores que já tive!!",positive,ky_nang_giang_day
10987,"Estas são explicações muito sobrinhas de Transformações Lineares e Suas Matrizes, graças mais uma vez ao padrinho do linear DR. Gilbert Strang. Eu fiz introdução à álgebra linear na University of Maryland Baltimore County no final dos anos 1980 e meu professor não era nem perto do que o Dr. Strang é. Esta lenda do MIT é um achado raro.",positive,ky_nang_giang_day
10988,"Estou confuso... Para subespaços R² são1 origem2 linha em si... Tudo bem até aqui, mas a última é que é qualquer linha que passa pela origem ou outra coisa",negative,kien_thuc
10989,"Os alunos são realmente estúpidos. O professor está tentando ensinar como configurar o limite das integrais, mas tudo o que os alunos querem fazer é calculá-lo. Eles continuam sugerindo maneiras de ""simplificar"" o cálculo, perdendo o ponto de que não é do menor interesse do professor realmente realizar a integração.",negative,noi_chung
10989,"Os alunos são realmente estúpidos. O professor está tentando ensinar como configurar o limite das integrais, mas tudo o que os alunos querem fazer é calculá-lo. Eles continuam sugerindo maneiras de ""simplificar"" o cálculo, perdendo o ponto de que não é do menor interesse do professor realmente realizar a integração.",neutral,ky_nang_giang_day
10990,"Como essa ideia se transfere para autovalores e autofunções de operadores diferenciais? Eles não se parecem muito com matrizes, não é?",neutral,kien_thuc
10990,"Como essa ideia se transfere para autovalores e autofunções de operadores diferenciais? Eles não se parecem muito com matrizes, não é?",neutral,kien_thuc
10991,Eu só tive matemática até o 6º ano (por volta do 12º ano) e fui convidado um dia para ver uma aula de matriz. E deixe-me dizer que depois dos primeiros 14 minutos disso vídeo eu realmente me apaixonei por matemática,positive,chuong_trinh_hoc
10991,Eu só tive matemática até o 6º ano (por volta do 12º ano) e fui convidado um dia para ver uma aula de matriz. E deixe-me dizer que depois dos primeiros 14 minutos disso vídeo eu realmente me apaixonei por matemática,positive,kien_thuc
10992,A série de vídeos (1) é uma ótima e rápida revisão de álgebra linear.,positive,chuong_trinh_hoc
10993,O ruído e chiado do microfone está distraindo nesta palestra. Espero que alguém possa consertar isso.,negative,thiet_bi_day_hoc
10995,no doslova napísal knihu!,positive,ky_nang_giang_day
11006,Upendo mwingi na heshima kwa Prof. Strang! Asante sana!,positive,ky_nang_giang_day
11010,Asante bwana. Natumai umeisoma hii!!,positive,ky_nang_giang_day
11036,Ninapenda hii prof. Asante,positive,ky_nang_giang_day
11039,bu adam çok komik,positive,ky_nang_giang_day
13072,¡Creado muy profesionalmente!,positive,chuong_trinh_hoc
13081,Pero no estoy seguro de que sea demasiado fácil o no.,neutral,bai_tap
13106,¡Muy informativo e interesante curso!,positive,noi_chung
13106,¡Muy informativo e interesante curso!,positive,chuong_trinh_hoc
13136,Muy claro e informativo.,positive,ky_nang_giang_day
13136,Muy claro e informativo.,positive,ky_nang_giang_day
13578,Ele abrange todos os conceitos básicos para você começar no desenvolvimento web com uma base sólida.,positive,chuong_trinh_hoc
13579,Sou grato a Prof. Raj e à Coursera por proporcionarem esta experiência incrível.,positive,ky_nang_giang_day
13580,O instrutor geralmente discute verbalmente a fórmula estatística com alguns marcadores em um slide com foco em si mesmo.,negative,ky_nang_giang_day
13580,O instrutor geralmente discute verbalmente a fórmula estatística com alguns marcadores em um slide com foco em si mesmo.,negative,ky_nang_giang_day
13581,"Além disso, consegui acompanhar facilmente o conteúdo do curso.",positive,cung_cap_tai_lieu
13582,"Bom curso no geral, aprendi muito e gostei, mas precisaria ser atualizado e corrigido (certos trechos de código não funcionam como funcionavam quando o cursofoi produzido, o que pode ser bem confuso).",positive,noi_chung
13582,"Bom curso no geral, aprendi muito e gostei, mas precisaria ser atualizado e corrigido (certos trechos de código não funcionam como funcionavam quando o cursofoi produzido, o que pode ser bem confuso).",positive,chuong_trinh_hoc
13582,"Bom curso no geral, aprendi muito e gostei, mas precisaria ser atualizado e corrigido (certos trechos de código não funcionam como funcionavam quando o cursofoi produzido, o que pode ser bem confuso).",positive,noi_chung
13582,"Bom curso no geral, aprendi muito e gostei, mas precisaria ser atualizado e corrigido (certos trechos de código não funcionam como funcionavam quando o cursofoi produzido, o que pode ser bem confuso).",negative,chuong_trinh_hoc
13582,"Bom curso no geral, aprendi muito e gostei, mas precisaria ser atualizado e corrigido (certos trechos de código não funcionam como funcionavam quando o cursofoi produzido, o que pode ser bem confuso).",negative,chuong_trinh_hoc
13583,"Teria sido útil corrigir os erros na marcação de questionários, pois eles foram apontados e reconhecidos meses atrás.",negative,hanh_vi
13584,"Resumindo, bom curso com exemplos interessantes do professor.",positive,noi_chung
13584,"Resumindo, bom curso com exemplos interessantes do professor.",positive,kinh_nghiem
13585,Ela parece entusiasmada em compartilhar sua ideia e sabedoria.,positive,ky_nang_giang_day
13586,"É difícil falhar em curso, pois apenas o mínimo necessário é necessário.",positive,noi_chung
13587,"Eu realmente recomendo isso para qualquer um que queira aprender mais profundamente sobre o sistema alfabético, novos vocabulários, tempo, estruturas de frases, contagem, tempo e muito mais!",positive,de_xuat
13588,"Muito apreciado Dra. Barbara Oakley, Dr. Terrence Sejnowski e toda a equipe.",positive,ky_nang_giang_day
13588,"Muito apreciado Dra. Barbara Oakley, Dr. Terrence Sejnowski e toda a equipe.",positive,ky_nang_giang_day
13589,"Excelente curso, muito útil e passos muito claros.",positive,noi_chung
13589,"Excelente curso, muito útil e passos muito claros.",positive,cung_cap_tai_lieu
13589,"Excelente curso, muito útil e passos muito claros.",positive,cung_cap_tai_lieu
13590,"Profissional, baseado em evidências.",positive,chuong_trinh_hoc
13590,"Profissional, baseado em evidências.",positive,chuong_trinh_hoc
13591,Me forçou a sentar e pensar.,positive,bai_tap
13592,Absolutamente incrível curso.,positive,noi_chung
13594,"Os professores são muito informativos e breves aulas em vídeo, e responder às perguntas e questionários logo após as aulas é muito útil para manter o aluno envolvido sem tomar muito do seu tempo.",positive,ky_nang_giang_day
13594,"Os professores são muito informativos e breves aulas em vídeo, e responder às perguntas e questionários logo após as aulas é muito útil para manter o aluno envolvido sem tomar muito do seu tempo.",neutral,ky_nang_giang_day
13594,"Os professores são muito informativos e breves aulas em vídeo, e responder às perguntas e questionários logo após as aulas é muito útil para manter o aluno envolvido sem tomar muito do seu tempo.",positive,bai_tap
13594,"Os professores são muito informativos e breves aulas em vídeo, e responder às perguntas e questionários logo após as aulas é muito útil para manter o aluno envolvido sem tomar muito do seu tempo.",positive,bai_tap
13595,"Apesar de um método de instrução aparentemente ""casual"", o conteúdo certamente mantém o aluno alerta.",positive,ky_nang_giang_day
13595,"Apesar de um método de instrução aparentemente ""casual"", o conteúdo certamente mantém o aluno alerta.",neutral,ky_nang_giang_day
13596,Criado de forma muito profissional!,positive,chuong_trinh_hoc
13597,Material de apoio parece bem selecionado e informativo.,positive,cung_cap_tai_lieu
13597,Material de apoio parece bem selecionado e informativo.,positive,cung_cap_tai_lieu
13598,Sou grato ao professor por construir e ministrar este curso.,positive,ky_nang_giang_day
13598,Sou grato ao professor por construir e ministrar este curso.,positive,ky_nang_giang_day
13599,"O curso é uma ótima introdução a muitas áreas conectadas à IoT de uma perspectiva da IBM. nodeRED, Python no Raspberry Pi, SenseHat, node. js, etc. são ferramentas muito poderosas.",positive,noi_chung
13600,"Lamento dizer que este Curso é realmente chato, pobre em recursos e",negative,noi_chung
13600,"Lamento dizer que este Curso é realmente chato, pobre em recursos e",negative,chuong_trinh_hoc
13601,Um dos melhores cursos para fazer.,positive,noi_chung
13602,O conteúdo é definitivamente 5 de 5.,positive,cung_cap_tai_lieu
13603,"Sou profissional e meu único objetivo é criar um site que seja acessível, mas fiquei muito longe do meu objetivo!",positive,noi_chung
13604,Estou muito feliz por ter decidido participar e concluído.,positive,noi_chung
13605,Mas não tenho certeza se é muito fácil ou não.,neutral,bai_tap
13606,"Ótimo curso sobre os fundamentos do direito e da política ambiental, muito fácil de seguir e envolvente para o público.",positive,noi_chung
13606,"Ótimo curso sobre os fundamentos do direito e da política ambiental, muito fácil de seguir e envolvente para o público.",positive,chuong_trinh_hoc
13606,"Ótimo curso sobre os fundamentos do direito e da política ambiental, muito fácil de seguir e envolvente para o público.",positive,chuong_trinh_hoc
13608,"Nele, eles explicam carreiras em SEO, o cenário atual de SEO e alguns conceitos básicos de SEO.",positive,noi_chung
13609,"Com este curso e o livro ""Python para Informática"" aprendi o básico do Python muito rapidamente e sem muita dor.",positive,noi_chung
13609,"Com este curso e o livro ""Python para Informática"" aprendi o básico do Python muito rapidamente e sem muita dor.",positive,noi_chung
13609,"Com este curso e o livro ""Python para Informática"" aprendi o básico do Python muito rapidamente e sem muita dor.",positive,cung_cap_tai_lieu
13609,"Com este curso e o livro ""Python para Informática"" aprendi o básico do Python muito rapidamente e sem muita dor.",positive,cung_cap_tai_lieu
13610,"Tão lindamente ""curado"", tão intrincado mas simples na execução, uma visão incrível de fotografia americana.",positive,chuong_trinh_hoc
13610,"Tão lindamente ""curado"", tão intrincado mas simples na execução, uma visão incrível de fotografia americana.",positive,chuong_trinh_hoc
13610,"Tão lindamente ""curado"", tão intrincado mas simples na execução, uma visão incrível de fotografia americana.",positive,noi_chung
13610,"Tão lindamente ""curado"", tão intrincado mas simples na execução, uma visão incrível de fotografia americana.",positive,chuong_trinh_hoc
13611,Obrigado por compartilhar seu conhecimento com o mundo.,positive,ky_nang_giang_day
13612,"Isto vem de uma pessoa que teve dificuldades para ir à escola, então o resultado é muito bom.",positive,noi_chung
13613,As receitas fornecidas são fáceis de usar ou adaptar e também saborosas!,positive,chuong_trinh_hoc
13614,Ele entrega o que promete.,positive,noi_chung
13615,Uma boa introdução curso à arte da trama.,positive,noi_chung
13616,"Em termos de Teoria para Arquitetura Geral de Software, este Curso é uma boa atualização para uma pessoa que já trabalha com Arquitetura de Software.",positive,noi_chung
13617,Há opções do curso a cada semana para o seu interesse.,positive,noi_chung
13618,"É ótimo que o curso seja autodidata, eu poderia começar o curso imediatamente para aprender coisas que preciso imediatamente no meu trabalho e nas aulas.",positive,noi_chung
13618,"É ótimo que o curso seja autodidata, eu poderia começar o curso imediatamente para aprender coisas que preciso imediatamente no meu trabalho e nas aulas.",positive,chuong_trinh_hoc
13618,"É ótimo que o curso seja autodidata, eu poderia começar o curso imediatamente para aprender coisas que preciso imediatamente no meu trabalho e nas aulas.",positive,noi_chung
13618,"É ótimo que o curso seja autodidata, eu poderia começar o curso imediatamente para aprender coisas que preciso imediatamente no meu trabalho e nas aulas.",positive,chuong_trinh_hoc
13619,Bom aprendizado : ),positive,noi_chung
13620,A entrega seria muito melhor se o instrutor se colocasse em segundo plano e o foco fosse reorientado para um tutorial em estilo quadro branco sobre a equação em questão.,negative,ky_nang_giang_day
13621,E o autograder funciona muito mal.,negative,ham_diem
13622,"No geral, foi uma maneira boa e mais rápida de obter uma introdução ao HTML e Javascript.",positive,noi_chung
13622,"No geral, foi uma maneira boa e mais rápida de obter uma introdução ao HTML e Javascript.",positive,noi_chung
13623,Colocar alguns números no slide sem nenhuma explicação de como funciona.,negative,ky_nang_giang_day
13625,"Às vezes, sua comédia foi acima e além, mas no final das contas, foi boa curso e aprendi bastante.",positive,noi_chung
13625,"Às vezes, sua comédia foi acima e além, mas no final das contas, foi boa curso e aprendi bastante.",positive,noi_chung
13625,"Às vezes, sua comédia foi acima e além, mas no final das contas, foi boa curso e aprendi bastante.",positive,ky_nang_giang_day
13626,Isso me abriu os olhos para a quantidade de pesquisas que estão sendo feitas para proteger nossas montanhas e seus ecossistemas.,positive,noi_chung
13628,Você se esforça muito e aprende muito.,positive,noi_chung
13629,Também me ajudou a desenvolver uma visão geral fundamentada para aprender mais.,positive,noi_chung
13630,Metade disto curso deveria ter sido condensado ou excluído.,negative,chuong_trinh_hoc
13631,Muito informativo e interessante curso!,positive,noi_chung
13631,Muito informativo e interessante curso!,positive,chuong_trinh_hoc
13632,Agradecimentos à equipe e ao ensino do Coursera corpo docente.,positive,ky_nang_giang_day
13633,Eu realmente gostei.,positive,noi_chung
13634,"Como já havia lido muito sobre o assunto anteriormente, a maioria das ideias não eram novas para mim, mas algumas definitivamente eram, e a apresentação explicou tudo de forma extremamente concisa e conectou tudo de forma brilhante.",positive,ky_nang_giang_day
13634,"Como já havia lido muito sobre o assunto anteriormente, a maioria das ideias não eram novas para mim, mas algumas definitivamente eram, e a apresentação explicou tudo de forma extremamente concisa e conectou tudo de forma brilhante.",positive,ky_nang_giang_day
13635,As descrições dos aplicativos #1 e #2 não foram muito claras para mim no início (provavelmente porque o inglês não é minha primeira língua).,negative,chuong_trinh_hoc
13636,"Instrutora é superinteligente e explica os conceitos de forma muito clara e, na maioria das vezes, divertida.",positive,ky_nang_giang_day
13636,"Instrutora é superinteligente e explica os conceitos de forma muito clara e, na maioria das vezes, divertida.",positive,ky_nang_giang_day
13636,"Instrutora é superinteligente e explica os conceitos de forma muito clara e, na maioria das vezes, divertida.",positive,ky_nang_giang_day
13637,Eu amo o Coursera!,positive,noi_chung
13638,Achei este curso excelente.,positive,noi_chung
13639,Dra. Oakley torna fácil acompanhar todas as informações e seu jeito incentiva a terminar o curso.,positive,ky_nang_giang_day
13639,Dra. Oakley torna fácil acompanhar todas as informações e seu jeito incentiva a terminar o curso.,positive,ky_nang_giang_day
13640,Sistema de revisão por pares permite que você saiba exatamente o que os avaliadores estão procurando.,positive,noi_chung
13641,Excelente introdução ao tema por um dos pesquisadores mais importantes da área.,positive,noi_chung
13642,Dr. Chuck é um professor muito amigável e afável.,positive,ky_nang_giang_day
13643,O curso é repleto de ótimos exemplos e com uma linguagem muito fácil.,positive,chuong_trinh_hoc
13643,O curso é repleto de ótimos exemplos e com uma linguagem muito fácil.,positive,chuong_trinh_hoc
13644,Minha pequena crítica: Às vezes eu desejava mais opções vídeos contendo provas das fórmulas.,negative,ky_nang_giang_day
13645,"Eu não recomendaria este curso para um programador iniciante, pois os conceitos que Oderski aborda são bastante complexos e a tarefa de casa não é simples.",negative,de_xuat
13645,"Eu não recomendaria este curso para um programador iniciante, pois os conceitos que Oderski aborda são bastante complexos e a tarefa de casa não é simples.",negative,cung_cap_tai_lieu
13645,"Eu não recomendaria este curso para um programador iniciante, pois os conceitos que Oderski aborda são bastante complexos e a tarefa de casa não é simples.",negative,bai_tap
13646,"Aprendi algumas coisas novas, mas no geral não acho que entendi conceitos básicos.",positive,noi_chung
13646,"Aprendi algumas coisas novas, mas no geral não acho que entendi conceitos básicos.",negative,cung_cap_tai_lieu
13647,"Ótimo, muito fácil para iniciantes.",positive,noi_chung
13647,"Ótimo, muito fácil para iniciantes.",positive,noi_chung
13648,Eu amo a Universidade Duke!,positive,noi_chung
13649,"No geral, o curso é de qualidade inferior aos anteriores de Gregory Northcraft.",negative,chuong_trinh_hoc
13650,Estou confuso sobre isso classe.,neutral,noi_chung
13651,"Este curso não é para alunos ""alimentados com mamadeira"".",neutral,noi_chung
13652,Gostei muito da aula.,positive,noi_chung
13653,Este curso oferece uma boa introdução sobre como desenvolver um aplicativo.,positive,noi_chung
13654,Prós: Os tutores estão bem preparados para o curso!,positive,ky_nang_giang_day
13655,No geral estou muito satisfeito com o curso.,positive,noi_chung
13656,"Este curso sobre nutrição, incluindo opções orgânicas/holísticas, oferece ideias práticas e fáceis de usar sobre opções de alimentação saudáveis e prazerosas, não apenas para crianças, mas também para adultos.",positive,chuong_trinh_hoc
13657,É uma ótima introdução e visão geral do aprendizado de máquina.,positive,noi_chung
13658,"Obrigado Dr. Chuck, você é o melhor! : )",positive,ky_nang_giang_day
13659,"Eu realmente, realmente, gostei.",positive,noi_chung
13660,É um material sólido com experiência prática.,positive,noi_chung
13661,Muito claro e informativo.,positive,ky_nang_giang_day
13661,Muito claro e informativo.,positive,ky_nang_giang_day
13662,A abordagem temática funciona bem e os artistas são escolhidos cuidadosamente para dar uma visão ampla visão geral do assunto.,positive,cung_cap_tai_lieu
13662,A abordagem temática funciona bem e os artistas são escolhidos cuidadosamente para dar uma visão ampla visão geral do assunto.,positive,cung_cap_tai_lieu
13663,Minha única sugestão é usar uma cor diferente em vez do branco no neon para os desenhos no quadro-negro para torná-los mais fáceis de ver.,negative,ky_nang_giang_day
13664,Acho que MoMA usou bem seus recursos.,positive,noi_chung
13665,"Caso contrário, muito informativo.",positive,chuong_trinh_hoc
13666,O curso obteria uma classificação mais alta se se concentrasse mais em aplicações práticas e não se concentrasse tanto na álgebra.,negative,cung_cap_tai_lieu
13668,É um esforço realmente adorável.,positive,ky_nang_giang_day
13669,Gostei muito deste curso.,positive,noi_chung
13670,Gosto de frequentar cursos onde há diversão e paixão e isso é bastante comum com ele.,neutral,ky_nang_giang_day
13671,Me ajudou a reestruturar meu aprendizado de idiomas.,positive,noi_chung
13672,O Sr. Yaakov Chaikin é um dos melhores professores.,positive,ky_nang_giang_day
13673,"Espero que, para um curso presencial, este instrutor dê um feedback individualizado que forneça esse conteúdo.",positive,hanh_vi
13674,Dr. Seknowski é muito entusiasmado ao dar as informações que me deixaram intrigado para continuar,positive,ky_nang_giang_day
13675,Você precisa de formação em engenharia para saber interpretar as equações o suficiente para concluir as tarefas de codificação no Matlab.,negative,noi_chung
13676,Gosto muito das aulas porque elas me mostram a estrutura profissional da indústria da moda e os principais players do luxo.,positive,noi_chung
13676,Gosto muito das aulas porque elas me mostram a estrutura profissional da indústria da moda e os principais players do luxo.,positive,chuong_trinh_hoc
13677,Ótimo curso e ótimo professor.,positive,noi_chung
13677,Ótimo curso e ótimo professor.,positive,ky_nang_giang_day
13679,"Muitas vezes eu passava o tempo todo assistindo aos vídeos me perguntando como resolveríamos algum problema, apenas para me deparar com uma fórmula sem nenhuma explicação de onde ela veio.",negative,ky_nang_giang_day
13680,"Dr. Ng é muito atencioso ao usar uma linguagem simples para explicar todos os conceitos, o que torna esta aula muito fácil de acompanhar.",positive,ky_nang_giang_day
13680,"Dr. Ng é muito atencioso ao usar uma linguagem simples para explicar todos os conceitos, o que torna esta aula muito fácil de acompanhar.",positive,ky_nang_giang_day
13681,O material é de alta qualidade.,positive,cung_cap_tai_lieu
13682,Achei sua apresentação concisa e agradável.,positive,ky_nang_giang_day
13682,Achei sua apresentação concisa e agradável.,positive,ky_nang_giang_day
13683,"Poderia ser mais desafiador, mas ainda é um curso divertido, bem apresentado e bem equilibrado que beneficia tanto o iniciante quanto o novato.",neutral,chuong_trinh_hoc
13683,"Poderia ser mais desafiador, mas ainda é um curso divertido, bem apresentado e bem equilibrado que beneficia tanto o iniciante quanto o novato.",positive,noi_chung
13683,"Poderia ser mais desafiador, mas ainda é um curso divertido, bem apresentado e bem equilibrado que beneficia tanto o iniciante quanto o novato.",positive,ky_nang_giang_day
13683,"Poderia ser mais desafiador, mas ainda é um curso divertido, bem apresentado e bem equilibrado que beneficia tanto o iniciante quanto o novato.",positive,noi_chung
13684,Também adquiri experiência prática nesses conceitos desafiadores por meio de tarefas de programação Java.,positive,bai_tap
13685,"O começo é impressionante, mas no final às vezes tive dificuldade com minha atenção : )",positive,noi_chung
13685,"O começo é impressionante, mas no final às vezes tive dificuldade com minha atenção : )",negative,noi_chung
13686,Isso aumentou meu interesse pela Diplomacia Global.,positive,noi_chung
13687,Muito obrigado por colocar este curso online e por criar o Coursera!,positive,noi_chung
13688,"O curso usa Octave/Matlab para exercícios de programação, mas espero que eles mudem para Python, pois é mais adequado para iniciantes.",neutral,bai_tap
13689,Altamente recomendado.,positive,de_xuat
13690,"Para mim, uma combinação muito boa de1. uma visão geral teórica dos conceitos de banco de dados e processamento de dados, MapReduce e as implementações mais importantes dos vários conceitos (bancos de dados SQL e NoSQL), 2. aplicação prática desses conceitos no mundo real exercícios de programação.",positive,noi_chung
13690,"Para mim, uma combinação muito boa de1. uma visão geral teórica dos conceitos de banco de dados e processamento de dados, MapReduce e as implementações mais importantes dos vários conceitos (bancos de dados SQL e NoSQL), 2. aplicação prática desses conceitos no mundo real exercícios de programação.",positive,bai_tap
13691,Excelente curso: Não é chato.,positive,noi_chung
13691,Excelente curso: Não é chato.,positive,noi_chung
13692,O projeto final do curso novamente parece ter sido feito às pressas e sem outra revisão: o conjunto de dados enviado deve ser verificado automaticamente.,negative,bai_tap
13693,Gostei da garra dos italianos em relação ao selo Made in Italy e entendi um pouco mais desse conceito graças às explicações nos vídeos.,positive,ky_nang_giang_day
13693,Gostei da garra dos italianos em relação ao selo Made in Italy e entendi um pouco mais desse conceito graças às explicações nos vídeos.,positive,noi_chung
13694,As ferramentas de bioinformática discutidas neste curso são muito úteis e explicadas de maneira clara.,positive,noi_chung
13694,As ferramentas de bioinformática discutidas neste curso são muito úteis e explicadas de maneira clara.,positive,ky_nang_giang_day
13695,"Testar sempre me preocupa, mas o conselho aqui fez muito sentido, como dormir bem na noite anterior! !",neutral,bai_tap
13696,"Algumas das atividades eram repetitivas, mas acho que a arte de escrever é, mas havia uma sensação de curso diminuindo no final, com uma carta de proposta para uma editora com muito pouco material exemplar fornecido para ajudar.",neutral,bai_tap
13696,"Algumas das atividades eram repetitivas, mas acho que a arte de escrever é, mas havia uma sensação de curso diminuindo no final, com uma carta de proposta para uma editora com muito pouco material exemplar fornecido para ajudar.",neutral,noi_chung
13697,Mais exemplos em videoaulas teriam ajudado.,negative,cung_cap_tai_lieu
13698,"As palestras são rápidas, fáceis de entender, mas ainda assim interessantes.",positive,ky_nang_giang_day
13698,"As palestras são rápidas, fáceis de entender, mas ainda assim interessantes.",positive,ky_nang_giang_day
13698,"As palestras são rápidas, fáceis de entender, mas ainda assim interessantes.",positive,ky_nang_giang_day
13699,Gostei particularmente das tarefas de programação e o autoavaliador funcionou muito bem.,positive,bai_tap
13699,Gostei particularmente das tarefas de programação e o autoavaliador funcionou muito bem.,positive,ham_diem
13700,Este pode ser um ótimo curso para aqueles que não têm nenhuma experiência anterior em Finanças/Negócios.,positive,noi_chung
13701,"Bem, depois do curso de regressão, que eu realmente achei interessante, o curso de classificação não parece tão bom.",negative,noi_chung
13702,Mas não sinto que isso esteja me ajudando a ser eficaz em usá-los.,negative,noi_chung
13703,É verdadeiramente sistemático e integrado curso que apresenta como aprender de forma mais eficaz e eficiente.,positive,chuong_trinh_hoc
13704,"Ótimo curso, recomendo a todos que querem aprender como funcionam os shields, conectividade de internet com Arduino e até noções básicas de Arduino.",positive,de_xuat
13704,"Ótimo curso, recomendo a todos que querem aprender como funcionam os shields, conectividade de internet com Arduino e até noções básicas de Arduino.",positive,de_xuat
13705,Foi um prazer aprender com Andrew Ng.,positive,ky_nang_giang_day
13706,Meu único problema foi com o último exercício porque não entendi muito claramente como fazer o programa descobrir os números mínimos e máximos.,negative,bai_tap
13707,"Às vezes, o processo era rápido demais e eu tinha que alternar rapidamente entre Unity e Coursera para apertar o botão ""pausar"" e ter tempo de me atualizar.",negative,chuong_trinh_hoc
13708,"Muito útil, obrigado à Sra.",positive,ky_nang_giang_day
13709,"A semana 4 parece ter desproporcionalmente mais material do que as semanas anteriores, como se os autores tentassem",negative,cung_cap_tai_lieu
13710,Mas as coisas que aprendi são úteis e tenho certeza absoluta de que o que aprendi aqui posso usar no meu trabalho como engenheiro de software.,positive,noi_chung
13711,"Todos os outros módulos ISB são muito melhores no Curso ERA, exceto este.",positive,noi_chung
13712,"Eu não esperava esse aumento na dificuldade e gostei muito do curso, mas o projeto final foi uma luta.",positive,noi_chung
13712,"Eu não esperava esse aumento na dificuldade e gostei muito do curso, mas o projeto final foi uma luta.",positive,noi_chung
13712,"Eu não esperava esse aumento na dificuldade e gostei muito do curso, mas o projeto final foi uma luta.",positive,chuong_trinh_hoc
13713,"Ele não responde a todas as perguntas nem aborda todos os conceitos que você precisa saber para administrar uma grande corporação, mas é uma visão geral fantástica de métodos passados e presentes de estratégia de negócios e é valioso para qualquer indivíduo com mentalidade empresarial.",neutral,noi_chung
13713,"Ele não responde a todas as perguntas nem aborda todos os conceitos que você precisa saber para administrar uma grande corporação, mas é uma visão geral fantástica de métodos passados e presentes de estratégia de negócios e é valioso para qualquer indivíduo com mentalidade empresarial.",positive,noi_chung
13713,"Ele não responde a todas as perguntas nem aborda todos os conceitos que você precisa saber para administrar uma grande corporação, mas é uma visão geral fantástica de métodos passados e presentes de estratégia de negócios e é valioso para qualquer indivíduo com mentalidade empresarial.",positive,noi_chung
13714,"O único aspecto que eu mudaria é o nível técnico de (algumas) das aulas: às vezes elas são até fáceis demais, e muito tempo é usado para explicar coisas muito básicas.",neutral,ky_nang_giang_day
13714,"O único aspecto que eu mudaria é o nível técnico de (algumas) das aulas: às vezes elas são até fáceis demais, e muito tempo é usado para explicar coisas muito básicas.",neutral,ky_nang_giang_day
13715,"No geral, este curso aborda cada um dos principais campos da bioinformática que qualquer aluno que ingressa na área deve conhecer.",positive,noi_chung
13717,Agora me sinto mais confiante para abordar o TDAH em sala de aula.,positive,noi_chung
13718,O professor explica os conceitos por trás do motivo pelo qual você precisa usar certos componentes em vez de apenas fornecer uma lista de coisas para combinar e replicar os projetos.,neutral,ky_nang_giang_day
13719,O capstone é ótimo.,positive,bai_tap
13720,"Suas explicações em vídeos são ótimas e realmente me ensinaram não apenas a codificar, mas a fazê-lo da forma mais eficiente possível.",positive,ky_nang_giang_day
13720,"Suas explicações em vídeos são ótimas e realmente me ensinaram não apenas a codificar, mas a fazê-lo da forma mais eficiente possível.",positive,ky_nang_giang_day
13721,Ótima explicação.,positive,chuong_trinh_hoc
13722,"Se você é totalmente novo em aprendizado de máquina, pode encontrar algum valor neste curso.",positive,chuong_trinh_hoc
13723,"Se você não conhece o R Studio ou a programação em R, este curso será muito difícil para você.",negative,noi_chung
13724,Os quiz são muito fáceis.,neutral,bai_tap
13725,"Ou seja, em JSON para mim foi confuso ouvir ""uma lista de dicionários"".",negative,chuong_trinh_hoc
13726,Talvez algumas 'palestras opcionais possam ser adicionadas,negative,cung_cap_tai_lieu
13727,"Ele explica as coisas bem e de forma concisa, às vezes com o uso de diagramas simples.",positive,ky_nang_giang_day
13727,"Ele explica as coisas bem e de forma concisa, às vezes com o uso de diagramas simples.",positive,ky_nang_giang_day
13728,Agradável e desafiador!,positive,noi_chung
13728,Agradável e desafiador!,positive,chuong_trinh_hoc
13729,"Mais um bom curso de um de seus instrutores, Sr. Severance.",positive,noi_chung
13729,"Mais um bom curso de um de seus instrutores, Sr. Severance.",positive,ky_nang_giang_day
13730,Ele tem informações excelentes e muito concisas sobre o eclipse e o sol.,positive,chuong_trinh_hoc
13730,Ele tem informações excelentes e muito concisas sobre o eclipse e o sol.,positive,chuong_trinh_hoc
13731,"Você deu exemplos suficientes para que eu pudesse consultá-los mais tarde, se precisasse, mas não tantos a ponto de prejudicar o ritmo da aula.",negative,cung_cap_tai_lieu
13731,"Você deu exemplos suficientes para que eu pudesse consultá-los mais tarde, se precisasse, mas não tantos a ponto de prejudicar o ritmo da aula.",positive,cung_cap_tai_lieu
13731,"Você deu exemplos suficientes para que eu pudesse consultá-los mais tarde, se precisasse, mas não tantos a ponto de prejudicar o ritmo da aula.",negative,cung_cap_tai_lieu
13732,Muito boa introdução a python.,positive,noi_chung
13733,Achei muito interessante e estou ansioso para continuar a jornada do big data.,positive,noi_chung
13734,Uma adição muito útil à minha base de conhecimento de marketing e caixa de ferramentas.,positive,noi_chung
13735,Um bom nível de entrada curso em arte moderna e contemporânea.,positive,noi_chung
13736,Tem uma mensalidade um pouco mais cara do que outros cursos como Ciência de Dados (Johns Hopkins) e Vida de Dados (HarvardX _ edx).,negative,chuong_trinh_hoc
13737,Excelente palestras e Prof. Raj é igualmente brilhante.,positive,ky_nang_giang_day
13737,Excelente palestras e Prof. Raj é igualmente brilhante.,positive,ky_nang_giang_day
13738,Ele também incentiva você a refletir frequentemente ao longo do curso para que você pense em maneiras de aplicar os conceitos às suas próprias experiências.,positive,chuong_trinh_hoc
13739,"O cronograma é apertado, mas você pode facilmente mudar para a próxima sessão para ter mais tempo.",negative,chuong_trinh_hoc
13739,"O cronograma é apertado, mas você pode facilmente mudar para a próxima sessão para ter mais tempo.",positive,chuong_trinh_hoc
13740,Recomendo 100%!,positive,de_xuat
13742,"Se você não conseguir concluir este curso, não sinta que não é inteligente o suficiente para concluí-lo; em vez disso, você simplesmente não tem os pré-requisitos adequados.",negative,noi_chung
13743,"Se você quer aprender sobre teoria de mapas e POR QUE os mapas são interessantes e importantes, você precisa conferir este curso.",positive,noi_chung
13744,Os questionários foram desafiadores e testaram bem o material do curso.,positive,bai_tap
13744,Os questionários foram desafiadores e testaram bem o material do curso.,positive,bai_tap
13745,"Apesar de eu ter uma formação quantitativa avançada, ainda acho que há muitas lições a serem aprendidas com isso aula.",positive,chuong_trinh_hoc
13746,"Concentra-se principalmente na análise de dados no Excel, em vez de ensinar todas as funções do Excel.",positive,noi_chung
13747,"Agradeço, mas parece que há uma taxa cobrada pela certificação após a conclusão do curso : ( .",positive,noi_chung
13748,Este curso me indicou o quão importante e insubstituível é uma alimentação saudável durante o crescimento e desenvolvimento das crianças.,positive,noi_chung
13749,Fiz este curso ano passado e considero-o um dos melhores que já vi.,positive,noi_chung
13750,Este é o primeiro curso online que faço de música e tenho que dizer que foi realmente ótimo.,positive,noi_chung
13751,Foi um curso muito bom.,positive,noi_chung
13752,O instrutor Prof. Andrew Ng foi fantástico.,positive,ky_nang_giang_day
13753,Andrew explica tudo claramente e com detalhes suficientes para qualquer um entender.,positive,ky_nang_giang_day
13753,Andrew explica tudo claramente e com detalhes suficientes para qualquer um entender.,positive,ky_nang_giang_day
13754,Eu amei cada momento e agora estou tocado porque acabou.,positive,noi_chung
13755,Tenho tantos novos heróis depois de completar este curso.,positive,noi_chung
13756,Muito bem pensado e apresentado passo a passo.,positive,noi_chung
13757,"Conselhos muito genéricos, embora as entrevistas com escritores infantis tenham sido esclarecedoras e úteis.",positive,cung_cap_tai_lieu
13757,"Conselhos muito genéricos, embora as entrevistas com escritores infantis tenham sido esclarecedoras e úteis.",positive,cung_cap_tai_lieu
13757,"Conselhos muito genéricos, embora as entrevistas com escritores infantis tenham sido esclarecedoras e úteis.",neutral,cung_cap_tai_lieu
13758,Ótimo curso para obter uma noção básica do que é programação.,positive,noi_chung
13759,Gostei muito do curso.,positive,noi_chung
13760,Ainda tenho muitas perguntas sem resposta e fórum está muito inativo.,negative,hanh_vi
13760,Ainda tenho muitas perguntas sem resposta e fórum está muito inativo.,negative,hanh_vi
13761,"Além disso, eles fizeram um ótimo trabalho escolhendo os principais tópicos em POO.",positive,noi_chung
13762,"Não era o que eu esperava quando me inscrevi, mas gostei muito.",positive,noi_chung
13763,"As entrevistas com pesquisadores e profissionais de diferentes universidades, Parques do Canadá etc. foram ótimas ferramentas de aprendizado.",positive,ky_nang_giang_day
13764,Um dos melhores cursos que já fiz.,positive,noi_chung
13765,"Incrivelmente simples, mas cheio de informações!",positive,noi_chung
13766,"O curso é ministrado de forma simples, fácil de seguir e com instruções claras.",positive,chuong_trinh_hoc
13766,"O curso é ministrado de forma simples, fácil de seguir e com instruções claras.",positive,chuong_trinh_hoc
13767,Dr. Chuck é ótimo e muito envolvente.,positive,ky_nang_giang_day
13767,Dr. Chuck é ótimo e muito envolvente.,positive,hanh_vi
13768,"Este curso me ajudou a me conhecer muito melhor, a entender os outros e a condição humana em geral.",positive,noi_chung
13770,Provavelmente farei o curso novamente.,positive,noi_chung
13771,"Ok, porque isso lhe dá um nível profundo de compreensão por trás dos fundamentos numéricos dos algoritmos básicos de aprendizado de máquina.",positive,chuong_trinh_hoc
13772,"Um curso muito envolvente curso, gostei do começo ao fim, é instigante e cria muita autoconsciência.",positive,chuong_trinh_hoc
13772,"Um curso muito envolvente curso, gostei do começo ao fim, é instigante e cria muita autoconsciência.",positive,noi_chung
13772,"Um curso muito envolvente curso, gostei do começo ao fim, é instigante e cria muita autoconsciência.",positive,chuong_trinh_hoc
13772,"Um curso muito envolvente curso, gostei do começo ao fim, é instigante e cria muita autoconsciência.",positive,chuong_trinh_hoc
13774,Estou muito animado e empolgado!,positive,noi_chung
13775,"Um curso curso absolutamente completo que ensina sobre empresas de Luxo, mas principalmente sobre Moda.",positive,noi_chung
13776,Também há instruções ligeiramente contraditórias entre a tarefa e a descrição da revisão.,negative,chuong_trinh_hoc
13777,Gostei muito do conteúdo e aprendi muito.,positive,cung_cap_tai_lieu
13777,Gostei muito do conteúdo e aprendi muito.,positive,cung_cap_tai_lieu
13778,"Uma visão geral clara, prática e bem apresentada do campo do marketing digital, com ênfase na igualdade de condições: Kevin faz um esforço para fornecer recursos e ferramentas gratuitos para que qualquer profissional de marketing possa usar o poder da análise digital sem ser prejudicado por limitações de recursos.",positive,ky_nang_giang_day
13778,"Uma visão geral clara, prática e bem apresentada do campo do marketing digital, com ênfase na igualdade de condições: Kevin faz um esforço para fornecer recursos e ferramentas gratuitos para que qualquer profissional de marketing possa usar o poder da análise digital sem ser prejudicado por limitações de recursos.",positive,ky_nang_giang_day
13778,"Uma visão geral clara, prática e bem apresentada do campo do marketing digital, com ênfase na igualdade de condições: Kevin faz um esforço para fornecer recursos e ferramentas gratuitos para que qualquer profissional de marketing possa usar o poder da análise digital sem ser prejudicado por limitações de recursos.",positive,ky_nang_giang_day
13778,"Uma visão geral clara, prática e bem apresentada do campo do marketing digital, com ênfase na igualdade de condições: Kevin faz um esforço para fornecer recursos e ferramentas gratuitos para que qualquer profissional de marketing possa usar o poder da análise digital sem ser prejudicado por limitações de recursos.",positive,ky_nang_giang_day
13779,Mais exemplos de gráficos de tipo financeiro - - Máximo/Mínimo/Abertura/Fechamento etc.,negative,cung_cap_tai_lieu
13780,"Seria ainda melhor com: - mais análises vídeos (como houve um na semana passada) partições disponíveis em formatos inteligentes (por exemplo, musescore) para que os instrumentos de transposição possam evitar a codificação das partições",neutral,ky_nang_giang_day
13781,"A carga horária deste curso é mais intensa que a do curso anterior da especialização, principalmente na semana 3.",negative,cung_cap_tai_lieu
13782,Estou muito decepcionado com esta aula e provavelmente não passarei porque não tenho tempo para descobrir como programar em R.,negative,noi_chung
13782,Estou muito decepcionado com esta aula e provavelmente não passarei porque não tenho tempo para descobrir como programar em R.,negative,noi_chung
13783,"O curso abrange conceitos básicos, ética, história, bem como métodos práticos.",positive,noi_chung
13785,Barb Oakley é maravilhosa e me envolveu o tempo todo.,positive,ky_nang_giang_day
13785,Barb Oakley é maravilhosa e me envolveu o tempo todo.,positive,ky_nang_giang_day
13786,Gostei muito deste curso e fico animado toda vez que clico em nova lição.,positive,noi_chung
13786,Gostei muito deste curso e fico animado toda vez que clico em nova lição.,positive,noi_chung
13787,Há muito para contemplar neste rico e denso curso.,positive,noi_chung
13787,Há muito para contemplar neste rico e denso curso.,positive,noi_chung
13788,Não há explicação que perca tempo nas palestras.,positive,ky_nang_giang_day
13789,Gostei especialmente da lição sobre a possibilidade lógica da viagem no tempo.,positive,cung_cap_tai_lieu
13790,Curso é muito bom.,positive,noi_chung
13791,1. bem estruturado 2. fácil de entender 3. exemplos convincentes 4. motivador para causar impacto em seu país em desenvolvimento,positive,chuong_trinh_hoc
13791,1. bem estruturado 2. fácil de entender 3. exemplos convincentes 4. motivador para causar impacto em seu país em desenvolvimento,positive,chuong_trinh_hoc
13791,1. bem estruturado 2. fácil de entender 3. exemplos convincentes 4. motivador para causar impacto em seu país em desenvolvimento,positive,chuong_trinh_hoc
13792,Os videoclipes antigos com as explicações foram ótimos!,positive,ky_nang_giang_day
13793,"Acredito que o curso deveria ter abordado mais detalhadamente alguns conceitos relevantes para dispositivos IoT - por exemplo, interrupções e seu uso, discussão detalhada do protocolo SPI.",neutral,chuong_trinh_hoc
13794,O conteúdo é muito voltado para o aprendizado online.,positive,cung_cap_tai_lieu
13795,Só posso esperar que ele ministre mais cursos no futuro.,positive,ky_nang_giang_day
13796,"Muito fácil de entender, todos os tópicos discutidos são apresentados de uma maneira fácil e descomplicada.",positive,cung_cap_tai_lieu
13796,"Muito fácil de entender, todos os tópicos discutidos são apresentados de uma maneira fácil e descomplicada.",positive,cung_cap_tai_lieu
13796,"Muito fácil de entender, todos os tópicos discutidos são apresentados de uma maneira fácil e descomplicada.",positive,chuong_trinh_hoc
13797,"Eu recomendo fortemente este curso para qualquer um que queira ter uma compreensão completa da nutrição real e tradicional (orgânica, do tipo de culinária da vovó).",positive,de_xuat
13798,Eu realmente recomendo a todos que se inscrevam!,positive,de_xuat
13799,"A melhor parte das tarefas consistiu em poder visualizar os envios dos colegas e aprender com eles, revisando as técnicas de código que eles usaram.",positive,ham_diem
13800,Os dois apresentadores principais eram muito experientes e o programa foi direcionado a um público internacional.,positive,ky_nang_giang_day
13800,Os dois apresentadores principais eram muito experientes e o programa foi direcionado a um público internacional.,positive,ky_nang_giang_day
13801,Uma boa maneira de aprender ambos.,positive,noi_chung
13802,Gostei muito da aula e adorei o desafio de descobrir como completar as tarefas.,positive,noi_chung
13802,Gostei muito da aula e adorei o desafio de descobrir como completar as tarefas.,positive,bai_tap
13803,"Eu gosto disso curso, mas para mim foi um pouco mais difícil entender algumas coisas básicas.",positive,chuong_trinh_hoc
13803,"Eu gosto disso curso, mas para mim foi um pouco mais difícil entender algumas coisas básicas.",negative,chuong_trinh_hoc
13804,Acredito que esta etapa do curso poderia ser resumida em apenas uma semana de trabalho.,neutral,noi_chung
13805,Visão geral rápida da plataforma Arduino.,positive,noi_chung
13806,O conteúdo do curso não é comprovado por pesquisas.,negative,cung_cap_tai_lieu
13807,"Talvez devesse haver mais nas ""leituras sugeridas"" para que as pessoas interessadas pudessem aumentar seus conhecimentos.",neutral,cung_cap_tai_lieu
13808,Um curso curto e agradável curso.,positive,noi_chung
13809,"No entanto, também descobri que ele não me deu a riqueza de princípios e técnicas que encontrei em outros cursos nesta sequência.",negative,chuong_trinh_hoc
13810,Há muitas informações excelentes neste curso e elas são apresentadas de uma maneira muito boa.,positive,noi_chung
13810,Há muitas informações excelentes neste curso e elas são apresentadas de uma maneira muito boa.,positive,ky_nang_giang_day
13811,Ótimo palestrante que usa exemplos tangíveis para transmitir conceitos complexos.,positive,ky_nang_giang_day
13812,Eu recomendaria o curso a qualquer pessoa que se importe com desenvolvimento profissional.,positive,de_xuat
13813,"Acredito que a maior parte do que é ensinado aqui deveria ser idealmente conhecido pela maioria das pessoas, para que possam fazer escolhas mais informadas e ponderadas sobre a vida, bem como entender o que acontecerá nas próximas décadas.",positive,noi_chung
13814,Não é iniciante curso.,negative,noi_chung
13816,"Obrigado Luay, Scott e Joe por outro excelente curso.",positive,ky_nang_giang_day
13816,"Obrigado Luay, Scott e Joe por outro excelente curso.",positive,noi_chung
13817,"Cheio de informações úteis, atraentes e novas informações.",positive,cung_cap_tai_lieu
13817,"Cheio de informações úteis, atraentes e novas informações.",positive,cung_cap_tai_lieu
13817,"Cheio de informações úteis, atraentes e novas informações.",positive,cung_cap_tai_lieu
13818,"Este curso proporcionou uma grande oportunidade de explorar a criatividade, com tarefas que não exigiam que tivéssemos habilidades em tipos específicos de expressão gráfica.",positive,noi_chung
13818,"Este curso proporcionou uma grande oportunidade de explorar a criatividade, com tarefas que não exigiam que tivéssemos habilidades em tipos específicos de expressão gráfica.",positive,bai_tap
13819,"Foi interativo, valioso e glamoroso.",positive,chuong_trinh_hoc
13820,O instrutor fornece muitas dicas úteis.,positive,ky_nang_giang_day
13821,"No geral, acho que este é um ótimo começo para iniciantes em Java, especialmente para aqueles que são novos em programação.",positive,noi_chung
13822,"Uma abordagem de senso comum sobre como levar ""Uma vida de felicidade e realização"".",positive,noi_chung
13823,"Embora alguns deles dependessem muito de scripts pré-fabricados, eles estavam no nível de jogos que fazem sentido para um iniciante sem serem muito complexos (como todos os tutoriais do Unity).",negative,chuong_trinh_hoc
13824,"Ele gira principalmente em torno do ZMOT e das melhores técnicas de análise de marketing e coleta de dados e, basicamente, em torno de 30 minutos de conteúdo, e a última semana foi mais um ""vamos resumir"".",negative,cung_cap_tai_lieu
13825,Eu gostaria que tivesse se aprofundado um pouco mais.,neutral,chuong_trinh_hoc
13826,Ganhe muito conhecimento com isso aula.,positive,chuong_trinh_hoc
13827,"Fácil de seguir, com boas explicações e vários exemplos.",positive,chuong_trinh_hoc
13827,"Fácil de seguir, com boas explicações e vários exemplos.",positive,chuong_trinh_hoc
13828,"Isso me atrai em fazer esse curso, embora seja relativamente caro.",positive,noi_chung
13829,"No entanto, eu gostei.",positive,noi_chung
13830,Achei o curso uma (re)introdução ao Aprendizado de Máquina muito útil.,positive,noi_chung
13831,"Depois de concluir o curso de 10 semanas sobre Aprendizado de Máquina curso de Andrew Ng, este curso pareceu um pouco curto.",negative,noi_chung
13832,Este seria um curso 5 estrelas se não fosse pelo projeto final.,negative,bai_tap
13833,Incrivelmente inspirador.,positive,noi_chung
13834,Agradecemos a Colleen van Lent e à Universidade de Michigan por criar o Programa Especializado - Web Design para Todos e especialmente à Coursera por tornar isso possível.,positive,ky_nang_giang_day
13835,Muito pouco conteúdo oferecido além de alguns clipes curtos e leituras levemente interessantes leituras.,negative,cung_cap_tai_lieu
13835,Muito pouco conteúdo oferecido além de alguns clipes curtos e leituras levemente interessantes leituras.,neutral,noi_chung
13836,"O curso material foi bastante esclarecedor, dando vislumbres de como a magia era percebida durante a Idade Média.",positive,cung_cap_tai_lieu
13837,"No geral, este é um curso realmente ótimo .",positive,noi_chung
13838,Apenas 3 semanas e já aprendi muito!,positive,noi_chung
14438,Este é o primeiro resort caribenho em que fiquei que não tinha liquidificadores atrás do bar.,negative,thiet_bi_day_hoc
14439,"Serviço foi simplesmente excelente, rápido serviço de manobrista, ótimo concierge, prestativo equipe, excelente café da manhã.",positive,thiet_bi_day_hoc
14440,Minibar como sempre era muito caro e o lugar cobra caro por coisas como centro de saúde e internet.,negative,thiet_bi_day_hoc
14440,Minibar como sempre era muito caro e o lugar cobra caro por coisas como centro de saúde e internet.,negative,thiet_bi_day_hoc
14440,Minibar como sempre era muito caro e o lugar cobra caro por coisas como centro de saúde e internet.,negative,thiet_bi_day_hoc
14441,"Agradável hotel, bom localização, bom instalações. Um ótimo hotel em um terreno lindo.",positive,thiet_bi_day_hoc
14442,Ótima área piscina e academia também.,positive,thiet_bi_day_hoc
14442,Ótima área piscina e academia também.,positive,thiet_bi_day_hoc
14443,"Incrível localização, seguro estacionamento e um interior interessante.",positive,thiet_bi_day_hoc
14444,"Precisa de uma reforma, mas atendeu às nossas necessidades e o clima ao redor à beira da piscina estava fabuloso.",positive,thiet_bi_day_hoc
14445,"O lobby é muito bom, mas os quartos e corredores são antigos.",positive,thiet_bi_day_hoc
14446,O hotel tem um lindo jardim onde você pode sentar e relaxar depois de um dia passeando pela cidade.,positive,thiet_bi_day_hoc
14447,Restaurante anexo ao hotel é fantástico - - uma surpresa deliciosa.,positive,thiet_bi_day_hoc
14448,Não poderíamos estar mais satisfeitos com Aqua Palms and Spa.,positive,thiet_bi_day_hoc
14449,"Enquanto o lobby reformado restaurantes e bares ainda é elegante e luxuoso, o padrão quartos lembra muito mais um dormitório decrépito.",positive,thiet_bi_day_hoc
14450,Comentários em outras avaliações sobre áreas sujas piscina são verdadeiros.,negative,thiet_bi_day_hoc
14451,"No geral, é um bom hotel, os quartos são ótimos, impecáveis, bem abastecidos, e o meu, de qualquer forma, teria tido excelente acesso para cadeira de rodas, a recepção e equipe são prestativos e o café da manhã era simples, mas saboroso e farto.",positive,thiet_bi_day_hoc
14452,"Embora hotel e o terraço sejam comodidades muito agradáveis, definitivamente fique longe do restaurante e do seu arrogante gerente Alex.",negative,thiet_bi_day_hoc
14453,A melhor coisa foi tomar um Starbucks no lobby e poder caminhar até o meio da Times Square.,positive,thiet_bi_day_hoc
14810,Thank you prof I'm writing a exam tomorrow morning,positive,ky_nang_giang_day
14925,¿Por qué phi está limitado de 0 a 180?,neutral,kien_thuc
15179,"Adoro como cada palestra até agora eles conseguiram inventar uma maneira de gravar som nova e criativa. É fofo, mas irritante.",positive,chuong_trinh_hoc
15179,"Adoro como cada palestra até agora eles conseguiram inventar uma maneira de gravar som nova e criativa. É fofo, mas irritante.",positive,thiet_bi_day_hoc
15180,"1 minuto e eu estou entediado, foda-se isso... matemática é ridículo.",negative,kien_thuc
15181,"Lmfao ele é bom, mas seu sotaque francês torna sua palestra estranha",neutral,ky_nang_giang_day
15182,"Por que o método para o Ex 3 tem dtheta? Faz sentido para mim que quando você encontra a integral wrt dx você multiplica a função por dx para formar uma série de retângulos, mas por que estamos multiplicando altura dado por sintheta pelo ângulo?",neutral,kien_thuc
15182,"Por que o método para o Ex 3 tem dtheta? Faz sentido para mim que quando você encontra a integral wrt dx você multiplica a função por dx para formar uma série de retângulos, mas por que estamos multiplicando altura dado por sintheta pelo ângulo?",neutral,kien_thuc
15183,maravilhoso palestra muito obrigado!!!,positive,chuong_trinh_hoc
15184,"Ótimo palestra! Mas não deveríamos fazer uma projeção ortogonal? Em vez disso, ele fez uma projeção paralela ao eixo Y porque ele calcula p1, p2 e p3 tomando os valores t 1, 2 e 3. Você também pode ver isso no desenho dele. Por que ele toma essa projeção em vez da ortogonal? E como e pode acabar sendo ortogonal a p de qualquer maneira?",positive,chuong_trinh_hoc
15184,"Ótimo palestra! Mas não deveríamos fazer uma projeção ortogonal? Em vez disso, ele fez uma projeção paralela ao eixo Y porque ele calcula p1, p2 e p3 tomando os valores t 1, 2 e 3. Você também pode ver isso no desenho dele. Por que ele toma essa projeção em vez da ortogonal? E como e pode acabar sendo ortogonal a p de qualquer maneira?",neutral,kien_thuc
15185,"@[USERNAME]acho que o cinegrafista geralmente adormece. talvez ele seja um profissional que não entende uma palavra de matemática, então ele fica irritado e tira pequenos cochilos",negative,thiet_bi_day_hoc
15185,"@[USERNAME]acho que o cinegrafista geralmente adormece. talvez ele seja um profissional que não entende uma palavra de matemática, então ele fica irritado e tira pequenos cochilos",positive,ky_nang_giang_day
15186,"Legal, fiz isso há um semestre e meio na escola. Tirei nota máxima no teste também :Dgosh cálculo é incrível!",positive,kien_thuc
15187,"Obrigado, isso não tem preço. Ótimo entrevista.",positive,thiet_bi_day_hoc
15188,A prova de A^tA ser invertível por volta de 39:00 foi ótima!,positive,kien_thuc
15188,A prova de A^tA ser invertível por volta de 39:00 foi ótima!,positive,kien_thuc
15188,A prova de A^tA ser invertível por volta de 39:00 foi ótima!,positive,kien_thuc
15189,"Professor Strang, nesta palestra explica em grande detalhe Clusters em Grafos e como Eigenvectors determinam Clusters. O papel do Clustering Espectral e seu início com a Matriz Laplaciana. Obrigado a MIT por todos esses fantásticos palestra.",positive,chuong_trinh_hoc
15189,"Professor Strang, nesta palestra explica em grande detalhe Clusters em Grafos e como Eigenvectors determinam Clusters. O papel do Clustering Espectral e seu início com a Matriz Laplaciana. Obrigado a MIT por todos esses fantásticos palestra.",positive,chuong_trinh_hoc
15190,Oh... meu Deus... o quadro e giz são fenomenais!,positive,thiet_bi_day_hoc
15190,Oh... meu Deus... o quadro e giz são fenomenais!,positive,thiet_bi_day_hoc
15191,"eu gosto desse professor, mas ele explicou muito mal os problemas de taxas relacionadas. É muito difícil ver a beleza da matemática com esse homem, mas está ok para casos práticos. Obrigado MIT",neutral,ky_nang_giang_day
15192,"por que ele usou a terceira derivada de x(theta), mas apenas a segunda derivada para y(theta) na aproximação de Taylor?",neutral,kien_thuc
15193,"A Palestra tornou-se imortal, senhor! Obrigado! (Ref - primeira frase de Prof. Strang na palestra)",positive,chuong_trinh_hoc
15193,"A Palestra tornou-se imortal, senhor! Obrigado! (Ref - primeira frase de Prof. Strang na palestra)",positive,ky_nang_giang_day
15194,"essa é a beleza da vida, muito obrigado Professor Strang e MIT!",positive,ky_nang_giang_day
15195,Este homem é um ótimo professor!,positive,ky_nang_giang_day
15196,Não entendo nada sobre a taxa de convergência :S ..Você pega a diferença e depois o que..?,neutral,kien_thuc
15196,Não entendo nada sobre a taxa de convergência :S ..Você pega a diferença e depois o que..?,neutral,kien_thuc
15197,Só quero agradecer e dizer que adoro o brilho nos olhos dele quando ele ensina,positive,ky_nang_giang_day
15198,Posso imaginar que o algoritmo  em que você subtrai a1 de todos os a subsequentes também seria muito mais fácil de paralelizar.,positive,kien_thuc
15199,Grande melhoria na qualidade vídeo em comparação com 18.06,positive,chuong_trinh_hoc
15200,"aprender álgebra linear com você é como assistir a filmes. é fascinante, emocionante, convincente e divertido. muito obrigado Professor Strang! Tenho muita sorte de aprender esse assunto com você!",positive,ky_nang_giang_day
15201,"A aplicação do Teorema Fundamental da Álgebra Linear é o tema constante das palestras do Professor Strang: http://mathworld.wolfram.com/FundamentalTheoremofLinearAlgebra.htmlEu nunca tinha ouvido falar desse teorema antes dessas palestras, e eu sou um Velho Bastardo. Então essa tem sido uma experiência de aprendizado divertida!",positive,kien_thuc
15201,"A aplicação do Teorema Fundamental da Álgebra Linear é o tema constante das palestras do Professor Strang: http://mathworld.wolfram.com/FundamentalTheoremofLinearAlgebra.htmlEu nunca tinha ouvido falar desse teorema antes dessas palestras, e eu sou um Velho Bastardo. Então essa tem sido uma experiência de aprendizado divertida!",positive,chuong_trinh_hoc
15202,prof. gilbert strang: ensinando a beleza da álgebra linear eu: imaginando como vamos fazer para prender aquelas borrachas atrás do painel traseiro...,positive,ky_nang_giang_day
15202,prof. gilbert strang: ensinando a beleza da álgebra linear eu: imaginando como vamos fazer para prender aquelas borrachas atrás do painel traseiro...,negative,noi_chung
15203,"Em 41:54, Strang acerta os autovalores de memória. Estou impressionado!",positive,ky_nang_giang_day
15204,"@[USERNAME]por que haveria um raiz quadrada de 2 pi ali, não entendi o significado do que ele está dizendo quando não há fatores de correção e esta é a verdadeira variância assintótica. Por que haveria algo disso?",neutral,kien_thuc
15205,Esses cursos são os melhores em matemática.,positive,chuong_trinh_hoc
15206,"Interessante prova: mostrar a probabilidade de dois eventos coincidentes separados serem maiores do que a probabilidade de um único evento ocorrer no universo de eventos, dizendo que eles não são eventos coincidentes, no entanto, mas 1 único evento com uma probabilidade maior do que um único evento ocorrer no universo específico. Muito inteligente.",positive,kien_thuc
15207,Isso seria muito melhor se um microfone com cancelamento de ruído tivesse sido usado.,negative,thiet_bi_day_hoc
15207,Isso seria muito melhor se um microfone com cancelamento de ruído tivesse sido usado.,positive,thiet_bi_day_hoc
15208,Maneira fantástica de introduzir Pseudoinverso. GS é um ótimo professor. Obrigado OCW por disponibilizar isso,positive,ky_nang_giang_day
15209,Quero agradecer ao MIT por ter publicado isso e Sir Gilbert Strang por uma palestra tão incrível,positive,ky_nang_giang_day
15209,Quero agradecer ao MIT por ter publicado isso e Sir Gilbert Strang por uma palestra tão incrível,positive,chuong_trinh_hoc
15210,Acabei de perceber que meu professor nunca me ensinou os passos inteiros...apenas os atalhos. Isso é ótimo!,positive,chuong_trinh_hoc
15211,"Se Denis Auroux fosse meu professor de matemática por toda a minha vida, Euler estaria comendo minha poeira.",positive,ky_nang_giang_day
15211,"Se Denis Auroux fosse meu professor de matemática por toda a minha vida, Euler estaria comendo minha poeira.",neutral,noi_chung
15212,"hoah isso palestra é difícil, mas muito interessante ao mesmo tempo :3",positive,chuong_trinh_hoc
15213,Adoraria ver mais de Alex Townsend. Que fantástico palestrante!,positive,ky_nang_giang_day
15213,Adoraria ver mais de Alex Townsend. Que fantástico palestrante!,positive,chuong_trinh_hoc
15214,"Estou confuso com Thm2, o instrutor disse e explicou que x é mais grosseiro que x', mas como x' está contido em x e considerando a definição da partição, sua explicação não deveria ser oposta enquanto ele está provando Thm2? então x contém x' e mais, eu acho",neutral,kien_thuc
15216,Cheguei aqui da Aula 1. Muito satisfeito,positive,chuong_trinh_hoc
15217,"É real horas de álgebra, meus amigos.",neutral,chuong_trinh_hoc
15218,"Obrigado, Prof. Gilbert Strang e MIT.",positive,ky_nang_giang_day
15219,"MIT prestou um grande serviço à humanidade, gravando suas palestras e compartilhando-as online. Elas são tão bonitas que as gerações futuras se lembrarão dele como o Mozart deste assunto.",positive,chuong_trinh_hoc
15220,"Em 31:20, um dfa convertido de nfa sempre contém 2^q estados? Quero dizer, Q' é igual a P(Q) ou Q' é um subconjunto de P(Q)?",neutral,kien_thuc
15220,"Em 31:20, um dfa convertido de nfa sempre contém 2^q estados? Quero dizer, Q' é igual a P(Q) ou Q' é um subconjunto de P(Q)?",neutral,kien_thuc
15220,"Em 31:20, um dfa convertido de nfa sempre contém 2^q estados? Quero dizer, Q' é igual a P(Q) ou Q' é um subconjunto de P(Q)?",neutral,kien_thuc
15220,"Em 31:20, um dfa convertido de nfa sempre contém 2^q estados? Quero dizer, Q' é igual a P(Q) ou Q' é um subconjunto de P(Q)?",neutral,kien_thuc
15220,"Em 31:20, um dfa convertido de nfa sempre contém 2^q estados? Quero dizer, Q' é igual a P(Q) ou Q' é um subconjunto de P(Q)?",neutral,kien_thuc
15221,"Para qualquer um que esteja pensando em assistir a todos os 35 palestras, faça isso. Professor Auroux ensina melhor do que qualquer um que eu já tenha visto antes. Tudo é estruturado, pensado e flui de um tópico para o outro tão facilmente que você ficará surpreso por ter assistido a mais de 50 minutos de matemática.",positive,ky_nang_giang_day
15221,"Para qualquer um que esteja pensando em assistir a todos os 35 palestras, faça isso. Professor Auroux ensina melhor do que qualquer um que eu já tenha visto antes. Tudo é estruturado, pensado e flui de um tópico para o outro tão facilmente que você ficará surpreso por ter assistido a mais de 50 minutos de matemática.",positive,chuong_trinh_hoc
15222,"Frações parciais começa em 0:45 até 18:20, o que também é importante.",positive,kien_thuc
15223,"Há muitos comentários de que algumas das explicações do Prof. não são rigorosas o suficiente. O MIT tem 2 ou 3 níveis de cálculo introdutório. Este é para calouros com pouco ou nenhum cálculo do ensino médio, e que provavelmente se formarão em engenharia, onde a chave é obter a resposta certa em vez de ser rigorosamente correto. Se você for ao site do OCW, poderá encontrar o que é voltado para alunos que querem se formar em matemática ou física. É totalmente diferente e muito mais difícil.",negative,chuong_trinh_hoc
15223,"Há muitos comentários de que algumas das explicações do Prof. não são rigorosas o suficiente. O MIT tem 2 ou 3 níveis de cálculo introdutório. Este é para calouros com pouco ou nenhum cálculo do ensino médio, e que provavelmente se formarão em engenharia, onde a chave é obter a resposta certa em vez de ser rigorosamente correto. Se você for ao site do OCW, poderá encontrar o que é voltado para alunos que querem se formar em matemática ou física. É totalmente diferente e muito mais difícil.",negative,ky_nang_giang_day
15224,"Muito obrigado, senhor. Da Índia.",positive,ky_nang_giang_day
15225,"caramba, estou na aula de pré-cálculo, querendo começar logo em cálculo, e nada disso ou aula fez sentido, ele continuou falando sobre limites e derivadas e até mostrou exemplos, mas nunca explicou como fazê-los tão bem, ou mesmo o que eram... as pessoas dessa turma já tiveram contato com esse assunto antes?",negative,chuong_trinh_hoc
15225,"caramba, estou na aula de pré-cálculo, querendo começar logo em cálculo, e nada disso ou aula fez sentido, ele continuou falando sobre limites e derivadas e até mostrou exemplos, mas nunca explicou como fazê-los tão bem, ou mesmo o que eram... as pessoas dessa turma já tiveram contato com esse assunto antes?",negative,ky_nang_giang_day
15225,"caramba, estou na aula de pré-cálculo, querendo começar logo em cálculo, e nada disso ou aula fez sentido, ele continuou falando sobre limites e derivadas e até mostrou exemplos, mas nunca explicou como fazê-los tão bem, ou mesmo o que eram... as pessoas dessa turma já tiveram contato com esse assunto antes?",neutral,kien_thuc
15225,"caramba, estou na aula de pré-cálculo, querendo começar logo em cálculo, e nada disso ou aula fez sentido, ele continuou falando sobre limites e derivadas e até mostrou exemplos, mas nunca explicou como fazê-los tão bem, ou mesmo o que eram... as pessoas dessa turma já tiveram contato com esse assunto antes?",neutral,kien_thuc
15225,"caramba, estou na aula de pré-cálculo, querendo começar logo em cálculo, e nada disso ou aula fez sentido, ele continuou falando sobre limites e derivadas e até mostrou exemplos, mas nunca explicou como fazê-los tão bem, ou mesmo o que eram... as pessoas dessa turma já tiveram contato com esse assunto antes?",neutral,kien_thuc
15225,"caramba, estou na aula de pré-cálculo, querendo começar logo em cálculo, e nada disso ou aula fez sentido, ele continuou falando sobre limites e derivadas e até mostrou exemplos, mas nunca explicou como fazê-los tão bem, ou mesmo o que eram... as pessoas dessa turma já tiveram contato com esse assunto antes?",neutral,noi_chung
15226,32:36 Alguém percebeu que ele não disse isso? :D,neutral,ky_nang_giang_day
15227,"Senhor, na última aula, como esses dois vetor coluna passam pela origem ????",neutral,kien_thuc
15229,100 alunos em uma turma. Cada um paga aproximadamente 50 USD por dia para a universidade. Talvez 25 USD somente para isso (1 aula). (2500 USD no total!) E nós ganhamos de graça! Isso realmente ajuda aqueles que não têm oportunidades de aprender e progredir.,positive,chuong_trinh_hoc
15230,"3:13 ""voltando aos gregos..."" :) Bem, senhor, acho que os gregos ainda estão no mundo.",neutral,ky_nang_giang_day
15231,"Esse cara é ótimo. Estudei engenharia em uma universidade menos prestigiosa que o MIT, e lembro de professores se recusando a explicar seus passos de álgebra. Eles diziam ""você já deveria saber disso"".",positive,ky_nang_giang_day
15232,"As pessoas fazem cálculo vetorial apenas por diversão? Bem, meu amigo diz que gosta.",neutral,kien_thuc
15233,Absolutamente lendário. Professor Strang explica álgebra linear 10 vezes melhor do que o meu professor na escola. : ),positive,ky_nang_giang_day
15233,Absolutamente lendário. Professor Strang explica álgebra linear 10 vezes melhor do que o meu professor na escola. : ),positive,chuong_trinh_hoc
15233,Absolutamente lendário. Professor Strang explica álgebra linear 10 vezes melhor do que o meu professor na escola. : ),negative,ky_nang_giang_day
15234,"Esse cara é uma lenda. Eu o amo. A limpeza de suas palestras é como a beleza de matemática, e 18.02 é definitivamente meu favorito curso aberto do MIT.",positive,ky_nang_giang_day
15234,"Esse cara é uma lenda. Eu o amo. A limpeza de suas palestras é como a beleza de matemática, e 18.02 é definitivamente meu favorito curso aberto do MIT.",positive,chuong_trinh_hoc
15234,"Esse cara é uma lenda. Eu o amo. A limpeza de suas palestras é como a beleza de matemática, e 18.02 é definitivamente meu favorito curso aberto do MIT.",positive,noi_chung
15234,"Esse cara é uma lenda. Eu o amo. A limpeza de suas palestras é como a beleza de matemática, e 18.02 é definitivamente meu favorito curso aberto do MIT.",positive,kien_thuc
15235,Este professor é uma lenda pura,positive,ky_nang_giang_day
15236,Muito bom palestra. Muito simples de entender. Obrigado por compartilhar.,positive,chuong_trinh_hoc
15237,Você pode até derivar a lei dos cossenos puramente da geometria elementar e da mera definição do seno e cosseno. Basta usar Pitágoras e você chegará lá.,positive,kien_thuc
15238,"O instrutor ficou confuso? com o termo cos, C ponto C tem um ângulo zero, então, cos (0) é 1, é por isso que nenhum cos aparece em C ponto C, não tem nada a ver com voltar à definição de produto escalar (tão simples!)",neutral,ky_nang_giang_day
15239,"MIT, por favor, forneça água e esponjas para as necessidades de limpeza do seu professor quadro negro, wtf",negative,thiet_bi_day_hoc
15240,O melhor giz que já vi,positive,thiet_bi_day_hoc
15241,Esta (série 1) é Breaking Bad nível alto. Os mesmos altos e baixos e tensão e mistério e excitação,positive,chuong_trinh_hoc
15242,Legal palestra senhor. Amor da Índia 🇮🇳🇮🇳,positive,chuong_trinh_hoc
15243,"Por que ele chama isso de ""vetor""?",neutral,ky_nang_giang_day
15243,"Por que ele chama isso de ""vetor""?",neutral,kien_thuc
15244,Olá senhor. Minha pergunta é: por que usamos exponencial,neutral,kien_thuc
15245,Stat é um sub muito difícil.,negative,chuong_trinh_hoc
15246,Eu realmente gosto do Vídeo da sua eliminação com matrizes,positive,chuong_trinh_hoc
15247,Obrigado por estas palestras e pelo esforço em reunir estes vídeos!,positive,chuong_trinh_hoc
15248,"informativo sem excesso de fluff, intrinsecamente divertido e bem ritmado. Espero que o resto da série de palestras seja tão bem feito quanto este primeiro introdução",positive,chuong_trinh_hoc
15248,"informativo sem excesso de fluff, intrinsecamente divertido e bem ritmado. Espero que o resto da série de palestras seja tão bem feito quanto este primeiro introdução",positive,chuong_trinh_hoc
15249,"mesmo conteúdo que minha universidade não pertencente à Ivy League. Na verdade, como o professor é tão bom aqui e eu tive que aprender tudo sozinho, eu diria que foi mais difícil.",positive,ky_nang_giang_day
15249,"mesmo conteúdo que minha universidade não pertencente à Ivy League. Na verdade, como o professor é tão bom aqui e eu tive que aprender tudo sozinho, eu diria que foi mais difícil.",neutral,noi_chung
15250,"Ainda não fiz Cálculo, muitas pessoas dizem que é o calcanhar de Aquiles daqueles que buscam ensino superior. Espero que não seja verdade.",neutral,kien_thuc
15251,Um bom vídeo para complementar o gradiente e a taxa de aprendizagem :-) : https://www.youtube.com/watch?v=NomUbVmmyro,positive,chuong_trinh_hoc
15252,"Sou economista, mas se com isso professor, eu também posso virar engenheiro em 6 meses. Também me pergunto se esses professores fazem aulas de desenho. Os círculos dele são bons!",positive,ky_nang_giang_day
15253,Não posso deixar de notar que alguém naquela sala aula está com uma tosse forte.,negative,noi_chung
15253,Não posso deixar de notar que alguém naquela sala aula está com uma tosse forte.,neutral,chuong_trinh_hoc
15254,"Ah, cara...tantas palavras, tantas falas, úteis para autoconfusão...relaxa, cara, um martini de votka resolve...",negative,ky_nang_giang_day
15255,"É isso que eu gosto nessas boas escolas - que os professores são dedicados a ensinar. A maioria dos outros professores são péssimos e chatos, e eles acabam sendo naturalmente egocêntricos. Eu amo vocês, pessoal.",positive,ky_nang_giang_day
15255,"É isso que eu gosto nessas boas escolas - que os professores são dedicados a ensinar. A maioria dos outros professores são péssimos e chatos, e eles acabam sendo naturalmente egocêntricos. Eu amo vocês, pessoal.",negative,ky_nang_giang_day
15256,"Deus, eu amo esse homem!",positive,ky_nang_giang_day
15257,"Caro senhor, a fórmula de aproximação linear não são os dois primeiros termos da Expansão de Taylor? Aproximação linear é como Série de Taylor, mas para funções lineares?",neutral,kien_thuc
15257,"Caro senhor, a fórmula de aproximação linear não são os dois primeiros termos da Expansão de Taylor? Aproximação linear é como Série de Taylor, mas para funções lineares?",neutral,kien_thuc
15257,"Caro senhor, a fórmula de aproximação linear não são os dois primeiros termos da Expansão de Taylor? Aproximação linear é como Série de Taylor, mas para funções lineares?",neutral,kien_thuc
15257,"Caro senhor, a fórmula de aproximação linear não são os dois primeiros termos da Expansão de Taylor? Aproximação linear é como Série de Taylor, mas para funções lineares?",neutral,kien_thuc
15257,"Caro senhor, a fórmula de aproximação linear não são os dois primeiros termos da Expansão de Taylor? Aproximação linear é como Série de Taylor, mas para funções lineares?",neutral,kien_thuc
15258,"Sim, ele poderia ter coberto o teste da razão no mesmo tempo que levou para explicar por que ele não estava cobrindo o raio de convergência.",neutral,ky_nang_giang_day
15258,"Sim, ele poderia ter coberto o teste da razão no mesmo tempo que levou para explicar por que ele não estava cobrindo o raio de convergência.",neutral,kien_thuc
15259,mas então O QUE É DETERMINANTE?,negative,kien_thuc
15260,"se alguém pudesse explicar o que ele está dizendo em 34:35, seria ótimo. Eu realmente não entendo. Gostaria de poder ser mais específico ao explicar minha confusão!",neutral,thiet_bi_day_hoc
15261,Por que o centro de massa de Cn+1bloco= Cn+1,neutral,kien_thuc
15262,Isto é algo agradável giz,positive,thiet_bi_day_hoc
15263,Deus abençoe Gilbert Strange e também obrigado a MIT por colocá-los na web. O que diabos fazíamos antes da internet?,positive,ky_nang_giang_day
15263,Deus abençoe Gilbert Strange e também obrigado a MIT por colocá-los na web. O que diabos fazíamos antes da internet?,positive,noi_chung
15263,Deus abençoe Gilbert Strange e também obrigado a MIT por colocá-los na web. O que diabos fazíamos antes da internet?,positive,thiet_bi_day_hoc
15264,"@[USERNAME]Sim, você está certo, basicamente o primeiro ano na Uni é muito mais fácil do que os níveis A. O segundo ano é um despertar rude, você trabalha duro. Claro que todos os gênios postando aqui estavam descobrindo a energia escura em seu primeiro ano (ou você pensaria que era o caso pela maneira como eles agem de forma tão condescendente e presunçosa sobre isso palestra.) Não ocorreu a eles que o MIT tem alguma experiência em educar algumas das mentes mais brilhantes e recapitular os primeiros princípios pode ter um propósito válido",positive,chuong_trinh_hoc
15264,"@[USERNAME]Sim, você está certo, basicamente o primeiro ano na Uni é muito mais fácil do que os níveis A. O segundo ano é um despertar rude, você trabalha duro. Claro que todos os gênios postando aqui estavam descobrindo a energia escura em seu primeiro ano (ou você pensaria que era o caso pela maneira como eles agem de forma tão condescendente e presunçosa sobre isso palestra.) Não ocorreu a eles que o MIT tem alguma experiência em educar algumas das mentes mais brilhantes e recapitular os primeiros princípios pode ter um propósito válido",negative,noi_chung
15265,"@[USERNAME]Talvez seja porque eu já entendi multiplicadores de Lagrange, mas eles não deveriam estar tão perdidos. esta explicação é bem decente, na minha humilde opinião",neutral,kien_thuc
15265,"@[USERNAME]Talvez seja porque eu já entendi multiplicadores de Lagrange, mas eles não deveriam estar tão perdidos. esta explicação é bem decente, na minha humilde opinião",positive,thiet_bi_day_hoc
15266,"Final incrível para uma série incrível (1). Obrigado MIT OpenCourseWare, obrigado Professor David Jerison e obrigado series",positive,chuong_trinh_hoc
15266,"Final incrível para uma série incrível (1). Obrigado MIT OpenCourseWare, obrigado Professor David Jerison e obrigado series",positive,ky_nang_giang_day
15266,"Final incrível para uma série incrível (1). Obrigado MIT OpenCourseWare, obrigado Professor David Jerison e obrigado series",positive,ky_nang_giang_day
15267,Por que ele não explicou método das lavadoras? Eles mencionam isso na recitação vid.,neutral,kien_thuc
15267,Por que ele não explicou método das lavadoras? Eles mencionam isso na recitação vid.,neutral,kien_thuc
15267,Por que ele não explicou método das lavadoras? Eles mencionam isso na recitação vid.,neutral,chuong_trinh_hoc
15268,foi muito engraçado quando ele viu seu erro :D:D,neutral,ky_nang_giang_day
15269,"Em muitas álgebras lineares curso que vi, o aluno é simplesmente informado sobre as várias relações entre os subespaços fundamentais. Mas neste curso essas ideias são apresentadas de forma convincente, mas acessível. Isso é muito importante porque permite que os alunos realmente entendam essas ideias-chave da álgebra linear a ponto de se tornarem intuitivos, em vez de simplesmente memorizar propriedades e fórmulas. Outra ótima palestra do professor Strang!",positive,chuong_trinh_hoc
15269,"Em muitas álgebras lineares curso que vi, o aluno é simplesmente informado sobre as várias relações entre os subespaços fundamentais. Mas neste curso essas ideias são apresentadas de forma convincente, mas acessível. Isso é muito importante porque permite que os alunos realmente entendam essas ideias-chave da álgebra linear a ponto de se tornarem intuitivos, em vez de simplesmente memorizar propriedades e fórmulas. Outra ótima palestra do professor Strang!",positive,ky_nang_giang_day
15270,por que phi é limitado de 0 a 180,neutral,kien_thuc
15271,"@[USERNAME]A parábola não importa em termos de limites porque sabemos que ela se torna o círculo unitário no plano xy. A integral dupla se importa apenas com o plano xy, então isso é tudo o que você precisa saber para configurar a integral.",negative,kien_thuc
15272,"Eu realmente gosto do Vídeo-aula 16: Equações diferenciais, separação de variáveis do seu",positive,chuong_trinh_hoc
15272,"Eu realmente gosto do Vídeo-aula 16: Equações diferenciais, separação de variáveis do seu",neutral,kien_thuc
15272,"Eu realmente gosto do Vídeo-aula 16: Equações diferenciais, separação de variáveis do seu",neutral,kien_thuc
15273,é muito bom palestra aprecio seu trabalho duro trabalho,positive,chuong_trinh_hoc
15273,é muito bom palestra aprecio seu trabalho duro trabalho,positive,noi_chung
15274,"Professor Strang, gostaria de agradecer humildemente por compartilhar esse conhecimento inestimável com todos nós. E, claro, obrigado MIT por enviar um conteúdo tão incrível. Passei os últimos 2,5 meses assistindo a todos os vídeos, preparando todos os 10 conjuntos de problemas, 3 questionários e o exame final. Até enviei minhas soluções aqui - https://github.com/alivay/mit_1806_linear_algebra nos formatos latex e pdf.",positive,ky_nang_giang_day
15274,"Professor Strang, gostaria de agradecer humildemente por compartilhar esse conhecimento inestimável com todos nós. E, claro, obrigado MIT por enviar um conteúdo tão incrível. Passei os últimos 2,5 meses assistindo a todos os vídeos, preparando todos os 10 conjuntos de problemas, 3 questionários e o exame final. Até enviei minhas soluções aqui - https://github.com/alivay/mit_1806_linear_algebra nos formatos latex e pdf.",positive,chuong_trinh_hoc
15275,Por que a câmera está balançando? Por que não focar no quadro? mais distrações,negative,thiet_bi_day_hoc
15276,"A garota que levantou a mão na primeira fila quando ele perguntou qual era o nome da matrix... :'( A faculdade é apenas uma Dora, a Aventureira de alto nível, onde o professor faz uma pergunta, olha para você por 15 segundos e então responde ele mesmo",neutral,ky_nang_giang_day
15277,"Então... Eu estava me sentindo meio descolado, então comecei a simplificar 1/8 - cos(4x) /8 em termos com apenas x e acabei ficando com apenas sin^2(x cos^2(x)).. Agora isso é bem interessante, certo, porque é o mesmo que o integrando mais uma constante. Alguém tentou isso?",positive,kien_thuc
15277,"Então... Eu estava me sentindo meio descolado, então comecei a simplificar 1/8 - cos(4x) /8 em termos com apenas x e acabei ficando com apenas sin^2(x cos^2(x)).. Agora isso é bem interessante, certo, porque é o mesmo que o integrando mais uma constante. Alguém tentou isso?",positive,kien_thuc
15278,"Gilbert Strang, o nome que todos os estudantes universitários do mundo conhecem. Ele é um gênio e um grande professor",positive,ky_nang_giang_day
15279,"Acabei de terminar depois de 11 semanas assistindo a todas as palestras, fazendo todos os deveres de casa e fazendo todas as provas. Não posso agradecer o suficiente ao Prof. Strang e ao MIT por criarem e postarem esta série de palestras. É tão raro encontrar um matemático obviamente brilhante que realmente parece gostar de dar aulas de nível introdutório, e Prof. Strang foi uma alegria passar ~30 horas com esses vídeos. Já fiz Álgebra Linear antes, mas precisei de uma atualização depois de 10 anos, e este curso foi perfeito para me orientar nos conceitos.",positive,chuong_trinh_hoc
15279,"Acabei de terminar depois de 11 semanas assistindo a todas as palestras, fazendo todos os deveres de casa e fazendo todas as provas. Não posso agradecer o suficiente ao Prof. Strang e ao MIT por criarem e postarem esta série de palestras. É tão raro encontrar um matemático obviamente brilhante que realmente parece gostar de dar aulas de nível introdutório, e Prof. Strang foi uma alegria passar ~30 horas com esses vídeos. Já fiz Álgebra Linear antes, mas precisei de uma atualização depois de 10 anos, e este curso foi perfeito para me orientar nos conceitos.",positive,ky_nang_giang_day
15280,"agora duvido senhor você é uma benção para os matemáticos e também para aqueles relacionados a este campo, eu frequentemente gosto de suas palestras em minhas vocações",positive,chuong_trinh_hoc
15280,"agora duvido senhor você é uma benção para os matemáticos e também para aqueles relacionados a este campo, eu frequentemente gosto de suas palestras em minhas vocações",positive,ky_nang_giang_day
15281,19:00 Prova por indução matemática.41:41 Lema do bombeamento.,neutral,kien_thuc
15282,"Na última prova (A'A é invertível), por que ele tem permissão para multiplicar ambos os lados por um vetor linha? Isso não deveria mudar o conjunto de soluções? Por exemplo, suponha [x1 x2 x3 x4]' = 0. Então x = vetor 0. Mas se eu multiplicar ambos os lados por [1 -1 0 0], então [1 1 0 0]' se torna uma solução. Devo assumir que esta operação só pode adicionar soluções, então a prova ainda é válida (já que após a operação, apenas 0 está no espaço nulo)?",negative,kien_thuc
15282,"Na última prova (A'A é invertível), por que ele tem permissão para multiplicar ambos os lados por um vetor linha? Isso não deveria mudar o conjunto de soluções? Por exemplo, suponha [x1 x2 x3 x4]' = 0. Então x = vetor 0. Mas se eu multiplicar ambos os lados por [1 -1 0 0], então [1 1 0 0]' se torna uma solução. Devo assumir que esta operação só pode adicionar soluções, então a prova ainda é válida (já que após a operação, apenas 0 está no espaço nulo)?",neutral,kien_thuc
15283,o senhor Gilbert strang ainda está vivo??,neutral,ky_nang_giang_day
15284,"@[USERNAME]hey, você entendeu a primeira parte quando ele declarou que ( d/dx +x y = 0), se traduz em dy/dx +xy = 0? Estou um pouco confuso sobre isso. Vejo pela primeira equação que era um dado que dy/dx = f(x) = y. Portanto, y deve ser igual a dy/dx, então a equação não deveria ser (d/dx)(dy/dx) = -xy?",neutral,kien_thuc
15284,"@[USERNAME]hey, você entendeu a primeira parte quando ele declarou que ( d/dx +x y = 0), se traduz em dy/dx +xy = 0? Estou um pouco confuso sobre isso. Vejo pela primeira equação que era um dado que dy/dx = f(x) = y. Portanto, y deve ser igual a dy/dx, então a equação não deveria ser (d/dx)(dy/dx) = -xy?",neutral,kien_thuc
15285,"25:24 Para provar que AB e BA compartilham os mesmos autovalores, acho que aqui a prova só prova o caso quando B é invertível. Então, esta não é uma prova geral.",neutral,kien_thuc
15285,"25:24 Para provar que AB e BA compartilham os mesmos autovalores, acho que aqui a prova só prova o caso quando B é invertível. Então, esta não é uma prova geral.",neutral,kien_thuc
15285,"25:24 Para provar que AB e BA compartilham os mesmos autovalores, acho que aqui a prova só prova o caso quando B é invertível. Então, esta não é uma prova geral.",neutral,kien_thuc
15285,"25:24 Para provar que AB e BA compartilham os mesmos autovalores, acho que aqui a prova só prova o caso quando B é invertível. Então, esta não é uma prova geral.",neutral,kien_thuc
15286,Por que u_0 pode ser escrito como uma combinação linear do autovetor de A? 29:55,neutral,kien_thuc
15286,Por que u_0 pode ser escrito como uma combinação linear do autovetor de A? 29:55,neutral,kien_thuc
15287,"Estou fazendo aula de álgebra linear na minha própria faculdade. É uma das 20 melhores universidades, mas o professor bagunça tudo completamente! Ele nem enfatizou o fechamento da combinação linear quando introduziu o espaço vetorial! Eu achava que álgebra linear era superdifícil, mas percebi que não é depois que assisti a este vídeo!",negative,ky_nang_giang_day
15287,"Estou fazendo aula de álgebra linear na minha própria faculdade. É uma das 20 melhores universidades, mas o professor bagunça tudo completamente! Ele nem enfatizou o fechamento da combinação linear quando introduziu o espaço vetorial! Eu achava que álgebra linear era superdifícil, mas percebi que não é depois que assisti a este vídeo!",negative,chuong_trinh_hoc
15287,"Estou fazendo aula de álgebra linear na minha própria faculdade. É uma das 20 melhores universidades, mas o professor bagunça tudo completamente! Ele nem enfatizou o fechamento da combinação linear quando introduziu o espaço vetorial! Eu achava que álgebra linear era superdifícil, mas percebi que não é depois que assisti a este vídeo!",positive,thiet_bi_day_hoc
15288,"Tirei 70 de 75 na minha prova final de álgebra linear, obrigado MIT...",positive,chuong_trinh_hoc
15289,Adoro esse cara. Eu me perdi um pouco no Taylor stuff mas preciso revisá-lo e estava aqui principalmente pela parte de representação paramétrica.,positive,ky_nang_giang_day
15290,"Não sei por que, mas me sinto meio triste em saber que isso claro acabou.",positive,chuong_trinh_hoc
15291,@[USERNAME]Ele fala sobre isso na aula 2. Mas ele não prova.,positive,ky_nang_giang_day
15291,@[USERNAME]Ele fala sobre isso na aula 2. Mas ele não prova.,neutral,kien_thuc
15292,MIT quadros negros tendem ao infinito,positive,thiet_bi_day_hoc
15293,"Saúdem esse homem, ele ensinou mais alunos álgebra linear do que qualquer outra pessoa na história e provavelmente continuará fazendo isso eternamente!",positive,ky_nang_giang_day
15293,"Saúdem esse homem, ele ensinou mais alunos álgebra linear do que qualquer outra pessoa na história e provavelmente continuará fazendo isso eternamente!",positive,kien_thuc
15294,46:31 Use a Fórmula do Cofator do início.,neutral,kien_thuc
15295,"@[USERNAME]O fato de que A^T * A e A * A^T têm os mesmos autovalores diferentes de zero está me deixando louco agora. Acho que isso está intimamente relacionado ao fato de que det(B = det(B^T),) já que det é onde obtemos os polinômios/egenvalores característicos...",neutral,kien_thuc
15295,"@[USERNAME]O fato de que A^T * A e A * A^T têm os mesmos autovalores diferentes de zero está me deixando louco agora. Acho que isso está intimamente relacionado ao fato de que det(B = det(B^T),) já que det é onde obtemos os polinômios/egenvalores característicos...",neutral,kien_thuc
15295,"@[USERNAME]O fato de que A^T * A e A * A^T têm os mesmos autovalores diferentes de zero está me deixando louco agora. Acho que isso está intimamente relacionado ao fato de que det(B = det(B^T),) já que det é onde obtemos os polinômios/egenvalores característicos...",neutral,kien_thuc
15296,"Hoje eu completei este curso, eu não sou formado em ciências, eu sou um estudante de Eco e comecei a aprender matemática para que eu possa fazer mestrado mais tarde e este é o primeiro curso que eu fiz e ele realmente me inspirou a aprender mais matemática e nunca mais desistir Álgebra Linear, isso não teria sido possível sem Prof. Stang e MIT OCW. Muito obrigado, palavras não podem expressar minha gratidão.",positive,ky_nang_giang_day
15296,"Hoje eu completei este curso, eu não sou formado em ciências, eu sou um estudante de Eco e comecei a aprender matemática para que eu possa fazer mestrado mais tarde e este é o primeiro curso que eu fiz e ele realmente me inspirou a aprender mais matemática e nunca mais desistir Álgebra Linear, isso não teria sido possível sem Prof. Stang e MIT OCW. Muito obrigado, palavras não podem expressar minha gratidão.",positive,noi_chung
15296,"Hoje eu completei este curso, eu não sou formado em ciências, eu sou um estudante de Eco e comecei a aprender matemática para que eu possa fazer mestrado mais tarde e este é o primeiro curso que eu fiz e ele realmente me inspirou a aprender mais matemática e nunca mais desistir Álgebra Linear, isso não teria sido possível sem Prof. Stang e MIT OCW. Muito obrigado, palavras não podem expressar minha gratidão.",positive,chuong_trinh_hoc
15296,"Hoje eu completei este curso, eu não sou formado em ciências, eu sou um estudante de Eco e comecei a aprender matemática para que eu possa fazer mestrado mais tarde e este é o primeiro curso que eu fiz e ele realmente me inspirou a aprender mais matemática e nunca mais desistir Álgebra Linear, isso não teria sido possível sem Prof. Stang e MIT OCW. Muito obrigado, palavras não podem expressar minha gratidão.",positive,kien_thuc
15297,"Em vez de usar a fórmula do ângulo duplo e expandir o quadrado, ele poderia ter usado exponenciais complexas para linearizar cos theta à quarta potência, certo?",neutral,ky_nang_giang_day
15298,"Acho que grad(f) às 16:00 deveria ser 0.5(S+S transposex-a), certo? De qualquer forma, obrigado pela incrível palestra!",positive,chuong_trinh_hoc
15298,"Acho que grad(f) às 16:00 deveria ser 0.5(S+S transposex-a), certo? De qualquer forma, obrigado pela incrível palestra!",positive,ky_nang_giang_day
15298,"Acho que grad(f) às 16:00 deveria ser 0.5(S+S transposex-a), certo? De qualquer forma, obrigado pela incrível palestra!",neutral,kien_thuc
15298,"Acho que grad(f) às 16:00 deveria ser 0.5(S+S transposex-a), certo? De qualquer forma, obrigado pela incrível palestra!",neutral,kien_thuc
15299,Apaixonado por esboço do curso,positive,chuong_trinh_hoc
15300,às 28:10 por que estamos presos usando (*) para encontrar y. Parece facilmente solucionável para mim?,negative,kien_thuc
15301,Obrigado por isso palestra: https://www.youtube.com/richcoast,positive,chuong_trinh_hoc
15302,"Quando conectei os pontos na minha cabeça por volta dos 15 minutos quando professor estava falando sobre por que fazemos essa coisa de projeção, foi um dos momentos mais alucinantes na minha mente. Eu senti como se estivesse indo de cima para baixo no cérebro minúsculo - meme do cérebro da galáxia em um intervalo de um segundo. Incrível curso",positive,chuong_trinh_hoc
15302,"Quando conectei os pontos na minha cabeça por volta dos 15 minutos quando professor estava falando sobre por que fazemos essa coisa de projeção, foi um dos momentos mais alucinantes na minha mente. Eu senti como se estivesse indo de cima para baixo no cérebro minúsculo - meme do cérebro da galáxia em um intervalo de um segundo. Incrível curso",positive,ky_nang_giang_day
15303,"Eu estava pensando se a semicírculo é diferenciável em x=+1. Eu diria que não, já que se torna menos infinito.",neutral,kien_thuc
15304,"Como um ávido fã de Rick e Morty (QI 200), pensei em visitar vídeos de cálculo para ver se os professores estavam fazendo um bom trabalho.",neutral,chuong_trinh_hoc
15304,"Como um ávido fã de Rick e Morty (QI 200), pensei em visitar vídeos de cálculo para ver se os professores estavam fazendo um bom trabalho.",neutral,ky_nang_giang_day
15305,estou confuso com z superior e z inferior alguém pode me ajudar com isso/,neutral,kien_thuc
15305,estou confuso com z superior e z inferior alguém pode me ajudar com isso/,neutral,kien_thuc
15306,o professor está realmente interessado no assunto e está explicando muito bem. Acho que ele é aluno de albert einstien.wallah professor,positive,ky_nang_giang_day
15306,o professor está realmente interessado no assunto e está explicando muito bem. Acho que ele é aluno de albert einstien.wallah professor,positive,noi_chung
15307,"Se ao menos questões de probabilidade tivessem metade da clareza em suas informações como a maneira como Professor fala...! Como ele mencionou no final, é muito fácil ficar confuso ao resolver questões de probabilidade com base em situações reais, porque as informações fornecidas podem facilmente ter múltiplas interpretações se a máxima clareza não for mantida.",neutral,ky_nang_giang_day
15307,"Se ao menos questões de probabilidade tivessem metade da clareza em suas informações como a maneira como Professor fala...! Como ele mencionou no final, é muito fácil ficar confuso ao resolver questões de probabilidade com base em situações reais, porque as informações fornecidas podem facilmente ter múltiplas interpretações se a máxima clareza não for mantida.",neutral,kien_thuc
15308,"Sabendo que a classe está vazia, 19:09 se torna incrivelmente hilário.",neutral,thiet_bi_day_hoc
15309,"justo, pode ser uma revisão de alguma forma, mas na minha universidade tudo isso são pré-requisitos muito básicos antes mesmo de você ser autorizado a fazer o curso!",neutral,noi_chung
15309,"justo, pode ser uma revisão de alguma forma, mas na minha universidade tudo isso são pré-requisitos muito básicos antes mesmo de você ser autorizado a fazer o curso!",neutral,kien_thuc
15310,"Ótimo vídeo, finalmente entendi! :) Obrigado, MIT!!!",positive,chuong_trinh_hoc
15311,A parte espaço vetorial soou como introdução à álgebra abstrata. Legal!,positive,kien_thuc
15311,A parte espaço vetorial soou como introdução à álgebra abstrata. Legal!,neutral,kien_thuc
15312,Que bom ver ele bem! Muito melhor que a qualidade 240p do original vídeos de álgebra linear.,negative,chuong_trinh_hoc
15312,Que bom ver ele bem! Muito melhor que a qualidade 240p do original vídeos de álgebra linear.,positive,chuong_trinh_hoc
15313,Esse cara me ensinou mais do que eu aprendi quando estudei matemática por quatro anos.,positive,ky_nang_giang_day
15314,"Por volta das 18:02, quando prof strang mostra quando obteríamos uma matriz simétrica, ele multiplica R^t por R. Ele não escreveu a ordem inversa? Não seria R em R^t??",neutral,kien_thuc
15314,"Por volta das 18:02, quando prof strang mostra quando obteríamos uma matriz simétrica, ele multiplica R^t por R. Ele não escreveu a ordem inversa? Não seria R em R^t??",positive,ky_nang_giang_day
15315,É muito importante desenvolver uma visão geométrica de álgebra linear.,neutral,kien_thuc
15316,por que esta palestra não está sendo baixada pelo Idm e apenas algumas dessas palestra podem ser baixadas.,neutral,thiet_bi_day_hoc
15317,às 6:07 ele escreve E2 é aproximadamente o quadrado de E1. Mas não deveria ser E1 é aproximadamente o quadrado de E2?,neutral,kien_thuc
15317,às 6:07 ele escreve E2 é aproximadamente o quadrado de E1. Mas não deveria ser E1 é aproximadamente o quadrado de E2?,neutral,kien_thuc
15318,Os alunos do MIT não viram a lei dos cossenos ... smh,neutral,kien_thuc
15319,"38:38 Não entendi o que ele quis dizer. Y é uma variável aleatória indicando o tempo que temos que esperar. E para o tempo, não é contínuo? Então Y também deveria ser uma (6: contínuo RV). Por que ele mencionou PMF em vez de PDF?",neutral,kien_thuc
15319,"38:38 Não entendi o que ele quis dizer. Y é uma variável aleatória indicando o tempo que temos que esperar. E para o tempo, não é contínuo? Então Y também deveria ser uma (6: contínuo RV). Por que ele mencionou PMF em vez de PDF?",neutral,kien_thuc
15319,"38:38 Não entendi o que ele quis dizer. Y é uma variável aleatória indicando o tempo que temos que esperar. E para o tempo, não é contínuo? Então Y também deveria ser uma (6: contínuo RV). Por que ele mencionou PMF em vez de PDF?",neutral,kien_thuc
15319,"38:38 Não entendi o que ele quis dizer. Y é uma variável aleatória indicando o tempo que temos que esperar. E para o tempo, não é contínuo? Então Y também deveria ser uma (6: contínuo RV). Por que ele mencionou PMF em vez de PDF?",neutral,ky_nang_giang_day
15319,"38:38 Não entendi o que ele quis dizer. Y é uma variável aleatória indicando o tempo que temos que esperar. E para o tempo, não é contínuo? Então Y também deveria ser uma (6: contínuo RV). Por que ele mencionou PMF em vez de PDF?",neutral,kien_thuc
15319,"38:38 Não entendi o que ele quis dizer. Y é uma variável aleatória indicando o tempo que temos que esperar. E para o tempo, não é contínuo? Então Y também deveria ser uma (6: contínuo RV). Por que ele mencionou PMF em vez de PDF?",neutral,kien_thuc
15319,"38:38 Não entendi o que ele quis dizer. Y é uma variável aleatória indicando o tempo que temos que esperar. E para o tempo, não é contínuo? Então Y também deveria ser uma (6: contínuo RV). Por que ele mencionou PMF em vez de PDF?",neutral,kien_thuc
15320,"Dang - Prof Tsitsiklis é bom! Me lembra Gilbert Strang e Walter Lewin. Provavelmente todos os professores do MIT são bons, hein?",positive,ky_nang_giang_day
15320,"Dang - Prof Tsitsiklis é bom! Me lembra Gilbert Strang e Walter Lewin. Provavelmente todos os professores do MIT são bons, hein?",positive,ky_nang_giang_day
15321,Não entendo o fato de que soma dos valores esperados dá média?? Você poderia ajudar? Obrigado antecipadamente.,neutral,kien_thuc
15322,Alguém pode me ajudar a entender o que acontece em 12:30? Não consigo entender o que ele fez lá.,neutral,ky_nang_giang_day
15323,"meu Deus, prof. estranho é tão engraçado. Ele está agindo naturalmente. Gosto muito dele.",positive,ky_nang_giang_day
15324,"senhor, seu estilo de explicar é excelente... Obrigado a NULL por fazer este nobre trabalho que beneficia centenas de milhares de estudantes no mundo... continue com o ótimo trabalho!!",positive,ky_nang_giang_day
15324,"senhor, seu estilo de explicar é excelente... Obrigado a NULL por fazer este nobre trabalho que beneficia centenas de milhares de estudantes no mundo... continue com o ótimo trabalho!!",positive,noi_chung
15325,"Obrigado Dr. Strang, estive aqui da Aula 1 à 34. Incrível curso",positive,ky_nang_giang_day
15325,"Obrigado Dr. Strang, estive aqui da Aula 1 à 34. Incrível curso",positive,chuong_trinh_hoc
15326,Obrigado prof Estou fazendo uma prova amanhã de manhã,positive,ky_nang_giang_day
15327,Eu fui abençoado por ver o prof. Gilbert strang palestra. Muito grato a você.,positive,chuong_trinh_hoc
15327,Eu fui abençoado por ver o prof. Gilbert strang palestra. Muito grato a você.,positive,ky_nang_giang_day
15328,"Muito bom. Obrigado. Mas no primeiro exemplo, no min. 29:30, por que você vai (-1) na direção ""X""? Eu acho que é (+1), então o Vector será < 1, 1, 0 >.",negative,kien_thuc
15328,"Muito bom. Obrigado. Mas no primeiro exemplo, no min. 29:30, por que você vai (-1) na direção ""X""? Eu acho que é (+1), então o Vector será < 1, 1, 0 >.",positive,ky_nang_giang_day
15329,"a Colômbia explodiu porque um soldador afrouxou um anel de vedação, seu idiota, não estrague os fatos. a Colômbia explodiu por causa do PowerPoint, lol, nossa, você é inteligente",negative,ky_nang_giang_day
15330,Muito bom conteúdo para entender inferência bayesiana. Obrigado prof.,positive,ky_nang_giang_day
15330,Muito bom conteúdo para entender inferência bayesiana. Obrigado prof.,positive,chuong_trinh_hoc
15330,Muito bom conteúdo para entender inferência bayesiana. Obrigado prof.,neutral,kien_thuc
15331,Por que uma (matriz 1: 4x4) tem 24 Permutationmatrices enquanto uma (matriz 2: 3x3) tem 6? Não entendo como eles calcularam isso tão rápido.,neutral,kien_thuc
15331,Por que uma (matriz 1: 4x4) tem 24 Permutationmatrices enquanto uma (matriz 2: 3x3) tem 6? Não entendo como eles calcularam isso tão rápido.,neutral,kien_thuc
15332,meu palestra é tão inteligente que ele pensou que todos nós temos esses 35 (2: palestra)s em um (2: palestra) eu sou o único que conhece esse Jenious,negative,ky_nang_giang_day
15332,meu palestra é tão inteligente que ele pensou que todos nós temos esses 35 (2: palestra)s em um (2: palestra) eu sou o único que conhece esse Jenious,neutral,chuong_trinh_hoc
15333,"Meu professor não é ruim, mas ele não chega nem perto deste professor. Nenhuma ofuscação.",neutral,ky_nang_giang_day
15334,LOL - esses irritantes comentários gerados por computador estão por todo o MIT vídeos que tenho visto. Alguma teoria sobre o porquê de eles existirem?,negative,thiet_bi_day_hoc
15334,LOL - esses irritantes comentários gerados por computador estão por todo o MIT vídeos que tenho visto. Alguma teoria sobre o porquê de eles existirem?,negative,noi_chung
15335,"Acho que não entendi como o último conjunto de vetores cria um subespaço/plano. Já que x, y e z são utilizados em ambos os vetores, o subespaço não seria essencialmente todo R3 com combinações lineares sendo capazes de se estender por esse plano infinitamente devido a z?",neutral,kien_thuc
15336,"Claro, conciso, coerente, então quem não gostou disso",positive,chuong_trinh_hoc
15337,"Puta merda, isso é bom palestra",positive,chuong_trinh_hoc
15338,16:20 análise de pequenos sinais? hahaha,neutral,kien_thuc
15339,"obrigado Sr. Strang pela sua palestra!!! ainda não entendi o fato de que com 2 milhões de assinantes, apenas 4000 seguem sua palestra!! Sua corrente é uma das melhores que encontrei em relação à ciência básica, parabéns!!!",positive,ky_nang_giang_day
15339,"obrigado Sr. Strang pela sua palestra!!! ainda não entendi o fato de que com 2 milhões de assinantes, apenas 4000 seguem sua palestra!! Sua corrente é uma das melhores que encontrei em relação à ciência básica, parabéns!!!",positive,chuong_trinh_hoc
15340,"se você é uma pessoa qualquer como eu, o que não tem nada a ver com nenhuma das informações dadas neste vídeo, como eu (sou um chef em um restaurante), você pensa consigo mesmo, DO QUE ELE ESTÁ FALANDO!!? e eu assisti isso por 10 minutos, porra...",negative,ky_nang_giang_day
15341,O livro dele também parece muito bom.,positive,thiet_bi_day_hoc
15342,"""não falem todos ao mesmo tempo"" ele está brincando ou tentando esconder o fato de que a sala está vazia? Ainda não tenho certeza :)",negative,ky_nang_giang_day
15343,Uau! A maneira como ele ensina é incrível...Muito obrigado..,positive,ky_nang_giang_day
15345,"Acabei de terminar o curso Cálculo de Variável Única. Obrigado MIT OCW por tornar isso possível. Brasil, 2015.",positive,noi_chung
15345,"Acabei de terminar o curso Cálculo de Variável Única. Obrigado MIT OCW por tornar isso possível. Brasil, 2015.",neutral,chuong_trinh_hoc
15346,"Este professor não é muito bom nem para o ensino médio! Sua demonstração é muito ruim, eu não conseguia entender como é possível, por que é o MIT professor ???!!! Sua demonstração geométrica e explicação são realmente ruins !!!!",negative,ky_nang_giang_day
15346,"Este professor não é muito bom nem para o ensino médio! Sua demonstração é muito ruim, eu não conseguia entender como é possível, por que é o MIT professor ???!!! Sua demonstração geométrica e explicação são realmente ruins !!!!",negative,thiet_bi_day_hoc
15346,"Este professor não é muito bom nem para o ensino médio! Sua demonstração é muito ruim, eu não conseguia entender como é possível, por que é o MIT professor ???!!! Sua demonstração geométrica e explicação são realmente ruins !!!!",negative,thiet_bi_day_hoc
15346,"Este professor não é muito bom nem para o ensino médio! Sua demonstração é muito ruim, eu não conseguia entender como é possível, por que é o MIT professor ???!!! Sua demonstração geométrica e explicação são realmente ruins !!!!",negative,chuong_trinh_hoc
15347,Alguém sabe como você calcularia a probabilidade de x ser maior ou igual a 1/2?,neutral,kien_thuc
15348,Estou feliz em ver esta pessoa viva em 2019. Que Deus lhe tenha dado uma vida longa,positive,ky_nang_giang_day
15349,"Estou realmente feliz que ótimas palestras estejam disponíveis gratuitamente. Os jovens devem apreciar o fato de terem internet e poderem aprender com materiais de outras universidades, especialmente de outros países de outra parte do globo.",positive,chuong_trinh_hoc
15350,Sobre como descobrir volume do tetraedro usando integral tripla. Qual é o procedimento para limites>?,neutral,kien_thuc
15356,ajabu mhadhara asante sana !!!,positive,chuong_trinh_hoc
16854,Maravilloso (curso de 1 hora) para verdaderos principiantes.,positive,noi_chung
16878,Seguramente continuaré.,positive,noi_chung
16967,Disfruté mucho este curso.,positive,noi_chung
17016,Realmente disfruté esto.,positive,noi_chung
17038,Fácil de seguir .,positive,chuong_trinh_hoc
17109,Disfruté mucho este (1er curso).,positive,noi_chung
17224,Realmente disfruté esta clase.,positive,noi_chung
17310,Extremadamente útil (1 curso).,positive,chuong_trinh_hoc
17390,Gracias Dr. Biccheiri por guiarme a través de este curso.,positive,ky_nang_giang_day
17567,J'adorerais ça.,positive,noi_chung
17938,"Salut, j'ai adoré ça cours.",positive,noi_chung
17971,Vrlo informativno.,positive,chuong_trinh_hoc
17999,Mooi !,positive,noi_chung
18002,"Sim, uma grande parte da codificação é aprender novas ferramentas na hora, mas seria ótimo entender as teorias fundamentais por trás de como algumas dessas bibliotecas e conceitos funcionam pelo menos uma vez antes de mergulhar nessa realidade!",negative,cung_cap_tai_lieu
18002,"Sim, uma grande parte da codificação é aprender novas ferramentas na hora, mas seria ótimo entender as teorias fundamentais por trás de como algumas dessas bibliotecas e conceitos funcionam pelo menos uma vez antes de mergulhar nessa realidade!",negative,chuong_trinh_hoc
18003,"Muito obrigado, Dr. Chuck e equipe!",positive,ky_nang_giang_day
18004,"Seria ótimo se você empacotasse todas as ferramentas necessárias para um determinado curso em uma imagem de máquina virtual predefinida, pronta para ser baixada do curso.",negative,noi_chung
18005,Minha única coisa negativa a dizer é que espero que eles consigam atualizar o tempo que leva para corrigir tarefas no servidor.,negative,ham_diem
18006,Talvez seja um pouco curto.,negative,chuong_trinh_hoc
18007,As tarefas são desafiadoras e interessantes.,positive,bai_tap
18007,As tarefas são desafiadoras e interessantes.,positive,bai_tap
18008,Maravilhoso curso para verdadeiros iniciantes.,positive,noi_chung
18009,É realmente muito bom visão geral sobre produção e gestão de laticínios.,positive,noi_chung
18010,"A atenção meticulosa aos detalhes, a intuição sobre armadilhas específicas para novos alunos (e também para os mais proficientes, na verdade) e, claro, o humor autodepreciativo contribuem para tornar este curso bastante avançado muito divertido!",positive,noi_chung
18010,"A atenção meticulosa aos detalhes, a intuição sobre armadilhas específicas para novos alunos (e também para os mais proficientes, na verdade) e, claro, o humor autodepreciativo contribuem para tornar este curso bastante avançado muito divertido!",positive,chuong_trinh_hoc
18010,"A atenção meticulosa aos detalhes, a intuição sobre armadilhas específicas para novos alunos (e também para os mais proficientes, na verdade) e, claro, o humor autodepreciativo contribuem para tornar este curso bastante avançado muito divertido!",positive,chuong_trinh_hoc
18010,"A atenção meticulosa aos detalhes, a intuição sobre armadilhas específicas para novos alunos (e também para os mais proficientes, na verdade) e, claro, o humor autodepreciativo contribuem para tornar este curso bastante avançado muito divertido!",positive,noi_chung
18011,Eu poderia aproveitar mais toda a experiência curso se o design não fosse tão técnico.,neutral,noi_chung
18012,Agora sinto que tenho uma boa ideia do que é engenharia de software.,positive,noi_chung
18013,"O que não me incomoda, no entanto, alguns comentários não eram relevantes, então foi um pouco estranho.",negative,ky_nang_giang_day
18015,Aprendi muito e compreendi e retive muito mais somente por causa do seu estilo e métodos de ensino.,positive,noi_chung
18015,Aprendi muito e compreendi e retive muito mais somente por causa do seu estilo e métodos de ensino.,positive,ky_nang_giang_day
18016,O banco de dados Oracle no Virtual Box e a integração de dados do Pentaho eram um pesadelo.,negative,cung_cap_tai_lieu
18017,Exercícios e tutoriais são muito úteis para complementar aulas e ajudar a aumentar nossas habilidades no domínio.,positive,bai_tap
18017,Exercícios e tutoriais são muito úteis para complementar aulas e ajudar a aumentar nossas habilidades no domínio.,positive,ky_nang_giang_day
18017,Exercícios e tutoriais são muito úteis para complementar aulas e ajudar a aumentar nossas habilidades no domínio.,positive,ky_nang_giang_day
18018,O curso é difícil e exige conhecimento prévio de R.,negative,noi_chung
18019,Gostaria que houvesse um programa completo que pudéssemos acessar no início do curso para nos prepararmos para a tarefa.,negative,cung_cap_tai_lieu
18020,Adorei a simplicidade do curso.,positive,noi_chung
18021,"Além disso, à medida que os alunos começam a ter que ler vários documentos documentos, etc., as expectativas de tempo por semana devem ser aumentadas.",negative,cung_cap_tai_lieu
18021,"Além disso, à medida que os alunos começam a ter que ler vários documentos documentos, etc., as expectativas de tempo por semana devem ser aumentadas.",negative,chuong_trinh_hoc
18022,"Mais uma vez, Prof. Chaikin acertou em cheio em termos de design (muito prático!) de aulas e entrega de conteúdo.",positive,ky_nang_giang_day
18023,O aprendizado é explicado em termos simples e as dicas e melhores práticas realmente ficam na sua memória.,positive,cung_cap_tai_lieu
18023,O aprendizado é explicado em termos simples e as dicas e melhores práticas realmente ficam na sua memória.,positive,cung_cap_tai_lieu
18024,Eu realmente gostei.,positive,noi_chung
18025,"O instrutor é obviamente especialista no assunto e no ensino, e as informações são transmitidas de forma muito clara.",positive,ky_nang_giang_day
18025,"O instrutor é obviamente especialista no assunto e no ensino, e as informações são transmitidas de forma muito clara.",positive,ky_nang_giang_day
18026,Pouco ou nenhum suporte.,negative,noi_chung
18027,Dá a sensação de estar em uma aula real.,positive,noi_chung
18028,Esclareceu muitas coisas que antes estavam confusas.,positive,chuong_trinh_hoc
18029,O verdadeiro inconveniente com isso curso é que o Fórum não funciona.,negative,cung_cap_tai_lieu
18029,O verdadeiro inconveniente com isso curso é que o Fórum não funciona.,negative,noi_chung
18030,Agradeço muito a oportunidade de fazer este curso.,positive,noi_chung
18031,O motivo pelo qual avaliei apenas com 3 estrelas é que a única coisa útil que você aprende neste curso é a estrutura do design thinking.,negative,chuong_trinh_hoc
18032,Certamente continuarei.,positive,noi_chung
18033,"Foi um bom curso, porém, parece que a gravação era do curso anterior.",positive,noi_chung
18033,"Foi um bom curso, porém, parece que a gravação era do curso anterior.",negative,ky_nang_giang_day
18034,Nunca usei esse serviço antes e não entendo por que devo deixar meus dados pessoais em algum lugar se não pretendo usar esse serviço no futuro.,negative,noi_chung
18035,É ótimo fazer parte de um curso que tem tantos indivíduos apaixonados e dedicados à saúde do planeta.,positive,noi_chung
18036,Ele realmente adotou uma ótima abordagem ao apresentar este curso.,positive,ky_nang_giang_day
18037,Este curso combina perfeitamente com o conhecimento que adquiri.,positive,noi_chung
18038,"No entanto, aprecio o desafio e a seriedade do tópico.",positive,chuong_trinh_hoc
18039,"Pode ser útil para alguns (especialmente aqueles em B2C ou dispostos a brincar com a tecnologia), mas foi uma perda de tempo para mim.",negative,noi_chung
18040,"Houve um pouco de orientação nas tarefas de programação, mas isso pode ser devido aos históricos mencionados anteriormente que o aluno criou.",neutral,bai_tap
18041,Acho que seria melhor se estes vídeos estivessem espalhados pelo resto da especialização.,neutral,ky_nang_giang_day
18042,Os conceitos e técnicas que aprendi até agora me ajudaram muito a melhorar minha vida universitária como estudante e no meu trabalho como professor de inglês.,positive,noi_chung
18045,"Introdução é muito mais do que este curso, na minha respeitosa opinião.",negative,cung_cap_tai_lieu
18046,Este curso me deu tudo o que preciso para me aprofundar mais e fazer os experimentos.,positive,noi_chung
18047,Conceitos bem ensinados.,positive,ky_nang_giang_day
18048,"Além disso, acredito que ficar sobrecarregado pode fazer com que muitos alunos simplesmente desistam antes mesmo de realmente entenderem como os recursos disponíveis (documentação, etc.) podem ajudá-los.",negative,cung_cap_tai_lieu
18049,"Mudou a maneira como penso sobre várias coisas, que é o que eu acho que a educação deveria ser.",positive,noi_chung
18050,Desafiando com gamificação.,positive,chuong_trinh_hoc
18051,Excelente tutores e material.,positive,ky_nang_giang_day
18051,Excelente tutores e material.,positive,cung_cap_tai_lieu
18052,Não tem nada melhor que isso.,positive,noi_chung
18053,Bem passado e cheio de informações.,positive,chuong_trinh_hoc
18053,Bem passado e cheio de informações.,positive,chuong_trinh_hoc
18054,Jeff diz no começo que esta é apenas uma visão geral e aponta para alguns outros recursos.,positive,noi_chung
18055,"O Lexalytics não está disponível para Mac, então não consegui nem usá-lo.",negative,noi_chung
18056,Este curso é muito bem estruturado e muito bem apresentado.,positive,chuong_trinh_hoc
18056,Este curso é muito bem estruturado e muito bem apresentado.,positive,chuong_trinh_hoc
18057,O design do curso é bem pensado e bem executado.,positive,chuong_trinh_hoc
18057,O design do curso é bem pensado e bem executado.,positive,chuong_trinh_hoc
18058,"Portanto, a ajuda do Fórum é uma necessidade real para que este curso funcione sem problemas.",negative,cung_cap_tai_lieu
18059,"Vejo valor em incluir este material na especialização, mas não como um todo curso.",negative,noi_chung
18060,Ficou um pouco confuso e avassalador.,negative,cung_cap_tai_lieu
18060,Ficou um pouco confuso e avassalador.,negative,cung_cap_tai_lieu
18061,Acho que aprendi muito com este curso e estou ansioso pelas especializações curso.,positive,noi_chung
18062,"Este curso poderia ter sido melhor com a inclusão de mais exemplos, o professor é muito monótono e, infelizmente, não vejo nenhum fórum de discussão para este curso, além disso, sempre que tentei responder aos comentários, o botão de resposta ficou cinza e nada aconteceu.",negative,noi_chung
18062,"Este curso poderia ter sido melhor com a inclusão de mais exemplos, o professor é muito monótono e, infelizmente, não vejo nenhum fórum de discussão para este curso, além disso, sempre que tentei responder aos comentários, o botão de resposta ficou cinza e nada aconteceu.",negative,ky_nang_giang_day
18062,"Este curso poderia ter sido melhor com a inclusão de mais exemplos, o professor é muito monótono e, infelizmente, não vejo nenhum fórum de discussão para este curso, além disso, sempre que tentei responder aos comentários, o botão de resposta ficou cinza e nada aconteceu.",negative,cung_cap_tai_lieu
18062,"Este curso poderia ter sido melhor com a inclusão de mais exemplos, o professor é muito monótono e, infelizmente, não vejo nenhum fórum de discussão para este curso, além disso, sempre que tentei responder aos comentários, o botão de resposta ficou cinza e nada aconteceu.",negative,noi_chung
18063,O poder do MATLAB é bem apresentado nesta aula.,positive,cung_cap_tai_lieu
18064,A última semana do curso também apresenta uma estrutura interessante e aparentemente eficaz para o design thinking.,positive,noi_chung
18065,Foi uma explosão fazer isso curso.,positive,noi_chung
18066,Obrigado Professor e obrigado Coursera.,positive,noi_chung
18067,Você tem que ser objetivo.,negative,chuong_trinh_hoc
18068,Inspira professores a ensinar e praticar o caráter que pode influenciar os alunos a praticar o mesmo onde quer que estejam.,positive,noi_chung
18069,Este é um curso maravilhoso  e eu definitivamente o recomendaria a outros.,positive,de_xuat
18069,Este é um curso maravilhoso  e eu definitivamente o recomendaria a outros.,positive,de_xuat
18070,Andrew Ng é um ótimo professor.,positive,ky_nang_giang_day
18071,"No entanto, este programa de cursos é um pouso bastante insignificante, uma abordagem insignificante.",negative,chuong_trinh_hoc
18072,Acredito que usarei o conhecimento que adquiri no curso em meus trabalhos futuros.,positive,noi_chung
18073,As tarefas semanais tarefas eram desafiadoras e muito divertidas.,positive,bai_tap
18074,O material abordado neste curso é adequado e muito esclarecedor.,positive,cung_cap_tai_lieu
18074,O material abordado neste curso é adequado e muito esclarecedor.,positive,cung_cap_tai_lieu
18075,"Fiz todo o curso de Python do Codecademy curso, que era muito focado no lado prático, e é ótimo fazer isso agora curso para entender a teoria por trás disso e o que eu estava realmente fazendo.",positive,noi_chung
18076,"O Dr. Chuck também compartilhou algumas informações interessantes (entrevistas) ao longo do curso, que eu achei bastante informativas.",positive,ky_nang_giang_day
18076,"O Dr. Chuck também compartilhou algumas informações interessantes (entrevistas) ao longo do curso, que eu achei bastante informativas.",positive,chuong_trinh_hoc
18077,"Gostaria de classificar este fabuloso curso como excelente sob Dra. Emma Jakoi e Dra. Jennifer Carbrey, instrutores brilhantes. Muito obrigado por todas as explicações gentis dadas às minhas perguntas, e bom questionários em vídeo, agradável conjuntos de problemas e instigante exames.",positive,noi_chung
18077,"Gostaria de classificar este fabuloso curso como excelente sob Dra. Emma Jakoi e Dra. Jennifer Carbrey, instrutores brilhantes. Muito obrigado por todas as explicações gentis dadas às minhas perguntas, e bom questionários em vídeo, agradável conjuntos de problemas e instigante exames.",positive,noi_chung
18077,"Gostaria de classificar este fabuloso curso como excelente sob Dra. Emma Jakoi e Dra. Jennifer Carbrey, instrutores brilhantes. Muito obrigado por todas as explicações gentis dadas às minhas perguntas, e bom questionários em vídeo, agradável conjuntos de problemas e instigante exames.",positive,ky_nang_giang_day
18077,"Gostaria de classificar este fabuloso curso como excelente sob Dra. Emma Jakoi e Dra. Jennifer Carbrey, instrutores brilhantes. Muito obrigado por todas as explicações gentis dadas às minhas perguntas, e bom questionários em vídeo, agradável conjuntos de problemas e instigante exames.",positive,ky_nang_giang_day
18077,"Gostaria de classificar este fabuloso curso como excelente sob Dra. Emma Jakoi e Dra. Jennifer Carbrey, instrutores brilhantes. Muito obrigado por todas as explicações gentis dadas às minhas perguntas, e bom questionários em vídeo, agradável conjuntos de problemas e instigante exames.",positive,bai_tap
18077,"Gostaria de classificar este fabuloso curso como excelente sob Dra. Emma Jakoi e Dra. Jennifer Carbrey, instrutores brilhantes. Muito obrigado por todas as explicações gentis dadas às minhas perguntas, e bom questionários em vídeo, agradável conjuntos de problemas e instigante exames.",positive,bai_tap
18077,"Gostaria de classificar este fabuloso curso como excelente sob Dra. Emma Jakoi e Dra. Jennifer Carbrey, instrutores brilhantes. Muito obrigado por todas as explicações gentis dadas às minhas perguntas, e bom questionários em vídeo, agradável conjuntos de problemas e instigante exames.",positive,bai_tap
18077,"Gostaria de classificar este fabuloso curso como excelente sob Dra. Emma Jakoi e Dra. Jennifer Carbrey, instrutores brilhantes. Muito obrigado por todas as explicações gentis dadas às minhas perguntas, e bom questionários em vídeo, agradável conjuntos de problemas e instigante exames.",positive,hanh_vi
18078,Gosto do conteúdo do curso.,positive,cung_cap_tai_lieu
18079,"Por outro lado, as questões assemelham-se a problemas de bioinformática do mundo real.",positive,bai_tap
18080,Ele aborda o assunto com vitalidade e espírito que prendem a atenção.,positive,ky_nang_giang_day
18081,Muito informativo.,positive,chuong_trinh_hoc
18082,Começarei dizendo que este curso oferece uma boa visão sobre uma ampla variedade de aplicações da impressão 3D.,positive,chuong_trinh_hoc
18083,Margaret Meloni tornou este curso muito colorido com sua voz melódica e boas explicações.,positive,ky_nang_giang_day
18083,Margaret Meloni tornou este curso muito colorido com sua voz melódica e boas explicações.,positive,ky_nang_giang_day
18084,O curso foi ótimo.,positive,noi_chung
18085,Acho que foi um erro do avaliador.,negative,ham_diem
18086,Gostei muito da sua ajuda.,positive,ky_nang_giang_day
18087,Excelente curso para aprender o básico do Python.,positive,noi_chung
18088,"O curso (2) começa em um nível muito básico, evoluindo em um ritmo com o qual o aluno deve se sentir perfeitamente confortável.",positive,noi_chung
18088,"O curso (2) começa em um nível muito básico, evoluindo em um ritmo com o qual o aluno deve se sentir perfeitamente confortável.",positive,chuong_trinh_hoc
18089,"O tempo para fazer os ""questionários"" não é longo.",neutral,bai_tap
18090,"Poderia ter sido feito muito melhor, especialmente as palestras.",positive,noi_chung
18091,É um ótimo ponto de partida para qualquer pessoa interessada em FSI.,positive,noi_chung
18092,"Eu recomendaria que fosse mais orientado a dados, como aqueles estudos de caso com exemplos específicos, para que convergisse naturalmente para a criação de um estudo de caso para uma cidade no final do curso, como projeto final, em vez de um estudo opcional.",negative,de_xuat
18093,Muito obrigado por um ótimo curso!,positive,noi_chung
18094,"Além disso, sugiro reduzir as discussões centradas nos desafios (o curso tomou muito tempo) e mais em direção aos diferentes novos serviços adotados por diferentes cidades para capturar benefícios/impacto no PIB da cidade.",negative,chuong_trinh_hoc
18095,Sou um engenheiro mecânico que fala espanhol e tenho apenas um hobby de programação e consegui terminar com uma nota de 99%.,positive,noi_chung
18096,"Ótimo curso, o professor fez um ótimo trabalho explicando um assunto muito difícil para um grupo de alunos com origens significativamente diferentes.",positive,noi_chung
18096,"Ótimo curso, o professor fez um ótimo trabalho explicando um assunto muito difícil para um grupo de alunos com origens significativamente diferentes.",positive,ky_nang_giang_day
18097,"Além disso, você aprenderá e praticará com bibliotecas que podem tornar sua vida mais simples : )",positive,noi_chung
18098,Incrivelmente interessante e esclarecedor recursos também.,positive,cung_cap_tai_lieu
18098,Incrivelmente interessante e esclarecedor recursos também.,positive,cung_cap_tai_lieu
18099,"Incrível tarefa com a qual aprendi muito e adorei a estrutura, o sentimento e o professor.",positive,bai_tap
18099,"Incrível tarefa com a qual aprendi muito e adorei a estrutura, o sentimento e o professor.",positive,noi_chung
18100,Que maravilha Curso.,positive,noi_chung
18101,Este curso é muito útil para dar ideias sobre como fazer isso melhor.,positive,noi_chung
18102,"Gostei especialmente da parte de Segurança, com a qual lido tangencialmente no trabalho e nunca consegui entender os conceitos, mas agora consigo.",positive,noi_chung
18102,"Gostei especialmente da parte de Segurança, com a qual lido tangencialmente no trabalho e nunca consegui entender os conceitos, mas agora consigo.",positive,chuong_trinh_hoc
18103,"Na minha opinião, este curso deve ser um ponto de partida para qualquer indivíduo que queira aprender Aprendizado de Máquina.",positive,noi_chung
18104,"O workshop revitalizou minhas habilidades de poesia, que estavam um pouco enferrujadas antes de fazer o curso.",positive,noi_chung
18105,Não é chato com muitos detalhes.,positive,chuong_trinh_hoc
18105,Não é chato com muitos detalhes.,positive,ky_nang_giang_day
18106,Essa única semana de curso pode literalmente ajudar muitas empresas/ONGs.,positive,noi_chung
18107,Gostei dos exercícios.,positive,bai_tap
18108,Muito obrigado por este curso.,positive,noi_chung
18109,Este (2º curso) fornece todos os fundamentos necessários com um pouco de matemática que dá uma noção intuitiva dos algoritmos.,positive,chuong_trinh_hoc
18109,Este (2º curso) fornece todos os fundamentos necessários com um pouco de matemática que dá uma noção intuitiva dos algoritmos.,positive,chuong_trinh_hoc
18110,Prof. Douglas Kearney é um instrutor excelente e divertido com muita sabedoria para transmitir.,positive,ky_nang_giang_day
18110,Prof. Douglas Kearney é um instrutor excelente e divertido com muita sabedoria para transmitir.,positive,ky_nang_giang_day
18110,Prof. Douglas Kearney é um instrutor excelente e divertido com muita sabedoria para transmitir.,positive,ky_nang_giang_day
18111,O Sr. Bloom é um ótimo professor!,positive,ky_nang_giang_day
18112,absolutamente brilhante!,positive,noi_chung
18113,Eu alcancei parte dos meus objetivos ao fazer este programa.,positive,noi_chung
18114,Um curso muito revigorante curso que se concentra no crescimento do caráter dos alunos.,positive,noi_chung
18116,Os questionários eram fáceis de resolver quando você reservava um tempo para ver todos os vídeos relacionados.,positive,bai_tap
18116,Os questionários eram fáceis de resolver quando você reservava um tempo para ver todos os vídeos relacionados.,positive,ky_nang_giang_day
18117,É muito desafiador se familiarizar com técnicas de Processamento de Linguagem Natural se você nunca fez nenhum curso sobre o assunto.,negative,chuong_trinh_hoc
18118,As ilustrações são maravilhosas!,positive,ky_nang_giang_day
18119,Mas prepare-se: é bastante material.,negative,cung_cap_tai_lieu
18120,Gostei muito deste curso.,positive,noi_chung
18121,"Excelente curso, especialmente se você quiser começar do zero.",positive,noi_chung
18122,O entusiasmo dele é algo que deve ajudar você a continuar no curso.,positive,ky_nang_giang_day
18123,A Contabilidade Gerencial (semana 4) transforma minha mentalidade! !,positive,noi_chung
18124,Muito decepcionado com isso curso final.,negative,noi_chung
18125,Houve muitos novos bibliotecas e conceitos introduzidos nos últimos dois capítulos.,negative,cung_cap_tai_lieu
18125,Houve muitos novos bibliotecas e conceitos introduzidos nos últimos dois capítulos.,positive,cung_cap_tai_lieu
18125,Houve muitos novos bibliotecas e conceitos introduzidos nos últimos dois capítulos.,positive,cung_cap_tai_lieu
18125,Houve muitos novos bibliotecas e conceitos introduzidos nos últimos dois capítulos.,negative,cung_cap_tai_lieu
18126,A quantidade de trabalho e tempo investidos na criação deste curso abrangente e diversificado curso é extremamente impressionante.,positive,chuong_trinh_hoc
18126,A quantidade de trabalho e tempo investidos na criação deste curso abrangente e diversificado curso é extremamente impressionante.,positive,chuong_trinh_hoc
18126,A quantidade de trabalho e tempo investidos na criação deste curso abrangente e diversificado curso é extremamente impressionante.,positive,chuong_trinh_hoc
18127,Obrigado Relay / GSE e Coursera!,positive,ky_nang_giang_day
18128,"E sim, como qualquer professor realmente bom, Yakov sente a necessidade de se aprofundar em sutilezas teóricas que a maioria não faria.",positive,ky_nang_giang_day
18129,A (2ª aula) foi bem organizada e fácil de entender.,positive,chuong_trinh_hoc
18129,A (2ª aula) foi bem organizada e fácil de entender.,positive,chuong_trinh_hoc
18130,Este é simplesmente um ótimo curso.,positive,noi_chung
18131,"Ele aborda uma área de pesquisa bastante complexa, mas transmitiu com maestria as habilidades e métodos essenciais em um ritmo um pouco desafiador, mas não a ponto de intimidar.",positive,cung_cap_tai_lieu
18131,"Ele aborda uma área de pesquisa bastante complexa, mas transmitiu com maestria as habilidades e métodos essenciais em um ritmo um pouco desafiador, mas não a ponto de intimidar.",positive,chuong_trinh_hoc
18131,"Ele aborda uma área de pesquisa bastante complexa, mas transmitiu com maestria as habilidades e métodos essenciais em um ritmo um pouco desafiador, mas não a ponto de intimidar.",neutral,chuong_trinh_hoc
18132,O curso definitivamente alcançou o que ensina - que é garantir que você se lembre do material testando a si mesmo e utilizando repetição espaçada.,positive,noi_chung
18133,Tenho certeza de que minhas habilidades de programação atingiram um nível mais alto e tenho recomendado a todos os meus amigos e colegas.,positive,de_xuat
18133,Tenho certeza de que minhas habilidades de programação atingiram um nível mais alto e tenho recomendado a todos os meus amigos e colegas.,positive,de_xuat
18134,Obrigado pelo conteúdo incrível!,positive,cung_cap_tai_lieu
18135,Estarei me referindo aos materiais repetidamente.,positive,cung_cap_tai_lieu
18136,Direto ao ponto e muito útil!!!,positive,noi_chung
18137,"Eu adoro os professores, mas infelizmente não sinto muita conexão comigo mesmo (não vejo muita importância para mim em identificar se uma empresa está fazendo demonstrações financeiras falsas; não sou um investidor e meu trabalho diário não tem muito a ver com demonstrações financeiras).",positive,ky_nang_giang_day
18137,"Eu adoro os professores, mas infelizmente não sinto muita conexão comigo mesmo (não vejo muita importância para mim em identificar se uma empresa está fazendo demonstrações financeiras falsas; não sou um investidor e meu trabalho diário não tem muito a ver com demonstrações financeiras).",negative,noi_chung
18139,"Considerando tudo isso, é um ótimo curso.",positive,noi_chung
18140,Não é destinado a alunos iniciantes na área médica.,neutral,noi_chung
18141,A lista de literatura fornecida era bastante extensa e estrategicamente escolhida.,positive,cung_cap_tai_lieu
18141,A lista de literatura fornecida era bastante extensa e estrategicamente escolhida.,positive,cung_cap_tai_lieu
18143,"Como uma visão geral, esta classe funciona bem.",positive,noi_chung
18144,"No entanto, fornece material adicional suficiente  para trabalhar e ir tão longe no assunto quanto se desejar.",negative,cung_cap_tai_lieu
18144,"No entanto, fornece material adicional suficiente  para trabalhar e ir tão longe no assunto quanto se desejar.",negative,noi_chung
18145,Todos os palestrantes foram extremamente informativos e instigantes.,positive,ky_nang_giang_day
18145,Todos os palestrantes foram extremamente informativos e instigantes.,positive,ky_nang_giang_day
18146,Diversão .,positive,noi_chung
18147,Você pode esperar aprender um pouco sobre o que é aprendizado de máquina e como fazê-lo usando o pacote caret em R.,positive,noi_chung
18148,Os materiais do curso foram formulados com muita exatidão e compreensíveis.,positive,cung_cap_tai_lieu
18148,Os materiais do curso foram formulados com muita exatidão e compreensíveis.,positive,cung_cap_tai_lieu
18150,"Apesar dos desafios, o material é muito fascinante e qualquer pessoa interessada em anatomia aprenderá alguma coisa.",positive,cung_cap_tai_lieu
18151,Incrível professores ! ! !,positive,ky_nang_giang_day
18152,"Em termos de conteúdo e como o curso foi executado, superou minhas expectativas.",positive,cung_cap_tai_lieu
18152,"Em termos de conteúdo e como o curso foi executado, superou minhas expectativas.",positive,chuong_trinh_hoc
18153,O curso utiliza pesquisa externa.,positive,chuong_trinh_hoc
18155,"No final, eles foram um pouco desafiadores.",positive,bai_tap
18156,"Porque nem tudo que é questionado nos ""quices"" é pensado nas aulas.",neutral,bai_tap
18157,Este curso é OBRIGATÓRIO se você deseja aprender conceitos de aprendizado de máquina ou entrar no setor de ciência de dados.,positive,noi_chung
18158,Senti que eles foram rápido demais.,positive,noi_chung
18160,Gostei muito do curso e aprendi muito.,positive,noi_chung
18160,Gostei muito do curso e aprendi muito.,positive,noi_chung
18161,O instrutor é fácil de entender e faz um bom trabalho ao introduzir o idioma.,positive,ky_nang_giang_day
18161,O instrutor é fácil de entender e faz um bom trabalho ao introduzir o idioma.,positive,ky_nang_giang_day
18162,Os projetos / tarefas são fantásticos.,positive,bai_tap
18163,Este curso foi difícil de acompanhar e os testes gratuitos oferecidos pareciam forçados.,negative,chuong_trinh_hoc
18164,Os tópicos são muito bem explicados e seguem uma sequência lógica.,positive,cung_cap_tai_lieu
18164,Os tópicos são muito bem explicados e seguem uma sequência lógica.,positive,cung_cap_tai_lieu
18165,"As tarefas foram um pouco mais complexas do que as do primeiro curso, mas ainda assim foram muito divertidas.",negative,bai_tap
18165,"As tarefas foram um pouco mais complexas do que as do primeiro curso, mas ainda assim foram muito divertidas.",positive,bai_tap
18166,"O Fórum de Discussão fornece algum nível de ajuda, mas você está basicamente por conta própria.",neutral,cung_cap_tai_lieu
18167,Este curso foi ótimo!,positive,noi_chung
18168,Explicando tudo em detalhes.,positive,ky_nang_giang_day
18169,Gostei muito disso.,positive,noi_chung
18170,Estrela - - por se sentir um pouco perdido e não sentir o envolvimento do instrutor.,negative,ky_nang_giang_day
18170,Estrela - - por se sentir um pouco perdido e não sentir o envolvimento do instrutor.,negative,noi_chung
18171,O curso foi muito bom e me ajudou a adquirir novas técnicas de aprendizagem e ideias.,positive,noi_chung
18171,O curso foi muito bom e me ajudou a adquirir novas técnicas de aprendizagem e ideias.,positive,chuong_trinh_hoc
18172,Este é um curso muito interessante e gratificante .,positive,noi_chung
18172,Este é um curso muito interessante e gratificante .,positive,noi_chung
18173,A reprodução da gravação para outros alunos para séries é muito complicada.,negative,ham_diem
18174,O curso não contém diálogos ou situações reais onde o vocabulário está sendo revisado.,negative,chuong_trinh_hoc
18175,Não perca este curso.,positive,noi_chung
18176,Prof. Cramer apresenta os conceitos fundamentais da mecânica estatística de uma maneira sensata que torna esse assunto difícil um tanto manejável até mesmo para iniciantes.,positive,ky_nang_giang_day
18178,"A lista de leituras recomendadas, com links para a maioria dos itens, vale o tempo gasto neles.",positive,cung_cap_tai_lieu
18179,"No geral, uma ótima aula se você planeja visitar o país e quer se virar sem um tradutor, pois todos sabemos que nem todos os chineses nativos falam inglês.",positive,noi_chung
18180,Sachs e esta obra revolucionária para o nosso mundo.,positive,ky_nang_giang_day
18181,"Para alguém como eu, com 17 anos de experiência em programação e com alguma experiência prática com redes neurais da época da faculdade, além de ferramentas analíticas para algumas aplicações em R, é uma ótima atualização sobre os fundamentos e uma grande amplitude de elementos práticos de tecnologia que são mais úteis em aplicações de aprendizado de máquina.",positive,chuong_trinh_hoc
18182,"este curso, instrutor Sr. Gabriele Troilo, curso materiais, vídeos e entrevistas com profissionais foram absolutamente perfeitos.",positive,ky_nang_giang_day
18182,"este curso, instrutor Sr. Gabriele Troilo, curso materiais, vídeos e entrevistas com profissionais foram absolutamente perfeitos.",positive,cung_cap_tai_lieu
18182,"este curso, instrutor Sr. Gabriele Troilo, curso materiais, vídeos e entrevistas com profissionais foram absolutamente perfeitos.",positive,ky_nang_giang_day
18183,"Um esquema de avaliação melhor ponderaria testes e redações, por exemplo, 60% testes e 40% redações.",negative,ham_diem
18184,"Mas achei esse um pouco difícil e às vezes perdido, especialmente em relacionamentos muitos para muitos.",negative,chuong_trinh_hoc
18185,"É um curso muito útil , embora você precise de mais horas para concluí-lo.",positive,noi_chung
18185,"É um curso muito útil , embora você precise de mais horas para concluí-lo.",negative,chuong_trinh_hoc
18186,"O professor é muito cuidadoso, claro e metódico.",positive,ky_nang_giang_day
18186,"O professor é muito cuidadoso, claro e metódico.",positive,ky_nang_giang_day
18186,"O professor é muito cuidadoso, claro e metódico.",positive,ky_nang_giang_day
18187,Eu teria preferido ter um único instrutor consistentemente bom instrutor.,negative,ky_nang_giang_day
18188,Talvez muitas tarefas opcionais tarefas.,negative,bai_tap
18189,"As palestras são cativantes, mas em um nível apropriado para iniciantes em astronomia.",positive,ky_nang_giang_day
18189,"As palestras são cativantes, mas em um nível apropriado para iniciantes em astronomia.",positive,chuong_trinh_hoc
18190,Este é um curso incrível .,positive,noi_chung
18191,Fácil de seguir.,positive,chuong_trinh_hoc
18192,Também tarefas são muito boas.,positive,bai_tap
18193,"As apresentações em vídeo são bem feitas, com informações vitais para desenvolver a habilidade necessária para ser um escritor eficaz.",positive,ky_nang_giang_day
18194,"Mais uma vez, obrigado Dr. Chuck e sua equipe por criar um curso tão interessante e emocionante.",positive,ky_nang_giang_day
18195,"A maneira como Dra. Barbara Oakley e Dr. Sejnowsky desenvolveram este importante curso para nós, estudantes, também aplica muitas maneiras interessantes de compreensão de uma forma mais natural, bem como uma explicação clara dos métodos sobre como obter uma melhor abordagem quando estamos tentando aprender algo.",positive,ky_nang_giang_day
18195,"A maneira como Dra. Barbara Oakley e Dr. Sejnowsky desenvolveram este importante curso para nós, estudantes, também aplica muitas maneiras interessantes de compreensão de uma forma mais natural, bem como uma explicação clara dos métodos sobre como obter uma melhor abordagem quando estamos tentando aprender algo.",positive,chuong_trinh_hoc
18195,"A maneira como Dra. Barbara Oakley e Dr. Sejnowsky desenvolveram este importante curso para nós, estudantes, também aplica muitas maneiras interessantes de compreensão de uma forma mais natural, bem como uma explicação clara dos métodos sobre como obter uma melhor abordagem quando estamos tentando aprender algo.",positive,noi_chung
18196,"Obrigado Professor Hare e Coursera, pois eu realmente gosto deste curso incrível curso que desafia muitos estereótipos.",positive,ky_nang_giang_day
18196,"Obrigado Professor Hare e Coursera, pois eu realmente gosto deste curso incrível curso que desafia muitos estereótipos.",positive,noi_chung
18197,"De fato, ele dissemina técnicas e conceitos úteis na aprendizagem.",positive,chuong_trinh_hoc
18198,Gostaria que eles oferecessem um certificado gratuito para aqueles que concluíssem o curso.,positive,chuong_trinh_hoc
18199,Achei que esse curso foi fantástico - e é minha opinião que o curso deveria ser um requisito para todos os membros do Senado e da Câmara dos Representantes dos EUA - pois eles poderiam tomar decisões menos idiotas ao promover a democracia em países muçulmanos.,positive,noi_chung
18199,Achei que esse curso foi fantástico - e é minha opinião que o curso deveria ser um requisito para todos os membros do Senado e da Câmara dos Representantes dos EUA - pois eles poderiam tomar decisões menos idiotas ao promover a democracia em países muçulmanos.,positive,noi_chung
18200,Professor Edwin Bakker A abordagem didática é especialmente adequada ao meu conceito ideal de como um professor deve se comunicar com seu público.,positive,ky_nang_giang_day
18201,Explicando as informações claramente.,positive,chuong_trinh_hoc
18202,Os instrutores eram muito bons no que faziam.,positive,ky_nang_giang_day
18203,Este tem que ser o pior Coursera curso que já fiz e já fiz vários.,negative,noi_chung
18204,Eu definitivamente recomendo isso para alguém que esteja tentando ter uma introdução à programação.,positive,de_xuat
18205,"organização, conteúdo, atividades, prática e tarefas foram perfeitos.",positive,chuong_trinh_hoc
18205,"organização, conteúdo, atividades, prática e tarefas foram perfeitos.",positive,cung_cap_tai_lieu
18205,"organização, conteúdo, atividades, prática e tarefas foram perfeitos.",positive,bai_tap
18205,"organização, conteúdo, atividades, prática e tarefas foram perfeitos.",positive,bai_tap
18206,Os vídeos são muito chatos e inúteis em comparação com o conteúdo incrível dos primeiros 6 cursos da especialização.,negative,ky_nang_giang_day
18207,Tenho uma palavra: Fantástico.,positive,noi_chung
18208,O professor é claro na explicação e também homérico.,positive,ky_nang_giang_day
18208,O professor é claro na explicação e também homérico.,positive,ky_nang_giang_day
18209,"Comunicação muito, muito ruim por parte dos professores.",negative,hanh_vi
18210,"Além disso, Mohamed Noor é muito entusiasmado e fornece muitos exemplos interessantes para ilustrar o curso.",positive,ky_nang_giang_day
18210,"Além disso, Mohamed Noor é muito entusiasmado e fornece muitos exemplos interessantes para ilustrar o curso.",positive,ky_nang_giang_day
18210,"Além disso, Mohamed Noor é muito entusiasmado e fornece muitos exemplos interessantes para ilustrar o curso.",positive,kinh_nghiem
18211,Ela incentiva você a se concentrar na narrativa e nunca se distrair dela.,positive,ky_nang_giang_day
18212,"Com ritmo lento, a ordem dos capítulos faz sentido; o melhor curso de Python que já fiz e o único que me manteve interessado.",positive,chuong_trinh_hoc
18212,"Com ritmo lento, a ordem dos capítulos faz sentido; o melhor curso de Python que já fiz e o único que me manteve interessado.",positive,chuong_trinh_hoc
18213,"Estamos obtendo ideias básicas, mas passando por todas as informações estruturando as ideias muito rapidamente, SEM exemplos/exemplos limitados, que é o que mais nos ensinará.",positive,noi_chung
18213,"Estamos obtendo ideias básicas, mas passando por todas as informações estruturando as ideias muito rapidamente, SEM exemplos/exemplos limitados, que é o que mais nos ensinará.",positive,cung_cap_tai_lieu
18214,"Ótimo aulas, ótimo tarefas de programação e notas, no geral eu realmente gostei deste curso.",positive,ky_nang_giang_day
18214,"Ótimo aulas, ótimo tarefas de programação e notas, no geral eu realmente gostei deste curso.",positive,bai_tap
18214,"Ótimo aulas, ótimo tarefas de programação e notas, no geral eu realmente gostei deste curso.",positive,ham_diem
18214,"Ótimo aulas, ótimo tarefas de programação e notas, no geral eu realmente gostei deste curso.",positive,noi_chung
18215,Este curso é difícil para iniciantes em Ruby on Rails e MongoDB.,negative,chuong_trinh_hoc
18216,Exemplos tão relevantes e memoráveis que deixam uma impressão duradoura.,positive,ky_nang_giang_day
18216,Exemplos tão relevantes e memoráveis que deixam uma impressão duradoura.,positive,ky_nang_giang_day
18218,"O Professor é excelente e muito amigável com os alunos, e o material do curso é muito claro.",positive,ky_nang_giang_day
18218,"O Professor é excelente e muito amigável com os alunos, e o material do curso é muito claro.",positive,ky_nang_giang_day
18218,"O Professor é excelente e muito amigável com os alunos, e o material do curso é muito claro.",positive,cung_cap_tai_lieu
18220,"Eu aplico o que aprendi na minha escrita diária, bem como em coisas que leio e assisto.",positive,chuong_trinh_hoc
18221,Barbara Oakly foi ótimo.,positive,ky_nang_giang_day
18222,"Neste breve curso , você pode aprender alguns tópicos importantes sobre estratégia de negócios.",positive,noi_chung
18223,"Como resultado, essas são 4 semanas bem monótonas e chatas.",negative,chuong_trinh_hoc
18224,"O principal resultado que consegui com isso foi praticar os tons, que são muito desafiadores.",positive,chuong_trinh_hoc
18224,"O principal resultado que consegui com isso foi praticar os tons, que são muito desafiadores.",positive,bai_tap
18225,Este curso me motivou a estudar mais sobre Economia curso e eu definitivamente o recomendaria a qualquer pessoa interessada no assunto e que seja nova em Microeconomia como eu.,positive,de_xuat
18225,Este curso me motivou a estudar mais sobre Economia curso e eu definitivamente o recomendaria a qualquer pessoa interessada no assunto e que seja nova em Microeconomia como eu.,positive,de_xuat
18226,Orientações práticas e úteis para evitar os erros de felicidade que cometemos no dia a dia - Eu não sabia que havia tantos,positive,chuong_trinh_hoc
18227,Obrigado por tão bom curso.,positive,noi_chung
18227,Obrigado por tão bom curso.,positive,noi_chung
18228,Mas é só o começo!,positive,noi_chung
18229,"Gostaria de agradecer sinceramente à Comunidade Coursera por fornecer esta oportunidade maravilhosa de obter uma visão geral dos conceitos de HTML, CSS e Java Script.",positive,noi_chung
18230,Gostei mais da segunda vez.,positive,noi_chung
18231,"É muito instigante e fornece insights sobre meditação, um assunto que foge ao conhecimento de muitas pessoas.",positive,chuong_trinh_hoc
18231,"É muito instigante e fornece insights sobre meditação, um assunto que foge ao conhecimento de muitas pessoas.",positive,noi_chung
18232,"Excelente vídeo, questionários e exercícios.",positive,ky_nang_giang_day
18232,"Excelente vídeo, questionários e exercícios.",positive,bai_tap
18233,Recomendo este curso a todos.,positive,de_xuat
18234,"Desde então, comecei o Stanford gratuito curso ministrado por um cofundador do cursora, e é MUITO melhor!",positive,noi_chung
18235,"Além disso, os exercícios de casa levaram muito mais tempo do que as estimativas projetadas, mas orcei quase o dobro do tempo e consegui concluir o curso no prazo.",negative,bai_tap
18236,"É uma maneira muito bem apresentada e acessível de começar a compreender a obra mais profunda de Einstein em seu ""ano milagroso"" de 1905.",positive,ky_nang_giang_day
18237,Ele apresenta a codificação de uma forma que não é intimidante e parece completamente natural em algumas semanas.,positive,ky_nang_giang_day
18238,Gostei do estilo de ensino do Professor Siedel.,positive,ky_nang_giang_day
18239,Recomendo totalmente a todos!,positive,de_xuat
18240,Conceitos muito interessantes de cálculo foram ensinados em profundidade por professor Jim.,positive,ky_nang_giang_day
18241,"Muito encorajador e desafiador, com muito aprendizado no caminho.",positive,noi_chung
18242,"Claro, voltarei para verificar o opcional material.",positive,cung_cap_tai_lieu
18243,"As tarefas também são bem elaboradas, o que me ajuda a melhorar meu aprendizado!",positive,bai_tap
18245,É um ótimo curso para entender o propósito de contar histórias em diversas plataformas e de forma sustentável ao longo do tempo.,positive,noi_chung
18246,O instrutor foi excelente e aprendi coisas novas.,positive,ky_nang_giang_day
18246,O instrutor foi excelente e aprendi coisas novas.,positive,noi_chung
18247,São necessárias fortes habilidades em matemática.,negative,chuong_trinh_hoc
18248,O professor tem muitos estudos de caso que mostram que ele é um profissional de marketing e compartilha casos reais/exemplos que ajudam você a entender melhor os conceitos ensinados (não apenas teoricamente).,positive,kinh_nghiem
18248,O professor tem muitos estudos de caso que mostram que ele é um profissional de marketing e compartilha casos reais/exemplos que ajudam você a entender melhor os conceitos ensinados (não apenas teoricamente).,positive,ky_nang_giang_day
18249,Prof. Charles é incrível.,positive,ky_nang_giang_day
18250,"Embora haja alguns problemas técnicos, este é um curso incrível .",negative,chuong_trinh_hoc
18250,"Embora haja alguns problemas técnicos, este é um curso incrível .",positive,noi_chung
18251,Fiz mais de 5 aulas no Coursera e esta foi a menos satisfatória.,negative,noi_chung
18252,Esta foi a introdução perfeita curso para alguém que não sabe nada sobre HTML.,positive,noi_chung
18253,Gostei muito da análise do conteúdo Professor Michael Roth.,positive,ky_nang_giang_day
18254,O curso destaca as premissas básicas de como melhor entrar em um mercado e como manter um concorrente fora do mercado.,positive,chuong_trinh_hoc
18255,"Se eu fosse muito rápido, poderia deixar o volume no mudo até terminar, mas acho que isso é totalmente desnecessário.",negative,ky_nang_giang_day
18256,Agradável e elaborado.,positive,chuong_trinh_hoc
18257,Gostei muito deste curso e estou meio triste que acabou.,positive,noi_chung
18258,Obrigado pela sua orientação.,positive,hanh_vi
18259,"além dos principais problemas técnicos e da falta de informações antes do início adiado do curso e de pequenos problemas técnicos, a forma de ensino é bem adaptada às aulas presenciais, onde você pode se sentar em grupos de estudo resolvendo os problemas juntos; os exemplos fornecidos têm pouca relevância e não ajudam a resolver as tarefas e, de acordo com a equipe, a melhor maneira de resolver as tarefas é usando o Google (ou Stackoverflow ou qualquer outro) sério?! de alguma forma, parece que eles apenas fizeram um curso presencial, brincaram com algumas soluções técnicas sofisticadas e agora o chamam de MOOC. eles parecem não estar realmente cientes do fato de que o ensino presencial e os MOOCs exigem tipos completamente diferentes de métodos pedagógicos. É incrível como a mesma universidade pode oferecer o melhor MOOC (do Dr. Chuck) e um dos piores (este aqui).",negative,cung_cap_tai_lieu
18260,"Ainda ok, mas eu esperava algo melhor do que wireframes e mockups, que já aprendemos há algum tempo.",neutral,noi_chung
18261,É uma tarefa mal elaborada tarefa que desperdiça o tempo dos alunos e cria muita frustração.,negative,bai_tap
18262,"Os vídeos são claros, fáceis de seguir e com muitos exemplos, ótimas informações e conteúdo.",positive,ky_nang_giang_day
18262,"Os vídeos são claros, fáceis de seguir e com muitos exemplos, ótimas informações e conteúdo.",positive,ky_nang_giang_day
18262,"Os vídeos são claros, fáceis de seguir e com muitos exemplos, ótimas informações e conteúdo.",positive,ky_nang_giang_day
18262,"Os vídeos são claros, fáceis de seguir e com muitos exemplos, ótimas informações e conteúdo.",positive,ky_nang_giang_day
18263,Gostei muito deste curso.,positive,noi_chung
18264,O instrutor tende a ser bem humorado e isso alivia o estresse no momento do aprendizado.,positive,ky_nang_giang_day
18265,"O curso abordou todos os fundamentos e me deu a direção e as informações que eu precisava como uma pessoa que não está na área médica, facilitando pesquisas futuras.",positive,noi_chung
18265,"O curso abordou todos os fundamentos e me deu a direção e as informações que eu precisava como uma pessoa que não está na área médica, facilitando pesquisas futuras.",positive,noi_chung
18265,"O curso abordou todos os fundamentos e me deu a direção e as informações que eu precisava como uma pessoa que não está na área médica, facilitando pesquisas futuras.",positive,noi_chung
18266,"Um excelente curso (e o livro que o acompanha, The Genius of Dogs, e o site de ciência cidadã, Dognition, também são maravilhosos).",positive,noi_chung
18267,Estou muito feliz por ter encontrado isso curso!!,positive,noi_chung
18268,Talvez seja projetado para aqueles que são mais analíticos do que eu.,negative,noi_chung
18269,"Ele torna o aprendizado sobre rima, metáfora e escansão descomplicado enquanto aprimora seu foco, para que sua escrita possa surpreendê-lo.",positive,ky_nang_giang_day
18270,"Afinal, esta trilha é voltada para o uso do Python para análise e ciência de dados, o que dificilmente é um tópico para iniciantes absolutos.",neutral,noi_chung
18271,"É um curso condensado e delicado, o que significa que para adquirir a habilidade de construir um site, a única coisa que precisa ser feita é seguir os passos do vídeo e terminar a tarefa; e ainda assim cada tópico no curso, até mesmo uma linha de código, merece mais contemplação.",positive,noi_chung
18272,Todos os exercícios do MATLAB/Octave  são interessantes e relevantes.,positive,bai_tap
18272,Todos os exercícios do MATLAB/Octave  são interessantes e relevantes.,positive,bai_tap
18273,Ela apresenta material de uma forma realmente acessível e fácil de digerir.,positive,cung_cap_tai_lieu
18274,"Normalmente eu prefiro o Lynda ao Coursera para as tarefas e os questionários, mas não neste caso...",negative,bai_tap
18275,Eu gostaria de ver mais interação e classificação exercícios de programação entre vídeos para realmente reforçar os conceitos.,negative,bai_tap
18275,Eu gostaria de ver mais interação e classificação exercícios de programação entre vídeos para realmente reforçar os conceitos.,positive,ky_nang_giang_day
18276,Talvez Professora Waters - Rist e sua equipe pudessem ministrar outra aula de Osteoarqueologia introduzindo técnicas não abordadas neste curso.,neutral,ky_nang_giang_day
18277,"As videoaulas são emocionantes e estou ansioso pelo tempo que passarei assistindo a elas, as leituras principais são relevantes e há boas sugestões para aqueles que desejam obter uma compreensão mais profunda do material.",positive,cung_cap_tai_lieu
18277,"As videoaulas são emocionantes e estou ansioso pelo tempo que passarei assistindo a elas, as leituras principais são relevantes e há boas sugestões para aqueles que desejam obter uma compreensão mais profunda do material.",positive,ky_nang_giang_day
18278,Aprendi muito com isso curso.,positive,noi_chung
18279,Ótimo conteúdo!,positive,noi_chung
18280,"As palestras são muito longas, não estão divididas em blocos para facilitar a visualização (a ponto de eu não conseguir baixá-las para meu telefone para uso offline/sem Wi-Fi).",negative,ky_nang_giang_day
18281,"Como alguém que estuda administração, adquiri uma quantidade incrível de conhecimento sobre mercados financeiros.",positive,chuong_trinh_hoc
18282,"No geral, esta foi uma boa introdução curso",positive,noi_chung
18283,Este curso foi muito mais útil do que eu pensava que seria.,positive,noi_chung
18284,Esta foi uma boa visão geral dos serviços que o Google Cloud Platform oferece.,positive,noi_chung
18285,"Brilhante, outros provedores curso deveriam seguir um método semelhante.",positive,noi_chung
18286,Não tenho dúvidas sobre esse método de aprendizagem incrível.,positive,ky_nang_giang_day
18287,"Ótimo curso. Minha crítica construtiva tem a ver com a organização das atividades em grupo, é muito difícil se organizar em grupos por meio de pessoas que você não conhece, especialmente devido às diferenças de fuso horário, bem como às diferenças nas programações diárias dos membros do grupo.",positive,noi_chung
18288,"Este é um dos melhores curso que já fiz, se não o melhor.",positive,noi_chung
18289,Muita informação.,positive,chuong_trinh_hoc
18291,"O conteúdo sobre SCRUM é apresentado oito vezes, parcialmente através da introdução e aqui.",negative,ky_nang_giang_day
18292,"Os vídeos são curtos, diretos e eu aconselho qualquer um a se comprometer.",negative,ky_nang_giang_day
18293,A qualidade do ensino é muito ruim e rápida demais para ser concluída.,negative,ky_nang_giang_day
18293,A qualidade do ensino é muito ruim e rápida demais para ser concluída.,negative,ky_nang_giang_day
18294,A demonstração prática dos problemas proporciona uma maior clareza.,positive,ky_nang_giang_day
18295,Foi uma visão interessante.,positive,noi_chung
18296,Muito obrigado professor.,positive,ky_nang_giang_day
18297,Agradeço que a leitura materiais tenha sido complementar aos vídeos.,positive,cung_cap_tai_lieu
18298,"Dou 5 estrelas para o professor, realmente aborda o assunto com um ensino tão bem organizado material.",positive,ky_nang_giang_day
18298,"Dou 5 estrelas para o professor, realmente aborda o assunto com um ensino tão bem organizado material.",positive,cung_cap_tai_lieu
18299,"As pessoas tiveram que esperar muito tempo pelo feedback e eu também pensei que aqueles que pagaram pela primeira das 5 seções, não deveriam ser obrigados a pagar pelas próximas quatro se quisessem pelo menos acessar o material, sem serem avaliados.",negative,hanh_vi
18299,"As pessoas tiveram que esperar muito tempo pelo feedback e eu também pensei que aqueles que pagaram pela primeira das 5 seções, não deveriam ser obrigados a pagar pelas próximas quatro se quisessem pelo menos acessar o material, sem serem avaliados.",positive,ham_diem
18300,Adorei essa aula!,positive,noi_chung
18301,Eu recomendei isso curso para meu amigo e qualquer pessoa interessada em música definitivamente deveria tentar isso curso.,positive,de_xuat
18301,Eu recomendei isso curso para meu amigo e qualquer pessoa interessada em música definitivamente deveria tentar isso curso.,positive,de_xuat
18302,Acho melhor fazer essa informação não obrigatoriamente mas por escolha,neutral,noi_chung
18304,"O ritmo do curso também é extremamente lento, embora possa ser apropriado para alunos iniciantes.",negative,noi_chung
18304,"O ritmo do curso também é extremamente lento, embora possa ser apropriado para alunos iniciantes.",positive,noi_chung
18305,Só queria que houvesse mais tarefas de programação classificadas!,negative,bai_tap
18306,Recomendarei aos meus amigos.,positive,de_xuat
18307,Achei isso curso muito útil e aprendi como usar expressões regulares e depois as usei para analisar páginas HTML para observar várias tags e conteúdo.,positive,noi_chung
18307,Achei isso curso muito útil e aprendi como usar expressões regulares e depois as usei para analisar páginas HTML para observar várias tags e conteúdo.,positive,noi_chung
18308,Um ótimo nível introdutório curso para Estratégia Competitiva.,positive,noi_chung
18309,Gostaria de agradecer a instrutores e a todos os envolvidos na criação de um curso tão útil e de boa qualidade.,positive,chuong_trinh_hoc
18309,Gostaria de agradecer a instrutores e a todos os envolvidos na criação de um curso tão útil e de boa qualidade.,positive,ky_nang_giang_day
18310,"Como introdução, foi uma ótima experiência.",positive,noi_chung
18311,"E, a propósito, muitas histórias.",negative,ky_nang_giang_day
18312,"Se você não puder participar, seu acesso será limitado ao material de teste.",negative,bai_tap
18313,Os instrutores correram para apresentar o material do curso.,negative,ky_nang_giang_day
18314,O assunto é apresentado de uma forma muito elegante e formal por professor Ng começando com coisas básicas e avançando com ritmo perfeito para coisas mais difíceis.,positive,ky_nang_giang_day
18314,O assunto é apresentado de uma forma muito elegante e formal por professor Ng começando com coisas básicas e avançando com ritmo perfeito para coisas mais difíceis.,positive,ky_nang_giang_day
18315,Esplêndido maravilhoso curso ¡¡¡,positive,noi_chung
18316,"Este curso é muito importante para todos os alunos de países desenvolvidos e em desenvolvimento, uma vez que a crescente população mundial enfrenta uma escassez aguda de alimentos, portanto, economizar perdas se torna uma necessidade do momento.",positive,noi_chung
18317,"Curso é interessante, mas às vezes é muito difícil perceber a informação com tanto sotaque:",positive,noi_chung
18317,"Curso é interessante, mas às vezes é muito difícil perceber a informação com tanto sotaque:",negative,ky_nang_giang_day
18318,"Gostei muito e, o mais importante, aprendi muito.",positive,noi_chung
18318,"Gostei muito e, o mais importante, aprendi muito.",positive,chuong_trinh_hoc
18319,"Questionários de plataforma e tarefas ajudam você a progredir e o incentivam a revisar suas anotações e o conteúdo do livro, permitindo que você se sinta confortável com a velocidade das aulas.",positive,bai_tap
18319,"Questionários de plataforma e tarefas ajudam você a progredir e o incentivam a revisar suas anotações e o conteúdo do livro, permitindo que você se sinta confortável com a velocidade das aulas.",positive,bai_tap
18319,"Questionários de plataforma e tarefas ajudam você a progredir e o incentivam a revisar suas anotações e o conteúdo do livro, permitindo que você se sinta confortável com a velocidade das aulas.",positive,ky_nang_giang_day
18319,"Questionários de plataforma e tarefas ajudam você a progredir e o incentivam a revisar suas anotações e o conteúdo do livro, permitindo que você se sinta confortável com a velocidade das aulas.",positive,ky_nang_giang_day
18320,John Covach é um instrutor fantástico.,positive,ky_nang_giang_day
18321,O curso é uma abordagem muito prática da língua.,positive,noi_chung
18322,"introdução muito boa, mas conforme eu assisto os vídeos e depois faço o teste, sinto que o material não destaca exatamente o que é necessário para o teste.",positive,noi_chung
18322,"introdução muito boa, mas conforme eu assisto os vídeos e depois faço o teste, sinto que o material não destaca exatamente o que é necessário para o teste.",positive,ky_nang_giang_day
18322,"introdução muito boa, mas conforme eu assisto os vídeos e depois faço o teste, sinto que o material não destaca exatamente o que é necessário para o teste.",negative,cung_cap_tai_lieu
18322,"introdução muito boa, mas conforme eu assisto os vídeos e depois faço o teste, sinto que o material não destaca exatamente o que é necessário para o teste.",negative,bai_tap
18323,"O verdadeiro motivo pelo qual estou avaliando com 3/5, no entanto, é que a notação matemática está por todo lugar.",neutral,chuong_trinh_hoc
18324,"Você aprenderá coisas muito interessantes sobre Machine Learning, mas também trabalhará suas habilidades de programação (MATLAB/Octave).",positive,noi_chung
18325,"Pedi ajuda no fórum, mas ninguém respondeu.",negative,hanh_vi
18326,Obrigado Andrew Ng!,positive,ky_nang_giang_day
18327,Eu fiz este curso pela primeira vez na especialidade Ruby on Rails curso e decidi me inscrever em todo o curso.,positive,noi_chung
18328,"Embora os tutores claramente saibam o que fazem, achei as tarefas realmente desafiadoras e de valor educacional limitado devido à mistura de novos conceitos introduzidos pelas palestras junto com novas (para mim) matemática ou ciência da computação que também precisavam ser compreendidas.",positive,ky_nang_giang_day
18328,"Embora os tutores claramente saibam o que fazem, achei as tarefas realmente desafiadoras e de valor educacional limitado devido à mistura de novos conceitos introduzidos pelas palestras junto com novas (para mim) matemática ou ciência da computação que também precisavam ser compreendidas.",positive,bai_tap
18328,"Embora os tutores claramente saibam o que fazem, achei as tarefas realmente desafiadoras e de valor educacional limitado devido à mistura de novos conceitos introduzidos pelas palestras junto com novas (para mim) matemática ou ciência da computação que também precisavam ser compreendidas.",positive,noi_chung
18329,"Além disso, muitas tarefas melhoraram meu conhecimento e habilidade sobre aprendizado de máquina.",positive,bai_tap
18330,"Para todas as pessoas de todas as idades, origens e interesses, eu digo: aproveite a oportunidade de fazer isso claro e você não olhará para trás.",positive,noi_chung
18331,Eu realmente gosto dos desafios.,positive,bai_tap
18332,Há muito trabalho a ser feito e uma pequena parte desse trabalho ficará com você.,negative,bai_tap
18332,Há muito trabalho a ser feito e uma pequena parte desse trabalho ficará com você.,negative,chuong_trinh_hoc
18333,"Fora os downloads, gravações e reproduções necessários, o curso foi apresentado bem e as escalas e posições de execução foram particularmente úteis e claras.",positive,ky_nang_giang_day
18333,"Fora os downloads, gravações e reproduções necessários, o curso foi apresentado bem e as escalas e posições de execução foram particularmente úteis e claras.",positive,noi_chung
18333,"Fora os downloads, gravações e reproduções necessários, o curso foi apresentado bem e as escalas e posições de execução foram particularmente úteis e claras.",positive,chuong_trinh_hoc
18334,As primeiras 3 semanas são um bom pacote para aprender Bootstrap.,positive,noi_chung
18335,"No entanto, eu realmente aprecio todos os cursos e acho que foi uma ótima experiência fazer os cursos!",positive,noi_chung
18336,Esse foi o pontapé inicial que eu precisava para mergulhar de cabeça no mundo do ML.,positive,noi_chung
18337,Muito obrigado Sr. Landers e outros autores por este curso!,positive,ky_nang_giang_day
18338,O You Learning in IBM sugere 12 horas - a maioria nos fóruns leva de 6 a 10 horas por tarefa!,neutral,bai_tap
18339,Obrigado pelo seu trabalho ! ! !,positive,ky_nang_giang_day
18340,O aprendizado de máquina é uma ferramenta importante para uma variedade de ramos da ciência e da engenharia e,positive,noi_chung
18341,"Depois de concluir o curso você não será um especialista, mas terá os conceitos e conhecimentos certos para desenvolver seus projetos.",positive,noi_chung
18342,"Eu recomendo fortemente isso para qualquer professor de ESL, TEFL ou CELTA.",positive,de_xuat
18343,O curso foi ótimo.,positive,noi_chung
18344,Acredito que para se tornar um cientista de dados este é o melhor lugar para começar e estou feliz em concluir o restante do curso também.,positive,chuong_trinh_hoc
18345,Ele é entusiasmado e explica os materiais muito bem.,positive,ky_nang_giang_day
18345,Ele é entusiasmado e explica os materiais muito bem.,positive,ky_nang_giang_day
18346,O uso de artigos de periódicos reais acrescentou um toque prático à teoria e às aplicações da estatística.,positive,chuong_trinh_hoc
18347,"Quando entrei em contato com uma professora ( Eva ) sobre algumas questões específicas, ela foi super prestativa e me ajudou com o problema.",positive,ky_nang_giang_day
18348,O material de ciência cidadã também foi interessante.,positive,cung_cap_tai_lieu
18349,Um curso muito bom .,positive,noi_chung
18350,"Talvez, o curso que se baseia nos escritos do Sr. Bakker e um de seus livros poderia nos levar a ter propósitos comerciais ou promocionais, mas é um ótimo, realmente ótimo, curso e uma maneira de entender o mundo em que vivemos, e uma excelente maneira de nomear muitas coisas que acontecem conosco.",positive,chuong_trinh_hoc
18351,Estou tentando entender isso há três anos e finalmente estou progredindo.,positive,noi_chung
18352,"No entanto, seria ótimo se você também pudesse fornecer os caracteres chineses para tudo o que aprendemos * enquanto * aprendemos e não no final do curso.",positive,noi_chung
18353,"No geral, a qualidade do curso  é boa e ele tem um nível de conhecimento apropriado para novos analistas.",positive,chuong_trinh_hoc
18355,Obrigado cousera e Berklee por oferecerem a oportunidade!,positive,ky_nang_giang_day
18356,Velocidade de vídeo 5x maior devido à grande conversa.,negative,ky_nang_giang_day
18357,Eu já fiz Carlo o excelente curso de aprendizado de máquina cursos na UW e estava me sentindo muito bem.,positive,noi_chung
18357,Eu já fiz Carlo o excelente curso de aprendizado de máquina cursos na UW e estava me sentindo muito bem.,positive,noi_chung
18357,Eu já fiz Carlo o excelente curso de aprendizado de máquina cursos na UW e estava me sentindo muito bem.,positive,ky_nang_giang_day
18358,nem será abordado até o próximo curso.,neutral,noi_chung
18359,É muito bem feito com um equilíbrio entre teoria em controle de movimento de robótica e prática tarefas usando a linguagem popular Matlab.,positive,noi_chung
18359,É muito bem feito com um equilíbrio entre teoria em controle de movimento de robótica e prática tarefas usando a linguagem popular Matlab.,positive,chuong_trinh_hoc
18359,É muito bem feito com um equilíbrio entre teoria em controle de movimento de robótica e prática tarefas usando a linguagem popular Matlab.,positive,bai_tap
18360,"Eles instrutores do curso devem fornecer mais informações para começar, dizendo que é essencial assistir aos vídeos e ler o material do curso quase antes do início da nova semana, devido ao fato de que grupos precisam ser criados e discussões e pesquisas com colegas de equipe precisam ser coordenadas.",negative,ky_nang_giang_day
18361,Isso tornou a experiência ainda mais especial.,positive,noi_chung
18362,"Tirando isso, foi excelente.",positive,noi_chung
18363,Tantas equações apresentadas sem explicar por que essas coisas funcionam ou como são derivadas.,negative,ky_nang_giang_day
18364,Curso também se concentra muito na história quando seria mais relevante olhar para o futuro.,neutral,chuong_trinh_hoc
18365,Seria ótimo ter mais cursos como este.,positive,noi_chung
18366,Este curso é absolutamente incrível!,positive,noi_chung
18368,fazer isso curso me ajudou a explorar mais minha escrita.,positive,chuong_trinh_hoc
18369,E obrigado Coursera também : ),positive,noi_chung
18370,Muito feliz no final.,positive,noi_chung
18371,É muito bem explicado e fácil de seguir.,positive,ky_nang_giang_day
18371,É muito bem explicado e fácil de seguir.,positive,ky_nang_giang_day
18372,"No entanto, não gostei do fato de você ficar limitado a aprender como usar uma plataforma paga e (muito!) cara, principalmente porque existem muitos outros pacotes gratuitos disponíveis para aprendizado de máquina.",negative,chuong_trinh_hoc
18373,"Sim, as tarefas exigem imersão em problemas que pouco têm a ver com paralelismo em si.",positive,bai_tap
18374,Para mim foi muito interessante assistir a entrevistas com pessoas cujo trabalho está intimamente ligado à UE; estas vídeos são absolutamente inspiradoras.,positive,ky_nang_giang_day
18374,Para mim foi muito interessante assistir a entrevistas com pessoas cujo trabalho está intimamente ligado à UE; estas vídeos são absolutamente inspiradoras.,positive,ky_nang_giang_day
18375,É um curso maravilhoso .,positive,noi_chung
18376,Professor Fowler é ótimo!,positive,ky_nang_giang_day
18377,Este curso é altamente recomendado!,positive,de_xuat
18378,Gostei muito desta aula.,positive,noi_chung
18379,Todas as informações são fornecidas de forma muito simples e fácil de entender.,positive,noi_chung
18379,Todas as informações são fornecidas de forma muito simples e fácil de entender.,positive,chuong_trinh_hoc
18380,"Deixando tudo isso de lado, se você realmente tem curiosidade sobre aprendizado de máquina, você deve fazer este curso.",positive,noi_chung
18381,"Desafiador, se não um desenvolvedor e avaliador precisa de um código muito específico. Tirando isso, foi uma introdução divertida, interessante curso, ótima ao Bluemix e Node-Red e JS.",positive,noi_chung
18381,"Desafiador, se não um desenvolvedor e avaliador precisa de um código muito específico. Tirando isso, foi uma introdução divertida, interessante curso, ótima ao Bluemix e Node-Red e JS.",positive,noi_chung
18382,Minha única recomendação seria adicionar mais perguntas no vídeo.,neutral,bai_tap
18383,Posso sentir o quanto vocês trabalharam duro para nos entregar esses materiais.,positive,cung_cap_tai_lieu
18384,Este é um ótimo curso!,positive,noi_chung
18385,"É adequado para estudantes na escola, bem como para adultos que tentam aprender algo novo, o que pode ser muito difícil na idade deles.",positive,noi_chung
18386,Estou muito feliz por ter feito este curso e concluído.,positive,noi_chung
18387,"Dr. Chuck por todo o material, questionários e tarefas.",positive,ky_nang_giang_day
18388,"A informação é boa, mas está se espalhando rápido demais e não sinto que aprendi muito com ela.",positive,noi_chung
18388,"A informação é boa, mas está se espalhando rápido demais e não sinto que aprendi muito com ela.",negative,chuong_trinh_hoc
18388,"A informação é boa, mas está se espalhando rápido demais e não sinto que aprendi muito com ela.",negative,chuong_trinh_hoc
18389,Tanto pessoas mais velhas quanto mais jovens podem se beneficiar.,positive,noi_chung
18390,Um curso prático curso por um professor competente curso.,positive,chuong_trinh_hoc
18390,Um curso prático curso por um professor competente curso.,positive,ky_nang_giang_day
18391,Gostei porque fornece excelentes insights para corporações ou empreendimentos ao vincular teorias econômicas a negócios.,positive,chuong_trinh_hoc
18392,Não acredito que seja possível encontrar um curso tão qualificado  de graça!,positive,chuong_trinh_hoc
18392,Não acredito que seja possível encontrar um curso tão qualificado  de graça!,positive,chuong_trinh_hoc
18393,Definitivamente valeu o dinheiro que paguei!,positive,chuong_trinh_hoc
18394,Achei este curso muito avançado para meu nível de familiaridade com estatística.,positive,noi_chung
18395,Altamente recomendado para qualquer pessoa em qualquer estágio de aprendizagem.,positive,de_xuat
18396,Espero poder fazer mais aulas na Duke University.,positive,noi_chung
18397,. complicado ) ) então eles lhe dão a possibilidade de pensar fora da caixa ),positive,bai_tap
18397,. complicado ) ) então eles lhe dão a possibilidade de pensar fora da caixa ),positive,bai_tap
18398,Obrigado a todos os corpo docente por esta ótima experiência de aprendizado.,positive,ky_nang_giang_day
18398,Obrigado a todos os corpo docente por esta ótima experiência de aprendizado.,positive,ky_nang_giang_day
18399,Adorei quase tudo.,positive,noi_chung
18400,Gostei muito das palestras interativas em pequenos grupos.,positive,ky_nang_giang_day
18401,Ótima experiência.,positive,noi_chung
18402,Este curso é uma ótima atualização dos conceitos básicos e Dr. Whiteman explicou as coisas de forma muito clara e precisa.,positive,noi_chung
18402,Este curso é uma ótima atualização dos conceitos básicos e Dr. Whiteman explicou as coisas de forma muito clara e precisa.,positive,ky_nang_giang_day
18403,Sir Hitoshi Murayama foi incrível.,positive,ky_nang_giang_day
18404,Os vídeos são muito rápidos quando alguém está trabalhando em várias janelas para realizar tarefas.,negative,ky_nang_giang_day
18405,"As tarefas são boas e instigantes, mas não são escritas de forma clara.",positive,bai_tap
18405,"As tarefas são boas e instigantes, mas não são escritas de forma clara.",negative,bai_tap
18406,"Além disso, você não precisa de habilidade de programação para completar as tarefas, mas leva muito tempo para aprender ferramentas Datavis gratuitas e prontas, e elas são muito limitadas para entregar os resultados que queremos.",negative,bai_tap
18407,"Provavelmente é mais útil para alguém com alguma experiência anterior, tempo limitado e alguns problemas que deseja resolver, do que para um estudante.",neutral,chuong_trinh_hoc
18408,É uma aula de aprendizado de máquina muito fundamental.,positive,noi_chung
18409,O curso é mais uma descrição prolongada do campo de pesquisa do que uma parte adequada da educação geral.,positive,noi_chung
18410,"Isso fornece conhecimento geral para criar páginas web simples, algumas tags HTML básicas e algumas práticas.",positive,chuong_trinh_hoc
18412,Não gosto que o curso me faça sentir que devo confiar em um produto específico para resolver problemas.,negative,noi_chung
18413,O estilo de ensino não desafia nem proporciona insights.,negative,ky_nang_giang_day
18414,"Isso é muito mais básico e oferece uma visão fundamental sobre todas as linguagens de programação, não apenas Python.",positive,noi_chung
18415,"Foi fantástico, sem muitos cálculos, mas com mais foco nos conceitos, como relatividade, modelo padrão de partículas, mecânica quântica.",positive,noi_chung
18415,"Foi fantástico, sem muitos cálculos, mas com mais foco nos conceitos, como relatividade, modelo padrão de partículas, mecânica quântica.",positive,chuong_trinh_hoc
18417,Essa aula foi incrível!,positive,noi_chung
18418,Me inspirou e motivou a continuar o curso apesar da minha dificuldade em entender certos conceitos.,positive,noi_chung
18419,Você não aprenderá muitos conceitos ou teorias nem praticará programação em R aqui.,negative,chuong_trinh_hoc
18420,"Como resultado, toda semana eu passava várias horas nos fóruns e no stackoverflow para descobrir o que o autograder queria, em vez de realmente aprender o pandas.",negative,chuong_trinh_hoc
18421,É um curso interessante.,positive,noi_chung
18422,A semana 4 é melhor.,positive,noi_chung
18424,"O curso me deu uma visão geral do setor, os tipos de participantes, os diferentes modelos e estratégias que podem ser aplicados.",positive,noi_chung
18425,"Com o ritmo devidamente ajustado desta aula, mesmo com conhecimento apenas de Aritmética e SEM programação, você deverá se sair bem nesta aula, desde que faça pelo menos um esforço moderado!",positive,noi_chung
18426,"Obrigado por seus esforços, para me dar um ótimo curso.",positive,noi_chung
18427,Teve um bom equilíbrio entre muita amplitude e tempo investido.,positive,chuong_trinh_hoc
18428,Aprendi muito neste curso.,positive,noi_chung
18429,E a narrativa foi fantástica.,positive,ky_nang_giang_day
18430,"Se você é introvertido ou simplesmente uma pessoa que valoriza a privacidade, este não é o curso para você.",negative,noi_chung
18432,Muito bem ensinado.,positive,noi_chung
18433,"O professor YaaKov é um ótimo instrutor, suas tarefas são escritas com muitos detalhes e etapas muito claras, por isso são fáceis de compreender e executar.",positive,ky_nang_giang_day
18433,"O professor YaaKov é um ótimo instrutor, suas tarefas são escritas com muitos detalhes e etapas muito claras, por isso são fáceis de compreender e executar.",positive,bai_tap
18433,"O professor YaaKov é um ótimo instrutor, suas tarefas são escritas com muitos detalhes e etapas muito claras, por isso são fáceis de compreender e executar.",positive,bai_tap
18433,"O professor YaaKov é um ótimo instrutor, suas tarefas são escritas com muitos detalhes e etapas muito claras, por isso são fáceis de compreender e executar.",positive,bai_tap
18434,Tanto o professor quanto o corpo docente sempre respondem prontamente e detalhadamente às suas perguntas ou comentários no fórum.,positive,hanh_vi
18434,Tanto o professor quanto o corpo docente sempre respondem prontamente e detalhadamente às suas perguntas ou comentários no fórum.,positive,hanh_vi
18435,"Na minha opinião, Andrew Ng se destaca no ensino deste curso.",positive,ky_nang_giang_day
18436,Este foi um excelente curso.,positive,noi_chung
18437,"Apenas 2 * por causa de um problema técnico que enfrentei na maioria dos vídeos não estão carregando corretamente. Eles ficarão presos em algum lugar e apenas o áudio continuará. Então não consegui terminar o curso. Fora isso, o ensino é muito bom. Espero que vocês trabalhem para consertar isso.",negative,ky_nang_giang_day
18437,"Apenas 2 * por causa de um problema técnico que enfrentei na maioria dos vídeos não estão carregando corretamente. Eles ficarão presos em algum lugar e apenas o áudio continuará. Então não consegui terminar o curso. Fora isso, o ensino é muito bom. Espero que vocês trabalhem para consertar isso.",positive,ky_nang_giang_day
18438,Muito obrigado pela oportunidade de fazer este curso.,positive,noi_chung
18439,Adorei o curso.,positive,noi_chung
18440,"As tarefas não são, portanto, particularmente desafiadoras - - você obtém desta aula o que você investe nela!",negative,bai_tap
18441,Admito que o sotaque do instrutor me distraiu no começo.,neutral,ky_nang_giang_day
18442,Exceto que é maravilhoso.,positive,noi_chung
18443,Gosto muito de descobrir o mundo dos professores e amigos.,positive,noi_chung
18444,Sinto-me confortável com os conceitos e algoritmos.,positive,noi_chung
18445,Flashcards de computador ou até mesmo pequenos questionários extras em cada lição teriam sido legais.,negative,cung_cap_tai_lieu
18447,O material fornecido é bom para um curso introdutório sobre nutrição infantil.,positive,cung_cap_tai_lieu
18448,Boa introdução à macroeconomia.,positive,noi_chung
18449,"Entretanto, algumas das videoaulas são de qualidade média.",negative,ky_nang_giang_day
18450,É uma excelente introdução ao R.,positive,chuong_trinh_hoc
18451,Obrigado Andrew Ng por seus excelentes vídeos curtos vídeos que me deram muito conhecimento em pouco tempo.,positive,ky_nang_giang_day
18451,Obrigado Andrew Ng por seus excelentes vídeos curtos vídeos que me deram muito conhecimento em pouco tempo.,positive,ky_nang_giang_day
18452,Quase nenhuma tarefa levou mais de uma hora para ser concluída.,positive,bai_tap
18453,"Muito bem feito, ótimo conteúdo.",positive,cung_cap_tai_lieu
18454,Um problema sobre o curso provavelmente serão as palestras.,negative,ky_nang_giang_day
18455,"Além disso, a linguagem ensinada neste curso (Python) é muito mais intuitiva do que muitas das outras linguagens de programação que experimentei (",positive,noi_chung
18456,Todo o curso foi projetado para sobrecarregá-lo com terminologia para deixá-lo atualizado para os próximos cursos.,negative,chuong_trinh_hoc
18457,"Além disso, ainda não descobri o fórum de discussão, pois, na minha opinião, não é tão envolvente.",negative,hanh_vi
18458,Posso dizer que realmente adquiri informações que posso aplicar na minha carreira.,positive,noi_chung
18459,A narração foi maravilhosa e direta do coração.,positive,ky_nang_giang_day
18460,Siedel conduziu o curso é muito prático e útil.,positive,ky_nang_giang_day
18461,"O instrutor esclarece cada detalhe, embora você possa enfrentar problemas muito mais difíceis nas tarefas.",negative,bai_tap
18462,"A maioria deles não é legível - muitas fontes, muitas cores, alguns com imagens complicadas, alguns sem nenhuma informação.",negative,ky_nang_giang_day
18463,"Sinto que agora tenho uma compreensão muito boa de regressão linear e logística e redes neurais, bem como de outros métodos de aprendizagem que abordamos.",positive,chuong_trinh_hoc
18464,Extremamente útil curso.,positive,chuong_trinh_hoc
18465,Obrigado de coração por este incrível curso : ),positive,noi_chung
18466,"Entretanto, não há tanta prática neste curso quanto eu esperava.",neutral,noi_chung
18467,"Excelente curso, recomendo muito!",positive,de_xuat
18467,"Excelente curso, recomendo muito!",positive,de_xuat
18468,"Não vi uma data de conclusão, mas imagino que este curso tenha sido construído em 2013-2014, então a informação certamente é atual.",positive,noi_chung
18469,"Alguns conceitos em JavaScript podem ser complicados para estudantes sem experiência em Ciência da Computação, mas este curso realmente torna as coisas mais fáceis de entender.",positive,chuong_trinh_hoc
18470,Definitivamente usarei as ferramentas que eles me ensinaram no meu segundo ano e serei um professor mais eficaz.,positive,noi_chung
18471,"Pessoas com experiência anterior com mecânica estatística, por outro lado, se beneficiarão da inclusão de conexões mais complexas com a mecânica quântica e a química física.",positive,noi_chung
18472,Tenho uma compreensão muito melhor de motivação e procrastinação.,positive,chuong_trinh_hoc
18473,"Apesar de estar extremamente ocupado com minha agenda durante a quarta semana, eu realmente gostei do curso.",positive,noi_chung
18474,"Alto nível texto, gráficos e referências.",positive,cung_cap_tai_lieu
18475,"Além de uma maior incorporação e ênfase nos materiais escritos, acredito que mais exemplos reais de sucessos e fracassos diplomáticos seriam um uso muito mais eficaz e divertido do tempo de aula do que a filosofia esotérica que parece caracterizá-lo nesta edição. )",negative,cung_cap_tai_lieu
18477,"Minha maior reclamação é que muitas das programações exercícios têm erros que não foram corrigidos, apesar deste curso estar em andamento há anos.",negative,bai_tap
18478,"Embora essas sejam bases excelentes, eu gostaria que houvesse uma segunda parte para mais tecnologia de ponta material, especialmente aprendizado profundo e uma expansão de redes neurais.",positive,cung_cap_tai_lieu
18479,"Achei o exercício minucioso e confuso, e não há nenhuma indicação ou revisão do que você realmente fez de errado.",negative,bai_tap
18479,"Achei o exercício minucioso e confuso, e não há nenhuma indicação ou revisão do que você realmente fez de errado.",negative,bai_tap
18480,Cada seção é clara e flui para a próxima seção.,positive,ky_nang_giang_day
18481,Descobri que ritmo e estilo de conteúdo funcionaram para mim e me permitiram prosseguir em outros cursos.,positive,ky_nang_giang_day
18481,Descobri que ritmo e estilo de conteúdo funcionaram para mim e me permitiram prosseguir em outros cursos.,positive,ky_nang_giang_day
18482,"Em vez de temer as aulas, fiquei animado para participar todos os dias e consegui progredir mais rápido do que o planejado curso devido ao seu método de ensino extremamente claro e solidário.",positive,noi_chung
18483,Explicação detalhada.,positive,ky_nang_giang_day
18484,"O material era excepcional, mas, como descobri, as tarefas eram diluídas em relação à versão anterior do curso que estava disponível em 2014.",positive,cung_cap_tai_lieu
18484,"O material era excepcional, mas, como descobri, as tarefas eram diluídas em relação à versão anterior do curso que estava disponível em 2014.",neutral,bai_tap
18485,"Muito obrigado por este curso, eu realmente gostei!",positive,noi_chung
18486,Aprendi e aproveitei muito essas semanas.,positive,chuong_trinh_hoc
18487,Usar a intuição ou o bom senso já é suficiente para resolvê-los.,neutral,bai_tap
18488,Concluir este curso de alguma forma me faz sentir muito mais preparado para estudar sozinho os livros de GR de nível intermediário/avançado que tenho há tanto tempo!,positive,chuong_trinh_hoc
18489,Então eu recomendo este curso para qualquer um que queira melhorar e se tornar mais eficiente no aprendizado.,positive,de_xuat
18490,Muito bom: Professor é paciente e simpático.,positive,ky_nang_giang_day
18490,Muito bom: Professor é paciente e simpático.,positive,ky_nang_giang_day
18490,Muito bom: Professor é paciente e simpático.,positive,noi_chung
18491,Seria ótimo se eles pudessem voltar com um curso para cálculo multivariável.,positive,noi_chung
18492,"Eu realmente amei essa aula, muito, muito mesmo!",positive,noi_chung
18493,As tarefas eram difíceis e realmente testavam seu conhecimento de Python.,positive,bai_tap
18493,As tarefas eram difíceis e realmente testavam seu conhecimento de Python.,positive,ky_nang_giang_day
18494,A aula é bem organizada e é uma ótima introdução para alunos que buscam aprender sobre marketing digital.,positive,noi_chung
18495,A variedade e concentração de detalhes foram impressionantes e o palestrante sempre envolvente e claramente muito envolvido no material.,positive,chuong_trinh_hoc
18495,A variedade e concentração de detalhes foram impressionantes e o palestrante sempre envolvente e claramente muito envolvido no material.,positive,hanh_vi
18495,A variedade e concentração de detalhes foram impressionantes e o palestrante sempre envolvente e claramente muito envolvido no material.,positive,ky_nang_giang_day
18496,Muito útil para iniciantes. Ela fala muito devagar e fica repetindo as palavras até você entender.,positive,ky_nang_giang_day
18496,Muito útil para iniciantes. Ela fala muito devagar e fica repetindo as palavras até você entender.,positive,noi_chung
18496,Muito útil para iniciantes. Ela fala muito devagar e fica repetindo as palavras até você entender.,positive,ky_nang_giang_day
18497,Andrew Ng fornece instruções valiosas sobre a intuição e implementação de algoritmos de aprendizado de máquina.,positive,ky_nang_giang_day
18498,Obrigado Barbara e à equipe do curso por compartilharem suas histórias pessoais inspiradoras.,positive,ky_nang_giang_day
18499,"Eles deveriam substituir esses questionários por projetos, onde você escreve código real.",negative,chuong_trinh_hoc
18500,"Bom curso, mas poderia ser mais desafiador.",positive,noi_chung
18500,"Bom curso, mas poderia ser mais desafiador.",negative,chuong_trinh_hoc
18501,"Se você for um novato completo, comece no início desta especialidade em seu próprio ritmo (sob demanda na velocidade da luz) e a um preço acessível (US$ 0) e tenha certeza de avanços significativos em seu conhecimento da função da Internet, em geral, e do Python, em particular.",positive,chuong_trinh_hoc
18502,Não foi muito interessante para mim ouvir as funções do i-phone e do sumsung,negative,chuong_trinh_hoc
18503,O professor tem um imenso carisma e uma maneira concisa de dividir conceitos.,positive,ky_nang_giang_day
18503,O professor tem um imenso carisma e uma maneira concisa de dividir conceitos.,positive,ky_nang_giang_day
18505,Poderia ter sido melhor se o problema de rastreamento tivesse mais exemplos mostrando aplicação prática.,neutral,ky_nang_giang_day
18506,"Ótimo claro, realmente cobriu muitos detalhes!",positive,noi_chung
18506,"Ótimo claro, realmente cobriu muitos detalhes!",positive,chuong_trinh_hoc
18507,"Muito focado em aplicações concretas, mas também em fornecer um certo nível de profundidade no lado teórico.",positive,noi_chung
18507,"Muito focado em aplicações concretas, mas também em fornecer um certo nível de profundidade no lado teórico.",positive,noi_chung
18508,"Eu sabia algumas coisas do curso, mas não tinha a mínima ideia sobre outras.",positive,noi_chung
18509,"Posso não concordar com tudo no curso, e algumas de suas declarações podem ter me deixado um pouco desconfortável, mas, no geral, este é um curso envolvente e perspicaz.",negative,ky_nang_giang_day
18509,"Posso não concordar com tudo no curso, e algumas de suas declarações podem ter me deixado um pouco desconfortável, mas, no geral, este é um curso envolvente e perspicaz.",positive,chuong_trinh_hoc
18510,"Dito isto, o curso foi muito bem organizado, teve ótimos exemplos e excelentes palestras (embora o áudio pudesse ser bastante clarificado usando um microfone de última geração, pré-amplificador, interface e software de produção de áudio acessível, como o Reaper, para clarificar a voz).",positive,chuong_trinh_hoc
18510,"Dito isto, o curso foi muito bem organizado, teve ótimos exemplos e excelentes palestras (embora o áudio pudesse ser bastante clarificado usando um microfone de última geração, pré-amplificador, interface e software de produção de áudio acessível, como o Reaper, para clarificar a voz).",positive,chuong_trinh_hoc
18510,"Dito isto, o curso foi muito bem organizado, teve ótimos exemplos e excelentes palestras (embora o áudio pudesse ser bastante clarificado usando um microfone de última geração, pré-amplificador, interface e software de produção de áudio acessível, como o Reaper, para clarificar a voz).",positive,ky_nang_giang_day
18511,Prof. Yaakov Chaikin é um mentor talentoso.,positive,ky_nang_giang_day
18512,"O curso é muito bom, mas gostaria de fazer três sugestões: 1) Você não tem um feedback sobre o que errou nos exercícios.",positive,noi_chung
18513,Eu recomendo fortemente a todos que desejam entender as nuances do poder e da influência e usá-los para levar as ideias certas adiante e evitar serem influenciados pelas erradas.,positive,de_xuat
18514,Harris ensina coisas complexas de uma maneira fácil.,positive,ky_nang_giang_day
18515,Você fez um ótimo trabalho!,positive,noi_chung
18516,Este curso me ajudou muito a me tornar um líder visionário.,positive,noi_chung
18517,"Além disso, ele tem excelentes habilidades de apresentação, o que torna suas palestras agradáveis e fáceis de acompanhar.",positive,ky_nang_giang_day
18517,"Além disso, ele tem excelentes habilidades de apresentação, o que torna suas palestras agradáveis e fáceis de acompanhar.",positive,ky_nang_giang_day
18518,"Dra. Maya Adam fez um ótimo trabalho com os vídeos das palestras, conteúdo do curso, etc.",positive,ky_nang_giang_day
18519,Eu adorei positivamente o instrutor (seu sotaque e maneira de explicar tornaram tudo muito divertido).,positive,ky_nang_giang_day
18520,Alguns problemas com a tarefa de programação.,negative,bai_tap
18521,O método passo a passo para explicar esse campo complexo em termos simples é realmente útil.,positive,ky_nang_giang_day
18522,Excepcional apresentação.,positive,ky_nang_giang_day
18523,Este é um curso excelente curso para qualquer um entender o que é aprendizado de máquina.,positive,noi_chung
18524,Um pouco decepcionado.,negative,noi_chung
18525,"Mas é um curso excelente curso, e é incrível, se você pensar bem, ter horas de acesso gratuito a Gary Burton.",positive,noi_chung
18526,"Baixar o código pode ser uma opção, mas é melhor digitarmos o código seguindo a aula, porque baixar me deixa preguiçoso, digitar o código por nós mesmos é uma boa maneira de aprender.",negative,noi_chung
18527,Muito obrigado a Sr. Kim pelo ensino altamente profissional e pelos momentos divertidos.,positive,ky_nang_giang_day
18527,Muito obrigado a Sr. Kim pelo ensino altamente profissional e pelos momentos divertidos.,positive,ky_nang_giang_day
18528,Porque podemos ler nós mesmos e muito conteúdo está disponível gratuitamente.,positive,cung_cap_tai_lieu
18529,O curso é muito bom.,positive,noi_chung
18530,"Combinado com o HTML e CSS curso na CODECADEMY, tenho a capacidade de escrever HTML simples, ler o código de outra pessoa e encontrar os recursos necessários para começar minha própria página.",positive,noi_chung
18531,"Olá, adorei este curso.",positive,noi_chung
18532,"Gostei muito deste curso no geral (e foi relativamente fácil para mim porque já tenho alguma experiência nisso), mas houve alguns problemas técnicos, especialmente em relação ao acesso tarefas.",positive,noi_chung
18532,"Gostei muito deste curso no geral (e foi relativamente fácil para mim porque já tenho alguma experiência nisso), mas houve alguns problemas técnicos, especialmente em relação ao acesso tarefas.",negative,bai_tap
18533,"Esta (1ª aula) ensinou bem os conceitos básicos de R, mas não fez nada para ensinar testes de código R (uma parte fundamental da escrita de código!), melhores práticas para modularização e fatoração, e assim por diante.",positive,ky_nang_giang_day
18534,Revisei 7 artigos (requisito de 3) e eles foram considerados deficientes.,negative,noi_chung
18535,"Junto com a parte 1 do curso, eu o recomendarei a todos os estudantes que trabalham com nanotecnologia.",positive,de_xuat
18536,"Tenho muito mais perguntas, mas até ver a versão final curso, não posso dizer se elas serão respondidas.",neutral,noi_chung
18537,"Senti que o curso é mais centrado no Reino Unido, também um pouco mais de conhecimento sobre educação, referindo-se aos antigos educadores, o que deveria ser uma vantagem adicional!",positive,noi_chung
18537,"Senti que o curso é mais centrado no Reino Unido, também um pouco mais de conhecimento sobre educação, referindo-se aos antigos educadores, o que deveria ser uma vantagem adicional!",positive,noi_chung
18538,"As aulas explicam noções básicas fundamentais do Swift, que são realmente úteis, mas não são abrangentes o suficiente.",negative,ky_nang_giang_day
18539,Obrigado por esta palestra - é uma experiência que realmente mudou minha vida!,positive,chuong_trinh_hoc
18540,"Acho que, na maior parte, os professores fizeram um ótimo trabalho ao explicar os materiais do curso.",positive,ky_nang_giang_day
18541,Foi uma boa experiência.,positive,noi_chung
18542,Acho que passei cerca de 20 horas por semana tentando absorver o material.,positive,cung_cap_tai_lieu
18543,"Eu adoro Dra. Oakley palestras, seu uso de metáforas e zumbis tornam o curso muito divertido.",positive,ky_nang_giang_day
18543,"Eu adoro Dra. Oakley palestras, seu uso de metáforas e zumbis tornam o curso muito divertido.",positive,ky_nang_giang_day
18544,Obrigado Dr. Biccheiri por me orientar neste curso.,positive,ky_nang_giang_day
18545,"No final, senti que realmente tinha uma sólida compreensão da programação de baixo nível e dos conceitos básicos de programação.",positive,chuong_trinh_hoc
18546,Estou muito apegado a isso Curso e acharia extremamente difícil não ter uma reação afetiva a isso.,positive,noi_chung
18547,Notação funcional e séries seriam especialmente úteis.,positive,chuong_trinh_hoc
18549,"A solução dos problemas geralmente acaba sendo bastante simples, mas não é aplicável a um grande conjunto de problemas, apenas ao conjunto de dados específico que é fornecido (e as características desse conjunto de dados não são fornecidas; então acabo pensando em todas as possibilidades que podem ocorrer para esse conjunto de dados, o que torna o problema mais difícil).",neutral,bai_tap
18550,"Concluí este curso em pouco tempo, mas o curso é incrível e fornece informações básicas e vídeos estão ajudando muito.",positive,noi_chung
18550,"Concluí este curso em pouco tempo, mas o curso é incrível e fornece informações básicas e vídeos estão ajudando muito.",positive,cung_cap_tai_lieu
18551,"As informações que ele fornece, além do curso em si, são realmente úteis para você criar seus próprios jogos e praticar por conta própria.",positive,kinh_nghiem
18552,Também senti que as seções sobre programação dinâmica pareciam um pouco apressadas e precisei gastar um pouco de tempo pesquisando sobre isso em terceiros antes de me sentir confortável para concluir os exercícios.,negative,cung_cap_tai_lieu
18553,"Prof. Yaakov é incrivelmente talentoso e mantém as aulas dinâmicas, entrando em detalhes sem torná-las cansativas.",positive,ky_nang_giang_day
18553,"Prof. Yaakov é incrivelmente talentoso e mantém as aulas dinâmicas, entrando em detalhes sem torná-las cansativas.",positive,ky_nang_giang_day
18553,"Prof. Yaakov é incrivelmente talentoso e mantém as aulas dinâmicas, entrando em detalhes sem torná-las cansativas.",positive,ky_nang_giang_day
18554,Este curso é ótimo.,positive,noi_chung
18555,"Os slides têm vários erros e erros de digitação, o que faz você duvidar de todo o curso.",negative,ky_nang_giang_day
18556,"O texto necessário que deveria ter sido ensinado foi dado cuidadosamente, sem sufocar o aluno.",positive,cung_cap_tai_lieu
18557,Eu recomendaria este curso para desenvolvedores existentes sem formação em ciência da computação.,positive,de_xuat
18558,Muitas opiniões baseadas em evidências escassas.,negative,chuong_trinh_hoc
18559,Esta série de aulas vale muito a pena o tempo e o custo.,positive,chuong_trinh_hoc
18560,Isso é realmente fantástico.,positive,noi_chung
18561,É um curso recomendado  para qualquer professor.,positive,de_xuat
18562,O curso material não cobriu o que precisávamos para os testes semanais (principalmente nas semanas 3 e 4) e o exame final foi imensamente difícil.,negative,bai_tap
18562,O curso material não cobriu o que precisávamos para os testes semanais (principalmente nas semanas 3 e 4) e o exame final foi imensamente difícil.,negative,cung_cap_tai_lieu
18610,Asante Dk. Biccheiri kwa kunipitisha katika kozi hii.,positive,ky_nang_giang_day
19051,5 + sao .,positive,chuong_trinh_hoc
19890,A equipe  foi excelente - muito simpática e prestativa.,positive,thiet_bi_day_hoc
19890,A equipe  foi excelente - muito simpática e prestativa.,positive,thiet_bi_day_hoc
19891,O lobby é grande o suficiente para acomodar cem pessoas.,positive,thiet_bi_day_hoc
19892,"Embora tenha uma classificação de 2 estrelas, é porque não tem coisas como elevadores, um grande saguão sofisticado ou ferro de passar roupas para hóspedes, mas todo o resto é 4 estrelas!",negative,thiet_bi_day_hoc
19893,"Tudo é ótimo: a piscina, a praia, a comida, os coquetéis, mas há apenas um problema com o quarto, com um cheiro horrível e certamente não 5 estrelas, mas 3.",positive,thiet_bi_day_hoc
19893,"Tudo é ótimo: a piscina, a praia, a comida, os coquetéis, mas há apenas um problema com o quarto, com um cheiro horrível e certamente não 5 estrelas, mas 3.",positive,thiet_bi_day_hoc
19894,Fui ao Millennium Hotel com meu marido e me apaixonei pela área do spa/piscina!,positive,thiet_bi_day_hoc
19895,A única reclamação é que o wi-fi gratuito é lento.,negative,thiet_bi_day_hoc
19896,O bar é convidativo e o restaurante excelente.,positive,thiet_bi_day_hoc
19896,O bar é convidativo e o restaurante excelente.,positive,thiet_bi_day_hoc
19897,"Agradável recepção, perto de cafés e trattorias, curta caminhada até o trem -",positive,thiet_bi_day_hoc
19898,"Os únicos pontos negativos que notamos foram que o serviço de transporte do LAX é mediante solicitação, o que não sabíamos e perdemos algum tempo esperando na calçada antes de ligar. E se você alugar um carro ou dirigir, observe que o estacionamento do hotel custa US$ 15,00 por noite.",negative,thiet_bi_day_hoc
19899,"O restaurante é muito bom - preços razoáveis, menu enorme, muito popular.",positive,thiet_bi_day_hoc
19899,"O restaurante é muito bom - preços razoáveis, menu enorme, muito popular.",positive,thiet_bi_day_hoc
19900,"Langham Place é meu novo negócio hotel de agora em diante em Hong Kong. Não tive tempo para explorar os arredores, mas melhor posso concluir sobre o hotel e suas instalações.",positive,thiet_bi_day_hoc
19901,O restaurante no terraço é excelente e vale a pena uma visita.,positive,thiet_bi_day_hoc
19902,"A área piscina e banheira de hidromassagem eram incríveis, embora não tivéssemos muito tempo para relaxar, estávamos muito ocupados visitando Los Angeles.",positive,thiet_bi_day_hoc
19902,"A área piscina e banheira de hidromassagem eram incríveis, embora não tivéssemos muito tempo para relaxar, estávamos muito ocupados visitando Los Angeles.",positive,thiet_bi_day_hoc
19903,"O café da manhã foi de primeira qualidade, assim como o adorável bar na cobertura.",positive,thiet_bi_day_hoc
19904,O acesso gratuito à internet no lobby e um Starbucks fizeram deste hotel a base perfeita para explorar Boston por alguns dias.,positive,thiet_bi_day_hoc
19905,"Também gostamos das atividades na piscina, como aulas de espanhol, hidroginástica - obrigado à equipe de atividades que fez um ótimo trabalho.",positive,thiet_bi_day_hoc
19906,"A única coisa que o hotel poderia melhorar era a área de estar no saguão principal - há algumas cadeiras, um sofá e muito espaço vazio.",neutral,thiet_bi_day_hoc
19907,"Eu não voltaria ao The Clift; o Redwood Bar é divertido e a equipe do concierge/portaria é boa, mas é só isso.",positive,thiet_bi_day_hoc
19908,"Acima de tudo, ficamos impressionados com o bar na cobertura, que serve chá e café de graça e foi um lugar fantástico para assistir ao pôr do sol.",positive,thiet_bi_day_hoc
19908,"Acima de tudo, ficamos impressionados com o bar na cobertura, que serve chá e café de graça e foi um lugar fantástico para assistir ao pôr do sol.",positive,thiet_bi_day_hoc
19908,"Acima de tudo, ficamos impressionados com o bar na cobertura, que serve chá e café de graça e foi um lugar fantástico para assistir ao pôr do sol.",positive,thiet_bi_day_hoc
19909,"Não há nada de extraordinário neste hotel, a academia é pitoresca, os quartos são pequenos, o banheiro é realmente muito grande, tem cerca de metade do tamanho do quarto...",negative,thiet_bi_day_hoc
19910,O serviço é bom - o suficiente e as escadas (não há elevador) podem ser assustadoras se você tiver malas grandes.,negative,thiet_bi_day_hoc
19911,"Tentar pegar uma bebida no hotel bar foi um desafio, mas se você não estiver com pressa, você conseguirá uma.",positive,thiet_bi_day_hoc
19911,"Tentar pegar uma bebida no hotel bar foi um desafio, mas se você não estiver com pressa, você conseguirá uma.",neutral,thiet_bi_day_hoc
19912,Também a disponibilidade gratuita estação de computador para obter internet foi boa.,positive,thiet_bi_day_hoc
19912,Também a disponibilidade gratuita estação de computador para obter internet foi boa.,positive,thiet_bi_day_hoc
19913,Grande variedade de opções buffet de café da manhã e a melhor piscina/sauna/clube de saúde que já usamos.,positive,thiet_bi_day_hoc
19914,"Eles tinham um grande estoque de todos os jornais disponíveis no saguão, gratuitamente.",positive,thiet_bi_day_hoc
19915,"O quarto era muito limpo, banheiro agradável quarto, acomodações muito modernas.",positive,thiet_bi_day_hoc
19916,"Quando o ar condicionado está ligado, você não ouve o barulho, e quando você só precisa de cinco minutos para chegar a qualquer lugar, você esquece a grosseria da equipe da recepção.",positive,thiet_bi_day_hoc
19917,"Observe que não havia exercícios instalações e o restaurante no local era caro; no entanto, havia opções de alimentação disponíveis em vários restaurantes a 1 a 3 minutos de caminhada.",negative,thiet_bi_day_hoc
19917,"Observe que não havia exercícios instalações e o restaurante no local era caro; no entanto, havia opções de alimentação disponíveis em vários restaurantes a 1 a 3 minutos de caminhada.",negative,thiet_bi_day_hoc
19918,Esteja preparado para gastar US$ 25 por dia em estacionamento também.,negative,thiet_bi_day_hoc
19919,estacionamento é muito caro e o imposto é adicionado à taxa de estacionamento.,negative,thiet_bi_day_hoc
19920,"Você vê o oceano de todos os quartos, o mordomo foi ótimo e, embora a equipe não fosse a mais eficiente do mundo, seus esforços e gentileza compensam.",positive,noi_chung
19921,"Excelente localização a uma curta distância da estação de trem e do estacionamento do hotel (preço diário razoável de US$ 13,00).",positive,thiet_bi_day_hoc
19922,"Muito bom hotel, com ótimas instalações, se necessário.",positive,thiet_bi_day_hoc
19923,O café da manhã foi bom e o bar na frente do hotel tinha um ambiente agradável.,positive,thiet_bi_day_hoc
21079,"22:36 : semidefinida positiva, no definida positiva",neutral,kien_thuc
21079,"22:36 : semidefinida positiva, no definida positiva",neutral,kien_thuc
21192,ME GUSTARÍA AGRADECERLE A ÉL POR SUS CÁLCULOS EN LA WEB.,positive,ky_nang_giang_day
21210,"Me alegro de volver a verte, Prof.",positive,ky_nang_giang_day
21242,¿Qué libro de texto utilizaron?,neutral,thiet_bi_day_hoc
21280,Realmente disfruté esto (curso 1): ¡gracias!,positive,chuong_trinh_hoc
21791,"DR. Strang, olhando para seus testes de aprovação no MIT, eles me parecem muito desafiadores. Há muitas reviravoltas em seus testes. Espero que os alunos do MIT estejam aprendendo álgebra linear que fique com eles para sempre. Esses alunos são supostamente os mais brilhantes do mundo.",negative,ky_nang_giang_day
21791,"DR. Strang, olhando para seus testes de aprovação no MIT, eles me parecem muito desafiadores. Há muitas reviravoltas em seus testes. Espero que os alunos do MIT estejam aprendendo álgebra linear que fique com eles para sempre. Esses alunos são supostamente os mais brilhantes do mundo.",negative,noi_chung
21791,"DR. Strang, olhando para seus testes de aprovação no MIT, eles me parecem muito desafiadores. Há muitas reviravoltas em seus testes. Espero que os alunos do MIT estejam aprendendo álgebra linear que fique com eles para sempre. Esses alunos são supostamente os mais brilhantes do mundo.",neutral,noi_chung
21791,"DR. Strang, olhando para seus testes de aprovação no MIT, eles me parecem muito desafiadores. Há muitas reviravoltas em seus testes. Espero que os alunos do MIT estejam aprendendo álgebra linear que fique com eles para sempre. Esses alunos são supostamente os mais brilhantes do mundo.",neutral,kien_thuc
21792,"Isto vídeo é o que me mantém firme na vida, Deus abençoe o cálculo",positive,chuong_trinh_hoc
21793,Eu entendo como eles se sentiram quando ele disse expansão de Taylor.,neutral,kien_thuc
21794,Esse cara é um ótimo professor.,positive,ky_nang_giang_day
21795,Prof Leonard é muito melhor,positive,ky_nang_giang_day
21796,Espere! Como string ab pode ser aceito já que q3 não aceita estado/estado final? 14:,neutral,kien_thuc
21797,"Alguém tem a intuição sobre por que projeção e mínimos quadrados chegam à mesma solução? Minha única intuição é que noção de ""comprimento"" é meio que ""ao quadrado""",neutral,kien_thuc
21797,"Alguém tem a intuição sobre por que projeção e mínimos quadrados chegam à mesma solução? Minha única intuição é que noção de ""comprimento"" é meio que ""ao quadrado""",neutral,kien_thuc
21797,"Alguém tem a intuição sobre por que projeção e mínimos quadrados chegam à mesma solução? Minha única intuição é que noção de ""comprimento"" é meio que ""ao quadrado""",neutral,kien_thuc
21797,"Alguém tem a intuição sobre por que projeção e mínimos quadrados chegam à mesma solução? Minha única intuição é que noção de ""comprimento"" é meio que ""ao quadrado""",neutral,kien_thuc
21798,"Muito obrigado a professor Jerison, Joel Lewis, Christine Breiner, professor Miller e ao MIT por este excelente curso gratuito. Uma boa educação nunca foi tão acessível. Vamos para 18.02!",positive,ky_nang_giang_day
21798,"Muito obrigado a professor Jerison, Joel Lewis, Christine Breiner, professor Miller e ao MIT por este excelente curso gratuito. Uma boa educação nunca foi tão acessível. Vamos para 18.02!",positive,ky_nang_giang_day
21798,"Muito obrigado a professor Jerison, Joel Lewis, Christine Breiner, professor Miller e ao MIT por este excelente curso gratuito. Uma boa educação nunca foi tão acessível. Vamos para 18.02!",positive,ky_nang_giang_day
21798,"Muito obrigado a professor Jerison, Joel Lewis, Christine Breiner, professor Miller e ao MIT por este excelente curso gratuito. Uma boa educação nunca foi tão acessível. Vamos para 18.02!",positive,ky_nang_giang_day
21798,"Muito obrigado a professor Jerison, Joel Lewis, Christine Breiner, professor Miller e ao MIT por este excelente curso gratuito. Uma boa educação nunca foi tão acessível. Vamos para 18.02!",positive,noi_chung
21798,"Muito obrigado a professor Jerison, Joel Lewis, Christine Breiner, professor Miller e ao MIT por este excelente curso gratuito. Uma boa educação nunca foi tão acessível. Vamos para 18.02!",positive,chuong_trinh_hoc
21799,"Se isso foi durante o outono de 2007, por que foi publicado em 14 de abril de 2009?",neutral,chuong_trinh_hoc
21800,"@[USERNAME]hmmm, pulei a parte fácil partes vetoriais rs. Mas ela parece meio marrom-dourada, não a típica cor loira do Paris Hilton. Pode ser a iluminação que a deixou loira.",positive,noi_chung
21800,"@[USERNAME]hmmm, pulei a parte fácil partes vetoriais rs. Mas ela parece meio marrom-dourada, não a típica cor loira do Paris Hilton. Pode ser a iluminação que a deixou loira.",positive,ky_nang_giang_day
21802,"Pensando bem, quero agradecer ao meu professor de estatística. Deus me livre desse cara dar aulas na minha alma mater. Apenas mencionar desvio padrão sem nenhuma explicação -- não.",negative,ky_nang_giang_day
21802,"Pensando bem, quero agradecer ao meu professor de estatística. Deus me livre desse cara dar aulas na minha alma mater. Apenas mencionar desvio padrão sem nenhuma explicação -- não.",neutral,kien_thuc
21802,"Pensando bem, quero agradecer ao meu professor de estatística. Deus me livre desse cara dar aulas na minha alma mater. Apenas mencionar desvio padrão sem nenhuma explicação -- não.",neutral,noi_chung
21803,35:00 por que ele mata o basevector v2? é porque ele o transforma?,neutral,kien_thuc
21804,"Brilhante, melhor insight do que o original 18.06",negative,chuong_trinh_hoc
21804,"Brilhante, melhor insight do que o original 18.06",positive,chuong_trinh_hoc
21805,por que não usar um maior quadro negro?,negative,thiet_bi_day_hoc
21806,"para a cicloide, a prova foi dada em termos de ângulo, depois foi dito que em raio = 1 e velocidade = unidade, o ângulo pode ser substituído pelo tempo. Assim, o vetor r da cicloide foi obtido em termos de t. Também usando este r em termos de t, a velocidade foi calculada como sqrt(2-2cost). Minha pergunta é quando a relação em termos de t foi obtida usando velocidade = unidade, por que ela está chegando como sqrt(2-2cost)?",positive,kien_thuc
21806,"para a cicloide, a prova foi dada em termos de ângulo, depois foi dito que em raio = 1 e velocidade = unidade, o ângulo pode ser substituído pelo tempo. Assim, o vetor r da cicloide foi obtido em termos de t. Também usando este r em termos de t, a velocidade foi calculada como sqrt(2-2cost). Minha pergunta é quando a relação em termos de t foi obtida usando velocidade = unidade, por que ela está chegando como sqrt(2-2cost)?",negative,kien_thuc
21807,"Pensei que ficaria assistindo por 5 minutos, mas acabei ficando a aula toda aula...",neutral,chuong_trinh_hoc
21808,"A absoluta falta de rigor e a hesitação da lição tornam este vídeo um segmento de ciência popular em vez de uma lição de matemática. Um bom segmento de ciência popular, mas certamente espero que os alunos de Física e engenheiros do MIT sejam direcionados a fazer algo com um nível mais alto, significativamente. Os alunos de graduação em Física não precisam de rigor total, mas essa falta total dele não desenvolve o pensamento matemático.",negative,chuong_trinh_hoc
21809,Acabei de terminar 18.02. Obrigado Prof. Denis Auroux e MIT OCW!,positive,ky_nang_giang_day
21809,Acabei de terminar 18.02. Obrigado Prof. Denis Auroux e MIT OCW!,positive,noi_chung
21810,o salão precisa de mais quadros de giz,neutral,thiet_bi_day_hoc
21811,"Professor Strang, esta é uma palestra realmente útil que começa com tópicos clássicos em matemática. Programação Linear e Jogos de Duas Pessoas são tópicos amplos em matemática aplicada.",positive,ky_nang_giang_day
21811,"Professor Strang, esta é uma palestra realmente útil que começa com tópicos clássicos em matemática. Programação Linear e Jogos de Duas Pessoas são tópicos amplos em matemática aplicada.",positive,chuong_trinh_hoc
21812,"Depois de assistir a isso palestra, tudo o que posso dizer é o quão verdadeiramente surpreso estou. Que ótimo vídeo! Exceto pelo fato de que não consegui entender uma palavra que ele estava dizendo (atualmente cursando Matemática Tecnológica no HS). Quero dizer, a câmera estava no ponto, sua escrita foi legal, e os alunos foram bem educados. Excelente! MIT, vocês certamente não decepcionam :D",positive,chuong_trinh_hoc
21812,"Depois de assistir a isso palestra, tudo o que posso dizer é o quão verdadeiramente surpreso estou. Que ótimo vídeo! Exceto pelo fato de que não consegui entender uma palavra que ele estava dizendo (atualmente cursando Matemática Tecnológica no HS). Quero dizer, a câmera estava no ponto, sua escrita foi legal, e os alunos foram bem educados. Excelente! MIT, vocês certamente não decepcionam :D",neutral,noi_chung
21812,"Depois de assistir a isso palestra, tudo o que posso dizer é o quão verdadeiramente surpreso estou. Que ótimo vídeo! Exceto pelo fato de que não consegui entender uma palavra que ele estava dizendo (atualmente cursando Matemática Tecnológica no HS). Quero dizer, a câmera estava no ponto, sua escrita foi legal, e os alunos foram bem educados. Excelente! MIT, vocês certamente não decepcionam :D",positive,thiet_bi_day_hoc
21812,"Depois de assistir a isso palestra, tudo o que posso dizer é o quão verdadeiramente surpreso estou. Que ótimo vídeo! Exceto pelo fato de que não consegui entender uma palavra que ele estava dizendo (atualmente cursando Matemática Tecnológica no HS). Quero dizer, a câmera estava no ponto, sua escrita foi legal, e os alunos foram bem educados. Excelente! MIT, vocês certamente não decepcionam :D",positive,chuong_trinh_hoc
21812,"Depois de assistir a isso palestra, tudo o que posso dizer é o quão verdadeiramente surpreso estou. Que ótimo vídeo! Exceto pelo fato de que não consegui entender uma palavra que ele estava dizendo (atualmente cursando Matemática Tecnológica no HS). Quero dizer, a câmera estava no ponto, sua escrita foi legal, e os alunos foram bem educados. Excelente! MIT, vocês certamente não decepcionam :D",positive,noi_chung
21812,"Depois de assistir a isso palestra, tudo o que posso dizer é o quão verdadeiramente surpreso estou. Que ótimo vídeo! Exceto pelo fato de que não consegui entender uma palavra que ele estava dizendo (atualmente cursando Matemática Tecnológica no HS). Quero dizer, a câmera estava no ponto, sua escrita foi legal, e os alunos foram bem educados. Excelente! MIT, vocês certamente não decepcionam :D",positive,chuong_trinh_hoc
21813,introdução às transformações lineares e horrores de álgebra linear haha,negative,kien_thuc
21814,incrível vídeo para quadro negro asmr,positive,chuong_trinh_hoc
21815,Eu realmente gosto do pós-processamento do vídeo que aprimora todos aqueles caligrafia.,positive,chuong_trinh_hoc
21815,Eu realmente gosto do pós-processamento do vídeo que aprimora todos aqueles caligrafia.,positive,thiet_bi_day_hoc
21815,Eu realmente gosto do pós-processamento do vídeo que aprimora todos aqueles caligrafia.,positive,thiet_bi_day_hoc
21816,"Quando o professor Stang diz que A = uV^T, suspeito que u seja a coluna pivô e V^T seja a linha pivô. Estou certo? Mas, mesmo assim, a palestra é fantástica como sempre e estas são realmente um presente. Muito obrigado professor Strang e MIT.",positive,ky_nang_giang_day
21816,"Quando o professor Stang diz que A = uV^T, suspeito que u seja a coluna pivô e V^T seja a linha pivô. Estou certo? Mas, mesmo assim, a palestra é fantástica como sempre e estas são realmente um presente. Muito obrigado professor Strang e MIT.",positive,chuong_trinh_hoc
21817,"Pergunta 23:40 - então você tem H2 e para construir H4 você fez H2(H2) Para obter H8 você fez H2(H4) mas faça H4(H2) = H8 também? Porque eu estava pensando que se você colocasse H4(H4) você terminaria com 16 termos e isso deveria ser o mesmo que fazer H4(H2(H2)) já que, bem, H2(H2) = H4...",neutral,kien_thuc
21817,"Pergunta 23:40 - então você tem H2 e para construir H4 você fez H2(H2) Para obter H8 você fez H2(H4) mas faça H4(H2) = H8 também? Porque eu estava pensando que se você colocasse H4(H4) você terminaria com 16 termos e isso deveria ser o mesmo que fazer H4(H2(H2)) já que, bem, H2(H2) = H4...",neutral,kien_thuc
21817,"Pergunta 23:40 - então você tem H2 e para construir H4 você fez H2(H2) Para obter H8 você fez H2(H4) mas faça H4(H2) = H8 também? Porque eu estava pensando que se você colocasse H4(H4) você terminaria com 16 termos e isso deveria ser o mesmo que fazer H4(H2(H2)) já que, bem, H2(H2) = H4...",neutral,kien_thuc
21817,"Pergunta 23:40 - então você tem H2 e para construir H4 você fez H2(H2) Para obter H8 você fez H2(H4) mas faça H4(H2) = H8 também? Porque eu estava pensando que se você colocasse H4(H4) você terminaria com 16 termos e isso deveria ser o mesmo que fazer H4(H2(H2)) já que, bem, H2(H2) = H4...",neutral,kien_thuc
21817,"Pergunta 23:40 - então você tem H2 e para construir H4 você fez H2(H2) Para obter H8 você fez H2(H4) mas faça H4(H2) = H8 também? Porque eu estava pensando que se você colocasse H4(H4) você terminaria com 16 termos e isso deveria ser o mesmo que fazer H4(H2(H2)) já que, bem, H2(H2) = H4...",neutral,kien_thuc
21817,"Pergunta 23:40 - então você tem H2 e para construir H4 você fez H2(H2) Para obter H8 você fez H2(H4) mas faça H4(H2) = H8 também? Porque eu estava pensando que se você colocasse H4(H4) você terminaria com 16 termos e isso deveria ser o mesmo que fazer H4(H2(H2)) já que, bem, H2(H2) = H4...",neutral,kien_thuc
21817,"Pergunta 23:40 - então você tem H2 e para construir H4 você fez H2(H2) Para obter H8 você fez H2(H4) mas faça H4(H2) = H8 também? Porque eu estava pensando que se você colocasse H4(H4) você terminaria com 16 termos e isso deveria ser o mesmo que fazer H4(H2(H2)) já que, bem, H2(H2) = H4...",neutral,kien_thuc
21817,"Pergunta 23:40 - então você tem H2 e para construir H4 você fez H2(H2) Para obter H8 você fez H2(H4) mas faça H4(H2) = H8 também? Porque eu estava pensando que se você colocasse H4(H4) você terminaria com 16 termos e isso deveria ser o mesmo que fazer H4(H2(H2)) já que, bem, H2(H2) = H4...",neutral,kien_thuc
21817,"Pergunta 23:40 - então você tem H2 e para construir H4 você fez H2(H2) Para obter H8 você fez H2(H4) mas faça H4(H2) = H8 também? Porque eu estava pensando que se você colocasse H4(H4) você terminaria com 16 termos e isso deveria ser o mesmo que fazer H4(H2(H2)) já que, bem, H2(H2) = H4...",neutral,kien_thuc
21818,Ele é um homem tão doce e um professor genial ao mesmo tempo,positive,ky_nang_giang_day
21819,A maneira como ele revelou a função de verossimilhança em sua forma usual a partir dessa série de passos é super alucinante. Gostaria que meu professor me mostrasse como ela vem da TV para o KL e depois para aquilo.,neutral,kien_thuc
21819,A maneira como ele revelou a função de verossimilhança em sua forma usual a partir dessa série de passos é super alucinante. Gostaria que meu professor me mostrasse como ela vem da TV para o KL e depois para aquilo.,positive,ky_nang_giang_day
21820,"Nunca vi alguém com tanta lógica, compreensibilidade e clareza no ensino álgebra linear, um verdadeiro GÊNIO dos nossos tempos!",positive,ky_nang_giang_day
21820,"Nunca vi alguém com tanta lógica, compreensibilidade e clareza no ensino álgebra linear, um verdadeiro GÊNIO dos nossos tempos!",positive,chuong_trinh_hoc
21821,É uma alegria pura assistir a estas palestras. Muito obrigado a Prof. Gilbert Strang e MIT OCW.,positive,chuong_trinh_hoc
21821,É uma alegria pura assistir a estas palestras. Muito obrigado a Prof. Gilbert Strang e MIT OCW.,positive,ky_nang_giang_day
21821,É uma alegria pura assistir a estas palestras. Muito obrigado a Prof. Gilbert Strang e MIT OCW.,positive,noi_chung
21822,Esta é uma das mais belas palestras sobre eliminação gaussiana.,positive,chuong_trinh_hoc
21823,Gostaria que ele tivesse abordado teste de hipóteses de estimativas de parâmetros!,neutral,ky_nang_giang_day
21823,Gostaria que ele tivesse abordado teste de hipóteses de estimativas de parâmetros!,neutral,kien_thuc
21825,Ele é muito bom...obrigado por postar isso,positive,ky_nang_giang_day
21825,Ele é muito bom...obrigado por postar isso,positive,thiet_bi_day_hoc
21826,"Muito obrigado, você é um bom homem por nos dar isso barnch em matemática",positive,ky_nang_giang_day
21826,"Muito obrigado, você é um bom homem por nos dar isso barnch em matemática",positive,kien_thuc
21827,Posso sentir professor Jerison ficando cada vez mais irritado com aquele garoto com todas essas perguntas.,neutral,ky_nang_giang_day
21828,Isso é tão injusto que ele diz por volta das 10:40 que eles pegam todas as fórmulas no exame!! WTF temos que memorizar TODAS as fórmulas estúpidas,neutral,kien_thuc
21829,"amei a série, dá para perceber que ele é apaixonado pelo que ensina, obrigado professor. Também agradeço ao MIT por enviar este conteúdo",positive,chuong_trinh_hoc
21829,"amei a série, dá para perceber que ele é apaixonado pelo que ensina, obrigado professor. Também agradeço ao MIT por enviar este conteúdo",positive,ky_nang_giang_day
21830,"verdade o que ""1966avc"" disse, você nos ajudou e me ajudou muito. Obrigado por sua contribuição para a educação",positive,ky_nang_giang_day
21831,Acho que ele não explicou uma parte importante: por que imagem de linha e imagem de coluna são equivalentes? Como em como ambos produzem o vetor b?,neutral,kien_thuc
21831,Acho que ele não explicou uma parte importante: por que imagem de linha e imagem de coluna são equivalentes? Como em como ambos produzem o vetor b?,neutral,kien_thuc
21831,Acho que ele não explicou uma parte importante: por que imagem de linha e imagem de coluna são equivalentes? Como em como ambos produzem o vetor b?,neutral,kien_thuc
21832,Espero que o Professor Strang possa explicar a decomposição de classificação para cálculo do pseudo-inverso. Maldito limite de tempo.,neutral,kien_thuc
21832,Espero que o Professor Strang possa explicar a decomposição de classificação para cálculo do pseudo-inverso. Maldito limite de tempo.,neutral,kien_thuc
21833,"Esta palestra é definitivamente um efeito positivo na minha compreensão da matriz, e esta palestra desempenha um papel fundamental em toda a série. Obrigado prof. Strang. Ninguém explicou esses conceitos tão clara e coerentemente -- um mundo totalmente novo está à minha frente. Isto é imperdível. Uma herança humana genuína.",positive,chuong_trinh_hoc
21833,"Esta palestra é definitivamente um efeito positivo na minha compreensão da matriz, e esta palestra desempenha um papel fundamental em toda a série. Obrigado prof. Strang. Ninguém explicou esses conceitos tão clara e coerentemente -- um mundo totalmente novo está à minha frente. Isto é imperdível. Uma herança humana genuína.",positive,noi_chung
21833,"Esta palestra é definitivamente um efeito positivo na minha compreensão da matriz, e esta palestra desempenha um papel fundamental em toda a série. Obrigado prof. Strang. Ninguém explicou esses conceitos tão clara e coerentemente -- um mundo totalmente novo está à minha frente. Isto é imperdível. Uma herança humana genuína.",positive,chuong_trinh_hoc
21833,"Esta palestra é definitivamente um efeito positivo na minha compreensão da matriz, e esta palestra desempenha um papel fundamental em toda a série. Obrigado prof. Strang. Ninguém explicou esses conceitos tão clara e coerentemente -- um mundo totalmente novo está à minha frente. Isto é imperdível. Uma herança humana genuína.",positive,ky_nang_giang_day
21833,"Esta palestra é definitivamente um efeito positivo na minha compreensão da matriz, e esta palestra desempenha um papel fundamental em toda a série. Obrigado prof. Strang. Ninguém explicou esses conceitos tão clara e coerentemente -- um mundo totalmente novo está à minha frente. Isto é imperdível. Uma herança humana genuína.",positive,kien_thuc
21834,"DR. Strang Obrigado por uma poderosa palestra sobre a Pesquisa de Dificuldades com Ax=b. Em sistemas lineares esta equação é exibida em muitos livros técnicos, com pouco ou nenhum pensamento sobre suas dificuldades. Ao assistir a esta palestra, as dificuldades desta equação são explicadas em grande detalhe.",positive,ky_nang_giang_day
21834,"DR. Strang Obrigado por uma poderosa palestra sobre a Pesquisa de Dificuldades com Ax=b. Em sistemas lineares esta equação é exibida em muitos livros técnicos, com pouco ou nenhum pensamento sobre suas dificuldades. Ao assistir a esta palestra, as dificuldades desta equação são explicadas em grande detalhe.",positive,chuong_trinh_hoc
21834,"DR. Strang Obrigado por uma poderosa palestra sobre a Pesquisa de Dificuldades com Ax=b. Em sistemas lineares esta equação é exibida em muitos livros técnicos, com pouco ou nenhum pensamento sobre suas dificuldades. Ao assistir a esta palestra, as dificuldades desta equação são explicadas em grande detalhe.",positive,kien_thuc
21834,"DR. Strang Obrigado por uma poderosa palestra sobre a Pesquisa de Dificuldades com Ax=b. Em sistemas lineares esta equação é exibida em muitos livros técnicos, com pouco ou nenhum pensamento sobre suas dificuldades. Ao assistir a esta palestra, as dificuldades desta equação são explicadas em grande detalhe.",positive,kien_thuc
21834,"DR. Strang Obrigado por uma poderosa palestra sobre a Pesquisa de Dificuldades com Ax=b. Em sistemas lineares esta equação é exibida em muitos livros técnicos, com pouco ou nenhum pensamento sobre suas dificuldades. Ao assistir a esta palestra, as dificuldades desta equação são explicadas em grande detalhe.",positive,kien_thuc
21835,"Y=x^2 NÃO!. Metros não é igual a metros quadrados. Tente Y=kx^2 onde k é um fator de conversão de unidade, ou seja, 1/(1 metro). Em cm, o k seria 1/(100 cm) Certifique-se de que sua equação esteja dimensionalmente correta ANTES de trabalhar com ela. A constante k também aparece na resposta, fazendo com que o volume esteja em metros cúbicos (ou cm cúbicos) como o volume deveria estar. Esta aula foi uma bagunça e deveria ser refeita!",negative,chuong_trinh_hoc
21836,"Bem, eles querem ter certeza de que todos saibam o básico disso. Nem todo mundo vai para a escola nos EUA ou na Grã-Bretanha. Por exemplo, minha escola na Croácia nem mencionou matrizes, média, mediana e moda, que são as coisas básicas no sistema escolar dos EUA.",neutral,kien_thuc
21836,"Bem, eles querem ter certeza de que todos saibam o básico disso. Nem todo mundo vai para a escola nos EUA ou na Grã-Bretanha. Por exemplo, minha escola na Croácia nem mencionou matrizes, média, mediana e moda, que são as coisas básicas no sistema escolar dos EUA.",neutral,kien_thuc
21836,"Bem, eles querem ter certeza de que todos saibam o básico disso. Nem todo mundo vai para a escola nos EUA ou na Grã-Bretanha. Por exemplo, minha escola na Croácia nem mencionou matrizes, média, mediana e moda, que são as coisas básicas no sistema escolar dos EUA.",neutral,kien_thuc
21836,"Bem, eles querem ter certeza de que todos saibam o básico disso. Nem todo mundo vai para a escola nos EUA ou na Grã-Bretanha. Por exemplo, minha escola na Croácia nem mencionou matrizes, média, mediana e moda, que são as coisas básicas no sistema escolar dos EUA.",neutral,kien_thuc
21836,"Bem, eles querem ter certeza de que todos saibam o básico disso. Nem todo mundo vai para a escola nos EUA ou na Grã-Bretanha. Por exemplo, minha escola na Croácia nem mencionou matrizes, média, mediana e moda, que são as coisas básicas no sistema escolar dos EUA.",neutral,kien_thuc
21837,"31:34 ... ""problemas com essa visualização""? ... é claro que ele está tentando visualizar a continuidade... hmmm ... isso vai levar mais do que uma palestra...",neutral,ky_nang_giang_day
21838,"Devo dizer que fiquei muito decepcionado com esta série palestra até agora. Já estou familiarizado com cálculo de variável única. No entanto, estou assistindo a esta série para revisar para algumas aulas futuras (coisas como cálculo multivariável e análise real). No entanto, aqui estão algumas coisas que notei. Se este instrutor tivesse passado mais tempo nos conceitos mais rigorosos de limites e teorema do aperto, ele não teria que passar tanto tempo tentando justificar as provas dos dois principais limites desta palestra. Além disso, seus alunos estariam mais bem preparados para a matemática do futuro. Do jeito que está, esses alunos estão realmente perdidos quando se trata de seu futuro. Eu realmente espero que os instrutores aprendam com isso. Passe mais tempo nas coisas que você precisa para justificar rigorosamente sua afirmação: os fundamentos. Se as ideias forem encobertas, todos perdem. Os alunos não entendem por que algo é verdadeiro e, portanto, se convencem de que o que o professor está fazendo é algum tipo de bruxaria que não faz sentido. Por favor, se você é um instrutor e está lendo isso, trabalhe nos fundamentos!",negative,chuong_trinh_hoc
21838,"Devo dizer que fiquei muito decepcionado com esta série palestra até agora. Já estou familiarizado com cálculo de variável única. No entanto, estou assistindo a esta série para revisar para algumas aulas futuras (coisas como cálculo multivariável e análise real). No entanto, aqui estão algumas coisas que notei. Se este instrutor tivesse passado mais tempo nos conceitos mais rigorosos de limites e teorema do aperto, ele não teria que passar tanto tempo tentando justificar as provas dos dois principais limites desta palestra. Além disso, seus alunos estariam mais bem preparados para a matemática do futuro. Do jeito que está, esses alunos estão realmente perdidos quando se trata de seu futuro. Eu realmente espero que os instrutores aprendam com isso. Passe mais tempo nas coisas que você precisa para justificar rigorosamente sua afirmação: os fundamentos. Se as ideias forem encobertas, todos perdem. Os alunos não entendem por que algo é verdadeiro e, portanto, se convencem de que o que o professor está fazendo é algum tipo de bruxaria que não faz sentido. Por favor, se você é um instrutor e está lendo isso, trabalhe nos fundamentos!",negative,ky_nang_giang_day
21840,Acho que terei que ler o livro,neutral,thiet_bi_day_hoc
21841,"Em 49:30, alguém pode me explicar como na matriz -b e -k surgiram? Eu tentei muito, mas não consegui entender, ou estou esquecendo de algum pré-requisito aqui?",neutral,kien_thuc
21841,"Em 49:30, alguém pode me explicar como na matriz -b e -k surgiram? Eu tentei muito, mas não consegui entender, ou estou esquecendo de algum pré-requisito aqui?",neutral,kien_thuc
21842,"Como você prova a linearidade de linha única de um determinante, quero dizer, como em matriz A + matriz B somamos TODAS as linhas, mas em det(A + det(B)) não?",neutral,kien_thuc
21842,"Como você prova a linearidade de linha única de um determinante, quero dizer, como em matriz A + matriz B somamos TODAS as linhas, mas em det(A + det(B)) não?",neutral,kien_thuc
21842,"Como você prova a linearidade de linha única de um determinante, quero dizer, como em matriz A + matriz B somamos TODAS as linhas, mas em det(A + det(B)) não?",neutral,kien_thuc
21842,"Como você prova a linearidade de linha única de um determinante, quero dizer, como em matriz A + matriz B somamos TODAS as linhas, mas em det(A + det(B)) não?",neutral,kien_thuc
21843,Que tipo de giz está sendo usado? E qual é o diâmetro do bastão?,neutral,thiet_bi_day_hoc
21843,Que tipo de giz está sendo usado? E qual é o diâmetro do bastão?,neutral,thiet_bi_day_hoc
21844,Isso palestra fez muito sentido. Meu atual professor não faz um bom trabalho em mantê-lo interessante. Ótimo palestra!,positive,chuong_trinh_hoc
21844,Isso palestra fez muito sentido. Meu atual professor não faz um bom trabalho em mantê-lo interessante. Ótimo palestra!,negative,ky_nang_giang_day
21845,gilbert strang senhor é o melhor professor de matemática do mundo,positive,ky_nang_giang_day
21846,"Amor professor Casey. Podemos ter aulas de álgebra linear, álgebra matricial, análise complexa também?",positive,ky_nang_giang_day
21846,"Amor professor Casey. Podemos ter aulas de álgebra linear, álgebra matricial, análise complexa também?",neutral,chuong_trinh_hoc
21847,Gram-Schmidt a parte da palestra começa em 26:07 para qualquer pessoa interessada apenas nisso,neutral,kien_thuc
21848,"Eu realmente gosto do Vídeo Das integrais de sua linha no espaço, ondulação, exatidão e potenciais",positive,chuong_trinh_hoc
21849,"Para um estudante como eu, com formação em engenharia, essas palestras são simplesmente bênçãos.",positive,ky_nang_giang_day
21850,"Gosto de como ele chama vetores ou colunas ""esse cara"" e ""aquele cara""",positive,ky_nang_giang_day
21850,"Gosto de como ele chama vetores ou colunas ""esse cara"" e ""aquele cara""",positive,kien_thuc
21850,"Gosto de como ele chama vetores ou colunas ""esse cara"" e ""aquele cara""",positive,kien_thuc
21851,Concluí este curso. Um ótimo recurso para qualquer um que queira obter uma melhor compreensão de probabilidade e estatística. Professor Tsitsiklis é um ótimo palestrante e agradeço a ele e ao MIT por darem vida a uma série dessas.,positive,ky_nang_giang_day
21851,Concluí este curso. Um ótimo recurso para qualquer um que queira obter uma melhor compreensão de probabilidade e estatística. Professor Tsitsiklis é um ótimo palestrante e agradeço a ele e ao MIT por darem vida a uma série dessas.,positive,chuong_trinh_hoc
21852,Que brilhante professor. Isso foi tão útil,positive,ky_nang_giang_day
21853,Alguém pode explicar por que AV1 = sigma1 U1,neutral,kien_thuc
21854,qual é o melhor livro ou recurso para aprender toda a matemática por trás de descida do gradiente estocástico?,neutral,noi_chung
21854,qual é o melhor livro ou recurso para aprender toda a matemática por trás de descida do gradiente estocástico?,neutral,noi_chung
21854,qual é o melhor livro ou recurso para aprender toda a matemática por trás de descida do gradiente estocástico?,neutral,kien_thuc
21854,qual é o melhor livro ou recurso para aprender toda a matemática por trás de descida do gradiente estocástico?,neutral,kien_thuc
21855,"Esses vídeos são úteis, mas não consegue assistir à aula 16?",positive,chuong_trinh_hoc
21856,Incrivelmente fascinante! Provavelmente o melhor claro que já vi neste canal.,positive,chuong_trinh_hoc
21857,"no tempo 1:12:36, o instrutor declarou que a expectativa era P. O que P representa aqui? No caso do modelo estatístico, P representa a Família de Distribuições......",neutral,kien_thuc
21858,Estou muito feliz imaginando por que as pessoas continuam felizes com o vídeo - Formas indeterminadas - Regra de L'Hospital,positive,chuong_trinh_hoc
21859,"Dr. Strang é precioso, proteja-o a todo custo.",positive,ky_nang_giang_day
21860,"Acabei de concluir seu 18.01 curso e agora estou começando Cálculo Multivariável. Isso é tão claro e bem ensinado quanto o anterior curso. Acho que entramos em uma nova era de ensino superior, onde instituições como MIT assumem a liderança para postar cursos inteiros online gratuitamente para todos que desejam aprender. Estou ansioso para ver mais cursos avançados em Matemática, Física e, de fato, todas as outras disciplinas carregadas no futuro. Do fundo do meu coração, obrigado MIT.",positive,chuong_trinh_hoc
21860,"Acabei de concluir seu 18.01 curso e agora estou começando Cálculo Multivariável. Isso é tão claro e bem ensinado quanto o anterior curso. Acho que entramos em uma nova era de ensino superior, onde instituições como MIT assumem a liderança para postar cursos inteiros online gratuitamente para todos que desejam aprender. Estou ansioso para ver mais cursos avançados em Matemática, Física e, de fato, todas as outras disciplinas carregadas no futuro. Do fundo do meu coração, obrigado MIT.",neutral,chuong_trinh_hoc
21860,"Acabei de concluir seu 18.01 curso e agora estou começando Cálculo Multivariável. Isso é tão claro e bem ensinado quanto o anterior curso. Acho que entramos em uma nova era de ensino superior, onde instituições como MIT assumem a liderança para postar cursos inteiros online gratuitamente para todos que desejam aprender. Estou ansioso para ver mais cursos avançados em Matemática, Física e, de fato, todas as outras disciplinas carregadas no futuro. Do fundo do meu coração, obrigado MIT.",positive,noi_chung
21861,isso quadro negro é tão limpo...,positive,thiet_bi_day_hoc
21862,Essa foi uma palestra muito boa. Estava cheia de insights. Adorei como tudo está se encaixando.,positive,chuong_trinh_hoc
21863,Eu realmente gosto de Matrizes positivas definidas de vídeo e Mínimos do seu,positive,kien_thuc
21863,Eu realmente gosto de Matrizes positivas definidas de vídeo e Mínimos do seu,positive,kien_thuc
21864,"Quem imaginaria, quando esse cara explica, quase parece fácil! Você, querido NULL, é um mestre no que faz...",positive,noi_chung
21864,"Quem imaginaria, quando esse cara explica, quase parece fácil! Você, querido NULL, é um mestre no que faz...",positive,ky_nang_giang_day
21865,"Sério MIT, giz e um quadro negro?......É MIT!!! Eles já deveriam ter um software de reconhecimento de voz que pudesse gravar o comando do professor em uma tela...",negative,thiet_bi_day_hoc
21865,"Sério MIT, giz e um quadro negro?......É MIT!!! Eles já deveriam ter um software de reconhecimento de voz que pudesse gravar o comando do professor em uma tela...",negative,thiet_bi_day_hoc
21865,"Sério MIT, giz e um quadro negro?......É MIT!!! Eles já deveriam ter um software de reconhecimento de voz que pudesse gravar o comando do professor em uma tela...",negative,thiet_bi_day_hoc
21866,"Por volta de 33:00, para o lado direito de 'B', como obtivemos A'b/A'A * A? Na lição anterior, obtivemos 'p' como aa'/a'a * b. Como o aa' *b no numerador foi trocado para A'b/A'A * A?",neutral,kien_thuc
21866,"Por volta de 33:00, para o lado direito de 'B', como obtivemos A'b/A'A * A? Na lição anterior, obtivemos 'p' como aa'/a'a * b. Como o aa' *b no numerador foi trocado para A'b/A'A * A?",neutral,kien_thuc
21866,"Por volta de 33:00, para o lado direito de 'B', como obtivemos A'b/A'A * A? Na lição anterior, obtivemos 'p' como aa'/a'a * b. Como o aa' *b no numerador foi trocado para A'b/A'A * A?",neutral,kien_thuc
21866,"Por volta de 33:00, para o lado direito de 'B', como obtivemos A'b/A'A * A? Na lição anterior, obtivemos 'p' como aa'/a'a * b. Como o aa' *b no numerador foi trocado para A'b/A'A * A?",neutral,kien_thuc
21866,"Por volta de 33:00, para o lado direito de 'B', como obtivemos A'b/A'A * A? Na lição anterior, obtivemos 'p' como aa'/a'a * b. Como o aa' *b no numerador foi trocado para A'b/A'A * A?",neutral,kien_thuc
21866,"Por volta de 33:00, para o lado direito de 'B', como obtivemos A'b/A'A * A? Na lição anterior, obtivemos 'p' como aa'/a'a * b. Como o aa' *b no numerador foi trocado para A'b/A'A * A?",neutral,kien_thuc
21867,"Este é apenas um curso introdutório para garantir que todos tenham exatamente a mesma base para cursos mais difíceis mais tarde. Tenha em mente que isso também é conhecido como Cálculo I e cada universidade, da menor à maior, ensina os mesmos fundamentos que todos os outros.",neutral,noi_chung
21867,"Este é apenas um curso introdutório para garantir que todos tenham exatamente a mesma base para cursos mais difíceis mais tarde. Tenha em mente que isso também é conhecido como Cálculo I e cada universidade, da menor à maior, ensina os mesmos fundamentos que todos os outros.",neutral,chuong_trinh_hoc
21868,Adorei a caligrafia da professora!,positive,thiet_bi_day_hoc
21869,"@ 24:30 por que a operação de linha é capaz de preservar a linha espaço e não a coluna espaço? como o Prof Strang mencionou que 111 não pode mais ser encontrado em C(R), então a coluna espaço não é preservada. No entanto, não vejo nenhuma linha em A sendo encontrada em R também? Para colocar minha pergunta de forma simples, como sei se certo espaço é preservado após certa operação?",neutral,kien_thuc
21870,Gostaria que tivéssemos professores como ele na Índia.,positive,ky_nang_giang_day
21871,"Autovalor lam=1,0 leva a um termo exp(lam t = exp(t)) cresce fora do limite. Ou estou perdendo o ponto? Na última aula lam= 0 tornou-se o valor de estado estável.",neutral,kien_thuc
21871,"Autovalor lam=1,0 leva a um termo exp(lam t = exp(t)) cresce fora do limite. Ou estou perdendo o ponto? Na última aula lam= 0 tornou-se o valor de estado estável.",neutral,kien_thuc
21871,"Autovalor lam=1,0 leva a um termo exp(lam t = exp(t)) cresce fora do limite. Ou estou perdendo o ponto? Na última aula lam= 0 tornou-se o valor de estado estável.",neutral,kien_thuc
21872,"Como é que a sua prova para o produto escalar não é lógica circular? Se você acredita na lei dos cossenos... então essa é uma prova para o produto escalar. Se você acredita no produto escalar, então essa é prova para a lei do cosseno. WTF?",negative,kien_thuc
21873,"Depois de tantos anos usando álgebra linear, até hoje eu finalmente entendi o significado de multiplicação de matrizes. matriz*vetor é a combinação linear das colunas da matriz, e vetor*matriz é a combinação linear da linha da matriz. Então, desse ponto de vista, o significado de matriz de permutação se torna tão óbvio. Obrigado Prof. Strang.",positive,ky_nang_giang_day
21873,"Depois de tantos anos usando álgebra linear, até hoje eu finalmente entendi o significado de multiplicação de matrizes. matriz*vetor é a combinação linear das colunas da matriz, e vetor*matriz é a combinação linear da linha da matriz. Então, desse ponto de vista, o significado de matriz de permutação se torna tão óbvio. Obrigado Prof. Strang.",positive,kien_thuc
21873,"Depois de tantos anos usando álgebra linear, até hoje eu finalmente entendi o significado de multiplicação de matrizes. matriz*vetor é a combinação linear das colunas da matriz, e vetor*matriz é a combinação linear da linha da matriz. Então, desse ponto de vista, o significado de matriz de permutação se torna tão óbvio. Obrigado Prof. Strang.",positive,kien_thuc
21874,"Uau... e essa é a educação de alto nível perfil, de 'primeiro mundo'??? ... nossa... eu aprendi essas coisas dois anos antes de terminar o ensino médio!!, obviamente presume-se que seja conhecido para entrar na universidade! Bem... acho que vou para a Universidade Estadual Lomonov de Moscou... acho que é por isso que a URSS foi a primeira a ir ao espaço xD... e o que há com a exposição?!? além de se o cara usa ou não PowerPoint... é como ler um livro didático colorido de baixa qualidade !!!",negative,noi_chung
21874,"Uau... e essa é a educação de alto nível perfil, de 'primeiro mundo'??? ... nossa... eu aprendi essas coisas dois anos antes de terminar o ensino médio!!, obviamente presume-se que seja conhecido para entrar na universidade! Bem... acho que vou para a Universidade Estadual Lomonov de Moscou... acho que é por isso que a URSS foi a primeira a ir ao espaço xD... e o que há com a exposição?!? além de se o cara usa ou não PowerPoint... é como ler um livro didático colorido de baixa qualidade !!!",negative,thiet_bi_day_hoc
21875,"Gostei muito dessas palestras, muito mais fáceis de entender do que meus professores na faculdade. Obrigado Professor Strang!",positive,chuong_trinh_hoc
21875,"Gostei muito dessas palestras, muito mais fáceis de entender do que meus professores na faculdade. Obrigado Professor Strang!",positive,ky_nang_giang_day
21876,Obrigado Senhor. Não consegui entender bem a grande diferença entre distribuições posteriores e anteriores.,neutral,ky_nang_giang_day
21876,Obrigado Senhor. Não consegui entender bem a grande diferença entre distribuições posteriores e anteriores.,negative,kien_thuc
21877,Algumas das perguntas feitas foram muito ingênuas.,negative,kien_thuc
21878,isso é muito fácil para um estudante universitário,neutral,chuong_trinh_hoc
21879,Achei mais interessante e economizei tempo assistindo a essas palestras em velocidade 2x.,positive,chuong_trinh_hoc
21880,Esse cara é ótimo : ) obrigado NULL,positive,ky_nang_giang_day
21880,Esse cara é ótimo : ) obrigado NULL,positive,noi_chung
21881,"Eu só errei na parte ímpar ímpar, ímpar par, tanto faz, o resto é maravilhoso. Obrigado a Prof. Strang da Índia.",positive,ky_nang_giang_day
21882,Adoro que ele use transparências.,positive,thiet_bi_day_hoc
21883,Excelente professor. Os pequenos toques como reforçar conceitos importantes enquanto ele passa para novos que os utilizam são muito úteis.,positive,ky_nang_giang_day
21884,Estou tão feliz em ver Professor Strang ainda ensinando lindamente. Ainda mais feliz que ele já mencionou Julia na palestra 1. Obrigado MIT por fornecer material tão atualizado.,positive,ky_nang_giang_day
21886,agora me sinto melhor por não ter dominado expansões de Taylor...,neutral,kien_thuc
21888,como poderia v = [v1 v2 v3 v4]' dimensão ser igual a 3?? em 31:00,neutral,kien_thuc
21888,como poderia v = [v1 v2 v3 v4]' dimensão ser igual a 3?? em 31:00,neutral,kien_thuc
21889,Alguém pode me dizer como devo baixar vídeo????,neutral,chuong_trinh_hoc
21890,a caligrafia de auroux é tão quente,positive,thiet_bi_day_hoc
21891,"36:50 Não é p e lp, é p(polinomial) e np(não polinomial). Acho que ele falou errado sobre isso.",negative,ky_nang_giang_day
21892,"Apor volta das 21:00,.No caso geral de R^n, você não pode formar um determinante de A e B a menos que n=2. Hmmm",neutral,kien_thuc
21892,"Apor volta das 21:00,.No caso geral de R^n, você não pode formar um determinante de A e B a menos que n=2. Hmmm",neutral,kien_thuc
21892,"Apor volta das 21:00,.No caso geral de R^n, você não pode formar um determinante de A e B a menos que n=2. Hmmm",neutral,kien_thuc
21892,"Apor volta das 21:00,.No caso geral de R^n, você não pode formar um determinante de A e B a menos que n=2. Hmmm",neutral,kien_thuc
21892,"Apor volta das 21:00,.No caso geral de R^n, você não pode formar um determinante de A e B a menos que n=2. Hmmm",neutral,kien_thuc
21893,"@[USERNAME]Eu quero muito escrever naquele quadro negro só para apagar usando aquela incrível ""borracha"" (estou certo chamando isso de ""borracha""? Meu inglês é bem ruim). Eu nunca vi essas coisas TÃO grandes. Vou comprar uma delas para minhas próprias aulas.",positive,thiet_bi_day_hoc
21894,kkk aqueles aplausos altos o assustaram um pouco,neutral,ky_nang_giang_day
21895,"Matemática - é assim que se faz. Ah, e eu ri muito às 22:48 quando aplaudiram para ele.",positive,kien_thuc
21897,Obrigado Sr. Strang. Você é um excelente prof. Obrigado MIT também,positive,ky_nang_giang_day
21897,Obrigado Sr. Strang. Você é um excelente prof. Obrigado MIT também,positive,ky_nang_giang_day
21897,Obrigado Sr. Strang. Você é um excelente prof. Obrigado MIT também,positive,noi_chung
21898,Ele ensina com rigor e ainda consegue fazer parecer fácil!,positive,ky_nang_giang_day
21898,Ele ensina com rigor e ainda consegue fazer parecer fácil!,positive,chuong_trinh_hoc
21899,Intuitivo Ideias são realmente úteis para entender o conceito. Quão simplesmente ele explicou isso.,positive,ky_nang_giang_day
21899,Intuitivo Ideias são realmente úteis para entender o conceito. Quão simplesmente ele explicou isso.,positive,noi_chung
21900,"Não tenho dúvidas sobre seu conhecimento, mas ele parece menos interessado em ensinar.",negative,ky_nang_giang_day
21901,"Ao discutir 4ª maneira de multiplicação de matrizes, dá dicas sutis para que você perceba que a multiplicação de matrizes é, na verdade, sobre o produto interno dos vetores coluna das 2 matrizes (a^T×b). Que lenda absoluta.",positive,kien_thuc
21902,"no bolso da camisa dele, parece um cara gritando!!! Depois que você vê, não consegue deixar de ver",neutral,ky_nang_giang_day
21904,"Obrigado a MIT por explicar isso. Posso pensar em uma explicação para a origem dessa frase. Veja, o verão é ""enganado"" a pensar que vai durar. Mas, infelizmente! O inverno inevitavelmente chega e os poucos dias de seu reinado quente acabam. E assim como esse curto período de verão, os índios também foram enganados por seus conquistadores. Daí o termo ""verão indiano"". E obrigado MIT por esses maravilhosos vídeos. Continue com o ótimo trabalho!! Ótimo professores ensinando de uma ótima maneira!",positive,noi_chung
21904,"Obrigado a MIT por explicar isso. Posso pensar em uma explicação para a origem dessa frase. Veja, o verão é ""enganado"" a pensar que vai durar. Mas, infelizmente! O inverno inevitavelmente chega e os poucos dias de seu reinado quente acabam. E assim como esse curto período de verão, os índios também foram enganados por seus conquistadores. Daí o termo ""verão indiano"". E obrigado MIT por esses maravilhosos vídeos. Continue com o ótimo trabalho!! Ótimo professores ensinando de uma ótima maneira!",positive,ky_nang_giang_day
21904,"Obrigado a MIT por explicar isso. Posso pensar em uma explicação para a origem dessa frase. Veja, o verão é ""enganado"" a pensar que vai durar. Mas, infelizmente! O inverno inevitavelmente chega e os poucos dias de seu reinado quente acabam. E assim como esse curto período de verão, os índios também foram enganados por seus conquistadores. Daí o termo ""verão indiano"". E obrigado MIT por esses maravilhosos vídeos. Continue com o ótimo trabalho!! Ótimo professores ensinando de uma ótima maneira!",positive,chuong_trinh_hoc
21905,"Muito útil, toda essa palestra é como uma bela obra de arte.",positive,chuong_trinh_hoc
21906,Comecei a amar física depois de ver sua palestra,positive,chuong_trinh_hoc
21907,16:16 Se delw é zero porque w) é constante em uma curva na mesma superfície plana... então delw) . qualquer outro vetor w) seria zero seja tangente ou não... porque del w) sempre será zero na superfície plana... não é?,neutral,chuong_trinh_hoc
21907,16:16 Se delw é zero porque w) é constante em uma curva na mesma superfície plana... então delw) . qualquer outro vetor w) seria zero seja tangente ou não... porque del w) sempre será zero na superfície plana... não é?,neutral,chuong_trinh_hoc
21907,16:16 Se delw é zero porque w) é constante em uma curva na mesma superfície plana... então delw) . qualquer outro vetor w) seria zero seja tangente ou não... porque del w) sempre será zero na superfície plana... não é?,neutral,chuong_trinh_hoc
21908,Alguém pode me dizer qual era o propósito de dar '0' e '1' para variáveis livres em ordem? Obrigado!,neutral,kien_thuc
21909,"Espero ir para a UTK, obrigado professor Strang",positive,ky_nang_giang_day
21910,"Gilbert Strang e Dennis Auroux são os melhores professores com quem aprendi e eu nem sequer fui pessoalmente às aulas deles, nunca! Muito obrigado MIT por desenvolver em mim o gosto pela matemática.",positive,ky_nang_giang_day
21910,"Gilbert Strang e Dennis Auroux são os melhores professores com quem aprendi e eu nem sequer fui pessoalmente às aulas deles, nunca! Muito obrigado MIT por desenvolver em mim o gosto pela matemática.",positive,ky_nang_giang_day
21910,"Gilbert Strang e Dennis Auroux são os melhores professores com quem aprendi e eu nem sequer fui pessoalmente às aulas deles, nunca! Muito obrigado MIT por desenvolver em mim o gosto pela matemática.",positive,noi_chung
21911,"Acho que é a primeira vez que sigo um curso em que o professor leva 5 minutos em cada aula para revisar e exemplificar brevemente o que foi feito da última vez. Esse material é bem fácil, pois já vi no 6.042 para mim, mas acrescenta um nível de clareza que é simplesmente incrível! Se algum professor vir este comentário: o que esse cara faz é uma ÓTIMA ideia, pegue emprestado! Sempre podemos poupar 5 minutos em um curso de 1 hora.",positive,ky_nang_giang_day
21912,"quero dizer, por que dar os valores das variáveis livres (1) e não deixá-los ser e (2) resolver as equações, para a transposição você obteria apenas x1=-x3 x2=-x3 e x3 como variável livre, acho que estou perdendo o ponto com a identidade e trocando o -F, mas realmente não entendo por que você quer fazer isso...",neutral,kien_thuc
21912,"quero dizer, por que dar os valores das variáveis livres (1) e não deixá-los ser e (2) resolver as equações, para a transposição você obteria apenas x1=-x3 x2=-x3 e x3 como variável livre, acho que estou perdendo o ponto com a identidade e trocando o -F, mas realmente não entendo por que você quer fazer isso...",neutral,kien_thuc
21912,"quero dizer, por que dar os valores das variáveis livres (1) e não deixá-los ser e (2) resolver as equações, para a transposição você obteria apenas x1=-x3 x2=-x3 e x3 como variável livre, acho que estou perdendo o ponto com a identidade e trocando o -F, mas realmente não entendo por que você quer fazer isso...",neutral,kien_thuc
21913,"Na prova do teorema da convergência monótona , temos o caso em que f(x=0) , que é fácil de discutir",neutral,kien_thuc
21913,"Na prova do teorema da convergência monótona , temos o caso em que f(x=0) , que é fácil de discutir",neutral,kien_thuc
21914,isso palestra é tão útil,positive,chuong_trinh_hoc
21915,"obrigado MIT, todas essas aulas de álgebra linear são muito úteis e Prof. Gilbert Strang ensinam muito bem, muito obrigado!!:))",positive,ky_nang_giang_day
21916,"Alguém pode me ajudar com isso? Em cerca de 15'30'', o professor diz ""verticalmente simpe"". Ele quer dizer que os lados do sólido são verticais (todos iguais à altura)? Então o gráfico do topo é o mesmo que o gráfico do fundo? Muito obrigado!",neutral,kien_thuc
21917,Estou literalmente maravilhado com o que posso entender graças a Dr. Strang,positive,ky_nang_giang_day
21918,"prof. diz A, escreve B, quer dizer C - enquanto a resposta correta é D.",neutral,ky_nang_giang_day
21919,"Parece haver um erro na explicação de por que a independência em pares não implica independência... em [36:30], o evento C deveria ser que 'nossos lançamentos deram resultados diferentes', em vez de 'nossos lançamentos deram os mesmos resultados'. Depois de verificar o livro, minha suspeita foi confirmada. Veja o exemplo 1.22 na página 39.",negative,kien_thuc
21920,Ele fica animado com perguntas. Isso é incrível.,positive,ky_nang_giang_day
21921,O momento estranho quando conhecimento livre é dado e você reclama da qualidade do vídeo,positive,chuong_trinh_hoc
21921,O momento estranho quando conhecimento livre é dado e você reclama da qualidade do vídeo,negative,noi_chung
21922,Estou completamente apaixonada por isso sotaque,positive,ky_nang_giang_day
21923,Esta é a melhor introdução às cadeias de Markov de todos os tempos!!!!!!,positive,chuong_trinh_hoc
21924,O Cálculo AP não é equivalente a isso curso?,neutral,chuong_trinh_hoc
21925,Obrigado elotoff a MIT OCW; pelas informações interessantes; e ao professor,positive,noi_chung
21925,Obrigado elotoff a MIT OCW; pelas informações interessantes; e ao professor,positive,ky_nang_giang_day
21926,"Depois de assistir às aulas Prof. Strang, decidi me tornar um palestrante ou professor. Ele é uma verdadeira definição de paixão.",positive,ky_nang_giang_day
21927,"bem-vindo ao futuro da educação, todo o povo do mundo aprenderá com a internet palestras como o youtube. Os Estados Unidos têm você coberto para todas as suas necessidades de aprendizagem",positive,chuong_trinh_hoc
21928,"Quando ele disse ""É fantástico ter essas lindas pranchas limpas"". Eu estava pensando o mesmo. rsrs",positive,ky_nang_giang_day
21929,"Pessoal, peço que me ajudem com isso palestra. Esta é a 10ª vez que assisto isso. Só entendi os 4 primeiros passos.",neutral,chuong_trinh_hoc
21930,Não vejo matrizes desde a faculdade. Esta é a melhor explicação que já vi: clara; metódica; completa! Mal posso esperar até segunda-feira (Ooh! Não preciso: aqui está!),positive,chuong_trinh_hoc
21931,"É uma série muito boa de vídeos, mas tem uma ressalva. Professor Sipster parece tentar explicar em detalhes sem primeiro dar uma resposta definitiva...",positive,thiet_bi_day_hoc
21931,"É uma série muito boa de vídeos, mas tem uma ressalva. Professor Sipster parece tentar explicar em detalhes sem primeiro dar uma resposta definitiva...",neutral,ky_nang_giang_day
21932,Não consigo entender por que b deveria be na combinação diferente espaço de coluna em A. Alguém pode me ajudar?,neutral,kien_thuc
21932,Não consigo entender por que b deveria be na combinação diferente espaço de coluna em A. Alguém pode me ajudar?,neutral,kien_thuc
21933,Por que não vi isso vídeos na universidade?,neutral,chuong_trinh_hoc
21933,Por que não vi isso vídeos na universidade?,neutral,noi_chung
21934,TF?! Por que diabos ninguém me explicou origens vetoriais de determinantes antes??? Maldita instrução matemática de rotina. Só computação e nenhuma teoria deixam um matemático triste.,negative,kien_thuc
21935,ótimo professor. obrigado mit por isso aulas.,positive,ky_nang_giang_day
21935,ótimo professor. obrigado mit por isso aulas.,positive,chuong_trinh_hoc
21937,"sim, isso é realmente bom ponto. obrigado",positive,chuong_trinh_hoc
21938,O sotaque desse cara é realmente o melhor.,positive,ky_nang_giang_day
21939,"Adoro como em 23:28, ele dá aos alunos aquele sorriso atrevido antes de fazer seu truque de apagar",positive,ky_nang_giang_day
21939,"Adoro como em 23:28, ele dá aos alunos aquele sorriso atrevido antes de fazer seu truque de apagar",positive,noi_chung
21940,"Obrigado, professor e todos os caras que insistem da Aula 1 à Aula 34.",positive,ky_nang_giang_day
21941,"Por um segundo, sempre fico surpreso que pessoas não batam palmas no final da palestra...",positive,chuong_trinh_hoc
21941,"Por um segundo, sempre fico surpreso que pessoas não batam palmas no final da palestra...",negative,noi_chung
21942,"As letras de entrada a são a a e b, então quala é a expressão regular? Nenhuma das duas a se junta (string may be any comprimento) pode ser usada por qualquer pessoa, por favor, ajudem!!!!!!!",neutral,kien_thuc
21942,"As letras de entrada a são a a e b, então quala é a expressão regular? Nenhuma das duas a se junta (string may be any comprimento) pode ser usada por qualquer pessoa, por favor, ajudem!!!!!!!",neutral,kien_thuc
21943,Esse cara precisa fazer um curso de inglês.,negative,ky_nang_giang_day
21944,Que adorável ser humano.,positive,ky_nang_giang_day
21945,"Concordo que Sprang é ótimo, mas você poderia ter reconhecido a proporção áurea 1/2(sqrt5 +1) e todo matemático conhece esse número. É como ficar perplexo se alguém lhe disser que pi é igual a 3,14159265...",positive,kien_thuc
21946,tão animado para ver o quão fácil é provar. Ótimo.,positive,kien_thuc
21947,"Eles fazem tudo parecer tão complicado na maneira como ensinam, é algo realmente simples.",negative,ky_nang_giang_day
21947,"Eles fazem tudo parecer tão complicado na maneira como ensinam, é algo realmente simples.",negative,chuong_trinh_hoc
21948,"Dr. Stranglove ou ""Como aprendi a parar de me preocupar e amar a álgebra linear numérica""",positive,ky_nang_giang_day
21949,"É apenas uma maneira útil de pensar sobre isso, como podemos ver quando ele fala sobre inversos.",positive,ky_nang_giang_day
21950,"qual é a média ""senos dos autovalores""? Obrigado,",neutral,kien_thuc
21951,Ok. Você pode tocar no ponto tangente que encontrar quarta dimensão.....:),neutral,kien_thuc
21952,Muito tempo desperdiçado escrevendo no quadro-negro. Ele poderia ter escrito tudo nos quadros antes da aula e depois encarado a classe e explicado. Muito tempo seria economizado.,negative,ky_nang_giang_day
21953,Ele certamente mostra que há uma grande diferença entre conhecer um assunto e saber como ensiná-lo aos outros.,negative,ky_nang_giang_day
21954,como a dimensão de M é 9 ??,neutral,kien_thuc
21955,Incrível. Este homem é um verdadeiro gênio. Obrigado MIT.,positive,ky_nang_giang_day
21955,Incrível. Este homem é um verdadeiro gênio. Obrigado MIT.,positive,noi_chung
21956,Uma coisa incrível que podemos fazer é pular certas partes se você sabia/não se importa com elas. Eu queria poder fazer isso na vida real com professores reais (risos),neutral,thiet_bi_day_hoc
21956,Uma coisa incrível que podemos fazer é pular certas partes se você sabia/não se importa com elas. Eu queria poder fazer isso na vida real com professores reais (risos),neutral,ky_nang_giang_day
21957,muito obrigado pela série de vídeos. Espero que o MIT continue a ajudar as pessoas a entender o conhecimento matemático.,positive,chuong_trinh_hoc
21958,por que as pessoas aplaudiram quando ele limpou os quadros de cima?,neutral,ky_nang_giang_day
21959,O instrutor é um gênio. Olhe o currículo dele.,positive,ky_nang_giang_day
21960,"okkkkk, câmeras estão filmando, esta é a palestra 14. Que frase de introdução!",negative,thiet_bi_day_hoc
21961,por que o YouTube recomendou isso? Matemática me assusta,negative,kien_thuc
21962,Espero ter visto isso palestra muito antes! Simplesmente incrível e divertido! :),positive,chuong_trinh_hoc
21963,"muito obrigado John Tsitsiklis, você é um ótimo professor",positive,ky_nang_giang_day
21964,Eu assistia a essas palestras pela diversão. As dele Palestras de álgebra linear eram incríveis.,positive,chuong_trinh_hoc
21965,"É verdade, Cálculo é muito difícil para algumas pessoas, mas isso não significa que você tenha que achá-lo difícil.",negative,kien_thuc
21966,Parecia tão difícil na aula hoje... agora entendo por que eles são tão bons no MIT. Um professor tão bom... Faça parecer fácil.,neutral,chuong_trinh_hoc
21966,Parecia tão difícil na aula hoje... agora entendo por que eles são tão bons no MIT. Um professor tão bom... Faça parecer fácil.,positive,ky_nang_giang_day
21967,"Esse tipo de palestra só é possível quando você tem uma paixão profunda pelo seu trabalho! Muito obrigado, Sir Strang!",positive,chuong_trinh_hoc
21967,"Esse tipo de palestra só é possível quando você tem uma paixão profunda pelo seu trabalho! Muito obrigado, Sir Strang!",positive,ky_nang_giang_day
21968,"às 10:00 ele diz ""colunas de C são combinações de colunas de A"" Acho que pode haver um erro aí... deveria ser como ""colunas de C são combinações de linhas de A"". Se não, por favor, tire minha dúvida",positive,ky_nang_giang_day
21969,Você pode dizer que SVD é o tópico favorito do Professor Strang. Este é o único palestra em 9:4 HD e canais de áudio atualizado.,neutral,kien_thuc
21969,Você pode dizer que SVD é o tópico favorito do Professor Strang. Este é o único palestra em 9:4 HD e canais de áudio atualizado.,neutral,ky_nang_giang_day
21969,Você pode dizer que SVD é o tópico favorito do Professor Strang. Este é o único palestra em 9:4 HD e canais de áudio atualizado.,positive,thiet_bi_day_hoc
21969,Você pode dizer que SVD é o tópico favorito do Professor Strang. Este é o único palestra em 9:4 HD e canais de áudio atualizado.,positive,thiet_bi_day_hoc
21969,Você pode dizer que SVD é o tópico favorito do Professor Strang. Este é o único palestra em 9:4 HD e canais de áudio atualizado.,positive,chuong_trinh_hoc
21970,"Esta é uma obra-prima de DR. Gilbert Strang de MIT. Em engenharia de controle, que é parte da engenharia elétrica álgebra linear é essencial. Todos os alunos neste campo de estudo, pós-graduação e graduação devem saber álgebra linear.",positive,ky_nang_giang_day
21970,"Esta é uma obra-prima de DR. Gilbert Strang de MIT. Em engenharia de controle, que é parte da engenharia elétrica álgebra linear é essencial. Todos os alunos neste campo de estudo, pós-graduação e graduação devem saber álgebra linear.",positive,noi_chung
21970,"Esta é uma obra-prima de DR. Gilbert Strang de MIT. Em engenharia de controle, que é parte da engenharia elétrica álgebra linear é essencial. Todos os alunos neste campo de estudo, pós-graduação e graduação devem saber álgebra linear.",neutral,kien_thuc
21971,"Em uma palavra, ele se importa com seus alunos!",positive,ky_nang_giang_day
21972,Acabei de terminar uma avaliação muito importante sobre Cálculo multivariável... uau! Dedico minha ótima nota a Denis Auroux... não sei como ele faz isso... mas seus métodos são realmente impactantes!,positive,ky_nang_giang_day
21972,Acabei de terminar uma avaliação muito importante sobre Cálculo multivariável... uau! Dedico minha ótima nota a Denis Auroux... não sei como ele faz isso... mas seus métodos são realmente impactantes!,positive,kien_thuc
21973,O jeito dele batendo o giz no quadro está me irritando.,negative,thiet_bi_day_hoc
21974,concordo! é isso que pretendo usar no meu ensino,negative,kien_thuc
21975,"Muito obrigado, Professor Strang!",positive,ky_nang_giang_day
21976,uhuu integração por partes...que emocionante...me lembra da palestra que tive há uma semana!,positive,kien_thuc
21977,Obrigado Dr. Strang. Gostei muito das palestras,positive,ky_nang_giang_day
21977,Obrigado Dr. Strang. Gostei muito das palestras,positive,chuong_trinh_hoc
21978,"É a primeira vez que vejo uma explicação sobre o porquê de termos y_geral = y_particular + y_homogêneo, o que de alguma forma faz tudo fazer sentido.",positive,kien_thuc
21979,"22:36 : semidefinido positivo, não definido positivo",neutral,kien_thuc
21979,"22:36 : semidefinido positivo, não definido positivo",neutral,kien_thuc
21980,A qualidade disto Conteúdo de vídeo é ruim,negative,chuong_trinh_hoc
21981,"Uau, todos os conceitos fazem muito mais sentido agora. Dr. Strang é realmente um ótimo professor!",positive,noi_chung
21981,"Uau, todos os conceitos fazem muito mais sentido agora. Dr. Strang é realmente um ótimo professor!",positive,ky_nang_giang_day
21982,"A sala está vazia, mas a paixão de Gilbert Strang está plena...",positive,ky_nang_giang_day
21983,"por volta de 32 min, deveria ser 99 quadrados e não 100 quadrados",neutral,kien_thuc
21984,"Um discurso muito claro professor. Aprendi uma palavra nova. ""Tímido"" apenas pelo contexto em que ele usou a palavra. Presumi que Tímido quis dizer tímido porque ele pediu aos alunos que eram tímidos para se sentarem bem atrás. O que indica a palavra ""tímido"" como no termo ""tímido para a câmera"".",positive,ky_nang_giang_day
21986,Ruim Gravação... não consigo ouvir nada,negative,thiet_bi_day_hoc
21987,25:49 não tenho certeza do porquê uma sequência de Cauchy também é convergente.,neutral,kien_thuc
21988,"Ótimo palestra Professor Tsitsiklis, muito claro, bem legal, assim como os dos seus TA´s. Estou seguindo o MIT OpenCourseWare.",positive,chuong_trinh_hoc
21988,"Ótimo palestra Professor Tsitsiklis, muito claro, bem legal, assim como os dos seus TA´s. Estou seguindo o MIT OpenCourseWare.",positive,ky_nang_giang_day
21989,"Só para verificar, por volta de 27:38 o phi(k - j) = z? não y?",neutral,kien_thuc
21990,"Obrigado por isso lição, o e-learning será o futuro, temos toda a teoria, livros de conselhos na introdução, temos tudo para estudar, este e-learning será útil também porque muitas pessoas estarão em casa e isso => menos trânsito, então menos caos na cidade.",positive,chuong_trinh_hoc
21991,ele surgiu com uma maneira bem indireta de dizer para pegar a derivada dx/dy.,neutral,ky_nang_giang_day
21992,Qualidade no seu extremo!!! Respeito professor strang!!! Chapéu para você!!!,positive,ky_nang_giang_day
21993,"42:45 Se A e B têm os mesmos quatro subespaços, então eles têm a mesma forma reduzida escalão de linhas.",neutral,kien_thuc
21993,"42:45 Se A e B têm os mesmos quatro subespaços, então eles têm a mesma forma reduzida escalão de linhas.",neutral,kien_thuc
21993,"42:45 Se A e B têm os mesmos quatro subespaços, então eles têm a mesma forma reduzida escalão de linhas.",neutral,kien_thuc
21993,"42:45 Se A e B têm os mesmos quatro subespaços, então eles têm a mesma forma reduzida escalão de linhas.",neutral,kien_thuc
21994,Sinceramente não sei o que teria feito sem isso curso. Foi uma alegria ouvir Professor Strang. Obrigado,positive,chuong_trinh_hoc
21994,Sinceramente não sei o que teria feito sem isso curso. Foi uma alegria ouvir Professor Strang. Obrigado,positive,ky_nang_giang_day
21995,é tão lindo o jeito que ele explica...,positive,ky_nang_giang_day
21995,é tão lindo o jeito que ele explica...,positive,noi_chung
21996,"Em 28:50 ele diz, este é um fato chave que deduzimos de Teorema do Valor Médio (MVT). Não vejo como é assim. Alguém pode explicar?",neutral,kien_thuc
21997,"essa pergunta é feita com muita frequência, talvez fosse mais fácil para mit apenas renomear palestras (quero dizer, um exame em sala de aula não conta realmente como uma palestra)",neutral,chuong_trinh_hoc
21997,"essa pergunta é feita com muita frequência, talvez fosse mais fácil para mit apenas renomear palestras (quero dizer, um exame em sala de aula não conta realmente como uma palestra)",neutral,noi_chung
21998,"Droga! Ele desenhou as linhas com precisão, como uma régua...",positive,ky_nang_giang_day
21999,"Um simples agradecimento não seria suficiente!! mas ainda assim, muito obrigado MIT!! e Prof. Strang, mostra claramente como explica lindamente os conceitos, ele realmente quer que os alunos entendam. Eu respeito isso! Muito obrigado mais uma vez :)",positive,ky_nang_giang_day
22000,Muito obrigado por compartilhar esses excelentes cursos!!!!! :) Aprendi muito com seu material didático aberto!!,positive,chuong_trinh_hoc
22000,Muito obrigado por compartilhar esses excelentes cursos!!!!! :) Aprendi muito com seu material didático aberto!!,positive,noi_chung
22001,Infelizmente não defini a notação vertical --- x ---,negative,kien_thuc
22002,"""Você não pode ressuscitá-lo dos mortos""... Quão verdadeiro, quão verdadeiro, prof. Strang :))) Mesmo que existam alguns neste mundo que acham que é realmente possível ressuscitar pessoas dos mortos, LoL :)))",neutral,ky_nang_giang_day
22003,"Concluí o curso. Obrigado, professor, muito.",positive,ky_nang_giang_day
22004,"Eu estava esperando por isso desde o dia em que nasci! Eu alcançarei a Budeidade quando OCW lançar a série ""Análise funcional"".",positive,noi_chung
22004,"Eu estava esperando por isso desde o dia em que nasci! Eu alcançarei a Budeidade quando OCW lançar a série ""Análise funcional"".",positive,chuong_trinh_hoc
22004,"Eu estava esperando por isso desde o dia em que nasci! Eu alcançarei a Budeidade quando OCW lançar a série ""Análise funcional"".",positive,chuong_trinh_hoc
22005,"Eu me formei em TI e Ciência da Computação há alguns anos, e agora, quando vejo cursos MTI on-line, fico realmente impressionado com a qualidade deles.",positive,chuong_trinh_hoc
22005,"Eu me formei em TI e Ciência da Computação há alguns anos, e agora, quando vejo cursos MTI on-line, fico realmente impressionado com a qualidade deles.",neutral,noi_chung
22005,"Eu me formei em TI e Ciência da Computação há alguns anos, e agora, quando vejo cursos MTI on-line, fico realmente impressionado com a qualidade deles.",neutral,noi_chung
22006,Uma palestra incrível de fato! Estudei equações diferenciais elementares na universidade há 40 anos. Cerca de duas semanas de palestra para apresentar o mesmo material. Álgebra linear esclarece o processo muito bem. As informações transmitidas aqui transmitem o esforço cumulativo do meu estudo e concentração de uma vida inteira... como um hobby... mas alguns alunos absorvem isso em minutos... resolvem problemas por algumas semanas e os dominam... Incrível!!!!,positive,chuong_trinh_hoc
22006,Uma palestra incrível de fato! Estudei equações diferenciais elementares na universidade há 40 anos. Cerca de duas semanas de palestra para apresentar o mesmo material. Álgebra linear esclarece o processo muito bem. As informações transmitidas aqui transmitem o esforço cumulativo do meu estudo e concentração de uma vida inteira... como um hobby... mas alguns alunos absorvem isso em minutos... resolvem problemas por algumas semanas e os dominam... Incrível!!!!,positive,kien_thuc
22007,Muito melhor que o nosso professor.....,negative,ky_nang_giang_day
22008,como as informações de Fisher são usadas em aprendizado de máquina moderno - especialmente na prática?,neutral,kien_thuc
22008,como as informações de Fisher são usadas em aprendizado de máquina moderno - especialmente na prática?,neutral,kien_thuc
22009,Eu realmente gosto do Vídeo Resolvendo Ax = b: Linha reduzida forma R. Do seu,positive,kien_thuc
22009,Eu realmente gosto do Vídeo Resolvendo Ax = b: Linha reduzida forma R. Do seu,positive,thiet_bi_day_hoc
22010,"Em tempos de Covid, espero que isso faça os jovens perceberem por que os idosos são tão importantes. Vida longa NULL.",positive,chuong_trinh_hoc
22010,"Em tempos de Covid, espero que isso faça os jovens perceberem por que os idosos são tão importantes. Vida longa NULL.",positive,ky_nang_giang_day
22011,"ainda não entendi, mas sinto que preciso fazer alguns exemplos e chegarei lá... ótimo palestra de qualquer maneira",positive,chuong_trinh_hoc
22012,Esta aula é uma bagunça tão confusa. Em @13:20 o prof. define a base misteriosa e tal que d/dx (e^x) = e^x. Em @21:34 o prof. afirma que e é a base do logaritmo. (e é o número de Euler) Como ele iguala o e em @13:20 com o e em @21:34? Ele assume que eles são os mesmos apenas porque ele usou a mesma letra em ambos os lugares. Não há explicação sobre o porquê da base logarítmica 'e' ser a mesma que a base misteriosa 'e' definida anteriormente.,negative,chuong_trinh_hoc
22013,Muito obrigado MIT por essas palestras gratuitas.,positive,noi_chung
22013,Muito obrigado MIT por essas palestras gratuitas.,positive,chuong_trinh_hoc
22014,Eu queria ser inteligente o suficiente para entender do que diabos esse cara está falando.,neutral,ky_nang_giang_day
22015,Está ficando cada vez mais interessante quando diferenciais equações estão envolvidas!,positive,kien_thuc
22016,Ótimo vídeos. Explica muito melhor que meu prof.,positive,chuong_trinh_hoc
22016,Ótimo vídeos. Explica muito melhor que meu prof.,positive,ky_nang_giang_day
22017,O vídeo sobre minha recomendação. E não consigo parar de assistir. Uma das minhas universidades dos sonhos quando eu estava no ensino médio.,positive,de_xuat
22018,"Se em calc 1 eles introduzissem o termo argmin para o local onde o mínimo ocorreu, haveria menos confusão, pois os alunos frequentemente confundem argmin com min real.",negative,kien_thuc
22018,"Se em calc 1 eles introduzissem o termo argmin para o local onde o mínimo ocorreu, haveria menos confusão, pois os alunos frequentemente confundem argmin com min real.",negative,ky_nang_giang_day
22018,"Se em calc 1 eles introduzissem o termo argmin para o local onde o mínimo ocorreu, haveria menos confusão, pois os alunos frequentemente confundem argmin com min real.",negative,ky_nang_giang_day
22018,"Se em calc 1 eles introduzissem o termo argmin para o local onde o mínimo ocorreu, haveria menos confusão, pois os alunos frequentemente confundem argmin com min real.",negative,kien_thuc
22018,"Se em calc 1 eles introduzissem o termo argmin para o local onde o mínimo ocorreu, haveria menos confusão, pois os alunos frequentemente confundem argmin com min real.",negative,kien_thuc
22019,"Ótimo professor, ótimo palestra embora pareça que não há alunos, ótimo giz e também ótimo gesto às 20:14! xD",positive,chuong_trinh_hoc
22019,"Ótimo professor, ótimo palestra embora pareça que não há alunos, ótimo giz e também ótimo gesto às 20:14! xD",positive,ky_nang_giang_day
22020,13:50 - é uma espécie de prova de engenharia reversa...,neutral,kien_thuc
22021,"""Sempre pronto para perguntas."" Eu assisti a cada uma dessas palestras e acho que ninguém nunca fez uma única pergunta. Meio estranho.",neutral,chuong_trinh_hoc
22022,"É tão fácil diferenciar que obtive e^(xarctan(x)[arctan(x)+(x/(1+x^2))]) em cerca de 1 minuto e isso está certo porque verifiquei no Wolfram Alpha e eles só estão fazendo isso no final desta unidade de nível de graduação. Achei que os EUA eram bons em educação. A propósito, estou no 12º ano no Reino Unido.",neutral,kien_thuc
22023,Não acredito que estou aqui. Primeira vez que sinto paixão por aprender durante meu tempo de faculdade. Acredito que as pessoas que ouvirem seu curso apreciarão profundamente. Obrigado! Sério! Muito obrigado!,positive,chuong_trinh_hoc
22023,Não acredito que estou aqui. Primeira vez que sinto paixão por aprender durante meu tempo de faculdade. Acredito que as pessoas que ouvirem seu curso apreciarão profundamente. Obrigado! Sério! Muito obrigado!,positive,ky_nang_giang_day
22024,Você é um bruxo? Vou contar ao Ministério da Magia!,positive,ky_nang_giang_day
22025,então o objetivo ou propósito desta palestra era atingir Minimizar _x_ Sujeito a Ax = b minha avaliação está correta?,neutral,chuong_trinh_hoc
22025,então o objetivo ou propósito desta palestra era atingir Minimizar _x_ Sujeito a Ax = b minha avaliação está correta?,neutral,kien_thuc
22026,Tristeza é esse homem envelhecendo...,negative,ky_nang_giang_day
22027,"Parece um método de Monte Carlo, não é?",neutral,kien_thuc
22028,"Ele é lento, mas mantém o ritmo até o final da palestra.",positive,ky_nang_giang_day
22028,"Ele é lento, mas mantém o ritmo até o final da palestra.",positive,chuong_trinh_hoc
22029,"Tenho uma pergunta sobre última integral. Sobre essa última parte. Podemos manipular a resposta por regras de log, ou seja, subtrair ln2 da resposta, já que é uma constante e então escrever uma nova constante?",neutral,kien_thuc
22030,Obrigado pela palestra. Mas é uma surpresa ver que você ainda usa quadro-negro e giz nos estados,positive,chuong_trinh_hoc
22030,Obrigado pela palestra. Mas é uma surpresa ver que você ainda usa quadro-negro e giz nos estados,neutral,thiet_bi_day_hoc
22031,"Obrigado do fundo do coração, Prof Strang!",positive,ky_nang_giang_day
22032,"Aprendi regressão linear em uma aula de estatística, mas acho que a maneira álgebra linear de fazer isso é mais agradável e organizada.",positive,kien_thuc
22033,"Eu amo expansões de Taylor também, mas ele realmente tem uma derivação terrível. Se eu realmente quiser obtê-lo, terei que excluir minha conta do Facebook, conta do YouTube, vender meu laptop e tudo o mais que tenho, exceto ferramentas de estudo e me trancar com um suprimento mensal de pão com manteiga e me isolar de todos por um mês inteiro de folga se eu quiser dominar esse entendimento. Não parece realista para muitos de nós, mas, sei lá, posso tentar. Caso contrário, o domínio levará muito tempo.",positive,kien_thuc
22033,"Eu amo expansões de Taylor também, mas ele realmente tem uma derivação terrível. Se eu realmente quiser obtê-lo, terei que excluir minha conta do Facebook, conta do YouTube, vender meu laptop e tudo o mais que tenho, exceto ferramentas de estudo e me trancar com um suprimento mensal de pão com manteiga e me isolar de todos por um mês inteiro de folga se eu quiser dominar esse entendimento. Não parece realista para muitos de nós, mas, sei lá, posso tentar. Caso contrário, o domínio levará muito tempo.",negative,kien_thuc
22034,Muito obrigado pela melhor matemática aulas,positive,chuong_trinh_hoc
22035,essa tem que ser a melhor droga giz de todos os tempos,positive,thiet_bi_day_hoc
22036,"Na Índia, é uma questão obrigatória para o exame do conselho e meu professor apenas disse as condições como fórmulas e então nos fez praticar muitos problemas desse tipo. É isso!",negative,ky_nang_giang_day
22037,"Você precisa decifrar o livro didático de cálculo (1) primeiro! ..... e se você dominar vetores, terá conquistado o direito de descobrir o touro vermelho!",positive,thiet_bi_day_hoc
22038,por que Q vezes Q transposta não é igual a identidade se matriz não é quadrado?,neutral,kien_thuc
22038,por que Q vezes Q transposta não é igual a identidade se matriz não é quadrado?,neutral,kien_thuc
22038,por que Q vezes Q transposta não é igual a identidade se matriz não é quadrado?,neutral,kien_thuc
22038,por que Q vezes Q transposta não é igual a identidade se matriz não é quadrado?,neutral,kien_thuc
22038,por que Q vezes Q transposta não é igual a identidade se matriz não é quadrado?,neutral,kien_thuc
22039,"Com licença, isso significa que a base do espaço de entrada e a do espaço de saída é a mesma {v1, v2, ..., v8} em 45:25? Então, se isso for verdade, quando ocorre a mudança de base? Estou confuso aqui, por favor me ajude, muito obrigado!",neutral,kien_thuc
22039,"Com licença, isso significa que a base do espaço de entrada e a do espaço de saída é a mesma {v1, v2, ..., v8} em 45:25? Então, se isso for verdade, quando ocorre a mudança de base? Estou confuso aqui, por favor me ajude, muito obrigado!",neutral,kien_thuc
22039,"Com licença, isso significa que a base do espaço de entrada e a do espaço de saída é a mesma {v1, v2, ..., v8} em 45:25? Então, se isso for verdade, quando ocorre a mudança de base? Estou confuso aqui, por favor me ajude, muito obrigado!",neutral,kien_thuc
22039,"Com licença, isso significa que a base do espaço de entrada e a do espaço de saída é a mesma {v1, v2, ..., v8} em 45:25? Então, se isso for verdade, quando ocorre a mudança de base? Estou confuso aqui, por favor me ajude, muito obrigado!",neutral,kien_thuc
22040,Prof Strang é um exemplo de que a idade não é uma barreira para a aprendizagem,positive,ky_nang_giang_day
22041,"Gilbert Strang é muito complicado. Simplesmente faça um gráfico das linhas pelo método da inclinação e interceptação y e veja onde elas se cruzam, se o fizerem.",negative,ky_nang_giang_day
22042,"Obrigado MIT. Por favor, considere enviar mais série de palestras em matemática abstrata (por exemplo, análise real, análise complexa, álgebra abstrata, geometria diferencial, topologia, ...) Será de grande ajuda para nós!",neutral,thiet_bi_day_hoc
22043,MIT é MIT por uma razão. Obrigado por tornar público esses maravilhosos vídeos.,positive,noi_chung
22043,MIT é MIT por uma razão. Obrigado por tornar público esses maravilhosos vídeos.,positive,chuong_trinh_hoc
22044,"Nossa, não acredito como as pessoas gostam disso claro... ele é tão aleatório e desorganizado e praticamente fala o que pensa. É difícil seguir a lógica... alguns conceitos importantes foram abordados muito rápido e as palestras sem importância foram tão abundantes...",negative,chuong_trinh_hoc
22044,"Nossa, não acredito como as pessoas gostam disso claro... ele é tão aleatório e desorganizado e praticamente fala o que pensa. É difícil seguir a lógica... alguns conceitos importantes foram abordados muito rápido e as palestras sem importância foram tão abundantes...",negative,ky_nang_giang_day
22045,"Obrigado MIT, e você pode POR FAVOR postar os nomes desses maravilhosos professores para que possamos agradecê-los pelo nome também?? Eu vou para uma pequena faculdade comunitária e nossos instrutores são maravilhosos... mas... não exatamente assim :) Esses vídeos me fazem sentir inteligente novamente quando eu estava começando a me perguntar ""o que há de errado com meu cérebro??""",positive,ky_nang_giang_day
22046,"Linda palestra, esta e toda a série.",positive,chuong_trinh_hoc
22046,"Linda palestra, esta e toda a série.",positive,thiet_bi_day_hoc
22047,Então... Eu nem sabia o que era uma matriz até 80 minutos atrás... Esse cara é demais!,positive,ky_nang_giang_day
22048,Em 1:11:30 por que ele usa a amostra tendenciosa variância e não a não tendenciosa? Conceitualmente não importa?,neutral,kien_thuc
22048,Em 1:11:30 por que ele usa a amostra tendenciosa variância e não a não tendenciosa? Conceitualmente não importa?,neutral,kien_thuc
22049,"Tive que parar para descobrir como ele conseguiu o autovetores no final. Conectar Phi funciona, mas foi só quando assisti novamente que percebi que ele estava apontando para o relacionamento lambda^2-lambda-1=0 para revelar o vetor.",neutral,kien_thuc
22050,"Essas aulas devem ser armazenadas adequadamente para que, quando os alienígenas vierem, eles possam aprender álgebra linear da maneira correta.",positive,kien_thuc
22050,"Essas aulas devem ser armazenadas adequadamente para que, quando os alienígenas vierem, eles possam aprender álgebra linear da maneira correta.",positive,chuong_trinh_hoc
22051,"Então, os autovetores de uma matriz circular são raízes da unidade -> matriz de Fourier. Eu usei Transformada de Fourier e DCT em processamento de imagem e achei incrível, mas misterioso: de onde veio? Agora eu sei. Eu também nunca percebi que convolução é essencialmente multiplicação polinomial... e circular convolução simplesmente aplica um módulo às potências! Expansão da mente; obrigado Prof Strang!",positive,ky_nang_giang_day
22051,"Então, os autovetores de uma matriz circular são raízes da unidade -> matriz de Fourier. Eu usei Transformada de Fourier e DCT em processamento de imagem e achei incrível, mas misterioso: de onde veio? Agora eu sei. Eu também nunca percebi que convolução é essencialmente multiplicação polinomial... e circular convolução simplesmente aplica um módulo às potências! Expansão da mente; obrigado Prof Strang!",positive,kien_thuc
22051,"Então, os autovetores de uma matriz circular são raízes da unidade -> matriz de Fourier. Eu usei Transformada de Fourier e DCT em processamento de imagem e achei incrível, mas misterioso: de onde veio? Agora eu sei. Eu também nunca percebi que convolução é essencialmente multiplicação polinomial... e circular convolução simplesmente aplica um módulo às potências! Expansão da mente; obrigado Prof Strang!",positive,kien_thuc
22051,"Então, os autovetores de uma matriz circular são raízes da unidade -> matriz de Fourier. Eu usei Transformada de Fourier e DCT em processamento de imagem e achei incrível, mas misterioso: de onde veio? Agora eu sei. Eu também nunca percebi que convolução é essencialmente multiplicação polinomial... e circular convolução simplesmente aplica um módulo às potências! Expansão da mente; obrigado Prof Strang!",positive,kien_thuc
22051,"Então, os autovetores de uma matriz circular são raízes da unidade -> matriz de Fourier. Eu usei Transformada de Fourier e DCT em processamento de imagem e achei incrível, mas misterioso: de onde veio? Agora eu sei. Eu também nunca percebi que convolução é essencialmente multiplicação polinomial... e circular convolução simplesmente aplica um módulo às potências! Expansão da mente; obrigado Prof Strang!",positive,kien_thuc
22051,"Então, os autovetores de uma matriz circular são raízes da unidade -> matriz de Fourier. Eu usei Transformada de Fourier e DCT em processamento de imagem e achei incrível, mas misterioso: de onde veio? Agora eu sei. Eu também nunca percebi que convolução é essencialmente multiplicação polinomial... e circular convolução simplesmente aplica um módulo às potências! Expansão da mente; obrigado Prof Strang!",positive,kien_thuc
22052,é ótimo estar participando do andar térreo da singularidade,positive,kien_thuc
22053,"Obrigado, Prof. Strang. Você fez do mundo um lugar melhor",positive,ky_nang_giang_day
22054,"(1/3*n^3), magicamente! hmm! Mas ei, faz sentido, isso é uma soma de todos os (n-x)^2, e como ele assumiu para todos os pivôs é uma variável contínua, então a soma discreta de variáveis contínuas se transforma em integral e aí está, 1/3n^3.",positive,kien_thuc
22054,"(1/3*n^3), magicamente! hmm! Mas ei, faz sentido, isso é uma soma de todos os (n-x)^2, e como ele assumiu para todos os pivôs é uma variável contínua, então a soma discreta de variáveis contínuas se transforma em integral e aí está, 1/3n^3.",positive,ky_nang_giang_day
22055,Ótimo entrevista! Obrigado por todas as suas palestras,positive,ky_nang_giang_day
22055,Ótimo entrevista! Obrigado por todas as suas palestras,positive,chuong_trinh_hoc
22056,"Obrigado Senhor por eu ter visto essas palestras agora. É uma pena que esteja atrasado, mas aconteceu mesmo assim. Deus te abençoe Professor Strang",positive,chuong_trinh_hoc
22056,"Obrigado Senhor por eu ter visto essas palestras agora. É uma pena que esteja atrasado, mas aconteceu mesmo assim. Deus te abençoe Professor Strang",positive,ky_nang_giang_day
22058,"Se as linhas de uma matriz são dependentes, isso significa que as colunas também devem ser dependentes?",neutral,kien_thuc
22058,"Se as linhas de uma matriz são dependentes, isso significa que as colunas também devem ser dependentes?",neutral,kien_thuc
22059,"parabéns é uma ótima aula de cálculo, admiro muito você; e um dia quero visitar MIT.Até breveProfessor José Luis Benavides CepedaColômbia",positive,chuong_trinh_hoc
22059,"parabéns é uma ótima aula de cálculo, admiro muito você; e um dia quero visitar MIT.Até breveProfessor José Luis Benavides CepedaColômbia",neutral,noi_chung
22059,"parabéns é uma ótima aula de cálculo, admiro muito você; e um dia quero visitar MIT.Até breveProfessor José Luis Benavides CepedaColômbia",positive,ky_nang_giang_day
22060,"O que ele realmente quer dizer quando diz ""é inverso vai ser grande""... ele diz isso 2 vezes... quando fala sobre colunas em más condições e matriz quase singular... por favor ajude. E também, por favor diga quais problemas um ""grande"" inverso pode causar?",neutral,kien_thuc
22061,Qual é a justificativa para minimizar o quadrado da distância em vez da distância em si?,negative,kien_thuc
22062,ordem de empacotamento próxima com densidade como uma função de partícula no espaço tridimensional é meu forte. Bom exemplo,positive,kien_thuc
22063,"É simplesmente incrível como ele explica os tópicos claramente, muito obrigado ao professor. Gostaria de saber quais outros cursos ele ensina no MIT que estão disponíveis no OCW? Também acho que o Prof. é autor do livro de estatísticas para este curso) que deve ser ótimo também, então preciso dar uma olhada para obtê-lo!",positive,ky_nang_giang_day
22063,"É simplesmente incrível como ele explica os tópicos claramente, muito obrigado ao professor. Gostaria de saber quais outros cursos ele ensina no MIT que estão disponíveis no OCW? Também acho que o Prof. é autor do livro de estatísticas para este curso) que deve ser ótimo também, então preciso dar uma olhada para obtê-lo!",positive,noi_chung
22063,"É simplesmente incrível como ele explica os tópicos claramente, muito obrigado ao professor. Gostaria de saber quais outros cursos ele ensina no MIT que estão disponíveis no OCW? Também acho que o Prof. é autor do livro de estatísticas para este curso) que deve ser ótimo também, então preciso dar uma olhada para obtê-lo!",positive,thiet_bi_day_hoc
22063,"É simplesmente incrível como ele explica os tópicos claramente, muito obrigado ao professor. Gostaria de saber quais outros cursos ele ensina no MIT que estão disponíveis no OCW? Também acho que o Prof. é autor do livro de estatísticas para este curso) que deve ser ótimo também, então preciso dar uma olhada para obtê-lo!",positive,chuong_trinh_hoc
22064,Preciso saber cálculo para isso ;(. Vou aprender isso depois e assistir de novo.,negative,kien_thuc
22064,Preciso saber cálculo para isso ;(. Vou aprender isso depois e assistir de novo.,neutral,noi_chung
22065,"Obrigado ao professor por esta aulas! No nosso país não há como entender de forma tão fácil esse tipo de aula. Obrigado novamente, continue enviando",positive,ky_nang_giang_day
22065,"Obrigado ao professor por esta aulas! No nosso país não há como entender de forma tão fácil esse tipo de aula. Obrigado novamente, continue enviando",negative,noi_chung
22065,"Obrigado ao professor por esta aulas! No nosso país não há como entender de forma tão fácil esse tipo de aula. Obrigado novamente, continue enviando",positive,chuong_trinh_hoc
22066,"Não consigo mais continuar o curso, os últimos 30 minutos desta palestra parecem ser demais para mim. *depois de tentar entender os primeiros 15 minutos dos últimos 30 minutos dele por uma hora e ainda estou confuso. Agradeço seu trabalho Professor Strang. É uma ótima experiência aprender com você. Marquei esta palestra, retornarei a ela um dia",neutral,thiet_bi_day_hoc
22066,"Não consigo mais continuar o curso, os últimos 30 minutos desta palestra parecem ser demais para mim. *depois de tentar entender os primeiros 15 minutos dos últimos 30 minutos dele por uma hora e ainda estou confuso. Agradeço seu trabalho Professor Strang. É uma ótima experiência aprender com você. Marquei esta palestra, retornarei a ela um dia",positive,ky_nang_giang_day
22067,Há uma diferença de conceitos entre Lec1 e Lec2. Alguém mais sente a diferença,neutral,chuong_trinh_hoc
22067,Há uma diferença de conceitos entre Lec1 e Lec2. Alguém mais sente a diferença,neutral,chuong_trinh_hoc
22068,Por que não podemos resolver 4 equações com 3 incógnitas novamente? Considerando que as pessoas ainda estão assistindo isso em 2k18,neutral,kien_thuc
22069,Alguém sabe em qual palestra ele falou sobre matriz Jacobiana ou Hessiana,neutral,chuong_trinh_hoc
22070,"Este é o momento em que tenho que dizer obrigado! Na minha opinião, esta palestra conecta tudo o que aconteceu até agora lindamente e constrói a base para resolver os problemas de engenharia mais avançados.",positive,chuong_trinh_hoc
22070,"Este é o momento em que tenho que dizer obrigado! Na minha opinião, esta palestra conecta tudo o que aconteceu até agora lindamente e constrói a base para resolver os problemas de engenharia mais avançados.",positive,ky_nang_giang_day
22071,Ele já definiu o que é um limite? Onde?,negative,ky_nang_giang_day
22072,DR. Strang Obrigado por mais uma palestra incrível sobre Multiplicação e Fatoração de Matrizes em álgebra linear. Eu realmente gosto dessa parte da álgebra linear.,positive,ky_nang_giang_day
22072,DR. Strang Obrigado por mais uma palestra incrível sobre Multiplicação e Fatoração de Matrizes em álgebra linear. Eu realmente gosto dessa parte da álgebra linear.,positive,chuong_trinh_hoc
22072,DR. Strang Obrigado por mais uma palestra incrível sobre Multiplicação e Fatoração de Matrizes em álgebra linear. Eu realmente gosto dessa parte da álgebra linear.,positive,kien_thuc
22073,Esta aula estava indo tão rápido até esta palestra quando começou a engatinhar,neutral,chuong_trinh_hoc
22074,"Muito obrigado professor, te amo",positive,ky_nang_giang_day
22075,"whoooo!!, simplesmente perdido na natureza. Tenho que assistir de novo.",neutral,chuong_trinh_hoc
22076,"Na verdade, é muito fácil!",neutral,kien_thuc
22077,"Me leva de volta aos meus dias de estudante para vivenciar o brilhantismo da arte de Matemática! A maneira como o ensino deveria ser. A diferença agora é o ""aspecto agradável"" da devoção óbvia do Professor Strang ao assunto. Brilhantemente apresentado palestras sobre aspectos frequentemente abstrusos, com um sistema embutido de ""criatividade e inovação"" para os alunos. Certamente notável.",positive,chuong_trinh_hoc
22077,"Me leva de volta aos meus dias de estudante para vivenciar o brilhantismo da arte de Matemática! A maneira como o ensino deveria ser. A diferença agora é o ""aspecto agradável"" da devoção óbvia do Professor Strang ao assunto. Brilhantemente apresentado palestras sobre aspectos frequentemente abstrusos, com um sistema embutido de ""criatividade e inovação"" para os alunos. Certamente notável.",positive,ky_nang_giang_day
22077,"Me leva de volta aos meus dias de estudante para vivenciar o brilhantismo da arte de Matemática! A maneira como o ensino deveria ser. A diferença agora é o ""aspecto agradável"" da devoção óbvia do Professor Strang ao assunto. Brilhantemente apresentado palestras sobre aspectos frequentemente abstrusos, com um sistema embutido de ""criatividade e inovação"" para os alunos. Certamente notável.",positive,chuong_trinh_hoc
22078,Aprendi isso quando tinha 16-17 anos na escola... decepcionante.,negative,chuong_trinh_hoc
22081,"@[USERNAME]Ambos, mas Ele estava avaliando apenas o componente especial.",negative,ky_nang_giang_day
22082,obrigado Gilbert. Estou assistindo as palestras e aprendendo muito.,positive,ky_nang_giang_day
22082,obrigado Gilbert. Estou assistindo as palestras e aprendendo muito.,positive,chuong_trinh_hoc
22084,Esta é a última palestra da série? (Não é como se eu fosse receber uma resposta lol),neutral,chuong_trinh_hoc
22085,Vivemos tanto e pulamos o prova 39:40!!!!!!!,neutral,kien_thuc
22086,"Eu tive experiências horríveis com aprendizado matemática na escola primária e, desde então, tenho uma predisposição negativa a isso. Esta playlist está revertendo essa predisposição.",positive,chuong_trinh_hoc
22086,"Eu tive experiências horríveis com aprendizado matemática na escola primária e, desde então, tenho uma predisposição negativa a isso. Esta playlist está revertendo essa predisposição.",neutral,chuong_trinh_hoc
22087,como posso encontrar posto de uma matriz?,neutral,kien_thuc
22088,"Sou só eu que ouço ""poof"" toda vez que ele diz prova",negative,ky_nang_giang_day
22089,"Esta palestra foi em 2007! aqui em 2022 li nas costas da camiseta de um colegial ""CORONA"" (24:31) hahah Que profeta ele é... à frente do seu tempo!",positive,ky_nang_giang_day
22090,obrigado OCW :) por esta maravilhosa série!!,positive,chuong_trinh_hoc
22090,obrigado OCW :) por esta maravilhosa série!!,positive,noi_chung
22092,"Eu queria que ele estivesse fazendo minha revisão de matemática em Física, meu NULL é péssimo e eu tenho que passar",positive,ky_nang_giang_day
22092,"Eu queria que ele estivesse fazendo minha revisão de matemática em Física, meu NULL é péssimo e eu tenho que passar",negative,ky_nang_giang_day
22093,E se um número de colunas de pivôs não for igual a um número de colunas livres - como você pode construir a matriz N neste caso?,neutral,kien_thuc
22093,E se um número de colunas de pivôs não for igual a um número de colunas livres - como você pode construir a matriz N neste caso?,neutral,kien_thuc
22093,E se um número de colunas de pivôs não for igual a um número de colunas livres - como você pode construir a matriz N neste caso?,neutral,kien_thuc
22094,Adoro isso palestras. Eu refresco meus conhecimentos de matemática com elas. Obrigado!,positive,chuong_trinh_hoc
22095,isso -2 às 9:00 me matou :(,negative,kien_thuc
22096,O palestrante parece uma versão antiga de Nicholas Brody,neutral,chuong_trinh_hoc
22096,O palestrante parece uma versão antiga de Nicholas Brody,neutral,noi_chung
22097,alguém poderia me dizer em 33:33 como obtemos [1000] para uma solução específica? Estou tão confuso. Muito obrigado!,neutral,kien_thuc
22098,"As instalações que eles fornecem e professores que eles contratam estão entre os melhores do mundo. Essas coisas não são baratas. Eles precisam de doações para fornecer a educação gratuita. Isso, a educação gratuita, custa dinheiro para eles produzirem e hospedarem. Não se esqueça também de que MIT foi contra a vontade do resto das principais universidades ao ser a primeira a fornecer inicialmente essa educação gratuita. Eles efetivamente coagiram outras universidades importantes a fazerem o mesmo. Eles estão fazendo isso para o benefício da sociedade.",positive,thiet_bi_day_hoc
22098,"As instalações que eles fornecem e professores que eles contratam estão entre os melhores do mundo. Essas coisas não são baratas. Eles precisam de doações para fornecer a educação gratuita. Isso, a educação gratuita, custa dinheiro para eles produzirem e hospedarem. Não se esqueça também de que MIT foi contra a vontade do resto das principais universidades ao ser a primeira a fornecer inicialmente essa educação gratuita. Eles efetivamente coagiram outras universidades importantes a fazerem o mesmo. Eles estão fazendo isso para o benefício da sociedade.",positive,ky_nang_giang_day
22098,"As instalações que eles fornecem e professores que eles contratam estão entre os melhores do mundo. Essas coisas não são baratas. Eles precisam de doações para fornecer a educação gratuita. Isso, a educação gratuita, custa dinheiro para eles produzirem e hospedarem. Não se esqueça também de que MIT foi contra a vontade do resto das principais universidades ao ser a primeira a fornecer inicialmente essa educação gratuita. Eles efetivamente coagiram outras universidades importantes a fazerem o mesmo. Eles estão fazendo isso para o benefício da sociedade.",positive,chuong_trinh_hoc
22098,"As instalações que eles fornecem e professores que eles contratam estão entre os melhores do mundo. Essas coisas não são baratas. Eles precisam de doações para fornecer a educação gratuita. Isso, a educação gratuita, custa dinheiro para eles produzirem e hospedarem. Não se esqueça também de que MIT foi contra a vontade do resto das principais universidades ao ser a primeira a fornecer inicialmente essa educação gratuita. Eles efetivamente coagiram outras universidades importantes a fazerem o mesmo. Eles estão fazendo isso para o benefício da sociedade.",positive,chuong_trinh_hoc
22099,Tanta coisa abrangente palestra que eu já vi!!!,positive,chuong_trinh_hoc
22100,Algumas perguntas dos alunos são bem retardadas... o professor é incrível!,negative,noi_chung
22100,Algumas perguntas dos alunos são bem retardadas... o professor é incrível!,positive,ky_nang_giang_day
22101,Que tipo de curso de cálculo multivariável é esse? São 3 aulas completas sobre vetores e 1 até agora sobre matrizes...,neutral,chuong_trinh_hoc
22102,"Esta é a melhor explicação da fórmula de projeção que já vi. Prof. Strang não só fornece uma base matemática da fórmula derivando-a, mas também fornece intuição e motivação claras. Ele também dedica um tempo para analisar o caso mais simples de projetar em uma linha primeiro, o que permite construir a compreensão do conteúdo gradualmente. Que ótima palestra!",positive,ky_nang_giang_day
22102,"Esta é a melhor explicação da fórmula de projeção que já vi. Prof. Strang não só fornece uma base matemática da fórmula derivando-a, mas também fornece intuição e motivação claras. Ele também dedica um tempo para analisar o caso mais simples de projetar em uma linha primeiro, o que permite construir a compreensão do conteúdo gradualmente. Que ótima palestra!",positive,kien_thuc
22103,"Excelente aula e excelente palestrante, acho que os caras não viram a base da álgebra linear, é por isso que o professor Auroux deu a eles uma introdução à geometria analítica e álgebra elementar, há tarefas que no México são elementares na Facultad de Ingenieria UNAM: álgebra (números reais, números complexos, polinômios, sistemas de equação e matrizes), geometria analítica (curvas polares, curvas no espaço, álgebra vetorial, superfícies), álgebra linear (espaços vetoriais, transformações, mudança de bases, dependência de funções; combinações lineares e teoremas), obviamente cálculo diferencial e integral e, finalmente, em matemática elementar, cálculo vetorial (cálculo multivariável) que está vinculado a isso, mas o professor Auroux retomou a base em 2 horas, isso é incrível.",positive,chuong_trinh_hoc
22103,"Excelente aula e excelente palestrante, acho que os caras não viram a base da álgebra linear, é por isso que o professor Auroux deu a eles uma introdução à geometria analítica e álgebra elementar, há tarefas que no México são elementares na Facultad de Ingenieria UNAM: álgebra (números reais, números complexos, polinômios, sistemas de equação e matrizes), geometria analítica (curvas polares, curvas no espaço, álgebra vetorial, superfícies), álgebra linear (espaços vetoriais, transformações, mudança de bases, dependência de funções; combinações lineares e teoremas), obviamente cálculo diferencial e integral e, finalmente, em matemática elementar, cálculo vetorial (cálculo multivariável) que está vinculado a isso, mas o professor Auroux retomou a base em 2 horas, isso é incrível.",positive,ky_nang_giang_day
22104,"Prof. Auroux, Obrigado por essas maravilhosaspalestras",positive,ky_nang_giang_day
22104,"Prof. Auroux, Obrigado por essas maravilhosaspalestras",positive,chuong_trinh_hoc
22105,"no final ele diz que o limite é igual a ""1"", então como isso é igual a e^1!? não deveria ser e^0?",neutral,ky_nang_giang_day
22106,"base de R^n abrange o espaço de R^n, mas em 43:46, o espaço de coluna é R^3 e tínhamos apenas 2 vetores linearmente independentes, então como ele pode criar uma base? porque com apenas 2 vetores não podemos abranger R^3.",neutral,kien_thuc
22106,"base de R^n abrange o espaço de R^n, mas em 43:46, o espaço de coluna é R^3 e tínhamos apenas 2 vetores linearmente independentes, então como ele pode criar uma base? porque com apenas 2 vetores não podemos abranger R^3.",neutral,kien_thuc
22106,"base de R^n abrange o espaço de R^n, mas em 43:46, o espaço de coluna é R^3 e tínhamos apenas 2 vetores linearmente independentes, então como ele pode criar uma base? porque com apenas 2 vetores não podemos abranger R^3.",neutral,kien_thuc
22106,"base de R^n abrange o espaço de R^n, mas em 43:46, o espaço de coluna é R^3 e tínhamos apenas 2 vetores linearmente independentes, então como ele pode criar uma base? porque com apenas 2 vetores não podemos abranger R^3.",neutral,kien_thuc
22106,"base de R^n abrange o espaço de R^n, mas em 43:46, o espaço de coluna é R^3 e tínhamos apenas 2 vetores linearmente independentes, então como ele pode criar uma base? porque com apenas 2 vetores não podemos abranger R^3.",neutral,kien_thuc
22106,"base de R^n abrange o espaço de R^n, mas em 43:46, o espaço de coluna é R^3 e tínhamos apenas 2 vetores linearmente independentes, então como ele pode criar uma base? porque com apenas 2 vetores não podemos abranger R^3.",neutral,kien_thuc
22107,não sabia que Jimmy Dore ensinava estatística...,neutral,ky_nang_giang_day
22108,Ele é uma inspiração,positive,ky_nang_giang_day
22109,"Estou feliz em vê-lo novamente, Prof.",positive,ky_nang_giang_day
22110,"Meu curso final na faculdade. Adorei estatística e pode ser usado na vida real depois da faculdade. Nível de significância 3,14, moda. média amostra população qui-quadrado. Adorei Isso professor parece muito bom em ensinar e manter a aula divertida",positive,ky_nang_giang_day
22110,"Meu curso final na faculdade. Adorei estatística e pode ser usado na vida real depois da faculdade. Nível de significância 3,14, moda. média amostra população qui-quadrado. Adorei Isso professor parece muito bom em ensinar e manter a aula divertida",positive,chuong_trinh_hoc
22110,"Meu curso final na faculdade. Adorei estatística e pode ser usado na vida real depois da faculdade. Nível de significância 3,14, moda. média amostra população qui-quadrado. Adorei Isso professor parece muito bom em ensinar e manter a aula divertida",neutral,kien_thuc
22110,"Meu curso final na faculdade. Adorei estatística e pode ser usado na vida real depois da faculdade. Nível de significância 3,14, moda. média amostra população qui-quadrado. Adorei Isso professor parece muito bom em ensinar e manter a aula divertida",neutral,kien_thuc
22110,"Meu curso final na faculdade. Adorei estatística e pode ser usado na vida real depois da faculdade. Nível de significância 3,14, moda. média amostra população qui-quadrado. Adorei Isso professor parece muito bom em ensinar e manter a aula divertida",neutral,kien_thuc
22110,"Meu curso final na faculdade. Adorei estatística e pode ser usado na vida real depois da faculdade. Nível de significância 3,14, moda. média amostra população qui-quadrado. Adorei Isso professor parece muito bom em ensinar e manter a aula divertida",neutral,kien_thuc
22111,"Obrigado, professor, e MIT, me ajudou muito a entender Álgebra Linear",positive,kien_thuc
22112,"Isto é incrível. Obrigado equipe do MIT OCW por todas essas incríveis palestras postadas... enviando meus respeitos... de Delhi, Índia.",positive,chuong_trinh_hoc
22112,"Isto é incrível. Obrigado equipe do MIT OCW por todas essas incríveis palestras postadas... enviando meus respeitos... de Delhi, Índia.",positive,noi_chung
22113,esse cara é tranquilo eu gosto dele,positive,ky_nang_giang_day
22114,25:10 NÃO é um toin coss,neutral,chuong_trinh_hoc
22115,Eu queria ser tão bom em *qualquer coisa* quanto esse cara é em ensinar.,positive,ky_nang_giang_day
22116,vale a pena gastar tempo para ver este maravilhoso vídeo,positive,chuong_trinh_hoc
22117,"Sinceramente, acho que deveria haver pessoas moderando a seção de comentários que apagam esses comentários de julgamento. Os alunos têm o direito de aprender em um ambiente seguro. Fazer perguntas ""idiotas"" é parte integrante do aprendizado, assim como cometer erros. É triste ver os alunos engolirem suas dúvidas porque se preocupam com sua aparência na frente dos outros. Então, se você sabe as respostas para as perguntas, fique quieto e assista ao vídeo sem ser um idiota crítico.",negative,thiet_bi_day_hoc
22117,"Sinceramente, acho que deveria haver pessoas moderando a seção de comentários que apagam esses comentários de julgamento. Os alunos têm o direito de aprender em um ambiente seguro. Fazer perguntas ""idiotas"" é parte integrante do aprendizado, assim como cometer erros. É triste ver os alunos engolirem suas dúvidas porque se preocupam com sua aparência na frente dos outros. Então, se você sabe as respostas para as perguntas, fique quieto e assista ao vídeo sem ser um idiota crítico.",positive,noi_chung
22118,"""Respire fundo. Ok, a fita não vai, mas o palestrante vai"" Hilário :D",positive,ky_nang_giang_day
22118,"""Respire fundo. Ok, a fita não vai, mas o palestrante vai"" Hilário :D",negative,thiet_bi_day_hoc
22119,Esse cara precisa do giz de Walter Lewin para desenhar essas linhas pontilhadas,neutral,ky_nang_giang_day
22120,O branco ruído no fundo é a parte mais irritante dessas palestras. Alguém sabe uma maneira de deruído esses vídeos? É tão difícil focar por causa dessa estática ruído.,negative,thiet_bi_day_hoc
22120,O branco ruído no fundo é a parte mais irritante dessas palestras. Alguém sabe uma maneira de deruído esses vídeos? É tão difícil focar por causa dessa estática ruído.,negative,chuong_trinh_hoc
22120,O branco ruído no fundo é a parte mais irritante dessas palestras. Alguém sabe uma maneira de deruído esses vídeos? É tão difícil focar por causa dessa estática ruído.,negative,chuong_trinh_hoc
22120,O branco ruído no fundo é a parte mais irritante dessas palestras. Alguém sabe uma maneira de deruído esses vídeos? É tão difícil focar por causa dessa estática ruído.,negative,thiet_bi_day_hoc
22121,"""EU ADICIONO! 3 vezes a linha um até... (olhadinha rápida no nível da velocidade da luz) a linha dois!"" Esse cara é o melhor do ensino de álgebra linear.",positive,ky_nang_giang_day
22123,EU AMO GILBERT STRANG SENHOR. Estou no ensino médio e adoro suas palestras. Tudo isso é ensinado de forma chata em nossa classe... mas STRNG SENHOR torna esse tópico épico. Agora eu amo álgebra linear!! muito obrigado MIT por ajudar milhões como eu,positive,ky_nang_giang_day
22124,como você se lembra de todas essas fórmulas? Estou impressionado.,positive,ky_nang_giang_day
22124,como você se lembra de todas essas fórmulas? Estou impressionado.,negative,kien_thuc
22125,"Todas matrizes importam, não existe matriz boa ou ruim :P",neutral,kien_thuc
22126,"Prof.Strang: ""Se você puder me dizer o que tem naquele bloco, vou ficar quieto pelo resto do dia"" Uau!! Isso mostra sua paixão. *Chapéu tirado* Senhor...",positive,ky_nang_giang_day
22127,"Sou muito burro para o MIT, mas as aulas dele são muito mais simples e fáceis de entender do que as do meu professor. #SJSU",positive,chuong_trinh_hoc
22129,"Realmente, deveríamos agradecer a você, do fundo do coração.",positive,ky_nang_giang_day
22130,"Em 42:59, ao decidir o altura do retângulo em um intervalo com x variando de 0 a 1, não deveríamos adicionar o altura do retângulo acima ou abaixo do eixo x? Por que subtraímos?",neutral,kien_thuc
22131,tão pé no chão professor e fala de uma maneira tão amigável (Y),positive,ky_nang_giang_day
22132,Simplicidade incrível. Gostaria de tê-lo na faculdade,positive,ky_nang_giang_day
22133,"Ele continua ultrapassando os limites!! Não é que eu não entenda, mas nunca pensei que você pudesse usar essas ferramentas dessa maneira!",positive,ky_nang_giang_day
22134,"Tenho minha aula de álgebra linear de manhã cedo e nunca consigo chegar à aula. Fiquei frustrado por não conseguir acompanhar tudo isso, mas assistir a esses vídeos está me ajudando muito. Agradeço sinceramente ao professor Strang e a este canal!",positive,chuong_trinh_hoc
22134,"Tenho minha aula de álgebra linear de manhã cedo e nunca consigo chegar à aula. Fiquei frustrado por não conseguir acompanhar tudo isso, mas assistir a esses vídeos está me ajudando muito. Agradeço sinceramente ao professor Strang e a este canal!",positive,ky_nang_giang_day
22134,"Tenho minha aula de álgebra linear de manhã cedo e nunca consigo chegar à aula. Fiquei frustrado por não conseguir acompanhar tudo isso, mas assistir a esses vídeos está me ajudando muito. Agradeço sinceramente ao professor Strang e a este canal!",positive,chuong_trinh_hoc
22134,"Tenho minha aula de álgebra linear de manhã cedo e nunca consigo chegar à aula. Fiquei frustrado por não conseguir acompanhar tudo isso, mas assistir a esses vídeos está me ajudando muito. Agradeço sinceramente ao professor Strang e a este canal!",negative,noi_chung
22135,Isto palestrante é absolutamente incrível.,positive,ky_nang_giang_day
22136,Às 10:27 como estamos calculando E21(matriz de eliminação)?,neutral,kien_thuc
22137,"Depois de passar no curso de álgebra linear, fiquei meio decepcionado por não precisar ver sua palestra novamente. Mas para análise de dados, você veio novamente em resolução HD. Que bom ver você professor.",positive,ky_nang_giang_day
22138,"Obrigado professor Strang pelas excelentes palestras. Acho que assistir a todas as suas palestras no YouTube (claro, se você não estiver matriculado no MIT, nesse caso você pode se registrar para 18.06) é A MELHOR maneira de aprender Álgebra Linear! Gostei particularmente da maneira como você explica usando exemplos e sempre nos ajuda a ter uma visão geral, mesmo quando estamos discutindo algo específico. Você é um ótimo professor!",positive,ky_nang_giang_day
22138,"Obrigado professor Strang pelas excelentes palestras. Acho que assistir a todas as suas palestras no YouTube (claro, se você não estiver matriculado no MIT, nesse caso você pode se registrar para 18.06) é A MELHOR maneira de aprender Álgebra Linear! Gostei particularmente da maneira como você explica usando exemplos e sempre nos ajuda a ter uma visão geral, mesmo quando estamos discutindo algo específico. Você é um ótimo professor!",positive,chuong_trinh_hoc
22139,"Paguei uma tonelada de dinheiro em faculdade, fui lá todos os dias por várias horas e não aprendi nada. E aqui estou eu aprendendo de graça, do conforto de casa, com os melhores professores do mundo. Respeito e amor a professor estranho.",negative,noi_chung
22139,"Paguei uma tonelada de dinheiro em faculdade, fui lá todos os dias por várias horas e não aprendi nada. E aqui estou eu aprendendo de graça, do conforto de casa, com os melhores professores do mundo. Respeito e amor a professor estranho.",positive,ky_nang_giang_day
22139,"Paguei uma tonelada de dinheiro em faculdade, fui lá todos os dias por várias horas e não aprendi nada. E aqui estou eu aprendendo de graça, do conforto de casa, com os melhores professores do mundo. Respeito e amor a professor estranho.",positive,ky_nang_giang_day
22140,Acho que o formato da tigela mudará quando adicionarmos (x^Tb )às 17:00. Estou certo???,neutral,kien_thuc
22140,Acho que o formato da tigela mudará quando adicionarmos (x^Tb )às 17:00. Estou certo???,neutral,kien_thuc
22141,o que livro didático eles usaram?,neutral,thiet_bi_day_hoc
22142,"ele faz perguntas ao público e responde a si mesmo antes de fazê-las, e esse é um ponto interessante em sua palestra. Parece que ele ensina a si mesmo, não ao público.",positive,ky_nang_giang_day
22143,"Muito obrigado, senhor. Estou assistindo palestras e gostando delas. Eu me beneficiei de você porque não temos um professor no Iêmen por causa da situação de guerra, então você se tornou meu professor",positive,chuong_trinh_hoc
22143,"Muito obrigado, senhor. Estou assistindo palestras e gostando delas. Eu me beneficiei de você porque não temos um professor no Iêmen por causa da situação de guerra, então você se tornou meu professor",positive,ky_nang_giang_day
22144,Esta é talvez a melhor palestra de todo o curso.,positive,chuong_trinh_hoc
22145,"Estou assistindo a essas aulas, eu as entendo, mas quando vou resolver o Psets, parece que não sei nada... alguém está tendo o mesmo problema com o Psets?",negative,kien_thuc
22146,Ele tem uma excelente caligrafia no quadro-negro.,positive,ky_nang_giang_day
22147,Ele é o melhor professor que já tive. Como posso entrar em contato com ele? Por favor!!! Muito obrigado.,positive,ky_nang_giang_day
22148,"A distribuição beta pode ser bimodal quando ambos os parâmetros são menores que 1, e a curva tem formato de U. Por que eles não usam quadros brancos, mas esses feios quadros negros?",negative,thiet_bi_day_hoc
22149,"@ 8:47, não deveria ser a -5?",neutral,kien_thuc
22150,"lol engraçado, estou assistindo isso pela primeira vez hoje e foi postado exatamente 7 anos atrás xDobrigado pelo vídeo, realmente útil! Eu estava lutando com esse conceito para meu curso atual álgebra linear 2 desde que fiz a versão não especializada de álgebra linear 1, que realmente não nos testou em provas. Acho que agora tenho uma melhor compreensão dos quatro subespaços fundamentais! :)",positive,chuong_trinh_hoc
22150,"lol engraçado, estou assistindo isso pela primeira vez hoje e foi postado exatamente 7 anos atrás xDobrigado pelo vídeo, realmente útil! Eu estava lutando com esse conceito para meu curso atual álgebra linear 2 desde que fiz a versão não especializada de álgebra linear 1, que realmente não nos testou em provas. Acho que agora tenho uma melhor compreensão dos quatro subespaços fundamentais! :)",positive,chuong_trinh_hoc
22151,"Quero dizer a todos os entusiastas da matemática por aí para nunca desistirem, porque matemática é difícil para todos... Você pode ver que até sr. Strang diz que às vezes se perde, e ele ensina essas coisas há anos. (Senti que isso estava faltando nos comentários) a propósito. *que lenda viva!*",positive,ky_nang_giang_day
22151,"Quero dizer a todos os entusiastas da matemática por aí para nunca desistirem, porque matemática é difícil para todos... Você pode ver que até sr. Strang diz que às vezes se perde, e ele ensina essas coisas há anos. (Senti que isso estava faltando nos comentários) a propósito. *que lenda viva!*",neutral,kien_thuc
22151,"Quero dizer a todos os entusiastas da matemática por aí para nunca desistirem, porque matemática é difícil para todos... Você pode ver que até sr. Strang diz que às vezes se perde, e ele ensina essas coisas há anos. (Senti que isso estava faltando nos comentários) a propósito. *que lenda viva!*",neutral,kien_thuc
22152,"Muito claro, entendi tudo. Obrigado.",positive,kien_thuc
22153,esse cara é meu theta^ para a distribuição de estatísticos legais,positive,ky_nang_giang_day
22154,"Se um país tem um professor como ele, esse país está fadado a prosperar...",positive,ky_nang_giang_day
22155,"A última equação (At*y) adiciona umay) nova informação? Suponho que encontrar y) (correntes) de C*e seria o último passo, certo?",neutral,kien_thuc
22155,"A última equação (At*y) adiciona umay) nova informação? Suponho que encontrar y) (correntes) de C*e seria o último passo, certo?",neutral,kien_thuc
22155,"A última equação (At*y) adiciona umay) nova informação? Suponho que encontrar y) (correntes) de C*e seria o último passo, certo?",neutral,kien_thuc
22156,@[USERNAME]é apenas o mesmo problema feito de uma maneira diferente... ele está definindo NULL para obter o ponto crítico... assim como ele fez no primeiro método que ele usou para resolver o problema...,positive,ky_nang_giang_day
22156,@[USERNAME]é apenas o mesmo problema feito de uma maneira diferente... ele está definindo NULL para obter o ponto crítico... assim como ele fez no primeiro método que ele usou para resolver o problema...,neutral,kien_thuc
22157,"A palestra foi ótima até segunda lei de Keppler, então eles me perderam :(",positive,chuong_trinh_hoc
22157,"A palestra foi ótima até segunda lei de Keppler, então eles me perderam :(",negative,kien_thuc
22158,Eu realmente gostei das Dr. Jerison palestras. Seu senso de humor é perverso.,positive,chuong_trinh_hoc
22158,Eu realmente gostei das Dr. Jerison palestras. Seu senso de humor é perverso.,positive,ky_nang_giang_day
22159,"Muito obrigado, Prof. Strang e MIT por tornarem a álgebra linear (direta) e simples.",positive,ky_nang_giang_day
22159,"Muito obrigado, Prof. Strang e MIT por tornarem a álgebra linear (direta) e simples.",positive,noi_chung
22159,"Muito obrigado, Prof. Strang e MIT por tornarem a álgebra linear (direta) e simples.",positive,chuong_trinh_hoc
22160,"Esta seção de comentários certamente tem muitos egos. Gênios da matemática sentindo a necessidade de mostrar suas habilidades loucas: humildade pode fazer bem a você. É fantástico que essas coisas sejam incrivelmente fáceis para você - não é para todos, e proclamar sua genialidade para o mundo não serve a ninguém, só parece arrogante. Se isso estiver abaixo do seu nível - ótimo, vá para alguns vídeos de nível mais alto. Enquanto isso, mostre algum respeito por MIT e apreciação por seu trabalho em tornar boa educação aberta a todos, e alguma consideração por seus colegas estudantes que podem ter mais problemas com essas coisas.",positive,noi_chung
22160,"Esta seção de comentários certamente tem muitos egos. Gênios da matemática sentindo a necessidade de mostrar suas habilidades loucas: humildade pode fazer bem a você. É fantástico que essas coisas sejam incrivelmente fáceis para você - não é para todos, e proclamar sua genialidade para o mundo não serve a ninguém, só parece arrogante. Se isso estiver abaixo do seu nível - ótimo, vá para alguns vídeos de nível mais alto. Enquanto isso, mostre algum respeito por MIT e apreciação por seu trabalho em tornar boa educação aberta a todos, e alguma consideração por seus colegas estudantes que podem ter mais problemas com essas coisas.",positive,chuong_trinh_hoc
22161,@[USERNAME]O que você quer dizer? Nem todo mundo tem o luxo de ter feito ou mesmo saber que queria fazer calc ou acima no ensino médio,neutral,kien_thuc
22162,acabei de terminar a série. Levei cerca de 2 semanas estudando meio período + 2 semanas em período integral. Hora de começar a estudar 18.02 multivariável.,neutral,chuong_trinh_hoc
22162,acabei de terminar a série. Levei cerca de 2 semanas estudando meio período + 2 semanas em período integral. Hora de começar a estudar 18.02 multivariável.,negative,kien_thuc
22163,Você ainda usa giz e quadros-negros na América?? Nós paramos de usá-los na Inglaterra quando eu tinha uns 8 anos (agora tenho 18). Parece um pouco pré-histórico. Você palestrante nunca ouviu falar de powerpoint? ou mesmo apenas de um quadro branco?,neutral,thiet_bi_day_hoc
22163,Você ainda usa giz e quadros-negros na América?? Nós paramos de usá-los na Inglaterra quando eu tinha uns 8 anos (agora tenho 18). Parece um pouco pré-histórico. Você palestrante nunca ouviu falar de powerpoint? ou mesmo apenas de um quadro branco?,neutral,thiet_bi_day_hoc
22163,Você ainda usa giz e quadros-negros na América?? Nós paramos de usá-los na Inglaterra quando eu tinha uns 8 anos (agora tenho 18). Parece um pouco pré-histórico. Você palestrante nunca ouviu falar de powerpoint? ou mesmo apenas de um quadro branco?,neutral,ky_nang_giang_day
22163,Você ainda usa giz e quadros-negros na América?? Nós paramos de usá-los na Inglaterra quando eu tinha uns 8 anos (agora tenho 18). Parece um pouco pré-histórico. Você palestrante nunca ouviu falar de powerpoint? ou mesmo apenas de um quadro branco?,neutral,thiet_bi_day_hoc
22163,Você ainda usa giz e quadros-negros na América?? Nós paramos de usá-los na Inglaterra quando eu tinha uns 8 anos (agora tenho 18). Parece um pouco pré-histórico. Você palestrante nunca ouviu falar de powerpoint? ou mesmo apenas de um quadro branco?,neutral,thiet_bi_day_hoc
22164,"@[USERNAME]Certo, porque tenho certeza de que a maioria dessas coisas são muito óbvias para ele, mas ele ainda está tentando explicar passo a passo.",positive,ky_nang_giang_day
22165,Obrigado Professor Strang e MIT. Isso é divertido e ótimo! Ele resume tudo aos fundamentos. O melhor que você pode conseguir!,positive,ky_nang_giang_day
22165,Obrigado Professor Strang e MIT. Isso é divertido e ótimo! Ele resume tudo aos fundamentos. O melhor que você pode conseguir!,positive,noi_chung
22166,faça matrizes extensão a espaço se eles fazem como?,neutral,kien_thuc
22166,faça matrizes extensão a espaço se eles fazem como?,neutral,kien_thuc
22166,faça matrizes extensão a espaço se eles fazem como?,neutral,kien_thuc
22168,"Eu não sabia sobre matrizes de Markov, elas são muito interessantes. Então todas as matrizes n x n com cada entrada igual a 1/n são matrizes de Markov, com autovalores 0 e 1 (1 porque são matrizes de Markov, 0 porque sua classificação é igual a 1).",positive,kien_thuc
22169,"ele explica bem, pena que não o tenha criticado antes",positive,ky_nang_giang_day
22170,LOL.. Eu me pergunto se ele trouxe a cadeia especialmente para explicar por que derivada é chamada de cadeia derivada! Era uma explicação errada de qualquer maneira!,negative,kien_thuc
22170,LOL.. Eu me pergunto se ele trouxe a cadeia especialmente para explicar por que derivada é chamada de cadeia derivada! Era uma explicação errada de qualquer maneira!,negative,ky_nang_giang_day
22170,LOL.. Eu me pergunto se ele trouxe a cadeia especialmente para explicar por que derivada é chamada de cadeia derivada! Era uma explicação errada de qualquer maneira!,negative,kien_thuc
22171,"Obrigado querido Senhor, te amo. Você é como Deus para nós",positive,ky_nang_giang_day
22172,Como ele obteve a equação em 23:01? Não entendi. Ele diferenciou em relação a ds ou o quê? Por favor ajude.,neutral,kien_thuc
22172,Como ele obteve a equação em 23:01? Não entendi. Ele diferenciou em relação a ds ou o quê? Por favor ajude.,neutral,kien_thuc
22173,Isso não é ensino. É só copiar o livro didático para o quadro negro e recitar o texto do livro didático. Um verdadeiro professor daria exemplos concretos que mostrassem com inteiros como essas funções funcionavam.,negative,chuong_trinh_hoc
22173,Isso não é ensino. É só copiar o livro didático para o quadro negro e recitar o texto do livro didático. Um verdadeiro professor daria exemplos concretos que mostrassem com inteiros como essas funções funcionavam.,neutral,kien_thuc
22173,Isso não é ensino. É só copiar o livro didático para o quadro negro e recitar o texto do livro didático. Um verdadeiro professor daria exemplos concretos que mostrassem com inteiros como essas funções funcionavam.,neutral,kien_thuc
22173,Isso não é ensino. É só copiar o livro didático para o quadro negro e recitar o texto do livro didático. Um verdadeiro professor daria exemplos concretos que mostrassem com inteiros como essas funções funcionavam.,neutral,ky_nang_giang_day
22174,"Cara, ele parece muito velho",neutral,ky_nang_giang_day
22175,tão grande palestras me faz pensar que parte do sucesso dos alunos do MIT se deve à habilidade inata e quanto se deve ao ensino superior,positive,chuong_trinh_hoc
22176,"Espero que a pessoa que controla a câmera pudesse ter mostrado os 2 ou 3 quadros sobre os quais o professor estava falando, e não apenas perseguir o professor...",negative,noi_chung
22176,"Espero que a pessoa que controla a câmera pudesse ter mostrado os 2 ou 3 quadros sobre os quais o professor estava falando, e não apenas perseguir o professor...",negative,thiet_bi_day_hoc
22177,@[USERNAME]. Como o professor conclui que variância é 1 se a variável aleatória é dividida por desvio padrão?,neutral,kien_thuc
22177,@[USERNAME]. Como o professor conclui que variância é 1 se a variável aleatória é dividida por desvio padrão?,neutral,ky_nang_giang_day
22177,@[USERNAME]. Como o professor conclui que variância é 1 se a variável aleatória é dividida por desvio padrão?,neutral,kien_thuc
22177,@[USERNAME]. Como o professor conclui que variância é 1 se a variável aleatória é dividida por desvio padrão?,neutral,kien_thuc
22178,O que é interessante palestra nisso. Você mostrou como a matemática é um pilar da estatística. Durante a palestra eu penso nas suposições da estimativa dos mínimos quadrados. Ela vem da matemática (como a suposição de independência). Ótimo trabalho. Deus o abençoe prof.,positive,chuong_trinh_hoc
22178,O que é interessante palestra nisso. Você mostrou como a matemática é um pilar da estatística. Durante a palestra eu penso nas suposições da estimativa dos mínimos quadrados. Ela vem da matemática (como a suposição de independência). Ótimo trabalho. Deus o abençoe prof.,positive,ky_nang_giang_day
22179,"Professor Strang foi meu orientador no MIT. Para mim, ele foi uma tábua de salvação que me ajudou a passar pelo processo muito difícil de aprender para me tornar quem eu queria ser.",positive,ky_nang_giang_day
22180,Gostei muito deste curso -- obrigado!,positive,chuong_trinh_hoc
22181,"Sem isso galeria de palestras e quadros negros, não parece o MIT.",positive,chuong_trinh_hoc
22182,"Agora me arrependo de não ter assistido a todos os seus vídeos, embora eu soubesse que eles estavam disponíveis e eram ótimos vídeos!",positive,chuong_trinh_hoc
22183,isso foi realmente muito mal limpo quadro negro no 0:33,negative,thiet_bi_day_hoc
22184,"Eu assisti a todas palestras em 18.06 e é um choque para mim o quanto Srang envelheceu. Rezo para que possamos mantê-lo para sempre. Por favor, Deus, nunca o tire de nós.",positive,chuong_trinh_hoc
22184,"Eu assisti a todas palestras em 18.06 e é um choque para mim o quanto Srang envelheceu. Rezo para que possamos mantê-lo para sempre. Por favor, Deus, nunca o tire de nós.",positive,ky_nang_giang_day
22185,Ele ensina probabilidade contando uma história em vez de repetir as fórmulas e definições - o que a maioria dos professores faz.,positive,ky_nang_giang_day
22185,Ele ensina probabilidade contando uma história em vez de repetir as fórmulas e definições - o que a maioria dos professores faz.,negative,ky_nang_giang_day
22186,:0Por que ainda não é crime não ensinar assim no ensino médio?,neutral,kien_thuc
22187,erro perto de 28:00 ----->  dy/dt = -2t     a função de posição começa como y= -t^2 então a derivada deve ser negativa para dy/dt,negative,kien_thuc
22188,Lembro-me de quando a (cor 1:4) era uma polêmica vivida.,positive,kien_thuc
22189,"Se você quiser ver algumas expansões legais dessas ideias, confira G. Strang em /watch?v=CgfkEUOFAj0",positive,ky_nang_giang_day
22190,"Esse cara é bom até certo ponto, mas eu gosto de alguém como Eddie Woo, que busca feedback dos alunos e tem mais personalidade. Ele deveria ocasionalmente responder perguntas, o que ele não faz. Muitas vezes ele está olhando para o chão.",neutral,ky_nang_giang_day
22191,"qual é a diferença entre primeira velocidade (velocidade unitária - condição para ""teta"" = t) e a próxima |vetor velocidade| ???",neutral,kien_thuc
22191,"qual é a diferença entre primeira velocidade (velocidade unitária - condição para ""teta"" = t) e a próxima |vetor velocidade| ???",neutral,kien_thuc
22192,Obrigado MIT. Muito obrigado MIT). Um trabalho maravilhoso. Eu realmente aprecio isso.,positive,ky_nang_giang_day
22192,Obrigado MIT. Muito obrigado MIT). Um trabalho maravilhoso. Eu realmente aprecio isso.,positive,noi_chung
22193,Mais como dilbert space! Estou certo?!,neutral,kien_thuc
22194,"Indexei isso vídeo no MyVindex para referência rápida vídeo entre as interpretações geométricas, analíticas e exemplos. - http://www.myvindex.co/app.html#/home/iSKiXlzQ . Envie-me um e-mail se estiver interessado no MyVindex em jmoseman01@gmail.com",neutral,chuong_trinh_hoc
22195,"lol, o cara que faz as legendas é muito engraçado (resposta inaudível dos alunos) !!! hahahahah. Essa lição é muito bem pensada !! caramba, queria ter ido para o MIT :(",positive,chuong_trinh_hoc
22195,"lol, o cara que faz as legendas é muito engraçado (resposta inaudível dos alunos) !!! hahahahah. Essa lição é muito bem pensada !! caramba, queria ter ido para o MIT :(",neutral,noi_chung
22196,"@[USERNAME]Você ficaria surpreso com o quão ""perfeitas"" são as gramáticas dos falantes nativos .",negative,ky_nang_giang_day
22197,"não ouça isso em estéreo, pensei que meu fone de ouvido esquerdo tivesse caído",negative,thiet_bi_day_hoc
22197,"não ouça isso em estéreo, pensei que meu fone de ouvido esquerdo tivesse caído",negative,noi_chung
22198,Eu gostaria de ter uma palestra como essa na minha universidade.,negative,noi_chung
22198,Eu gostaria de ter uma palestra como essa na minha universidade.,positive,chuong_trinh_hoc
22199,A razão pela qual eu passei de odiar matemática para amar matemática (especialmente álgebra linear) é Gilbert Strang. Que professor incrível.,positive,ky_nang_giang_day
22199,A razão pela qual eu passei de odiar matemática para amar matemática (especialmente álgebra linear) é Gilbert Strang. Que professor incrível.,positive,kien_thuc
22199,A razão pela qual eu passei de odiar matemática para amar matemática (especialmente álgebra linear) é Gilbert Strang. Que professor incrível.,positive,kien_thuc
22200,"Alguém pode fornecer os links para os vídeos extras que ele disse que vai enviar. Como a Distribuição Gaussiana um acima no stellar. Eu pesquisei stellar MIT, mas não consegui encontrar.",neutral,ky_nang_giang_day
22200,"Alguém pode fornecer os links para os vídeos extras que ele disse que vai enviar. Como a Distribuição Gaussiana um acima no stellar. Eu pesquisei stellar MIT, mas não consegui encontrar.",neutral,kien_thuc
22201,Não poderíamos ter usado a regra da cadeia?,neutral,kien_thuc
22202,"É um vídeo incrível. Ele me fez saber o real significado de matrizes, não apenas usá-lo para calcular",positive,thiet_bi_day_hoc
22202,"É um vídeo incrível. Ele me fez saber o real significado de matrizes, não apenas usá-lo para calcular",positive,ky_nang_giang_day
22202,"É um vídeo incrível. Ele me fez saber o real significado de matrizes, não apenas usá-lo para calcular",positive,kien_thuc
22203,Esta é uma palestra da melhor qualidade. Emocionante,positive,chuong_trinh_hoc
22204,"O sabor é diferente com pessoas do MIT! Você ""sente"" a ciência com eles! Eu invejo aqueles que tiveram a oportunidade de sentar nessas salas de aula!",positive,ky_nang_giang_day
22204,"O sabor é diferente com pessoas do MIT! Você ""sente"" a ciência com eles! Eu invejo aqueles que tiveram a oportunidade de sentar nessas salas de aula!",positive,thiet_bi_day_hoc
22205,"Terrível vídeo. Qual é um exemplo de um espaço de Hilbert com números reais em uma aplicação real. Este homem está apenas copiando linhas de um livro-texto, mas não fornece exemplos concretos que explicariam Hilbert. Triste. Uma perda de tempo.",negative,chuong_trinh_hoc
22205,"Terrível vídeo. Qual é um exemplo de um espaço de Hilbert com números reais em uma aplicação real. Este homem está apenas copiando linhas de um livro-texto, mas não fornece exemplos concretos que explicariam Hilbert. Triste. Uma perda de tempo.",negative,ky_nang_giang_day
22205,"Terrível vídeo. Qual é um exemplo de um espaço de Hilbert com números reais em uma aplicação real. Este homem está apenas copiando linhas de um livro-texto, mas não fornece exemplos concretos que explicariam Hilbert. Triste. Uma perda de tempo.",negative,kien_thuc
22205,"Terrível vídeo. Qual é um exemplo de um espaço de Hilbert com números reais em uma aplicação real. Este homem está apenas copiando linhas de um livro-texto, mas não fornece exemplos concretos que explicariam Hilbert. Triste. Uma perda de tempo.",negative,kien_thuc
22206,por que em 44:50 todas as combinações lineares da coluna 1 e coluna 2 criam um plano em vez de todo R^3?,neutral,kien_thuc
22207,"que a explicação mais complicada para o que ""e"" é. Agora sinto que não entendo.",neutral,kien_thuc
22208,Ser aceito no MIT não garante conhecimento superior. Este é um calouro curso.,neutral,noi_chung
22208,Ser aceito no MIT não garante conhecimento superior. Este é um calouro curso.,neutral,chuong_trinh_hoc
22209,"Seu estilo de ensino parece casual e intuitivo. Eu vou para uma pequena faculdade pública e o curso é muito mais formal e orientado a provas. Essas palestras são um ótimo acréscimo (e também uma boa pausa) às provas formais. Obrigado, MIT!",positive,chuong_trinh_hoc
22209,"Seu estilo de ensino parece casual e intuitivo. Eu vou para uma pequena faculdade pública e o curso é muito mais formal e orientado a provas. Essas palestras são um ótimo acréscimo (e também uma boa pausa) às provas formais. Obrigado, MIT!",positive,chuong_trinh_hoc
22209,"Seu estilo de ensino parece casual e intuitivo. Eu vou para uma pequena faculdade pública e o curso é muito mais formal e orientado a provas. Essas palestras são um ótimo acréscimo (e também uma boa pausa) às provas formais. Obrigado, MIT!",positive,chuong_trinh_hoc
22210,esse homem é uma lenda,positive,ky_nang_giang_day
22211,"Por que os locais distantes universidades pelos quais pagamos não nos dão uma compreensão sólida do assunto, enquanto os vídeos globais gratuitos que estão entre nossas mãos dão? Talvez eu não devesse ter me registrado na uni em primeiro lugar...",negative,kien_thuc
22211,"Por que os locais distantes universidades pelos quais pagamos não nos dão uma compreensão sólida do assunto, enquanto os vídeos globais gratuitos que estão entre nossas mãos dão? Talvez eu não devesse ter me registrado na uni em primeiro lugar...",negative,noi_chung
22212,Estou finalmente aprendendo noções básicas de álgebra linear.,neutral,kien_thuc
22213,Alguém sabe onde posso obter soluções para este curso no site do MIT OCW?,neutral,thiet_bi_day_hoc
22213,Alguém sabe onde posso obter soluções para este curso no site do MIT OCW?,neutral,chuong_trinh_hoc
22213,Alguém sabe onde posso obter soluções para este curso no site do MIT OCW?,neutral,noi_chung
22214,dois caras no banco da frente,neutral,ky_nang_giang_day
22215,Alguém sabe a qual artigo exato de Dr. Jon Kleinberg Prof Strang se refere no final?,neutral,ky_nang_giang_day
22215,Alguém sabe a qual artigo exato de Dr. Jon Kleinberg Prof Strang se refere no final?,neutral,ky_nang_giang_day
22216,"45:50 Espere, isso não é verdade apenas para orthoNORMAL matrizes? Se a matriz for apenas ortogonal, haverá quadrados dos comprimentos de seu vetor na diagonal.",neutral,kien_thuc
22217,"É mencionado que ""phi é um valor positivo conhecido"" (16,28 min). Estou pensando se dist. exponencial se enquadra na família exponencial canônica (ou não), onde theta = lambda, b(theta) = ln(theta) e phi = -1?",neutral,kien_thuc
22218,Assistindo a palestra final (concluída com o curso) 17 set 2020 Líbia. Obrigado MIT,positive,chuong_trinh_hoc
22219,"e, uma das mais belas funções descrevendo a natureza deve ser apresentada de uma forma cristalina e agradável para o público, mas não deve ser tão trabalhosa. Isso não é típico de Prof Jerison.",neutral,ky_nang_giang_day
22220,Estou ficando tonto quando câmera se move com o movimento de professor,negative,thiet_bi_day_hoc
22220,Estou ficando tonto quando câmera se move com o movimento de professor,negative,ky_nang_giang_day
22221,Há duas maneiras de resolver e^xarctanx. Alguém?,neutral,kien_thuc
22222,"Uau. Acabei de terminar o curso dele álgebra linear. Não sabia que já fazia tanto tempo. Obrigado por todo o seu trabalho, senhor!",positive,ky_nang_giang_day
22222,"Uau. Acabei de terminar o curso dele álgebra linear. Não sabia que já fazia tanto tempo. Obrigado por todo o seu trabalho, senhor!",positive,chuong_trinh_hoc
22223,Isto é o mesmo que introdução a estatística para economistas???,neutral,chuong_trinh_hoc
22223,Isto é o mesmo que introdução a estatística para economistas???,neutral,chuong_trinh_hoc
22224,"Welen ele disse isso palestra é tele Início da Álgebra Linear Real, fiquei arrepiado",neutral,ky_nang_giang_day
22224,"Welen ele disse isso palestra é tele Início da Álgebra Linear Real, fiquei arrepiado",neutral,chuong_trinh_hoc
22225,Incrível palestra aprendi muito!!,positive,chuong_trinh_hoc
22226,"obrigado senhor pela excelente palestra -- por favor, divida as longas palestra em curtas palestra",positive,chuong_trinh_hoc
22226,"obrigado senhor pela excelente palestra -- por favor, divida as longas palestra em curtas palestra",positive,ky_nang_giang_day
22227,eu literalmente esperei anos por isso vídeo. vou assistir essa porra toda,positive,chuong_trinh_hoc
22228,Nenhuma prova real da regra da cadeia multivariável: Eu perdi em 20:27. Alguém sabe onde encontrar uma na internet? Obrigado.,neutral,kien_thuc
22229,Já faz mais de 10 anos desde que aprendi isso pela primeira vez no ensino médio. Agora acho que finalmente entendi a fórmula para a derivada depois que esse cara deu uma palestra de 20 minutos.,positive,kien_thuc
22229,Já faz mais de 10 anos desde que aprendi isso pela primeira vez no ensino médio. Agora acho que finalmente entendi a fórmula para a derivada depois que esse cara deu uma palestra de 20 minutos.,positive,kien_thuc
22229,Já faz mais de 10 anos desde que aprendi isso pela primeira vez no ensino médio. Agora acho que finalmente entendi a fórmula para a derivada depois que esse cara deu uma palestra de 20 minutos.,positive,ky_nang_giang_day
22230,"27:13 Eu entendo que você pode descartar a coluna 3 porque é a adição de outras duas colunas, mas como você pode descartar coluna 1??",neutral,kien_thuc
22231,"maneira muito triste de explicar decomposição polinomial, prefiro usar o método francês ""identificação de membros"", é muito mais fácil e rápido",positive,kien_thuc
22231,"maneira muito triste de explicar decomposição polinomial, prefiro usar o método francês ""identificação de membros"", é muito mais fácil e rápido",negative,kien_thuc
22233,alguém pode consertar as legendas?,negative,thiet_bi_day_hoc
22234,"Eu queria que não houvesse tanto dados fn, mas até que cresçamos como uma espécie, teremos que aprender essa merda",negative,kien_thuc
22235,Obrigado!! Essas palestras são tão esclarecedoras e fáceis de assistir!,positive,ky_nang_giang_day
22235,Obrigado!! Essas palestras são tão esclarecedoras e fáceis de assistir!,positive,chuong_trinh_hoc
22236,"Muito obrigado senhor, pelo seu esforço nesta era",positive,ky_nang_giang_day
22237,"Incrível vídeo. Usando-o para se adiantar para o outono! Obrigado por fornecer isso ao público. Na era da internet, o conhecimento é tão barato quanto o wifi!",positive,chuong_trinh_hoc
22247,"Je, MIT bado inatumia chaki ?",neutral,thiet_bi_day_hoc
22266,Prof Leonard çok daha iyi,positive,ky_nang_giang_day
