id,text,sentiment,aspect
143,Danke Prof. Dan!,positive,ky_nang_giang_day
1680,Great examples .,positive,chuong_trinh_hoc
2098,Disfruté esta clase.,positive,noi_chung
2110,¡Qué gran profesor!,positive,ky_nang_giang_day
2826,Il a fourni d'excellents « conseils profanes » avec peu ou pas de base de recherche.,negative,ky_nang_giang_day
2827,Merci à tous les auteurs pour un si merveilleux matériel.,positive,cung_cap_tai_lieu
2828,Je recommande à toute personne intéressée par ce domaine.,positive,de_xuat
2829,La séance d'introduction était très répétitive.,negative,ky_nang_giang_day
2830,Cela a ouvert une perspective complètement différente de l’apprentissage et de l’enseignement de l’anglais. . .,positive,noi_chung
2831,J'ai également pensé que les instructions finales devoir étaient un peu confuses.,negative,bai_tap
2832,C'était un superbe cours.,positive,noi_chung
2833,"Plus important encore, ce cours m'a maintenant donné la confiance que je peux apprendre n'importe quoi avec une attitude d'apprentissage même si je n'ai aucun talent / intérêt pour cela.",positive,chuong_trinh_hoc
2834,"J'ai signalé tous ces problèmes et je n'ai jamais reçu une seule réponse, peut-être parce que je ne suis pas un client payant.",negative,hanh_vi
2835,Tous ceux qui auront suivi ce cours cours bénéficieront d'avantages à vie.,positive,noi_chung
2836,C'est une excellente introduction à une approche plus formelle des algorithmes et j'attends avec impatience le reste des cours de la spécialisation.,positive,noi_chung
2836,C'est une excellente introduction à une approche plus formelle des algorithmes et j'attends avec impatience le reste des cours de la spécialisation.,positive,chuong_trinh_hoc
2837,J'attends avec impatience le prochain épisode de ce cours cours.,positive,noi_chung
2838,Je recommanderai certainement ce cours à mes amis et à ma famille.,positive,de_xuat
2839,Il s'agit simplement d'un cours de démarrage cours qui vous permet de vous familiariser avec les bases du ML à l'aide de Python.,negative,chuong_trinh_hoc
2840,Ma seule critique concerne la manière dont les commentaires et les critiques sont organisés.,negative,hanh_vi
2841,Les résultats seront très utiles.,positive,ham_diem
2842,Je suis très content du cours  et j'aimerais avoir un Apprendre à parler coréen 2 !,positive,noi_chung
2843,C'est un cours très bien structuré et efficace.,positive,chuong_trinh_hoc
2844,"A part ça, super cours, super professeur et super contenu !",positive,cung_cap_tai_lieu
2844,"A part ça, super cours, super professeur et super contenu !",positive,ky_nang_giang_day
2844,"A part ça, super cours, super professeur et super contenu !",positive,noi_chung
2845,"C'était un cours très intéressant , cependant il était orienté vers l'histoire espagnole avec les inclusions.",positive,noi_chung
2846,"J'aime généralement que les cours soient axés sur le côté scientifique, mais ce cours était bien présenté pour les personnes de niveau intermédiaire ou les personnes qui n'ont pas de formation scientifique.",positive,ky_nang_giang_day
2848,C'est un bon cours et les contenus sont très utiles.,positive,noi_chung
2848,C'est un bon cours et les contenus sont très utiles.,positive,cung_cap_tai_lieu
2849,C'était un défi d'une certaine manière et TRÈS intéressant.,positive,noi_chung
2849,C'était un défi d'une certaine manière et TRÈS intéressant.,positive,chuong_trinh_hoc
2850,"Excellent cours magistraux, déçu par la difficulté des devoirs.",positive,ky_nang_giang_day
2850,"Excellent cours magistraux, déçu par la difficulté des devoirs.",positive,bai_tap
2851,Ce cours m'inspire beaucoup.,positive,noi_chung
2852,"La manière dont le sujet est abordé est assez claire et directe, et il est facile à comprendre.",positive,chuong_trinh_hoc
2853,"En général, le cours est très instructif, riche, basé sur des instructions et propose de très bons exercices couvrant tout le contenu du cours avec une bonne expérience pratique de départ.",positive,chuong_trinh_hoc
2853,"En général, le cours est très instructif, riche, basé sur des instructions et propose de très bons exercices couvrant tout le contenu du cours avec une bonne expérience pratique de départ.",positive,bai_tap
2853,"En général, le cours est très instructif, riche, basé sur des instructions et propose de très bons exercices couvrant tout le contenu du cours avec une bonne expérience pratique de départ.",positive,ky_nang_giang_day
2853,"En général, le cours est très instructif, riche, basé sur des instructions et propose de très bons exercices couvrant tout le contenu du cours avec une bonne expérience pratique de départ.",positive,noi_chung
2854,"Je recommanderais ce cours, mais j'espère que les administrateurs du cours  tiendront compte de ce commentaire et clarifieront les devoirs à l'avenir.",positive,de_xuat
2855,"Si vous interprétez la littérature des domaines psychologique ou médical, c'est une excellente ressource.",positive,noi_chung
2856,Je me suis beaucoup amusé et j'ai appris beaucoup d'informations.,positive,chuong_trinh_hoc
2856,Je me suis beaucoup amusé et j'ai appris beaucoup d'informations.,positive,noi_chung
2857,Il s'agit d'un cours idéal cours pour une personne qui envisage d'utiliser Google Cloud Platform mais qui n'est pas sûre de ses avantages et de ses capacités.,positive,noi_chung
2858,Je recommande également vivement la révision de l'algèbre linéaire.,positive,de_xuat
2859,Il m'a aidé à passer de zéro connaissance technique de l'apprentissage automatique jusqu'au point où je me sens à l'aise pour mettre en œuvre et peux réfléchir à ces implémentations.,positive,noi_chung
2860,C'était en quelque sorte une perte de temps.,negative,chuong_trinh_hoc
2861,J'aime beaucoup ce cours.,positive,noi_chung
2862,Les travaux de cours étaient assez faciles.,positive,bai_tap
2863,"Comprendre les statistiques n’est pas facile, mais caffo nous permet de les comprendre facilement. . .",positive,ky_nang_giang_day
2864,Hautement recommandé.,positive,noi_chung
2865,"Je lui donne 4 étoiles sur 5 car quelques améliorations sont nécessaires autour des délais prévus pour la semaine 3, et pour quelques bugs techniques : il faut être connecté à un navigateur pour participer au forum de discussion - je n'ai pas pu le faire fonctionner depuis mes applications iPad ou iPhone.",neutral,chuong_trinh_hoc
2865,"Je lui donne 4 étoiles sur 5 car quelques améliorations sont nécessaires autour des délais prévus pour la semaine 3, et pour quelques bugs techniques : il faut être connecté à un navigateur pour participer au forum de discussion - je n'ai pas pu le faire fonctionner depuis mes applications iPad ou iPhone.",negative,noi_chung
2866,"Si je me souviens bien, le cours original Introduction to Python Dr. Chuck cours qui a fait ses débuts il y a environ 3 à 4 ans, était divisé en deux.",positive,noi_chung
2867,Génial cours.,positive,noi_chung
2868,"Peu importe si vous faites des erreurs, le tuteur est à votre disposition et fournit le code source avant et après.",positive,ky_nang_giang_day
2869,Son style clair et simpliste de présentation de concepts complexes avec des exemples pertinents garantit que l'étudiant saisit l'essence avec facilité et navigue à travers des algorithmes complexes en toute confiance.,positive,ky_nang_giang_day
2869,Son style clair et simpliste de présentation de concepts complexes avec des exemples pertinents garantit que l'étudiant saisit l'essence avec facilité et navigue à travers des algorithmes complexes en toute confiance.,positive,kinh_nghiem
2870,Merci à Coursera et à l'Université d'État du Michigan pour cette opportunité.,positive,noi_chung
2871,"J'ai beaucoup appris dans cette spécialisation, j'ai maintenant une vision plus large de mon futur apprentissage et de ma startup.",positive,noi_chung
2872,Je recommande vivement ce cours .,positive,de_xuat
2873,Merci d'avoir fourni ce cours !,positive,noi_chung
2874,Je le recommande à tous ceux qui souhaitent commencer à apprendre Python ou la programmation en général !,positive,de_xuat
2875,"En d'autres termes, il vous apprend à écrire du code R qui fonctionne, mais ne vous apprend pas à écrire du bon code en R.",positive,chuong_trinh_hoc
2876,C'est un excellent cours pour comprendre et apprendre les principes de l'apprentissage automatique et ses méthodes et algorithmes.,positive,noi_chung
2876,C'est un excellent cours pour comprendre et apprendre les principes de l'apprentissage automatique et ses méthodes et algorithmes.,positive,chuong_trinh_hoc
2878,Merci Prof Chuck et au CTA.,positive,ky_nang_giang_day
2879,Merci beaucoup pour cela Cours.,positive,noi_chung
2880,C'est comme si la conception graphique était simplifiée.,positive,ky_nang_giang_day
2881,"Cependant, j'ai perdu beaucoup de temps à visionner des vidéos incomplètes et à essayer de compléter questionnaires couvrant du matériel qui n'était pas abordé ou seulement partiellement abordé dans les vidéos.",negative,ky_nang_giang_day
2881,"Cependant, j'ai perdu beaucoup de temps à visionner des vidéos incomplètes et à essayer de compléter questionnaires couvrant du matériel qui n'était pas abordé ou seulement partiellement abordé dans les vidéos.",negative,bai_tap
2882,Les conférenciers sont faciles à écouter.,positive,ky_nang_giang_day
2883,"Et ce serait mieux si nous pouvions voir tout le code à partir de la vidéo, mais dans la semaine 1, cours 3, certaines fonctions ont été bloquées et je ne suis pas sûr de le faire correctement moi-même.",negative,noi_chung
2884,"Vraiment bien cours, je le recommande à toute personne travaillant dans la région MENA en tant que journaliste ou homme d'affaires.",positive,de_xuat
2884,"Vraiment bien cours, je le recommande à toute personne travaillant dans la région MENA en tant que journaliste ou homme d'affaires.",positive,de_xuat
2885,J'ai vraiment beaucoup appris de ce cours cours.,positive,noi_chung
2886,Andrew prend le temps d'expliquer clairement les concepts.,neutral,ky_nang_giang_day
2887,"En fait, je n'ai jamais vécu quelque chose d'aussi génial conférence !",positive,ky_nang_giang_day
2888,J'ai beaucoup apprécié.,positive,noi_chung
2889,"Vraiment intéressant cours, j'apprécie vraiment le cours avec Dr. Chuck car il explique facilement différents concepts de programmation, ce qui rend les exercices faciles à résoudre.",positive,noi_chung
2889,"Vraiment intéressant cours, j'apprécie vraiment le cours avec Dr. Chuck car il explique facilement différents concepts de programmation, ce qui rend les exercices faciles à résoudre.",positive,ky_nang_giang_day
2889,"Vraiment intéressant cours, j'apprécie vraiment le cours avec Dr. Chuck car il explique facilement différents concepts de programmation, ce qui rend les exercices faciles à résoudre.",positive,ky_nang_giang_day
2889,"Vraiment intéressant cours, j'apprécie vraiment le cours avec Dr. Chuck car il explique facilement différents concepts de programmation, ce qui rend les exercices faciles à résoudre.",positive,ky_nang_giang_day
2890,"J'ai adoré la façon dont les différents sujets sont expliqués, j'aime les graphiques, les vidéos, les quizz - tout !",positive,chuong_trinh_hoc
2890,"J'ai adoré la façon dont les différents sujets sont expliqués, j'aime les graphiques, les vidéos, les quizz - tout !",positive,ky_nang_giang_day
2890,"J'ai adoré la façon dont les différents sujets sont expliqués, j'aime les graphiques, les vidéos, les quizz - tout !",positive,bai_tap
2891,J'aime le professeur et les conversations sont de bonnes pratiques d'écoute.,positive,ky_nang_giang_day
2892,Les devoirs ont été très instructifs et bien expliqués par le personnel dans le Forum de discussion. Un grand merci au personnel et à l'Université du Michigan pour le cours.,positive,bai_tap
2892,Les devoirs ont été très instructifs et bien expliqués par le personnel dans le Forum de discussion. Un grand merci au personnel et à l'Université du Michigan pour le cours.,positive,ky_nang_giang_day
2892,Les devoirs ont été très instructifs et bien expliqués par le personnel dans le Forum de discussion. Un grand merci au personnel et à l'Université du Michigan pour le cours.,positive,hanh_vi
2893,Je suis extrêmement insatisfait et j'aurais aimé ne pas avoir payé pour cette spécialisation.,negative,noi_chung
2894,Je le recommande vivement.,positive,de_xuat
2895,"C'était même hors de propos par rapport à mon domaine d'études, mais le professeur Murayama l'a rendu si facile à comprendre comme si j'avais étudié ce sujet toute ma vie.",positive,ky_nang_giang_day
2896,"Très compétent professeur, mais facile et agréable à suivre.",positive,ky_nang_giang_day
2896,"Très compétent professeur, mais facile et agréable à suivre.",positive,ky_nang_giang_day
2897,répétitif. long. trop académique. termes inutiles.,negative,bai_tap
2897,répétitif. long. trop académique. termes inutiles.,negative,bai_tap
2898,Cela change vraiment la vie cours !,positive,noi_chung
2899,Ce cours a deux grands projets.,positive,chuong_trinh_hoc
2900,"Si vous avez des difficultés avec le calcul, vous devriez absolument suivre ce cours cours.",positive,noi_chung
2901,"Dans l'ensemble, une expérience formidable.",positive,noi_chung
2902,Première fois que je prends un cours de programmation .,positive,noi_chung
2903,"Ce n'était pas vraiment facile pour moi de terminer ces cours dans les horaires chargés, mais j'ai trouvé un certain feeling sur le langage informatique grâce à ce cours.",negative,noi_chung
2904,L'étude de cas devoir final a certainement été utile pour réfléchir à plusieurs des mesures couvertes au cours des quatre semaines.,positive,bai_tap
2905,"J'apprécie le mélange de bases et de détails, ainsi que les excursions sur le terrain au LHC et dans un tokamac.",positive,chuong_trinh_hoc
2906,Il m'a fallu 2 semaines (et non 6 heures comme le mentionne le tuteur) pour terminer la moitié de la seconde devoir et je suis sur le point de dire que je n'ai rien appris sur MongoDB.,negative,bai_tap
2907,J'ai apprécié chaque minute du cours et je recommande aux autres de faire de même :) Les connaissances transmises ici sont d'une valeur primordiale non seulement pour ceux qui enseignent l'anglais mais aussi pour tout enseignant  de n'importe quelle matière.,positive,de_xuat
2907,J'ai apprécié chaque minute du cours et je recommande aux autres de faire de même :) Les connaissances transmises ici sont d'une valeur primordiale non seulement pour ceux qui enseignent l'anglais mais aussi pour tout enseignant  de n'importe quelle matière.,positive,de_xuat
2907,J'ai apprécié chaque minute du cours et je recommande aux autres de faire de même :) Les connaissances transmises ici sont d'une valeur primordiale non seulement pour ceux qui enseignent l'anglais mais aussi pour tout enseignant  de n'importe quelle matière.,positive,ky_nang_giang_day
2908,"Pour ceux qui ont les connaissances essentielles de tout cela, le cours serait une répétition des bases.",positive,noi_chung
2909,J'aurais aimé qu'ils aient plus de cours liés au PP de l'UVA.,negative,ky_nang_giang_day
2910,"Mon seul reproche est que le devoirs est assez restrictif (un seul jeu d'une page par semaine, ce qui signifie qu'il n'y a pas grand-chose que vous puissiez faire) mais j'apprécie le fait que cela simplifie les choses et, si quoi que ce soit, cela vous pousse à être encore plus créatif, au-delà du «jeu de société» typique.",negative,bai_tap
2911,Bon cours pour les débutants comme moi.,positive,noi_chung
2912,Prof. Severance est un très bon instructeur qui fait paraître les choses difficiles faciles.,positive,ky_nang_giang_day
2912,Prof. Severance est un très bon instructeur qui fait paraître les choses difficiles faciles.,positive,ky_nang_giang_day
2913,"Merci, Professeur Randy, Université Northwester et Coursera.",positive,ky_nang_giang_day
2914,Le cours est excellent .,positive,noi_chung
2915,"En l'état actuel des choses, je n'ai jamais réussi à télécharger les photos pour le message final.",negative,noi_chung
2916,Un cours utile et pratique qui était amusant et intéressant à faire.,positive,noi_chung
2917,Le contenu est excellent et il ne s'étend pas au point de vous effrayer et de vous faire fuir.,positive,cung_cap_tai_lieu
2917,Le contenu est excellent et il ne s'étend pas au point de vous effrayer et de vous faire fuir.,positive,cung_cap_tai_lieu
2918,"Couverture décente des bases, mais certaines données, outils et approches utilisés sont obsolètes de 2 à 3 ans, ce qui est particulièrement gênant dans un espace social en évolution rapide.",positive,noi_chung
2919,"Je l'ai apprécié car cela m'a vraiment aidé à comprendre les tenants et aboutissants des citations, ce que j'avais besoin de savoir pour continuer avec ce cours .",positive,chuong_trinh_hoc
2920,"Les cours vidéo vous aideront à réussir les quiz, car ils sont principalement théoriques et contextuels.",positive,ky_nang_giang_day
2920,"Les cours vidéo vous aideront à réussir les quiz, car ils sont principalement théoriques et contextuels.",positive,bai_tap
2921,Un cinq étoiles facile.,positive,noi_chung
2922,Merci à tous ceux qui travaillent chez Coursera et à l'Université de Virginie et qui ont rendu ce MOOC possible.,positive,noi_chung
2923,J'aime la méthode « apprendre en faisant » adoptée et pendant le cours vous avez construit un bon site Web.,positive,chuong_trinh_hoc
2924,J'ai suivi ce cours il y a plus d'un an et je me souviens encore des études de cas.,negative,noi_chung
2925,Ce n'est pas grand chose à apprendre.,neutral,noi_chung
2926,Il ouvre une grande variété de sujets et les retrace tout au long de l'évolution de la photographie depuis ses tout débuts jusqu'à aujourd'hui.,positive,chuong_trinh_hoc
2927,"J'ai payé une somme décente pour assister à ce cours cours et je suis très déçu qu'il soit simplement géré en pilote automatique sans aucun endroit où aller pour obtenir une résolution, des questions ou de l'aide.",negative,chuong_trinh_hoc
2927,"J'ai payé une somme décente pour assister à ce cours cours et je suis très déçu qu'il soit simplement géré en pilote automatique sans aucun endroit où aller pour obtenir une résolution, des questions ou de l'aide.",negative,hanh_vi
2928,L'audit du cours  m'a donné accès à tout le matériel et à toutes les connaissances du cours dont j'avais besoin sans avoir à vider mon compte bancaire.,positive,noi_chung
2929,Dr. Mathew Yee King est mon préféré de tout ce cours.,positive,ky_nang_giang_day
2930,J'aime beaucoup la façon dont les chercheurs présentent leur domaine et parlent des publications récentes qui y sont liées.,positive,ky_nang_giang_day
2931,Je recommande vivement à toute personne intéressée par la programmation Python d'envisager de suivre ce cours avec Dr Chuck.,positive,de_xuat
2931,Je recommande vivement à toute personne intéressée par la programmation Python d'envisager de suivre ce cours avec Dr Chuck.,positive,ky_nang_giang_day
2932,Partage et sympa cours !,positive,noi_chung
2933,Ce fut une expérience fantastique et j’ai hâte de mettre en pratique ce que j’ai appris.,positive,noi_chung
2934,Je ne sais pas quel est le problème car j'étudie bien les vidéos et quand il s'agit de passer quiz je ne réussis jamais donc je regarde les vidéos encore et encore mais c'est toujours le même résultat la partie des autres langues je ne sais pas à quoi ça sert,negative,bai_tap
2935,C'est simple et facile à comprendre.,positive,chuong_trinh_hoc
2936,Bon apprentissage !,positive,noi_chung
2937,"Ce cours peut être utile aux personnes qui débutent en tant que professionnels des médias sociaux, mais si vous travaillez déjà dans ce domaine, vous trouverez ce cours incroyablement ennuyeux.",negative,chuong_trinh_hoc
2938,"Merci de m'avoir fait comprendre les bases de la finance, OMG.",positive,chuong_trinh_hoc
2939,"Les autres aspects de la littérature, de la peinture et des arts plus populaires (kilts, traditions orales, etc.) ont été une belle surprise.",positive,ky_nang_giang_day
2940,"très utile. toutes les informations abordées relèvent à peu près du bon sens, et pourtant les gens ne prêtent pas attention à toutes les petites choses abordées dans ce cours. eh bien. j'ai eu du plaisir à écouter les conférences et j'appliquerai certainement les concepts à ma routine quotidienne. merci",positive,chuong_trinh_hoc
2941,Amélioration par rapport au premier cours.,positive,noi_chung
2942,Très bien contenu.,positive,noi_chung
2943,"C'est un bon début, mieux que d'en lire quelque part sur Internet.",positive,noi_chung
2944,"De plus, le professeur est souvent difficile à comprendre.",negative,ky_nang_giang_day
2945,Merci Prof. Dan !,positive,ky_nang_giang_day
2946,"Finalement, ce cours m'a aidé à avoir une idée des différentes théories politiques et a beaucoup plus suscité mon intérêt.",positive,noi_chung
2948,J'espère que cela sera utile.,positive,noi_chung
2949,"Si vous recherchez un cours HTML général Cours, ceci est pour vous.",positive,noi_chung
2951,Et que faire si vous n'êtes pas totalement d'accord avec l'IDÉE selon laquelle la thématique la présentation de l'art est la manière dont l'art moderne doit être présenté.,negative,ky_nang_giang_day
2952,"Cela étant dit, il semble qu'ils auraient pu faire un bien meilleur travail dans la vidéo introduction des concepts de base qui auraient donné aux non-programmeurs un meilleur point de départ pour rechercher des chercheurs extérieurs.",positive,ky_nang_giang_day
2952,"Cela étant dit, il semble qu'ils auraient pu faire un bien meilleur travail dans la vidéo introduction des concepts de base qui auraient donné aux non-programmeurs un meilleur point de départ pour rechercher des chercheurs extérieurs.",positive,ky_nang_giang_day
2953,Je sens vraiment que ce cours m'a donné de nouvelles perspectives précieuses avec lesquelles voir le monde qui m'entoure et moi-même.,positive,noi_chung
2954,J'ai appris beaucoup de compétences de base en direction d'orchestre qui sont fondamentales pour mon rêve de devenir chef d'orchestre.,positive,noi_chung
2955,Les cours sont super .,positive,noi_chung
2956,C'était un défi.,positive,noi_chung
2957,Je le recommande sans hésiter.,positive,de_xuat
2958,Prof. Yaakov Chaikin est très compétent et rend ses vidéos amusantes à regarder.,positive,ky_nang_giang_day
2958,Prof. Yaakov Chaikin est très compétent et rend ses vidéos amusantes à regarder.,positive,ky_nang_giang_day
2959,Le matériel est bien géré et organisé mais je ne suis pas capable d'entendre ou de comprendre vraiment.,positive,cung_cap_tai_lieu
2960,Sujets complexes abordés de manière compréhensible pour ceux qui ont une formation de base dans ce domaine.,positive,chuong_trinh_hoc
2961,J'en retire certainement des choses que je peux mettre à profit dans mon travail.,positive,noi_chung
2962,J'ai vraiment l'impression d'avoir beaucoup appris de ce cours et j'ai hâte de mettre en œuvre certaines de leurs techniques.,positive,noi_chung
2962,J'ai vraiment l'impression d'avoir beaucoup appris de ce cours et j'ai hâte de mettre en œuvre certaines de leurs techniques.,positive,noi_chung
2963,Excellent cours .,positive,noi_chung
2964,"Le Professeur est excellent, didactique et explique les cours avec clarté.",positive,ky_nang_giang_day
2964,"Le Professeur est excellent, didactique et explique les cours avec clarté.",positive,ky_nang_giang_day
2964,"Le Professeur est excellent, didactique et explique les cours avec clarté.",positive,ky_nang_giang_day
2965,L'exercice devoir vous donne également l'occasion de mettre en pratique ces algorithmes sur quelques exemples d'application.,positive,bai_tap
2966,Encore un grand merci pour son côté humoristique !,positive,ky_nang_giang_day
2967,J'ai acquis une nouvelle perspective sur la convivialité (tests et mise en œuvre) que j'utiliserai dans mes pratiques d'authentification réseau et dans le développement de mes politiques.,positive,noi_chung
2968,"J'ai essayé de commencer avec Unity à partir de livres et de tutoriels par moi-même, mais je n'ai jamais avancé aussi loin au cours des 4 semaines de ce cours cours.",negative,noi_chung
2969,"Il y a un certain style d'enseignement auquel vous devez vous habituer au début, mais une fois terminé, les 2 leçons deviennent très claires et faciles à suivre.",positive,ky_nang_giang_day
2969,"Il y a un certain style d'enseignement auquel vous devez vous habituer au début, mais une fois terminé, les 2 leçons deviennent très claires et faciles à suivre.",positive,ky_nang_giang_day
2970,"Intelligent, décontracté et pourtant précis leçons vous aidera à franchir les premières étapes nécessaires dans la langue, en construisant une base fondamentale où vous construirez vos compétences en codage Python ! .",positive,ky_nang_giang_day
2970,"Intelligent, décontracté et pourtant précis leçons vous aidera à franchir les premières étapes nécessaires dans la langue, en construisant une base fondamentale où vous construirez vos compétences en codage Python ! .",positive,ky_nang_giang_day
2972,Plein d'erreurs.,negative,noi_chung
2973,Il s'arrête souvent pour lire ces notes et n'a aucun enthousiasme à enseigner ce cours.,negative,ky_nang_giang_day
2973,Il s'arrête souvent pour lire ces notes et n'a aucun enthousiasme à enseigner ce cours.,negative,hanh_vi
2974,Je me suis ennuyé au moment où je suis arrivé à la semaine 3 et il semble impossible de rester concentré et de tout terminer devoirs.,negative,bai_tap
2974,Je me suis ennuyé au moment où je suis arrivé à la semaine 3 et il semble impossible de rester concentré et de tout terminer devoirs.,negative,noi_chung
2975,"Clair vidéos (sous-titré pour les non anglophones), sous une forme compacte, des trucs et astuces pour l'apprentissage et la mémoire qui sont si évidents finalement là où on les regarde en arrière, mais tellement utiles.",positive,ky_nang_giang_day
2975,"Clair vidéos (sous-titré pour les non anglophones), sous une forme compacte, des trucs et astuces pour l'apprentissage et la mémoire qui sont si évidents finalement là où on les regarde en arrière, mais tellement utiles.",positive,ky_nang_giang_day
2976,"La seule chose que j'ai aimé dans ce cours, ce sont les séries de problèmes, qui étaient intéressantes à faire.",positive,bai_tap
2977,Obsolète et non pris en charge !,negative,noi_chung
2977,Obsolète et non pris en charge !,negative,noi_chung
2978,Vraiment clair professeur.,positive,ky_nang_giang_day
2979,Instructeur et mentors n'ont pas ajouté de valeur au cours.,negative,ky_nang_giang_day
2979,Instructeur et mentors n'ont pas ajouté de valeur au cours.,negative,ky_nang_giang_day
2980,Pour les personnes expérimentées - probablement un bon nombre puisqu'il s'agit d'un cours de science des données pour cadres - c'était assez basique.,neutral,chuong_trinh_hoc
2981,Fascinant cours !,positive,noi_chung
2982,Très bonne approche pratique de l'apprentissage automatique pratique.,positive,noi_chung
2983,"Le contenu du cours est extrêmement utile pour les jeunes scientifiques émergents comme moi ; cependant, les vidéos étaient très difficiles à suivre car l'équipe parle vite et avec un accent français très fort.",positive,cung_cap_tai_lieu
2983,"Le contenu du cours est extrêmement utile pour les jeunes scientifiques émergents comme moi ; cependant, les vidéos étaient très difficiles à suivre car l'équipe parle vite et avec un accent français très fort.",positive,ky_nang_giang_day
2984,"De plus, j'ai appris beaucoup de ces statistiques à l'université et les explications fournies dans ces leçons m'ont en fait embrouillé sur des choses que je connaissais déjà.",negative,chuong_trinh_hoc
2985,"Des années plus tard, j'ai eu besoin d'améliorer mes compétences et j'ai découvert que Coursera proposait de nombreux cours que je souhaitais suivre - et maintenant, j'ai l'impression que mon MFA est un MFA",positive,noi_chung
2986,J’ai apprécié le fait que des conférences TED et d’autres sources vidéo aient été utilisées dans le programme.,positive,cung_cap_tai_lieu
2987,C'était un très bon cours.,positive,noi_chung
2988,je pense donc qu'il doit exister de meilleurs matériaux pour des diapositives plus organisées.,negative,cung_cap_tai_lieu
2989,Un document comme devoir final serait utile.,negative,bai_tap
2990,J'aimerais voir plus de critiques de pairs (je n'en ai pas encore reçu sur mes poèmes).,negative,hanh_vi
2991,"Mais le contenu et les exercices proposés sont excellents, une des meilleures approches et sans fioritures de l'improvisation bebop",positive,ky_nang_giang_day
2992,Je recommande vivement ce cours .,positive,de_xuat
2993,"Merci Dr . Zwetsloot, vos leçons et exemples étaient : pratiques, clairs et précis.",positive,ky_nang_giang_day
2993,"Merci Dr . Zwetsloot, vos leçons et exemples étaient : pratiques, clairs et précis.",positive,ky_nang_giang_day
2994,"Je n'ai donné que 4 étoiles car parfois c'est vraiment difficile à comprendre, surtout les mots clés (je ne parle pas de l'accent mais des noms latins de groupe et de famille, etc.) ; j'ai dû constamment vérifier les sous-titres pour ceux-ci.",positive,chuong_trinh_hoc
2994,"Je n'ai donné que 4 étoiles car parfois c'est vraiment difficile à comprendre, surtout les mots clés (je ne parle pas de l'accent mais des noms latins de groupe et de famille, etc.) ; j'ai dû constamment vérifier les sous-titres pour ceux-ci.",neutral,chuong_trinh_hoc
2995,"Cela devient un peu irrégulier dans les semaines 3 et 4 (il semble que certaines feuilles de travail n'aient pas été vérifiées pour les erreurs), mais cela ne vous fait jamais perdre de temps.",negative,chuong_trinh_hoc
2995,"Cela devient un peu irrégulier dans les semaines 3 et 4 (il semble que certaines feuilles de travail n'aient pas été vérifiées pour les erreurs), mais cela ne vous fait jamais perdre de temps.",positive,noi_chung
2996,Ne convient ni aux débutants absolus ni en tant que cours autonome cours.,negative,noi_chung
2997,J'ai vraiment apprécié ce cours.,positive,noi_chung
2998,"Si seulement la méthode avait eu un tout petit peu plus de variation, comme des animations, des analyses vidéo, des études de cas, peut-être plus de visiteurs experts, etc., elle aurait été encore meilleure et plus durable à long terme.",neutral,ky_nang_giang_day
2999,J'ai personnellement aimé faire ce cours et j'ai hâte d'en faire d'autres cours.,positive,noi_chung
3000,"Les conférences sont divertissantes et instructives, et le professeur est charmant et drôle.",positive,ky_nang_giang_day
3000,"Les conférences sont divertissantes et instructives, et le professeur est charmant et drôle.",positive,noi_chung
3001,C'est un excellent cours pour une introduction à l'identification des opportunités d'entrepreneuriat social.,positive,noi_chung
3002,"Les études de cas étaient pertinentes et intéressantes, et les conférenciers invités étaient également bons.",positive,chuong_trinh_hoc
3002,"Les études de cas étaient pertinentes et intéressantes, et les conférenciers invités étaient également bons.",positive,chuong_trinh_hoc
3002,"Les études de cas étaient pertinentes et intéressantes, et les conférenciers invités étaient également bons.",positive,ky_nang_giang_day
3003,"De plus, souvent, les sous-titres anglais ne sont pas corrects, j'ai le sentiment que c'est la machine qui l'a fait.",negative,noi_chung
3004,Deux pouces vers le haut !!,positive,noi_chung
3005,"La première semaine, le professeur a parcouru toute l'intrigue d'Harry Potter, ce qui semblait être une perte de temps.",negative,ky_nang_giang_day
3006,Vraiment super cours dans tous les sens du terme.,positive,noi_chung
3007,Cela devrait être précisé dès le début dans la description du cours.,neutral,noi_chung
3008,J'adore les invites données par l'instructeur.,positive,ky_nang_giang_day
3009,"Excellent cours pour comprendre les études et les politiques sur le terrorisme, ses origines et les moyens de le comprendre.",positive,noi_chung
3010,"Certes, avec un manuel gratuit pour une ancienne version, il s'agit d'un problème mineur jusqu'à présent dans la série.",positive,noi_chung
3011,"Le sujet est intéressant, le cours contenu est présenté clairement et les conférences sont instructives.",positive,noi_chung
3011,"Le sujet est intéressant, le cours contenu est présenté clairement et les conférences sont instructives.",positive,ky_nang_giang_day
3011,"Le sujet est intéressant, le cours contenu est présenté clairement et les conférences sont instructives.",positive,ky_nang_giang_day
3012,"Pour moi, cela m'a montré que les entreprises se ressemblent plus qu'on ne le pense.",positive,noi_chung
3013,La majorité de la classe ne faisait que copier le livre de Stokes.,negative,noi_chung
3014,J'aime beaucoup la façon dont chaque vidéo est un regard approfondi sur un exemple spécifique et qu'il vous indique ce qu'il faut ignorer et quand.,positive,ky_nang_giang_day
3015,Je pense que le cours devrait ajouter une vidéo pour expliquer plus en détail certains concepts tels que les variables. Beaucoup de mes problèmes venaient de doutes profonds que j'avais à ce sujet. Peut-être expliquer les variables sur le matériel et les variables comme pointeurs.,neutral,ky_nang_giang_day
3016,J'ai trouvé que le cours était bien enseigné et j'avais hâte de participer à chaque semaine du cours .,positive,noi_chung
3017,Ce cours m'a fourni les outils et la méthodologie dont j'ai besoin pour être plus stratégique et concentré dans la gestion de ma carrière.,positive,chuong_trinh_hoc
3018,"Une seule devoir à la fin, donc vous passez par 3 semaines avant d'être invité à coder (cela semble être une grosse erreur pour n'importe quel cours de programmation).",negative,bai_tap
3019,C'était un cours fantastique .,positive,noi_chung
3020,J'ai trouvé le professeur brillant et perspicace.,positive,ky_nang_giang_day
3021,C'est le début parfait pour les débutants absolus.,positive,noi_chung
3022,J'ai vraiment aimé la façon dont le rythme des devoirs augmente en complexité à un rythme très agréable.,positive,bai_tap
3023,J'ai apprécié ce cours.,positive,noi_chung
3024,L'un des meilleurs cours que j'ai suivi jusqu'à présent.,positive,noi_chung
3025,"Les missions demandent que vous soyez photographié ou filmé, et il n'y a aucune clause de non-responsabilité selon laquelle vos photos ou votre vie privée seront protégées.",negative,bai_tap
3026,Merci aux professeurs qui ont rendu ce cours possible et surtout à Dr. Peng qui a bien voulu passer du temps avec nous en face à face par vidéo.,positive,ky_nang_giang_day
3026,Merci aux professeurs qui ont rendu ce cours possible et surtout à Dr. Peng qui a bien voulu passer du temps avec nous en face à face par vidéo.,positive,ky_nang_giang_day
3027,"Merci à Barb Oakley et Terry Sejnowski, vous êtes devenus mes professeurs préférés.",positive,ky_nang_giang_day
3027,"Merci à Barb Oakley et Terry Sejnowski, vous êtes devenus mes professeurs préférés.",positive,ky_nang_giang_day
3028,"Tout d'abord, le instructeur avait un matériel et équipement vraiment bien organisé.",positive,ky_nang_giang_day
3028,"Tout d'abord, le instructeur avait un matériel et équipement vraiment bien organisé.",positive,cung_cap_tai_lieu
3029,J'ai apprécié le contenu et les devoirs.,positive,bai_tap
3030,Cela valait vraiment la peine de passer du temps à suivre ce cours .,positive,chuong_trinh_hoc
3031,"La semaine de programmation dynamique a été un peu plus difficile que les autres semaines, mais je pense que cela pourrait être corrigé avec plus de visualisations pendant les cours.",positive,ky_nang_giang_day
3031,"La semaine de programmation dynamique a été un peu plus difficile que les autres semaines, mais je pense que cela pourrait être corrigé avec plus de visualisations pendant les cours.",neutral,chuong_trinh_hoc
3032,Dr . Charles les méthodes d'enseignement sont très efficaces.,positive,ky_nang_giang_day
3033,J'ai du mal à voir la pertinence.,negative,ky_nang_giang_day
3034,"À cet égard, j’ai senti que le cours  commençait à être davantage orienté vers les étudiants plutôt que vers les adultes qui travaillent.",positive,noi_chung
3036,J'ai beaucoup appris de cela pour m'enseigner à moi-même et à mes enfants aussi.,positive,noi_chung
3037,"Dans l’ensemble, je n’apprécie pas ce cours – principalement parce qu’il est très difficile.",negative,noi_chung
3038,"Au final, vous vous sentirez bien d'avoir appris l'informatique.",positive,noi_chung
3039,"Le vocabulaire couvert était très limité et le cours  n'a pas vraiment mis l'accent sur la grammaire, vous ne devriez donc pas vous attendre à pouvoir former vos propres phrases après avoir suivi ce cours .",positive,noi_chung
3039,"Le vocabulaire couvert était très limité et le cours  n'a pas vraiment mis l'accent sur la grammaire, vous ne devriez donc pas vous attendre à pouvoir former vos propres phrases après avoir suivi ce cours .",negative,noi_chung
3039,"Le vocabulaire couvert était très limité et le cours  n'a pas vraiment mis l'accent sur la grammaire, vous ne devriez donc pas vous attendre à pouvoir former vos propres phrases après avoir suivi ce cours .",negative,chuong_trinh_hoc
3040,"De plus, j'ai l'impression qu'il est vraiment un fan des Beatles comme moi.",positive,noi_chung
3041,J'ai terminé le cours et acheté deux livres de l'instructeur pour « revivre » cette matière.,positive,noi_chung
3042,Ce cours enseigne non seulement Python mais aussi comment programmer.,positive,noi_chung
3043,"J'ai beaucoup apprécié les conférences avec des explications claires sur les différents aspects de la structure politique, militaire et sociale grecque et les différences entre les différentes polis.",positive,ky_nang_giang_day
3043,"J'ai beaucoup apprécié les conférences avec des explications claires sur les différents aspects de la structure politique, militaire et sociale grecque et les différences entre les différentes polis.",positive,ky_nang_giang_day
3044,Un excellent cours .,positive,noi_chung
3045,Déçu par ce cours.,negative,noi_chung
3046,C'est un creat cours .,positive,noi_chung
3047,C'est définitivement mon cours préféré cours sur Coursera et partout ailleurs sur Internet!,positive,noi_chung
3048,C'est vraiment un vrai cours pour débutants.,positive,noi_chung
3049,J'ai été particulièrement surpris par la faible qualité du matériel.,negative,cung_cap_tai_lieu
3051,"Pour moi, il serait plus utile que les enseignants ou mentors donnent leur propre retour dans le devoir de la semaine 4: Prototypage.",neutral,hanh_vi
3052,Et le conférencier M. Tim Roughgarden a présenté l’essentiel dont j’avais besoin.,positive,ky_nang_giang_day
3053,L'un des cours les plus utiles que j'ai jamais suivi...,positive,chuong_trinh_hoc
3054,Je crois que je peux réussir à apprendre des choses que je n’aurais jamais pensé pouvoir apprendre !,positive,noi_chung
3055,Merci beaucoup d'avoir rendu ce matériel disponible.,positive,cung_cap_tai_lieu
3056,"Bien que l'enthousiasme et la passion du professeur Kaul pour la finance soient inspirants, ses cours ne sont pas entièrement utiles lorsqu'il s'agit de faire face aux devoirs.",negative,ky_nang_giang_day
3056,"Bien que l'enthousiasme et la passion du professeur Kaul pour la finance soient inspirants, ses cours ne sont pas entièrement utiles lorsqu'il s'agit de faire face aux devoirs.",positive,ky_nang_giang_day
3057,"Néanmoins, bon cours de l'une des meilleures écoles de commerce au monde.",positive,noi_chung
3058,La liste des lectures facultatives est utile pour acquérir une compréhension plus approfondie.,positive,cung_cap_tai_lieu
3059,Je pense que c'est une très bonne introduction à Programmation fonctionnelle.,positive,cung_cap_tai_lieu
3060,"J'ai aimé le format courte vidéo, il est engageant et plus facile à programmer dans nos vies.",positive,ky_nang_giang_day
3060,"J'ai aimé le format courte vidéo, il est engageant et plus facile à programmer dans nos vies.",positive,ky_nang_giang_day
3060,"J'ai aimé le format courte vidéo, il est engageant et plus facile à programmer dans nos vies.",positive,ky_nang_giang_day
3061,"De plus, si vous suivez la série complète de cours, vous aurez acquis une bonne maîtrise de l'analyse du stress.",positive,noi_chung
3062,Ce cours  m'a beaucoup appris et je suis maintenant sur la bonne voie pour apprendre Python de manière avancée.,positive,noi_chung
3063,Les trois premières semaines sont totalement insignifiantes.,negative,noi_chung
3064,J'ai vraiment apprécié les conférences concises mais complètes de Dr. White tout au long du cours.,positive,ky_nang_giang_day
3064,J'ai vraiment apprécié les conférences concises mais complètes de Dr. White tout au long du cours.,positive,ky_nang_giang_day
3065,Les lectures supplémentaires étaient vraiment rafraîchissantes et j'aimerais en savoir plus sur la combinaison du traitement / l'utilisation de deux ou plusieurs antibiotiques et d'autres actions pour éradiquer les infections chroniques.,positive,noi_chung
3066,"Les contenu du cours et devoirs sont assez bons pour couvrir les fondamentaux de la manipulation des données en Python, j'ai appris beaucoup de choses que je peux me voir appliquer pratiquement.",positive,noi_chung
3066,"Les contenu du cours et devoirs sont assez bons pour couvrir les fondamentaux de la manipulation des données en Python, j'ai appris beaucoup de choses que je peux me voir appliquer pratiquement.",positive,bai_tap
3067,Je suis absolument honoré d'avoir eu le privilège de suivre un cours aussi fascinant  sur quelque chose qui me passionne tant.,positive,noi_chung
3068,Le rythme est bon.,positive,chuong_trinh_hoc
3069,Ce cours est merveilleux !,positive,noi_chung
3070,Je pense également qu'il faudrait consacrer plus de temps aux obligations de projet et à l'utilisation de structures dérivées pour sécuriser les flux de trésorerie et les ratios d'exploitation afin de soutenir un financement et des projets compétitifs.,neutral,chuong_trinh_hoc
3071,Vous pourrez vous plonger dans près d’une douzaine de théories organisationnelles et apprendre quand et comment les appliquer dans le cadre de votre boîte à outils de gestion.,positive,noi_chung
3072,Super satisfait de ce cours !,positive,noi_chung
3073,Nos devoirs étaient simples et je n'éprouvais aucun enthousiasme à les faire.,negative,bai_tap
3073,Nos devoirs étaient simples et je n'éprouvais aucun enthousiasme à les faire.,negative,bai_tap
3074,"Et au fait, Jana est la meilleure conférencière parmi toutes celles que j'ai vues sur Coursera, très vivante, ouverte, enthousiaste et donnant des informations structurées et pertinentes.",positive,ky_nang_giang_day
3074,"Et au fait, Jana est la meilleure conférencière parmi toutes celles que j'ai vues sur Coursera, très vivante, ouverte, enthousiaste et donnant des informations structurées et pertinentes.",positive,noi_chung
3075,Meloni est une instructrice charmante - elle vous fait réellement souhaiter que les présentations soient beaucoup plus longues qu'elles ne le sont.,positive,ky_nang_giang_day
3076,Une belle opportunité et un incontournable pour quiconque étudie ou travaille dans l'éducation.,positive,noi_chung
3077,Hautement recommandé !,positive,noi_chung
3078,"Je dirai que parfois, il serait difficile de suivre les professeurs c'est le seul problème que j'ai eu avec ce cours.",negative,ky_nang_giang_day
3079,Ce cours est une introduction très intéressante à la théorie sociologique classique.,positive,chuong_trinh_hoc
3080,conférencier est très monotone et n'est pas engageant.,negative,ky_nang_giang_day
3081,"Dans ce cours, les étudiants deviennent membres d'une communauté d'apprentissage vivante et toujours en ligne.",positive,noi_chung
3082,La qualité du contenu est très bonne.,positive,cung_cap_tai_lieu
3083,"La notation est effectuée sous forme d'évaluations par les pairs, ce qui est agréable car cela vous permet de voir comment vos pairs ont abordé le problème.",positive,ham_diem
3084,J'ai progressé dans la création de jeux en tant qu'homme débutant.,positive,noi_chung
3085,Merci Margaret & Denis pour l'organisation de ce cours.,positive,ky_nang_giang_day
3086,Un cours extrêmement bien structuré et utile .,positive,chuong_trinh_hoc
3086,Un cours extrêmement bien structuré et utile .,positive,chuong_trinh_hoc
3087,"Facturer 79 $ pour ce cours semble être un mauvais rapport qualité-prix, surtout pour un étudiant comme moi.",negative,chuong_trinh_hoc
3088,J’ai aimé le fait qu’il y ait eu une emphase sur le débogage et l’amélioration des performances des algorithmes.,positive,noi_chung
3089,"Alors, bien sûr, je lui dois un grand merci.",positive,ky_nang_giang_day
3090,C'est quand même un cours très solide et instructif .,positive,noi_chung
3091,Dr. Chuck n'a ménagé aucun effort pour rendre ce cours  remarquablement compréhensible et convivial pour les étudiants.,positive,ky_nang_giang_day
3091,Dr. Chuck n'a ménagé aucun effort pour rendre ce cours  remarquablement compréhensible et convivial pour les étudiants.,positive,chuong_trinh_hoc
3091,Dr. Chuck n'a ménagé aucun effort pour rendre ce cours  remarquablement compréhensible et convivial pour les étudiants.,positive,chuong_trinh_hoc
3092,"La portée du cours est intéressante, l'objectif est ambitieux et la structure est bonne, mais le contenu et les quiz sont très souvent hors sujet.",positive,noi_chung
3092,"La portée du cours est intéressante, l'objectif est ambitieux et la structure est bonne, mais le contenu et les quiz sont très souvent hors sujet.",positive,chuong_trinh_hoc
3092,"La portée du cours est intéressante, l'objectif est ambitieux et la structure est bonne, mais le contenu et les quiz sont très souvent hors sujet.",positive,chuong_trinh_hoc
3092,"La portée du cours est intéressante, l'objectif est ambitieux et la structure est bonne, mais le contenu et les quiz sont très souvent hors sujet.",neutral,bai_tap
3093,"Bien que j'aie déjà eu une expérience du calcul, ce cours m'a aidé à clarifier certaines bases et m'a fait regarder le calcul sous un angle totalement différent.",positive,chuong_trinh_hoc
3094,Idéal cours pour tous ceux qui débutent en programmation informatique et souhaitent apprendre Python.,positive,noi_chung
3095,Vous apprendrez quelque chose de nouveau ou vous vous améliorerez dans un domaine.,positive,noi_chung
3096,Le programme est bien structuré et le contenu abordé avec une certaine profondeur (compte tenu de la nature introductive du cours).,positive,chuong_trinh_hoc
3096,Le programme est bien structuré et le contenu abordé avec une certaine profondeur (compte tenu de la nature introductive du cours).,positive,chuong_trinh_hoc
3097,"Dans l’ensemble, il est dommage que le professeur Ng ne propose pas de spécialisation correspondante.",negative,kinh_nghiem
3098,"Le cours doit clairement indiquer que le devoir ne fonctionne que dans l'environnement Linux / UNIX et qu'il est nécessaire de tester davantage les scripts sur les plates-formes de système d'exploitation Linux les plus populaires, différentes versions de C + + et différentes versions de Python.",neutral,bai_tap
3099,Je recommande vivement le langage et les outils d'analyse financière au nouveau dirigeant et au dirigeant de longue date qui cherche à actualiser ses connaissances et ses compétences pour développer son entreprise.,positive,de_xuat
3100,"En plus des leçons vidéo, des notes de cours et des devoirs sont également fournis pour une pratique supplémentaire !",positive,cung_cap_tai_lieu
3101,Génial Professeur.,positive,ky_nang_giang_day
3102,"J'ai rendu mes devoirs à temps, mais même après un mois, je n'ai toujours pas un seul pair qui a terminé mon évaluation, ce qui retarde ensuite « l'achèvement » de mon cours.",negative,ham_diem
3103,"Bien qu'une grande partie du contenu semble relever du bon sens, il est probablement nécessaire de construire ici une base commune pour plus tard les cours.",positive,noi_chung
3104,Je me sens plus confiant et préparé à continuer d'étudier et de passer mon TEFL maintenant que j'ai suivi ce cours.,positive,chuong_trinh_hoc
3105,Test sont cool.,positive,bai_tap
3106,"C'est un cours  vraiment fascinant, car il est organisé de manière à ce que les étudiants puissent vraiment en tirer beaucoup de bénéfices, même si un effort plus important est effectivement requis par rapport aux autres cours .",positive,noi_chung
3106,"C'est un cours  vraiment fascinant, car il est organisé de manière à ce que les étudiants puissent vraiment en tirer beaucoup de bénéfices, même si un effort plus important est effectivement requis par rapport aux autres cours .",positive,chuong_trinh_hoc
3106,"C'est un cours  vraiment fascinant, car il est organisé de manière à ce que les étudiants puissent vraiment en tirer beaucoup de bénéfices, même si un effort plus important est effectivement requis par rapport aux autres cours .",neutral,noi_chung
3107,Félicitations pour vos efforts visant à créer une société meilleure.,positive,noi_chung
3108,Ceci cours est une très bonne introduction cours.,positive,noi_chung
3109,Le concepteur du cours.,negative,chuong_trinh_hoc
3109,Le concepteur du cours.,negative,chuong_trinh_hoc
3110,Certains clips éducatifs semblent provenir de YouTube ou de vidéos promotionnelles pour une certaine initiative.,neutral,cung_cap_tai_lieu
3111,Le personnel a été superbe dans son support et sa réactivité.,positive,ky_nang_giang_day
3111,Le personnel a été superbe dans son support et sa réactivité.,positive,hanh_vi
3112,Bien cours !,positive,noi_chung
3113,Le meilleur que j'ai vu dans ce domaine.,positive,noi_chung
3114,Ce cours est le meilleur cours en ligne que j'ai entendu jusqu'à présent sur Coursera.,positive,noi_chung
3115,Lui et d’autres ont également partagé des informations intéressantes sur les personnes actives dans le mouvement.,positive,kinh_nghiem
3116,"Cela a été l'une des meilleures expériences éducatives que j'ai eues et j'en ai eu quelques-uns, Ph. D., MBA.",positive,noi_chung
3117,J'ai tellement appris.,positive,noi_chung
3118,Ce n'est pas gratuit (vous obtenez une licence d'un an) et cache toute l'action à l'utilisateur.,negative,noi_chung
3119,"Certaines semaines, les conférences étaient assez longues et denses tandis que d'autres étaient un peu sèches.",negative,ky_nang_giang_day
3119,"Certaines semaines, les conférences étaient assez longues et denses tandis que d'autres étaient un peu sèches.",negative,ky_nang_giang_day
3120,"Les conférences sont un très bref aperçu des sujets, sans rien enseigner réellement.",negative,ky_nang_giang_day
3121,Certaines parties nécessitent davantage de clarification.,negative,ky_nang_giang_day
3122,J'ai vraiment aimé le cours.,positive,noi_chung
3123,Ce cours  est vraiment bien conçu.,positive,chuong_trinh_hoc
3124,Sinon un super cours.,positive,noi_chung
3125,Vraiment un cours remarquable  sur la programmation fonctionnelle.,positive,noi_chung
3126,Le personnel du cours répond rapidement à toutes les questions.,positive,hanh_vi
3127,J'ai beaucoup apprécié le cours !,positive,noi_chung
3128,"Génial conférences et bien expliqué, à part une conférence (la 6ème - c'était peut-être moi, qui ne comprenais pas bien le sujet).",positive,ky_nang_giang_day
3128,"Génial conférences et bien expliqué, à part une conférence (la 6ème - c'était peut-être moi, qui ne comprenais pas bien le sujet).",negative,ky_nang_giang_day
3129,Les instructeurs conçoivent ce cours de manière très efficace.,positive,chuong_trinh_hoc
3130,Je suis nouveau dans le domaine de la recherche qualitative et j'apprécie chaque conférence ici.,positive,ky_nang_giang_day
3131,"En bref, ce cours  fournit une base solide pour développer des compétences en développement Web, et je le recommande sincèrement à tous ceux qui s'intéressent à ce domaine.",positive,chuong_trinh_hoc
3132,"Je m'attendais à voir beaucoup plus de choses sur le Design « d'Information », dans le sens du Design de Communication, du Design des Données, de la Théorie de la Communication et de la façon dont on peut supprimer l'ambiguïté d'un design (visuel, industriel, de contenu ou quel qu'il soit).",negative,noi_chung
3133,"Je n'ai pas suivi le cours pour obtenir un ""certificat"" mais pour apprendre et recevoir du feedback.",negative,hanh_vi
3134,J'aurais juste aimé pouvoir lire les documents supplémentaires documents également.,negative,cung_cap_tai_lieu
3135,J'ai vraiment aimé son minimalisme et j'ai trouvé que c'était une excellente incitation à l'écriture.,positive,chuong_trinh_hoc
3136,"Les bons enseignants rendent l'expérience d'apprentissage facile et amusante, les mauvais enseignants la rendent comme une torture.",positive,ky_nang_giang_day
3137,Prof. Barbara Oakley décrit les choses avec des aides visuelles.,positive,ky_nang_giang_day
3138,La manière de présenter était excellente.,positive,ky_nang_giang_day
3139,Vous pouvez comprendre à quel point les enseignants sont responsables (inclure tous les individus qui participent à la réalisation de cette conférence) ! Merci encore à tous !!,positive,ky_nang_giang_day
3140,Incroyable bien sûr ! !!!,positive,noi_chung
3141,"Pour ce que c'est, à savoir un niveau très débutant cours pour enseigner les concepts de programmation avec Python, c'est très bien exécuté.",positive,noi_chung
3142,"Le cours  est très intéressant et copieux, je ne peux même pas m'empêcher d'écouter les leçons suivies une par une.",positive,noi_chung
3142,"Le cours  est très intéressant et copieux, je ne peux même pas m'empêcher d'écouter les leçons suivies une par une.",positive,chuong_trinh_hoc
3143,Ce cours est certainement bénéfique à de nombreux niveaux.,positive,noi_chung
3144,"Même si c'est une vue générale, c'est très clair.",positive,chuong_trinh_hoc
3145,Je recommanderais ce cours cours à toute personne passionnée par la biologie du cancer.,positive,de_xuat
3146,"Très pratique, intéressant et inspirant, de bons conseils.",positive,ky_nang_giang_day
3146,"Très pratique, intéressant et inspirant, de bons conseils.",positive,noi_chung
3147,"Les sympathiques mentors répondent rapidement et en détail à mes questions, ce qui me donne le sentiment d'être soutenu.",positive,ky_nang_giang_day
3147,"Les sympathiques mentors répondent rapidement et en détail à mes questions, ce qui me donne le sentiment d'être soutenu.",positive,hanh_vi
3148,Certainement un « incontournable » cours.,positive,noi_chung
3149,"Le projet final était considérablement plus difficile que le matériel enseigné en classe et les problèmes liés au cours (par exemple, le fichier d'examen final non disponible) n'avaient manifestement pas été résolus depuis la dernière version du cours.",negative,bai_tap
3149,"Le projet final était considérablement plus difficile que le matériel enseigné en classe et les problèmes liés au cours (par exemple, le fichier d'examen final non disponible) n'avaient manifestement pas été résolus depuis la dernière version du cours.",negative,cung_cap_tai_lieu
3150,Très très ennuyeux.,negative,noi_chung
3151,GitHub a changé et ne correspond pas aux vidéos donc toute information fournie n'aide pas quelqu'un à démarrer.,negative,ky_nang_giang_day
3151,GitHub a changé et ne correspond pas aux vidéos donc toute information fournie n'aide pas quelqu'un à démarrer.,negative,ky_nang_giang_day
3152,"De plus, les TA devraient être plus actifs sur les forums.",neutral,hanh_vi
3153,Le Professeur Duquette se ressent à travers les vidéos.,positive,ky_nang_giang_day
3154,J'ai l'impression que je n'ai pas vraiment compris ces concepts avant de regarder les cours de cette semaine et de la semaine suivante.,negative,chuong_trinh_hoc
3155,Le seul cours où j'ai réellement commencé à apprendre un peu de programmation.,positive,noi_chung
3156,"Il aurait été intéressant d'en entendre un peu plus sur le fonctionnement interne des SVM, ce sujet a été traité un peu trop brièvement à mon goût.",positive,noi_chung
3157,génial et facile à comprendre.,positive,chuong_trinh_hoc
3158,"Ce n'est pas un cours sur la concurrence avec Scala ; il a une couverture très basique des threads et de la synchronisation vers le début, et c'est tout.",positive,noi_chung
3159,"Un tonnerre d'applaudissements pour George Siedel, « Negotiation Team » et Coursera !",positive,ky_nang_giang_day
3160,"Bien planifié, permettant aux étudiants d'interagir et de faire leurs premiers pas dans cette langue vraiment puissante.",positive,chuong_trinh_hoc
3160,"Bien planifié, permettant aux étudiants d'interagir et de faire leurs premiers pas dans cette langue vraiment puissante.",positive,noi_chung
3161,Un excellent cours  pour se réveiller et se lancer dans le monde de l'écriture de scénario.,positive,noi_chung
3162,Il était également très sensible à son public.,positive,hanh_vi
3163,On est trop souvent bombardé de données et on ne parvient pas à en tirer un sens.,conflict,noi_chung
3164,C'était un peu déroutant et les quiz demandaient de rechercher des informations sur Internet et il n'y avait aucun moyen réel de savoir que ces sujets seraient dans les quiz.,negative,bai_tap
3165,Très complet cours qui s'adresse aux chercheurs universitaires et à ceux qui ont moins de formation scientifique.,positive,chuong_trinh_hoc
3165,Très complet cours qui s'adresse aux chercheurs universitaires et à ceux qui ont moins de formation scientifique.,positive,noi_chung
3166,"Il y a quelques petits défis dans devoirs, mais c'est toujours une excellente occasion de transformer tous ces concepts en mes connaissances et mes expériences.",neutral,bai_tap
3166,"Il y a quelques petits défis dans devoirs, mais c'est toujours une excellente occasion de transformer tous ces concepts en mes connaissances et mes expériences.",positive,bai_tap
3167,Les vidéos ont été superbement enregistrées et les points expliqués.,positive,ky_nang_giang_day
3168,Je suis reconnaissant d’avoir l’opportunité d’apprendre.,positive,noi_chung
3169,Bien organisé.,positive,chuong_trinh_hoc
3171,C'était très décevant de payer pour la certification et de ne pas pouvoir l'obtenir en raison de problèmes avec les développeurs du cours un manque de compréhension du fonctionnement du cours il est clair qu'ils n'ont pas pris la peine de s'adapter à un cours de 5 semaines et à des activités évaluées par des pairs proposées qui ont pris plus de 6 semaines à réaliser. en plus du délai du cours,negative,chuong_trinh_hoc
3171,C'était très décevant de payer pour la certification et de ne pas pouvoir l'obtenir en raison de problèmes avec les développeurs du cours un manque de compréhension du fonctionnement du cours il est clair qu'ils n'ont pas pris la peine de s'adapter à un cours de 5 semaines et à des activités évaluées par des pairs proposées qui ont pris plus de 6 semaines à réaliser. en plus du délai du cours,negative,chuong_trinh_hoc
3172,Je me rends compte que le manque de conseils spécifiques avait pour but de nous encourager à explorer la « fabrication » de multiples itérations des images.,negative,ky_nang_giang_day
3173,C'était un cours fantastique .,positive,noi_chung
3174,C'était un super cours !,positive,noi_chung
3175,Devoirs notés par les pairs étaient explicites pour répondre aux questions.,positive,bai_tap
3176,Une grande partie de ceci contenu a été répétée à partir des deux premières parties de cette spécialisation.,negative,cung_cap_tai_lieu
3177,Je ne sais pas si le référencement est vraiment simple et logique ou s'il apparaît ainsi simplement à cause de la clarté et de la facilité d'écoute de Mme.,positive,ky_nang_giang_day
3178,"Rapide, simple, complet, le tout avec une apparence très professionnelle.",positive,noi_chung
3178,"Rapide, simple, complet, le tout avec une apparence très professionnelle.",positive,noi_chung
3178,"Rapide, simple, complet, le tout avec une apparence très professionnelle.",positive,noi_chung
3178,"Rapide, simple, complet, le tout avec une apparence très professionnelle.",positive,noi_chung
3179,Je m'attendais à des réponses officielles à ma question alors qu'il n'y a que quelques questions pour chaque semaine de cours.,negative,hanh_vi
3180,j'ai appris des tonnes de nouvelles choses. J'aimerais avoir plus de documents sur le sujet. Le personnel pourrait-il joindre des lectures recommandées ? d'autres cours ? merci d'avoir fait cela cours : ),positive,chuong_trinh_hoc
3180,j'ai appris des tonnes de nouvelles choses. J'aimerais avoir plus de documents sur le sujet. Le personnel pourrait-il joindre des lectures recommandées ? d'autres cours ? merci d'avoir fait cela cours : ),neutral,cung_cap_tai_lieu
3180,j'ai appris des tonnes de nouvelles choses. J'aimerais avoir plus de documents sur le sujet. Le personnel pourrait-il joindre des lectures recommandées ? d'autres cours ? merci d'avoir fait cela cours : ),neutral,noi_chung
3181,Je pense que la spécialisation est bonne pour quelqu'un qui n'a pas beaucoup de connaissances dans le domaine (comme moi).,positive,noi_chung
3182,"Cependant, j'ai quand même trouvé que le rythme était trop lent, avec trop de distractions (""drôle"" vidéos, professeur boire et faire des erreurs, hummm !!!).",negative,ky_nang_giang_day
3182,"Cependant, j'ai quand même trouvé que le rythme était trop lent, avec trop de distractions (""drôle"" vidéos, professeur boire et faire des erreurs, hummm !!!).",negative,chuong_trinh_hoc
3182,"Cependant, j'ai quand même trouvé que le rythme était trop lent, avec trop de distractions (""drôle"" vidéos, professeur boire et faire des erreurs, hummm !!!).",negative,ky_nang_giang_day
3183,"Dans ce cours , vous étudierez la logique derrière les algorithmes mathématiques et apprendrez à les traduire dans des langages de calcul tels qu'Octave ou MAtlab.",positive,noi_chung
3184,"Je sais qu'il faut beaucoup de temps pour préparer cela matériel, mais il est clair que ce dernier effort de qualité n'a pas été fait.",negative,cung_cap_tai_lieu
3185,Veuillez améliorer ce module afin qu'il soit plus agréable pour les apprenants qui veulent vraiment apprendre.,neutral,noi_chung
3186,Et c'est vraiment ennuyeux.,negative,noi_chung
3187,"Ce que j'ai aimé dans ce cours, c'est la nature des devoirs qui mettaient l'accent sur l'importance de faire des négociations avec d'autres camarades de classe, cela m'a obligé à interagir avec de parfaits inconnus de différents pays et à revoir le travail des autres, ce qui a été une expérience extrêmement agréable.",positive,bai_tap
3187,"Ce que j'ai aimé dans ce cours, c'est la nature des devoirs qui mettaient l'accent sur l'importance de faire des négociations avec d'autres camarades de classe, cela m'a obligé à interagir avec de parfaits inconnus de différents pays et à revoir le travail des autres, ce qui a été une expérience extrêmement agréable.",positive,hanh_vi
3188,Charles est charmant !,positive,ky_nang_giang_day
3189,Merci et bravo Snape tu es génial,positive,ky_nang_giang_day
3190,Je ne peux pas dire assez de bien de tous les cours de cette spécialisation !,positive,noi_chung
3191,J'ai un Master et jusqu'à ce que je suive ce MOOC,positive,noi_chung
3192,Je lui aurais donné 5 étoiles mais il pourrait être un peu amélioré.,positive,chuong_trinh_hoc
3193,Un cours vraiment incroyable !,positive,noi_chung
3194,Cours fantastique mentor / TA .,positive,ky_nang_giang_day
3195,Vous avez fait du bon travail les gars.,positive,noi_chung
3196,C'est un cours très complet  comme introduction au domaine.,positive,chuong_trinh_hoc
3197,Bon cours bon enseignement .,positive,noi_chung
3197,Bon cours bon enseignement .,positive,ky_nang_giang_day
3198,Il faudrait vraiment le refaire.,neutral,noi_chung
3199,Je recommande vivement le cours!,positive,de_xuat
3200,"Le style de conférence du Dr Chuck est vraiment inspirant, humoristique et utile.",positive,ky_nang_giang_day
3200,"Le style de conférence du Dr Chuck est vraiment inspirant, humoristique et utile.",positive,hanh_vi
3200,"Le style de conférence du Dr Chuck est vraiment inspirant, humoristique et utile.",positive,ky_nang_giang_day
3201,Excellent cours !,positive,noi_chung
3202,Je n'ai suivi aucun cours en fait puisque je suis ingénieur et je n'ai jamais été aussi heureux de regarder un cours ou de faire un exercice.,positive,noi_chung
3203,Le premier cours me donne l'enthousiasme de commencer les suivants.,positive,noi_chung
3204,Je ne pense pas que mon résultat de ce cours ait été significatif en raison de la structure du cours et je regrette d'avoir payé pour les 3 cours.,negative,bai_tap
3205,Les devoirs sont stimulants mais agréables et bien rythmés.,positive,bai_tap
3206,Je recommanderai certainement ce cours cours à tous ceux qui souhaitent poursuivre des études en comptabilité judiciaire et en examen des fraudes.,positive,de_xuat
3207,C'est un excellent cours qui est très instructif.,positive,noi_chung
3207,C'est un excellent cours qui est très instructif.,positive,chuong_trinh_hoc
3208,"La partie la plus utile semble concerner la définition des objectifs, et c'est par cela que je recommanderais de commencer pour la plupart des étudiants.",positive,de_xuat
3209,Ce professeur est très compréhensif et va droit au but.,positive,ky_nang_giang_day
3209,Ce professeur est très compréhensif et va droit au but.,positive,kinh_nghiem
3210,Cela a entraîné une perte de temps considérable avec la niveleuse.,negative,chuong_trinh_hoc
3211,J'ai même commencé à lire des articles de revues de Page et Zellner parce que je suis très fasciné par les modèles qui me sont présentés dans ce cours.,positive,chuong_trinh_hoc
3212,"Parfois, il semble que certains professeurs parlent très vite contrairement aux cours de base du MBA.",neutral,ky_nang_giang_day
3213,Le cours matière est intéressant .,positive,cung_cap_tai_lieu
3214,Je recommanderais ce cours  à tous ceux qui souhaitent en savoir plus sur la façon dont les chiens pensent.,positive,de_xuat
3215,Devoirs étaient très faciles et amusants à faire. J'ai beaucoup appris en peu de temps.,positive,bai_tap
3215,Devoirs étaient très faciles et amusants à faire. J'ai beaucoup appris en peu de temps.,positive,bai_tap
3215,Devoirs étaient très faciles et amusants à faire. J'ai beaucoup appris en peu de temps.,positive,bai_tap
3216,J'ai adoré le forum et les mentors.,positive,ky_nang_giang_day
3217,Merci .,positive,noi_chung
3218,"Globalement bien, merci Prof. Geoffery !",positive,noi_chung
3218,"Globalement bien, merci Prof. Geoffery !",positive,ky_nang_giang_day
3219,"Si j'ai des recommandations, je suggérerais une répartition des abréviations et des concepts, car j'ai particulièrement eu du mal en raison de mon expérience non financière.",neutral,chuong_trinh_hoc
3220,"L'absence de toute aide de la part des assistants techniques, d'après mon expérience, en est la raison.",negative,hanh_vi
3221,"J'avais cette fausse idée que l'apprentissage automatique était un casse-tête difficile à résoudre, mais le professeur Ng a conçu le cours de manière à ce que les étudiants en tirent le meilleur parti avec une bonne dose d'effort.",positive,ky_nang_giang_day
3222,Je le recommande !,positive,de_xuat
3224,J'ai un retour négatif sur le cours de Cheri Alexander contenu pour plusieurs choses : 1 - Trop de répétition.,negative,cung_cap_tai_lieu
3225,Ce cours a été une expérience merveilleuse.,positive,noi_chung
3226,Le meilleur cours de tous les temps (et j'en ai suivi beaucoup).,positive,noi_chung
3227,Superbe et stimulant.,positive,noi_chung
3228,"Ce qui me manque : l'étude le matériel devrait fournir des informations (théoriques) plus nombreuses et mieux organisées (par exemple sur des sujets tels que la conception de bases de données, les structures de données, etc.)",negative,cung_cap_tai_lieu
3228,"Ce qui me manque : l'étude le matériel devrait fournir des informations (théoriques) plus nombreuses et mieux organisées (par exemple sur des sujets tels que la conception de bases de données, les structures de données, etc.)",negative,cung_cap_tai_lieu
3229,J’ai vraiment apprécié ce regard honnête sur l’histoire d’Israël en tant que pays.,positive,noi_chung
3230,Ces conférences comprenaient quelques ressources - - mais il serait certainement possible d'en introduire davantage.,neutral,cung_cap_tai_lieu
3231,Excellent cours !,positive,noi_chung
3232,Je recommanderais ce cours à toute personne intéressée par l'histoire ou la fiction historique.,positive,de_xuat
3233,Ce cours était simple.,neutral,noi_chung
3234,Les professeurs prêtent attention aux points de grammaire vraiment déroutants.,positive,ky_nang_giang_day
3235,"Si toutes les vidéos avaient été de bonne qualité d'écoute, j'aurais donné 5 étoiles au cours",negative,ky_nang_giang_day
3236,Très bien fait.,positive,noi_chung
3237,"Si vous avez une expérience en programmation dans un autre langage, il devrait être possible de suivre ce cours assez rapidement.",positive,chuong_trinh_hoc
3238,C'est un excellent cours jusqu'à présent.,positive,noi_chung
3239,Cela a prouvé le chaînon manquant à mon bonheur.,positive,noi_chung
3240,Bien cours .,positive,noi_chung
3241,Super expérience !,positive,noi_chung
3242,Le instructeur écrit et parle simultanément.,negative,ky_nang_giang_day
3243,C'est un excellent cours  pour ceux qui souhaitent explorer l'aspect programmation fonctionnelle de l'informatique.,positive,noi_chung
3244,Vraiment génial bien sûr pour compléter la lecture de Dayan et Abbott,positive,noi_chung
3245,C'est aussi bon que possible,positive,noi_chung
3246,1. Les vitesses 75x ou 2x rendent le rythme plus gérable et restent faciles à suivre.,positive,ky_nang_giang_day
3247,"Plus important encore, les mentors du forum de discussion sont vraiment sympas.",positive,hanh_vi
3248,Il faut prévoir un temps important pour faire des recherches sur le contenu enseigné et décomposer les devoirs de programmation qui prend du temps.,neutral,bai_tap
3248,Il faut prévoir un temps important pour faire des recherches sur le contenu enseigné et décomposer les devoirs de programmation qui prend du temps.,negative,cung_cap_tai_lieu
3249,Mauvais contenu et instructeur.,negative,cung_cap_tai_lieu
3249,Mauvais contenu et instructeur.,negative,ky_nang_giang_day
3250,Les exercices sont également bien conçus pour conduire l'étudiant dans la bonne direction sans trop se soucier des détails de mise en œuvre qui soutiennent les sujets principaux.,positive,bai_tap
3251,Le reste du cours était bon.,positive,noi_chung
3252,"Je n'ai jamais été bon en mathématiques ni en chimie, mais le professeur explique les différents processus d'une manière si simpliste que jusqu'à présent, j'ai réussi les quiz avec un score parfait et j'ai une assez bonne compréhension de tout ce qu'elle dit.",positive,ky_nang_giang_day
3252,"Je n'ai jamais été bon en mathématiques ni en chimie, mais le professeur explique les différents processus d'une manière si simpliste que jusqu'à présent, j'ai réussi les quiz avec un score parfait et j'ai une assez bonne compréhension de tout ce qu'elle dit.",positive,ky_nang_giang_day
3253,"Bien que le météore se déplace à un rythme rapide, ce cours ne le fait pas.",negative,chuong_trinh_hoc
3254,Ce cours m'a également aidé à améliorer mes compétences en communication et en entretien en anglais.,positive,chuong_trinh_hoc
3255,J'ai apprécié ce cours.,positive,noi_chung
3256,Génial cours !,positive,noi_chung
3257,Excellent cours pour les débutants ou les étudiants qui aspirent à faire carrière dans l'analyse de données.,positive,noi_chung
3258,"Bien que le contenu ait été utile, ce cours aurait pu être grandement amélioré si diapositives avaient été fournies au lieu d'une simple transcription.",negative,ky_nang_giang_day
3258,"Bien que le contenu ait été utile, ce cours aurait pu être grandement amélioré si diapositives avaient été fournies au lieu d'une simple transcription.",positive,cung_cap_tai_lieu
3259,J'ai utilisé beaucoup de techniques apprises dans les autres cours.,positive,noi_chung
3260,Jusqu'ici tout simplement génial !,positive,noi_chung
3261,Ce cours a été fantastique !,positive,noi_chung
3262,Les cours ne couvrent pas ce qui est nécessaire dans certaines missions.,negative,ky_nang_giang_day
3263,Cela apporte aussi un peu de détente avec l'heure de bureau vidéos.,positive,ky_nang_giang_day
3264,"Très bien exercices de programmation, progressivement stimulant et bon pour sédimenter les connaissances.",positive,bai_tap
3264,"Très bien exercices de programmation, progressivement stimulant et bon pour sédimenter les connaissances.",positive,bai_tap
3264,"Très bien exercices de programmation, progressivement stimulant et bon pour sédimenter les connaissances.",positive,bai_tap
3266,Un cours  très intéressant et utile pour ceux qui veulent apprendre à nettoyer les données en Python.,positive,noi_chung
3266,Un cours  très intéressant et utile pour ceux qui veulent apprendre à nettoyer les données en Python.,positive,noi_chung
3267,Excellente entrée cours.,positive,chuong_trinh_hoc
3268,Une chose très petite mais importante qui a retenu mon attention est l’énergie avec laquelle professeur enseigne.,positive,ky_nang_giang_day
3269,Le cours est bien structuré et très instructif.,positive,chuong_trinh_hoc
3269,Le cours est bien structuré et très instructif.,positive,chuong_trinh_hoc
3270,Professeur génial.,positive,ky_nang_giang_day
3271,"Très bien construit, logique et compréhensible cours.",positive,chuong_trinh_hoc
3271,"Très bien construit, logique et compréhensible cours.",positive,chuong_trinh_hoc
3272,"J'ai aimé le cours dans l'ensemble, mais j'ai trouvé qu'il aurait pu y avoir plus d'explications avec les réponses aux projets hebdomadaires.",positive,noi_chung
3272,"J'ai aimé le cours dans l'ensemble, mais j'ai trouvé qu'il aurait pu y avoir plus d'explications avec les réponses aux projets hebdomadaires.",neutral,bai_tap
3273,Les cours magistraux et les travaux pratiques sont très faciles à comprendre.,positive,ky_nang_giang_day
3274,J'ai beaucoup apprécié le cours.,positive,noi_chung
3275,J'ai vraiment apprécié ce cours.,positive,noi_chung
3276,Cela commence par la base et devient un peu plus difficile et c'est agréable pendant que vous commencez à projeter des façons de l'utiliser.,positive,chuong_trinh_hoc
3276,Cela commence par la base et devient un peu plus difficile et c'est agréable pendant que vous commencez à projeter des façons de l'utiliser.,positive,noi_chung
3277,Je le recommande vivement à tout le monde et en particulier aux étudiants en psychologie.,positive,de_xuat
3278,"Désolé, il y a plusieurs fois où je dois revoir les vidéos et je ne comprends toujours pas.",negative,ky_nang_giang_day
3279,"Je recommanderais de suivre ce cours cours en dernier des quatre, avant de commencer le projet Capstone - si vous prévoyez de parcourir toutes les parties.",positive,de_xuat
3280,"Je pense devenir vétérinaire, donc ce cours m'aide vraiment.",positive,chuong_trinh_hoc
3281,Je le recommande juste pour ça même si vous connaissez le sujet.,positive,de_xuat
3282,"Si l'on s'intéresse uniquement à la parole, on recueillera une quantité raisonnable d'informations.",neutral,noi_chung
3283,C'est l'un des cours les plus incroyables que j'ai jamais suivi !,positive,noi_chung
3284,J'ai apprécié ce cours au maximum !,positive,chuong_trinh_hoc
3285,"Le présentateur met l'accent sur un mot sur deux et parle d'une manière très peu naturelle, ce qui rend l'écoute très fatigante, et les quiz en vidéo sont beaucoup trop basiques et prennent trop de temps.",negative,ky_nang_giang_day
3285,"Le présentateur met l'accent sur un mot sur deux et parle d'une manière très peu naturelle, ce qui rend l'écoute très fatigante, et les quiz en vidéo sont beaucoup trop basiques et prennent trop de temps.",negative,bai_tap
3285,"Le présentateur met l'accent sur un mot sur deux et parle d'une manière très peu naturelle, ce qui rend l'écoute très fatigante, et les quiz en vidéo sont beaucoup trop basiques et prennent trop de temps.",negative,bai_tap
3286,La seule raison pour laquelle ce cours n'a pas obtenu 5 étoiles est que les informations sur le cours n'étaient pas présentées à 100 % clairement.,positive,noi_chung
3287,S'il n'y avait pas eu autant de problèmes avec les vidéos et quiz,negative,ky_nang_giang_day
3287,S'il n'y avait pas eu autant de problèmes avec les vidéos et quiz,negative,bai_tap
3288,"Il est vrai que la plupart des éléments de base sont couverts pour être juste, mais la progression est très rapide.",positive,noi_chung
3288,"Il est vrai que la plupart des éléments de base sont couverts pour être juste, mais la progression est très rapide.",negative,noi_chung
3289,"Pour ceux qui envisagent de suivre le cours , sachez que les exigences en termes de temps peuvent être importantes: les cours magistraux sont bien, mais deux ou trois des devoirs  ont pris bien plus de 3 heures (si vous prévoyez de vous battre réellement avec le codage, cela est pertinent).",neutral,chuong_trinh_hoc
3289,"Pour ceux qui envisagent de suivre le cours , sachez que les exigences en termes de temps peuvent être importantes: les cours magistraux sont bien, mais deux ou trois des devoirs  ont pris bien plus de 3 heures (si vous prévoyez de vous battre réellement avec le codage, cela est pertinent).",positive,ky_nang_giang_day
3289,"Pour ceux qui envisagent de suivre le cours , sachez que les exigences en termes de temps peuvent être importantes: les cours magistraux sont bien, mais deux ou trois des devoirs  ont pris bien plus de 3 heures (si vous prévoyez de vous battre réellement avec le codage, cela est pertinent).",neutral,bai_tap
3290,"Sinon, j'ai l'impression d'avoir beaucoup appris et je pense que c'est une excellente introduction cours.",positive,chuong_trinh_hoc
3290,"Sinon, j'ai l'impression d'avoir beaucoup appris et je pense que c'est une excellente introduction cours.",positive,noi_chung
3291,"Il y avait quelques bugs avec les quiz, mais dans l'ensemble, il était bien conçu et contenait beaucoup d'informations pour un court cours.",negative,bai_tap
3291,"Il y avait quelques bugs avec les quiz, mais dans l'ensemble, il était bien conçu et contenait beaucoup d'informations pour un court cours.",positive,noi_chung
3292,"Grâce à ce cours, j'ai trouvé où je faisais des erreurs et en fait, j'apprends de nouvelles choses plus facilement et je répète à chaque fois les informations que j'ai étudiées il y a quelques années.",positive,noi_chung
3293,"Cependant, les quiz et les tests semblaient être d'un niveau très différent et couvraient souvent des sujets qui étaient à peine abordés pendant les cours.",positive,bai_tap
3293,"Cependant, les quiz et les tests semblaient être d'un niveau très différent et couvraient souvent des sujets qui étaient à peine abordés pendant les cours.",negative,cung_cap_tai_lieu
3294,Excellent cours pour expliquer les fondamentaux du financement de projet en résumant les concepts clés et en incluant quelques brefs exemples.,positive,noi_chung
3294,Excellent cours pour expliquer les fondamentaux du financement de projet en résumant les concepts clés et en incluant quelques brefs exemples.,positive,chuong_trinh_hoc
3295,"Il y a du bon contenu sur la créativité dans ce cours, même s'il aborde à peine la résolution de problèmes.",positive,cung_cap_tai_lieu
3295,"Il y a du bon contenu sur la créativité dans ce cours, même s'il aborde à peine la résolution de problèmes.",conflict,cung_cap_tai_lieu
3296,Les formats et les adaptations personnelles sont devenus plus mutuellement compris et acceptés.,positive,noi_chung
3297,"Certains des présentateurs doivent travailler sur leurs compétences de présentation (personnellement, je n'ai eu aucun problème avec les accents).",negative,ky_nang_giang_day
3298,Le professeur Noor explique avec une telle clarté que même un enfant de 5 ans peut en apprendre davantage sur l'ADN.,positive,kinh_nghiem
3299,Je pense que le programme  a été présenté de manière créative.,positive,chuong_trinh_hoc
3300,J'ai beaucoup appris de ce cours et j'ai réalisé ce que je faisais de mal en essayant d'apprendre dans le passé.,positive,noi_chung
3301,Cela m'aurait paru plus personnel si c'était juste Dr. Fredericks devant la caméra.,positive,ky_nang_giang_day
3302,Je recommande un niveau de confort décent avec la programmation.,neutral,de_xuat
3303,Je suis actuellement dans ma semaine 2 du Cours et je dois dire que j'ai vraiment apprécié la semaine 1!,positive,noi_chung
3304,Je l'ai pris : ) Recommandé.,positive,noi_chung
3305,Le cours était super mais il faut un peu de temps pour obtenir une note en raison des évaluations par les pairs.,positive,noi_chung
3305,Le cours était super mais il faut un peu de temps pour obtenir une note en raison des évaluations par les pairs.,negative,ham_diem
3306,Je lui donnerais 4/5 une fois que tout sera réglé.,neutral,noi_chung
3307,"J'ai pensé que toutes les informations étaient excellentes, mais parfois le cours était tout simplement très fade, surtout en termes de présentation.",positive,noi_chung
3307,"J'ai pensé que toutes les informations étaient excellentes, mais parfois le cours était tout simplement très fade, surtout en termes de présentation.",negative,chuong_trinh_hoc
3307,"J'ai pensé que toutes les informations étaient excellentes, mais parfois le cours était tout simplement très fade, surtout en termes de présentation.",negative,ky_nang_giang_day
3308,"Autrement, sujets ont été abordés en profondeur et ont suscité la réflexion.",positive,ky_nang_giang_day
3308,"Autrement, sujets ont été abordés en profondeur et ont suscité la réflexion.",positive,ky_nang_giang_day
3309,"Il vous donne les connaissances de base sur ce qu'il faut pour être un bon orateur public, et vous pouvez appliquer ces connaissances non seulement dans vos présentations, mais aussi dans votre vie quotidienne.",positive,noi_chung
3310,J'ai beaucoup appris de ce cours !,positive,noi_chung
3311,J'assisterai aux autres cours et je créerai probablement du matériel pour pouvoir couvrir l'intégralité des cours 1 à 4 en une semaine.,positive,noi_chung
3312,"Le seul point critique que j'ai est que les devoirs de programmation ne sont pas assez difficiles à résoudre, mais c'est quand même un cours 5 étoiles à coup sûr !",negative,bai_tap
3313,J'apprécie l'opportunité et la création du cours.,positive,noi_chung
3314,La raison pour laquelle je donne 2 étoiles à ce jeu est que j'ai trouvé que les quiz étaient déraisonnablement difficiles (ou peut-être qu'ils avaient des bugs).,negative,bai_tap
3314,La raison pour laquelle je donne 2 étoiles à ce jeu est que j'ai trouvé que les quiz étaient déraisonnablement difficiles (ou peut-être qu'ils avaient des bugs).,negative,chuong_trinh_hoc
3315,"De plus, le matériel supplémentaire interviews est assez intéressant.",positive,cung_cap_tai_lieu
3316,"J'ai trouvé les tâches parfois déroutantes (j'ai lu la description d'une question, je pensais que j'étais censé répondre à plusieurs étapes à la fois, pour me rendre compte que les tâches seraient décomposées de manière beaucoup plus détaillée plus tard).",negative,bai_tap
3317,Super cours tout d'abord .,positive,noi_chung
3318,J'imagine que les rappels et les brefs rappels des sujets déjà abordés seraient très utiles aux personnes suivant le cours  au rythme recommandé.,positive,noi_chung
3319,J'espère que Robert Wright continuera à créer des offres pour le monde Coursera !,positive,ky_nang_giang_day
3320,J'ai aussi aimé la finale documents PDF.,positive,cung_cap_tai_lieu
3321,Un cours de cinq semaines sur les mécanismes biologiques de la perception de la parole et de la musique par les humains.,positive,noi_chung
3322,Merci pour ces 5 semaines très agréables et enrichissantes !,positive,chuong_trinh_hoc
3322,Merci pour ces 5 semaines très agréables et enrichissantes !,positive,noi_chung
3323,La conception de programmes fonctionnels en Scala est l'un des meilleurs cours pour ceux qui souhaitent appliquer le style de programmation fonctionnelle à la conception d'applications plus grandes en utilisant des concepts de programmation fonctionnelle.,positive,noi_chung
3324,Je vais revoir certains modules à nouveau pour me rafraîchir la mémoire ou les parcourir à nouveau car il y avait tellement de choses à apprendre.,positive,cung_cap_tai_lieu
3324,Je vais revoir certains modules à nouveau pour me rafraîchir la mémoire ou les parcourir à nouveau car il y avait tellement de choses à apprendre.,positive,cung_cap_tai_lieu
3325,Pouvez-vous imaginer l’impact sur notre société si de plus en plus de personnes développaient une conscience d’une vie heureuse et épanouissante ?,positive,noi_chung
3326,"Cela étant dit, j'ai apprécié le cours et j'ai beaucoup appris.",positive,noi_chung
3327,Les diapositives étaient claires.,positive,ky_nang_giang_day
3328,"Cependant, à mesure que les modèles deviennent plus complexes, une partie du matériel  n'est pas vraiment bien expliquée, en particulier le dernier module sur «l'apprentissage profond» qui est assez superflu.",negative,cung_cap_tai_lieu
3328,"Cependant, à mesure que les modèles deviennent plus complexes, une partie du matériel  n'est pas vraiment bien expliquée, en particulier le dernier module sur «l'apprentissage profond» qui est assez superflu.",negative,cung_cap_tai_lieu
3328,"Cependant, à mesure que les modèles deviennent plus complexes, une partie du matériel  n'est pas vraiment bien expliquée, en particulier le dernier module sur «l'apprentissage profond» qui est assez superflu.",negative,cung_cap_tai_lieu
3329,Les conférences font exactement ce dont vous avez besoin.,positive,ky_nang_giang_day
3330,"Étant donné que dans le monde réel, la plupart des taux tendent à être exprimés en taux effectifs, il serait bon que cette question soit expressément abordée.",positive,chuong_trinh_hoc
3331,Une excellente introduction au sujet pour le professionnel de l'informatique.,positive,chuong_trinh_hoc
3332,Génial cours avec des professeurs passionnants !,positive,noi_chung
3332,Génial cours avec des professeurs passionnants !,positive,ky_nang_giang_day
3333,J'ai trouvé Dr Senjowski un peu plus difficile d'apprendre de .,positive,ky_nang_giang_day
3334,Je suis profondément satisfait du cours.,positive,noi_chung
3335,Ce cours peut me fournir les troisièmes langues,positive,noi_chung
3336,Hautement recommandé !,positive,noi_chung
3337,"C'était difficile, mais surtout à cause de mon manque de connaissances de base en statistiques.",negative,chuong_trinh_hoc
3338,Le cours devoir requiert des connaissances qui ne sont pas abordées dans le cours.,negative,bai_tap
3338,Le cours devoir requiert des connaissances qui ne sont pas abordées dans le cours.,negative,noi_chung
3339,Je suis vraiment content d'y avoir consacré du temps.,positive,noi_chung
3340,Il me fait aussi rire dans chaque vidéo.,positive,ky_nang_giang_day
3341,Je vais m'inscrire à plus de cours de paléontologie,positive,noi_chung
3342,"Ce cours a été une révélation pour moi, je l'ai vraiment apprécié.",positive,chuong_trinh_hoc
3343,"Oh mon Dieu, j'aimerais avoir ces professeurs pour nous enseigner dans notre collège.",positive,ky_nang_giang_day
3344,J'ai beaucoup apprécié ce cours.,positive,noi_chung
3345,"Dans l’ensemble, le cours était juste la bonne dose de défi et de plaisir.",positive,ky_nang_giang_day
3347,Le seul changement que je pourrais suggérer serait de mieux équilibrer la charge de travail entre les trois semaines.,positive,chuong_trinh_hoc
3348,Personne ne semble surveiller le forum.,negative,hanh_vi
3349,J'ai particulièrement apprécié la façon dont les relations entre les neurosciences et les conseils pratiques sur la façon d'apprendre étaient constamment mises en avant.,positive,noi_chung
3350,Tout est clairement expliqué.,positive,chuong_trinh_hoc
3351,Bonne et nécessaire introduction à Python.,positive,noi_chung
3352,"Excellente analyse, exposé clair et compréhensible d'un sujet complexe.",positive,ky_nang_giang_day
3352,"Excellente analyse, exposé clair et compréhensible d'un sujet complexe.",positive,ky_nang_giang_day
3352,"Excellente analyse, exposé clair et compréhensible d'un sujet complexe.",positive,ky_nang_giang_day
3353,J'ai suivi plusieurs cours ici et je dois dire que c'est l'un des meilleurs.,positive,noi_chung
3354,Succinct et informatif.,positive,chuong_trinh_hoc
3355,Je fais toujours cela exercices et j'essaie de remarquer les bonnes et les mauvaises solutions de conception dans tout ce qui m'entoure.,positive,bai_tap
3356,"Cela ressemble plus à un attrape-argent qu'à un enseignement utile, lorsque la conception de personnages pour des jeux vidéo est également importante, la compétence que vous avez ou que vous obtenez en le faisant et cela n'y met pas l'accent.",negative,chuong_trinh_hoc
3356,"Cela ressemble plus à un attrape-argent qu'à un enseignement utile, lorsque la conception de personnages pour des jeux vidéo est également importante, la compétence que vous avez ou que vous obtenez en le faisant et cela n'y met pas l'accent.",negative,chuong_trinh_hoc
3357,J'ai été heureux d'avoir cette opportunité d'apprendre une technologie de pointe et de réaliser quelques exemples d'application.,positive,noi_chung
3358,"Je me suis inscrit au cours pour apprendre de nouvelles méthodes efficaces pour absorber et appliquer les informations plus rapidement dans ma vie professionnelle, tout en équilibrant les exigences de la gestion d'une start-up le soir.",positive,noi_chung
3358,"Je me suis inscrit au cours pour apprendre de nouvelles méthodes efficaces pour absorber et appliquer les informations plus rapidement dans ma vie professionnelle, tout en équilibrant les exigences de la gestion d'une start-up le soir.",positive,chuong_trinh_hoc
3359,Les quiz sont entièrement déconnectés des cours et nécessitent essentiellement de trouver et de lire les bonnes pages Wikipédia.,negative,bai_tap
3360,Excellent cours ! !!!,positive,noi_chung
3361,C'est un cours génial  . .,positive,noi_chung
3362,Je recommande vivement ce cours cours à tous ceux qui recherchent un rappel sur la « résistance des matériaux ».,positive,de_xuat
3363,Quels merveilleux outils j'ai acquis grâce à cela.,positive,noi_chung
3365,Le cours semblait assez facile.,positive,noi_chung
3366,"Dans l'ensemble, le matériel était bon, j'ai persisté même lorsque j'ai voulu arrêter et je me sens maintenant bien informé sur la leçon enseignée.",positive,cung_cap_tai_lieu
3366,"Dans l'ensemble, le matériel était bon, j'ai persisté même lorsque j'ai voulu arrêter et je me sens maintenant bien informé sur la leçon enseignée.",positive,noi_chung
3367,"Un changement serait de faire en sorte que les forums aient le même format que cours 1 - 3, car c'était un moyen beaucoup plus efficace d'examiner les problèmes.",neutral,hanh_vi
3368,Il s'agit d'un cours avancé de statistiques classe.,positive,noi_chung
3369,"Quelques notations mathématiques étaient également incorrectes, par exemple « < » lorsque le professeur disait « inférieur ou égal à ».",negative,ky_nang_giang_day
3370,Je le recommande particulièrement aux débutants.,positive,de_xuat
3371,"Je souhaite dans un futur proche que Coursera et plus particulièrement l'Université du Michigan proposent des Mathématiques avec Python, c'est à dire numpy, pandas etc et faire de l'analyse de données avec Python !!!",positive,noi_chung
3372,Ce cours est un incontournable pour quiconque souhaite apprendre l'informatique !,positive,noi_chung
3373,"Si vous avez des connaissances de programmation dans un autre langage et une certaine familiarité avec HTML / CSS, ce cours  fait un travail fantastique en introduisant à la fois Ruby et Rails.",positive,noi_chung
3374,"Plus important : ce cours est principalement axé sur les aspects académiques, mais il relie également les connaissances à l'apprentissage quotidien (des compétences telles que cuisiner de bons plats, apprendre un sport ou toute autre compétence en fait).",positive,noi_chung
3375,Génial Cours ! .,positive,noi_chung
3376,"De plus, de nombreuses questions du test n’étaient pas claires et ne suivaient pas les meilleures pratiques en matière de passation du test.",negative,bai_tap
3376,"De plus, de nombreuses questions du test n’étaient pas claires et ne suivaient pas les meilleures pratiques en matière de passation du test.",negative,bai_tap
3377,"J'ai suivi environ 6 cours jusqu'à présent et même si je les ai tous trouvés très instructifs, c'est le premier dont j'ai été désolé de voir la fin.",neutral,chuong_trinh_hoc
3378,"J'aurais vraiment aimé qu'il y ait plus d'interaction avec les instructeurs, mais dans l'ensemble, c'est un cours incroyable  et j'ai adoré.",negative,hanh_vi
3378,"J'aurais vraiment aimé qu'il y ait plus d'interaction avec les instructeurs, mais dans l'ensemble, c'est un cours incroyable  et j'ai adoré.",positive,chuong_trinh_hoc
3378,"J'aurais vraiment aimé qu'il y ait plus d'interaction avec les instructeurs, mais dans l'ensemble, c'est un cours incroyable  et j'ai adoré.",positive,noi_chung
3379,"Cependant, ce n'est pas la raison pour laquelle je donne au cours 4 sur 5.",negative,chuong_trinh_hoc
3380,Un excellent cours qui vous propose vraiment un défi.,positive,noi_chung
3380,Un excellent cours qui vous propose vraiment un défi.,positive,chuong_trinh_hoc
3381,Ses vidéos sont expliquées avec fluidité.,positive,cung_cap_tai_lieu
3381,Ses vidéos sont expliquées avec fluidité.,positive,ky_nang_giang_day
3382,Les deux instructeurs sont incroyables.,positive,ky_nang_giang_day
3383,"Mais si vous êtes intéressé par les neurosciences et que vous souhaitez apprendre l'essentiel du fonctionnement du cerveau humain (selon nos connaissances actuelles), alors je vous recommande de faire l'effort et de suivre le cours  même si vous n'avez pas de solides connaissances en sciences de la vie ou en médecine.",positive,de_xuat
3384,"C'est le meilleur endroit pour commencer pour un débutant car il couvre non seulement les aspects techniques de la sécurité, mais parle également de la modélisation des menaces et de l'identification des adversaires et de leurs capacités.",positive,noi_chung
3385,Peut-être que les parties dédiées à la préparation et à l'étude test auraient dû être plus courtes.,neutral,bai_tap
3386,Vos connaissances augmenteront de façon exponentielle à chaque minute que vous consacrerez à étudier.,positive,noi_chung
3387,"C'est excellent matériel pour mes essais d'examen d'entrée en médecine, et fait généralement de vous un être humain plus intéressant à côtoyer.",positive,cung_cap_tai_lieu
3388,Le projet final était complet et s’appuyait sur des travaux antérieurs.,positive,bai_tap
3389,J'espère voir les instructeurs couvrir les algorithmes plus en détail dans les prochains cours de la spécialisation.,neutral,ky_nang_giang_day
3390,Le cours le plus utile que j'ai jamais suivi !,positive,noi_chung
3391,"Cependant, je l'ai trouvé plutôt bref et il n'y avait pas beaucoup d'interaction au sein des forums.",neutral,hanh_vi
3392,Je l'aime .,positive,noi_chung
3393,"Ce cours est suffisamment simple pour comprendre la complexité du développement de jeux, mais cela ne veut pas dire qu'il ne présente pas de défi.",positive,chuong_trinh_hoc
3394,Le cours aide à croire en la force intérieure et la créativité.,positive,noi_chung
3395,"Il me fournit de nombreuses ressources, notamment un livre électronique, des notes du professeur pour le cours et des notes des anciens étudiants pour le cours.",positive,cung_cap_tai_lieu
3396,Oakley un très bon professeur,positive,ky_nang_giang_day
3397,Ce n'est pas gratuit.,negative,noi_chung
3398,Félicitations Professeur Odeh !,positive,ky_nang_giang_day
3399,"Je recommanderais quand même ce cours cours, mais vous devriez absolument enregistrer à nouveau chaque leçon sans erreurs et corriger ces erreurs.",positive,de_xuat
3400,"Facile à suivre, bien construit - Jim est minutieux et clair dans l'explication d'un sujet assez complexe.",positive,chuong_trinh_hoc
3400,"Facile à suivre, bien construit - Jim est minutieux et clair dans l'explication d'un sujet assez complexe.",positive,chuong_trinh_hoc
3400,"Facile à suivre, bien construit - Jim est minutieux et clair dans l'explication d'un sujet assez complexe.",positive,ky_nang_giang_day
3400,"Facile à suivre, bien construit - Jim est minutieux et clair dans l'explication d'un sujet assez complexe.",positive,ky_nang_giang_day
3401,"Donc dans l’ensemble, j’ai vraiment apprécié le cours .",positive,noi_chung
3402,"Génial série de cours qui m'a obligé à franchir certaines étapes (documents de conception) sur lesquelles je lésinerais normalement, et ce faisant, à réaliser leur véritable valeur.",positive,noi_chung
3403,Un meilleur titre pour le cours serait « pourquoi il n’y a pas d’âme ».,negative,noi_chung
3404,Ces idées peuvent être utilisées avec des petites ou des grandes entreprises.,positive,noi_chung
3405,"En fait, j'ai appris beaucoup plus que ce à quoi je m'attendais avec un cours en ligne via des vidéos de cours et une approche pratique.",positive,chuong_trinh_hoc
3406,J'ai beaucoup appris et je l'ai fait de manière très agréable.,positive,chuong_trinh_hoc
3407,"Barb pratique ce qu'elle enseigne, est très passionnée par ce sujet et est une véritable inspiration.",positive,ky_nang_giang_day
3407,"Barb pratique ce qu'elle enseigne, est très passionnée par ce sujet et est une véritable inspiration.",positive,ky_nang_giang_day
3407,"Barb pratique ce qu'elle enseigne, est très passionnée par ce sujet et est une véritable inspiration.",positive,ky_nang_giang_day
3408,Je pensais qu'elle était gentille enseignante mais elle n'a pas enseigné les étapes de base pour parler et apprendre le chinois.,negative,ky_nang_giang_day
3409,"J'ai beaucoup aimé la section dictionnaire et la section fichier. Je suppose que les tuples sont faciles, mais sont des outsiders, ils peuvent changer la donne dans les prochaines leçons.",positive,ky_nang_giang_day
3410,Les tutoriels et exercices sont des procédures rapides qui peuvent être complétées en 10 à 15 minutes chacune.,positive,bai_tap
3411,"Bien que le cours matériel soit très bon, ce que je crois, c'est que Traitement d'image est un cours où la théorie seule n'est pas suffisante.",positive,cung_cap_tai_lieu
3411,"Bien que le cours matériel soit très bon, ce que je crois, c'est que Traitement d'image est un cours où la théorie seule n'est pas suffisante.",negative,cung_cap_tai_lieu
3412,Valérie a réussi à découvrir et à enseigner une compétence très importante pour tout le monde en ces temps changeants et difficiles.,positive,ky_nang_giang_day
3413,Excellent professeur.,positive,ky_nang_giang_day
3414,Je recommande également de suivre le cours Lesson Design.,positive,de_xuat
3415,"Le professeur est très engageant, explique avec aisance, est un professeur très sympathique qui vous guide efficacement comme si vous ne suiviez pas ce cours en ligne.",positive,ky_nang_giang_day
3415,"Le professeur est très engageant, explique avec aisance, est un professeur très sympathique qui vous guide efficacement comme si vous ne suiviez pas ce cours en ligne.",positive,ky_nang_giang_day
3415,"Le professeur est très engageant, explique avec aisance, est un professeur très sympathique qui vous guide efficacement comme si vous ne suiviez pas ce cours en ligne.",positive,ky_nang_giang_day
3416,Il a besoin de sa propre émission de télévision ! ça a collé ! l'information est restée.,negative,ky_nang_giang_day
3417,"J'ai adoré les courtes conférences, les trucs et astuces et les informations sur le fonctionnement de notre cerveau !",negative,ky_nang_giang_day
3418,Notre instructrice était facile à comprendre dans sa prononciation anglaise ; elle était professionnelle et elle semblait apprécier le sujet.,positive,ky_nang_giang_day
3418,Notre instructrice était facile à comprendre dans sa prononciation anglaise ; elle était professionnelle et elle semblait apprécier le sujet.,positive,ky_nang_giang_day
3418,Notre instructrice était facile à comprendre dans sa prononciation anglaise ; elle était professionnelle et elle semblait apprécier le sujet.,positive,ky_nang_giang_day
3419,"- - - - - - - - - On consacre beaucoup trop de temps à l'introduction des définitions et trop peu de temps à la pratique et à la révision des élèves. L'accent du présentateur empêche constamment la reconnaissance instantanée de ce qu'il dit. Les sous-titres ne représentent parfois pas exactement ce qu'il dit. Parfois, il y a des fautes d'orthographe, ce qui rend encore plus difficile de savoir ce qu'il dit. Cet élève a été inondé de formules qui devaient être pratiquées - et je n'ai même pas eu le temps de les écrire !",negative,noi_chung
3419,"- - - - - - - - - On consacre beaucoup trop de temps à l'introduction des définitions et trop peu de temps à la pratique et à la révision des élèves. L'accent du présentateur empêche constamment la reconnaissance instantanée de ce qu'il dit. Les sous-titres ne représentent parfois pas exactement ce qu'il dit. Parfois, il y a des fautes d'orthographe, ce qui rend encore plus difficile de savoir ce qu'il dit. Cet élève a été inondé de formules qui devaient être pratiquées - et je n'ai même pas eu le temps de les écrire !",negative,ky_nang_giang_day
3419,"- - - - - - - - - On consacre beaucoup trop de temps à l'introduction des définitions et trop peu de temps à la pratique et à la révision des élèves. L'accent du présentateur empêche constamment la reconnaissance instantanée de ce qu'il dit. Les sous-titres ne représentent parfois pas exactement ce qu'il dit. Parfois, il y a des fautes d'orthographe, ce qui rend encore plus difficile de savoir ce qu'il dit. Cet élève a été inondé de formules qui devaient être pratiquées - et je n'ai même pas eu le temps de les écrire !",negative,ky_nang_giang_day
3420,J'aime porter un nouveau regard sur les chiens.,positive,noi_chung
3421,"Je suis un universitaire instructeur en statistiques, diplômé d'un programme de doctorat - même avec cette formation, je ne pouvais pas suivre le instructeur.",negative,ky_nang_giang_day
3422,Il aurait été utile d’avoir une discussion sur la manière de gérer les fonctionnalités catégorielles.,positive,noi_chung
3423,"Alvarez, Newell et Adamson ont montré une très bonne maîtrise des sujets abordés, avec même quelques conversations amusantes et divertissantes tout au long des conférences.",positive,ky_nang_giang_day
3423,"Alvarez, Newell et Adamson ont montré une très bonne maîtrise des sujets abordés, avec même quelques conversations amusantes et divertissantes tout au long des conférences.",positive,ky_nang_giang_day
3424,Incroyable bien sûr !,positive,noi_chung
3425,Certaines des vidéos sont des concepts très basiques sur la façon de diriger une équipe (c'est-à-dire :,negative,ky_nang_giang_day
3426,"J'aurais aimé que ce cours soit plus approfondi en termes de science et de recherche réelles impliquées (les études auxquelles le Dr Fredrickson fait référence ne sont pour la plupart que brièvement évoquées), et que j'aie passé moins de temps à écouter les étudiants sur place discuter de leurs opinions personnelles (bien que j'aie apprécié leurs idées, j'aurais aimé apprendre plus d'informations réelles).",positive,ky_nang_giang_day
3427,"Cela ne vaut pas le coup pour l'argent, mais foncez si vous voulez terminer toute la spécialisation",negative,chuong_trinh_hoc
3428,Très adapté aux nouveaux venus en programmation.,positive,noi_chung
3429,Excellent cours !,positive,noi_chung
3430,Mais je ne suis pas sûr que ce soit trop facile ou pas.,neutral,chuong_trinh_hoc
3431,"Ce cours contient des informations étonnantes dans les cours magistraux, mais il est difficile dans les cours vidéo de sélectionner les éléments d'information qui seront pertinents dans les questionnaires. Vous devrez repasser les questionnaires plusieurs fois, quelle que soit la qualité de votre prise de notes.",positive,noi_chung
3431,"Ce cours contient des informations étonnantes dans les cours magistraux, mais il est difficile dans les cours vidéo de sélectionner les éléments d'information qui seront pertinents dans les questionnaires. Vous devrez repasser les questionnaires plusieurs fois, quelle que soit la qualité de votre prise de notes.",negative,ky_nang_giang_day
3431,"Ce cours contient des informations étonnantes dans les cours magistraux, mais il est difficile dans les cours vidéo de sélectionner les éléments d'information qui seront pertinents dans les questionnaires. Vous devrez repasser les questionnaires plusieurs fois, quelle que soit la qualité de votre prise de notes.",negative,bai_tap
3432,"Lorsque je vais faire d'autres évaluations par les pairs pour d'autres personnes sur le même devoir, on me présente des devoirs datant de 6 mois et en retard par rapport aux cours précédents?!",negative,bai_tap
3433,Un contenu incroyable exposé.,positive,noi_chung
3434,"S'il s'agit vraiment de « concepts de base », comme le décrivent les mentors, on pourrait penser que les enseignants consacreraient du temps à ces concepts dans les vidéos plutôt qu'à des cas d'utilisation plus obscurs (qui sont précisément le genre de choses qu'il est logique de rechercher dans d'autres sources).",negative,kinh_nghiem
3435,Ouvre les yeux !,positive,noi_chung
3436,Les illustrations animées fournies ont rendu la conférence extrêmement amusante à regarder et beaucoup plus facile à comprendre.,positive,ky_nang_giang_day
3437,Les vidéos et les explications sont très médiocres.,negative,cung_cap_tai_lieu
3438,J'ai pu voir l'amélioration de la première à la dernière semaine.,positive,chuong_trinh_hoc
3439,"Module incroyable cours, j'ai appris beaucoup de concepts pour les classifications utilisant les arbres de décision, les fonctions logistiques, le boosting, l'ensemble et la manière d'attaquer les problèmes.",positive,chuong_trinh_hoc
3439,"Module incroyable cours, j'ai appris beaucoup de concepts pour les classifications utilisant les arbres de décision, les fonctions logistiques, le boosting, l'ensemble et la manière d'attaquer les problèmes.",positive,noi_chung
3440,"La classe des reptiles marins anciens a fait un bien meilleur travail en présentant ces informations, même si elle a fait une liste de blanchisserie.",neutral,ky_nang_giang_day
3441,J'ai trouvé que le cours était enseigné exceptionnellement bien.,positive,chuong_trinh_hoc
3442,La plupart des matériels ne nécessitaient pas beaucoup de références à la documentation Apple pour terminer les devoirs.,positive,cung_cap_tai_lieu
3442,La plupart des matériels ne nécessitaient pas beaucoup de références à la documentation Apple pour terminer les devoirs.,positive,bai_tap
3443,Apprentissage introductif très approfondi de Python.,positive,noi_chung
3444,J'ai aimé apprendre Octave et effectuer les devoirs hebdomadaires ; les exercices m'ont montré comment effectuer simplement des tâches qui sembleraient impossibles à un profane.,positive,chuong_trinh_hoc
3444,J'ai aimé apprendre Octave et effectuer les devoirs hebdomadaires ; les exercices m'ont montré comment effectuer simplement des tâches qui sembleraient impossibles à un profane.,positive,noi_chung
3445,"Facile à comprendre, à mémoriser et à pratiquer.",positive,ky_nang_giang_day
3446,Pas à la hauteur de la gestion de projet de l'Université de Virginie cours.,negative,noi_chung
3447,Je n'ai rien eu à voir avec la programmation de toute ma vie - ceci conférence a été mon premier pas et cela m'a vraiment fait tomber amoureux : ) !,positive,ky_nang_giang_day
3448,Les tutoriels flash sont utiles.,positive,noi_chung
3449,Merci de nous apporter un excellent programme et des outils précieux pour les managers !,positive,noi_chung
3450,J'ai l'impression que les quiz auraient pu être un peu plus difficiles.,neutral,bai_tap
3451,Beaucoup d'informations que vous pouvez continuer à développer par vous-même.,positive,noi_chung
3452,"Cependant, les problèmes posés dans ce défi de programmation ne sont souvent pas si bien définis, ce qui rend leur résolution vraiment difficile (en particulier le problème des ensembles de données).",negative,bai_tap
3453,Les tests en particulier sont difficiles.,negative,bai_tap
3455,"Excellente étude de cas, mais la manière d’impliquer le public aurait pu être bien meilleure.",positive,noi_chung
3455,"Excellente étude de cas, mais la manière d’impliquer le public aurait pu être bien meilleure.",negative,noi_chung
3456,Cela a été une révélation sur la façon dont les affaires sont menées et les choses sont rendues si simples dans le module en ayant simplement une approche systématique du risque et de l'atténuation des risques lors du développement d'une entreprise.,positive,chuong_trinh_hoc
3457,"Dr . McGarrity avec un grand sens de l'humour, apporte tout le soutien nécessaire pour surmonter vos peurs, pour vous tenir debout devant un objectif et pour prononcer un discours de confiance en vous.",positive,ky_nang_giang_day
3458,"De nouveaux concepts pas bien expliqués, des diapositives plus bâclées et même une vidéo de cours manquante à un moment donné (il a fallu trouver un lien vers celle-ci sur YouTube) !",negative,ky_nang_giang_day
3459,"Incroyable, facile à comprendre leçons.",positive,noi_chung
3459,"Incroyable, facile à comprendre leçons.",positive,chuong_trinh_hoc
3460,J'ai lu Professeur Kandori et il est l'un des principaux chercheurs dans ce domaine.,positive,ky_nang_giang_day
3461,"Au cours de la séance, plusieurs cas réels sont discutés pour mieux comprendre la leçon, mais plusieurs doutes subsistent sur le plan théorique.",positive,chuong_trinh_hoc
3461,"Au cours de la séance, plusieurs cas réels sont discutés pour mieux comprendre la leçon, mais plusieurs doutes subsistent sur le plan théorique.",negative,ky_nang_giang_day
3462,Merci beaucoup pour cette expérience d'apprentissage intéressante.,positive,noi_chung
3463,Fantastique professeur.,positive,ky_nang_giang_day
3464,Beaucoup de matériaux très utiles .,positive,cung_cap_tai_lieu
3465,"Beaucoup de matériel supplémentaire sur lequel s'entraîner et Dr. Chuck le rend intéressant et amusant, sans être exagéré.",positive,cung_cap_tai_lieu
3465,"Beaucoup de matériel supplémentaire sur lequel s'entraîner et Dr. Chuck le rend intéressant et amusant, sans être exagéré.",positive,ky_nang_giang_day
3466,"Si vous consultez les sites de questions-réponses sur Internet, vous constaterez probablement qu'il s'agit du cours de début le plus recommandé cours pour les branches connexes de la science et de l'ingénierie.",positive,noi_chung
3467,"Même si j'ai aimé le sujet, je ne suivrai plus de cours avec celui-ci instructeur.",negative,ky_nang_giang_day
3468,Barbara et Terrence sont des animateurs fabuleux.,positive,ky_nang_giang_day
3468,Barbara et Terrence sont des animateurs fabuleux.,positive,ky_nang_giang_day
3469,Même s'il était vraiment difficile de comprendre ce que vous deviez faire dans chaque devoir.,negative,bai_tap
3470,L'un des cours les plus intéressants et les plus engageants que j'ai jamais suivi.,positive,noi_chung
3471,"Finalement, les questions du quiz de la troisième à la dernière semaine étaient un peu confuses et ne correspondaient pas bien à ce que les instructeurs avaient réellement dit.",negative,bai_tap
3471,"Finalement, les questions du quiz de la troisième à la dernière semaine étaient un peu confuses et ne correspondaient pas bien à ce que les instructeurs avaient réellement dit.",negative,bai_tap
3472,"J'ai suivi ce cours avec un intérêt particulier sur l'aspect musical, à savoir le blues, de cours.",positive,noi_chung
3472,"J'ai suivi ce cours avec un intérêt particulier sur l'aspect musical, à savoir le blues, de cours.",positive,noi_chung
3473,Une description appropriée et brève est donnée dans chaque leçon du cours .,positive,chuong_trinh_hoc
3474,Le cours perd vraiment sa concentration et c'est dommage que je sois maintenant coincé ici et que je ne puisse pas continuer toute la spécialisation.,negative,chuong_trinh_hoc
3475,Merci également à son personnel et à ses assistants de laboratoire pour avoir contribué à créer un programme aussi bien conçu.,positive,ky_nang_giang_day
3475,Merci également à son personnel et à ses assistants de laboratoire pour avoir contribué à créer un programme aussi bien conçu.,positive,ky_nang_giang_day
3476,. est le meilleur cours de ma vie !!!,positive,noi_chung
3477,Je trouve ça génial et utile. .,positive,noi_chung
3478,"En conclusion, Iyengar déclare qu'aucun manuel n'est disponible pour le domaine parce qu'il est « nouveau », mais une recherche sur Amazon montre qu'il semble en exister plusieurs, et que de nombreuses études référencées dans ce cours datent de plusieurs années, voire de plus d'une décennie dans certains cas.",negative,ky_nang_giang_day
3479,Ce cours a en quelque sorte changé ma façon d'étudier.,positive,noi_chung
3480,"J'ai également trouvé absurde qu'à chaque fois que le professeur introduisait un concept d'algèbre linéaire très basique, il continuait à dire de manière quelque peu condescendante « ceci est pour les experts en algèbre linéaire ».",positive,ky_nang_giang_day
3481,Super cours !,positive,noi_chung
3482,"Merci Dr Chuck, la façon dont vous enseignez et votre intérêt à intégrer des étudiants du monde entier sont très appréciés.",positive,ky_nang_giang_day
3482,"Merci Dr Chuck, la façon dont vous enseignez et votre intérêt à intégrer des étudiants du monde entier sont très appréciés.",positive,ky_nang_giang_day
3483,Ce serait mieux si quelqu'un expliquait en vidéo.,negative,ky_nang_giang_day
3484,2 - Des exemples très vagues ont été utilisés.,negative,cung_cap_tai_lieu
3485,"Cependant, je suis un peu surpris que je n'aie pas obtenu de certificat pour le faire.",negative,chuong_trinh_hoc
3486,En particulier la section politique de la semaine 8.,neutral,noi_chung
3487,"La plupart du temps, ces affirmations ne sont absolument pas justifiées (« le prototypage incrémental produira un logiciel riche en fonctionnalités et robuste »).",negative,noi_chung
3488,"À moins que vous ne soyez prêt à souffrir pendant plusieurs heures à vous arracher les cheveux parce que leur analyseur n'accepte pas un code parfaitement écrit, ne suivez pas ce cours cours.",negative,noi_chung
3489,Ce cours a clairement un objectif.,negative,chuong_trinh_hoc
3490,"Un peu difficile, surtout il y a beaucoup de parties RBM / DBN / DBM.",negative,chuong_trinh_hoc
3491,"Je ne m'attendais pas à grand chose lorsque je me suis inscrit il y a quelques semaines, mais plus j'étudiais et regardais les cours, plus j'étais surpris par tant de bons conseils et de ressources pour comprendre et devenir un meilleur apprenant.",positive,cung_cap_tai_lieu
3492,Je recommanderais vivement ce cours à tous ceux qui souhaitent avoir une bonne compréhension du Machine Learning.,positive,de_xuat
3493,Les questions non traitées dans le forum de discussion ont nécessité une escalade.,negative,hanh_vi
3494,Tout est génial dans ce cours.,positive,noi_chung
3495,Ce fut très enrichissant de participer à ce cours fondamental cours.,positive,noi_chung
3496,J'ai utilisé Python pour faire toutes les tâches mais je n'ai pas pris la peine de soumettre mes réponses pour obtenir un crédit pour le cours car j'aurais dû le réimplémenter à nouveau dans Octave.,negative,bai_tap
3497,"Servance, est un excellent développement des bases de la programmation (les deux premiers cours ) qui vous serviront bien pour le reste de votre vie, ainsi qu'un cours qui vous donnera une sorte d'essai pour comprendre les grandes choses que Python peut faire pour vous.",positive,noi_chung
3498,Le instructeur est un DIEU.,positive,ky_nang_giang_day
3499,Il est difficile de saisir les points clés de ces documents et ce que les instructeurs veulent me dire.,negative,cung_cap_tai_lieu
3499,Il est difficile de saisir les points clés de ces documents et ce que les instructeurs veulent me dire.,negative,ky_nang_giang_day
3500,Excellent cours .,positive,noi_chung
3501,J'aurais aimé avoir cela cours quand j'ai commencé l'université ; cela devrait être obligatoire matériel pour les apprenants et les étudiants partout dans le monde.,positive,noi_chung
3501,J'aurais aimé avoir cela cours quand j'ai commencé l'université ; cela devrait être obligatoire matériel pour les apprenants et les étudiants partout dans le monde.,positive,cung_cap_tai_lieu
3502,J'ai vraiment hâte de terminer les 1 cours restants.,positive,noi_chung
3503,Un merveilleux cours  qui m'a vraiment aidé à en apprendre beaucoup sur la façon dont nous apprenons et comment je peux améliorer mon propre apprentissage.,positive,noi_chung
3503,Un merveilleux cours  qui m'a vraiment aidé à en apprendre beaucoup sur la façon dont nous apprenons et comment je peux améliorer mon propre apprentissage.,positive,chuong_trinh_hoc
3504,J’aurais aimé pouvoir assister à certains de ses cours en personne.,positive,ky_nang_giang_day
3505,"Ce cours est complet, et les instructeurs sont géniaux !",positive,noi_chung
3505,"Ce cours est complet, et les instructeurs sont géniaux !",positive,ky_nang_giang_day
3506,J'apprécie vraiment l'enthousiasme du Dr Len pour son sujet et le grand soutien de ses assistants d'enseignement.,positive,ky_nang_giang_day
3506,J'apprécie vraiment l'enthousiasme du Dr Len pour son sujet et le grand soutien de ses assistants d'enseignement.,positive,ky_nang_giang_day
3507,Les cours et exercices sont géniaux.,positive,ky_nang_giang_day
3507,Les cours et exercices sont géniaux.,positive,bai_tap
3508,Tout est expliqué simplement mais avec beaucoup de détails.,positive,ky_nang_giang_day
3509,"Ni Hao, j'ai aimé le cours, bon contenu cours bien que la première semaine qui comprend les tons ait été difficile car il est difficile de mémoriser la même chose.",positive,noi_chung
3509,"Ni Hao, j'ai aimé le cours, bon contenu cours bien que la première semaine qui comprend les tons ait été difficile car il est difficile de mémoriser la même chose.",negative,chuong_trinh_hoc
3509,"Ni Hao, j'ai aimé le cours, bon contenu cours bien que la première semaine qui comprend les tons ait été difficile car il est difficile de mémoriser la même chose.",positive,noi_chung
3510,"instructeur la qualité est faible, la qualité de production de instructeur vidéos est faible.",negative,ky_nang_giang_day
3510,"instructeur la qualité est faible, la qualité de production de instructeur vidéos est faible.",negative,ky_nang_giang_day
3510,"instructeur la qualité est faible, la qualité de production de instructeur vidéos est faible.",negative,ky_nang_giang_day
3511,"Grâce à vous et à votre équipe (le cas échéant), je suis assez confiant pour concevoir des bases de données à petite échelle et jouer avec.",positive,ky_nang_giang_day
3512,Des tests sont nécessaires.,neutral,noi_chung
3513,Je ne peux pas le recommander suffisamment.,positive,de_xuat
3514,"Facile à suivre, de bons exemples, clairement expliqué, engageant présentations et devoirs, des conseils des experts ; toutes ces choses ont fait de ce cours un cours que je ne pouvais pas « poser ».",positive,chuong_trinh_hoc
3514,"Facile à suivre, de bons exemples, clairement expliqué, engageant présentations et devoirs, des conseils des experts ; toutes ces choses ont fait de ce cours un cours que je ne pouvais pas « poser ».",positive,cung_cap_tai_lieu
3514,"Facile à suivre, de bons exemples, clairement expliqué, engageant présentations et devoirs, des conseils des experts ; toutes ces choses ont fait de ce cours un cours que je ne pouvais pas « poser ».",positive,ky_nang_giang_day
3514,"Facile à suivre, de bons exemples, clairement expliqué, engageant présentations et devoirs, des conseils des experts ; toutes ces choses ont fait de ce cours un cours que je ne pouvais pas « poser ».",positive,ky_nang_giang_day
3514,"Facile à suivre, de bons exemples, clairement expliqué, engageant présentations et devoirs, des conseils des experts ; toutes ces choses ont fait de ce cours un cours que je ne pouvais pas « poser ».",positive,bai_tap
3514,"Facile à suivre, de bons exemples, clairement expliqué, engageant présentations et devoirs, des conseils des experts ; toutes ces choses ont fait de ce cours un cours que je ne pouvais pas « poser ».",positive,kinh_nghiem
3515,"Il y a quelques éléments qui pourraient aider à améliorer le cours : - Pour un cours de quatre semaines, j'ai l'impression que le matériel n'était pas suffisant.",negative,cung_cap_tai_lieu
3516,Barbara Oakley et son équipe ont fait du bon travail en préparant cet incroyable atelier.,positive,ky_nang_giang_day
3516,Barbara Oakley et son équipe ont fait du bon travail en préparant cet incroyable atelier.,positive,noi_chung
3517,Je suggérerais d'augmenter le nombre d'évaluations requises par chaque étudiant afin qu'une évaluation incorrecte (basée sur une erreur de l'utilisateur) n'influence pas votre note de manière aussi significative.,negative,ham_diem
3518,"Cela aurait été une critique cinq étoiles retentissante, mais certains « mentor » ont pensé qu'il était nécessaire de détourner un fil de discussion d'un étudiant demandant la nécessité de plus d'une « pause » dans une boucle while pour donner une conférence sur ce qui constitue un pseudo-code et ce qui n'en constitue pas sur une question sans mission.",negative,hanh_vi
3519,Le code des exercices a été créé pour Eclipse ADT et Google a abandonné le support d'Eclipse il y a quelque temps.,negative,bai_tap
3520,"J'ai tiré quelques bénéfices clés du cours , en particulier la technique pomodoro, que j'utilise.",positive,noi_chung
3521,C'est une excellente introduction à la langue et à la grammaire chinoises.,positive,noi_chung
3522,"Je le recommanderais également à toute personne dont la future profession est en quelque sorte liée à l'économie / la finance / la comptabilité, car ce sont des compétences de base.",positive,de_xuat
3523,La structure du cours est soigneusement conçue.,positive,chuong_trinh_hoc
3524,"Les normes de notation sont étranges : les notes maximales doivent être attribuées aux devoirs effectués en public, comme si les choses faites en privé n'étaient pas créatives ; il existe de meilleures façons de faire sortir quelqu'un de sa zone de confort.",negative,ham_diem
3525,"J'ai trouvé que le cours  était très déroutant et que le langage utilisé dans les quiz et les examens ne correspondait pas toujours au langage utilisé dans les leçons, ce qui rendait très difficile la compréhension de ce qui était voulu.",negative,chuong_trinh_hoc
3525,"J'ai trouvé que le cours  était très déroutant et que le langage utilisé dans les quiz et les examens ne correspondait pas toujours au langage utilisé dans les leçons, ce qui rendait très difficile la compréhension de ce qui était voulu.",negative,bai_tap
3525,"J'ai trouvé que le cours  était très déroutant et que le langage utilisé dans les quiz et les examens ne correspondait pas toujours au langage utilisé dans les leçons, ce qui rendait très difficile la compréhension de ce qui était voulu.",negative,cung_cap_tai_lieu
3525,"J'ai trouvé que le cours  était très déroutant et que le langage utilisé dans les quiz et les examens ne correspondait pas toujours au langage utilisé dans les leçons, ce qui rendait très difficile la compréhension de ce qui était voulu.",negative,chuong_trinh_hoc
3526,"Le cours était excellent, tous les professeurs étaient excellents, en particulier",positive,noi_chung
3526,"Le cours était excellent, tous les professeurs étaient excellents, en particulier",positive,ky_nang_giang_day
3527,La mise en place de l'environnement de développement est malheureusement datée.,negative,noi_chung
3528,j'adore ce programme. il m'a permis de développer davantage la façon d'aborder un sujet ou cours . . félicitations à Dr. Barbara Oakley . . . vous êtes un bon professeur,positive,chuong_trinh_hoc
3528,j'adore ce programme. il m'a permis de développer davantage la façon d'aborder un sujet ou cours . . félicitations à Dr. Barbara Oakley . . . vous êtes un bon professeur,positive,ky_nang_giang_day
3528,j'adore ce programme. il m'a permis de développer davantage la façon d'aborder un sujet ou cours . . félicitations à Dr. Barbara Oakley . . . vous êtes un bon professeur,positive,chuong_trinh_hoc
3529,Incroyable bien sûr !,positive,noi_chung
3530,Très instructif... cela m'a donné les bases des opérations logistiques.,positive,chuong_trinh_hoc
3530,Très instructif... cela m'a donné les bases des opérations logistiques.,positive,noi_chung
3531,Cela aide vraiment à introduire certains concepts fondamentaux d'Internet.,positive,noi_chung
3532,La seule chose que vous apprendrez à travers cette expérience est que certaines personnes devraient rester aussi loin de l'écriture les auto-correcteurs que la planète le leur permet.,negative,ham_diem
3533,Le professeur connaît vraiment son travail et il le fait très bien.,positive,ky_nang_giang_day
3533,Le professeur connaît vraiment son travail et il le fait très bien.,positive,ky_nang_giang_day
3534,J’espère que les écoles enseigneront officiellement cela un jour.,positive,noi_chung
3535,Il explique comment le cerveau fonctionne lorsque vous essayez d'apprendre quelque chose d'une manière très pratique et simple.,positive,chuong_trinh_hoc
3535,Il explique comment le cerveau fonctionne lorsque vous essayez d'apprendre quelque chose d'une manière très pratique et simple.,positive,ky_nang_giang_day
3536,J'apprécie que cela me mette à niveau pour les prochains cours mais j'ai trouvé que le rythme d'apprentissage était un peu lent avec des tests très simples devoirs.,negative,bai_tap
3536,J'apprécie que cela me mette à niveau pour les prochains cours mais j'ai trouvé que le rythme d'apprentissage était un peu lent avec des tests très simples devoirs.,negative,noi_chung
3537,J'ai suivi ce cours deux fois.,positive,noi_chung
3538,"De plus, le projet final évalué par les pairs n'est pas très bien expliqué et utilise des outils et des méthodes qui ne relèvent même pas du champ d'application du module.",negative,ky_nang_giang_day
3539,De très bons exemples.,positive,chuong_trinh_hoc
3540,Grand sujet et quelques très bien présentés vidéos .,positive,noi_chung
3540,Grand sujet et quelques très bien présentés vidéos .,positive,ky_nang_giang_day
3542,D'autant plus que c'est gratuit !!,positive,noi_chung
3543,Merci coursra d'avoir accordé une bourse sur ce cours.,positive,chuong_trinh_hoc
3544,"Il y a quelques leçons sur la prononciation anglaise, que j'ai trouvées un peu fastidieuses étant donné que je suis un locuteur natif, mais cela n'enlève rien au cours dans son ensemble.",negative,ky_nang_giang_day
3545,Super spécialisation !,positive,noi_chung
3546,Dr. Chunk est tellement drôle et il enseigne bien.,positive,ky_nang_giang_day
3546,Dr. Chunk est tellement drôle et il enseigne bien.,positive,ky_nang_giang_day
3547,"Certains des matériaux sont strictement basés sur le son, donc si vous ne pouvez pas suivre les changements d'accords, vous risquez d'être perdu.",negative,cung_cap_tai_lieu
3548,"Le cours a encore approfondi mon amour pour le sujet et les plateformes de évaluation étaient stimulantes, mais ne me semblaient pas pénibles.",positive,noi_chung
3548,"Le cours a encore approfondi mon amour pour le sujet et les plateformes de évaluation étaient stimulantes, mais ne me semblaient pas pénibles.",positive,bai_tap
3548,"Le cours a encore approfondi mon amour pour le sujet et les plateformes de évaluation étaient stimulantes, mais ne me semblaient pas pénibles.",positive,bai_tap
3549,C'était l'un de mes cours préférés cours.,positive,noi_chung
3550,"C'était une réflexion stimulante, la pointe de l'iceberg, inspirante et simple cours appropriée à presque toute personne intéressée par « les arts ».",positive,noi_chung
3551,Vraiment utile.,positive,noi_chung
3552,Offre un excellent aperçu.,positive,noi_chung
3553,Les vidéos doivent changer pour inclure plus de détails sur le sujet présenté.,negative,ky_nang_giang_day
3554,Appréciez les connaissances à la fois vastes et détaillées.,positive,noi_chung
3555,La façon dont ils ont présenté cela cours et leur approche étaient simples et compréhensibles.,positive,chuong_trinh_hoc
3556,"Dans l'ensemble, j'ai apprécié le contenu et le cours",positive,noi_chung
3556,"Dans l'ensemble, j'ai apprécié le contenu et le cours",positive,noi_chung
3557,"Je n'ai aucun doute que les enseignants sont d'excellents professionnels dans le domaine, ainsi que de grands passionnés d'apprentissage automatique.",positive,ky_nang_giang_day
3557,"Je n'ai aucun doute que les enseignants sont d'excellents professionnels dans le domaine, ainsi que de grands passionnés d'apprentissage automatique.",positive,ky_nang_giang_day
3558,"Comme indiqué dans le résumé, ce cours  s'adresse à ceux qui n'ont aucune expérience en programmation.",positive,noi_chung
3559,"Jeff Leek, c'est un très bon professeur.",positive,ky_nang_giang_day
3560,Je ne peux pas recommander suffisamment ce cours.,positive,de_xuat
3561,"Ensuite, les vidéos sont devenues floues et obsolètes.",negative,ky_nang_giang_day
3561,"Ensuite, les vidéos sont devenues floues et obsolètes.",negative,ky_nang_giang_day
3562,Excellent enseignement.,positive,ky_nang_giang_day
3563,J'adore les conférences.,positive,ky_nang_giang_day
3564,J'ai obtenu ce que j'attendais de ce cours.,positive,chuong_trinh_hoc
3565,"Étant un véritable débutant sans expérience en programmation ou en science des données, j'ai eu l'impression que les devoirs de programmation étaient bien trop éloignés des exercices Swirl (que je trouvais très utiles et adaptés aux débutants) et des cours.",negative,bai_tap
3566,Vraiment merveilleux.,positive,noi_chung
3567,"La classe  est un assez bon aperçu des métriques en général. Elle est plus large que profonde, et parfois les vidéos  et les explications n'étaient pas les plus faciles à digérer.",positive,noi_chung
3567,"La classe  est un assez bon aperçu des métriques en général. Elle est plus large que profonde, et parfois les vidéos  et les explications n'étaient pas les plus faciles à digérer.",negative,ky_nang_giang_day
3568,Le cours sur l'algorithme d'apprentissage automatique est tellement basique.,negative,chuong_trinh_hoc
3569,"Les devoirs ne sont ni trop, ni trop peu.",positive,bai_tap
3570,"C'est très utile cours, mes compétences se sont améliorées après avoir suivi ces séances.",positive,noi_chung
3570,"C'est très utile cours, mes compétences se sont améliorées après avoir suivi ces séances.",positive,noi_chung
3571,"J'ai essayé le cours Python de l'université Rice, et une partie du cours Python  de Codecademy !",positive,noi_chung
3572,". continuez comme ça, excellent cours .",positive,noi_chung
3573,Je pense que je serai capable d'appliquer les méthodes abordées dans le cours au quotidien sans réellement passer beaucoup de temps à les apprendre car elles sont très pratiques !,positive,chuong_trinh_hoc
3573,Je pense que je serai capable d'appliquer les méthodes abordées dans le cours au quotidien sans réellement passer beaucoup de temps à les apprendre car elles sont très pratiques !,positive,chuong_trinh_hoc
3574,"Ce cours vous explique comment apprendre efficacement et efficacement, de manière détendue, facile à comprendre (même si votre anglais n'est pas bon comme moi) et applicable dans tous les domaines.",positive,chuong_trinh_hoc
3575,"Je n'ai pas vraiment suivi de cours de neurosciences et je dois dire que c'était très difficile avec ma charge de travail déjà à temps plein à l'école, mais je l'ai fait !",negative,chuong_trinh_hoc
3576,Je m'y référerai certainement à nouveau.,positive,noi_chung
3577,C'est une grande opportunité d'évolution de carrière.,positive,noi_chung
3578,"Très peu d'exemples et d'exercices pratiques, mais il couvre les bases comme : la syntaxe, la sémantique, à quoi faire attention lors de la création de son propre site Web.",negative,bai_tap
3578,"Très peu d'exemples et d'exercices pratiques, mais il couvre les bases comme : la syntaxe, la sémantique, à quoi faire attention lors de la création de son propre site Web.",positive,bai_tap
3579,Cela dissipe beaucoup de mes doutes et maintenant j'ai l'impression d'apprendre réellement AngularJS.,positive,chuong_trinh_hoc
3580,"Félicitations aux organisateurs, en particulier à Maya Adams.",positive,ky_nang_giang_day
3581,"Je lui aurais donné 5 étoiles, mais vers la fin, j'ai eu l'impression que les leçons devenaient un peu plus bâclées.",positive,chuong_trinh_hoc
3581,"Je lui aurais donné 5 étoiles, mais vers la fin, j'ai eu l'impression que les leçons devenaient un peu plus bâclées.",neutral,noi_chung
3582,Le contenu est bon.,positive,cung_cap_tai_lieu
3583,Certaines des conférences étaient difficiles à suivre.,negative,ky_nang_giang_day
3584,La dernière partie est révélatrice.,positive,chuong_trinh_hoc
3585,Les outils fournis pour réviser la matière et se tester sont très efficaces.,positive,chuong_trinh_hoc
3586,J'ai vraiment apprécié participer à ce cours.,positive,noi_chung
3587,"Mais il y a un tas de quiz, qui sont parfois assez éloignés du cours matériel et vous devez faire beaucoup de recherches pour répondre correctement à toutes les questions.",negative,bai_tap
3587,"Mais il y a un tas de quiz, qui sont parfois assez éloignés du cours matériel et vous devez faire beaucoup de recherches pour répondre correctement à toutes les questions.",negative,cung_cap_tai_lieu
3588,Mon cours préféré cours en ligne jusqu'à présent (je me suis inscrit à plus de 200 et j'en ai terminé plus de 50) !,positive,noi_chung
3589,"L'instructeur Andrew Ng vous guide à travers le matériel dans des cours faciles à comprendre, divisés par sujet, dans des sessions vidéo parfaitement chronométrées sessions vidéo avec des exercices individuels quiz pendant chaque vidéo qui vous aident à évaluer dans quelle mesure vous avez compris et saisi le sujet abordé dans la leçon.",positive,ky_nang_giang_day
3589,"L'instructeur Andrew Ng vous guide à travers le matériel dans des cours faciles à comprendre, divisés par sujet, dans des sessions vidéo parfaitement chronométrées sessions vidéo avec des exercices individuels quiz pendant chaque vidéo qui vous aident à évaluer dans quelle mesure vous avez compris et saisi le sujet abordé dans la leçon.",positive,ky_nang_giang_day
3589,"L'instructeur Andrew Ng vous guide à travers le matériel dans des cours faciles à comprendre, divisés par sujet, dans des sessions vidéo parfaitement chronométrées sessions vidéo avec des exercices individuels quiz pendant chaque vidéo qui vous aident à évaluer dans quelle mesure vous avez compris et saisi le sujet abordé dans la leçon.",positive,bai_tap
3590,Les quiz sont également très déroutants et parfois je me suis senti frustré.,negative,bai_tap
3590,Les quiz sont également très déroutants et parfois je me suis senti frustré.,negative,bai_tap
3591,J'aime beaucoup ce cours.,positive,noi_chung
3592,Je suis impliqué dans une enquête de référence sur le comportement en matière d'assainissement et d'hygiène dans les écoles en Inde et j'ai trouvé cela cours pertinent pour ma compréhension de la façon dont le comportement est le résultat de normes qui découlent à leur tour d'attentes empiriques et normatives.,positive,chuong_trinh_hoc
3593,"Un super cours , et disponible juste au bon moment .",positive,noi_chung
3594,Assurez-vous de prévoir suffisamment de temps pour la lecture et la majeure devoirs.,neutral,bai_tap
3595,C'était une excellente introduction cours au monde du Machine Learning.,positive,noi_chung
3596,Les matériaux sont excellents et faciles à comprendre.,positive,cung_cap_tai_lieu
3596,Les matériaux sont excellents et faciles à comprendre.,positive,cung_cap_tai_lieu
3597,C'était un bon cours.,positive,noi_chung
3598,C'est ce que vous obtiendrez en suivant ce cours (cité parce que ce sont les mots utilisés pour décrire le modèle d'éducation générale dans mon université).,positive,noi_chung
3599,Meilleur cours dans cette spécialisation !,positive,noi_chung
3600,C'était très accessible et contenait de très bons exemples.,positive,noi_chung
3600,C'était très accessible et contenait de très bons exemples.,positive,chuong_trinh_hoc
3601,J'espère que vous apprécierez le cours comme moi : ),positive,noi_chung
3602,Je n'ai pas trouvé cela vraiment utile. Peut-être que la façon dont je l'attendais était différente.,negative,noi_chung
3603,La meilleure partie était la méthodologie d'enseignement pratique et à cela s'ajoutait le piment « Quelle erreur j'ai faite » - apprendre et corriger en validant le travail des autres participants.,positive,ky_nang_giang_day
3604,Excellente façon de revisiter/repenser ce que signifie apprendre et la meilleure façon de le faire.,positive,noi_chung
3605,Merci aux créateurs.,positive,noi_chung
3606,Mais nous dépensons de l’argent pour que quelqu’un nous enseigne ces choses.,negative,noi_chung
3607,Génial cours !,positive,noi_chung
3608,Ce cours me montre à quel point mes habitudes d'étude étaient mauvaises et m'aide à les améliorer.,positive,noi_chung
3609,Ce cours est l'un des cours les plus pratiques de coursra .,positive,chuong_trinh_hoc
3610,J'aime le fait que le cours soit également très difficile - il n'a pas été simplifié pour nous.,positive,noi_chung
3610,J'aime le fait que le cours soit également très difficile - il n'a pas été simplifié pour nous.,negative,chuong_trinh_hoc
3611,"En général, ce cours est génial !",positive,noi_chung
3612,Le meilleur enseignement cours de tous les temps.,positive,noi_chung
3613,Génial en ligne cours.,positive,noi_chung
3614,Fantastique contenu ! .,positive,cung_cap_tai_lieu
3615,Il existe de nombreuses techniques enseignées pour se concentrer ainsi que pour des méthodes de pensée intuitive.,positive,chuong_trinh_hoc
3616,Nick Santos ou peut-être que le professeur Santos est un professeur très enthousiaste et encourage vraiment l'étudiant à exceller et à réussir.,positive,ky_nang_giang_day
3616,Nick Santos ou peut-être que le professeur Santos est un professeur très enthousiaste et encourage vraiment l'étudiant à exceller et à réussir.,positive,ky_nang_giang_day
3617,Expérience géniale !,positive,noi_chung
3618,Je recommande vraiment ce cours cours non seulement pour l'alimentation des enfants mais aussi pour les adultes « difficiles » et têtus.,positive,de_xuat
3619,Les exercices sont toujours conçus avec beaucoup de soin.,positive,bai_tap
3620,Ce cours a fait exactement ce qu'il annonçait.,positive,noi_chung
3621,Les doutes sont également dissipés sur le forum de discussion régulièrement et le plus rapidement possible.,positive,hanh_vi
3622,J'adore la partie vidéo bonus du cours  !,positive,noi_chung
3623,J'ai vraiment apprécié ce cours.,positive,noi_chung
3624,L’interaction avec d’autres apprenants serait très bénéfique sous forme de travail de groupe.,positive,hanh_vi
3625,Une introduction de base au framework meteorJS.,positive,noi_chung
3626,Ce cours se déroule à un rythme très rapide et n'a tout simplement pas le charme de tous les autres cours de la spécialisation.,negative,noi_chung
3626,Ce cours se déroule à un rythme très rapide et n'a tout simplement pas le charme de tous les autres cours de la spécialisation.,negative,noi_chung
3627,J'aime particulièrement l'enthousiasme et la passion du professeur pour aider tout le monde à acquérir des connaissances de pointe en matière d'apprentissage automatique.,positive,ky_nang_giang_day
3627,J'aime particulièrement l'enthousiasme et la passion du professeur pour aider tout le monde à acquérir des connaissances de pointe en matière d'apprentissage automatique.,positive,hanh_vi
3628,Un grand merci à Professeur Charles pour avoir animé le cours et avoir généreusement partagé son travail avec nous !,positive,ky_nang_giang_day
3629,Les enseignants auraient plus de temps pour expliquer chaque détail des cours conférences afin que la difficulté augmente de manière uniforme d'une semaine à l'autre.,neutral,ky_nang_giang_day
3630,"Je ne l'ai pas encore terminé, mais j'ai hâte de lui donner une critique 5 étoiles.",positive,chuong_trinh_hoc
3631,Et ce serait très bien d'avoir un slide récapitulatif à la fin du cours.,negative,cung_cap_tai_lieu
3632,J'ai de l'expérience en programmation sur PHP en utilisant le framework Web Laravel .,positive,noi_chung
3633,"En tout cas, ça vaut le coup, je le recommande.",positive,chuong_trinh_hoc
3633,"En tout cas, ça vaut le coup, je le recommande.",positive,de_xuat
3634,"L'instructeur était perdu entre l'enseignement de R et l'enseignement des statistiques, donc au final il n'a fait ni l'un ni l'autre.",negative,ky_nang_giang_day
3635,"J'ai trouvé certains des exercices un peu plus difficiles que le contenu donné, et le support n'est pas encore parfait, mais on peut trouver une bonne aide dans les forums si on demande à l'avance (dans mon cas, je dois beaucoup remercier mes pairs Brian et Richard... ils étaient de vrais mentors).",negative,bai_tap
3635,"J'ai trouvé certains des exercices un peu plus difficiles que le contenu donné, et le support n'est pas encore parfait, mais on peut trouver une bonne aide dans les forums si on demande à l'avance (dans mon cas, je dois beaucoup remercier mes pairs Brian et Richard... ils étaient de vrais mentors).",negative,hanh_vi
3637,Andrew est un excellent pédagogue et c'était un plaisir d'écouter ses explications.,positive,ky_nang_giang_day
3638,Ce cours était super.,positive,noi_chung
3639,Ils étaient tous très attachants.,positive,ky_nang_giang_day
3640,"Cependant, je trouve que le prix est un peu élevé par rapport à d'autres cours similaires cours que vous pouvez trouver en ligne.",negative,chuong_trinh_hoc
3641,"Les professeurs, bien que ne parlant pas très bien anglais, étaient les meilleurs et savaient exactement ce qu'ils enseignaient, ce qui m'a rendu très heureux.",negative,ky_nang_giang_day
3641,"Les professeurs, bien que ne parlant pas très bien anglais, étaient les meilleurs et savaient exactement ce qu'ils enseignaient, ce qui m'a rendu très heureux.",positive,ky_nang_giang_day
3642,Un excellent cours pour débuter avec la programmation en général et avec Python en particulier.,positive,noi_chung
3643,Programmation R bien organisée cours pour amateur académique avec quelques connaissances OOP avant !,positive,chuong_trinh_hoc
3644,Les matériels de lecture étaient vraiment intéressants.,positive,cung_cap_tai_lieu
3645,"À l’avenir, vous n’aurez rien à montrer dans votre CV.",negative,chuong_trinh_hoc
3646,"Une nouvelle perspective ou un nouvel aperçu de l'apprentissage est toujours bénéfique et cela cours peut soit vous surprendre, soit changer complètement votre façon d'apprendre.",positive,noi_chung
3647,Santé au bien professeur.,positive,ky_nang_giang_day
3648,"Certaines informations peuvent être difficiles à trouver, notamment dans la section Discussion.",negative,hanh_vi
3649,Je vous suis reconnaissant à tous de m'avoir donné de nouvelles expériences.,positive,noi_chung
3650,"De plus, il n’était pas très clair comment composer un régulateur PID à partir de l’approche « systématique ».",negative,ky_nang_giang_day
3651,J'ai également beaucoup apprécié les cartes interactives et les conseils techniques.,positive,noi_chung
3652,"J'avais l'impression de ne rien apprendre de nouveau, mais les extraits de films m'ont permis de voir les films sous un jour nouveau.",negative,chuong_trinh_hoc
3653,Le manuel et le cours quiz ont ajouté une grande valeur au cours.,positive,cung_cap_tai_lieu
3653,Le manuel et le cours quiz ont ajouté une grande valeur au cours.,positive,bai_tap
3653,Le manuel et le cours quiz ont ajouté une grande valeur au cours.,positive,chuong_trinh_hoc
3654,"En tant que débutant total, non seulement en Python, mais aussi en programmation, j'ai trouvé ce cours cours extrêmement utile.",positive,noi_chung
3655,"Il y avait de nombreux problèmes avec les séries de problèmes : incorrectes, peu claires, hors de portée cours, placées dans un mauvais ordre de contenu.",negative,ky_nang_giang_day
3656,Ce cours a réaffirmé mon intérêt pour Leyde d'il y a 10 ans.,positive,noi_chung
3657,La manière dont les professeurs nous ont enseigné et testé à travers les défis conceptuels a vraiment fait tilt chez moi.,positive,ky_nang_giang_day
3657,La manière dont les professeurs nous ont enseigné et testé à travers les défis conceptuels a vraiment fait tilt chez moi.,positive,ky_nang_giang_day
3658,La manière d'enseigner est très claire et facile à comprendre.,positive,ky_nang_giang_day
3658,La manière d'enseigner est très claire et facile à comprendre.,positive,ky_nang_giang_day
3659,J'ai beaucoup appris dans ce cours et je continuerai à apprendre ses autres cours python .,positive,chuong_trinh_hoc
3660,"Cependant, j'apprenais de nouvelles choses dès le début.",positive,noi_chung
3661,Je le recommande vivement !,positive,de_xuat
3662,"J'ai eu des difficultés dans quelques sections, car je n'ai pas été très en phase avec la physiologie...",negative,noi_chung
3663,"Des travaux pratiques précieux exercices et, mieux encore, avoir conférenciers qui sont des autorités dans leur domaine.",positive,bai_tap
3663,"Des travaux pratiques précieux exercices et, mieux encore, avoir conférenciers qui sont des autorités dans leur domaine.",positive,ky_nang_giang_day
3664,"Merci beaucoup, Coursera et Dr. Chuck !",positive,ky_nang_giang_day
3665,Le cours  m'a été utile pour me faire réaliser où tout mon temps est passé sans résultats quantifiables et j'espère que je pourrai prendre l'habitude d'une bonne gestion du temps.,positive,chuong_trinh_hoc
3666,"C'est un cours difficile, les quiz ne sont pas anodins et le dernier devoir a représenté une énorme quantité de travail.",negative,chuong_trinh_hoc
3666,"C'est un cours difficile, les quiz ne sont pas anodins et le dernier devoir a représenté une énorme quantité de travail.",negative,bai_tap
3666,"C'est un cours difficile, les quiz ne sont pas anodins et le dernier devoir a représenté une énorme quantité de travail.",negative,bai_tap
3667,"Grâce à cette série de cours, j'ai commencé à mieux travailler mes compétences en photographie, et j'ai trouvé cela vraiment intéressant et étonnant.",positive,noi_chung
3667,"Grâce à cette série de cours, j'ai commencé à mieux travailler mes compétences en photographie, et j'ai trouvé cela vraiment intéressant et étonnant.",positive,noi_chung
3668,Ce cours est vraiment splendide.,positive,noi_chung
3669,"Le cours est bon, la raison pour laquelle je lui donne une note basse est qu'il est un peu redondant avec le cours 3 « Introduction au développement Meteor. js ».",positive,noi_chung
3669,"Le cours est bon, la raison pour laquelle je lui donne une note basse est qu'il est un peu redondant avec le cours 3 « Introduction au développement Meteor. js ».",negative,chuong_trinh_hoc
3670,"J'en tire davantage des deux autres, mais c'était une introduction fantastique pour me faire réfléchir.",positive,noi_chung
3671,Le cours matière est structuré de manière globale.,positive,cung_cap_tai_lieu
3672,"Dans l'ensemble, c'est un super cours.",positive,noi_chung
3673,"La difficulté de ce cours justifie la mise en place de vidéo cours magistral pour transmettre de nombreux concepts et techniques, comme le système Fitch.",negative,ky_nang_giang_day
3674,Je le recommande à tous ceux qui souhaitent apprendre le Machine Learning.,positive,de_xuat
3675,La créativité est encouragée et très peu de restrictions et de règles sont imposées.,positive,chuong_trinh_hoc
3676,Le Dr Lafayette a fait un travail merveilleux dans ses histoires et ses descriptions pour rendre les luttes et les succès du Mouvement réels.,positive,ky_nang_giang_day
3677,Beaucoup de contenu et de connaissances sont abordés dans ce cours.,positive,cung_cap_tai_lieu
3677,Beaucoup de contenu et de connaissances sont abordés dans ce cours.,positive,chuong_trinh_hoc
3678,"J'apprécie beaucoup ce cours, il est instructif et très bien organisé et présenté.",positive,noi_chung
3678,"J'apprécie beaucoup ce cours, il est instructif et très bien organisé et présenté.",positive,chuong_trinh_hoc
3678,"J'apprécie beaucoup ce cours, il est instructif et très bien organisé et présenté.",positive,chuong_trinh_hoc
3678,"J'apprécie beaucoup ce cours, il est instructif et très bien organisé et présenté.",positive,chuong_trinh_hoc
3679,Il existe tellement de meilleures options pour apprendre à coder.,negative,noi_chung
3680,Sinon c'était génial.,positive,noi_chung
3681,Recommandé pour tous.,positive,noi_chung
3682,"J'ai vraiment apprécié le cours. Normalement, les cours en ligne sont un peu difficiles pour moi. mais pas avec ce cours.",positive,noi_chung
3683,Ce cours  m'a été très utile pour me souvenir des concepts d'affaires et d'entrepreneuriat.,positive,noi_chung
3683,Ce cours  m'a été très utile pour me souvenir des concepts d'affaires et d'entrepreneuriat.,positive,noi_chung
3684,"Contenu et exemples extrêmement utiles, pratiques et pertinents, en plus d'un cours très intéressant enseignant et très utile personnel ainsi que d'autres étudiants.",positive,chuong_trinh_hoc
3684,"Contenu et exemples extrêmement utiles, pratiques et pertinents, en plus d'un cours très intéressant enseignant et très utile personnel ainsi que d'autres étudiants.",positive,chuong_trinh_hoc
3684,"Contenu et exemples extrêmement utiles, pratiques et pertinents, en plus d'un cours très intéressant enseignant et très utile personnel ainsi que d'autres étudiants.",positive,ky_nang_giang_day
3684,"Contenu et exemples extrêmement utiles, pratiques et pertinents, en plus d'un cours très intéressant enseignant et très utile personnel ainsi que d'autres étudiants.",positive,ky_nang_giang_day
3685,"Même si ce cours  se concentre sur l'enseignement de la langue anglaise, je trouve qu'il est toujours utile pour les enseignants de toutes autres matières, même d'autres langues!",positive,chuong_trinh_hoc
3685,"Même si ce cours  se concentre sur l'enseignement de la langue anglaise, je trouve qu'il est toujours utile pour les enseignants de toutes autres matières, même d'autres langues!",positive,noi_chung
3686,Beaucoup d'informations pratiques après les 2 à 3 premières semaines.,positive,chuong_trinh_hoc
3687,Elle se contente de lire les diapositives au lieu de fournir davantage d'exemples et de scénarios pour aider les étudiants à comprendre la matière.,negative,ky_nang_giang_day
3688,Introduction utile à la résolution des conflits.,positive,noi_chung
3689,Je veux apprendre davantage de toi parce que tu enseignes ce que je ne sais pas et qui sont identiques aux leçons,positive,ky_nang_giang_day
3690,Génial cours .,positive,noi_chung
3691,"Certains des quiz semblent nécessiter une calculatrice avancée, mais j'ai pu utiliser une calculatrice simple et une sorte d'estimation.",neutral,bai_tap
3692,Aidez-moi vraiment à démarrer mon étude de Python !,positive,noi_chung
3693,Très bonne introduction à la série Pandas et aux DataFrames pour la science des données.,positive,noi_chung
3694,"Des démonstrations culinaires faciles et rapides à réaliser, suffisamment basiques pour que les étudiants puissent s'appuyer sur elles en fonction de ce qui est à disposition.",positive,ky_nang_giang_day
3695,Vous devriez avoir honte de propager ces conneries.,negative,chuong_trinh_hoc
3696,Merci pour votre effort !,positive,noi_chung
3697,Vidéos courtes mais très instructives.,positive,ky_nang_giang_day
3697,Vidéos courtes mais très instructives.,positive,ky_nang_giang_day
3698,Cela signifie que c'est agréable et que ce n'est pas une charge de travail trop importante.,positive,chuong_trinh_hoc
3699,"Je suis étudiant en ingénierie physique à l'UFG, dans l'état de Goiás, au Brésil, et ces connaissances m'aideront dans l'analyse des données, qui est fondamentalement l'activité principale d'un physicien expérimental.",positive,noi_chung
3700,"Tout d'abord Peter Clarke, quelle légende !! merci pour toute l'aide, en particulier pendant la semaine 2.",positive,ky_nang_giang_day
3700,"Tout d'abord Peter Clarke, quelle légende !! merci pour toute l'aide, en particulier pendant la semaine 2.",positive,ky_nang_giang_day
3701,Merci pour ce super cours .,positive,noi_chung
3702,Il vous donne les outils et parle des processus dont vous devez vous entourer.,positive,noi_chung
3703,Excellent cours sur l'apprentissage et le fonctionnement de votre cerveau.,positive,noi_chung
3704,J'ai apprécié l'ensemble du cours  !,positive,noi_chung
3705,"Sinon, j'ai apprécié le cours et j'ai beaucoup appris.",positive,noi_chung
3706,Excellent cours en termes de contenu et de lectures suggérées.,positive,noi_chung
3707,"Il n'était pas très clair où accéder au livre, ni quelles lectures correspondaient à quelles conférences.",negative,cung_cap_tai_lieu
3708,Ils ont également répondu rapidement à toutes mes questions sur les cours.,positive,hanh_vi
3709,J'apprécie l'effort qui a été déployé pour réaliser ce cours cours ainsi que pour obtenir les extraits du film.,positive,noi_chung
3710,Un grand merci à Barbara OAKLEY et aux autres professeurs.,positive,ky_nang_giang_day
3711,"Les gens, ceux qui sont très nouveaux en photographie, peuvent trouver cette chose très intéressante.",positive,noi_chung
3712,"Merci beaucoup d'avoir fait cela cours, c'est vraiment utile à apprendre et aussi facile à suivre, donc je pense que plus tôt vous l'apprenez, mieux vous êtes lorsque vous devez apprendre quelque chose de nouveau et surtout si vous êtes étudiant : )",positive,noi_chung
3712,"Merci beaucoup d'avoir fait cela cours, c'est vraiment utile à apprendre et aussi facile à suivre, donc je pense que plus tôt vous l'apprenez, mieux vous êtes lorsque vous devez apprendre quelque chose de nouveau et surtout si vous êtes étudiant : )",positive,noi_chung
3713,Fortement recommandé pour les personnes capables d'apprendre par elles-mêmes.,positive,noi_chung
3715,J'ai l'impression d'avoir beaucoup appris en si peu de temps.,positive,noi_chung
3716,Même si j’aurais aimé qu’il y ait plus de pratiques pour inculquer une connaissance ferme du contenu.,positive,cung_cap_tai_lieu
3717,Cela aidera certainement tous les débutants et les apprenants continus.,positive,noi_chung
3718,J'ai trouvé les cours et devoirs très clairs et concis.,positive,ky_nang_giang_day
3718,J'ai trouvé les cours et devoirs très clairs et concis.,positive,bai_tap
3719,Mais surtout Devoir 3 concernant le nettoyage des données devrait être amélioré.,neutral,bai_tap
3720,"En d'autres termes, j'ai beaucoup à attendre des prochains cours cours et j'espère pouvoir en apprendre suffisamment pour devenir un professionnel des SIG.",positive,noi_chung
3721,Ce cours a du potentiel mais il a désespérément besoin d'être mis à jour pour 2017.,negative,chuong_trinh_hoc
3722,Assez bien cours pour un premier programmeur Java.,positive,noi_chung
3723,Ce cours est génial.,positive,noi_chung
3724,Merci Coursera et UOL.,positive,noi_chung
3725,C'est un immense plaisir chaque soir de rentrer du travail et de m'asseoir à côté de l'ordinateur pour regarder les vidéos et étudier l'apprentissage automatique.,positive,ky_nang_giang_day
3726,Je suis très heureux d'avoir eu ce cours.,positive,noi_chung
3727,Les informations enseignées de manière « facile à apprendre » par Dr. Kuhar étaient incroyables.,positive,ky_nang_giang_day
3727,Les informations enseignées de manière « facile à apprendre » par Dr. Kuhar étaient incroyables.,positive,ky_nang_giang_day
3728,"De la viande, nous avons besoin de plus de viande.",negative,noi_chung
3729,Je pense qu'il est le meilleur quand il s'agit d'expliquer quelque chose.,positive,ky_nang_giang_day
3730,Merci Andrew !,positive,ky_nang_giang_day
3731,Le parcours était bien aménagé.,positive,chuong_trinh_hoc
3732,Votre approche de l’enseignement est merveilleuse et j’ai été intrigué par vos points de vue sur l’écriture.,positive,ky_nang_giang_day
3733,"La première semaine a été un peu lente, mais",neutral,noi_chung
3734,Hautement recommandé.,positive,ky_nang_giang_day
3736,"Contrairement au précédent cours de cette séquence, celui-ci cours n'a fourni que peu ou pas d'informations substantielles.",negative,chuong_trinh_hoc
3737,Ce cours à lui seul ne donne pas grand chose.,negative,noi_chung
3738,"Parfois, il n'y a aucune compréhension du contenu, seul le mot le plus proche du son produit a été utilisé.",negative,ky_nang_giang_day
3739,Le professeur Shiller explique les concepts de manière simple afin que tout le monde comprenne.,positive,ky_nang_giang_day
3741,Mais fournir des tâches plus rigoureuses des devoirs optionnels peut être un ajout bienvenu au cours.,neutral,bai_tap
3742,Expérience réelle dans l'utilisation d'applications réelles.,positive,chuong_trinh_hoc
3743,Les vidéos sont informatives et bien conçues.,positive,ky_nang_giang_day
3744,"C'est la seule raison pour laquelle je ne donne pas une récompense directe de 5 étoiles, car je pense que le manque d'interaction dans la vie réelle n'est pas entièrement compensé par les quiz et exercices, ils devraient l'être davantage à mon avis.",negative,bai_tap
3745,C'est vraiment agréable d'avoir l'opportunité d'entendre leur point de vue sur les choses et de les voir décrire comment ils pensent à ce qu'ils font et de voir leurs différents processus.,positive,noi_chung
3746,"Points positifs : très pratique, intéressant devoirsDomaines de développement : 4 étoiles car parfois on veut aller plus loin et moins d'infos pas très importantes dans les cours. désolé. pour gagner du tempsDans l'ensemble, un bon cours cours. je le recommande",positive,bai_tap
3746,"Points positifs : très pratique, intéressant devoirsDomaines de développement : 4 étoiles car parfois on veut aller plus loin et moins d'infos pas très importantes dans les cours. désolé. pour gagner du tempsDans l'ensemble, un bon cours cours. je le recommande",positive,de_xuat
3746,"Points positifs : très pratique, intéressant devoirsDomaines de développement : 4 étoiles car parfois on veut aller plus loin et moins d'infos pas très importantes dans les cours. désolé. pour gagner du tempsDans l'ensemble, un bon cours cours. je le recommande",positive,de_xuat
3746,"Points positifs : très pratique, intéressant devoirsDomaines de développement : 4 étoiles car parfois on veut aller plus loin et moins d'infos pas très importantes dans les cours. désolé. pour gagner du tempsDans l'ensemble, un bon cours cours. je le recommande",positive,de_xuat
3747,Le professeur est vraiment divertissant et est excellent dans l'enseignement.,positive,ky_nang_giang_day
3747,Le professeur est vraiment divertissant et est excellent dans l'enseignement.,positive,ky_nang_giang_day
3748,Vous aide à comprendre le processus de réflexion qui sous-tend la tarification.,positive,chuong_trinh_hoc
3749,J'ai trouvé le niveau d'interaction dans le groupe en formation forum décevant et j'ai immédiatement perdu tout intérêt en raison de la crainte que le niveau d'interaction ne continue de diminuer au fur et à mesure que le cours avançait.,negative,noi_chung
3750,Très instructif cours.,positive,chuong_trinh_hoc
3751,"Étant si détaillé et informatif, une grande partie du matériel est assez difficile.",negative,cung_cap_tai_lieu
3752,C'est incroyable à quel point c'est simple et passionnant à la fois.,positive,noi_chung
3753,Tout est parfait dans ce cours.,positive,noi_chung
3754,"Merci à professeurs, je vous souhaite le meilleur.",positive,ky_nang_giang_day
3755,"Les vidéos sont bien faites, à part quelques petits problèmes de datation (comme les versions de logiciels) mais c'est compréhensible.",positive,ky_nang_giang_day
3755,"Les vidéos sont bien faites, à part quelques petits problèmes de datation (comme les versions de logiciels) mais c'est compréhensible.",positive,chuong_trinh_hoc
3756,Les exemples ont clarifié les choses et les exercices à domicile ont vraiment consolidé les points d'apprentissage.,positive,cung_cap_tai_lieu
3756,Les exemples ont clarifié les choses et les exercices à domicile ont vraiment consolidé les points d'apprentissage.,positive,bai_tap
3757,Je pense qu'ils couvrent les faits les plus essentiels que l'on doit connaître sur l'UE) et les devoirs notés par les pairs devoirs abordent des questions qui suscitent la réflexion et stimulent la pensée critique des étudiants.,positive,bai_tap
3762,Hvala g. George Siedel!,positive,ky_nang_giang_day
3770,Hvala vam na trudu!,positive,noi_chung
3798,Twee duimen omhoog !!,positive,noi_chung
3799,Ik vond deze les leuk.,positive,noi_chung
3834,Ótima aula.,positive,noi_chung
3885,Este curso tem dois grandes projetos.,positive,chuong_trinh_hoc
4202,O curso material é interessante.,positive,cung_cap_tai_lieu
4384,Parabéns Professor Odeh!,positive,ky_nang_giang_day
4523,Grandes exemplos.,positive,chuong_trinh_hoc
4748,Skvelé Kurz! .,positive,noi_chung
4777,Asante Prof. Dan !,positive,ky_nang_giang_day
4779,Natumai hii itasaidia.,positive,noi_chung
4804,mwalimu ni MUNGU.,positive,ky_nang_giang_day
4806,Kina maudhui .,positive,noi_chung
4810,Ajabu maudhui ! .,positive,cung_cap_tai_lieu
4821,Harika bir ders!,positive,noi_chung
6940,"Le lit était très confortable, la chambre  était calme et avait toutes les commodités nécessaires, y compris un accès Internet haut débit gratuit.",positive,thiet_bi_day_hoc
6941,pression. les serviettes étaient très épaisses et douces. non piscine. la seule mauvaise chose à propos de cet hôtel est qu'il est relié au complexe de bureaux Plaza of the Americas qui est fermé le week-end. donc tous les magasins ne sont pas ouverts. il y a une patinoire qui est ouverte pour le patinage limité. payez les 20 $ pour le service de voiturier à moins que vous ne prévoyiez de vous rendre dans d'autres quartiers de Dallas. le train Dart est à seulement 2 pâtés de maisons de la porte d'entrée.,negative,thiet_bi_day_hoc
6942,"Il s'agit d'un véritable hôtel d'affaires hôtel avec un cadre propre, sophistiqué réception, très professionnel personnel et de bonne taille, moderne chambres et salle de bain chambres.",positive,thiet_bi_day_hoc
6943,"ma demande concernant le journal manquant a reçu une réponse, il arrivera ici.",neutral,thiet_bi_day_hoc
6944,Je n'ai pas testé le restaurant ni le petit déjeuner.,positive,thiet_bi_day_hoc
6945,L'ambiance est très romantique et le service était super.,positive,thiet_bi_day_hoc
6946,"Un excellent séjour, agréable spa, bon nourriture, très sympathique personnel et assez abordable.",positive,thiet_bi_day_hoc
6947,"Accès par ascenseur, réception 24h/24.",positive,thiet_bi_day_hoc
6948,"Super Hôtel, non Monkey Bar",negative,thiet_bi_day_hoc
6949,"c'est immense, avec de nombreuses options de restauration et de divertissement, je suppose que les gens y vont en vacances et ne quittent jamais les lieux.",positive,thiet_bi_day_hoc
6950,L'exercice les installations est également fantastique. .,positive,thiet_bi_day_hoc
6951,"le seul défaut était le restaurant Neptune, le petit-déjeuner était super mais le repas du soir était terriblement cher et pas si bon. dans l'ensemble, nous avons peu ou pas de plaintes, nous avons hâte d'y retourner.",negative,thiet_bi_day_hoc
6952,"La zone piscine est assez petite, donc si c'est une priorité pour vous, ce n'est peut-être pas idéal, mais comme nous n'avons pas eu le temps de prendre un bain de soleil, ce n'était pas un problème.",negative,thiet_bi_day_hoc
6953,"L'endroit est propre, élégant et si vous obtenez une offre chambres, c'est un excellent rapport qualité-prix.",positive,noi_chung
6954,"La chambre était propre, la salle de bain chambre était de taille décente et il y avait une connexion Internet wifi gratuite, ce qui est toujours un bonus.",positive,thiet_bi_day_hoc
6955,mais il y avait climatisation dans la chambre.,negative,noi_chung
6956,Piscine sur le toit assez grande pour un plongeon rafraîchissant si vous y êtes quand il fait assez chaud et vous vous sentirez un peu comme dans une scène d'une Mary Poppins espagnole regardant les toits depuis la terrasse de la piscine.,positive,thiet_bi_day_hoc
6957,"Je n'ai pas beaucoup utilisé les installations d'exercice, mais elles semblaient plus que suffisantes.",positive,thiet_bi_day_hoc
6958,"c'était si agréable de s'asseoir près de la grande cheminée, de commander une boisson et de regarder les bateaux passer.",positive,thiet_bi_day_hoc
6959,"Il est vrai que certaines installations pourraient bénéficier d'un meilleur entretien (par exemple, la plomberie), mais pour le prix, je retournerais à Triton sans hésiter.",neutral,thiet_bi_day_hoc
6960,"La maison d'hôtes est magnifique, de style espagnol (murs blancs avec toit en tuiles rouges) et avec de petites cours et des espaces privés.",positive,thiet_bi_day_hoc
6961,"J'ai utilisé le jardin, mais pas la piscine même si cela avait l'air très tentant, mais le temps n'était pas vraiment assez chaud.",negative,thiet_bi_day_hoc
6962,"J'étais à New York pour affaires et j'ai trouvé cet hôtel idéal, le service était bon et le quartier le bar était impressionnant.",positive,noi_chung
6963,L'endroit où vous prenez votre petit déjeuner est somptueux.,positive,thiet_bi_day_hoc
6964,la plage est superbe la piscine est à une température parfaite et le bar dans la piscine est super !,positive,thiet_bi_day_hoc
6964,la plage est superbe la piscine est à une température parfaite et le bar dans la piscine est super !,positive,thiet_bi_day_hoc
6964,la plage est superbe la piscine est à une température parfaite et le bar dans la piscine est super !,positive,thiet_bi_day_hoc
6965,Les chambres étaient petites mais adéquates et la salle de petit-déjeuner était un peu à l'étroit mais sinon rien à redire.,neutral,thiet_bi_day_hoc
6966,il manquait une piscine !,negative,thiet_bi_day_hoc
6967,"La piscine est immense et, en tant que nageur, j'étais le bienvenu.",positive,thiet_bi_day_hoc
6968,Service de voiturier bon service mais cher.,positive,thiet_bi_day_hoc
6968,Service de voiturier bon service mais cher.,negative,thiet_bi_day_hoc
6969,L'hôtel représente un bon rapport qualité/prix pour New York et dispose d'un excellent centre de santé et piscine.,positive,thiet_bi_day_hoc
6970,"De l'accueil chaleureux, des biscuits et des pommes dans le hall, des meubles haut de gamme et la plus mignonne cour ouverte avec des ensembles de bistrot, cet hôtel  le fait bien.",positive,thiet_bi_day_hoc
6971,"était très propre, les femmes de chambre étaient également très serviables, nettoyant notre chambre lorsque nous sommes descendus pour le petit-déjeuner. Ils ont également un super salon de beauté dans l'hôtel.",positive,thiet_bi_day_hoc
6972,bien décoré chambre qui bien que petite était bien équipée.,positive,noi_chung
6973,Pour un hôtel 3 étoiles  les installations sont excellentes et le personnel était très sympathique et serviable.,positive,thiet_bi_day_hoc
6974,"L'accès à Internet est payant (environ 10 $ US) et il est câblé, alors apportez votre routeur sans fil (Apple en fabrique un de poche très pratique). Il y a un dépanneur en bas, qui surfacture tout, mais quand on en a besoin, il est là.",negative,thiet_bi_day_hoc
6974,"L'accès à Internet est payant (environ 10 $ US) et il est câblé, alors apportez votre routeur sans fil (Apple en fabrique un de poche très pratique). Il y a un dépanneur en bas, qui surfacture tout, mais quand on en a besoin, il est là.",negative,thiet_bi_day_hoc
6975,"Il est loin des plages et sa piscine et ses installations sanitaires  sont très petites, étant donné qu'il est en Floride.",negative,thiet_bi_day_hoc
6976,"le piscine sur le toit n'est en réalité qu'un bassin profond, mais le toit est agréable pour s'asseoir et prendre quelques boissons relaxantes. petit-déjeuner très cher !",neutral,thiet_bi_day_hoc
6977,mais il faut payer pour service de voiturier pour le prix que nous avons payé,negative,thiet_bi_day_hoc
6978,L'hôtel ressemble à une maison avec élégance et des équipements haut de gamme.,positive,thiet_bi_day_hoc
6979,Les installations étaient vieilles et la moisissure était un réel problème pour nous.,negative,thiet_bi_day_hoc
6980,Le seul bémol était les tarifs exorbitants même pour les communications locales courtes appels téléphoniques et accès Internet.,negative,thiet_bi_day_hoc
6981,"il n'y en a pas - la seule nourriture servie est le petit-déjeuner que vous devez descendre pour manger et il n'y a qu'un minibar avec de l'eau, etc. dans votre chambre -",positive,thiet_bi_day_hoc
6982,"Je suis un diable difficile et j'aime séjourner dans des hôtels 4*, dans la mesure du possible, mais je n'ai rien trouvé à redire à cet hôtel, à part qu'il n'y avait pas de théière dans la chambre.",negative,thiet_bi_day_hoc
6983,Le spa est aussi l'un des meilleurs !,positive,thiet_bi_day_hoc
6984,Les principales attractions touristiques se situent dans le quartier de Mitte ; elles sont cependant facilement accessibles par le métro ou par la ligne S depuis le Zoo Bahnhoff situé à proximité.,positive,noi_chung
6985,"Cependant, l'énorme balcon que nous avions et le moderne salle de bain équilibraient cela.",positive,thiet_bi_day_hoc
6986,>Pas d'accès Internet dans chambres d'hôtel !!,negative,thiet_bi_day_hoc
6987,L'hôtel  était dans un bon quartier avec de bons restaurants accessibles à pied et le tramway juste en face de la rue.,positive,noi_chung
6988,"Club Lounge est agréable, bien qu'il n'y ait pas de plats chauds au petit-déjeuner, ce qui, bien que correct pour ma femme, s'attend à une offre chaude au Grand Hyatt Grand Clubs (le meilleur est à Hong Kong).",positive,thiet_bi_day_hoc
6989,Si vous traînez à l'hôtel bar vous êtes sûr de croiser une célébrité pendant la semaine de pause du tournage !,positive,thiet_bi_day_hoc
6990,Odeur de moisi dans certains couloirs - salles de bains avec douche uniquement - petites ascenseurs - malodorantes salle de sport,negative,thiet_bi_day_hoc
6990,Odeur de moisi dans certains couloirs - salles de bains avec douche uniquement - petites ascenseurs - malodorantes salle de sport,negative,thiet_bi_day_hoc
6991,"* Equipements - chambres étaient propres et confortables, accès wi-fi gratuit (apportez votre ordinateur portable pour surfer dans votre chambre), bar de l'hôtel ouvert l'après-midi et le soir en bas, bon petit-déjeuner le matin (pains, céréales, fruits, viandes), mini-frigo dans la chambre, chambres ont la climatisationCons :",positive,thiet_bi_day_hoc
6992,Je tiens à ajouter que le Hilton possède le meilleur club de santé que j'ai rencontré lors de mes voyages d'affaires.,positive,thiet_bi_day_hoc
6993,"Nous avons séjourné à l'étage Royal et c'était parfait - toutes les commodités que vous pourriez souhaiter, y compris un salon toujours ouvert avec du Cava (Champagne !), de l'eau, du thé et des chocolats !",positive,thiet_bi_day_hoc
6994,"Le personnel et le service du Regent sont irréprochables, mais nous avons été déçus d'apprendre à notre arrivée que la piscine était fermée pour rénovation.",negative,thiet_bi_day_hoc
6995,"Essayez le restaurant tournant 'The View' au Marriott Marquis, Times Square, des vues fabuleuses et les plats bons aussi !",positive,thiet_bi_day_hoc
6996,"Bien que la salle de bain chambre dans ma chambre semblait un peu datée par rapport aux autres dans l'hôtel, l'ensemble chambre très propre et confortable offrant un excellent rapport qualité/prix.",positive,noi_chung
6997,"Sachez qu'il vous en coûtera 30$ pour stationner votre voiture, même si vous vous garez vous-même.",negative,thiet_bi_day_hoc
6998,"J'ai vraiment apprécié l'emplacement, l'hôtel est super (sympa lobby, stylé chambres, bon service de conciergerie, etc).",positive,thiet_bi_day_hoc
6999,"Il y avait un petit coin salon, avec deux chaises et une table, mais les lits étaient durs comme de la pierre (il fallait s'y asseoir doucement, de peur de se casser une partie du corps).",positive,thiet_bi_day_hoc
7000,L'hôtel Paris à Florence est bien plus qu'un hôtel sympathique et particulier ! Nous avons réservé l'hôtel Paris à Florence par l'intermédiaire de notre agence de voyages qui nous l'a recommandé comme un hôtel très sympathique et particulier : l'hôtel Paris est bien plus qu'un hôtel sympathique et particulier ! Salle de petit déjeuner est unique avec ses fresques du XVIe siècle ainsi que l'atmosphère qui règne dans chaque pièce de l'hôtel.,positive,thiet_bi_day_hoc
7001,Avoir notre propre piscine était fabuleux.,positive,thiet_bi_day_hoc
7002,"Le emplacement, les chambres, le espace de vie extérieur sur le toit étaient tous parfaits pour un séjour relaxant et mémorable à Florence.",positive,thiet_bi_day_hoc
7003,Cela valait quand même le déplacement jusqu'au restaurant juste pour prendre des photos.,neutral,thiet_bi_day_hoc
7004,"Nous sommes invités à l'hôtel , le stationnement devrait être gratuit !!!",neutral,thiet_bi_day_hoc
7005,"Super hôtel au milieu de nulle part J'ai séjourné ici pendant un long week-end et j'ai été très impressionné par l'hôtel, moderne, amusant et de grandes chambres bien qu'il y ait un petit centre de conférence",positive,thiet_bi_day_hoc
7006,"Le meilleur hôtel dans lequel nous ayons séjourné Cet hôtel est absolument superbe - emplacement parfait (10 min à pied de la principale rue commerçante et 15 à 20 min à pied de la Cité interdite / place Tian'anmen) ; très efficace, serviable et sympathique personnel qui parle bien anglais ; et les chambres / installations de loisirs sont excellentes.",positive,thiet_bi_day_hoc
7007,"La piscine ne vaut pas la peine d'être prise en compte dans votre choix d'hôtel car elle est minuscule, mais il y a une belle terrasse sur le toit.",negative,thiet_bi_day_hoc
7007,"La piscine ne vaut pas la peine d'être prise en compte dans votre choix d'hôtel car elle est minuscule, mais il y a une belle terrasse sur le toit.",positive,thiet_bi_day_hoc
7008,"N'oubliez pas d'aller au Casino, vous allez adorer !",positive,thiet_bi_day_hoc
7009,"Le seul inconvénient pour moi, c'est que nous l'avons utilisé comme base et n'avons pas pu apprécier les installations.",negative,thiet_bi_day_hoc
7010,Les installations sont très bien pour un 2,positive,thiet_bi_day_hoc
7011,La piscine au sous-sol était parfaite pour se détendre avant les dîners tardifs en ville.,positive,thiet_bi_day_hoc
7013,"site web ) . Le lit est terriblement confortable, vous avez un bar gratuit, plein de rafraîchissements et de quelques collations, les produits de toilette sont de Lanvin .",positive,thiet_bi_day_hoc
7014,Le principal bonus était la piscine . . .,positive,thiet_bi_day_hoc
7015,"Super installations - mais gardez un œil sur les tarifs réduits Star City offre une commodité 24h/24 et 7j/7 grâce au casino attenant, mais les chambres elles-mêmes sont un peu fatiguées.",positive,thiet_bi_day_hoc
7015,"Super installations - mais gardez un œil sur les tarifs réduits Star City offre une commodité 24h/24 et 7j/7 grâce au casino attenant, mais les chambres elles-mêmes sont un peu fatiguées.",neutral,thiet_bi_day_hoc
7016,"Superbes vues sur le port / la ville, super service, super hôtel, super chambre, super nourriture, super bar, super installations, super emplacement, propre, confortable, moderne et le personnel était toujours aussi serviable qu'il pouvait l'être.",positive,thiet_bi_day_hoc
8453,Great video great lecture great professor.,positive,ky_nang_giang_day
8453,Great video great lecture great professor.,positive,chuong_trinh_hoc
8453,Great video great lecture great professor.,positive,chuong_trinh_hoc
8538,Thank you Professor StrangThank you MIT OCW2022/08/07,positive,ky_nang_giang_day
9322,¿Por qué y^Tx es igual a 1?,neutral,kien_thuc
9493,"Ce cours est excellent, tellement nécessaire dans le monde moderne.",positive,chuong_trinh_hoc
9494,"Après avoir visionné la vidéo 3blue1brown sur la dualité, je vois simplement xT*A*x comme le résultat de l'application d'une transformation linéaire à un vecteur x, puis de la projection de ce nouveau vecteur sur x ; si les vecteurs pointent toujours « dans la même direction », c'est-à-dire que la projection est positive, alors A est défini positif",neutral,chuong_trinh_hoc
9495,@[USERNAME]Merci mec ! C'était une très bonne explication :),positive,chuong_trinh_hoc
9496,Ce mec est génial ! J'ai vraiment apprécié les conférences.,positive,ky_nang_giang_day
9496,Ce mec est génial ! J'ai vraiment apprécié les conférences.,positive,chuong_trinh_hoc
9497,"Mon Dieu, arrête de bouger la caméra :<",negative,thiet_bi_day_hoc
9498,"Einstein n'a pas pu le faire, mais... Gilbert peut le faire !",positive,ky_nang_giang_day
9498,"Einstein n'a pas pu le faire, mais... Gilbert peut le faire !",negative,ky_nang_giang_day
9499,"J'ai suivi un cours intensif sur l'algèbre de Lin qui calculait uniquement ces éléments. Je connaissais toutes les étapes. Mais est-ce que je le savais vraiment ? Maintenant, je le sais. Merci Gilbert Strang. Je m'efforce de faire TOUS vos cours que vous avez disponibles sur Internet. Dans quel monde remarquable vivons-nous aujourd'hui.",positive,ky_nang_giang_day
9499,"J'ai suivi un cours intensif sur l'algèbre de Lin qui calculait uniquement ces éléments. Je connaissais toutes les étapes. Mais est-ce que je le savais vraiment ? Maintenant, je le sais. Merci Gilbert Strang. Je m'efforce de faire TOUS vos cours que vous avez disponibles sur Internet. Dans quel monde remarquable vivons-nous aujourd'hui.",positive,chuong_trinh_hoc
9500,Tant d'amour et de respect pour Prof. Strang ! Merci beaucoup !,positive,ky_nang_giang_day
9501,Non merci. Je suis d'accord avec Calcul,positive,kien_thuc
9502,"19:16, pourquoi toutes les matrices 5x5 sont-elles dans un espace vectoriel de dimension 2 : 25 ?",neutral,kien_thuc
9502,"19:16, pourquoi toutes les matrices 5x5 sont-elles dans un espace vectoriel de dimension 2 : 25 ?",neutral,kien_thuc
9503,Il est amusant. Il rend la conférence intéressante,positive,ky_nang_giang_day
9503,Il est amusant. Il rend la conférence intéressante,positive,chuong_trinh_hoc
9504,"4:28 Mon Dieu, n'est-ce pas faux ? Ne devrait-il pas s'agir de x = 1 et y = 2 ? Y est correct mais x = -1 ne semble pas correct",neutral,kien_thuc
9504,"4:28 Mon Dieu, n'est-ce pas faux ? Ne devrait-il pas s'agir de x = 1 et y = 2 ? Y est correct mais x = -1 ne semble pas correct",neutral,kien_thuc
9504,"4:28 Mon Dieu, n'est-ce pas faux ? Ne devrait-il pas s'agir de x = 1 et y = 2 ? Y est correct mais x = -1 ne semble pas correct",neutral,kien_thuc
9504,"4:28 Mon Dieu, n'est-ce pas faux ? Ne devrait-il pas s'agir de x = 1 et y = 2 ? Y est correct mais x = -1 ne semble pas correct",neutral,kien_thuc
9505,"Ce type est incroyable professeur, j'ai appris l'algèbre linéaire avec lui, même si j'étais à l'université. Bisous du Brésil <3",positive,ky_nang_giang_day
9506,Enseigner n'est qu'un chèque de paie pour ce type.,negative,chuong_trinh_hoc
9506,Enseigner n'est qu'un chèque de paie pour ce type.,negative,ky_nang_giang_day
9507,Pourquoi dit-il que sa définition est ambiguë ? De quelle manière le fait de définir une fonction comme un sous-ensemble de AxB rend-il la définition moins ambiguë ?,neutral,kien_thuc
9508,"Bien sûr, ce sera facile pour un lycéen de comprendre ça. C'est le troisième cours... Les gens dans cette classe n'ont que des mathématiques de niveau lycée derrière eux.",positive,chuong_trinh_hoc
9508,"Bien sûr, ce sera facile pour un lycéen de comprendre ça. C'est le troisième cours... Les gens dans cette classe n'ont que des mathématiques de niveau lycée derrière eux.",positive,noi_chung
9509,Comment peut-il comparer somme des aires au volume ? Il est préférable d'utiliser n*(n+1*(2n+1)/6) pour représenter le somme de n^2 termes et de le comparer aux deux autres termes.,neutral,kien_thuc
9509,Comment peut-il comparer somme des aires au volume ? Il est préférable d'utiliser n*(n+1*(2n+1)/6) pour représenter le somme de n^2 termes et de le comparer aux deux autres termes.,neutral,kien_thuc
9509,Comment peut-il comparer somme des aires au volume ? Il est préférable d'utiliser n*(n+1*(2n+1)/6) pour représenter le somme de n^2 termes et de le comparer aux deux autres termes.,neutral,kien_thuc
9510,"celui-ci cours couvre la plupart de mon module de mathématiques et d'ingénierie de contrôle. les gars, un génie",positive,chuong_trinh_hoc
9510,"celui-ci cours couvre la plupart de mon module de mathématiques et d'ingénierie de contrôle. les gars, un génie",positive,ky_nang_giang_day
9511,ce mec est tellement cool,positive,ky_nang_giang_day
9512,Je suis étudiant en ingénierie dans une université de deux ans dont je ne dirai pas le nom. Je peux suivre ce cours le cours de cet homme au MIT bien mieux que n'importe quel autre cours le professeur de mathématiques que j'ai eu au collège... Allez comprendre.,positive,chuong_trinh_hoc
9512,Je suis étudiant en ingénierie dans une université de deux ans dont je ne dirai pas le nom. Je peux suivre ce cours le cours de cet homme au MIT bien mieux que n'importe quel autre cours le professeur de mathématiques que j'ai eu au collège... Allez comprendre.,negative,ky_nang_giang_day
9513,"Pour les curieux, la loi des cosinus est aussi appelée « loi d’Al-Kashi » (en France et dans le monde arabe et persan). Al Kashi était un mathématicien persan (je vous encourage à consulter sa page wikipedia). Super cours ! J’ai été vraiment surpris de voir que ce qu’on enseigne aux étudiants syriens en 11e année, les Américains l’apprennent à l’université. Pour ceux qui viennent d’autres pays, quand avez-vous appris le produit scalaire ? Juste par curiosité",positive,chuong_trinh_hoc
9514,"11:41""Les lignes de C sont des combinaisons de lignes de B.""Mais cela ne fonctionne que pour les matrices carrées, n'est-ce pas ?",neutral,kien_thuc
9515,"Cette vidéo s'arrête à plusieurs reprises vers 20 h 00. J'espérais attraper la révision qui était sur le point de commencer ici, puis revenir aux problèmes du manuel. De plus, je n'arrive pas à attraper la leçon 8 dans mon navigateur ; c'est un autre problème.",positive,chuong_trinh_hoc
9516,"Le problème est que Calcul semble difficile au début, mais ensuite, lorsque vous passez à des cours de niveau supérieur, vous réalisez que Calcul n'est qu'une introduction aux mathématiques de niveau supérieur. Mes mathématiques préférées ont toujours été Équations différentielles.",neutral,kien_thuc
9516,"Le problème est que Calcul semble difficile au début, mais ensuite, lorsque vous passez à des cours de niveau supérieur, vous réalisez que Calcul n'est qu'une introduction aux mathématiques de niveau supérieur. Mes mathématiques préférées ont toujours été Équations différentielles.",positive,kien_thuc
9517,Je pense qu'il vaut mieux d'abord regarder l'incroyable vidéo TA Linan Chen puis revenir et regarder celle-ci conférence,positive,ky_nang_giang_day
9517,Je pense qu'il vaut mieux d'abord regarder l'incroyable vidéo TA Linan Chen puis revenir et regarder celle-ci conférence,positive,chuong_trinh_hoc
9518,Heyyy arrête de bouger la caméra,negative,thiet_bi_day_hoc
9519,5:14 combien de rangées  un homme doit-il parcourir.,neutral,kien_thuc
9520,Chers amis : des livres à recommander pour accompagner cet excellent cours ? Merci,positive,de_xuat
9521,"son enseignement est rigoureux, précis, strict et concis, va à l'essentiel, m'aide à clarifier la compréhension trouble en statistique.",positive,chuong_trinh_hoc
9522,Quel livre Gilbert est-il en train de lire ? Quelqu'un peut-il me donner le nom ? Je viens d'Inde et je suis sur le point de poursuivre mes études de master et j'ai besoin de ce cours (1),neutral,chuong_trinh_hoc
9523,Ce type est le M. Rogers de algèbre linéaire.,positive,ky_nang_giang_day
9523,Ce type est le M. Rogers de algèbre linéaire.,positive,kien_thuc
9523,Ce type est le M. Rogers de algèbre linéaire.,positive,noi_chung
9524,La différence  entre le département EE et le département Math est que le EE commence à compter à 0 et le Math à 1... paraphrasé à 18:10. Cela m'a fait rire.,neutral,kien_thuc
9525,Très utile pour les futurs étudiants ! Super travail ! Merci !,positive,chuong_trinh_hoc
9525,Très utile pour les futurs étudiants ! Super travail ! Merci !,positive,ky_nang_giang_day
9526,enfin tout ce qui a été dit dans les deux derniers cours cours se met en place. Je comprends enfin !,positive,chuong_trinh_hoc
9527,Mdr. Le « R » dans l’équation du gaz idéal n’est pas un « rayon ».,neutral,kien_thuc
9528,"Magnifique conférence, tout simplement magnifique. Prof. Strang dessine la beauté de Algèbre linéaire sur un tableau noir.",positive,chuong_trinh_hoc
9528,"Magnifique conférence, tout simplement magnifique. Prof. Strang dessine la beauté de Algèbre linéaire sur un tableau noir.",positive,ky_nang_giang_day
9528,"Magnifique conférence, tout simplement magnifique. Prof. Strang dessine la beauté de Algèbre linéaire sur un tableau noir.",positive,thiet_bi_day_hoc
9528,"Magnifique conférence, tout simplement magnifique. Prof. Strang dessine la beauté de Algèbre linéaire sur un tableau noir.",neutral,kien_thuc
9529,"ces premiers mots ""la dernière classe  en algèbre linéaire à MIT cet automne"" vous rendent déjà nostalgique :'(",neutral,chuong_trinh_hoc
9529,"ces premiers mots ""la dernière classe  en algèbre linéaire à MIT cet automne"" vous rendent déjà nostalgique :'(",neutral,kien_thuc
9529,"ces premiers mots ""la dernière classe  en algèbre linéaire à MIT cet automne"" vous rendent déjà nostalgique :'(",neutral,noi_chung
9530,"je regarde toutes les conférences à 1,25x mais pas ce type. il est rapide.",neutral,chuong_trinh_hoc
9530,"je regarde toutes les conférences à 1,25x mais pas ce type. il est rapide.",neutral,ky_nang_giang_day
9531,"Ce type est incroyable... Quand professeurs ont enseigné cela à mon université, tout s'est passé comme prévu...",positive,ky_nang_giang_day
9531,"Ce type est incroyable... Quand professeurs ont enseigné cela à mon université, tout s'est passé comme prévu...",positive,ky_nang_giang_day
9532,Meilleur explication pour la famille exponentielle,positive,kien_thuc
9533,les solutions non triviales n'existent pas pour matrice nxn si leurs colonnes sont linéairement indépendantes,neutral,kien_thuc
9533,les solutions non triviales n'existent pas pour matrice nxn si leurs colonnes sont linéairement indépendantes,neutral,kien_thuc
9533,les solutions non triviales n'existent pas pour matrice nxn si leurs colonnes sont linéairement indépendantes,neutral,kien_thuc
9534,"Merci pour vous vidéos et notes de cours. J'aimerais pouvoir faire un don, mais peut-être que si je réussis dans ce domaine, je gagnerai un meilleur salaire par la grâce d'Allah.",positive,chuong_trinh_hoc
9534,"Merci pour vous vidéos et notes de cours. J'aimerais pouvoir faire un don, mais peut-être que si je réussis dans ce domaine, je gagnerai un meilleur salaire par la grâce d'Allah.",positive,thiet_bi_day_hoc
9535,"je demande à notre cher frère de vous préserver, vous et toute votre famille. Et merci au MIT Open Courseware pour tout.",positive,chuong_trinh_hoc
9536,"Surpris que Prof. Gilbert ait pu terminer cette conférence sans aucun choc, ce qui montre à quel point il est professionnel",positive,ky_nang_giang_day
9536,"Surpris que Prof. Gilbert ait pu terminer cette conférence sans aucun choc, ce qui montre à quel point il est professionnel",positive,chuong_trinh_hoc
9537,Comment arrives-tu à choisir un nombre aléatoire pour x ? comme x=0. Comment est-ce possible ? Qu'est-ce qui me manque ?,negative,kien_thuc
9537,Comment arrives-tu à choisir un nombre aléatoire pour x ? comme x=0. Comment est-ce possible ? Qu'est-ce qui me manque ?,negative,kien_thuc
9538,Merci pour vos leçons !,positive,ky_nang_giang_day
9538,Merci pour vos leçons !,positive,chuong_trinh_hoc
9539,C'est une vidéo incroyable  ! Voici mon tutoriel sur Descente de gradient stochastique avec une explication du code (en python). J'espère que cela pourra également vous être utile. https://youtu.be/uXuBUkW_0tA,positive,chuong_trinh_hoc
9539,C'est une vidéo incroyable  ! Voici mon tutoriel sur Descente de gradient stochastique avec une explication du code (en python). J'espère que cela pourra également vous être utile. https://youtu.be/uXuBUkW_0tA,neutral,kien_thuc
9540,"Pourquoi donnez-vous comme exemple hauteur, en min 40, si on sait que c'est une variable continue et qu'on parle de variables discrètes ? S'il vous plaît, corrigez mes idées si j'ai mal compris quelque chose",neutral,kien_thuc
9541,"Excellent cours magistral, très visuel et conceptuel explications, très apprécié !",positive,chuong_trinh_hoc
9541,"Excellent cours magistral, très visuel et conceptuel explications, très apprécié !",positive,kien_thuc
9542,"Après trois ans ou plus d'études algèbre linéaire, j'ai finalement compris le sens fondamental de SVD ... il m'a vraiment fallu un très long chemin pour arriver ici... Merci Dr. Strang.",positive,ky_nang_giang_day
9542,"Après trois ans ou plus d'études algèbre linéaire, j'ai finalement compris le sens fondamental de SVD ... il m'a vraiment fallu un très long chemin pour arriver ici... Merci Dr. Strang.",neutral,kien_thuc
9542,"Après trois ans ou plus d'études algèbre linéaire, j'ai finalement compris le sens fondamental de SVD ... il m'a vraiment fallu un très long chemin pour arriver ici... Merci Dr. Strang.",neutral,kien_thuc
9543,"Super, alors je suppose que vous avez au moins parcouru les cours de mathématiques  que le MIT propose réellement ? Il s'agit d'un cours  que vous devrez peut-être suivre ou non en fonction des circonstances individuelles et de votre domaine d'intérêt. Ce matériel et 18.03 Équations différentielles sont suffisants pour une grande partie de la physique, donc cela n'a pas vraiment d'importance quand vous le couvrez réellement tant que vous finissez par le connaître.",neutral,chuong_trinh_hoc
9544,Quelqu'un peut-il m'expliquer comment il a écrit le inverses à 21:42,neutral,kien_thuc
9545,Physique gratuite aperçu ! Mon préféré !,positive,chuong_trinh_hoc
9546,Superbe clarté.de renommée mondiale professeur de mathématiques.voyez comme il agit sur la scène qu'on devrait inspirer.je vous honore des talons.,positive,thiet_bi_day_hoc
9546,Superbe clarté.de renommée mondiale professeur de mathématiques.voyez comme il agit sur la scène qu'on devrait inspirer.je vous honore des talons.,positive,ky_nang_giang_day
9547,Gill devient sauvage sur Trig 2:30,positive,ky_nang_giang_day
9548,"oh mon dieu... c'est tout simplement incroyable, merci MIT, merci professeur Strang",positive,ky_nang_giang_day
9549,La façon dont il relie le flux d'idées..........,positive,ky_nang_giang_day
9550,"haha il a lancé à ces enfants le regard ""je vous déteste et je suis sur le point de vous tuer... oh merde, je suis filmé""",neutral,ky_nang_giang_day
9551,mdr je suis ici parce que mon calc3 professeur à Purdue a donné les pires conférences de révision de cours de TOUS LES TEMPS !! Je vais créer un compte ratemyprofesor juste pour parler de lui,negative,ky_nang_giang_day
9552,42:34 quelqu'un peut-il expliquer à nouveau la question de probabilité s'il vous plaît ?,neutral,kien_thuc
9553,"Oh mon Dieu, bâtonnets de fromage !!! J'ai effectivement compris (une partie de) ce qu'il disait. Félicitations au professeur !!!",positive,ky_nang_giang_day
9554,Je regarde 3 de ses cours (dont 1 en conférence) chaque semaine. C'est incroyable.,positive,chuong_trinh_hoc
9555,je peux réellement comprendre ça ! youhou !,positive,chuong_trinh_hoc
9556,Bien cours mais ce type est un peu un con.,positive,chuong_trinh_hoc
9556,Bien cours mais ce type est un peu un con.,negative,ky_nang_giang_day
9557,"Merci également de ma part. J'ai vraiment apprécié cela séries et j'ai bien appris algèbre linéaire, qui est maintenant ma branche préférée des mathématiques.",positive,thiet_bi_day_hoc
9557,"Merci également de ma part. J'ai vraiment apprécié cela séries et j'ai bien appris algèbre linéaire, qui est maintenant ma branche préférée des mathématiques.",positive,chuong_trinh_hoc
9558,"Les mathématiques ne se limitent pas aux formules et à l'algèbre, elles sont une question de compréhension et de processus de réflexion, et c'est ce qui les rend magnifiques. Merci Prof Gilbert Strang pour ces merveilleuses conférences",positive,ky_nang_giang_day
9559,Beauté pure. Je viens de terminer ce cours juste pour le plaisir de très bien expliqué mathématiques. Merci beaucoup prof. Auroux et MIT. Que Dieu vous bénisse.,positive,chuong_trinh_hoc
9559,Beauté pure. Je viens de terminer ce cours juste pour le plaisir de très bien expliqué mathématiques. Merci beaucoup prof. Auroux et MIT. Que Dieu vous bénisse.,positive,ky_nang_giang_day
9559,Beauté pure. Je viens de terminer ce cours juste pour le plaisir de très bien expliqué mathématiques. Merci beaucoup prof. Auroux et MIT. Que Dieu vous bénisse.,positive,noi_chung
9559,Beauté pure. Je viens de terminer ce cours juste pour le plaisir de très bien expliqué mathématiques. Merci beaucoup prof. Auroux et MIT. Que Dieu vous bénisse.,positive,kien_thuc
9560,"grandeur du produit vectoriel est le aire. Mais comment puis-je trouver le grandeur d'un vecteur qui a trois composantes i, j, k ?",neutral,kien_thuc
9560,"grandeur du produit vectoriel est le aire. Mais comment puis-je trouver le grandeur d'un vecteur qui a trois composantes i, j, k ?",neutral,kien_thuc
9560,"grandeur du produit vectoriel est le aire. Mais comment puis-je trouver le grandeur d'un vecteur qui a trois composantes i, j, k ?",neutral,kien_thuc
9560,"grandeur du produit vectoriel est le aire. Mais comment puis-je trouver le grandeur d'un vecteur qui a trois composantes i, j, k ?",neutral,kien_thuc
9561,"18:09 pourquoi la plage r de r va de 0 à 1 ? Je pense que la définition de S dans ce problème pr doit être clarifiée. S doit être un aboloïde par de z = x^2 + y^2 entre z=0 et z=1. C'est un peu déroutant de dire simplement ""au-dessus du disque unité"".",negative,kien_thuc
9561,"18:09 pourquoi la plage r de r va de 0 à 1 ? Je pense que la définition de S dans ce problème pr doit être clarifiée. S doit être un aboloïde par de z = x^2 + y^2 entre z=0 et z=1. C'est un peu déroutant de dire simplement ""au-dessus du disque unité"".",negative,kien_thuc
9562,"Algèbre linéaire inutile ? Petit idiot, l'ordinateur sur lequel tu écris ce commentaire n'existerait pas sans elle... bon sang, rien dans le monde moderne ne fonctionne sans l'algèbre linéaire utilisée en arrière-plan. Apprends quelque chose avant de partager ton manque de connaissances.",positive,kien_thuc
9563,C'était une leçon beaucoup plus facile cours que les précédentes. Dieu merci pour la pause.,positive,chuong_trinh_hoc
9564,"La beauté du calcul est que la machinerie elle-même n'est pas compliquée, les outils sont limités, mais la portée et l'application ont été aussi larges que l'imagination de l'humanité. Il suffit de développer l'intuition et tout est facile alors, bien conférences par OCW, comme toujours",positive,chuong_trinh_hoc
9565,C'est génial ! Merci professeur !,positive,ky_nang_giang_day
9565,C'est génial ! Merci professeur !,positive,chuong_trinh_hoc
9566,Merci beaucoup Dr. Strang d'avoir rendu cela intuitif et naturel. Je n'avais parcouru SVD que par petits bouts et je n'avais jamais eu ce que je pouvais considérer comme une compréhension suffisamment bonne jusqu'à ce que je voie ceci conférence.,positive,ky_nang_giang_day
9566,Merci beaucoup Dr. Strang d'avoir rendu cela intuitif et naturel. Je n'avais parcouru SVD que par petits bouts et je n'avais jamais eu ce que je pouvais considérer comme une compréhension suffisamment bonne jusqu'à ce que je voie ceci conférence.,positive,kien_thuc
9566,Merci beaucoup Dr. Strang d'avoir rendu cela intuitif et naturel. Je n'avais parcouru SVD que par petits bouts et je n'avais jamais eu ce que je pouvais considérer comme une compréhension suffisamment bonne jusqu'à ce que je voie ceci conférence.,positive,chuong_trinh_hoc
9567,"J'ai l'impression de bien connaître tout ce qui se trouve dans cours, mais lorsque je m'assois pour faire les exercices, je n'arrive pas à résoudre la plupart d'entre eux. Est-ce que ça vaut la peine de continuer ?",positive,chuong_trinh_hoc
9567,"J'ai l'impression de bien connaître tout ce qui se trouve dans cours, mais lorsque je m'assois pour faire les exercices, je n'arrive pas à résoudre la plupart d'entre eux. Est-ce que ça vaut la peine de continuer ?",negative,noi_chung
9567,"J'ai l'impression de bien connaître tout ce qui se trouve dans cours, mais lorsque je m'assois pour faire les exercices, je n'arrive pas à résoudre la plupart d'entre eux. Est-ce que ça vaut la peine de continuer ?",negative,chuong_trinh_hoc
9568,"À partir de 20h00 environ, le professeur n'a pas expliqué clairement comment il avait changé dx.dy en r.dr.d(theta). Quelqu'un pourrait-il m'aider ? Je veux dire, montrez-moi étape par étape. Je vous en serais très reconnaissant. [iminent=aqC6F9gUWfOB] Les attitudes nobles méritent d'être reconnues.",neutral,ky_nang_giang_day
9568,"À partir de 20h00 environ, le professeur n'a pas expliqué clairement comment il avait changé dx.dy en r.dr.d(theta). Quelqu'un pourrait-il m'aider ? Je veux dire, montrez-moi étape par étape. Je vous en serais très reconnaissant. [iminent=aqC6F9gUWfOB] Les attitudes nobles méritent d'être reconnues.",neutral,kien_thuc
9568,"À partir de 20h00 environ, le professeur n'a pas expliqué clairement comment il avait changé dx.dy en r.dr.d(theta). Quelqu'un pourrait-il m'aider ? Je veux dire, montrez-moi étape par étape. Je vous en serais très reconnaissant. [iminent=aqC6F9gUWfOB] Les attitudes nobles méritent d'être reconnues.",neutral,kien_thuc
9569,Merci à le professeur Strang et à toute l'équipe du MIT pour avoir fourni gratuitement l'un des meilleurs contenus. J'ai terminé le voyage aujourd'hui.,positive,ky_nang_giang_day
9569,Merci à le professeur Strang et à toute l'équipe du MIT pour avoir fourni gratuitement l'un des meilleurs contenus. J'ai terminé le voyage aujourd'hui.,positive,noi_chung
9570,"Depuis 10h40 le professeur a changé la notation, n'est-ce pas ? Je pense qu'il échange la notation de g(.) et b(.).",neutral,ky_nang_giang_day
9570,"Depuis 10h40 le professeur a changé la notation, n'est-ce pas ? Je pense qu'il échange la notation de g(.) et b(.).",neutral,kien_thuc
9570,"Depuis 10h40 le professeur a changé la notation, n'est-ce pas ? Je pense qu'il échange la notation de g(.) et b(.).",neutral,kien_thuc
9571,"Mon Dieu, j’aime ta façon d’enseigner !",positive,ky_nang_giang_day
9572,"après 10 ans, je ne comprends toujours pas clairement pourquoi la dimension de espace nul est n-r...",neutral,kien_thuc
9573,Quelqu'un peut-il me dire pourquoi à 7h50 la seconde ∆x tend vers 1 et non vers zéro s'il vous plaît ?,neutral,kien_thuc
9574,"J'aimerais bien que mon université ait ça tableaux noirs. Non, je plaisante, le MIT est génial ! J'aimerais bien avoir ça professeur !",positive,ky_nang_giang_day
9574,"J'aimerais bien que mon université ait ça tableaux noirs. Non, je plaisante, le MIT est génial ! J'aimerais bien avoir ça professeur !",positive,thiet_bi_day_hoc
9575,"Je suis heureux de voir ces cours magistraux. Cela aurait été un honneur d'être enseigné par ce professeur ! Beaucoup de choses ont du sens aujourd'hui, ce qui n'avait pas de sens quand j'allais à l'université il y a dix ans.",positive,chuong_trinh_hoc
9575,"Je suis heureux de voir ces cours magistraux. Cela aurait été un honneur d'être enseigné par ce professeur ! Beaucoup de choses ont du sens aujourd'hui, ce qui n'avait pas de sens quand j'allais à l'université il y a dix ans.",positive,ky_nang_giang_day
9576,Les enfants ont vu pour la première fois cycloïde et les étudiants JEE en INDE s'en souviennent après avoir résolu les questions de ROTATION :),positive,thiet_bi_day_hoc
9578,J'ai réussi suffisamment d'examens de mathématiques et d'autres matières. J'ai quitté les cours parce que les autres les étudiants et les professeurs sont fous,negative,noi_chung
9578,J'ai réussi suffisamment d'examens de mathématiques et d'autres matières. J'ai quitté les cours parce que les autres les étudiants et les professeurs sont fous,negative,ky_nang_giang_day
9579,J'ai vraiment apprécié cela conférence ; cela m'a aidé à comprendre la double intégration par visualisation parfaite... merci prof.,positive,chuong_trinh_hoc
9579,J'ai vraiment apprécié cela conférence ; cela m'a aidé à comprendre la double intégration par visualisation parfaite... merci prof.,positive,ky_nang_giang_day
9580,"Quelle est la question à 30:51 ? Oh, et le mot Parallélipipede semble drôle.",positive,kien_thuc
9581,"Je n'ai aucun doute que cet homme est un génie de l'algèbre linéaire, mais je n'ai aucune idée de ce dont il parle. Sa manière) de parler n'est pas linéaire.",negative,ky_nang_giang_day
9582,Est-ce qu'il y a une suite ? Comme Algèbre linéaire 2 ?,neutral,kien_thuc
9583,C'est la manière la plus correcte manière d'apprendre l'algèbre linéaire. Établir sens direct mais ne pas être enterré sous des milliers de définition et preuve.,negative,kien_thuc
9583,C'est la manière la plus correcte manière d'apprendre l'algèbre linéaire. Établir sens direct mais ne pas être enterré sous des milliers de définition et preuve.,positive,chuong_trinh_hoc
9583,C'est la manière la plus correcte manière d'apprendre l'algèbre linéaire. Établir sens direct mais ne pas être enterré sous des milliers de définition et preuve.,positive,noi_chung
9584,"Bon sang, c'est une excellente conférence... comment se connecter d'une manière ou d'une autre au problème des moindres carrés par l'interprétation de algèbre linéaire pure sans utiliser le calcul. Quelle illumination.",positive,chuong_trinh_hoc
9584,"Bon sang, c'est une excellente conférence... comment se connecter d'une manière ou d'une autre au problème des moindres carrés par l'interprétation de algèbre linéaire pure sans utiliser le calcul. Quelle illumination.",positive,kien_thuc
9585,"sympa conférence, merci monsieur auroux",positive,chuong_trinh_hoc
9585,"sympa conférence, merci monsieur auroux",positive,ky_nang_giang_day
9586,MDR en votant sur la formule somme des sinus,positive,kien_thuc
9587,Il est utile d'en avoir une vue géométrique. Super cours !,positive,chuong_trinh_hoc
9588,neuf personnes ont accidentellement raté le bouton J'aime de quelques centimètres,positive,chuong_trinh_hoc
9589,Qu'est-ce qui se passe avec ces satanés abrutis qui arrivent avec 14 minutes de retard et commencent à déplacer les meubles et à fermer et défaire leurs foutus sacs à dos ? J'aurais aimé que Strang ait un peu de Sadoway en lui et qu'il jette ces crétins arrogants dehors.,negative,ky_nang_giang_day
9590,"Pour tous ceux qui ne comprennent pas pourquoi u[t] = exp(At* u[0]) est affiché ici, une vidéo réalisée par @3Blue1Brown l'explique très bien :Titre : « Comment (et pourquoi) élever e à la puissance d'une matrice | DE6 »Lien : https://www.youtube.com/watch?v=O85OWBJ2ayo&list=PLZHQObOWTQDNPOjrT6KVlfJuKtYTftqH6&index=7&ab_channel=3Blue1BrownJ'espère que cela pourra vous aider~",positive,ky_nang_giang_day
9590,"Pour tous ceux qui ne comprennent pas pourquoi u[t] = exp(At* u[0]) est affiché ici, une vidéo réalisée par @3Blue1Brown l'explique très bien :Titre : « Comment (et pourquoi) élever e à la puissance d'une matrice | DE6 »Lien : https://www.youtube.com/watch?v=O85OWBJ2ayo&list=PLZHQObOWTQDNPOjrT6KVlfJuKtYTftqH6&index=7&ab_channel=3Blue1BrownJ'espère que cela pourra vous aider~",neutral,kien_thuc
9591,"Si j'avais des tatouages, je ferais un tatouage avec le nom de Gilbert Strang dessus :) Un gars incroyable, incroyable une conférence, incroyable MIT",positive,ky_nang_giang_day
9591,"Si j'avais des tatouages, je ferais un tatouage avec le nom de Gilbert Strang dessus :) Un gars incroyable, incroyable une conférence, incroyable MIT",positive,chuong_trinh_hoc
9592,"J'ai acheté le livre Linear Algebra and Learning from Data, il est utilisé comme notes de cours pour la série de cours. Je pourrais l'emprunter gratuitement à la bibliothèque de mon université, mais je pense vraiment que c'est un livre qui vaut la peine d'être conservé et je veux montrer mon respect à Dr. Strang pour avoir partagé sa sagesse de manière désintéressée, merci professeur.",positive,ky_nang_giang_day
9593,"Wow, MIT est génial de mettre ça sur YouTube.",positive,chuong_trinh_hoc
9593,"Wow, MIT est génial de mettre ça sur YouTube.",positive,noi_chung
9594,"Conférencier : « En fait, j'ai tendance à parler plus vite, donc j'espère que vous comprenez tous. » Moi : jouer à une vitesse 2x",neutral,ky_nang_giang_day
9595,"Cela montre que vous pouvez être une personne brillante mais un professeur nul. MIT ou pas, je vais m'en tenir à Khan Academy.",negative,chuong_trinh_hoc
9595,"Cela montre que vous pouvez être une personne brillante mais un professeur nul. MIT ou pas, je vais m'en tenir à Khan Academy.",negative,chuong_trinh_hoc
9596,Tout simplement phénoménal professeur et cours. J'ai regardé quelques cours pour aider l'un de mes enfants dans son calcul cours et j'ai fini par faire tout le cours parce que c'était tellement agréable. AGRÉABLE ! Excellent travail MIT. L'effort que vous mettez dans ces cours OCW (2 :) est vraiment apprécié.,positive,ky_nang_giang_day
9596,Tout simplement phénoménal professeur et cours. J'ai regardé quelques cours pour aider l'un de mes enfants dans son calcul cours et j'ai fini par faire tout le cours parce que c'était tellement agréable. AGRÉABLE ! Excellent travail MIT. L'effort que vous mettez dans ces cours OCW (2 :) est vraiment apprécié.,positive,chuong_trinh_hoc
9596,Tout simplement phénoménal professeur et cours. J'ai regardé quelques cours pour aider l'un de mes enfants dans son calcul cours et j'ai fini par faire tout le cours parce que c'était tellement agréable. AGRÉABLE ! Excellent travail MIT. L'effort que vous mettez dans ces cours OCW (2 :) est vraiment apprécié.,positive,chuong_trinh_hoc
9597,Super les cours ! J'ai eu la chance de suivre le cours de le professeur Strang en ligne.,positive,chuong_trinh_hoc
9597,Super les cours ! J'ai eu la chance de suivre le cours de le professeur Strang en ligne.,positive,ky_nang_giang_day
9598,"s'il vous plaît, publiez le cours d'introduction aux probabilités ! :D merci pour les vidéos d'ailleurs !",positive,chuong_trinh_hoc
9599,37:13 Quelqu'un peut-il me dire pourquoi c'est comme ça ? (-1/pente de la tangente),neutral,kien_thuc
9600,"C'est vrai... la prochaine génération sera beaucoup plus intelligente que nous... parce qu'à terme, chaque majeure université fera OCW... et les étudiants pourront écouter de nombreux professeurs différents sur le même sujet",neutral,noi_chung
9600,"C'est vrai... la prochaine génération sera beaucoup plus intelligente que nous... parce qu'à terme, chaque majeure université fera OCW... et les étudiants pourront écouter de nombreux professeurs différents sur le même sujet",neutral,noi_chung
9600,"C'est vrai... la prochaine génération sera beaucoup plus intelligente que nous... parce qu'à terme, chaque majeure université fera OCW... et les étudiants pourront écouter de nombreux professeurs différents sur le même sujet",neutral,ky_nang_giang_day
9601,"DR. Strang, c'est une conférence géniale  qui démontre la puissance de numérique algèbre linéaire. La théorie du contrôle/ingénierie utilise une quantité énorme d'algèbre linéaire pour résoudre les problèmes de type satellite. Les systèmes robotiques, qui font partie de l'ingénierie du contrôle, utilisent également une forte dose d'algèbre linéaire.",positive,chuong_trinh_hoc
9601,"DR. Strang, c'est une conférence géniale  qui démontre la puissance de numérique algèbre linéaire. La théorie du contrôle/ingénierie utilise une quantité énorme d'algèbre linéaire pour résoudre les problèmes de type satellite. Les systèmes robotiques, qui font partie de l'ingénierie du contrôle, utilisent également une forte dose d'algèbre linéaire.",positive,ky_nang_giang_day
9601,"DR. Strang, c'est une conférence géniale  qui démontre la puissance de numérique algèbre linéaire. La théorie du contrôle/ingénierie utilise une quantité énorme d'algèbre linéaire pour résoudre les problèmes de type satellite. Les systèmes robotiques, qui font partie de l'ingénierie du contrôle, utilisent également une forte dose d'algèbre linéaire.",positive,kien_thuc
9601,"DR. Strang, c'est une conférence géniale  qui démontre la puissance de numérique algèbre linéaire. La théorie du contrôle/ingénierie utilise une quantité énorme d'algèbre linéaire pour résoudre les problèmes de type satellite. Les systèmes robotiques, qui font partie de l'ingénierie du contrôle, utilisent également une forte dose d'algèbre linéaire.",positive,kien_thuc
9602,"c'est la partie la plus simple de calcmath qui devrait tester vos capacités de logique/résolution de problèmes, pas vos capacités de mémorisation",neutral,kien_thuc
9603,"en effet, ça a bouleversé mon monde ! écouter sa conférence est une sorte de plaisir !",positive,chuong_trinh_hoc
9604,Je trouve cela conférence un peu chaotique.,neutral,chuong_trinh_hoc
9605,J'adore le style de ce gars... Je n'arrive pas à trouver de vidéos sur leur site Web...,positive,ky_nang_giang_day
9606,comment avez-vous factorisé cette équation 19:53 différence ?,neutral,kien_thuc
9607,M. Strang ! Ahahaha si gentil à 43:10,positive,ky_nang_giang_day
9608,@[USERNAME]Je pense que ces statistiques sont vraies. Parce que je ne pense pas que les étudiants aient besoin de revoir une conférence qu'ils ont déjà suivie en direct à l'université pour une deuxième fois. Je pense que ces vidéos vidéos sont destinées aux autodidactes ou à ceux qui veulent se rafraîchir la mémoire. J'ai moi-même 25 ans et je ne suis pas étudiant.,neutral,chuong_trinh_hoc
9609,"qui diable peut mettre le bouton ""deslike"" dans ça ? c'est gratuit conférence, tu deviens malade et tu peux retrouver ce que tu as perdu ici !! merci MIT !",positive,chuong_trinh_hoc
9609,"qui diable peut mettre le bouton ""deslike"" dans ça ? c'est gratuit conférence, tu deviens malade et tu peux retrouver ce que tu as perdu ici !! merci MIT !",positive,noi_chung
9610,"Ces cours sont incroyables, merci beaucoup MIT OCW",positive,chuong_trinh_hoc
9610,"Ces cours sont incroyables, merci beaucoup MIT OCW",positive,noi_chung
9611,"Et alors s'il l'a oublié ? Mon professeur oublie beaucoup de formules, mais il est toujours une bête en intégration.",neutral,kien_thuc
9611,"Et alors s'il l'a oublié ? Mon professeur oublie beaucoup de formules, mais il est toujours une bête en intégration.",positive,kien_thuc
9611,"Et alors s'il l'a oublié ? Mon professeur oublie beaucoup de formules, mais il est toujours une bête en intégration.",positive,ky_nang_giang_day
9612,"Pourquoi a-t-il divisé (x^10-1) et (x^2-1) par (x-1) ? Quelqu'un peut-il m'expliquer cela, s'il vous plaît ? Je l'apprécierais vraiment. Merci ! :D <3",neutral,ky_nang_giang_day
9612,"Pourquoi a-t-il divisé (x^10-1) et (x^2-1) par (x-1) ? Quelqu'un peut-il m'expliquer cela, s'il vous plaît ? Je l'apprécierais vraiment. Merci ! :D <3",neutral,kien_thuc
9612,"Pourquoi a-t-il divisé (x^10-1) et (x^2-1) par (x-1) ? Quelqu'un peut-il m'expliquer cela, s'il vous plaît ? Je l'apprécierais vraiment. Merci ! :D <3",neutral,kien_thuc
9612,"Pourquoi a-t-il divisé (x^10-1) et (x^2-1) par (x-1) ? Quelqu'un peut-il m'expliquer cela, s'il vous plaît ? Je l'apprécierais vraiment. Merci ! :D <3",neutral,kien_thuc
9613,Au final pourquoi dit-il que matrice convertit l'équation différentielle du 5ème ordre en équation différentielle du 1er ordre ! il y a des ordres supérieurs dans le L.H.S...,neutral,kien_thuc
9614,"Je regarde juste par intérêt, mais il explique ça bien mieux que mon professeur le faisait quand j'allais encore à l'école...",positive,ky_nang_giang_day
9614,"Je regarde juste par intérêt, mais il explique ça bien mieux que mon professeur le faisait quand j'allais encore à l'école...",negative,ky_nang_giang_day
9615,"je viens d'avoir une note plutôt basse note dans ma classe, j'aurais aimé passer plus de temps à regarder ses vidéos...",negative,noi_chung
9615,"je viens d'avoir une note plutôt basse note dans ma classe, j'aurais aimé passer plus de temps à regarder ses vidéos...",positive,chuong_trinh_hoc
9616,Ce mec est tellement mignon,positive,ky_nang_giang_day
9617,ces 9 personnes qui n'ont pas aimé ça vidéo...,negative,chuong_trinh_hoc
9618,"vers 14h04, concernant le flux, que se passe-t-il si courbe est également en mouvement ? comment aborder cela ?",neutral,kien_thuc
9619,"Cette conférence m'a fait mal au cerveau, probablement parce que je ne sais rien de la physique.",negative,chuong_trinh_hoc
9620,Prof. Alex : Le monde est Sylvester.Tweety : Hé ! Et moi ?,neutral,ky_nang_giang_day
9621,sympa conférence mais j'entends toujours produit COS plutôt que produit CROSS...,positive,chuong_trinh_hoc
9622,X²+y²+z²1 est l'équation de la sphère unité,neutral,kien_thuc
9622,X²+y²+z²1 est l'équation de la sphère unité,neutral,kien_thuc
9623,pourquoi nous considérons toujours une surface plane pour prouver que gradient est perpendiculaire à vecteur tangent à la surface... que se passe-t-il si la particule se déplace sur une surface qui n'a pas de valeur constante tout au long de son domaine de définition,neutral,kien_thuc
9623,pourquoi nous considérons toujours une surface plane pour prouver que gradient est perpendiculaire à vecteur tangent à la surface... que se passe-t-il si la particule se déplace sur une surface qui n'a pas de valeur constante tout au long de son domaine de définition,neutral,kien_thuc
9623,pourquoi nous considérons toujours une surface plane pour prouver que gradient est perpendiculaire à vecteur tangent à la surface... que se passe-t-il si la particule se déplace sur une surface qui n'a pas de valeur constante tout au long de son domaine de définition,neutral,kien_thuc
9623,pourquoi nous considérons toujours une surface plane pour prouver que gradient est perpendiculaire à vecteur tangent à la surface... que se passe-t-il si la particule se déplace sur une surface qui n'a pas de valeur constante tout au long de son domaine de définition,neutral,kien_thuc
9623,pourquoi nous considérons toujours une surface plane pour prouver que gradient est perpendiculaire à vecteur tangent à la surface... que se passe-t-il si la particule se déplace sur une surface qui n'a pas de valeur constante tout au long de son domaine de définition,neutral,kien_thuc
9623,pourquoi nous considérons toujours une surface plane pour prouver que gradient est perpendiculaire à vecteur tangent à la surface... que se passe-t-il si la particule se déplace sur une surface qui n'a pas de valeur constante tout au long de son domaine de définition,neutral,kien_thuc
9624,"L'une des raisons pour lesquelles j'aime vraiment ce génial professeur est qu'il efface toujours trois morceaux de tableau noir d'affilée, ce qui me donne la possibilité de sauter",positive,ky_nang_giang_day
9625,"Eh bien, c'est un cours de mathématiques terriblement peu instructif classe. Comment peut-on arriver au calcul multivariable sans une solide connaissance de la trigonométrie et de la géométrie vectorielle ?",negative,chuong_trinh_hoc
9626,"Lorsqu'il prouve que (1-cosθ/θ) tend vers 0 lorsque θ tend vers 0 dans l'interprétation géométrique, ne devrait-il pas utiliser 2θ à la place de θ, car il a dupliqué le thêta lorsqu'il l'a reflété sur ce qui semble être l'axe des x ? De plus, pourquoi semble-t-il utiliser ce qui me semble être sinθ (la ligne verte qui signifie la hauteur d'un point spécifique sur le cercle unité) lorsqu'il prouve que le numérateur de la fonction diminue significativement « plus vite » que le dénominateur, car θ devrait être la longueur de l'arc de 0 à un angle spécifique sur le cercle unité ?",negative,kien_thuc
9626,"Lorsqu'il prouve que (1-cosθ/θ) tend vers 0 lorsque θ tend vers 0 dans l'interprétation géométrique, ne devrait-il pas utiliser 2θ à la place de θ, car il a dupliqué le thêta lorsqu'il l'a reflété sur ce qui semble être l'axe des x ? De plus, pourquoi semble-t-il utiliser ce qui me semble être sinθ (la ligne verte qui signifie la hauteur d'un point spécifique sur le cercle unité) lorsqu'il prouve que le numérateur de la fonction diminue significativement « plus vite » que le dénominateur, car θ devrait être la longueur de l'arc de 0 à un angle spécifique sur le cercle unité ?",negative,kien_thuc
9626,"Lorsqu'il prouve que (1-cosθ/θ) tend vers 0 lorsque θ tend vers 0 dans l'interprétation géométrique, ne devrait-il pas utiliser 2θ à la place de θ, car il a dupliqué le thêta lorsqu'il l'a reflété sur ce qui semble être l'axe des x ? De plus, pourquoi semble-t-il utiliser ce qui me semble être sinθ (la ligne verte qui signifie la hauteur d'un point spécifique sur le cercle unité) lorsqu'il prouve que le numérateur de la fonction diminue significativement « plus vite » que le dénominateur, car θ devrait être la longueur de l'arc de 0 à un angle spécifique sur le cercle unité ?",neutral,ky_nang_giang_day
9626,"Lorsqu'il prouve que (1-cosθ/θ) tend vers 0 lorsque θ tend vers 0 dans l'interprétation géométrique, ne devrait-il pas utiliser 2θ à la place de θ, car il a dupliqué le thêta lorsqu'il l'a reflété sur ce qui semble être l'axe des x ? De plus, pourquoi semble-t-il utiliser ce qui me semble être sinθ (la ligne verte qui signifie la hauteur d'un point spécifique sur le cercle unité) lorsqu'il prouve que le numérateur de la fonction diminue significativement « plus vite » que le dénominateur, car θ devrait être la longueur de l'arc de 0 à un angle spécifique sur le cercle unité ?",negative,kien_thuc
9627,Cet homme est une légende. Merci pour tout.,positive,ky_nang_giang_day
9628,"Je suis complètement le MIT cours pour étudier mes cours de pré-ingénierie, génial > merci MIT",positive,chuong_trinh_hoc
9629,"L'explication du champ de maïs m'a époustouflé ! Merci, maintenant j'ai compris champs vectoriels !",positive,kien_thuc
9630,Pourquoi le volume est-il faible,negative,thiet_bi_day_hoc
9631,Il a l'accent français le plus mignon ^^ Super Conférence,positive,ky_nang_giang_day
9631,Il a l'accent français le plus mignon ^^ Super Conférence,positive,chuong_trinh_hoc
9632,Donc... les intégrales de ligne sur les fonctions scalaires valued functions ne sont pas couvertes dans ce course) ?? Comment ose-t-il u !!,negative,chuong_trinh_hoc
9632,Donc... les intégrales de ligne sur les fonctions scalaires valued functions ne sont pas couvertes dans ce course) ?? Comment ose-t-il u !!,neutral,noi_chung
9633,oh.mon.dieu.je suis en train de passer multivariable en dernière année de lycée en ce moment et mon examen final est la semaine prochaine. c'est de l'or. MERCI MIT.,neutral,chuong_trinh_hoc
9633,oh.mon.dieu.je suis en train de passer multivariable en dernière année de lycée en ce moment et mon examen final est la semaine prochaine. c'est de l'or. MERCI MIT.,positive,noi_chung
9634,L'invention et le développement de Google sont dus à les matrices de Markov. Les choses que nous voyons et utilisons au quotidien dans notre vie sont basées sur des théories et des concepts mathématiques.,positive,kien_thuc
9635,"Tous les êtres vivants ont la chance d’avoir Gilbert Strang parmi eux, qu’ils en soient conscients ou non.",positive,ky_nang_giang_day
9636,"Ce n’est pas une conférence, c’est de l’art.",positive,chuong_trinh_hoc
9637,"ouais, ça devient compliqué quand formule dérivée est ajouté au mélange.",neutral,kien_thuc
9638,"Je trouve ces vidéos assez intéressantes, cependant le désordre au moment de l'écriture auquel beaucoup enseignants sont confrontés me dérange. Une écriture floue et brouillonne. Ce serait bien qu'ils puissent améliorer ces aspects.",negative,ky_nang_giang_day
9638,"Je trouve ces vidéos assez intéressantes, cependant le désordre au moment de l'écriture auquel beaucoup enseignants sont confrontés me dérange. Une écriture floue et brouillonne. Ce serait bien qu'ils puissent améliorer ces aspects.",negative,noi_chung
9639,Ce type est vraiment un bon professeur.,positive,ky_nang_giang_day
9640,"Au lieu de les maths, l'autre matière les vidéos n'a pas les paroles. J'espère qu'ils prendront les mesures nécessaires le plus tôt possible.",neutral,kien_thuc
9640,"Au lieu de les maths, l'autre matière les vidéos n'a pas les paroles. J'espère qu'ils prendront les mesures nécessaires le plus tôt possible.",negative,thiet_bi_day_hoc
9640,"Au lieu de les maths, l'autre matière les vidéos n'a pas les paroles. J'espère qu'ils prendront les mesures nécessaires le plus tôt possible.",negative,thiet_bi_day_hoc
9640,"Au lieu de les maths, l'autre matière les vidéos n'a pas les paroles. J'espère qu'ils prendront les mesures nécessaires le plus tôt possible.",negative,ky_nang_giang_day
9641,"43:30 Comment espace colonne de Q peut-il être identique à espace colonne de A ?? Je sais que leurs dimensions sont identiques, mais Q est composé de vecteurs orthogonaux et A ne l'est pas. J'ai besoin d'aide les gars {{{(>_<)}}}",neutral,kien_thuc
9641,"43:30 Comment espace colonne de Q peut-il être identique à espace colonne de A ?? Je sais que leurs dimensions sont identiques, mais Q est composé de vecteurs orthogonaux et A ne l'est pas. J'ai besoin d'aide les gars {{{(>_<)}}}",neutral,kien_thuc
9641,"43:30 Comment espace colonne de Q peut-il être identique à espace colonne de A ?? Je sais que leurs dimensions sont identiques, mais Q est composé de vecteurs orthogonaux et A ne l'est pas. J'ai besoin d'aide les gars {{{(>_<)}}}",neutral,kien_thuc
9641,"43:30 Comment espace colonne de Q peut-il être identique à espace colonne de A ?? Je sais que leurs dimensions sont identiques, mais Q est composé de vecteurs orthogonaux et A ne l'est pas. J'ai besoin d'aide les gars {{{(>_<)}}}",neutral,kien_thuc
9642,Cette vidéo est incroyable ! INCROYABLE ! Tous les principes s'adaptent parfaitement à la réalité ! VIVE MATRICES.,positive,chuong_trinh_hoc
9642,Cette vidéo est incroyable ! INCROYABLE ! Tous les principes s'adaptent parfaitement à la réalité ! VIVE MATRICES.,positive,chuong_trinh_hoc
9642,Cette vidéo est incroyable ! INCROYABLE ! Tous les principes s'adaptent parfaitement à la réalité ! VIVE MATRICES.,positive,kien_thuc
9643,"Super cours ! Il m'a fallu un moment pour comprendre r x v = constante. J'ai toujours pensé au 2e degré de Kepler comme « une surface égale dans un temps égal », mais cela se traduit par « proportionnel au temps »",positive,chuong_trinh_hoc
9643,"Super cours ! Il m'a fallu un moment pour comprendre r x v = constante. J'ai toujours pensé au 2e degré de Kepler comme « une surface égale dans un temps égal », mais cela se traduit par « proportionnel au temps »",neutral,kien_thuc
9644,"Je n'arrive pas à croire que les étudiants commencent à ranger leurs affaires, à claquer les bureaux, etc. à 48:30 avant même qu'il ait fini de parler. Quelle impolitesse. Ils viennent de recevoir une conférence d'un brillant mathématicien, et pourtant ils n'ont aucun respect !",negative,noi_chung
9644,"Je n'arrive pas à croire que les étudiants commencent à ranger leurs affaires, à claquer les bureaux, etc. à 48:30 avant même qu'il ait fini de parler. Quelle impolitesse. Ils viennent de recevoir une conférence d'un brillant mathématicien, et pourtant ils n'ont aucun respect !",positive,ky_nang_giang_day
9645,"ce type est génial, les profs de l'université de Toronto ne connaissent rien aux maths...",positive,ky_nang_giang_day
9645,"ce type est génial, les profs de l'université de Toronto ne connaissent rien aux maths...",negative,ky_nang_giang_day
9646,Merci monsieur. J'espère que vous lirez ceci !!,positive,ky_nang_giang_day
9647,"J'apprécie vraiment que Gilbert Strang nous donne un cours aussi intuitif. Après avoir vu certains cours d'universités américaines, je pense que l'enseignement universitaire américain est bien meilleur que celui de la Chine.",positive,ky_nang_giang_day
9647,"J'apprécie vraiment que Gilbert Strang nous donne un cours aussi intuitif. Après avoir vu certains cours d'universités américaines, je pense que l'enseignement universitaire américain est bien meilleur que celui de la Chine.",positive,chuong_trinh_hoc
9648,Je crois qu'il y a un problème sur 18.01sc (sur le site Web du MIT OCW) : l'une des vidéos de récitation nous demande d'être conscients de représenter des fonctions sous forme de séries avant qu'elle ne soit introduite.,negative,noi_chung
9648,Je crois qu'il y a un problème sur 18.01sc (sur le site Web du MIT OCW) : l'une des vidéos de récitation nous demande d'être conscients de représenter des fonctions sous forme de séries avant qu'elle ne soit introduite.,neutral,kien_thuc
9649,Le problème du jeu de fléchettes. Il s'avère que le pourcentage est de 1 % et il dit que c'est plutôt élevé ? Il me semble que 1 % est plutôt faible.,neutral,ky_nang_giang_day
9650,"J'adore son cours mais je pense qu'il y a une petite erreur, corrigez-moi si je me trompe. le professeur Strang a dit que {(1,1,2),(2,2,5),(3,3,8)} constitue une base pour R^3, mais cet ensemble de vecteurs ne peut-il pas produire uniquement des vecteurs où x1 et x2 sont égaux ? Vous ne pouvez donc pas obtenir (1,0,0) à partir des vecteurs et certainement pas l'intégralité de R^3, n'est-ce pas ? La première et la deuxième ligne seraient même exactement les mêmes écrites sous forme de matrice, elles devraient donc être linéairement dépendantes pour cette raison également. Encore une fois, peut-être que j'oublie quelque chose, mais cela ne colle pas pour moi. Edit : j'aurais dû trier les commentaires par nouveau premier, il semble que beaucoup de gens aient vu cela aussi mais cela n'a pas été fait dans les premiers commentaires",positive,chuong_trinh_hoc
9650,"J'adore son cours mais je pense qu'il y a une petite erreur, corrigez-moi si je me trompe. le professeur Strang a dit que {(1,1,2),(2,2,5),(3,3,8)} constitue une base pour R^3, mais cet ensemble de vecteurs ne peut-il pas produire uniquement des vecteurs où x1 et x2 sont égaux ? Vous ne pouvez donc pas obtenir (1,0,0) à partir des vecteurs et certainement pas l'intégralité de R^3, n'est-ce pas ? La première et la deuxième ligne seraient même exactement les mêmes écrites sous forme de matrice, elles devraient donc être linéairement dépendantes pour cette raison également. Encore une fois, peut-être que j'oublie quelque chose, mais cela ne colle pas pour moi. Edit : j'aurais dû trier les commentaires par nouveau premier, il semble que beaucoup de gens aient vu cela aussi mais cela n'a pas été fait dans les premiers commentaires",positive,ky_nang_giang_day
9651,"Toutes nos conférences cours utilisent des projecteurs et des ordinateurs, c'est agréable de voir de bons vieux tableaux noirs dans l'éducation =)",positive,chuong_trinh_hoc
9652,"Je viens de terminer ! 18.01. Je commencerai bientôt le 18.02 également. J'ai également terminé 6.042J / 18.062J, terminé les supplémentaires Single & multi par Herbert Gross. (au fait, repose en paix) J'ai fait une pause à partir de 6.00 (je continuerai et finirai bientôt). Merci pour ces incroyables conférences MIT !",positive,chuong_trinh_hoc
9652,"Je viens de terminer ! 18.01. Je commencerai bientôt le 18.02 également. J'ai également terminé 6.042J / 18.062J, terminé les supplémentaires Single & multi par Herbert Gross. (au fait, repose en paix) J'ai fait une pause à partir de 6.00 (je continuerai et finirai bientôt). Merci pour ces incroyables conférences MIT !",positive,noi_chung
9652,"Je viens de terminer ! 18.01. Je commencerai bientôt le 18.02 également. J'ai également terminé 6.042J / 18.062J, terminé les supplémentaires Single & multi par Herbert Gross. (au fait, repose en paix) J'ai fait une pause à partir de 6.00 (je continuerai et finirai bientôt). Merci pour ces incroyables conférences MIT !",positive,kien_thuc
9653,"A transposé n'est rien d'autre que l'espace de ligne, n'est-ce pas ? Donc l'espace nul de A transposé devrait se trouver dans l'espace de ligne, mais le professeur dit que A^T.(b-P)=0, où b-p = e et e est dans l'espace de colonne, mais il devrait être dans l'espace de ligne, n'est-ce pas ?",neutral,kien_thuc
9654,Ces récitations sont en fait très bonnes. Elles permettent de réviser rapidement les concepts.,positive,noi_chung
9654,Ces récitations sont en fait très bonnes. Elles permettent de réviser rapidement les concepts.,positive,kien_thuc
9655,"Qui d'autre a regardé en 1,5x ou 1,75x ? Merci, Prof. Strang. Merci, MIT OCW.",positive,ky_nang_giang_day
9656,"Waouh. Je ne pouvais pas percevoir jusqu'à ce que je voie à partir de ce lect. que la méthode du multiplicateur de Lagrange, par exemple, que les valeurs maximales de f se trouvent à infini à hyperbole.",positive,chuong_trinh_hoc
9656,"Waouh. Je ne pouvais pas percevoir jusqu'à ce que je voie à partir de ce lect. que la méthode du multiplicateur de Lagrange, par exemple, que les valeurs maximales de f se trouvent à infini à hyperbole.",neutral,kien_thuc
9656,"Waouh. Je ne pouvais pas percevoir jusqu'à ce que je voie à partir de ce lect. que la méthode du multiplicateur de Lagrange, par exemple, que les valeurs maximales de f se trouvent à infini à hyperbole.",neutral,kien_thuc
9656,"Waouh. Je ne pouvais pas percevoir jusqu'à ce que je voie à partir de ce lect. que la méthode du multiplicateur de Lagrange, par exemple, que les valeurs maximales de f se trouvent à infini à hyperbole.",neutral,kien_thuc
9656,"Waouh. Je ne pouvais pas percevoir jusqu'à ce que je voie à partir de ce lect. que la méthode du multiplicateur de Lagrange, par exemple, que les valeurs maximales de f se trouvent à infini à hyperbole.",neutral,kien_thuc
9657,"Cela me donne envie d'applaudir. J'ai regardé son résumé cours qui évaluait ce cours et j'ai failli applaudir chez moi. Je devrais acheter son livre - j'en ai acheté un autre qui fonctionne bien, mais qui n'a pas mis l'accent sur l'espace ligne espace colonne espace nul espace nul gauche théorème fondamental de l'algèbre linéaire que ce cours développe.",positive,chuong_trinh_hoc
9658,Quelqu'un peut-il me sauver ? Je n'ai pas utilisé stop loss Je ne l'ai pas vu venir,neutral,kien_thuc
9659,"Si Philippe parle trop vite pour vous, n'oubliez pas que vous pouvez ralentir la vitesse  dans les paramètres. J'ai trouvé que 0,75 fonctionnait pour moi.",neutral,ky_nang_giang_day
9659,"Si Philippe parle trop vite pour vous, n'oubliez pas que vous pouvez ralentir la vitesse  dans les paramètres. J'ai trouvé que 0,75 fonctionnait pour moi.",neutral,thiet_bi_day_hoc
9660,C'est vraiment génial et brillant professeur que je n'avais jamais vu auparavant. J'aime la méthodologie qu'il utilise et il sait comment impliquer ses étudiants. Je peux voir maintenant comment algèbre linéaire est appliqué. Merci Gilbert Strang et MIT.,positive,ky_nang_giang_day
9660,C'est vraiment génial et brillant professeur que je n'avais jamais vu auparavant. J'aime la méthodologie qu'il utilise et il sait comment impliquer ses étudiants. Je peux voir maintenant comment algèbre linéaire est appliqué. Merci Gilbert Strang et MIT.,positive,ky_nang_giang_day
9660,C'est vraiment génial et brillant professeur que je n'avais jamais vu auparavant. J'aime la méthodologie qu'il utilise et il sait comment impliquer ses étudiants. Je peux voir maintenant comment algèbre linéaire est appliqué. Merci Gilbert Strang et MIT.,positive,kien_thuc
9660,C'est vraiment génial et brillant professeur que je n'avais jamais vu auparavant. J'aime la méthodologie qu'il utilise et il sait comment impliquer ses étudiants. Je peux voir maintenant comment algèbre linéaire est appliqué. Merci Gilbert Strang et MIT.,positive,noi_chung
9660,C'est vraiment génial et brillant professeur que je n'avais jamais vu auparavant. J'aime la méthodologie qu'il utilise et il sait comment impliquer ses étudiants. Je peux voir maintenant comment algèbre linéaire est appliqué. Merci Gilbert Strang et MIT.,positive,kien_thuc
9661,Pourquoi la densité articulaire n'a-t-elle pas été divisée par f(x) pour obtenir la probabilité postérieure ?,neutral,kien_thuc
9662,"Comment pouvaient-ils se préparer à quitter la classe avant qu'il ait fini le cours, je resterais toute la journée pour écouter son cours !!!",positive,chuong_trinh_hoc
9662,"Comment pouvaient-ils se préparer à quitter la classe avant qu'il ait fini le cours, je resterais toute la journée pour écouter son cours !!!",positive,ky_nang_giang_day
9663,Est-ce que élimination de Guass-Jordan ne fonctionne que pour matrices carrées ? Qu'en est-il de matrices rectangulaires ?,neutral,kien_thuc
9663,Est-ce que élimination de Guass-Jordan ne fonctionne que pour matrices carrées ? Qu'en est-il de matrices rectangulaires ?,neutral,kien_thuc
9663,Est-ce que élimination de Guass-Jordan ne fonctionne que pour matrices carrées ? Qu'en est-il de matrices rectangulaires ?,neutral,kien_thuc
9664,Gilbert est vraiment doué pour donner le ton de la prochaine conférence. Je dois me forcer à arrêter de regarder pour pouvoir dormir.,positive,ky_nang_giang_day
9665,Pouvez-vous s'il vous plaît me dire pourquoi nous avons pris multiplicateur de Lagrange dans la pyramide ? (à la fin du cours) ? Pourquoi les gradients des deux fonctions doivent-ils être parallèles ?,neutral,kien_thuc
9666,Nos professeurs indiens sont les meilleurs. Jai hind Notre style d'enseignement est le meilleur car il s'agit d'une interaction bilatérale.,positive,ky_nang_giang_day
9666,Nos professeurs indiens sont les meilleurs. Jai hind Notre style d'enseignement est le meilleur car il s'agit d'une interaction bilatérale.,positive,noi_chung
9667,"très simple, de mauvaise qualité, brouillon écriture manuscrite. Cela aurait pu être expliqué de manière plus simple, plus facile et plus rapide",negative,thiet_bi_day_hoc
9668,"Peut être expliqué par calcul lambda, beaucoup plus concis et gracieux",positive,kien_thuc
9669,Des tas d'exercices mentaux de connexion de points pour moi. Merci professeur. J'espère que votre cours de statistiques en haute dimension sera également disponible sur YouTube.,positive,ky_nang_giang_day
9669,Des tas d'exercices mentaux de connexion de points pour moi. Merci professeur. J'espère que votre cours de statistiques en haute dimension sera également disponible sur YouTube.,positive,chuong_trinh_hoc
9670,"wow, cette conférence m'a ouvert les yeux. Merci, professeur Strang !",positive,chuong_trinh_hoc
9670,"wow, cette conférence m'a ouvert les yeux. Merci, professeur Strang !",positive,ky_nang_giang_day
9671,"Suis-je la seule personne qui regarde ceci vidéos avec une vitesse de 1,25x ? :D",neutral,chuong_trinh_hoc
9672,44:25 « Les matrices orthogonales ne changent pas la longueur de x » Je suppose qu'il voulait dire orthonormal. [Gilbert Strang utilise (3 : orthogonal) et orthonormal de manière interchangeable],neutral,kien_thuc
9672,44:25 « Les matrices orthogonales ne changent pas la longueur de x » Je suppose qu'il voulait dire orthonormal. [Gilbert Strang utilise (3 : orthogonal) et orthonormal de manière interchangeable],neutral,ky_nang_giang_day
9672,44:25 « Les matrices orthogonales ne changent pas la longueur de x » Je suppose qu'il voulait dire orthonormal. [Gilbert Strang utilise (3 : orthogonal) et orthonormal de manière interchangeable],neutral,kien_thuc
9673,"Monsieur, bonne nuit/bonjour/bon après-midi. Cette série de vidéos a l'air géniale, mais j'aimerais savoir quel type de connaissances mathématiques me faut-il pour comprendre ce cours. Merci.",positive,chuong_trinh_hoc
9674,"Comment le dernier problème peut-il être résolu lorsque vous posez y = acos(theta) ? En fait y, y = asin(theta) alors comment y peut-il être acos(theta) ?",negative,kien_thuc
9674,"Comment le dernier problème peut-il être résolu lorsque vous posez y = acos(theta) ? En fait y, y = asin(theta) alors comment y peut-il être acos(theta) ?",negative,kien_thuc
9674,"Comment le dernier problème peut-il être résolu lorsque vous posez y = acos(theta) ? En fait y, y = asin(theta) alors comment y peut-il être acos(theta) ?",negative,kien_thuc
9674,"Comment le dernier problème peut-il être résolu lorsque vous posez y = acos(theta) ? En fait y, y = asin(theta) alors comment y peut-il être acos(theta) ?",negative,kien_thuc
9675,"Prof Gilbert Strang, j'étais censé assister à vos cours - Algèbre linéaire et Méthodes matricielles pour ML comme prérequis pour mon programme d'études supérieures en Génie électrique à l'UBC, Canada. Je dois dire que j'ai perdu la notion du temps en assistant à vos conférences et vous avez changé ma perspective de réflexion mathématique. Merci beaucoup et je vous dois beaucoup de m'avoir inspiré. J'espère devenir un professeur comme vous à l'avenir. Souhaitez-moi bonne chance si vous voyez ce message ! Beaucoup d'amour, de Simran Suresh, Inde",positive,ky_nang_giang_day
9675,"Prof Gilbert Strang, j'étais censé assister à vos cours - Algèbre linéaire et Méthodes matricielles pour ML comme prérequis pour mon programme d'études supérieures en Génie électrique à l'UBC, Canada. Je dois dire que j'ai perdu la notion du temps en assistant à vos conférences et vous avez changé ma perspective de réflexion mathématique. Merci beaucoup et je vous dois beaucoup de m'avoir inspiré. J'espère devenir un professeur comme vous à l'avenir. Souhaitez-moi bonne chance si vous voyez ce message ! Beaucoup d'amour, de Simran Suresh, Inde",neutral,chuong_trinh_hoc
9675,"Prof Gilbert Strang, j'étais censé assister à vos cours - Algèbre linéaire et Méthodes matricielles pour ML comme prérequis pour mon programme d'études supérieures en Génie électrique à l'UBC, Canada. Je dois dire que j'ai perdu la notion du temps en assistant à vos conférences et vous avez changé ma perspective de réflexion mathématique. Merci beaucoup et je vous dois beaucoup de m'avoir inspiré. J'espère devenir un professeur comme vous à l'avenir. Souhaitez-moi bonne chance si vous voyez ce message ! Beaucoup d'amour, de Simran Suresh, Inde",neutral,chuong_trinh_hoc
9675,"Prof Gilbert Strang, j'étais censé assister à vos cours - Algèbre linéaire et Méthodes matricielles pour ML comme prérequis pour mon programme d'études supérieures en Génie électrique à l'UBC, Canada. Je dois dire que j'ai perdu la notion du temps en assistant à vos conférences et vous avez changé ma perspective de réflexion mathématique. Merci beaucoup et je vous dois beaucoup de m'avoir inspiré. J'espère devenir un professeur comme vous à l'avenir. Souhaitez-moi bonne chance si vous voyez ce message ! Beaucoup d'amour, de Simran Suresh, Inde",neutral,noi_chung
9675,"Prof Gilbert Strang, j'étais censé assister à vos cours - Algèbre linéaire et Méthodes matricielles pour ML comme prérequis pour mon programme d'études supérieures en Génie électrique à l'UBC, Canada. Je dois dire que j'ai perdu la notion du temps en assistant à vos conférences et vous avez changé ma perspective de réflexion mathématique. Merci beaucoup et je vous dois beaucoup de m'avoir inspiré. J'espère devenir un professeur comme vous à l'avenir. Souhaitez-moi bonne chance si vous voyez ce message ! Beaucoup d'amour, de Simran Suresh, Inde",positive,chuong_trinh_hoc
9676,"À 14:20 la (formule de dimension 1:) est plus intuitive si elle est énoncée comme dim(S) + dim(U) - dim(S∩U) = dim(S+U) c'est-à-dire "" la dimension de S ajoutée à la dimension de U moins la dimension de l'intersection de S et U est la dimension de S+U"" ... tellement plus facile à visualiser énoncé de cette façon n'est-ce pas ?",neutral,kien_thuc
9677,il tdit que that t est NULL ce qui est une manière tde trouver til dérivetive). tvoici d'autres règles je netsais pas pourquoi il ne passerait pas en revue it.,neutral,ky_nang_giang_day
9677,il tdit que that t est NULL ce qui est une manière tde trouver til dérivetive). tvoici d'autres règles je netsais pas pourquoi il ne passerait pas en revue it.,neutral,kien_thuc
9677,il tdit que that t est NULL ce qui est une manière tde trouver til dérivetive). tvoici d'autres règles je netsais pas pourquoi il ne passerait pas en revue it.,neutral,kien_thuc
9677,il tdit que that t est NULL ce qui est une manière tde trouver til dérivetive). tvoici d'autres règles je netsais pas pourquoi il ne passerait pas en revue it.,neutral,kien_thuc
9677,il tdit que that t est NULL ce qui est une manière tde trouver til dérivetive). tvoici d'autres règles je netsais pas pourquoi il ne passerait pas en revue it.,neutral,kien_thuc
9678,d'où vient le logarithme ?,neutral,kien_thuc
9679,C'est toujours si triste de penser qu'une vidéo éducative  99 % meilleure que toutes les autres n'a que 70 000 vues 10 ans après sa mise en ligne,negative,chuong_trinh_hoc
9680,Merci Prof. David Jerison et Prof. Muller. Je viens de terminer toute la série de conférences. 18/4/22,positive,ky_nang_giang_day
9680,Merci Prof. David Jerison et Prof. Muller. Je viens de terminer toute la série de conférences. 18/4/22,positive,ky_nang_giang_day
9680,Merci Prof. David Jerison et Prof. Muller. Je viens de terminer toute la série de conférences. 18/4/22,positive,thiet_bi_day_hoc
9681,C'est très très utile. Merci beaucoup.,positive,chuong_trinh_hoc
9682,"Il s'agit de Mathématiques analytiques, en bref l'analyse part de la variable et se termine à la clarté de la fonction.....",neutral,kien_thuc
9683,Je suis d'accord. Je prends des cours de calcul depuis 3 ans maintenant et c'est la première fois que je comprends vraiment le concept de différentiel.,positive,kien_thuc
9684,"pourquoi la probabilité de P(1head) est 3p(1-p)^2...? Ne devrait-elle pas être 2p(1-p)^2, car il n'y a que 2 probabilités que cela se produise au lieu de 3... ou est-ce que je ne comprends pas bien ? c'est dans 9:14, aidez-moi s'il vous plaît",neutral,kien_thuc
9685,"Merci Monsieur, je voulais juste vous remercier de m'avoir donné un aperçu plus approfondi des probabilités. J'ai étudié cela du premier cours à celui-ci. J'étudierai les 5 derniers cours plus tard.",positive,ky_nang_giang_day
9685,"Merci Monsieur, je voulais juste vous remercier de m'avoir donné un aperçu plus approfondi des probabilités. J'ai étudié cela du premier cours à celui-ci. J'étudierai les 5 derniers cours plus tard.",positive,chuong_trinh_hoc
9686,"Cher Gilbert Strang !! Je souhaite embrasser vos mains, vos mains sacrées car vous êtes mon gourou de Algèbre matricielle. Vous expliquez si bien. Votre façon d'enseigner est miraculeuse.",positive,ky_nang_giang_day
9686,"Cher Gilbert Strang !! Je souhaite embrasser vos mains, vos mains sacrées car vous êtes mon gourou de Algèbre matricielle. Vous expliquez si bien. Votre façon d'enseigner est miraculeuse.",positive,noi_chung
9686,"Cher Gilbert Strang !! Je souhaite embrasser vos mains, vos mains sacrées car vous êtes mon gourou de Algèbre matricielle. Vous expliquez si bien. Votre façon d'enseigner est miraculeuse.",positive,kien_thuc
9687,"Je suis d'accord avec le craie, vraiment. Je me sens tellement fatigué de regarder un écran d'ordinateur et de devoir gérer les 32 ou combien d'éclairs par seconde, jour après jour. D'une certaine manière, le professeur se sent plus présent et plus connecté au matériel lorsqu'il utilise craie, je pense. Je n'aime pas non plus les devoirs en ligne.",negative,thiet_bi_day_hoc
9687,"Je suis d'accord avec le craie, vraiment. Je me sens tellement fatigué de regarder un écran d'ordinateur et de devoir gérer les 32 ou combien d'éclairs par seconde, jour après jour. D'une certaine manière, le professeur se sent plus présent et plus connecté au matériel lorsqu'il utilise craie, je pense. Je n'aime pas non plus les devoirs en ligne.",positive,thiet_bi_day_hoc
9687,"Je suis d'accord avec le craie, vraiment. Je me sens tellement fatigué de regarder un écran d'ordinateur et de devoir gérer les 32 ou combien d'éclairs par seconde, jour après jour. D'une certaine manière, le professeur se sent plus présent et plus connecté au matériel lorsqu'il utilise craie, je pense. Je n'aime pas non plus les devoirs en ligne.",negative,noi_chung
9688,"Lorsqu'il présente formule de Taylor, ce n'est pas tout à fait correct car la formule qu'il présente est pour série de MacLaurin puisqu'elle est centrée à 0.",neutral,ky_nang_giang_day
9688,"Lorsqu'il présente formule de Taylor, ce n'est pas tout à fait correct car la formule qu'il présente est pour série de MacLaurin puisqu'elle est centrée à 0.",neutral,kien_thuc
9688,"Lorsqu'il présente formule de Taylor, ce n'est pas tout à fait correct car la formule qu'il présente est pour série de MacLaurin puisqu'elle est centrée à 0.",neutral,kien_thuc
9689,ce type est un surhomme en mathématiques,positive,ky_nang_giang_day
9690,"J'ai utilisé cela pour apprendre moi-même le calcul vectoriel pendant mon été en terminant la première année de Multi-Calc de base à l'université, de la leçon 15 à la leçon 29. J'ai également utilisé l'analyse vectorielle de Schaum pour les problèmes et Vector Calc de SJ Colley comme référence supplémentaire. J'ai regardé toutes les vidéos à une vitesse minimale de 1,25x et je les ai terminées en 2 semaines. Dennis Auroux est un délice absolu et ses compétences en matière de frottement de planches sont tellement impressionnantes ! Ses explications sont spectaculaires et j'ai vraiment apprécié l'accent qu'il met sur les applications (en particulier de la physique-inertie, des équations de Maxwell, etc.). Une chose qui m'a manqué était le manque d'informations sur les équations de Frenet-Serret que j'ai trouvées géniales en général et le manque de pratique de plus de problèmes, mais bon, vous pourriez faire les deux par vous-même comme je l'ai fait ! Quoi qu'il en soit, 12 ans après la sortie de cette vidéo, je recommanderais toujours ce cours  de tout mon cœur. C'est génial ! Merci au MIT d'avoir rendu cela public et merci au professeur Auroux d'être tout simplement un conférencier incroyable !",positive,ky_nang_giang_day
9690,"J'ai utilisé cela pour apprendre moi-même le calcul vectoriel pendant mon été en terminant la première année de Multi-Calc de base à l'université, de la leçon 15 à la leçon 29. J'ai également utilisé l'analyse vectorielle de Schaum pour les problèmes et Vector Calc de SJ Colley comme référence supplémentaire. J'ai regardé toutes les vidéos à une vitesse minimale de 1,25x et je les ai terminées en 2 semaines. Dennis Auroux est un délice absolu et ses compétences en matière de frottement de planches sont tellement impressionnantes ! Ses explications sont spectaculaires et j'ai vraiment apprécié l'accent qu'il met sur les applications (en particulier de la physique-inertie, des équations de Maxwell, etc.). Une chose qui m'a manqué était le manque d'informations sur les équations de Frenet-Serret que j'ai trouvées géniales en général et le manque de pratique de plus de problèmes, mais bon, vous pourriez faire les deux par vous-même comme je l'ai fait ! Quoi qu'il en soit, 12 ans après la sortie de cette vidéo, je recommanderais toujours ce cours  de tout mon cœur. C'est génial ! Merci au MIT d'avoir rendu cela public et merci au professeur Auroux d'être tout simplement un conférencier incroyable !",positive,de_xuat
9691,"à 21h04, le min(X,Y=2), la zone ombrée en rouge couvre-t-elle toute la zone de l'événement B ? quelqu'un peut-il m'expliquer, je suis confus",negative,kien_thuc
9692,Alan Edelman est incontestablement érudit pour affirmer la concordance de l'algèbre linéaire avec les sujets appliqués de l'apprentissage automatique et des réseaux neuronaux.,positive,ky_nang_giang_day
9693,18:38 Je pensais que la dérivée n'était pas un nombre ? *_* Je suis confus,neutral,kien_thuc
9694,"Parfois Les mathématiques ressemblent à une religion. Aie confiance en moi jusqu'à ce que je te le prouve. Au moins, il le prouve.",neutral,ky_nang_giang_day
9694,"Parfois Les mathématiques ressemblent à une religion. Aie confiance en moi jusqu'à ce que je te le prouve. Au moins, il le prouve.",neutral,kien_thuc
9695,intéressant vidéo et très important pour les ingénieurs. Vous devriez profiter de ces informations. Félicitations !!!,positive,thiet_bi_day_hoc
9696,C'était très bien vidéo.,positive,chuong_trinh_hoc
9697,Salut les gars ! Pouvez-vous s'il vous plaît re-télécharger ceci en supprimant le arrière-plan statique ?,negative,thiet_bi_day_hoc
9697,Salut les gars ! Pouvez-vous s'il vous plaît re-télécharger ceci en supprimant le arrière-plan statique ?,negative,thiet_bi_day_hoc
9698,La meilleure façon d'enseigner les déterminants. J'avais l'habitude de m'inquiéter du fait que c'était la pire partie de l'algèbre linéaire car elle impliquait une grande formule qui m'était imposée. J'ai adoré l'intuition sur la propriété 9 de les volumes de cubes de dimension n. Je n'aurais jamais pensé que les déterminants me passionneraient autant. Longue vie à le professeur Strang. Merci au MIT.,positive,ky_nang_giang_day
9698,La meilleure façon d'enseigner les déterminants. J'avais l'habitude de m'inquiéter du fait que c'était la pire partie de l'algèbre linéaire car elle impliquait une grande formule qui m'était imposée. J'ai adoré l'intuition sur la propriété 9 de les volumes de cubes de dimension n. Je n'aurais jamais pensé que les déterminants me passionneraient autant. Longue vie à le professeur Strang. Merci au MIT.,negative,kien_thuc
9698,La meilleure façon d'enseigner les déterminants. J'avais l'habitude de m'inquiéter du fait que c'était la pire partie de l'algèbre linéaire car elle impliquait une grande formule qui m'était imposée. J'ai adoré l'intuition sur la propriété 9 de les volumes de cubes de dimension n. Je n'aurais jamais pensé que les déterminants me passionneraient autant. Longue vie à le professeur Strang. Merci au MIT.,positive,kien_thuc
9699,"Merci beaucoup, c'était vraiment utile",positive,chuong_trinh_hoc
9700,Et ainsi il est devenu immortel,positive,chuong_trinh_hoc
9701,J'étudie l'ingénierie informatique à l'IPN au Mexique et je vais suivre des cours d'algèbre linéaire après cet été. Je n'arrive pas à croire que je viens de trouver ces vidéos (1). C'est comme suivre un cours au MIT ! Je ne peux plus rater ce cours maintenant. Merci de partager ces informations utiles.,positive,chuong_trinh_hoc
9702,J'aimex100 ! Ces conférences sont tout simplement incroyables.,positive,chuong_trinh_hoc
9703,sauveteur et je vais inscrire tous les cours de mathématiques à MIT. Je ne sais pas pourquoi mon professeur suppose que je suis plus intelligent que les étudiants de MIT,positive,noi_chung
9703,sauveteur et je vais inscrire tous les cours de mathématiques à MIT. Je ne sais pas pourquoi mon professeur suppose que je suis plus intelligent que les étudiants de MIT,negative,ky_nang_giang_day
9703,sauveteur et je vais inscrire tous les cours de mathématiques à MIT. Je ne sais pas pourquoi mon professeur suppose que je suis plus intelligent que les étudiants de MIT,positive,noi_chung
9704,"Recommanderiez-vous un livre  à lire sur le GLM, en particulier sur la partie tests d'hypothèses qui n'est pas abordée dans le cours ? Merci",positive,de_xuat
9704,"Recommanderiez-vous un livre  à lire sur le GLM, en particulier sur la partie tests d'hypothèses qui n'est pas abordée dans le cours ? Merci",neutral,kien_thuc
9704,"Recommanderiez-vous un livre  à lire sur le GLM, en particulier sur la partie tests d'hypothèses qui n'est pas abordée dans le cours ? Merci",neutral,kien_thuc
9704,"Recommanderiez-vous un livre  à lire sur le GLM, en particulier sur la partie tests d'hypothèses qui n'est pas abordée dans le cours ? Merci",neutral,de_xuat
9705,"Il y a très peu de cas dans lesquels j'ai eu du mal à comprendre ce que Prof. Tsitsiklis dit... l'un d'eux est -- 21:48: Il y aura une bonne probabilité que Y prenne la valeur proche de 0. Pourquoi ? Quelqu'un peut-il m'expliquer s'il vous plaît... Quoi qu'il en soit, ce sont quelques-unes des meilleures (et rigoureuses) conférences sur les probabilités sur YouTube. Je les adore. Prof. Tsitsiklis et son équipe de TA montrent leur dévouement total pour fournir ce contenu exceptionnel, ce qui est louable. Leur engagement et leur dévouement ont permis de contribuer à de petits fonds au MIT OCW pour faire avancer la cause du MIT pour diffuser l'éducation aux masses.",negative,kien_thuc
9705,"Il y a très peu de cas dans lesquels j'ai eu du mal à comprendre ce que Prof. Tsitsiklis dit... l'un d'eux est -- 21:48: Il y aura une bonne probabilité que Y prenne la valeur proche de 0. Pourquoi ? Quelqu'un peut-il m'expliquer s'il vous plaît... Quoi qu'il en soit, ce sont quelques-unes des meilleures (et rigoureuses) conférences sur les probabilités sur YouTube. Je les adore. Prof. Tsitsiklis et son équipe de TA montrent leur dévouement total pour fournir ce contenu exceptionnel, ce qui est louable. Leur engagement et leur dévouement ont permis de contribuer à de petits fonds au MIT OCW pour faire avancer la cause du MIT pour diffuser l'éducation aux masses.",positive,chuong_trinh_hoc
9705,"Il y a très peu de cas dans lesquels j'ai eu du mal à comprendre ce que Prof. Tsitsiklis dit... l'un d'eux est -- 21:48: Il y aura une bonne probabilité que Y prenne la valeur proche de 0. Pourquoi ? Quelqu'un peut-il m'expliquer s'il vous plaît... Quoi qu'il en soit, ce sont quelques-unes des meilleures (et rigoureuses) conférences sur les probabilités sur YouTube. Je les adore. Prof. Tsitsiklis et son équipe de TA montrent leur dévouement total pour fournir ce contenu exceptionnel, ce qui est louable. Leur engagement et leur dévouement ont permis de contribuer à de petits fonds au MIT OCW pour faire avancer la cause du MIT pour diffuser l'éducation aux masses.",positive,ky_nang_giang_day
9705,"Il y a très peu de cas dans lesquels j'ai eu du mal à comprendre ce que Prof. Tsitsiklis dit... l'un d'eux est -- 21:48: Il y aura une bonne probabilité que Y prenne la valeur proche de 0. Pourquoi ? Quelqu'un peut-il m'expliquer s'il vous plaît... Quoi qu'il en soit, ce sont quelques-unes des meilleures (et rigoureuses) conférences sur les probabilités sur YouTube. Je les adore. Prof. Tsitsiklis et son équipe de TA montrent leur dévouement total pour fournir ce contenu exceptionnel, ce qui est louable. Leur engagement et leur dévouement ont permis de contribuer à de petits fonds au MIT OCW pour faire avancer la cause du MIT pour diffuser l'éducation aux masses.",positive,ky_nang_giang_day
9706,Je ne comprends pas pourquoi rang (P) est 1 ... quelqu'un peut-il m'aider s'il vous plaît.,neutral,kien_thuc
9707,Merci beaucoup beaucoup!,positive,ky_nang_giang_day
9708,"@[USERNAME] Je ne sais pas si quelqu'un vous l'a dit ou si vous avez déjà vu la vidéo suivante vidéo, mais il l'a signalé. Je ne veux pas être méchant, je voulais juste vous le faire savoir.",neutral,chuong_trinh_hoc
9709,"Dans la section Espace de lignes orthogonal à l'espace nul, (temps 25.40) avons-nous besoin de transposer pour la ligne. Parce que (ligne)*x est le produit scalaire, pas (ligne)^T*x.",neutral,kien_thuc
9710,"belle méthode. il risque même de paraître stupide pendant le cours mais sa méthode est si belle, si efficace. C'est un VRAI PROFESSEUR.",positive,chuong_trinh_hoc
9710,"belle méthode. il risque même de paraître stupide pendant le cours mais sa méthode est si belle, si efficace. C'est un VRAI PROFESSEUR.",positive,ky_nang_giang_day
9711,"@[USERNAME]Ceux de Khanacademy vous donnent l'intuition, mais la capacité de les dériver, du moins pour moi, fait passer celui-ci au premier plan. Bien que M. Khan soit excellent pour vous donner de l'intuition, je pense qu'il est bien mieux pour vous de pouvoir dériver les équations afin que vous puissiez obtenir l'intuition. De plus, il ne vous dit pas comment dériver quoi que ce soit, à part quelques exemples (d'après ce que j'ai vu).",negative,chuong_trinh_hoc
9712,c'est tellement mignon... j'aimerais que mon algèbre linéaire prof soit réellement intéressé par l'enseignement des mathématiques,neutral,ky_nang_giang_day
9713,"35:55 La taille de la matrice d'identité doit être nxn pour qu'elle soit conforme, n'est-ce pas ?",neutral,kien_thuc
9714,"Si j’ai besoin de comprendre cela cours pour continuer le reste du cours, je ferais mieux d’abandonner les maths pour toujours…",negative,chuong_trinh_hoc
9715,"ce type est un génie... mon Dieu, il a l'esprit vif",positive,ky_nang_giang_day
9716,Qu'y avait-il de si drôle dans intersection de plans ?,neutral,kien_thuc
9717,"Génial série ! Cependant, à partir de 31 :00, il utilise un langage vague et n'est pas très précis avec la notation (ou je rate quelque chose). À mon humble avis, il n'est pas correct d'écrire Y=g(X). De plus, en dessous, il écrit également g(x) (minuscule « x »). Je pense que la forme correcte devrait être Y=g o X (où « o » est la composition de fonctions). Ce n'est qu'à ce moment-là que g(x) (minuscule « x ») a du sens. Sinon, si ce qu'il écrit « Y=g(X) » est la forme correcte, quel est le domaine de g ?",positive,chuong_trinh_hoc
9717,"Génial série ! Cependant, à partir de 31 :00, il utilise un langage vague et n'est pas très précis avec la notation (ou je rate quelque chose). À mon humble avis, il n'est pas correct d'écrire Y=g(X). De plus, en dessous, il écrit également g(x) (minuscule « x »). Je pense que la forme correcte devrait être Y=g o X (où « o » est la composition de fonctions). Ce n'est qu'à ce moment-là que g(x) (minuscule « x ») a du sens. Sinon, si ce qu'il écrit « Y=g(X) » est la forme correcte, quel est le domaine de g ?",negative,ky_nang_giang_day
9718,qui n’aime pas une vidéo avec cet homme dedans ?,positive,chuong_trinh_hoc
9718,qui n’aime pas une vidéo avec cet homme dedans ?,positive,noi_chung
9719,"En général, les gens d'Inde, en particulier du Bihar, pensent qu'ils sont très intelligents en mathématiques, mais c'est du type « Rattafication » selon mon expérience. Voici les mathématiques réelles !!! J'ai littéralement adoré ça cours, je souhaite terminer toute la partie calcul à partir d'ici, pas pour une entrée mais juste pour faire passer ma compréhension au niveau supérieur ! Merci MIT :)",positive,chuong_trinh_hoc
9719,"En général, les gens d'Inde, en particulier du Bihar, pensent qu'ils sont très intelligents en mathématiques, mais c'est du type « Rattafication » selon mon expérience. Voici les mathématiques réelles !!! J'ai littéralement adoré ça cours, je souhaite terminer toute la partie calcul à partir d'ici, pas pour une entrée mais juste pour faire passer ma compréhension au niveau supérieur ! Merci MIT :)",positive,noi_chung
9719,"En général, les gens d'Inde, en particulier du Bihar, pensent qu'ils sont très intelligents en mathématiques, mais c'est du type « Rattafication » selon mon expérience. Voici les mathématiques réelles !!! J'ai littéralement adoré ça cours, je souhaite terminer toute la partie calcul à partir d'ici, pas pour une entrée mais juste pour faire passer ma compréhension au niveau supérieur ! Merci MIT :)",neutral,noi_chung
9719,"En général, les gens d'Inde, en particulier du Bihar, pensent qu'ils sont très intelligents en mathématiques, mais c'est du type « Rattafication » selon mon expérience. Voici les mathématiques réelles !!! J'ai littéralement adoré ça cours, je souhaite terminer toute la partie calcul à partir d'ici, pas pour une entrée mais juste pour faire passer ma compréhension au niveau supérieur ! Merci MIT :)",neutral,noi_chung
9720,"Il s'agit d'un chef-d'œuvre d'explication des bases de l'algèbre linéaire, bien qu'il ne couvre pas les sujets avancés, tels que la dérivée, utilisés dans ML et DL. Je vous suggère fortement de suivre le cours complet de l'OCW au lieu de simplement regarder les vidéos.",positive,chuong_trinh_hoc
9721,"J'étais très nerveux à l'idée de suivre le cours calcul multivariable à l'université, car je ne comprenais pas le cours calcul vectoriel que j'apprenais à la fin du cours calcul 2. Je réalise maintenant que ce n'est pas si difficile que ça parce que je le comprends et que cette matière secondaire en mathématiques est la mienne !",positive,kien_thuc
9721,"J'étais très nerveux à l'idée de suivre le cours calcul multivariable à l'université, car je ne comprenais pas le cours calcul vectoriel que j'apprenais à la fin du cours calcul 2. Je réalise maintenant que ce n'est pas si difficile que ça parce que je le comprends et que cette matière secondaire en mathématiques est la mienne !",negative,chuong_trinh_hoc
9721,"J'étais très nerveux à l'idée de suivre le cours calcul multivariable à l'université, car je ne comprenais pas le cours calcul vectoriel que j'apprenais à la fin du cours calcul 2. Je réalise maintenant que ce n'est pas si difficile que ça parce que je le comprends et que cette matière secondaire en mathématiques est la mienne !",positive,chuong_trinh_hoc
9722,"Professeur Jerison, merci beaucoup d'avoir donné un exposé aussi fascinant série de calcul !",positive,ky_nang_giang_day
9722,"Professeur Jerison, merci beaucoup d'avoir donné un exposé aussi fascinant série de calcul !",positive,chuong_trinh_hoc
9723,la classe est si turbulente... ça doit être cet accent français sexy,neutral,chuong_trinh_hoc
9724,"Arrêtez de suivre le type avec la caméra !! Je veux voir le tableau noir. Nous sommes ici pour étudier théorèmes, pas pour admirer la chemise du type !!",negative,thiet_bi_day_hoc
9724,"Arrêtez de suivre le type avec la caméra !! Je veux voir le tableau noir. Nous sommes ici pour étudier théorèmes, pas pour admirer la chemise du type !!",neutral,thiet_bi_day_hoc
9724,"Arrêtez de suivre le type avec la caméra !! Je veux voir le tableau noir. Nous sommes ici pour étudier théorèmes, pas pour admirer la chemise du type !!",neutral,kien_thuc
9724,"Arrêtez de suivre le type avec la caméra !! Je veux voir le tableau noir. Nous sommes ici pour étudier théorèmes, pas pour admirer la chemise du type !!",negative,noi_chung
9725,"Ce cours  est vraiment génial dans la série de mathématiques,",positive,chuong_trinh_hoc
9726,"c'est vraiment utile, ce qui me fait sentir que les mathématiques ne sont pas si conceptuelles",positive,kien_thuc
9727,"Je suis toujours confus au sujet de l'indépendance vecteurs. Comment [112], [225] sont-ils indépendants ? 2(1)-2 = 0. Donc, nous obtenons un 0 en utilisant une combinaison linéaire, n'est-ce pas ?",neutral,kien_thuc
9728,"Que puis-je dire... Je prends ça cours le soir, avant d'aller dormir, et je n'aurais jamais pensé que j'aimerais étudier le calcul juste pour le plaisir. Je n'aime même pas étudier du tout, mais tous ces cours du MIT cours sont tellement intéressants ! En plus, Denis est mignon :3",positive,chuong_trinh_hoc
9729,Même Gilbert Strang ne nous dit pas d'où vient la formule déterminante... Vraiment triste... Les propriétés 1 à 3 sont également déductibles de cette formule.,neutral,ky_nang_giang_day
9730,Est-ce qu'il vient de commencer par dire que c'est beaucoup plus simple et plus intuitif ? Alors pourquoi mon professeur avait-il toujours l'air de venir de l'espace ?,negative,ky_nang_giang_day
9730,Est-ce qu'il vient de commencer par dire que c'est beaucoup plus simple et plus intuitif ? Alors pourquoi mon professeur avait-il toujours l'air de venir de l'espace ?,positive,ky_nang_giang_day
9731,Très bien conférence Professeur Strang merci de la part d'Amazon Forest.,positive,chuong_trinh_hoc
9731,Très bien conférence Professeur Strang merci de la part d'Amazon Forest.,positive,ky_nang_giang_day
9732,pourquoi A-lamda I est singulier à 19h00 ?,neutral,kien_thuc
9733,"Je peux à peine hésiter à dire que ces cours sont incomparables aux cours auxquels j'assiste pour algèbre linéaire à l'université. C'est étrange à quel point je pense souvent, lorsque je regarde ces vidéos, « j'ai compris maintenant, j'ai compris ! » Félicitations à vous professeur Strang !",positive,ky_nang_giang_day
9733,"Je peux à peine hésiter à dire que ces cours sont incomparables aux cours auxquels j'assiste pour algèbre linéaire à l'université. C'est étrange à quel point je pense souvent, lorsque je regarde ces vidéos, « j'ai compris maintenant, j'ai compris ! » Félicitations à vous professeur Strang !",positive,chuong_trinh_hoc
9733,"Je peux à peine hésiter à dire que ces cours sont incomparables aux cours auxquels j'assiste pour algèbre linéaire à l'université. C'est étrange à quel point je pense souvent, lorsque je regarde ces vidéos, « j'ai compris maintenant, j'ai compris ! » Félicitations à vous professeur Strang !",positive,kien_thuc
9733,"Je peux à peine hésiter à dire que ces cours sont incomparables aux cours auxquels j'assiste pour algèbre linéaire à l'université. C'est étrange à quel point je pense souvent, lorsque je regarde ces vidéos, « j'ai compris maintenant, j'ai compris ! » Félicitations à vous professeur Strang !",positive,chuong_trinh_hoc
9734,"4:14 : Ok, votons, est-ce sin-sin ou sin-cosinus ? Preuve par popularité !",neutral,kien_thuc
9734,"4:14 : Ok, votons, est-ce sin-sin ou sin-cosinus ? Preuve par popularité !",neutral,kien_thuc
9735,"Professeur Strang, simplement : Merci encore !!!",positive,ky_nang_giang_day
9736,Le professeur me rappelle Stuart de Big Bang Theory :),neutral,ky_nang_giang_day
9737,"Merci Gilbert Strang et au MIT pour ce partage. Ok, prêt pour le voyage ! C'est parti",neutral,ky_nang_giang_day
9738,"« J'étais le petit frère » mdr, super conférence comme toujours",positive,chuong_trinh_hoc
9739,"À 22h00, M = B ne s'applique que si B est inversible, n'est-ce pas ? Qu'en est-il des autres cas où B ne l'est pas ?",neutral,kien_thuc
9739,"À 22h00, M = B ne s'applique que si B est inversible, n'est-ce pas ? Qu'en est-il des autres cas où B ne l'est pas ?",neutral,kien_thuc
9740,Cette classe était de l'art pur,positive,chuong_trinh_hoc
9741,"Quel être humain merveilleux, et il doit être excellent enseignant également.",positive,ky_nang_giang_day
9742,mit a une haute qualité de tableau noir,positive,thiet_bi_day_hoc
9742,mit a une haute qualité de tableau noir,positive,noi_chung
9743,14:24 Cela clarifie la différence entre les exemples 2 et 3. Cela montre simplement à quel point certains problèmes de probabilité peuvent être peu intuitifs.,negative,kien_thuc
9744,La prochaine conférence peut être... du pur bonheur. :D,positive,chuong_trinh_hoc
9745,"Merci professeur Gilbert Strang et au MiT pour cette série absolument fabuleuse série sur l'algèbre linéaire, au bénéfice des étudiants du monde entier. Pour moi, c'est les États-Unis à leur meilleur. Salutations de Trondheim, Norvège.",positive,ky_nang_giang_day
9745,"Merci professeur Gilbert Strang et au MiT pour cette série absolument fabuleuse série sur l'algèbre linéaire, au bénéfice des étudiants du monde entier. Pour moi, c'est les États-Unis à leur meilleur. Salutations de Trondheim, Norvège.",positive,chuong_trinh_hoc
9746,J'aurais aimé avoir ce type pour les calculs I et II. Je n'arrive pas à croire à quel point une écriture claire et nette manuscrite peut faire une différence !,positive,thiet_bi_day_hoc
9746,J'aurais aimé avoir ce type pour les calculs I et II. Je n'arrive pas à croire à quel point une écriture claire et nette manuscrite peut faire une différence !,positive,ky_nang_giang_day
9747,Qui est responsable des fluctuations du volume audio ? GAH ! Cette vidéo est presque impossible à regarder.,negative,chuong_trinh_hoc
9747,Qui est responsable des fluctuations du volume audio ? GAH ! Cette vidéo est presque impossible à regarder.,negative,thiet_bi_day_hoc
9748,à 45:22 comment le moment d'inertie peut-il avoir une dimension de [M*l^4] je pense que cela devrait être [M*l^2] non ?,negative,kien_thuc
9749,je veux comprendre pourquoi A_s a deux lignes identiques-.-,neutral,kien_thuc
9749,je veux comprendre pourquoi A_s a deux lignes identiques-.-,neutral,kien_thuc
9750,Ce Cours semble quelque peu manquer de exemples et illustrations.,negative,chuong_trinh_hoc
9750,Ce Cours semble quelque peu manquer de exemples et illustrations.,negative,thiet_bi_day_hoc
9750,Ce Cours semble quelque peu manquer de exemples et illustrations.,negative,thiet_bi_day_hoc
9751,"Bonjour, quelqu'un peut-il m'aider, comment apprendre Calcul de manière linéaire ? Depuis le plus basique, je veux dire. Merci beaucoup, cela me sera d'une grande aide.",neutral,kien_thuc
9752,"comment est la limite intégrale de la ligne de l'exemple 1 : c3 courbe de 0 à 1/root2 ??? pourquoi est-ce point (1/root2,1/root2)",neutral,kien_thuc
9752,"comment est la limite intégrale de la ligne de l'exemple 1 : c3 courbe de 0 à 1/root2 ??? pourquoi est-ce point (1/root2,1/root2)",neutral,kien_thuc
9753,Merci pour cette excellente conférence . Veuillez fournir une preuve de la règle générale de l'hôpital.,positive,chuong_trinh_hoc
9754,"J'ai trouvé ça vraiment cool quand il a additionné les deux boucles sur l'image, en ajoutant ensuite les deux bases vector pour N(A^T) et en créant un vector dépendant. Je m'attendais en quelque sorte à ce que cela se produise en théorie, mais le voir réellement se produire m'a tout simplement époustouflé.",positive,kien_thuc
9754,"J'ai trouvé ça vraiment cool quand il a additionné les deux boucles sur l'image, en ajoutant ensuite les deux bases vector pour N(A^T) et en créant un vector dépendant. Je m'attendais en quelque sorte à ce que cela se produise en théorie, mais le voir réellement se produire m'a tout simplement époustouflé.",positive,kien_thuc
9754,"J'ai trouvé ça vraiment cool quand il a additionné les deux boucles sur l'image, en ajoutant ensuite les deux bases vector pour N(A^T) et en créant un vector dépendant. Je m'attendais en quelque sorte à ce que cela se produise en théorie, mais le voir réellement se produire m'a tout simplement époustouflé.",positive,ky_nang_giang_day
9755,"Quelqu'un ici pourrait-il répondre à la question (à 42:42) « Si matrices A et B ont les mêmes 4 sous-espaces, alors _____remplissez_le_vide____. »",neutral,kien_thuc
9755,"Quelqu'un ici pourrait-il répondre à la question (à 42:42) « Si matrices A et B ont les mêmes 4 sous-espaces, alors _____remplissez_le_vide____. »",neutral,kien_thuc
9756,"Je suis confus au sujet du intersection). 1) Si le (3 : intersection) ne contient pas le origine alors vous ne pouvez pas multiplier par zéro et ne satisfait donc pas la condition 22) v&w peut être dans les deux sous-espaces et peut être ajouté ou multiplié scalairement dans l'un ou l'autre, mais une fois que le sous-espace est contraint, comment savez-vous que cela est toujours vrai ?",neutral,kien_thuc
9756,"Je suis confus au sujet du intersection). 1) Si le (3 : intersection) ne contient pas le origine alors vous ne pouvez pas multiplier par zéro et ne satisfait donc pas la condition 22) v&w peut être dans les deux sous-espaces et peut être ajouté ou multiplié scalairement dans l'un ou l'autre, mais une fois que le sous-espace est contraint, comment savez-vous que cela est toujours vrai ?",neutral,kien_thuc
9756,"Je suis confus au sujet du intersection). 1) Si le (3 : intersection) ne contient pas le origine alors vous ne pouvez pas multiplier par zéro et ne satisfait donc pas la condition 22) v&w peut être dans les deux sous-espaces et peut être ajouté ou multiplié scalairement dans l'un ou l'autre, mais une fois que le sous-espace est contraint, comment savez-vous que cela est toujours vrai ?",neutral,kien_thuc
9756,"Je suis confus au sujet du intersection). 1) Si le (3 : intersection) ne contient pas le origine alors vous ne pouvez pas multiplier par zéro et ne satisfait donc pas la condition 22) v&w peut être dans les deux sous-espaces et peut être ajouté ou multiplié scalairement dans l'un ou l'autre, mais une fois que le sous-espace est contraint, comment savez-vous que cela est toujours vrai ?",neutral,kien_thuc
9756,"Je suis confus au sujet du intersection). 1) Si le (3 : intersection) ne contient pas le origine alors vous ne pouvez pas multiplier par zéro et ne satisfait donc pas la condition 22) v&w peut être dans les deux sous-espaces et peut être ajouté ou multiplié scalairement dans l'un ou l'autre, mais une fois que le sous-espace est contraint, comment savez-vous que cela est toujours vrai ?",neutral,kien_thuc
9757,Ce type pourrait être le pire professeur de tous les temps,negative,ky_nang_giang_day
9758,"Super prof .. il rend algèbre linéaire plus logique et plus facile à comprendre .. je veux dire que c'est censé être plus facile .. le but de algèbre linéaire est de rendre les choses complexes plus faciles à résoudre ... mais malheureusement, beaucoup professeurs ne l'enseignent pas correctement, ce qui donne l'impression que c'est si difficile à apprendre",positive,ky_nang_giang_day
9758,"Super prof .. il rend algèbre linéaire plus logique et plus facile à comprendre .. je veux dire que c'est censé être plus facile .. le but de algèbre linéaire est de rendre les choses complexes plus faciles à résoudre ... mais malheureusement, beaucoup professeurs ne l'enseignent pas correctement, ce qui donne l'impression que c'est si difficile à apprendre",positive,chuong_trinh_hoc
9758,"Super prof .. il rend algèbre linéaire plus logique et plus facile à comprendre .. je veux dire que c'est censé être plus facile .. le but de algèbre linéaire est de rendre les choses complexes plus faciles à résoudre ... mais malheureusement, beaucoup professeurs ne l'enseignent pas correctement, ce qui donne l'impression que c'est si difficile à apprendre",negative,ky_nang_giang_day
9759,Je n'ai jamais vu quelqu'un comme ça... Incroyable !!!!,positive,ky_nang_giang_day
9760,Ne puis-je pas également choisir d’autres valeurs pour x2 et x4 pour trouver d’autres solutions particulières ? Ne déplaceraient-elles pas également l’espace nul vers un autre endroit et ne couvriraient-elles pas des régions qui n’étaient pas déjà définies ? Ou la solution particulière + l’espace nul contiennent-ils l’ensemble de toutes les solutions possibles pour Rx=b ?,neutral,kien_thuc
9761,quelqu'un pourrait-il expliquer comment faire le intégrale à 28h00 ?,neutral,kien_thuc
9762,"À 42:10, pourquoi Zigma * est-il utilisé dans la simulation de M, ne pouvons-nous pas simplement utiliser directement A pour le faire ?",negative,kien_thuc
9763,"Merci Professeur Strang, vous inspirez les gens à aimer les mathématiques, comme ils devraient !",positive,ky_nang_giang_day
9764,"28:43 Je suis un peu confus, pourquoi obtenons-nous vecteur zéro ici, ne devrait-il pas être vecteur 3, -1 https://matrixcalc.org/en/#%7B%7B1,2%7D,%7B3,6%7D%7D%2A%7B%7B3%7D,%7B-1%7D%7D",neutral,kien_thuc
9764,"28:43 Je suis un peu confus, pourquoi obtenons-nous vecteur zéro ici, ne devrait-il pas être vecteur 3, -1 https://matrixcalc.org/en/#%7B%7B1,2%7D,%7B3,6%7D%7D%2A%7B%7B3%7D,%7B-1%7D%7D",neutral,kien_thuc
9765,Je pense que B_j devrait être une transposition A remplacée par b 24:16,neutral,kien_thuc
9766,Est-ce que quelqu'un sait quelque chose de plus concret sur les résultats de Srebro ? Ont-ils déjà été vérifiés ? Sont-ils généraux ? 44:54,neutral,kien_thuc
9767,Celles-ci conférences méritent un score IMDB plus élevé que la plupart des séries Netflix.,positive,chuong_trinh_hoc
9768,Protégez cet homme à tout prix ! Maintenant nous savons à quoi ressemble un ange !,positive,ky_nang_giang_day
9769,sympa!!! De cette façon je n'étudie jamais déterminant,neutral,kien_thuc
9770,"A*S=S*Lambda (En utilisant la vue de combinaison linéaire (partie colonne Ax1=b1) de la multiplication de matrice), c'est brillant et clair ! Merci !",positive,kien_thuc
9770,"A*S=S*Lambda (En utilisant la vue de combinaison linéaire (partie colonne Ax1=b1) de la multiplication de matrice), c'est brillant et clair ! Merci !",positive,noi_chung
9771,Je fais une pause dans Elden Ring pour apprendre quelque chose qui m'aidera à ne pas mourir,neutral,chuong_trinh_hoc
9771,Je fais une pause dans Elden Ring pour apprendre quelque chose qui m'aidera à ne pas mourir,neutral,noi_chung
9772,"quelle est l'intuition derrière « Ax = b n'a pas de solution, cependant Transpose(A Ax = Transpose(A) b) a une solution ». J'ai du mal",negative,kien_thuc
9772,"quelle est l'intuition derrière « Ax = b n'a pas de solution, cependant Transpose(A Ax = Transpose(A) b) a une solution ». J'ai du mal",negative,kien_thuc
9773,"Pourquoi diable ma vidéo se bloque-t-elle lorsqu'elle atteint 00:27 secondes ? J'ai l'impression que mon fournisseur de services Ethernet m'empêche d'écouter un super lec ! Bref, j'ai besoin d'un café...",positive,chuong_trinh_hoc
9774,"Cher professeur, Algèbre linéaire est fascinant. J'avais du mal à comprendre Algèbre car je ne pouvais pas voir au-delà des symboles et des notations. Mais je n'avais pas réalisé avant que l'algèbre est un langage symbolique pour exprimer des formes géométriques.",positive,chuong_trinh_hoc
9774,"Cher professeur, Algèbre linéaire est fascinant. J'avais du mal à comprendre Algèbre car je ne pouvais pas voir au-delà des symboles et des notations. Mais je n'avais pas réalisé avant que l'algèbre est un langage symbolique pour exprimer des formes géométriques.",positive,kien_thuc
9775,Enfin une vraie vidéo d'analyse série de conférences de l'OCW :'). Merci,positive,chuong_trinh_hoc
9776,"Je suis vraiment content de ne pas avoir abandonné et d’être arrivé jusqu’ici, merci à vous Prof. Strang",positive,ky_nang_giang_day
9777,"Ayant étudié les mathématiques pendant 40 ans et enseigné les mathématiques pendant 30 ans, je peux dire que la sagesse et la perspicacité du le professeur Strang sont étonnantes. De plus, sa capacité à partager cette perspicacité avec enthousiasme (aussi excentrique et geek soit-elle) est un cadeau pour nous tous. Merci Monsieur. Que Dieu bénisse tous ceux qui se consacrent à l'enseignement.",positive,ky_nang_giang_day
9778,"La décomposition de la représentation décimale des nombres réels était géniale. Merci ! Cela attire également mon attention sur le fait que dans une université de renommée mondiale comme MIT, les cours sont toujours donnés de manière aussi traditionnelle.",neutral,kien_thuc
9778,"La décomposition de la représentation décimale des nombres réels était géniale. Merci ! Cela attire également mon attention sur le fait que dans une université de renommée mondiale comme MIT, les cours sont toujours donnés de manière aussi traditionnelle.",neutral,kien_thuc
9778,"La décomposition de la représentation décimale des nombres réels était géniale. Merci ! Cela attire également mon attention sur le fait que dans une université de renommée mondiale comme MIT, les cours sont toujours donnés de manière aussi traditionnelle.",positive,noi_chung
9778,"La décomposition de la représentation décimale des nombres réels était géniale. Merci ! Cela attire également mon attention sur le fait que dans une université de renommée mondiale comme MIT, les cours sont toujours donnés de manière aussi traditionnelle.",positive,chuong_trinh_hoc
9779,J'aime vraiment le conférence vidéo 14 variables non indépendantes de votre,positive,chuong_trinh_hoc
9780,Quelle est l'application de produit scalaire dans le calcul multivar ? Devrions-nous nous attendre à l'utiliser pour réfléchir aux gradients ? Points critiques ?,neutral,kien_thuc
9781,"Nous partons du principe que l'idée fausse de nombres complexes peut conduire à l'incompréhension de algorithmes algébriques. Dans ce cas précis, nous allons également faire face à des pratiques dans les espaces de travail. Construction de C.",neutral,kien_thuc
9781,"Nous partons du principe que l'idée fausse de nombres complexes peut conduire à l'incompréhension de algorithmes algébriques. Dans ce cas précis, nous allons également faire face à des pratiques dans les espaces de travail. Construction de C.",neutral,kien_thuc
9782,comment puis-je trouver le nombre de pivot dans une matrice ?,neutral,kien_thuc
9783,Lequel livre conviendrait à cette série de conférences ?,neutral,thiet_bi_day_hoc
9784,Super Conférence !! Cela m'a beaucoup aidé.,positive,chuong_trinh_hoc
9785,"56:29 sous-titre correction au lieu de densité de personnalité, il aurait fallu parler de densité de probabilité. Merci pour le contenu =)",neutral,noi_chung
9785,"56:29 sous-titre correction au lieu de densité de personnalité, il aurait fallu parler de densité de probabilité. Merci pour le contenu =)",positive,ky_nang_giang_day
9786,Je ne savais pas que 18.06 existait depuis des siècles mdr. Le examen de l'année zéro.,negative,noi_chung
9786,Je ne savais pas que 18.06 existait depuis des siècles mdr. Le examen de l'année zéro.,negative,chuong_trinh_hoc
9787,Génial vidéo monsieur ! Merci à vous !,positive,chuong_trinh_hoc
9787,Génial vidéo monsieur ! Merci à vous !,positive,ky_nang_giang_day
9788,"14:11 - il vient de se lancer dans cela. Aucune théorie, aucune description du « plan » derrière ce que nous faisions. Pouvons-nous obtenir une THÉORIE de cela au lieu de perdre du temps à travailler sur l'algèbre ? Que FAISONS-NOUS réellement avec ces idées ?",negative,kien_thuc
9789,J'ai cliqué dessus par accident et je l'ai regardé. J'étais censé regarder Yoona's Big Mouth sur Disney+. Merci Prof Strang pour ces informations.,neutral,ky_nang_giang_day
9790,"C'est en fait une conférence de merde , il n'explique même pas ce que signifie intégrer les deux côtés",negative,chuong_trinh_hoc
9791,"Si la matrice a toutes les connexions, elle a éventuellement des cycles, mais ce n'est pas un échec. Qu'est-ce qu'une rigueur correcte critères ?",neutral,kien_thuc
9792,"Je les ai remarqués depuis que j'ai regardé la 4e conférence ... Je pense que c'est une sorte de commentaires générés par ordinateur que quelqu'un au MIT utilise. Mais dans quel but, je ne suis pas sûr. C'est une merde flippante",negative,chuong_trinh_hoc
9792,"Je les ai remarqués depuis que j'ai regardé la 4e conférence ... Je pense que c'est une sorte de commentaires générés par ordinateur que quelqu'un au MIT utilise. Mais dans quel but, je ne suis pas sûr. C'est une merde flippante",negative,noi_chung
9793,"Si Platon avait raison à propos de la théorie des formes, je suis presque sûr que c'est l'IDÉAL conférence.",positive,chuong_trinh_hoc
9794,"Eh bien, il a littéralement écrit le livre !",positive,ky_nang_giang_day
9795,"J'aime aussi cette série de conférence, mais dans cette conférence je trouve qu'il n'explique pas assez perpendiculaire). L'exemple  avec le tableau noir et le sol est juste déroutant (pour moi et mes collègues au moins), car ils forment évidemment un angle droit et sont donc (8: perpendiculaire). Et évidemment, ils sont tous les deux des sous-espaces. Ce qui me fait penser que la définition est fausse, ce qui n'est sûrement pas le cas.",negative,chuong_trinh_hoc
9795,"J'aime aussi cette série de conférence, mais dans cette conférence je trouve qu'il n'explique pas assez perpendiculaire). L'exemple  avec le tableau noir et le sol est juste déroutant (pour moi et mes collègues au moins), car ils forment évidemment un angle droit et sont donc (8: perpendiculaire). Et évidemment, ils sont tous les deux des sous-espaces. Ce qui me fait penser que la définition est fausse, ce qui n'est sûrement pas le cas.",negative,kien_thuc
9795,"J'aime aussi cette série de conférence, mais dans cette conférence je trouve qu'il n'explique pas assez perpendiculaire). L'exemple  avec le tableau noir et le sol est juste déroutant (pour moi et mes collègues au moins), car ils forment évidemment un angle droit et sont donc (8: perpendiculaire). Et évidemment, ils sont tous les deux des sous-espaces. Ce qui me fait penser que la définition est fausse, ce qui n'est sûrement pas le cas.",neutral,thiet_bi_day_hoc
9795,"J'aime aussi cette série de conférence, mais dans cette conférence je trouve qu'il n'explique pas assez perpendiculaire). L'exemple  avec le tableau noir et le sol est juste déroutant (pour moi et mes collègues au moins), car ils forment évidemment un angle droit et sont donc (8: perpendiculaire). Et évidemment, ils sont tous les deux des sous-espaces. Ce qui me fait penser que la définition est fausse, ce qui n'est sûrement pas le cas.",positive,thiet_bi_day_hoc
9795,"J'aime aussi cette série de conférence, mais dans cette conférence je trouve qu'il n'explique pas assez perpendiculaire). L'exemple  avec le tableau noir et le sol est juste déroutant (pour moi et mes collègues au moins), car ils forment évidemment un angle droit et sont donc (8: perpendiculaire). Et évidemment, ils sont tous les deux des sous-espaces. Ce qui me fait penser que la définition est fausse, ce qui n'est sûrement pas le cas.",negative,ky_nang_giang_day
9795,"J'aime aussi cette série de conférence, mais dans cette conférence je trouve qu'il n'explique pas assez perpendiculaire). L'exemple  avec le tableau noir et le sol est juste déroutant (pour moi et mes collègues au moins), car ils forment évidemment un angle droit et sont donc (8: perpendiculaire). Et évidemment, ils sont tous les deux des sous-espaces. Ce qui me fait penser que la définition est fausse, ce qui n'est sûrement pas le cas.",neutral,thiet_bi_day_hoc
9795,"J'aime aussi cette série de conférence, mais dans cette conférence je trouve qu'il n'explique pas assez perpendiculaire). L'exemple  avec le tableau noir et le sol est juste déroutant (pour moi et mes collègues au moins), car ils forment évidemment un angle droit et sont donc (8: perpendiculaire). Et évidemment, ils sont tous les deux des sous-espaces. Ce qui me fait penser que la définition est fausse, ce qui n'est sûrement pas le cas.",neutral,kien_thuc
9795,"J'aime aussi cette série de conférence, mais dans cette conférence je trouve qu'il n'explique pas assez perpendiculaire). L'exemple  avec le tableau noir et le sol est juste déroutant (pour moi et mes collègues au moins), car ils forment évidemment un angle droit et sont donc (8: perpendiculaire). Et évidemment, ils sont tous les deux des sous-espaces. Ce qui me fait penser que la définition est fausse, ce qui n'est sûrement pas le cas.",neutral,kien_thuc
9795,"J'aime aussi cette série de conférence, mais dans cette conférence je trouve qu'il n'explique pas assez perpendiculaire). L'exemple  avec le tableau noir et le sol est juste déroutant (pour moi et mes collègues au moins), car ils forment évidemment un angle droit et sont donc (8: perpendiculaire). Et évidemment, ils sont tous les deux des sous-espaces. Ce qui me fait penser que la définition est fausse, ce qui n'est sûrement pas le cas.",neutral,kien_thuc
9796,"C'est une belle conférence sur élimination des matrices que j'apprends enfin pour la première fois. DR. Strang, j'aime la façon dont vous expliquez multiplication de matrices.",positive,chuong_trinh_hoc
9796,"C'est une belle conférence sur élimination des matrices que j'apprends enfin pour la première fois. DR. Strang, j'aime la façon dont vous expliquez multiplication de matrices.",positive,ky_nang_giang_day
9796,"C'est une belle conférence sur élimination des matrices que j'apprends enfin pour la première fois. DR. Strang, j'aime la façon dont vous expliquez multiplication de matrices.",positive,kien_thuc
9796,"C'est une belle conférence sur élimination des matrices que j'apprends enfin pour la première fois. DR. Strang, j'aime la façon dont vous expliquez multiplication de matrices.",positive,kien_thuc
9797,Personne : Dr. Strang n'a gardé la même tenue sauf les jours 2 et 3 cours où il a enfilé le pull par-dessus la chemise.,positive,ky_nang_giang_day
9797,Personne : Dr. Strang n'a gardé la même tenue sauf les jours 2 et 3 cours où il a enfilé le pull par-dessus la chemise.,positive,chuong_trinh_hoc
9798,grad(f) n'est-il pas censé être [x by] au lieu de [2x 2by] ?,neutral,kien_thuc
9798,grad(f) n'est-il pas censé être [x by] au lieu de [2x 2by] ?,neutral,kien_thuc
9798,grad(f) n'est-il pas censé être [x by] au lieu de [2x 2by] ?,neutral,kien_thuc
9799,"Indépendance, fondement et dimension. Hmm, ça ressemble à un titre de Robert Nozick. Merci Dr. Strang !",positive,ky_nang_giang_day
9800,"Je suis très reconnaissant pour ces conférences. Cependant, le mouvement de caméra est parfois ennuyeux.",positive,chuong_trinh_hoc
9800,"Je suis très reconnaissant pour ces conférences. Cependant, le mouvement de caméra est parfois ennuyeux.",negative,thiet_bi_day_hoc
9801,"46:15 Putain ! Il a donné un avant-goût de algèbre abstraite juste là ! Je viens de terminer algèbre abstraite et je regardais juste ces conférences parce que... Je n'ai pas besoin d'une raison, et je viens de m'en rendre compte maintenant ! Prof Strang est incroyable. Je suis content de pouvoir regarder ces conférences de n'importe où et à tout moment :)",positive,chuong_trinh_hoc
9801,"46:15 Putain ! Il a donné un avant-goût de algèbre abstraite juste là ! Je viens de terminer algèbre abstraite et je regardais juste ces conférences parce que... Je n'ai pas besoin d'une raison, et je viens de m'en rendre compte maintenant ! Prof Strang est incroyable. Je suis content de pouvoir regarder ces conférences de n'importe où et à tout moment :)",positive,ky_nang_giang_day
9801,"46:15 Putain ! Il a donné un avant-goût de algèbre abstraite juste là ! Je viens de terminer algèbre abstraite et je regardais juste ces conférences parce que... Je n'ai pas besoin d'une raison, et je viens de m'en rendre compte maintenant ! Prof Strang est incroyable. Je suis content de pouvoir regarder ces conférences de n'importe où et à tout moment :)",positive,ky_nang_giang_day
9801,"46:15 Putain ! Il a donné un avant-goût de algèbre abstraite juste là ! Je viens de terminer algèbre abstraite et je regardais juste ces conférences parce que... Je n'ai pas besoin d'une raison, et je viens de m'en rendre compte maintenant ! Prof Strang est incroyable. Je suis content de pouvoir regarder ces conférences de n'importe où et à tout moment :)",positive,chuong_trinh_hoc
9802,"J'ai parlé de ce sujet en ce moment, je n'y comprends rien - manque de confiance en moi. Mais en regardant ça lecutre - je comprends tout à nouveau.",positive,chuong_trinh_hoc
9803,Gilbert Strang - une légende en devenir...,positive,ky_nang_giang_day
9804,numériquement incorrect. J'ai accepté que les unités étaient correctes il y a plus d'un mois. Apprenez à lire s'il vous plaît.,positive,kien_thuc
9805,GOAT Cours magistraux comme premier cours en probabilités,positive,chuong_trinh_hoc
9805,GOAT Cours magistraux comme premier cours en probabilités,positive,kien_thuc
9806,29:33 devrait être que vous pouvez trouver un vecteur x non nul avec Ax=0,neutral,kien_thuc
9806,29:33 devrait être que vous pouvez trouver un vecteur x non nul avec Ax=0,neutral,kien_thuc
9807,La passion pour les mathématiques et leur enseignement transparaît toi et elle est vraiment contagieuse. Je te serai éternellement reconnaissante. <3,positive,ky_nang_giang_day
9808,"Pourquoi cette vidéo n'a été vue que 300 000 fois = 30 000 fois par an dans le monde entier. Il y a des millions d'étudiants en ingénierie, en mathématiques et en sciences qui ont besoin algèbre linéaire chaque année.",neutral,chuong_trinh_hoc
9808,"Pourquoi cette vidéo n'a été vue que 300 000 fois = 30 000 fois par an dans le monde entier. Il y a des millions d'étudiants en ingénierie, en mathématiques et en sciences qui ont besoin algèbre linéaire chaque année.",positive,kien_thuc
9809,"Dr. Strang Merci de m'avoir aidé à réapprendre l'algèbre linéaire et ses concepts importants. Lorsque j'ai suivi ce cours à l'Université du Maryland Baltimore County, le professeur ne se souciait pas de savoir si je l'apprenais ou non.",positive,ky_nang_giang_day
9809,"Dr. Strang Merci de m'avoir aidé à réapprendre l'algèbre linéaire et ses concepts importants. Lorsque j'ai suivi ce cours à l'Université du Maryland Baltimore County, le professeur ne se souciait pas de savoir si je l'apprenais ou non.",negative,ky_nang_giang_day
9810,"Dans 22:38, le dF/dt n'est-il pas un vecteur ? Quelqu'un peut-il expliquer. Merci",neutral,kien_thuc
9811,« Nous ne savons pas vraiment ce que signifie diviser par des différentiels. » J'aurais juré qu'Abraham Robinson était célèbre pour quelque chose... c'était quoi déjà ?,neutral,kien_thuc
9812,Légende des mathématiques. Merci monsieur pour votre amour envers les étudiants et l'enseignement les mathématiques,positive,ky_nang_giang_day
9812,Légende des mathématiques. Merci monsieur pour votre amour envers les étudiants et l'enseignement les mathématiques,positive,kien_thuc
9813,"Mmm ce dernier problème : que matrice 3x2 se multiplie par matrice zéro [0,0] ne donne pas une autre matrice zéro ?!",neutral,kien_thuc
9813,"Mmm ce dernier problème : que matrice 3x2 se multiplie par matrice zéro [0,0] ne donne pas une autre matrice zéro ?!",neutral,kien_thuc
9814,"Je pense que le cours commence à devenir confus à partir de 18h30, avec des éclaircissements occasionnels prof. Strang qui commencent à jeter des faits qui n'ont pas de liens logiques clairs. Par exemple, l'introduction du Hessenberg supérieur, du tri-diagonal et du bi-diagonal, pourquoi nous les recherchons et en quoi aident-ils les méthodes QR ne me sont pas très naturelles.",negative,ky_nang_giang_day
9815,J'aime vraiment le Vidéo conférence 07 : Critique. De votre,positive,chuong_trinh_hoc
9816,18:06 Pourquoi a-t-il soustrait 2 unités ?,neutral,kien_thuc
9817,je pense qu'il y a une très petite erreur dans le graphique de (a_i*x-b^2). La limite de la zone de confusion n'est pas a_i/b_i mais b_i/a_i,neutral,kien_thuc
9817,je pense qu'il y a une très petite erreur dans le graphique de (a_i*x-b^2). La limite de la zone de confusion n'est pas a_i/b_i mais b_i/a_i,neutral,kien_thuc
9817,je pense qu'il y a une très petite erreur dans le graphique de (a_i*x-b^2). La limite de la zone de confusion n'est pas a_i/b_i mais b_i/a_i,neutral,kien_thuc
9817,je pense qu'il y a une très petite erreur dans le graphique de (a_i*x-b^2). La limite de la zone de confusion n'est pas a_i/b_i mais b_i/a_i,neutral,kien_thuc
9818,Cet article porte sur les mathématiciens qui ont découvert que le moyen le plus rapide de multiplier est n*log(n) étapes au lieu du n^2 habituel.https://www.quantamagazine.org/mathematicians-discover-the-perfect-way-to-multiply-20190411/ le professeur Strang vous montre comment cela se passe dans cette conférence.,neutral,ky_nang_giang_day
9819,N'oubliez pas un autre avantage du MIT : le MIT partage des choses comme celles-ci les conférences.,positive,chuong_trinh_hoc
9820,Cet homme est vraiment drôle,positive,ky_nang_giang_day
9821,cela m'inspire une petite contribution au MIT OCW,neutral,chuong_trinh_hoc
9822,Très utile pour les futurs étudiants ! Super travail ! Merci !,positive,ky_nang_giang_day
9822,Très utile pour les futurs étudiants ! Super travail ! Merci !,positive,chuong_trinh_hoc
9823,Pourquoi espace nul de A est-il dans Rn au lieu de Rm alors que les vecteurs de solutions spéciales ont m composantes,neutral,kien_thuc
9823,Pourquoi espace nul de A est-il dans Rn au lieu de Rm alors que les vecteurs de solutions spéciales ont m composantes,neutral,kien_thuc
9823,Pourquoi espace nul de A est-il dans Rn au lieu de Rm alors que les vecteurs de solutions spéciales ont m composantes,neutral,kien_thuc
9823,Pourquoi espace nul de A est-il dans Rn au lieu de Rm alors que les vecteurs de solutions spéciales ont m composantes,neutral,kien_thuc
9824,Merci pour le merveilleux contenu :D le professeur Strang est mon modèle. Il a la beauté qui ne rouille pas avec le temps.,positive,chuong_trinh_hoc
9824,Merci pour le merveilleux contenu :D le professeur Strang est mon modèle. Il a la beauté qui ne rouille pas avec le temps.,positive,ky_nang_giang_day
9825,"Super cours magistral. Quelqu'un pourrait-il répondre à ma question : je comprends que le vecteur d'erreur (b-p) est le plus petit lorsque e est orthogonal à l'espace des colonnes. Ce qui me trouble, c'est la partie erreur au carré. En utilisant la projection, je pensais que ce qui était résolu était le Xhat qui pourrait minimiser le vecteur d'erreur au lieu du carré de l'erreur. Quelqu'un pourrait-il m'aider à clarifier cela ?",positive,chuong_trinh_hoc
9825,"Super cours magistral. Quelqu'un pourrait-il répondre à ma question : je comprends que le vecteur d'erreur (b-p) est le plus petit lorsque e est orthogonal à l'espace des colonnes. Ce qui me trouble, c'est la partie erreur au carré. En utilisant la projection, je pensais que ce qui était résolu était le Xhat qui pourrait minimiser le vecteur d'erreur au lieu du carré de l'erreur. Quelqu'un pourrait-il m'aider à clarifier cela ?",neutral,kien_thuc
9826,@[USERNAME]Je pense que x est limité aux nombres compris entre 0 et 1,neutral,kien_thuc
9827,Quelqu'un d'autre pense qu'il parle des mathématiques avec la même passion que Walter White pour Chimie ? J'adore ce type.,positive,ky_nang_giang_day
9827,Quelqu'un d'autre pense qu'il parle des mathématiques avec la même passion que Walter White pour Chimie ? J'adore ce type.,positive,noi_chung
9827,Quelqu'un d'autre pense qu'il parle des mathématiques avec la même passion que Walter White pour Chimie ? J'adore ce type.,positive,noi_chung
9828,@[USERNAME]Je ne crois pas avoir jamais appris que les vecteurs propres d'une matrice symétrique (ou orthogonale) sont orthogonaux. Cela semble... magique...,neutral,kien_thuc
9829,Qui d'autre regarde ça à 2x ?,neutral,chuong_trinh_hoc
9830,"En fait, j'ai remarqué la CONFUSION SURFACE VOLUME la toute première fois et j'ai également compris la puissance de 1 :) Je mérite donc un merci d'un professeur du MIT... Hourra !",positive,kien_thuc
9831,"@[USERNAME]Vous avez besoin d'un minimum de pré-calcul. Les étudiants ne sautent généralement pas multi-calcul (bien qu'ils le puissent) car très peu de lycées enseignent le calcul multi-calcul, bien qu'ils proposent un examen de niveau avancé pour le sauter si vous avez appris comme vous l'avez fait.",neutral,kien_thuc
9831,"@[USERNAME]Vous avez besoin d'un minimum de pré-calcul. Les étudiants ne sautent généralement pas multi-calcul (bien qu'ils le puissent) car très peu de lycées enseignent le calcul multi-calcul, bien qu'ils proposent un examen de niveau avancé pour le sauter si vous avez appris comme vous l'avez fait.",neutral,kien_thuc
9832,pourquoi devons-nous écrire dx dans une intégrale ??,neutral,kien_thuc
9832,pourquoi devons-nous écrire dx dans une intégrale ??,neutral,kien_thuc
9833,"Je suis étudiant en ingénierie et je cherchais cela depuis très longtemps. analyse réelle, analyse fonctionnelle. J'espère qu'à l'avenir il y aura analyse complexe. C'est extrêmement utile pour le traitement du signal numérique. Une chose étrange est qu'actuellement, tous les éléments d'apprentissage automatique ne sont pas conçus pour des choses qui contiennent nombre complexe",positive,kien_thuc
9833,"Je suis étudiant en ingénierie et je cherchais cela depuis très longtemps. analyse réelle, analyse fonctionnelle. J'espère qu'à l'avenir il y aura analyse complexe. C'est extrêmement utile pour le traitement du signal numérique. Une chose étrange est qu'actuellement, tous les éléments d'apprentissage automatique ne sont pas conçus pour des choses qui contiennent nombre complexe",positive,kien_thuc
9833,"Je suis étudiant en ingénierie et je cherchais cela depuis très longtemps. analyse réelle, analyse fonctionnelle. J'espère qu'à l'avenir il y aura analyse complexe. C'est extrêmement utile pour le traitement du signal numérique. Une chose étrange est qu'actuellement, tous les éléments d'apprentissage automatique ne sont pas conçus pour des choses qui contiennent nombre complexe",positive,kien_thuc
9833,"Je suis étudiant en ingénierie et je cherchais cela depuis très longtemps. analyse réelle, analyse fonctionnelle. J'espère qu'à l'avenir il y aura analyse complexe. C'est extrêmement utile pour le traitement du signal numérique. Une chose étrange est qu'actuellement, tous les éléments d'apprentissage automatique ne sont pas conçus pour des choses qui contiennent nombre complexe",neutral,kien_thuc
9833,"Je suis étudiant en ingénierie et je cherchais cela depuis très longtemps. analyse réelle, analyse fonctionnelle. J'espère qu'à l'avenir il y aura analyse complexe. C'est extrêmement utile pour le traitement du signal numérique. Une chose étrange est qu'actuellement, tous les éléments d'apprentissage automatique ne sont pas conçus pour des choses qui contiennent nombre complexe",neutral,kien_thuc
9835,"ngl, bien vidéo, mais la miniature fait flipper",positive,chuong_trinh_hoc
9836,"Excellent, excellent cours magistral car Pr Strang éclaire et se concentre sur les idées clés et la signification intuitive - pas seulement sur la mécanique comme le font la plupart des livres et des tutoriels. Merci, Pr Strang, de partager votre grand esprit et vos compétences en tant que grand éducateur !",positive,chuong_trinh_hoc
9836,"Excellent, excellent cours magistral car Pr Strang éclaire et se concentre sur les idées clés et la signification intuitive - pas seulement sur la mécanique comme le font la plupart des livres et des tutoriels. Merci, Pr Strang, de partager votre grand esprit et vos compétences en tant que grand éducateur !",positive,ky_nang_giang_day
9837,"Combien de fois le fait de regarder une conférence vous a-t-il fait sourire ? Je souriais constamment, à chaque fois qu'il soulignait quelque chose auquel je n'avais pas pensé dans la manière dont il le mentionnait. Un professeur vraiment incroyable prof !",positive,ky_nang_giang_day
9837,"Combien de fois le fait de regarder une conférence vous a-t-il fait sourire ? Je souriais constamment, à chaque fois qu'il soulignait quelque chose auquel je n'avais pas pensé dans la manière dont il le mentionnait. Un professeur vraiment incroyable prof !",positive,ky_nang_giang_day
9838,Le prof est assez drôle.,positive,ky_nang_giang_day
9839,"J'espère que la plupart d'entre vous ont remarqué qu'à 42:21, nous avions affaire à un ""fonction toilettes"" ;)",positive,kien_thuc
9840,Je t'aime monsieur. Je t'aime depuis l'Inde.,positive,ky_nang_giang_day
9841,"@3:30, pourquoi omet-il les scalaires sigma (valeurs singulières) dans cette somme de vecteurs singuliers gauche et droit pour produire X ? Est-ce exact ?",negative,kien_thuc
9842,Un maître vivant de l'algèbre linéaire qui ne se laisse pas intimider par les idées spontanées lorsqu'il articule les significations plus profondes cachées dans la mystérieuse créature mathématique appelée matrices.,positive,ky_nang_giang_day
9843,"Merci MIT, merci M. Strang, c'est ainsi que TOUT devrait être enseigné !!!",positive,noi_chung
9843,"Merci MIT, merci M. Strang, c'est ainsi que TOUT devrait être enseigné !!!",positive,ky_nang_giang_day
9844,Il construit au adjoint pour moyenne triviale. Bien joué.,positive,ky_nang_giang_day
9844,Il construit au adjoint pour moyenne triviale. Bien joué.,positive,kien_thuc
9844,Il construit au adjoint pour moyenne triviale. Bien joué.,positive,kien_thuc
9845,"Cela semble être une bonne introduction cours et je trouve utile de revoir et de rafraîchir mes connaissances antérieures. Il existe également une merveilleuse série de conférences du MIT réalisée en 1970 par l'étonnant Herb Gross, intitulée « Calculus Revisited ». Herb est toujours en vie et fait de nouvelles vidéos sur les mathématiques du primaire et du secondaire. Si vous commentez ses vidéos de calcul, il pourrait bien vous répondre. C'est vraiment un conférencier unique et merveilleux, et je recommande vivement cette série. Vous pouvez la trouver sur YouTube ou sur le même site sur lequel se trouve cette série de conférences.",positive,de_xuat
9846,"Plus je regarde ces vidéos, plus je déteste le le caméraman",negative,thiet_bi_day_hoc
9847,Très sympa et concis explication. Merci.,positive,thiet_bi_day_hoc
9848,J'ai suivi toute la série et c'est le MEILLEUR cours de statistiques que j'ai jamais suivi. Merci Prof Tsitsiklis pour votre clarté et votre concision. Je n'aurais jamais imaginé qu'un cours de statistiques pour débutants améliorerait autant ma compréhension et me donnerait autant de confiance. C'est magique !,positive,chuong_trinh_hoc
9848,J'ai suivi toute la série et c'est le MEILLEUR cours de statistiques que j'ai jamais suivi. Merci Prof Tsitsiklis pour votre clarté et votre concision. Je n'aurais jamais imaginé qu'un cours de statistiques pour débutants améliorerait autant ma compréhension et me donnerait autant de confiance. C'est magique !,positive,ky_nang_giang_day
9849,"Même si Dieu avait enseigné l'algèbre linéaire, cela n'aurait pas été mieux que cela.",positive,chuong_trinh_hoc
9850,"Vers 33:30, comment savons-nous que x=xp+xn donne une solution complète de Bx=b ? La façon dont je pense est que B*xp+B*xn=b+0, donc nous n'obtenons qu'une seule solution particulière que nous avons choisie arbitrairement. Puis-je faire combinaisons linéaires avec les vecteurs de base de l'espace nul pour obtenir toutes les autres solutions ou que me manque-t-il ? Merci",neutral,kien_thuc
9850,"Vers 33:30, comment savons-nous que x=xp+xn donne une solution complète de Bx=b ? La façon dont je pense est que B*xp+B*xn=b+0, donc nous n'obtenons qu'une seule solution particulière que nous avons choisie arbitrairement. Puis-je faire combinaisons linéaires avec les vecteurs de base de l'espace nul pour obtenir toutes les autres solutions ou que me manque-t-il ? Merci",neutral,kien_thuc
9851,"En venant de conférence 4, j'ai l'impression que mes oreilles sont sensuellement caressées.",positive,chuong_trinh_hoc
9852,"Pour tous ceux qui regardent ceci et qui n'ont pas l'impression de bien comprendre le concept, le professeur Strang a une mise à jour une conférence dans 18.065 sur le SVD, qui, je pense, l'expose de manière plus claire : https://youtu.be/rYz83XPxiZo",positive,ky_nang_giang_day
9852,"Pour tous ceux qui regardent ceci et qui n'ont pas l'impression de bien comprendre le concept, le professeur Strang a une mise à jour une conférence dans 18.065 sur le SVD, qui, je pense, l'expose de manière plus claire : https://youtu.be/rYz83XPxiZo",positive,chuong_trinh_hoc
9853,"J'adore le fait qu'il n'ait même pas besoin de l'expliquer soigneusement, mais tout le monde était déjà intéressé par Algèbre linéaire qu'il enseignait. Il encourage vraiment les étudiants à réfléchir à d'autres idées en se basant sur les connaissances solides qu'il pourrait leur fournir.",positive,ky_nang_giang_day
9853,"J'adore le fait qu'il n'ait même pas besoin de l'expliquer soigneusement, mais tout le monde était déjà intéressé par Algèbre linéaire qu'il enseignait. Il encourage vraiment les étudiants à réfléchir à d'autres idées en se basant sur les connaissances solides qu'il pourrait leur fournir.",positive,chuong_trinh_hoc
9854,J'ai suivi le cours 18.06 en 1992 et il l'a enseigné. Des cours formidables et un professeur génial.,positive,ky_nang_giang_day
9855,Est-ce que quelqu'un a des solutions aux ensembles de problèmes sur ocw ?,neutral,kien_thuc
9856,"Mon camarade de classe et moi avons étudié indépendamment Calc BC... on nous a dit d'apprendre substitutions trigonométriques, nous avons passé 2 à 3 semaines dessus, puis nous avons découvert qu'ils n'étaient pas à l'examen AP -.- *soupir* substitutions trigonométriques ça fout tout le monde en l'air.",negative,kien_thuc
9857,"Vous êtes l'un des meilleurs professeurs monsieur Cordialement, bonne santé depuis l'Inde...",positive,ky_nang_giang_day
9858,Il a simplement implanté nonchalamment l'idée de la théorie des groupes à la toute fin de la conférence - Génie ! Si seulement on pouvait faire une playlist de mathématiques de tous les meilleurs conférences) du monde... peut-être que je le ferai.,positive,ky_nang_giang_day
9858,Il a simplement implanté nonchalamment l'idée de la théorie des groupes à la toute fin de la conférence - Génie ! Si seulement on pouvait faire une playlist de mathématiques de tous les meilleurs conférences) du monde... peut-être que je le ferai.,positive,chuong_trinh_hoc
9859,"Sans conteste l'une des conférences les plus intéressantes. La façon dont le professeur a montré des idées de recherche ici et là et presque partout m'a époustouflé. C'était très très intéressant, et le meilleur, c'est qu'il est également abordable pour les non-mathématiques (je pensais que cela venait d'un mathématicien, mais j'ai l'impression que la partie mathématique est très petite, c'était plus du côté intuitif de SGD).",positive,ky_nang_giang_day
9859,"Sans conteste l'une des conférences les plus intéressantes. La façon dont le professeur a montré des idées de recherche ici et là et presque partout m'a époustouflé. C'était très très intéressant, et le meilleur, c'est qu'il est également abordable pour les non-mathématiques (je pensais que cela venait d'un mathématicien, mais j'ai l'impression que la partie mathématique est très petite, c'était plus du côté intuitif de SGD).",positive,kien_thuc
9860,a-t-il toujours été vieux ? :P,neutral,ky_nang_giang_day
9861,"... et ils se rencontrent par hasard, eh bien, ils étaient *convenus pour se rencontrer* à point x = 1, y = 2 ! :))",neutral,kien_thuc
9861,"... et ils se rencontrent par hasard, eh bien, ils étaient *convenus pour se rencontrer* à point x = 1, y = 2 ! :))",neutral,kien_thuc
9862,"11:20 la (matrice 1:) n'est pas une rotation d'un angle quelconque, c'est en fait une réflexion. (Vous pouvez le voir du fait que det(Q)=-1)",neutral,kien_thuc
9863,"Les gens normaux à 65 ans ou moins : J'ai enfin eu un soulagement de l'agitation de la vie Gilbert Strangs dans le futur à 90 ans : Aujourd'hui, nous allons commencer les méthodes matricielles....",positive,ky_nang_giang_day
9864,"Quelle conférence incroyable , merci !",positive,chuong_trinh_hoc
9865,"J'ai terminé cette conférence le 16 septembre 2022 à 22h35. Merci Prof. Strang, le dernier mois (7 août - 16 septembre) a été si merveilleux, mémorable.",positive,ky_nang_giang_day
9866,"l'intégrale sur le chaudron de la sorcière exemple donne simplement l'énergie totale à l'intérieur du chaudron, n'est-ce pas ? j'ai adoré ça conférence !",positive,chuong_trinh_hoc
9866,"l'intégrale sur le chaudron de la sorcière exemple donne simplement l'énergie totale à l'intérieur du chaudron, n'est-ce pas ? j'ai adoré ça conférence !",positive,noi_chung
9867,"J'ai essayé d'étudier les différentiels à travers de multiples sources et je suis toujours confus. Dans cette vidéo, il aborde explicitement le problème de la confiance dans les différentiels. C'est la première fois que je saisis le concept.",positive,ky_nang_giang_day
9868,Est-ce que quelqu'un d'autre aime vraiment le craie jaune à 13:37 ?,negative,thiet_bi_day_hoc
9869,Le professeur Gilbert Strang est une légende à part entière !,positive,ky_nang_giang_day
9870,Feynman aurait adoré Prof Strang.,positive,ky_nang_giang_day
9871,"Je pense qu'il a fait une erreur sur A+B avant 26:23 parce que je ne suis pas tout à fait sûr mais d'après ce que j'ai vu, il a formé un rectangle qui a une longueur A et une largeur B, cependant il a dit que A+B est la diagonale de ce rectangle, mais théoriquement parlant toutes les diagonales d'un rectangle sont la racine carrée de la somme de la longueur au carré et de la largeur au carré. n'est-ce pas ? et avant que la vidéo n'atteigne 23:33, je vois quelques étudiants poser la question que j'aurais dû poser. Mais PERSONNE N'EST PARFAIT. alors s'il vous plaît soyez gentil avec lui.",neutral,ky_nang_giang_day
9872,"Je ne trouve pas de bon cours d'optimisation (avec cours vidéo) sur le site Web du MIT, une suggestion ?",neutral,de_xuat
9872,"Je ne trouve pas de bon cours d'optimisation (avec cours vidéo) sur le site Web du MIT, une suggestion ?",neutral,de_xuat
9873,la seule partie du calcul à une seule variable que je n'aime pas... principalement parce que je manque toujours de papier pour résoudre ces problèmes !,neutral,chuong_trinh_hoc
9874,48:58 pourquoi n'est-ce pas 1/2 * a1 * 2u1/sqrt(u1^2+h^2 ) ?,neutral,kien_thuc
9875,"Chapeau bas Professeur, vous êtes une inspiration !",positive,ky_nang_giang_day
9876,"Très bien, mais on pourrait penser que le MIT pourrait se permettre mieux des effaceurs pour tableau noir.",negative,thiet_bi_day_hoc
9877,"Je suis un étudiant en informatique qui regarde ces cours conférences parce que j'avais le sentiment que je devais mieux comprendre l'algèbre linéaire pour deux domaines : l'apprentissage automatique et l'information quantique. C'est incroyable que ces deux domaines se chevauchent dans ce cours d'algèbre linéaire (le ML a été abordé lorsque nous avons étudié les matrices de projection, car c'est exactement la solution sous forme fermée de la régression linéaire), et maintenant le QI qui utilise des espaces vectoriels complexes est couvert. :)",positive,chuong_trinh_hoc
9878,Sympa vidéo. Je n'ai jamais vu de rising tableaux noirs. Ce serait bien d'avoir ça quand j'enseigne hehe.,positive,chuong_trinh_hoc
9878,Sympa vidéo. Je n'ai jamais vu de rising tableaux noirs. Ce serait bien d'avoir ça quand j'enseigne hehe.,positive,thiet_bi_day_hoc
9879,J'espère que nous deviendrons voisins au paradis M. Strang.,positive,ky_nang_giang_day
9880,Quelle incroyable conférence de Prof. Jerison,positive,chuong_trinh_hoc
9880,Quelle incroyable conférence de Prof. Jerison,positive,ky_nang_giang_day
9881,Enfin j'ai compris l'origine de la méthode des moindres carrés... (je suis en 2ème année d'aéronautique et ce prof est mille fois meilleur que ceux de ma fac. Quelques uns pourraient apprendre à enseigner en plus du cours d'algèbre),positive,ky_nang_giang_day
9881,Enfin j'ai compris l'origine de la méthode des moindres carrés... (je suis en 2ème année d'aéronautique et ce prof est mille fois meilleur que ceux de ma fac. Quelques uns pourraient apprendre à enseigner en plus du cours d'algèbre),negative,ky_nang_giang_day
9881,Enfin j'ai compris l'origine de la méthode des moindres carrés... (je suis en 2ème année d'aéronautique et ce prof est mille fois meilleur que ceux de ma fac. Quelques uns pourraient apprendre à enseigner en plus du cours d'algèbre),neutral,kien_thuc
9882,Comment puis-je obtenir ce cours manuel ? PDF ou quelque chose comme ça,neutral,thiet_bi_day_hoc
9883,Super cours mais ce serait sympa si les mouvements de caméra étaient moins importants. Il écrit assez clairement et très proprement. Super prof aussi,positive,chuong_trinh_hoc
9883,Super cours mais ce serait sympa si les mouvements de caméra étaient moins importants. Il écrit assez clairement et très proprement. Super prof aussi,positive,ky_nang_giang_day
9884,C'est comme regarder quelqu'un comme Aristote enseigner,positive,noi_chung
9884,C'est comme regarder quelqu'un comme Aristote enseigner,positive,ky_nang_giang_day
9885,"Oh, il est vraiment un super professeur !!! avec pause appropriée et une vitesse modérée !! Je suis content d'apprendre beaucoup.",positive,ky_nang_giang_day
9885,"Oh, il est vraiment un super professeur !!! avec pause appropriée et une vitesse modérée !! Je suis content d'apprendre beaucoup.",positive,thiet_bi_day_hoc
9885,"Oh, il est vraiment un super professeur !!! avec pause appropriée et une vitesse modérée !! Je suis content d'apprendre beaucoup.",positive,thiet_bi_day_hoc
9886,"33:18 Le flirt commence à ligne 2, pas à ligne de la matrice je veux dire.",neutral,kien_thuc
9886,"33:18 Le flirt commence à ligne 2, pas à ligne de la matrice je veux dire.",neutral,kien_thuc
9887,Ce mec doit être payé tellement cher,neutral,ky_nang_giang_day
9888,"les gars, à la fin de la vidéo, pourquoi b(transpose * q1 = 0), comme a(transpose)*q2 est 0 ?",negative,kien_thuc
9889,"Même à un âge avancé, il est très vif. J'ai vu des professeurs âgés se perdre dans leurs idées, mais cet homme est extrêmement vif. Il donne de très bons cours et il enseigne avec brio.",positive,ky_nang_giang_day
9890,c'est quoi Convexe ? comme ça ....hahah,neutral,kien_thuc
9891,C'est très instructif !! Cela me donne envie d'aller à nouveau au cours  demain !!,positive,chuong_trinh_hoc
9892,J'adore ce type. J'enseigne un cours comme celui-ci et je prends des notes. Ces conférences sont un plaisir à écouter ! :),positive,ky_nang_giang_day
9892,J'adore ce type. J'enseigne un cours comme celui-ci et je prends des notes. Ces conférences sont un plaisir à écouter ! :),positive,chuong_trinh_hoc
9893,"@[USERNAME]When the le professeur mentionne que the system est singulier, pourquoi he dit-il que c'est le cas parce que (0,0,..0) est une solution de the system. Un espace nul non trivial de la matrice A ne rend-il pas l'équation the Ax=0 singulière ?",neutral,kien_thuc
9893,"@[USERNAME]When the le professeur mentionne que the system est singulier, pourquoi he dit-il que c'est le cas parce que (0,0,..0) est une solution de the system. Un espace nul non trivial de la matrice A ne rend-il pas l'équation the Ax=0 singulière ?",neutral,chuong_trinh_hoc
9894,"À 4:11, le vecteur nullspace n'est pas composé de 5 zéros ?",neutral,kien_thuc
9895,"Merci Dr. am du Kenya, de l'université de Nairobi, je fais de l'économie, c'est très utile",positive,ky_nang_giang_day
9896,"Au début, ce type style semble maladroit et maladroit, mais 30 minutes plus tard, vous réalisez qu'il vous a complètement aspiré et qu'il vous a totalement hypnotisé. Incroyable enseignement.",negative,thiet_bi_day_hoc
9896,"Au début, ce type style semble maladroit et maladroit, mais 30 minutes plus tard, vous réalisez qu'il vous a complètement aspiré et qu'il vous a totalement hypnotisé. Incroyable enseignement.",positive,chuong_trinh_hoc
9897,un grand merci à ceci prof pour ses efforts pour nous donner un cours sur l'algèbre linéaire,positive,ky_nang_giang_day
9898,"Un homme formidable. Un professeur formidable. Il comprend vraiment l'enseignement. Il devient presque l'élève pendant qu'il enseigne. J'adore son humour. « Feindre la confusion ? » J'aime sa façon d'être terre-à-terre et sans chichis. Mon Dieu, pourquoi mes professeurs ne lui ressemblent-ils pas ?",positive,ky_nang_giang_day
9899,J'ai un diplôme de mathématiques et j'apprécie toujours ces cours magistraux. Auroux est un excellent conférencier.,positive,chuong_trinh_hoc
9899,J'ai un diplôme de mathématiques et j'apprécie toujours ces cours magistraux. Auroux est un excellent conférencier.,positive,ky_nang_giang_day
9900,"À 23:34, pourquoi a_1 et a_2 devraient-ils tous deux être perpendiculaires au vecteur b ? Comment cela peut-il être possible ?",negative,kien_thuc
9900,"À 23:34, pourquoi a_1 et a_2 devraient-ils tous deux être perpendiculaires au vecteur b ? Comment cela peut-il être possible ?",negative,kien_thuc
9900,"À 23:34, pourquoi a_1 et a_2 devraient-ils tous deux être perpendiculaires au vecteur b ? Comment cela peut-il être possible ?",negative,kien_thuc
9900,"À 23:34, pourquoi a_1 et a_2 devraient-ils tous deux être perpendiculaires au vecteur b ? Comment cela peut-il être possible ?",negative,kien_thuc
9901,C'est le top. Merci pour cette connaissance gratuite de qualité ! <3,positive,ky_nang_giang_day
9901,C'est le top. Merci pour cette connaissance gratuite de qualité ! <3,positive,chuong_trinh_hoc
9902,Le professeur a fait du bon travail en expliquant ces concepts afin qu'ils semblent intuitifs :) Merci !,positive,ky_nang_giang_day
9902,Le professeur a fait du bon travail en expliquant ces concepts afin qu'ils semblent intuitifs :) Merci !,positive,kien_thuc
9903,Merci Prof. Strang d'avoir rendu cela disponible gratuitement,positive,ky_nang_giang_day
9903,Merci Prof. Strang d'avoir rendu cela disponible gratuitement,positive,chuong_trinh_hoc
9904,"où sont conférences : 8, 17, 26 et 34 ???",neutral,chuong_trinh_hoc
9905,44:58 Quel est le résultat E fois A ? EA Sports,neutral,kien_thuc
9905,44:58 Quel est le résultat E fois A ? EA Sports,neutral,noi_chung
9906,"J'adore ce type, il montre vraiment la manière COMPLÈTE de faire les choses. Et sa preuve pour la règle du produit est magnifique <3",positive,ky_nang_giang_day
9906,"J'adore ce type, il montre vraiment la manière COMPLÈTE de faire les choses. Et sa preuve pour la règle du produit est magnifique <3",neutral,chuong_trinh_hoc
9907,Génial style d'enseignement...Merci beaucoup !!!,positive,thiet_bi_day_hoc
9908,merci pour la vidéo j'ai insomnie donc je regarde ça en espérant pouvoir dormir,negative,chuong_trinh_hoc
9908,merci pour la vidéo j'ai insomnie donc je regarde ça en espérant pouvoir dormir,negative,chuong_trinh_hoc
9909,"Je suis un étudiant diplômé spécialisé en génie électrique et informatique. Bien que la plupart d'entre nous ayons appris l'algèbre linéaire au cours de nos études de premier cycle, je voudrais vivement recommander ce cours  à ceux qui s'intéressent à l'apprentissage automatique et au traitement du signal. Merci Prof. Strang !",positive,ky_nang_giang_day
9909,"Je suis un étudiant diplômé spécialisé en génie électrique et informatique. Bien que la plupart d'entre nous ayons appris l'algèbre linéaire au cours de nos études de premier cycle, je voudrais vivement recommander ce cours  à ceux qui s'intéressent à l'apprentissage automatique et au traitement du signal. Merci Prof. Strang !",positive,de_xuat
9910,"column space est un nombrecolumn spacebre de lignes, et l'(espace 1: colonnecolumn spacen) est dans R^column space ?",neutral,kien_thuc
9910,"column space est un nombrecolumn spacebre de lignes, et l'(espace 1: colonnecolumn spacen) est dans R^column space ?",neutral,kien_thuc
9911,J'adore la façon dont il dit parallélogramme <3,positive,ky_nang_giang_day
9912,"""plus thêta bouge avec thêta plus il enlève incertitude de thêta..."" wow",neutral,kien_thuc
9912,"""plus thêta bouge avec thêta plus il enlève incertitude de thêta..."" wow",neutral,kien_thuc
9913,J'ai été surpris qu'il n'y ait eu que 200 000 vues pour cette incroyable conférence sur 10 ans.,positive,chuong_trinh_hoc
9913,J'ai été surpris qu'il n'y ait eu que 200 000 vues pour cette incroyable conférence sur 10 ans.,negative,noi_chung
9914,"@[USERNAME]B mais comment savons-nous que B est inversible ? J'ai trouvé une preuve qui ne suppose pas que B est inversible : Supposons que nous ayons x tel que ABx = lambda * x. Multipliez à gauche les deux côtés par B : BABx = lambda * Bx. Cela montre que Bx est un vecteur propre de BA, et sa valeur propre est lambda.",neutral,kien_thuc
9914,"@[USERNAME]B mais comment savons-nous que B est inversible ? J'ai trouvé une preuve qui ne suppose pas que B est inversible : Supposons que nous ayons x tel que ABx = lambda * x. Multipliez à gauche les deux côtés par B : BABx = lambda * Bx. Cela montre que Bx est un vecteur propre de BA, et sa valeur propre est lambda.",neutral,kien_thuc
9915,"Écouter professeur Strang c'est comme regarder un film de science-fiction, de temps en temps je commence à voir exactement le même concept sous différents points de vue.",positive,ky_nang_giang_day
9915,"Écouter professeur Strang c'est comme regarder un film de science-fiction, de temps en temps je commence à voir exactement le même concept sous différents points de vue.",positive,kien_thuc
9916,"@[USERNAME]MDR aurox pourrait te plier en 2 mathématiquement avec son cerveau, mon fils",positive,ky_nang_giang_day
9917,WAAAYYY Mieux que mon prof d'algèbre linéaire,negative,ky_nang_giang_day
9918,Pourquoi notre monde est-il considéré comme tridimensionnel ? Pourquoi ne pourrait-il pas être n-Dimensions ?,neutral,kien_thuc
9919,Pourquoi des choses comme dérivée sont-elles mentionnées de cette façon dans MIT ? C'est facile mathématiques scolaires.,negative,kien_thuc
9919,Pourquoi des choses comme dérivée sont-elles mentionnées de cette façon dans MIT ? C'est facile mathématiques scolaires.,negative,noi_chung
9919,Pourquoi des choses comme dérivée sont-elles mentionnées de cette façon dans MIT ? C'est facile mathématiques scolaires.,neutral,kien_thuc
9920,"S'agit-il d'un cours de mathématiques de premier cycle cours ? Si oui, en quelle année les étudiants suivent-ils généralement ce cours cours ?",neutral,chuong_trinh_hoc
9921,"OK, nous exécutons ici une formule déterminant. mdr !",neutral,kien_thuc
9922,Est-ce que cela a du sens si je sais juste mathématiques de base ?,neutral,kien_thuc
9923,"En fait, j'ai réussi mes 3 cours Algèbre linéaire appliquée avec brio simplement en me souvenant de tous ces résultats parce que le professeur n'a jamais essayé d'expliquer ce qui se passe en coulisses. Donc après presque 20 ans, je suis toujours là à essayer de comprendre ce qui se passe. J'aurais dû aller à MIT.",positive,noi_chung
9923,"En fait, j'ai réussi mes 3 cours Algèbre linéaire appliquée avec brio simplement en me souvenant de tous ces résultats parce que le professeur n'a jamais essayé d'expliquer ce qui se passe en coulisses. Donc après presque 20 ans, je suis toujours là à essayer de comprendre ce qui se passe. J'aurais dû aller à MIT.",negative,chuong_trinh_hoc
9924,L'intelligence est la possession de la connaissance... l'intelligence = être capable d'apprendre et/ou d'appliquer ou d'utiliser les connaissances.,positive,ky_nang_giang_day
9925,Le meilleur discussion sur Bayes que j'ai rencontré.,positive,chuong_trinh_hoc
9926,"Répondez à une question ci-dessous sur pourquoi nous nous soucions des 4 sous-espaces fondamentaux dans l'étude de Ax=b : Selon les termes du professeur Strang (pas dans ce cours) « comprendre les quatre sous-espaces fondamentaux élève la compréhension de Ax=b à un point de vue d'espace vectoriel, plus précisément, à un niveau de compréhension de sous-espace vectoriel ». Cela sera payant lors de l'apprentissage de différents types de factorisations matricielles, par exemple, la décomposition en valeur unique, SVD, où A=U∑V^T. Où U est composé de vecteurs orthonormés dans l'espace des lignes, V de vecteurs orthonormés dans l'espace des colonnes, ∑ par la matrice diagonale des carrés des valeurs singulières. De même, toutes les autres factorisations matricielles QR, Q(LAMBDA)Q^T, etc. bénéficient de leur description en termes de sous-espaces. Cette compréhension/perspective est super puissante, voire critique, en optimisation, en apprentissage automatique, dans les problèmes mal posés, etc. Ne négligez pas cette approche du sous-espace vectoriel, c'est seulement en apparence qu'elle ne semble pas briller lorsqu'elle est apprise pour la première fois, mais croyez-moi, c'est de l'or pur, et la clarté avec laquelle le professeur Strang l'explique est inestimable... il l'a dit lui-même, cela fait plier votre esprit lorsqu'il est étendu à des ensembles de matrices et à des ensembles de fonctions (l'exemple de l'équation différentielle, prélude à la transformée de Fourier rapide) mais les dividendes que vous gagnez sont énormes",positive,kien_thuc
9927,"Il l'explique si clairement que c'est incroyable. Au lieu de simplement donner une définition, il explique et donne des exemples sur le pourquoi et le comment du fonctionnement, de manière simplifiée.",positive,ky_nang_giang_day
9928,Le chocolat Dove n'est pas aussi doux que de la soie. Ce cours l'est. En effet,positive,chuong_trinh_hoc
9929,Très beau tableau travail et excellent conférence.,positive,chuong_trinh_hoc
9929,Très beau tableau travail et excellent conférence.,positive,chuong_trinh_hoc
9930,je recommande d'abord que 3Blue1Brown et ces cours essaient de faire un zoom sur C.Lay book... cette vision peut comprendre beaucoup mieux ceci vidéo,positive,de_xuat
9930,je recommande d'abord que 3Blue1Brown et ces cours essaient de faire un zoom sur C.Lay book... cette vision peut comprendre beaucoup mieux ceci vidéo,neutral,de_xuat
9930,je recommande d'abord que 3Blue1Brown et ces cours essaient de faire un zoom sur C.Lay book... cette vision peut comprendre beaucoup mieux ceci vidéo,neutral,de_xuat
9930,je recommande d'abord que 3Blue1Brown et ces cours essaient de faire un zoom sur C.Lay book... cette vision peut comprendre beaucoup mieux ceci vidéo,neutral,de_xuat
9931,S'agit-il d'une leçon pour la faculté de mathématiques ?,neutral,chuong_trinh_hoc
9931,S'agit-il d'une leçon pour la faculté de mathématiques ?,neutral,noi_chung
9932,"La prochaine fois, veuillez mettre le sujet principal de chaque conférence dans le titre de la vidéo.",neutral,chuong_trinh_hoc
9932,"La prochaine fois, veuillez mettre le sujet principal de chaque conférence dans le titre de la vidéo.",neutral,thiet_bi_day_hoc
9933,"Mec, ces preuves sont vraiment bâclées.",negative,ky_nang_giang_day
9934,l'approximation de Taylor reçoit presque autant de haine que Steve Bartman,negative,kien_thuc
9934,l'approximation de Taylor reçoit presque autant de haine que Steve Bartman,negative,noi_chung
9935,Génial vidéo génial conférence génial professeur.,positive,ky_nang_giang_day
9935,Génial vidéo génial conférence génial professeur.,positive,chuong_trinh_hoc
9935,Génial vidéo génial conférence génial professeur.,positive,chuong_trinh_hoc
9936,"C'est mon rêve de rencontrer prof. Gilbert Strang. Sa voix, ses mots, son action touchent mon âme. S'il vous plaît prof. Lisez mon commentaire afin que je puisse être satisfait uniquement par cela Et je prie pour que vous puissiez vivre 1000 ans.",positive,ky_nang_giang_day
9937,un tableau noir avec craies et plumeaux ... ça faisait longtemps que je n'en avais pas vu un comme ça !! ... Je suis surpris que ce cours n'utilise pas tableaux blancs / powerpoint,neutral,thiet_bi_day_hoc
9937,un tableau noir avec craies et plumeaux ... ça faisait longtemps que je n'en avais pas vu un comme ça !! ... Je suis surpris que ce cours n'utilise pas tableaux blancs / powerpoint,neutral,thiet_bi_day_hoc
9937,un tableau noir avec craies et plumeaux ... ça faisait longtemps que je n'en avais pas vu un comme ça !! ... Je suis surpris que ce cours n'utilise pas tableaux blancs / powerpoint,neutral,thiet_bi_day_hoc
9937,un tableau noir avec craies et plumeaux ... ça faisait longtemps que je n'en avais pas vu un comme ça !! ... Je suis surpris que ce cours n'utilise pas tableaux blancs / powerpoint,positive,chuong_trinh_hoc
9937,un tableau noir avec craies et plumeaux ... ça faisait longtemps que je n'en avais pas vu un comme ça !! ... Je suis surpris que ce cours n'utilise pas tableaux blancs / powerpoint,neutral,thiet_bi_day_hoc
9937,un tableau noir avec craies et plumeaux ... ça faisait longtemps que je n'en avais pas vu un comme ça !! ... Je suis surpris que ce cours n'utilise pas tableaux blancs / powerpoint,neutral,thiet_bi_day_hoc
9938,"jaune + bleu = vert, il enseigne aussi l'art !",positive,ky_nang_giang_day
9939,"N'oubliez pas d'augmenter la vitesse lecture à 1,5x.",neutral,thiet_bi_day_hoc
9940,il a fallu 5 mois à mon professeur pour m'expliquer cela 30 minutes de vidéo,negative,ky_nang_giang_day
9940,il a fallu 5 mois à mon professeur pour m'expliquer cela 30 minutes de vidéo,positive,thiet_bi_day_hoc
9941,"dans PMF conditionnelle, que se passe-t-il si la probabilité de chaque variable aléatoire n'est pas la même ? Alors, comment pouvons-nous mettre à l'échelle chaque probabilité ?",neutral,kien_thuc
9941,"dans PMF conditionnelle, que se passe-t-il si la probabilité de chaque variable aléatoire n'est pas la même ? Alors, comment pouvons-nous mettre à l'échelle chaque probabilité ?",negative,chuong_trinh_hoc
9942,Le meilleur cours d'algèbre linéaire. Merci Prof. Strang !,positive,chuong_trinh_hoc
9942,Le meilleur cours d'algèbre linéaire. Merci Prof. Strang !,positive,ky_nang_giang_day
9943,Merci professeur étrange. Vos cours sont incroyables.,positive,ky_nang_giang_day
9943,Merci professeur étrange. Vos cours sont incroyables.,positive,chuong_trinh_hoc
9944,"Professeur Strang, merci pour cette formidable conférence sur les matrices de distance, la structure des réseaux neuronaux et la fonction d'apprentissage. Tous ces concepts mathématiques améliorent ma compréhension de l'apprentissage automatique.",positive,ky_nang_giang_day
9944,"Professeur Strang, merci pour cette formidable conférence sur les matrices de distance, la structure des réseaux neuronaux et la fonction d'apprentissage. Tous ces concepts mathématiques améliorent ma compréhension de l'apprentissage automatique.",positive,chuong_trinh_hoc
9945,"@[USERNAME]Oui... c'est vrai, mais quand il s'agit de mathématiques, sciences et technologie, MIT est le meilleur, le site Web est web.mit.edu",positive,noi_chung
9945,"@[USERNAME]Oui... c'est vrai, mais quand il s'agit de mathématiques, sciences et technologie, MIT est le meilleur, le site Web est web.mit.edu",positive,kien_thuc
9945,"@[USERNAME]Oui... c'est vrai, mais quand il s'agit de mathématiques, sciences et technologie, MIT est le meilleur, le site Web est web.mit.edu",positive,noi_chung
9945,"@[USERNAME]Oui... c'est vrai, mais quand il s'agit de mathématiques, sciences et technologie, MIT est le meilleur, le site Web est web.mit.edu",positive,noi_chung
9946,J'aime beaucoup ses conférences !,positive,chuong_trinh_hoc
9947,Je n'aime pas comment cet homme efface le tableau. Mais j'aime son explication.,positive,chuong_trinh_hoc
9947,Je n'aime pas comment cet homme efface le tableau. Mais j'aime son explication.,negative,ky_nang_giang_day
9948,"Quelqu'un pourrait-il m'expliquer pourquoi utiliser A(TAX(hat)=A(T)b) pour résoudre [C,D] à 21h05 ? À ma connaissance, AX(hat) ne peut pas être b si nous ajustons une ligne dont les points sont P1, P2, P3 au lieu de b1, b2, b3 ou [1 2 2]_t ?",neutral,kien_thuc
9949,"lors de la recherche d'un vecteur orthogonal, existe-t-il des étapes spécifiques pour le trouver, ou devons-nous trouver un vecteur (par inspection) qui, lorsqu'il est multiplié par un autre vecteur par le produit scalaire, est nul ?",neutral,kien_thuc
9950,J'ai eu la chair de poule la première fois que j'ai vu ça cours. C'est un professeur incroyable.,positive,ky_nang_giang_day
9950,J'ai eu la chair de poule la première fois que j'ai vu ça cours. C'est un professeur incroyable.,positive,chuong_trinh_hoc
9951,"En effet, vous êtes comme un aimant Prof. Strang ! Je n'arrivais pas à croire que j'avais terminé tous vos cours. Pourquoi ça ne continue pas encore et encore... Merci !",positive,ky_nang_giang_day
9951,"En effet, vous êtes comme un aimant Prof. Strang ! Je n'arrivais pas à croire que j'avais terminé tous vos cours. Pourquoi ça ne continue pas encore et encore... Merci !",positive,chuong_trinh_hoc
9952,Dr. Gilbert a fait de ces choses de cofacteur des choses tellement évidentes !,positive,ky_nang_giang_day
9953,"hahhaah 29:53 ""je pense aux matrices comme à des personnes à ce stade"". Alors que nous approchons de la fin du cours, je veux juste vous remercier ENCORE, parmi la pléthore d'autres appréciations. Cela a été un voyage remarquable, je ne pense pas qu'un autre conférencier au monde entier aurait rendu cela aussi agréable que vous M. Strang. Exemple concret : le commentaire à ce moment-là ajoute simplement cette couche supplémentaire de nouveauté et de plaisir qui rend toute l'expérience tout simplement remarquable.",positive,ky_nang_giang_day
9953,"hahhaah 29:53 ""je pense aux matrices comme à des personnes à ce stade"". Alors que nous approchons de la fin du cours, je veux juste vous remercier ENCORE, parmi la pléthore d'autres appréciations. Cela a été un voyage remarquable, je ne pense pas qu'un autre conférencier au monde entier aurait rendu cela aussi agréable que vous M. Strang. Exemple concret : le commentaire à ce moment-là ajoute simplement cette couche supplémentaire de nouveauté et de plaisir qui rend toute l'expérience tout simplement remarquable.",positive,thiet_bi_day_hoc
9954,j'aime la façon dont il se prépare à introduire un sujet. très réfléchi et agréable.,positive,ky_nang_giang_day
9955,5 ans de physique + 4 ans de doctorat en astrophysique et cet homme a réussi à me donner une image beaucoup plus claire des opérations algébriques que ce que j'ai obtenu de tous mes professeurs. Merci beaucoup pour ces conférences Proff. Strang !,positive,ky_nang_giang_day
9955,5 ans de physique + 4 ans de doctorat en astrophysique et cet homme a réussi à me donner une image beaucoup plus claire des opérations algébriques que ce que j'ai obtenu de tous mes professeurs. Merci beaucoup pour ces conférences Proff. Strang !,positive,chuong_trinh_hoc
9955,5 ans de physique + 4 ans de doctorat en astrophysique et cet homme a réussi à me donner une image beaucoup plus claire des opérations algébriques que ce que j'ai obtenu de tous mes professeurs. Merci beaucoup pour ces conférences Proff. Strang !,positive,kien_thuc
9955,5 ans de physique + 4 ans de doctorat en astrophysique et cet homme a réussi à me donner une image beaucoup plus claire des opérations algébriques que ce que j'ai obtenu de tous mes professeurs. Merci beaucoup pour ces conférences Proff. Strang !,negative,ky_nang_giang_day
9956,Pourquoi a-t-il choisi spécifiquement une boîte à fond carré ?,neutral,ky_nang_giang_day
9957,Pourquoi f est-il pris comme X^2 + Y^2 et pas autre chose ?,neutral,kien_thuc
9957,Pourquoi f est-il pris comme X^2 + Y^2 et pas autre chose ?,neutral,kien_thuc
9957,Pourquoi f est-il pris comme X^2 + Y^2 et pas autre chose ?,neutral,kien_thuc
9958,"J'aime vraiment le Vidéo Transpositions, Permutations, Espaces R^n de votre",positive,chuong_trinh_hoc
9958,"J'aime vraiment le Vidéo Transpositions, Permutations, Espaces R^n de votre",positive,kien_thuc
9958,"J'aime vraiment le Vidéo Transpositions, Permutations, Espaces R^n de votre",positive,kien_thuc
9958,"J'aime vraiment le Vidéo Transpositions, Permutations, Espaces R^n de votre",positive,kien_thuc
9959,C'est génial de voir une série d'analyse fonctionnelle téléchargée.,positive,kien_thuc
9960,Professeur Strang merci pour un autre bon plan conférence sur la structure des réseaux neuronaux pour l'apprentissage profond et automatique. L'apprentissage est un processus qui dure toute la vie.,positive,ky_nang_giang_day
9960,Professeur Strang merci pour un autre bon plan conférence sur la structure des réseaux neuronaux pour l'apprentissage profond et automatique. L'apprentissage est un processus qui dure toute la vie.,positive,chuong_trinh_hoc
9961,"WOW....Génial...Professeur est direct, précis, simple et complet à la fois dans son explication des concepts....",positive,ky_nang_giang_day
9961,"WOW....Génial...Professeur est direct, précis, simple et complet à la fois dans son explication des concepts....",positive,chuong_trinh_hoc
9962,on aurait pu penser que le MIT aurait inventé un dispositif d'effacement automatique des cartes à ce moment-là.,negative,thiet_bi_day_hoc
9963,"Wolfgang J. Paul, si vous êtes ici : facilitez vos devoirs et vos examens !",positive,ky_nang_giang_day
9964,"« les projecteurs essaient d'être l'identité, mais c'est impossible. »",neutral,kien_thuc
9964,"« les projecteurs essaient d'être l'identité, mais c'est impossible. »",neutral,kien_thuc
9965,Cette (1ère conférence) est un véritable chef-d'œuvre. J'ai ressenti la même sensation que lorsque je regardais un thriller à suspense.,positive,chuong_trinh_hoc
9966,"Merci Prof. Strang et merci MIT. Brillant conférences, très apprécié.",positive,ky_nang_giang_day
9966,"Merci Prof. Strang et merci MIT. Brillant conférences, très apprécié.",positive,noi_chung
9966,"Merci Prof. Strang et merci MIT. Brillant conférences, très apprécié.",positive,chuong_trinh_hoc
9967,même la beauté Gilbert Strang ne peut pas me faire aimer ce foutu algèbre,positive,ky_nang_giang_day
9967,même la beauté Gilbert Strang ne peut pas me faire aimer ce foutu algèbre,negative,kien_thuc
9968,Le professeur Jerison est la chèvre,positive,ky_nang_giang_day
9969,"m'aide à comprendre de quoi mon professeur parle réellement, merci :)",positive,ky_nang_giang_day
9970,"Quelqu'un a dit qu'il ne connaissait pas la loi des cosinus, alors il y a une autre question : « Comment sont-ils entrés dans MIT ? »",negative,noi_chung
9970,"Quelqu'un a dit qu'il ne connaissait pas la loi des cosinus, alors il y a une autre question : « Comment sont-ils entrés dans MIT ? »",neutral,kien_thuc
9970,"Quelqu'un a dit qu'il ne connaissait pas la loi des cosinus, alors il y a une autre question : « Comment sont-ils entrés dans MIT ? »",neutral,noi_chung
9971,"Parle-t-il quelque part de espaces vectoriels, sous-espaces, espaces euclidiens ?",neutral,ky_nang_giang_day
9971,"Parle-t-il quelque part de espaces vectoriels, sous-espaces, espaces euclidiens ?",negative,kien_thuc
9971,"Parle-t-il quelque part de espaces vectoriels, sous-espaces, espaces euclidiens ?",negative,kien_thuc
9971,"Parle-t-il quelque part de espaces vectoriels, sous-espaces, espaces euclidiens ?",negative,kien_thuc
9972,"taylor (série 1) sont géniaux, tout le monde a complètement dérapé HAHAHA !! Stupide gamin du MIT",positive,chuong_trinh_hoc
9973,"Merci Prof. Un professeur inspirant. J'ai vraiment apprécié chacune de ces conférences. Si j'avais eu la chance de vous avoir comme professeur il y a 52 ans, les choses auraient certainement tourné différemment. (Année 1 : Math Stats Phil :: a offert l'achèvement dans les 3 :: Années 2 à 5 Phil) Carrière en tant que professeur de mathématiques/informatique et développeur de logiciels. Maintenant à la retraite. Salutations à vous et aux vôtres",positive,ky_nang_giang_day
9973,"Merci Prof. Un professeur inspirant. J'ai vraiment apprécié chacune de ces conférences. Si j'avais eu la chance de vous avoir comme professeur il y a 52 ans, les choses auraient certainement tourné différemment. (Année 1 : Math Stats Phil :: a offert l'achèvement dans les 3 :: Années 2 à 5 Phil) Carrière en tant que professeur de mathématiques/informatique et développeur de logiciels. Maintenant à la retraite. Salutations à vous et aux vôtres",positive,chuong_trinh_hoc
9974,merci prof Strang ..... j'apprécie vraiment votre série de conférences et cela me donne envie d'étudier maths plus avancées ..... je vous remercie vraiment beaucoup...,positive,ky_nang_giang_day
9974,merci prof Strang ..... j'apprécie vraiment votre série de conférences et cela me donne envie d'étudier maths plus avancées ..... je vous remercie vraiment beaucoup...,positive,chuong_trinh_hoc
9974,merci prof Strang ..... j'apprécie vraiment votre série de conférences et cela me donne envie d'étudier maths plus avancées ..... je vous remercie vraiment beaucoup...,positive,kien_thuc
9975,VIVE LA FRANCE ! Cet homme connaît son affaire.,positive,ky_nang_giang_day
9976,La première conférence a été suivie par 580 000 spectateurs et la conférence 23 par 30 000 spectateurs ? Ces personnes veulent-elles vraiment apprendre quelque chose ?,negative,noi_chung
9976,La première conférence a été suivie par 580 000 spectateurs et la conférence 23 par 30 000 spectateurs ? Ces personnes veulent-elles vraiment apprendre quelque chose ?,neutral,kien_thuc
9977,Je ne sais même plus pourquoi je vais à mes cours d'algèbre linéaire. Ce type est incroyable.,positive,ky_nang_giang_day
9977,Je ne sais même plus pourquoi je vais à mes cours d'algèbre linéaire. Ce type est incroyable.,negative,chuong_trinh_hoc
9978,whNULL a-t-il étiqueté les axes avec weirdlNULL ? WhNULL a-t-il utilisé z pour l'axe vertical alors qu'il aurait pu simplement utiliser NULL pour éviter toute confusion ?,negative,ky_nang_giang_day
9978,whNULL a-t-il étiqueté les axes avec weirdlNULL ? WhNULL a-t-il utilisé z pour l'axe vertical alors qu'il aurait pu simplement utiliser NULL pour éviter toute confusion ?,negative,thiet_bi_day_hoc
9978,whNULL a-t-il étiqueté les axes avec weirdlNULL ? WhNULL a-t-il utilisé z pour l'axe vertical alors qu'il aurait pu simplement utiliser NULL pour éviter toute confusion ?,neutral,kien_thuc
9978,whNULL a-t-il étiqueté les axes avec weirdlNULL ? WhNULL a-t-il utilisé z pour l'axe vertical alors qu'il aurait pu simplement utiliser NULL pour éviter toute confusion ?,neutral,kien_thuc
9978,whNULL a-t-il étiqueté les axes avec weirdlNULL ? WhNULL a-t-il utilisé z pour l'axe vertical alors qu'il aurait pu simplement utiliser NULL pour éviter toute confusion ?,neutral,kien_thuc
9979,"P = A.x(hat), n'est-ce pas ? Alors à 32:10, pourquoi remplace-t-il P par x(hat).A.P ? Aidez-moi avec l'intuition derrière cela.",neutral,kien_thuc
9980,"Jusqu'à présent, c'était le seul point difficile cours magistral. Pour ce cours magistral, je pense qu'il me faudra travailler sur une bonne partie de ce qu'il dit. C'était bien au début. C'est devenu difficile jusqu'à 30 minutes, puis ça redevient facile.",negative,chuong_trinh_hoc
9980,"Jusqu'à présent, c'était le seul point difficile cours magistral. Pour ce cours magistral, je pense qu'il me faudra travailler sur une bonne partie de ce qu'il dit. C'était bien au début. C'est devenu difficile jusqu'à 30 minutes, puis ça redevient facile.",negative,ky_nang_giang_day
9981,wow ça conférence est vraiment dense,negative,chuong_trinh_hoc
9982,ceci vidéo est énorme.45 min ?,neutral,chuong_trinh_hoc
9983,"Merci Denis, vous êtes un brillant conférencier.",positive,ky_nang_giang_day
9984,j'adore la façon dont à la fin il il continue de hocher la tête pour que il vidéo se termine xD,positive,ky_nang_giang_day
9984,j'adore la façon dont à la fin il il continue de hocher la tête pour que il vidéo se termine xD,neutral,chuong_trinh_hoc
9985,"Est-ce qu'on aura plus tard dans le cours une explication de l'exemple des 9 dimensions ? Je n'ai pas bien compris bien qu'il soit un maître, un grand Professeur vraiment.",positive,ky_nang_giang_day
9986,je suis étonné que ces deux meilleures universités ne proposent pas de mise à niveau vers tableaux blancs... ou demandez simplement au département technique un tableau de réalité virtuelle ou quelque chose comme ça,neutral,thiet_bi_day_hoc
9986,je suis étonné que ces deux meilleures universités ne proposent pas de mise à niveau vers tableaux blancs... ou demandez simplement au département technique un tableau de réalité virtuelle ou quelque chose comme ça,negative,noi_chung
9987,quelqu'un pourrait-il me dire 6:48 pourquoi c'est vrai ? comment peut-on calculer lambda avec trace ? Merciiiiiiiiii !,neutral,kien_thuc
9987,quelqu'un pourrait-il me dire 6:48 pourquoi c'est vrai ? comment peut-on calculer lambda avec trace ? Merciiiiiiiiii !,neutral,kien_thuc
9988,"Mon deuxième semestre est sur le point de commencer. Nous avons le cours de mathématiques 2 et pour m'y préparer, je suis ici. Mon aîné m'a suggéré cela. Je suis en première année de licence en science des données et applications à l'IIT MADRAS (Inde). Cela semble bien ! Il reste encore à explorer davantage ! Au fait, merci à Respected Prof Gilbert et MIT.",positive,ky_nang_giang_day
9988,"Mon deuxième semestre est sur le point de commencer. Nous avons le cours de mathématiques 2 et pour m'y préparer, je suis ici. Mon aîné m'a suggéré cela. Je suis en première année de licence en science des données et applications à l'IIT MADRAS (Inde). Cela semble bien ! Il reste encore à explorer davantage ! Au fait, merci à Respected Prof Gilbert et MIT.",positive,noi_chung
9989,Super cours ! Merci professeur et au MIT.,positive,chuong_trinh_hoc
9989,Super cours ! Merci professeur et au MIT.,positive,ky_nang_giang_day
9990,Les idées clés réunies en une seule conférence ! Bravo Dr Gilbert Strang ! J'adore votre présentation !,positive,chuong_trinh_hoc
9990,Les idées clés réunies en une seule conférence ! Bravo Dr Gilbert Strang ! J'adore votre présentation !,positive,ky_nang_giang_day
9990,Les idées clés réunies en une seule conférence ! Bravo Dr Gilbert Strang ! J'adore votre présentation !,positive,thiet_bi_day_hoc
9991,"Dans mon cours de calcul FTC2, on m'a dit que c'était le plus simple et qu'il ne montrait que le changement de variable. Ici, je dois connaître la situation générale qui se cache derrière.",positive,kien_thuc
9992,"à 48:42, de quelle algèbre parle-t-il pour obtenir 1/3 comme résultat de la somme de toutes les probabilités ?",neutral,ky_nang_giang_day
9993,"À 28:11, comment pouvons-nous supposer que Nullspace est 0, si les variables libres sont 0, dans l'équation d'échelle réduite = [-F I] pour trouver l'espace nul F = 0 car la variable libre est 0, mais je peux toujours écrire 1 à la place de I pour obtenir Nullspace différent de zéro ???",neutral,kien_thuc
9994,"@[USERNAME]Les dérivées partielles sont-elles liées à EDP de la même manière que les dérivées sont liées à EDO ? Je connais EDO pendant un semestre, et j'ai donc supposé que la relation entre les dérivées et EDO était la même qu'avec les dérivées partielles et EDP. Cependant, je ne sais pas grand-chose sur (1 : EDO).",neutral,kien_thuc
9994,"@[USERNAME]Les dérivées partielles sont-elles liées à EDP de la même manière que les dérivées sont liées à EDO ? Je connais EDO pendant un semestre, et j'ai donc supposé que la relation entre les dérivées et EDO était la même qu'avec les dérivées partielles et EDP. Cependant, je ne sais pas grand-chose sur (1 : EDO).",neutral,kien_thuc
9995,"Je suis confus vers 17h25, detA ne devrait pas être detA^n*I) ? car c'est la matrice de detA), donc chaque ligne peut être divisée sur detA), donc c'est detA^n*I) !",neutral,kien_thuc
9995,"Je suis confus vers 17h25, detA ne devrait pas être detA^n*I) ? car c'est la matrice de detA), donc chaque ligne peut être divisée sur detA), donc c'est detA^n*I) !",neutral,kien_thuc
9995,"Je suis confus vers 17h25, detA ne devrait pas être detA^n*I) ? car c'est la matrice de detA), donc chaque ligne peut être divisée sur detA), donc c'est detA^n*I) !",neutral,kien_thuc
9995,"Je suis confus vers 17h25, detA ne devrait pas être detA^n*I) ? car c'est la matrice de detA), donc chaque ligne peut être divisée sur detA), donc c'est detA^n*I) !",neutral,kien_thuc
9995,"Je suis confus vers 17h25, detA ne devrait pas être detA^n*I) ? car c'est la matrice de detA), donc chaque ligne peut être divisée sur detA), donc c'est detA^n*I) !",neutral,kien_thuc
9996,"C'est tout ce dont je me souviens de Calc 1, le dérivée de x^2 = 2x mdr. Bien sûr, c'était le ""raccourci"", mais nous devions le faire avec toute la notation dy/dx. Je me souviens que j'adorais faire des dérivées quotient pour le plaisir. Qu'est-ce qui ne va pas chez moi ? J'ai une spécialisation en linguistique d'ailleurs.",positive,kien_thuc
9997,"Pourquoi est-ce que cela est enseigné à MIT, j'ai l'impression que si vous fréquentez cette école, vous devriez au moins avoir une idée de FTC. Super vidéo cependant ! Merci MIT",positive,chuong_trinh_hoc
9997,"Pourquoi est-ce que cela est enseigné à MIT, j'ai l'impression que si vous fréquentez cette école, vous devriez au moins avoir une idée de FTC. Super vidéo cependant ! Merci MIT",positive,noi_chung
9997,"Pourquoi est-ce que cela est enseigné à MIT, j'ai l'impression que si vous fréquentez cette école, vous devriez au moins avoir une idée de FTC. Super vidéo cependant ! Merci MIT",neutral,kien_thuc
9998,c'est pourquoi vous révisiez vos calculs il y a tout juste un an.,neutral,kien_thuc
9999,Quelqu'un peut-il m'expliquer la logique/preuve derrière l'algorithme rref ? Cela m'a complètement dépassé mdr..,negative,kien_thuc
10000,"l'ensemble conférence était incroyable, divin, gaussien, étrange...!!!!!!!!!!!!",positive,chuong_trinh_hoc
10001,Merci ! J'ai préparé mon examen final de lycée grâce à cela cours magistral. Cela m'a vraiment aidé !!,positive,chuong_trinh_hoc
10002,"Vous savez pourquoi il écrit si vite. Si vous pensez que c'est pour le style, vous vous trompez. À cause de la longueur de la vidéo.",positive,chuong_trinh_hoc
10003,J'aime vos cours avancés intelligents conférences. Ils sont très stimulants. étrange est le plus intelligent. Merci.,positive,ky_nang_giang_day
10003,J'aime vos cours avancés intelligents conférences. Ils sont très stimulants. étrange est le plus intelligent. Merci.,positive,chuong_trinh_hoc
10004,"Pff, cet exemple avait une solution beaucoup plus simple. Il suffit de multiplier les deux premières équations, d'annuler les xy (car il est clair qu'aucune des deux ne peut être égale à 0), et vous obtenez L^2 = 4. Je suis heureux d'avoir enfin appris les multiplicateurs de Lagrange, cependant ; mon professeur les a ignorés dans AP Calc, donc ils m'ont toujours semblé être un algorithme magique que je ne connaîtrais jamais et qui résout trivialement les problèmes d'optimisation.",positive,kien_thuc
10004,"Pff, cet exemple avait une solution beaucoup plus simple. Il suffit de multiplier les deux premières équations, d'annuler les xy (car il est clair qu'aucune des deux ne peut être égale à 0), et vous obtenez L^2 = 4. Je suis heureux d'avoir enfin appris les multiplicateurs de Lagrange, cependant ; mon professeur les a ignorés dans AP Calc, donc ils m'ont toujours semblé être un algorithme magique que je ne connaîtrais jamais et qui résout trivialement les problèmes d'optimisation.",positive,kien_thuc
10005,Cette conférence était magnifique... La façon dont tout se connecte et se lie est époustouflante... Des connaissances inestimables ! Merci M. Strang,positive,chuong_trinh_hoc
10005,Cette conférence était magnifique... La façon dont tout se connecte et se lie est époustouflante... Des connaissances inestimables ! Merci M. Strang,positive,ky_nang_giang_day
10006,"27:45. Ne devrait-il pas s'agir simplement de A ? Je veux dire A=[a1 a2]. mais maintenant nous avons a1(trans) et a2(trans) dans ses colonnes, pas seulement a1, a2. Comment cela pourrait-il être A(trans.) ??",neutral,kien_thuc
10007,J'aime vraiment les volumes vidéo par disques et shells de votre,positive,chuong_trinh_hoc
10008,"33:24 Son soleil est apparemment ""féminin"" mdr",neutral,ky_nang_giang_day
10009,"Oh mon Dieu ! Comme tout le monde ici, toute la série de cours algèbre linéaire a été époustouflante ! J'en suis obsédée depuis une semaine, je consacre environ 5 heures par jour à assimiler la matière, c'est magnifique ! J'ai toujours eu des problèmes avec algèbre linéaire et j'ai un examen de vision par ordinateur dans deux semaines qui dépend beaucoup de l'algèbre linéaire. J'ai essayé de contourner ce problème comme je l'ai fait avec d'autres cours, mais j'ai ensuite décidé que c'était suffisant et que je devais comprendre ce qu'était vraiment algèbre linéaire. Je ne m'attendais pas à ce que ce soit aussi élégant et aussi simple ! C'est de l'ART !",positive,chuong_trinh_hoc
10009,"Oh mon Dieu ! Comme tout le monde ici, toute la série de cours algèbre linéaire a été époustouflante ! J'en suis obsédée depuis une semaine, je consacre environ 5 heures par jour à assimiler la matière, c'est magnifique ! J'ai toujours eu des problèmes avec algèbre linéaire et j'ai un examen de vision par ordinateur dans deux semaines qui dépend beaucoup de l'algèbre linéaire. J'ai essayé de contourner ce problème comme je l'ai fait avec d'autres cours, mais j'ai ensuite décidé que c'était suffisant et que je devais comprendre ce qu'était vraiment algèbre linéaire. Je ne m'attendais pas à ce que ce soit aussi élégant et aussi simple ! C'est de l'ART !",positive,kien_thuc
10010,"On l'utilise dans tous les aspects de la physique qui entrent en jeu dans la fabrication de presque tous les appareils électroniques, y compris celui que vous utilisez pour diffuser votre stupidité. Sans calcul, vous seriez stupide ET seul.",positive,kien_thuc
10011,"Les vidéos du professeur Gilbert Strang m'ont aidé pendant mes études de maîtrise en ingénierie. Je l'ai regardé une fois de plus en 2011-2014 pendant mon doctorat. L'année dernière, j'ai acheté son nouveau livre et aujourd'hui, je le regarde (à nouveau) enseigner l'algèbre linéaire pour l'analyse de données, le traitement du signal et l'apprentissage automatique, car je dois enseigner les principes fondamentaux de l'IA à mes étudiants de premier cycle. Merci beaucoup, professeur Strang, vous êtes mon meilleur mentor en ligne en mathématiques !",positive,chuong_trinh_hoc
10012,"Waouh, il y a 15 ans... Prof. Strang on dirait un enfant !",neutral,ky_nang_giang_day
10013,Très belle explication.Un grand merci à vous.,positive,ky_nang_giang_day
10014,"Vraiment, tu es un excellent et merveilleux conférencier pour moi",positive,ky_nang_giang_day
10015,"Série phénoménale, merci MIT & Prof.Auroux !",positive,ky_nang_giang_day
10015,"Série phénoménale, merci MIT & Prof.Auroux !",positive,ky_nang_giang_day
10016,"le dérivée de 30x^3 + 12x^4 +15+ 1 est 90x^2+48^3=0, n'est-ce pas ???",neutral,kien_thuc
10016,"le dérivée de 30x^3 + 12x^4 +15+ 1 est 90x^2+48^3=0, n'est-ce pas ???",neutral,kien_thuc
10017,"Je regarde ça au Danemark pour l'examen préparatoire. J'aurais pu voir ça cours en premier, un travail incroyable. Merci beaucoup !",positive,chuong_trinh_hoc
10018,"Il y a une ERREUR sur la formule  de la minute 32:31. Elle doit être S(Λ^100)c pour fonctionner comme it est supposé. Cependant it est une excellente conférence , merci beaucoup. :)",negative,kien_thuc
10018,"Il y a une ERREUR sur la formule  de la minute 32:31. Elle doit être S(Λ^100)c pour fonctionner comme it est supposé. Cependant it est une excellente conférence , merci beaucoup. :)",positive,chuong_trinh_hoc
10018,"Il y a une ERREUR sur la formule  de la minute 32:31. Elle doit être S(Λ^100)c pour fonctionner comme it est supposé. Cependant it est une excellente conférence , merci beaucoup. :)",positive,chuong_trinh_hoc
10019,c'est génial de voir comment le professeur Strang utilise une erreur dans la leçon 9 pour attirer l'attention sur le fait que le R(C(A) = R(C(A'))) ... beaucoup de professeurs motivés par l'ego auraient simplement haussé les épaules.,positive,ky_nang_giang_day
10019,c'est génial de voir comment le professeur Strang utilise une erreur dans la leçon 9 pour attirer l'attention sur le fait que le R(C(A) = R(C(A'))) ... beaucoup de professeurs motivés par l'ego auraient simplement haussé les épaules.,positive,kien_thuc
10020,Merci Professeur StrangMerci MIT OCW2022/08/07,positive,ky_nang_giang_day
10021,On m'a appris que l'inverse de la matrice A peut être trouvé comme -> (1/ |A| * adj(A)) ...... est-ce que je peux ignorer ces méthodes... parce que j'utilise assez souvent ça,neutral,kien_thuc
10021,On m'a appris que l'inverse de la matrice A peut être trouvé comme -> (1/ |A| * adj(A)) ...... est-ce que je peux ignorer ces méthodes... parce que j'utilise assez souvent ça,neutral,kien_thuc
10022,Cette conférence est fermée sous toutes les autres conférence !,positive,chuong_trinh_hoc
10023,Comment puis-je obtenir les documents que le professeur leur a donnés ? Est-ce que quelqu'un les télécharge sur une page ?,neutral,ky_nang_giang_day
10023,Comment puis-je obtenir les documents que le professeur leur a donnés ? Est-ce que quelqu'un les télécharge sur une page ?,neutral,noi_chung
10024,Je vous souhaite une longue vie Prof Strang. ..... le monde n'oubliera jamais votre contribution...,positive,ky_nang_giang_day
10025,"Le gars a mal écrit la série ! La série réelle aurait dû être 1/2+1/4+1/8+1/16... Et il ne peut pas aller plus loin que le double de la longueur d'un bloc, mesurée de l'extrémité gauche du bloc supérieur à l'extrémité droite du bloc inférieur. Et cela signifie qu'il aurait en fait besoin d'un nombre infini de blocs pour aligner les extrémités des blocs supérieur et inférieur. Donc le gars ne pouvait pas réellement passer le bloc inférieur, c'est juste ce qu'il semble sous cet angle. (Croyez-moi, j'ai résolu cette question en cours de physique au lycée.)",negative,ky_nang_giang_day
10025,"Le gars a mal écrit la série ! La série réelle aurait dû être 1/2+1/4+1/8+1/16... Et il ne peut pas aller plus loin que le double de la longueur d'un bloc, mesurée de l'extrémité gauche du bloc supérieur à l'extrémité droite du bloc inférieur. Et cela signifie qu'il aurait en fait besoin d'un nombre infini de blocs pour aligner les extrémités des blocs supérieur et inférieur. Donc le gars ne pouvait pas réellement passer le bloc inférieur, c'est juste ce qu'il semble sous cet angle. (Croyez-moi, j'ai résolu cette question en cours de physique au lycée.)",negative,ky_nang_giang_day
10026,Je viens de terminer son cours d'algèbre linéaire 18.06 de 2005... Mon Dieu ! J'étudie à l'université depuis 10 ans et je n'ai jamais rencontré de meilleur professeur de mathématiques. Superbe enseignement !!! J'ai terminé le cours  et je peux facilement faire certaines opérations matricielles sans les écrire. Je vous souhaite encore de nombreuses années de bonheur et une bonne santé prof. Strang.,positive,ky_nang_giang_day
10026,Je viens de terminer son cours d'algèbre linéaire 18.06 de 2005... Mon Dieu ! J'étudie à l'université depuis 10 ans et je n'ai jamais rencontré de meilleur professeur de mathématiques. Superbe enseignement !!! J'ai terminé le cours  et je peux facilement faire certaines opérations matricielles sans les écrire. Je vous souhaite encore de nombreuses années de bonheur et une bonne santé prof. Strang.,positive,chuong_trinh_hoc
10026,Je viens de terminer son cours d'algèbre linéaire 18.06 de 2005... Mon Dieu ! J'étudie à l'université depuis 10 ans et je n'ai jamais rencontré de meilleur professeur de mathématiques. Superbe enseignement !!! J'ai terminé le cours  et je peux facilement faire certaines opérations matricielles sans les écrire. Je vous souhaite encore de nombreuses années de bonheur et une bonne santé prof. Strang.,positive,chuong_trinh_hoc
10027,Peut-être est-ce parce qu'ils doivent payer leurs professeurs très cher ? Et ils utiliseraient probablement cet argent pour financer davantage l'éducation sur Internet parce que l'argent est alloué à des parties spécifiques au sein de MIT.,neutral,ky_nang_giang_day
10027,Peut-être est-ce parce qu'ils doivent payer leurs professeurs très cher ? Et ils utiliseraient probablement cet argent pour financer davantage l'éducation sur Internet parce que l'argent est alloué à des parties spécifiques au sein de MIT.,neutral,noi_chung
10027,Peut-être est-ce parce qu'ils doivent payer leurs professeurs très cher ? Et ils utiliseraient probablement cet argent pour financer davantage l'éducation sur Internet parce que l'argent est alloué à des parties spécifiques au sein de MIT.,neutral,thiet_bi_day_hoc
10028,il est le meilleur professeur que je connaisse,positive,ky_nang_giang_day
10029,46:19 Le professeur Strange laisse éclater sa colère sur la classe,negative,ky_nang_giang_day
10030,"Je n'aime pas ce type autant que le autre prof, il semble sauter certaines explications nécessaires",negative,ky_nang_giang_day
10030,"Je n'aime pas ce type autant que le autre prof, il semble sauter certaines explications nécessaires",positive,ky_nang_giang_day
10031,Clerly dépendant -v1 + 2v = v3. Mais il clarifie cela la prochaine fois. Ce n'est pas si important dans ce cas conférence.,neutral,ky_nang_giang_day
10031,Clerly dépendant -v1 + 2v = v3. Mais il clarifie cela la prochaine fois. Ce n'est pas si important dans ce cas conférence.,neutral,chuong_trinh_hoc
10031,Clerly dépendant -v1 + 2v = v3. Mais il clarifie cela la prochaine fois. Ce n'est pas si important dans ce cas conférence.,neutral,kien_thuc
10032,"Merci Dr. Strang. J'ai terminé mes études secondaires en étant analphabète fonctionnel en mathématiques. Dans mon parcours d'auto-apprentissage des mathématiques, vous êtes devenu un excellent mentor.",positive,ky_nang_giang_day
10033,Quel est le texte utilisé pour cette classe ?,neutral,thiet_bi_day_hoc
10034,Pourquoi diable cette vidéo suscite-t-elle autant de réactions négatives ? Absolument incroyable conférence.,positive,chuong_trinh_hoc
10034,Pourquoi diable cette vidéo suscite-t-elle autant de réactions négatives ? Absolument incroyable conférence.,positive,chuong_trinh_hoc
10035,Le directeur des admissions en analyse commerciale de l'école de commerce McCombs m'a dit de regarder ces vidéos vidéos pour comprendre l'algèbre linéaire.,neutral,chuong_trinh_hoc
10036,"J'ai travaillé sur les ensembles de problèmes pour ces cours sur le site Web du MIT, mais il ne semble pas donner de solutions pour les problèmes de la partie B ; est-ce que quelqu'un sait où je pourrais les trouver ?",neutral,kien_thuc
10037,"Bien cours, mais vous devriez également ajouter le contenu de cours dans la description afin que les gens n'aient pas à parcourir l'intégralité de cours pour savoir s'il est pertinent pour leur cours ou non.",positive,chuong_trinh_hoc
10037,"Bien cours, mais vous devriez également ajouter le contenu de cours dans la description afin que les gens n'aient pas à parcourir l'intégralité de cours pour savoir s'il est pertinent pour leur cours ou non.",negative,thiet_bi_day_hoc
10038,Je n'arrive pas à comprendre comment A pourrait être un nombre négatif alors qu'il est donné sous la forme e^c et que e est un nombre positif.,neutral,kien_thuc
10038,Je n'arrive pas à comprendre comment A pourrait être un nombre négatif alors qu'il est donné sous la forme e^c et que e est un nombre positif.,neutral,kien_thuc
10039,"désolé, je me suis perdu à 32""14, que s'est-il passé exactement avec la façon dont il a obtenu la dernière ligne de cela matrice qui était presque une identité ?",neutral,ky_nang_giang_day
10039,"désolé, je me suis perdu à 32""14, que s'est-il passé exactement avec la façon dont il a obtenu la dernière ligne de cela matrice qui était presque une identité ?",neutral,kien_thuc
10040,"Si jamais j'obtiens mon diplôme, ce sera à 100 % grâce à ce type.",positive,ky_nang_giang_day
10041,Gilbert a rencontré un excellent professeur de mathématiques............,positive,ky_nang_giang_day
10042,"Il vous amène à réfléchir, plutôt qu'à prouver un théorème.",positive,ky_nang_giang_day
10043,C'est mon préféré conférence,positive,chuong_trinh_hoc
10044,Vérifiez à quel point ce conférencier est formidable. Je viens du YÉMEN>...mit.edu/~jnt/home.html,positive,ky_nang_giang_day
10045,"Bien explication mais la convention pour les lettres attribuées aux angles (phi, theta) est différente de celle plus habituelle. Theta, est généralement utilisé pour l'angle de l'axe z",negative,kien_thuc
10045,"Bien explication mais la convention pour les lettres attribuées aux angles (phi, theta) est différente de celle plus habituelle. Theta, est généralement utilisé pour l'angle de l'axe z",positive,noi_chung
10046,Quand je dis aux gens que j'y ai assisté MIT :-),positive,chuong_trinh_hoc
10047,Great professeur a changé de chemise,positive,ky_nang_giang_day
10048,Trop de suspense ! Je commence la suite vidéo maintenant,neutral,chuong_trinh_hoc
10049,jeeeessssssuuuusssss .... je dois regarder cette vidéo en vitesse 2x. il parle tellement lentement,negative,ky_nang_giang_day
10050,"Je pense que Strang omet un point clé dans l'exemple d'équation de différence, à savoir que les n vecteurs propres uniques forment une base pour R^n, c'est pourquoi u0 peut être exprimé comme une combinaison linéaire des vecteurs propres.",neutral,kien_thuc
10050,"Je pense que Strang omet un point clé dans l'exemple d'équation de différence, à savoir que les n vecteurs propres uniques forment une base pour R^n, c'est pourquoi u0 peut être exprimé comme une combinaison linéaire des vecteurs propres.",neutral,kien_thuc
10051,J'aime vraiment le vidéo de vos problèmes Max-min,positive,chuong_trinh_hoc
10052,Je veux juste savoir qui peut entrer au MIT sans avoir déjà suivi Calcul I.,neutral,kien_thuc
10053,Ces tableaux noirs me font perdre la tête,positive,thiet_bi_day_hoc
10054,"je pense qu'il rompt avec la convention habituelle pour m * n Matrix étant: m lignes, n colonnes ... ce qui m'a dérouté, mais bonne conférence quand même ... edit: j'avais tort 9:12 ... j'ai mal compris ce qu'il a dit là, bien sûr l'espace de colonnes a m (lignes-nombre) composants, parce que les colonnes vont m (lignes-nombre) composants vers le bas ... merci Robert Smits",positive,ky_nang_giang_day
10054,"je pense qu'il rompt avec la convention habituelle pour m * n Matrix étant: m lignes, n colonnes ... ce qui m'a dérouté, mais bonne conférence quand même ... edit: j'avais tort 9:12 ... j'ai mal compris ce qu'il a dit là, bien sûr l'espace de colonnes a m (lignes-nombre) composants, parce que les colonnes vont m (lignes-nombre) composants vers le bas ... merci Robert Smits",neutral,kien_thuc
10055,"Bien joué, prof ! Certaines personnes sont simplement douées en algèbre linéaire, d'autres peuvent aider les autres à devenir bons en algèbre linéaire !",positive,ky_nang_giang_day
10055,"Bien joué, prof ! Certaines personnes sont simplement douées en algèbre linéaire, d'autres peuvent aider les autres à devenir bons en algèbre linéaire !",negative,ky_nang_giang_day
10055,"Bien joué, prof ! Certaines personnes sont simplement douées en algèbre linéaire, d'autres peuvent aider les autres à devenir bons en algèbre linéaire !",negative,kien_thuc
10055,"Bien joué, prof ! Certaines personnes sont simplement douées en algèbre linéaire, d'autres peuvent aider les autres à devenir bons en algèbre linéaire !",positive,kien_thuc
10056,"Cher IDidactl, Merci beaucoup pour votre réponse. J'ai compris maintenant. Merci encore. Est-ce que vous suivez également son cours ?",positive,ky_nang_giang_day
10057,Il est tellement doué pour expliquer ! Je l'adore !!!!!!!!!!!,positive,ky_nang_giang_day
10058,"ce type connait son affaire. j'ai beaucoup apprécié son cours . Note moyenne aussi, pas dure, mais moyenne.",positive,ky_nang_giang_day
10058,"ce type connait son affaire. j'ai beaucoup apprécié son cours . Note moyenne aussi, pas dure, mais moyenne.",positive,chuong_trinh_hoc
10059,"Cela m'a pris un certain temps, mais l'ensemble exemple de Ascrewedup est vraiment intéressant pour comprendre pourquoi les diagonales hors diagonale sont à 0",positive,kien_thuc
10060,"Ce devoir qu'il a laissé, vient de quel livre ?, et de quelles pages s'agit-il ?? J'ai vraiment besoin de m'entraîner à ça !!!",neutral,thiet_bi_day_hoc
10061,pourquoi y^Tx est égal à 1 ?,neutral,kien_thuc
10062,"Terminé (30/11/22). En route pour l'examen ! Merci, Dr Strang et l'équipe MIT OCW !",positive,ky_nang_giang_day
10062,"Terminé (30/11/22). En route pour l'examen ! Merci, Dr Strang et l'équipe MIT OCW !",positive,noi_chung
10063,Il a clairement une compréhension profonde de ce qu'il dit... excellent conférence !!🇧🇩🇧🇩,positive,ky_nang_giang_day
10063,Il a clairement une compréhension profonde de ce qu'il dit... excellent conférence !!🇧🇩🇧🇩,positive,chuong_trinh_hoc
10064,"Meh, bien vidéo mais ses cours ne sont pas beaucoup mieux que ceux de mon université. Le professeur le plus remarquable du MIT est Walter Lewin :D",positive,chuong_trinh_hoc
10064,"Meh, bien vidéo mais ses cours ne sont pas beaucoup mieux que ceux de mon université. Le professeur le plus remarquable du MIT est Walter Lewin :D",neutral,chuong_trinh_hoc
10066,"C'est le calcul le plus intuitif et le plus complet cours que j'ai vu. Merci, MIT !",positive,chuong_trinh_hoc
10066,"C'est le calcul le plus intuitif et le plus complet cours que j'ai vu. Merci, MIT !",positive,noi_chung
10067,Professeur vous m'avez sauvé. Merci pour vos cours. Notre professeur d'université est le pire en matière d'enseignement algèbre linéaire.,positive,ky_nang_giang_day
10067,Professeur vous m'avez sauvé. Merci pour vos cours. Notre professeur d'université est le pire en matière d'enseignement algèbre linéaire.,positive,chuong_trinh_hoc
10067,Professeur vous m'avez sauvé. Merci pour vos cours. Notre professeur d'université est le pire en matière d'enseignement algèbre linéaire.,negative,ky_nang_giang_day
10067,Professeur vous m'avez sauvé. Merci pour vos cours. Notre professeur d'université est le pire en matière d'enseignement algèbre linéaire.,negative,chuong_trinh_hoc
10068,"@[USERNAME]ils peuvent se permettre les meilleures craies du monde. celles-ci craies contiennent environ 28 % de calcium, c'est pourquoi elles craies sont très dures et vous pouvez dessiner de longues lignes droites. et si quelqu'un a des problèmes de dents, on peut aussi les manger. mais avant, vous devez les écraser craies ou les gratter du tableau blanc et les mélanger avec du citron ou un autre acide. sans acide, vous ne consommerez pas de calcium. ils sont également appelés comestibles craies.",positive,thiet_bi_day_hoc
10069,"J'aurais aimé que ce type m'enseigne Math 293 et 294 à Cornell. Mon gars pouvait à peine parler anglais, sans parler de ce que nous essayions d'accomplir. J'ai compris que si nous voulions vecteurs propres perpendiculaire à x, nous obtiendrions la portance par rapport au flux... mais ce type aurait rendu les mathématiques un peu plus simples.",positive,ky_nang_giang_day
10069,"J'aurais aimé que ce type m'enseigne Math 293 et 294 à Cornell. Mon gars pouvait à peine parler anglais, sans parler de ce que nous essayions d'accomplir. J'ai compris que si nous voulions vecteurs propres perpendiculaire à x, nous obtiendrions la portance par rapport au flux... mais ce type aurait rendu les mathématiques un peu plus simples.",neutral,chuong_trinh_hoc
10069,"J'aurais aimé que ce type m'enseigne Math 293 et 294 à Cornell. Mon gars pouvait à peine parler anglais, sans parler de ce que nous essayions d'accomplir. J'ai compris que si nous voulions vecteurs propres perpendiculaire à x, nous obtiendrions la portance par rapport au flux... mais ce type aurait rendu les mathématiques un peu plus simples.",neutral,kien_thuc
10069,"J'aurais aimé que ce type m'enseigne Math 293 et 294 à Cornell. Mon gars pouvait à peine parler anglais, sans parler de ce que nous essayions d'accomplir. J'ai compris que si nous voulions vecteurs propres perpendiculaire à x, nous obtiendrions la portance par rapport au flux... mais ce type aurait rendu les mathématiques un peu plus simples.",neutral,kien_thuc
10070,"Je suis un membre de l'IIT. Nous avons quelques professeurs qui enseignent bien ce domaine. La plupart sont très ennuyeux. Merci, MIT.",negative,ky_nang_giang_day
10071,"Merci professeur étrange, vraiment utile !!",positive,ky_nang_giang_day
10072,Il m’a fallu 15 secondes pour réaliser qu’il parlait anglais !,negative,ky_nang_giang_day
10073,"J'essaie vraiment de comprendre pourquoi multiplication de matrices devrait fonctionner comme cela et je ne parviens pas à trouver une bonne ressource qui parle de ce sujet spécifique. Le fait que même Gauss ne puisse pas le voir est une sorte de consolation, mais j'aimerais vraiment mettre la main sur une bonne explication.",neutral,kien_thuc
10074,"Si tout le contenu YouTube était supprimé aujourd'hui, la chose la plus bouleversante pour moi serait probablement de perdre ceci série de leçons.",positive,thiet_bi_day_hoc
10075,Je comprends maintenant pourquoi les américains sont nuls maths bon sang (oui je suis français),neutral,kien_thuc
10076,Merci ! C'est une conférence incroyable conférence,positive,chuong_trinh_hoc
10077,"J'ai regardé toutes les vidéos précédentes pour comprendre la plupart de ce qui se passe, mais j'ai toujours constaté que je n'avais aucun lien entre ce que je voyais et ce que je savais déjà. Je ne pouvais pas intégrer le nouvel ensemble de concepts à mes connaissances actuelles. C'était assez déroutant. Maintenant, avec les 18 premières minutes de ce cours cours magistral, tout s'est mis en place. C'était comme si je flottais dans l'espace avec du mal à naviguer mais que je pouvais toujours me déplacer d'un point à un autre. Maintenant, j'ai compris la gravité. C'est assez impressionnant.",positive,chuong_trinh_hoc
10078,"Merci beaucoup Dr. Strang, j'ai vraiment hâte pour la prochaine conférence.",positive,ky_nang_giang_day
10078,"Merci beaucoup Dr. Strang, j'ai vraiment hâte pour la prochaine conférence.",positive,chuong_trinh_hoc
10079,"L'une des meilleures conférences sur YouTube, merci Prof. Gilbert pour l'avoir magnifiquement expliqué.",positive,ky_nang_giang_day
10080,L'un des meilleurs cours de calcul !,positive,chuong_trinh_hoc
10081,Regarder Dr. Strang n'est jamais ennuyeux,positive,ky_nang_giang_day
10082,"Jerison ne compare que les termes de degré le plus élevé à la fois au numérateur et au dénominateur (1/x), car c'est tout ce qui compte lorsque la limite approche l'infini. Et oui, le facteur disparaît à zéro, une fois cette comparaison effectuée. Il a simplement éliminé le reste des termes à l'avance car ils ne sont pas pertinents lorsque x approche l'infini.",neutral,ky_nang_giang_day
10083,"En fait, j'ai beaucoup plus apprécié les conférences de professeur Miler que celles de professeur Jerison.",positive,ky_nang_giang_day
10083,"En fait, j'ai beaucoup plus apprécié les conférences de professeur Miler que celles de professeur Jerison.",neutral,ky_nang_giang_day
10084,densité en grammes par pouce cube ???? Bizarre ! Il était vraiment pressé vers la fin...,neutral,kien_thuc
10084,densité en grammes par pouce cube ???? Bizarre ! Il était vraiment pressé vers la fin...,neutral,ky_nang_giang_day
10085,J’aimerais avoir des instructeurs comme lui !,positive,ky_nang_giang_day
10086,Est-ce que statistiques est lié à domaine d’activité ?,neutral,kien_thuc
10086,Est-ce que statistiques est lié à domaine d’activité ?,neutral,noi_chung
10087,Vous êtes le roi M. Strang ! Merci,positive,ky_nang_giang_day
10088,"Merci beaucoup, Professeur Strang !",positive,ky_nang_giang_day
10089,Pourquoi mon université ne permet-elle pas à étudiants d'enregistrer les cours ? C'est tellement bien de les avoir à la maison au format vidéo. Vous pouvez les revoir et revenir en arrière à chaque fois que vous avez raté quelque chose parce que vous n'avez pas fait attention. Très utile.,negative,noi_chung
10089,Pourquoi mon université ne permet-elle pas à étudiants d'enregistrer les cours ? C'est tellement bien de les avoir à la maison au format vidéo. Vous pouvez les revoir et revenir en arrière à chaque fois que vous avez raté quelque chose parce que vous n'avez pas fait attention. Très utile.,neutral,noi_chung
10089,Pourquoi mon université ne permet-elle pas à étudiants d'enregistrer les cours ? C'est tellement bien de les avoir à la maison au format vidéo. Vous pouvez les revoir et revenir en arrière à chaque fois que vous avez raté quelque chose parce que vous n'avez pas fait attention. Très utile.,positive,thiet_bi_day_hoc
10089,Pourquoi mon université ne permet-elle pas à étudiants d'enregistrer les cours ? C'est tellement bien de les avoir à la maison au format vidéo. Vous pouvez les revoir et revenir en arrière à chaque fois que vous avez raté quelque chose parce que vous n'avez pas fait attention. Très utile.,positive,chuong_trinh_hoc
10090,C'est parce que tu es nul à ça.,negative,ky_nang_giang_day
10091,Pourquoi pas Leipzig continue et juste délimitée ?,neutral,kien_thuc
10092,47:25 en bas à gauche : Comment est défini Var(u^TX) ? Que signifie la « variance » d'un vecteur aléatoire ? Merci beaucoup,neutral,kien_thuc
10093,"Ce professeur est incroyable ! Non seulement il m'a aidé à m'éclairer avec l'algèbre linéaire, mais cela m'a rendu vraiment heureux de voir qu'il y a encore des gens aussi passionnés par leur travail. J'adore ça !",positive,ky_nang_giang_day
10094,"À 28h00, il a fait ce que fait Walter Lewin. Est-ce une condition préalable pour tous les professeurs du MIT d'avoir la capacité de faire cette « ligne pointillée » ?",neutral,ky_nang_giang_day
10095,"Aujourd'hui, j'ai terminé ce cours . Je tiens simplement à dire que le professeur David Jerison est un excellent et extraordinaire professeur. Un grand merci à ceux qui ont rendu possible la mise en ligne de ce cours  et son accès gratuit à tous. Merci beaucoup au MIT...",positive,ky_nang_giang_day
10095,"Aujourd'hui, j'ai terminé ce cours . Je tiens simplement à dire que le professeur David Jerison est un excellent et extraordinaire professeur. Un grand merci à ceux qui ont rendu possible la mise en ligne de ce cours  et son accès gratuit à tous. Merci beaucoup au MIT...",positive,chuong_trinh_hoc
10096,"Un excellent conférence. À 38,58, il aurait dû dire probabilité d'observer les données étant donné que les données sont distribuées selon les paramètres thêta",positive,chuong_trinh_hoc
10096,"Un excellent conférence. À 38,58, il aurait dû dire probabilité d'observer les données étant donné que les données sont distribuées selon les paramètres thêta",neutral,ky_nang_giang_day
10096,"Un excellent conférence. À 38,58, il aurait dû dire probabilité d'observer les données étant donné que les données sont distribuées selon les paramètres thêta",neutral,kien_thuc
10096,"Un excellent conférence. À 38,58, il aurait dû dire probabilité d'observer les données étant donné que les données sont distribuées selon les paramètres thêta",neutral,kien_thuc
10097,N'est-ce pas comme construire une formule itérative pour approximer la racine ?,neutral,kien_thuc
10098,49 minutes et j'espère toujours qu'il arrivera bientôt au PCA hahaha... super conférence quand même,positive,chuong_trinh_hoc
10099,Ce sont de très bons cours. J'ai passé des jours à lire des définitions abstraites et des explications formelles dans des livres pour comprendre les concepts que ce professeur explique de manière si vivante et créative en 10 secondes ! Merci !,positive,ky_nang_giang_day
10100,"O, d'avoir eu un professeur comme celui-ci qui voulait que vous appreniez les mathématiques, contrairement à mes cours qui étaient censés éliminer autant d'étudiants que possible.",positive,ky_nang_giang_day
10101,C'était une belle fin. Cela m'a fait pleurer,positive,chuong_trinh_hoc
10102,J'aimerais aller dans une université de l'Ivy League où les cours sont réellement compréhensibles. Contrairement à mon université |:,positive,chuong_trinh_hoc
10102,J'aimerais aller dans une université de l'Ivy League où les cours sont réellement compréhensibles. Contrairement à mon université |:,positive,noi_chung
10102,J'aimerais aller dans une université de l'Ivy League où les cours sont réellement compréhensibles. Contrairement à mon université |:,negative,noi_chung
10103,"Dans 1:08:10, ces lambda ne devraient pas être des valeurs propres de Sigma ? (ou de la matrice de covariance ?)",negative,kien_thuc
10104,"@[USERNAME]OM MON DIEU, je pensais être le seul à penser ça. Powerpoint ne m'aide pas. J'aimerais vraiment que mes professeurs utilisent un tableau noir !",negative,chuong_trinh_hoc
10105,"Je viens de commencer à suivre en ligne le cours de Prof Strang sur YouTube. J'adore son style, sa vitesse et sa passion pour inspirer la réflexion sur les réponses. Cet homme semble être l'un des éducateurs et penseurs les plus doués. Merci à MIT d'avoir publié ceci et d'autres connaissances en ligne !",positive,ky_nang_giang_day
10105,"Je viens de commencer à suivre en ligne le cours de Prof Strang sur YouTube. J'adore son style, sa vitesse et sa passion pour inspirer la réflexion sur les réponses. Cet homme semble être l'un des éducateurs et penseurs les plus doués. Merci à MIT d'avoir publié ceci et d'autres connaissances en ligne !",positive,thiet_bi_day_hoc
10105,"Je viens de commencer à suivre en ligne le cours de Prof Strang sur YouTube. J'adore son style, sa vitesse et sa passion pour inspirer la réflexion sur les réponses. Cet homme semble être l'un des éducateurs et penseurs les plus doués. Merci à MIT d'avoir publié ceci et d'autres connaissances en ligne !",positive,thiet_bi_day_hoc
10105,"Je viens de commencer à suivre en ligne le cours de Prof Strang sur YouTube. J'adore son style, sa vitesse et sa passion pour inspirer la réflexion sur les réponses. Cet homme semble être l'un des éducateurs et penseurs les plus doués. Merci à MIT d'avoir publié ceci et d'autres connaissances en ligne !",positive,noi_chung
10106,Est-ce un bon cours  pour l'analyse de données,positive,chuong_trinh_hoc
10107,"1:14:50 Je réfléchis à cette question depuis des jours qui est liée à pset2 #4 [projection de décidable ssi T-reconnaissable]. Comment pouvons-nous être sûrs que les preuves elles-mêmes ne provoquent pas de boucle. Dans le sens du problème de projection, comment puis-je être sûr que reconnaissable T essaie de nouvelles entrées et ne perd pas son temps avec des cercles inutiles dans une paire spécifique de (x, y)",neutral,kien_thuc
10107,"1:14:50 Je réfléchis à cette question depuis des jours qui est liée à pset2 #4 [projection de décidable ssi T-reconnaissable]. Comment pouvons-nous être sûrs que les preuves elles-mêmes ne provoquent pas de boucle. Dans le sens du problème de projection, comment puis-je être sûr que reconnaissable T essaie de nouvelles entrées et ne perd pas son temps avec des cercles inutiles dans une paire spécifique de (x, y)",neutral,kien_thuc
10108,"Plan de 8e dimension à l'intérieur d'un espace de 9e dimension. Si les valeurs des colonnes 8e et 9e sont identiques, cela ressemblerait à un plan sur un plan comme un oignon. Je suis confus.",neutral,kien_thuc
10108,"Plan de 8e dimension à l'intérieur d'un espace de 9e dimension. Si les valeurs des colonnes 8e et 9e sont identiques, cela ressemblerait à un plan sur un plan comme un oignon. Je suis confus.",neutral,kien_thuc
10109,L'auto-éducation avec de si bons professeurs est l'avenir ! Merci professeur Strang.,positive,ky_nang_giang_day
10109,L'auto-éducation avec de si bons professeurs est l'avenir ! Merci professeur Strang.,positive,ky_nang_giang_day
10110,"j'adore le nombre de petits extras qu'il ajoute constamment, comme de petites ""notes"" à savoir ^^ ça garde l'esprit éveillé et diverti par l'émerveillement :Dwish mes professeurs étaient aussi investis dans leurs cours :)",positive,ky_nang_giang_day
10110,"j'adore le nombre de petits extras qu'il ajoute constamment, comme de petites ""notes"" à savoir ^^ ça garde l'esprit éveillé et diverti par l'émerveillement :Dwish mes professeurs étaient aussi investis dans leurs cours :)",negative,ky_nang_giang_day
10110,"j'adore le nombre de petits extras qu'il ajoute constamment, comme de petites ""notes"" à savoir ^^ ça garde l'esprit éveillé et diverti par l'émerveillement :Dwish mes professeurs étaient aussi investis dans leurs cours :)",negative,chuong_trinh_hoc
10111,Quel privilège cela doit être d'avoir un professeur aussi merveilleux. Merci au MIT pour ces 35 conférences !,positive,ky_nang_giang_day
10111,Quel privilège cela doit être d'avoir un professeur aussi merveilleux. Merci au MIT pour ces 35 conférences !,positive,chuong_trinh_hoc
10112,"why est Q pas sur the other côté, si nous descendons (South) de whhere dh/dx est 0 than aussi h which diminuer right? Je veux dire dh/dy < 0 pour les both points right? why uniquement pour the supérieur ?",neutral,kien_thuc
10112,"why est Q pas sur the other côté, si nous descendons (South) de whhere dh/dx est 0 than aussi h which diminuer right? Je veux dire dh/dy < 0 pour les both points right? why uniquement pour the supérieur ?",neutral,kien_thuc
10112,"why est Q pas sur the other côté, si nous descendons (South) de whhere dh/dx est 0 than aussi h which diminuer right? Je veux dire dh/dy < 0 pour les both points right? why uniquement pour the supérieur ?",neutral,kien_thuc
10112,"why est Q pas sur the other côté, si nous descendons (South) de whhere dh/dx est 0 than aussi h which diminuer right? Je veux dire dh/dy < 0 pour les both points right? why uniquement pour the supérieur ?",neutral,kien_thuc
10113,Il ressemble au sénateur Pat Geary du Parrain 2.,neutral,ky_nang_giang_day
10114,Tant d'énergie pour un enregistrement vidéo avec une classe vide. Merci beaucoup professeur Gilbert !,positive,ky_nang_giang_day
10114,Tant d'énergie pour un enregistrement vidéo avec une classe vide. Merci beaucoup professeur Gilbert !,positive,chuong_trinh_hoc
10115,"C'est ce que j'appelle un cours de mathématiques « précieux » conférence. On passe du temps à expliquer aux étudiants « pourquoi » les choses sont vraies. Dans les institutions  où je suis allé, on passe du temps à lire des diapositives aux étudiants et à leur montrer comment résoudre des problèmes sans même avoir la moindre idée de la procédure à suivre pour résoudre un problème.",positive,chuong_trinh_hoc
10115,"C'est ce que j'appelle un cours de mathématiques « précieux » conférence. On passe du temps à expliquer aux étudiants « pourquoi » les choses sont vraies. Dans les institutions  où je suis allé, on passe du temps à lire des diapositives aux étudiants et à leur montrer comment résoudre des problèmes sans même avoir la moindre idée de la procédure à suivre pour résoudre un problème.",negative,noi_chung
10116,"J'ai terminé l'ensemble du cours  aujourd'hui, 27/08/2021. Je ne me souviens plus quand j'ai commencé, mais le premier chapitre m'a donné un tas d'intuitions et celles-ci m'ont encouragé à continuer à étudier jusqu'à la fin du cours . Merci, Prof. Gilbert Strang. Vous êtes mon excellent professeur de mathématiques. Vous m'avez inspiré à continuer à avancer sur ces éléments. J'espère vraiment pouvoir vous rencontrer un jour",positive,ky_nang_giang_day
10116,"J'ai terminé l'ensemble du cours  aujourd'hui, 27/08/2021. Je ne me souviens plus quand j'ai commencé, mais le premier chapitre m'a donné un tas d'intuitions et celles-ci m'ont encouragé à continuer à étudier jusqu'à la fin du cours . Merci, Prof. Gilbert Strang. Vous êtes mon excellent professeur de mathématiques. Vous m'avez inspiré à continuer à avancer sur ces éléments. J'espère vraiment pouvoir vous rencontrer un jour",positive,chuong_trinh_hoc
10117,Merci professeur ! Cela aide vraiment beaucoup à comprendre le fonctionnement de la vision par ordinateur 3D.,positive,ky_nang_giang_day
10117,Merci professeur ! Cela aide vraiment beaucoup à comprendre le fonctionnement de la vision par ordinateur 3D.,positive,noi_chung
10118,Quel conférence incroyable et captivant conférence il est. MERCI,positive,chuong_trinh_hoc
10118,Quel conférence incroyable et captivant conférence il est. MERCI,positive,ky_nang_giang_day
10119,"J'ai beaucoup de respect pour le professeur Gilbert Strang. Il est tellement avancé dans ces vidéos et pourtant il peut encore donner de si bonnes conférences. En fait, nous sommes en 2018 et il donne toujours conférences !",positive,ky_nang_giang_day
10119,"J'ai beaucoup de respect pour le professeur Gilbert Strang. Il est tellement avancé dans ces vidéos et pourtant il peut encore donner de si bonnes conférences. En fait, nous sommes en 2018 et il donne toujours conférences !",positive,chuong_trinh_hoc
10119,"J'ai beaucoup de respect pour le professeur Gilbert Strang. Il est tellement avancé dans ces vidéos et pourtant il peut encore donner de si bonnes conférences. En fait, nous sommes en 2018 et il donne toujours conférences !",positive,chuong_trinh_hoc
10120,"À 32:00, the prove est juste the component e et peégal à b. Mais je pense que the e devrait êtree perpendiculaire à the line, pour ne pas prendre take the y components... i.e. à 32:00, pour la preuve the, there est une hypothèse que the x composantent de b,e,p are the same. Quoi qu'il en soit, c'est un great video series pour review. :>",negative,kien_thuc
10120,"À 32:00, the prove est juste the component e et peégal à b. Mais je pense que the e devrait êtree perpendiculaire à the line, pour ne pas prendre take the y components... i.e. à 32:00, pour la preuve the, there est une hypothèse que the x composantent de b,e,p are the same. Quoi qu'il en soit, c'est un great video series pour review. :>",positive,chuong_trinh_hoc
10121,@[USERNAME]Parce qu'il l'a bien expliqué.,positive,ky_nang_giang_day
10122,"Je viens d'Inde, j'adore votre enseignement",positive,chuong_trinh_hoc
10123,"Ok, je ne sais même pas ce qui se passe et je ne sais pas par où commencer à apprendre calcul mdr",neutral,kien_thuc
10124,"Dieu qui sauve des vies, merci",positive,ky_nang_giang_day
10125,J'adore ce type. Il est tellement drôle et sait très bien expliquer les choses.,positive,ky_nang_giang_day
10126,"Je ne comprends pas... Je suis vraiment stupide d'être au MIT, mais que se passe-t-il avec ces étudiants... ils ne devraient pas être confus pour des conneries aussi simples que ça, quelqu'un peut-il me dire si les étudiants du MIT ne sont vraiment pas aussi intelligents qu'on le dit ?",neutral,ky_nang_giang_day
10127,Merci pour l'analogie  à 21h00. C'est la première fois que je reçois ça :),positive,kien_thuc
10128,"merci professeur Strang, vous ne savez pas à quel point cela est utile pour beaucoup d'entre nous !",positive,ky_nang_giang_day
10128,"merci professeur Strang, vous ne savez pas à quel point cela est utile pour beaucoup d'entre nous !",positive,chuong_trinh_hoc
10129,"J'ai une question ici, pour moi un point dans 3d est de dimension zéro, mais si une entité vivante est plus petite que ce point, un être vivant microscopique, pour cela le point aura une certaine dimension, alors, est-ce pour que le vecteur espaces que j'étudie, je puisse le visualiser dans mon espace existant, si quelqu'un est là dans un espace différent, il fera un autre espace vectoriel ? La solution restera la même dans différents espaces pour un problème ou un exemple particulier ?",neutral,kien_thuc
10129,"J'ai une question ici, pour moi un point dans 3d est de dimension zéro, mais si une entité vivante est plus petite que ce point, un être vivant microscopique, pour cela le point aura une certaine dimension, alors, est-ce pour que le vecteur espaces que j'étudie, je puisse le visualiser dans mon espace existant, si quelqu'un est là dans un espace différent, il fera un autre espace vectoriel ? La solution restera la même dans différents espaces pour un problème ou un exemple particulier ?",neutral,kien_thuc
10130,"Pour Check-in 21.2, how arrive D rejette <D>1000000 à l'étape 1 ? À l'entrée w, cochez f(n) les cellules de bande wici n = |<D>1000000|. Puis qu'est-ce qui se passe ?",neutral,kien_thuc
10130,"Pour Check-in 21.2, how arrive D rejette <D>1000000 à l'étape 1 ? À l'entrée w, cochez f(n) les cellules de bande wici n = |<D>1000000|. Puis qu'est-ce qui se passe ?",neutral,kien_thuc
10130,"Pour Check-in 21.2, how arrive D rejette <D>1000000 à l'étape 1 ? À l'entrée w, cochez f(n) les cellules de bande wici n = |<D>1000000|. Puis qu'est-ce qui se passe ?",neutral,kien_thuc
10130,"Pour Check-in 21.2, how arrive D rejette <D>1000000 à l'étape 1 ? À l'entrée w, cochez f(n) les cellules de bande wici n = |<D>1000000|. Puis qu'est-ce qui se passe ?",neutral,kien_thuc
10131,Puis-je voir (A^t(A)) comme un produit scalaire de deux vecteurs dans l'espace matriciel ?,neutral,kien_thuc
10132,"Prenez de très bonnes notes et assimilez-les. Maintenant, essayez de présenter le même cours sans tout mémoriser comme un script. Pas si facile, n'est-ce pas ?! Vous voyez que Strang ne fait pas référence à notes. Continuez à travailler dessus et vous aurez intériorisé l'idée.",positive,ky_nang_giang_day
10132,"Prenez de très bonnes notes et assimilez-les. Maintenant, essayez de présenter le même cours sans tout mémoriser comme un script. Pas si facile, n'est-ce pas ?! Vous voyez que Strang ne fait pas référence à notes. Continuez à travailler dessus et vous aurez intériorisé l'idée.",positive,noi_chung
10133,"Je suis Fayçal de Casablanca au Maroc et je vous remercie beaucoup pour cela les cours, cela me fait voir clairement les matrices :)",positive,chuong_trinh_hoc
10134,Bravo !!! De loin le meilleur et le plus premium trucs.,positive,chuong_trinh_hoc
10135,Quel homme merveilleux ! Tout simplement merveilleux !,positive,ky_nang_giang_day
10136,"Une personne n'a pas aimé cela vidéo parce qu'elle s'est rendu compte qu'une fois flux 3D il avait été parfaitement expliqué, elle ne l'avait toujours pas compris",positive,thiet_bi_day_hoc
10136,"Une personne n'a pas aimé cela vidéo parce qu'elle s'est rendu compte qu'une fois flux 3D il avait été parfaitement expliqué, elle ne l'avait toujours pas compris",positive,kien_thuc
10137,"désolé les gars, j'ai une question idiote à la minute 9:10 dans la deuxième et la troisième matrice dans la troisième colonne, pourquoi est-ce -2 et 5 ? je n'ai pas compris cette partie",neutral,kien_thuc
10138,"Quelqu'un peut-il s'il vous plaît t nous dire why nous sommes stuck en utilisant (*) at 26:32 to trouver the valeur de y ? Si je substitute 2 pourx, y^2 aura 2 valeurs, 0,73205 et -2,73205. Nous pouvons ignorer -2,73205 car that t=donnera des valeurs imaginary pour y. Quelqu'un peut-il s'il vous plaît t me dire où je me trompe ? Many tmerci d'avance.",neutral,kien_thuc
10138,"Quelqu'un peut-il s'il vous plaît t nous dire why nous sommes stuck en utilisant (*) at 26:32 to trouver the valeur de y ? Si je substitute 2 pourx, y^2 aura 2 valeurs, 0,73205 et -2,73205. Nous pouvons ignorer -2,73205 car that t=donnera des valeurs imaginary pour y. Quelqu'un peut-il s'il vous plaît t me dire où je me trompe ? Many tmerci d'avance.",neutral,kien_thuc
10138,"Quelqu'un peut-il s'il vous plaît t nous dire why nous sommes stuck en utilisant (*) at 26:32 to trouver the valeur de y ? Si je substitute 2 pourx, y^2 aura 2 valeurs, 0,73205 et -2,73205. Nous pouvons ignorer -2,73205 car that t=donnera des valeurs imaginary pour y. Quelqu'un peut-il s'il vous plaît t me dire où je me trompe ? Many tmerci d'avance.",neutral,kien_thuc
10138,"Quelqu'un peut-il s'il vous plaît t nous dire why nous sommes stuck en utilisant (*) at 26:32 to trouver the valeur de y ? Si je substitute 2 pourx, y^2 aura 2 valeurs, 0,73205 et -2,73205. Nous pouvons ignorer -2,73205 car that t=donnera des valeurs imaginary pour y. Quelqu'un peut-il s'il vous plaît t me dire où je me trompe ? Many tmerci d'avance.",neutral,kien_thuc
10139,16h15 pourquoi l'intérieur du drapeau du Japon (deuxième matrice) a rang 1 ? Peut-être que c'est 2 ?,negative,kien_thuc
10140,"Ce type est vraiment quelqu'un d'autre. Je vais à mon cours Algèbre linéaire et je sors généralement plus confus qu'à mon arrivée, puis je viens regarder ces vidéos et les choses prennent du sens en quelques minutes. Ce n'est pas seulement ce qu'il sait, mais il sait comment l'expliquer, tout simplement génial.",positive,chuong_trinh_hoc
10140,"Ce type est vraiment quelqu'un d'autre. Je vais à mon cours Algèbre linéaire et je sors généralement plus confus qu'à mon arrivée, puis je viens regarder ces vidéos et les choses prennent du sens en quelques minutes. Ce n'est pas seulement ce qu'il sait, mais il sait comment l'expliquer, tout simplement génial.",negative,kien_thuc
10141,"C'est comme du pur chocolat intellectuel. Gilbert Strang aurait dû reprendre la chocolaterie Wonka, pas Charlie.",positive,ky_nang_giang_day
10142,"J'ai dû aller sur Khan Academy pour apprendre ce que ce type enseignait : tout ce qu'il avait à faire était de dire « à ce stade, j'ajoute zéro à cette équation ».",negative,ky_nang_giang_day
10143,C'est la meilleure conférence que j'ai jamais écoutée. Merci Professeur.,positive,chuong_trinh_hoc
10143,C'est la meilleure conférence que j'ai jamais écoutée. Merci Professeur.,positive,ky_nang_giang_day
10144,salope c'est ce que je pensais ; dommage que j'aie fini ce cours  le semestre dernier,negative,chuong_trinh_hoc
10145,5/32 est la probabilité de x-1/2(5/24)/(4/3) sont les aires Probabilité est tellement plus intéressant que les formules d'intégration (ce que je fais à l'école),positive,kien_thuc
10146,"en 30.41 il écrit ""NULL"" il dit que S est la matrice des vecteurs propres mais il ne dit rien pour QU'EST-CE QUE CE ""v petit"" et pourquoi a-t-il fait ce truc... c'est décourageant",negative,ky_nang_giang_day
10146,"en 30.41 il écrit ""NULL"" il dit que S est la matrice des vecteurs propres mais il ne dit rien pour QU'EST-CE QUE CE ""v petit"" et pourquoi a-t-il fait ce truc... c'est décourageant",negative,kien_thuc
10147,J'adore l'accent de ce type.,positive,ky_nang_giang_day
10148,"Le calcul de l'intégrale sinx est assez simple. Si vous souhaitez calculer l'aire de 0 à n fois pi, vérifiez simplement si n est pair ou impair. S'il est impair, l'aire est égale à 2, si son aire paire est égale à zéro.",positive,kien_thuc
10148,"Le calcul de l'intégrale sinx est assez simple. Si vous souhaitez calculer l'aire de 0 à n fois pi, vérifiez simplement si n est pair ou impair. S'il est impair, l'aire est égale à 2, si son aire paire est égale à zéro.",neutral,kien_thuc
10149,Prouver des fermetures en utilisant NFA ressemble à un code de triche,neutral,kien_thuc
10150,"""accentue ceci"" ""accentue cela"", je ne suis même pas un locuteur natif, mon anglais est très basique et je peux très bien comprendre ce type... pourquoi vous, les Américains, vous plaignez-vous ?",positive,ky_nang_giang_day
10151,Les angles de caméra traditionnels étaient BEAUCOUP plus agréables à regarder.,positive,thiet_bi_day_hoc
10152,Son est très faible et Écriture manuscrite n'est pas non plus parfaitement visible.,negative,thiet_bi_day_hoc
10152,Son est très faible et Écriture manuscrite n'est pas non plus parfaitement visible.,negative,thiet_bi_day_hoc
10153,C'est le professeur de Futurama dans la vraie vie ! Haha étrange est une légende vivante.,positive,ky_nang_giang_day
10154,"C'est le meilleur cours Algèbre linéaire de mon expérience. Les mots sont incapables d'exprimer ma gratitude envers Prof. Strang, ses TA et l'équipe OCW. Je suis submergé de joie après avoir terminé ce cours.",positive,chuong_trinh_hoc
10154,"C'est le meilleur cours Algèbre linéaire de mon expérience. Les mots sont incapables d'exprimer ma gratitude envers Prof. Strang, ses TA et l'équipe OCW. Je suis submergé de joie après avoir terminé ce cours.",positive,ky_nang_giang_day
10154,"C'est le meilleur cours Algèbre linéaire de mon expérience. Les mots sont incapables d'exprimer ma gratitude envers Prof. Strang, ses TA et l'équipe OCW. Je suis submergé de joie après avoir terminé ce cours.",positive,noi_chung
10154,"C'est le meilleur cours Algèbre linéaire de mon expérience. Les mots sont incapables d'exprimer ma gratitude envers Prof. Strang, ses TA et l'équipe OCW. Je suis submergé de joie après avoir terminé ce cours.",positive,noi_chung
10155,Je n'arrive pas à croire que je regarde ça pour me divertir. C'est probablement le meilleur professeur de mathématiques que j'ai jamais eu.,positive,ky_nang_giang_day
10155,Je n'arrive pas à croire que je regarde ça pour me divertir. C'est probablement le meilleur professeur de mathématiques que j'ai jamais eu.,neutral,noi_chung
10156,"qu'est-il arrivé au son cette fois-ci ? loool plus d'écho cette fois-ci J'adore étudier de cette façon, c'est tellement mieux que de lire des PUTAIN DE LIVRES ! il a une grande maîtrise. mais n'oubliez pas de pratiquer des problèmes sur les sujets que vous abordez, cela aide à retenir les idées du cours",positive,thiet_bi_day_hoc
10156,"qu'est-il arrivé au son cette fois-ci ? loool plus d'écho cette fois-ci J'adore étudier de cette façon, c'est tellement mieux que de lire des PUTAIN DE LIVRES ! il a une grande maîtrise. mais n'oubliez pas de pratiquer des problèmes sur les sujets que vous abordez, cela aide à retenir les idées du cours",neutral,ky_nang_giang_day
10157,"il ne le fait pas comme s'il faisait des mathématiques, mais comme de l'art, comme de la poésie",positive,ky_nang_giang_day
10158,j'ai 17 ans et je sais ce que le porf vient de dire hahah :P,neutral,ky_nang_giang_day
10159,C'est tout facile avec ça professeur,positive,ky_nang_giang_day
10160,Qu'est-ce qu'il a utilisé pour écrire ? dans Je n'arrête pas d'y penser ça !,neutral,thiet_bi_day_hoc
10161,"J'ai terminé le 18.06 aujourd'hui. J'ai commencé le 16.03.2020 au Japon (je suis chinois) et aujourd'hui c'est le 29.03. Ces 14 jours ont complètement changé ma vie et m'ont inspiré. Et les mathématiques sont une toute nouvelle chose pour moi maintenant. Cette conférence n'était pas comme une conférence, c'est bien plus comme un jeu, un voyage, un film inspirant. Merci, Professeur Strang, et merci à vous, les personnes qui ont fait les sous-titres en mandarin pour cette vidéo conférence ! Professeur Strang, vous êtes le MEILLEUR PROFESSEUR de toute ma vie. Et je me souviendrai toujours de la conférence du 18.06.",positive,ky_nang_giang_day
10161,"J'ai terminé le 18.06 aujourd'hui. J'ai commencé le 16.03.2020 au Japon (je suis chinois) et aujourd'hui c'est le 29.03. Ces 14 jours ont complètement changé ma vie et m'ont inspiré. Et les mathématiques sont une toute nouvelle chose pour moi maintenant. Cette conférence n'était pas comme une conférence, c'est bien plus comme un jeu, un voyage, un film inspirant. Merci, Professeur Strang, et merci à vous, les personnes qui ont fait les sous-titres en mandarin pour cette vidéo conférence ! Professeur Strang, vous êtes le MEILLEUR PROFESSEUR de toute ma vie. Et je me souviendrai toujours de la conférence du 18.06.",positive,chuong_trinh_hoc
10162,Toutes les présentations de ce conférencier sont excellentes et bien présentées pour prendre des notes et apprendre en écoutant. Bien rythmé.,positive,chuong_trinh_hoc
10163,"Est-ce que c'est une conférence pour les idiots ou quoi ? Au cours des deux dernières conférences), il a dit un ou deux points importants et il n'arrête pas de les répéter...",negative,chuong_trinh_hoc
10163,"Est-ce que c'est une conférence pour les idiots ou quoi ? Au cours des deux dernières conférences), il a dit un ou deux points importants et il n'arrête pas de les répéter...",negative,ky_nang_giang_day
10164,Mon professeur d'algèbre linéaire  peut-il apprendre à enseigner avec vous ?,positive,ky_nang_giang_day
10164,Mon professeur d'algèbre linéaire  peut-il apprendre à enseigner avec vous ?,negative,ky_nang_giang_day
10165,"C'est le professeur le plus étonnant. La façon dont il partage les connaissances devient très facile à comprendre et à imaginer, ce qui est une beauté de son enseignement.",positive,ky_nang_giang_day
10166,Merci M.I.T. d'avoir mis ces conférences à notre disposition. C'est enrichissant de voir des enseignants aussi talentueux enseigner. C'est mentalement stimulant de réfléchir à ces concepts. C'est satisfaisant d'apprendre.,positive,chuong_trinh_hoc
10166,Merci M.I.T. d'avoir mis ces conférences à notre disposition. C'est enrichissant de voir des enseignants aussi talentueux enseigner. C'est mentalement stimulant de réfléchir à ces concepts. C'est satisfaisant d'apprendre.,positive,ky_nang_giang_day
10166,Merci M.I.T. d'avoir mis ces conférences à notre disposition. C'est enrichissant de voir des enseignants aussi talentueux enseigner. C'est mentalement stimulant de réfléchir à ces concepts. C'est satisfaisant d'apprendre.,positive,noi_chung
10167,"J'ai un petit problème avec le Jacobien. Pourquoi avons-nous même besoin de prendre le valeur absolue du déterminant ? Dans le cas d'une variable unique, la dérivée peut également être considérée comme le « taux de change » du dx à du si nous changeons de variable et dans le même sens que le Jacobien mais même si la dérivée est négative, nous ne prenons pas les valeur absolue. Mais pourquoi devrions-nous prendre les valeur absolue dans le cas du déterminant Jacobien ?",neutral,kien_thuc
10167,"J'ai un petit problème avec le Jacobien. Pourquoi avons-nous même besoin de prendre le valeur absolue du déterminant ? Dans le cas d'une variable unique, la dérivée peut également être considérée comme le « taux de change » du dx à du si nous changeons de variable et dans le même sens que le Jacobien mais même si la dérivée est négative, nous ne prenons pas les valeur absolue. Mais pourquoi devrions-nous prendre les valeur absolue dans le cas du déterminant Jacobien ?",neutral,kien_thuc
10168,"Je préfère d'abord diviser le intégration selon le chemin, puis choisir le système de coordonnées approprié pour chaque chemin. Merci.",neutral,kien_thuc
10168,"Je préfère d'abord diviser le intégration selon le chemin, puis choisir le système de coordonnées approprié pour chaque chemin. Merci.",neutral,kien_thuc
10168,"Je préfère d'abord diviser le intégration selon le chemin, puis choisir le système de coordonnées approprié pour chaque chemin. Merci.",neutral,kien_thuc
10169,"Tu es le meilleur professeur que j'ai jamais vu, alors continue comme ça",positive,ky_nang_giang_day
10170,J'ai vraiment dû réfléchir et imaginer beaucoup dans cette conférence et j'ai adoré,positive,chuong_trinh_hoc
10171,"Très utile cours ! Vous pouvez apprendre l'algèbre linéaire vous-même ! Faites en sorte que la connaissance soit diffusée à tous, gratuitement et efficacement.",positive,chuong_trinh_hoc
10172,Je perdrais quelques points car j'utiliserais le système de coordonnées standard (en regardant le tracé de contour ci-dessus) :(,neutral,kien_thuc
10173,Ces cours vous enseignent-ils à peu près la même chose qu'un cours AP Calcul AB au lycée ?,neutral,kien_thuc
10174,"Je sais que c'est une question stupide, mais quelqu'un peut-il expliquer pourquoi r = 2acos theta par opposition à 2asec theta ?",neutral,kien_thuc
10174,"Je sais que c'est une question stupide, mais quelqu'un peut-il expliquer pourquoi r = 2acos theta par opposition à 2asec theta ?",neutral,kien_thuc
10175,Combien d'heures par jour ? J'aimerais terminer tous ces travaux ceux-ci en une semaine.,neutral,thiet_bi_day_hoc
10176,"Ouais ! Je comprends bien calcul vectoriel ! Bon travail, professeur !",positive,kien_thuc
10176,"Ouais ! Je comprends bien calcul vectoriel ! Bon travail, professeur !",positive,ky_nang_giang_day
10177,Professeur Strang - merci pour les incroyables conférences et toutes les idées que vous partagez avec nous !,positive,chuong_trinh_hoc
10177,Professeur Strang - merci pour les incroyables conférences et toutes les idées que vous partagez avec nous !,positive,ky_nang_giang_day
10178,"Merci Professeur Denis Auroux et MIT. Je viens de terminer le 18.02, (18 août 2022).Calcul à variable unique - Prof. David JerisonCalcul à variables multiples - Prof. Denis Auroux.Merci encore !",positive,ky_nang_giang_day
10178,"Merci Professeur Denis Auroux et MIT. Je viens de terminer le 18.02, (18 août 2022).Calcul à variable unique - Prof. David JerisonCalcul à variables multiples - Prof. Denis Auroux.Merci encore !",positive,noi_chung
10178,"Merci Professeur Denis Auroux et MIT. Je viens de terminer le 18.02, (18 août 2022).Calcul à variable unique - Prof. David JerisonCalcul à variables multiples - Prof. Denis Auroux.Merci encore !",positive,ky_nang_giang_day
10179,"Je suis curieux de savoir s'il existe un autre cours de statistiques classe sur OCW qui est recommandé ainsi que ce cours classe sur les probabilités ? C'est le cours classe qui me sera le plus utile, mais je pense qu'un cours de statistiques classe avec des cours vidéo serait excellent.",positive,chuong_trinh_hoc
10179,"Je suis curieux de savoir s'il existe un autre cours de statistiques classe sur OCW qui est recommandé ainsi que ce cours classe sur les probabilités ? C'est le cours classe qui me sera le plus utile, mais je pense qu'un cours de statistiques classe avec des cours vidéo serait excellent.",positive,chuong_trinh_hoc
10180,"J'ai demandé à mon prof ""pourquoi minimise-t-on le carré de l'erreur dans le LSM ?"" Il m'a répondu ""Pour réduire la distance"" aujourd'hui j'ai compris ce qu'il voulait dire par là après 3 ans",neutral,kien_thuc
10180,"J'ai demandé à mon prof ""pourquoi minimise-t-on le carré de l'erreur dans le LSM ?"" Il m'a répondu ""Pour réduire la distance"" aujourd'hui j'ai compris ce qu'il voulait dire par là après 3 ans",neutral,kien_thuc
10180,"J'ai demandé à mon prof ""pourquoi minimise-t-on le carré de l'erreur dans le LSM ?"" Il m'a répondu ""Pour réduire la distance"" aujourd'hui j'ai compris ce qu'il voulait dire par là après 3 ans",neutral,ky_nang_giang_day
10181,"À 27:20, je dois deviner la ligne car je ne veux pas réfléchir, alors j'ai pris la ligne comme [x,y,z] puis je l'ai résolue manuellement pour constater que x+z = -3 la résoudra. Je pensais que j'étais si intelligent mais........ À 37:40, je n'ai pas pu le résoudre en prenant les variables bien que la matrice P soit facile à penser mais au moment du cours, cela semble difficile mais je suppose que cela vient avec la pratique",neutral,kien_thuc
10181,"À 27:20, je dois deviner la ligne car je ne veux pas réfléchir, alors j'ai pris la ligne comme [x,y,z] puis je l'ai résolue manuellement pour constater que x+z = -3 la résoudra. Je pensais que j'étais si intelligent mais........ À 37:40, je n'ai pas pu le résoudre en prenant les variables bien que la matrice P soit facile à penser mais au moment du cours, cela semble difficile mais je suppose que cela vient avec la pratique",neutral,kien_thuc
10182,pourquoi M(e) a-t-il été égal à 1 ?,neutral,kien_thuc
10183,Je veux juste dire merci à Sir Strang pour avoir réalisé une série  aussi incroyable. Je suis vraiment beaucoup aidé par sa série .,positive,ky_nang_giang_day
10183,Je veux juste dire merci à Sir Strang pour avoir réalisé une série  aussi incroyable. Je suis vraiment beaucoup aidé par sa série .,positive,chuong_trinh_hoc
10184,"Quelqu'un peut-il clarifier ma question... ! À 32.01, il a été dit que r12(n) = 1- r11(n)... c'est correct intuitivement mais si je calcule r12(n) en utilisant la méthode normale, je l'obtiens comme r11(n-10,5+r12(n-1)0,8) ce qui n'est pas le même que 1- r11(n) (Ici r11(n = r11(n-1)0,2+r12(n-1)0,5))",neutral,kien_thuc
10184,"Quelqu'un peut-il clarifier ma question... ! À 32.01, il a été dit que r12(n) = 1- r11(n)... c'est correct intuitivement mais si je calcule r12(n) en utilisant la méthode normale, je l'obtiens comme r11(n-10,5+r12(n-1)0,8) ce qui n'est pas le même que 1- r11(n) (Ici r11(n = r11(n-1)0,2+r12(n-1)0,5))",neutral,kien_thuc
10184,"Quelqu'un peut-il clarifier ma question... ! À 32.01, il a été dit que r12(n) = 1- r11(n)... c'est correct intuitivement mais si je calcule r12(n) en utilisant la méthode normale, je l'obtiens comme r11(n-10,5+r12(n-1)0,8) ce qui n'est pas le même que 1- r11(n) (Ici r11(n = r11(n-1)0,2+r12(n-1)0,5))",neutral,kien_thuc
10184,"Quelqu'un peut-il clarifier ma question... ! À 32.01, il a été dit que r12(n) = 1- r11(n)... c'est correct intuitivement mais si je calcule r12(n) en utilisant la méthode normale, je l'obtiens comme r11(n-10,5+r12(n-1)0,8) ce qui n'est pas le même que 1- r11(n) (Ici r11(n = r11(n-1)0,2+r12(n-1)0,5))",neutral,kien_thuc
10184,"Quelqu'un peut-il clarifier ma question... ! À 32.01, il a été dit que r12(n) = 1- r11(n)... c'est correct intuitivement mais si je calcule r12(n) en utilisant la méthode normale, je l'obtiens comme r11(n-10,5+r12(n-1)0,8) ce qui n'est pas le même que 1- r11(n) (Ici r11(n = r11(n-1)0,2+r12(n-1)0,5))",neutral,kien_thuc
10185,"Le professeur Strang est un maître en enseignement. C'est un artiste. Sa façon d'enseigner est un chef-d'œuvre. Merci Monsieur. Cordialement, de l'Inde",positive,ky_nang_giang_day
10186,Peut-être Gil Strang aurait-il remplacé Newton s'il avait été son contemporain,positive,ky_nang_giang_day
10187,"C'est tellement utile, toute la série . Mon professeur n'arrive pas à se sortir d'un sac en papier. J'ai enfin compris tout ça ! Ces vidéos me permettent de réussir mon cours de mathématiques ! Merci !",positive,chuong_trinh_hoc
10187,"C'est tellement utile, toute la série . Mon professeur n'arrive pas à se sortir d'un sac en papier. J'ai enfin compris tout ça ! Ces vidéos me permettent de réussir mon cours de mathématiques ! Merci !",negative,ky_nang_giang_day
10187,"C'est tellement utile, toute la série . Mon professeur n'arrive pas à se sortir d'un sac en papier. J'ai enfin compris tout ça ! Ces vidéos me permettent de réussir mon cours de mathématiques ! Merci !",positive,chuong_trinh_hoc
10188,"Ok, mais quelle est en fait la différence différence entre l'indépendance du chemin et de la surface. Un champ peut-il être indépendant du chemin mais pas de la surface... et 25 : 50 la divergence de courbure d'un champ vectoriel est toujours 0. Cela implique-t-il que tous les champs vectoriels ont un potentiel scalaire ou non ?",neutral,kien_thuc
10189,Un point sur lequel je pense qu'il aurait dû insister davantage est que concaténation avec le langage vide vous donne le langage vide. Il devient alors évident pourquoi aucun flèche n'est le même que le flèche avec et le langage vide.,negative,ky_nang_giang_day
10189,Un point sur lequel je pense qu'il aurait dû insister davantage est que concaténation avec le langage vide vous donne le langage vide. Il devient alors évident pourquoi aucun flèche n'est le même que le flèche avec et le langage vide.,neutral,kien_thuc
10189,Un point sur lequel je pense qu'il aurait dû insister davantage est que concaténation avec le langage vide vous donne le langage vide. Il devient alors évident pourquoi aucun flèche n'est le même que le flèche avec et le langage vide.,neutral,kien_thuc
10189,Un point sur lequel je pense qu'il aurait dû insister davantage est que concaténation avec le langage vide vous donne le langage vide. Il devient alors évident pourquoi aucun flèche n'est le même que le flèche avec et le langage vide.,neutral,kien_thuc
10190,"J'ai essayé d'apprendre le concept de cette vidéo il y a quelques mois et je jure qu'il m'a fait peur. POURQUOI EST-CE QU'IL DONNE L'IMAGE SI DIFFICILE ??? Toute cette conférence est basée sur l'équation point-pente qui n'est en fait que la formule de la pente de toute façon. Comment obtenez-vous la pente m ? (y_2 - y_1)/(x_2 - x_1) = m --> PenteEnsuite, placez les x dans l'équation point-pente my - y_1 = m(x - x_1) -->Ensuite, nous résolvons pour y, y = m(x - x_0) + y_0 --> LinéarisationIl donne l'impression que l'équation sort de nulle part.. :o",negative,ky_nang_giang_day
10191,"39:38 attends, pourquoi obtiens-tu une ligne ? Pourquoi ne dessinerait-elle pas un cercle plein ou quelque chose comme ça ? Je ne comprends pas bien ça",neutral,kien_thuc
10192,"Bonne observation, au Portugal nous l'avons appris en utilisant la preuve du théorème de Squezze, et c'est la bonne façon. Je suis en fait mathématicien. L'approche intuitive utilisée dans la leçon n'a eu que l'avantage d'épargner aux étudiants la complexité de la topologie des ensembles de points dans son sens de base.",positive,kien_thuc
10192,"Bonne observation, au Portugal nous l'avons appris en utilisant la preuve du théorème de Squezze, et c'est la bonne façon. Je suis en fait mathématicien. L'approche intuitive utilisée dans la leçon n'a eu que l'avantage d'épargner aux étudiants la complexité de la topologie des ensembles de points dans son sens de base.",negative,kien_thuc
10193,"si on vous donne les composantes de deux vecteurs (par exemple u=(2,3,6) et v=(2,3,-6)), comment l'utilisez-vous pour trouver l'angle  entre eux ?",neutral,kien_thuc
10194,Quelle est la somme des deux valeurs propres ? Dites-moi simplement ce que je viens de dire. :D,neutral,kien_thuc
10195,pourquoi itération en newtons est-elle effectuée ? Je ne comprends pas la logique derrière cela,neutral,kien_thuc
10196,30:30 je suppose que cela devrait être au début de la conférence mais c'était une très belle conférence merci pour vos efforts <3,positive,chuong_trinh_hoc
10197,Merci à Prof. Auroux et au MIT ! Je l'apprends de la leçon 1 à la leçon 32. Date de publication -- 2017.11.12,positive,ky_nang_giang_day
10198,Difficile d'apprécier à quel point cette présentation est bien faite au premier coup d'oeil. Plus on apprend LA plus on apprécie cela style de présentation.,positive,chuong_trinh_hoc
10198,Difficile d'apprécier à quel point cette présentation est bien faite au premier coup d'oeil. Plus on apprend LA plus on apprécie cela style de présentation.,positive,thiet_bi_day_hoc
10199,Merci Professeur Strang ! Je vais me lever tôt demain matin et regarder cette vidéo avec le meilleur moment de ma journée ! Je dois aussi acheter un cahier super cher uniquement pour le cours de Professeur Strang !,positive,ky_nang_giang_day
10199,Merci Professeur Strang ! Je vais me lever tôt demain matin et regarder cette vidéo avec le meilleur moment de ma journée ! Je dois aussi acheter un cahier super cher uniquement pour le cours de Professeur Strang !,positive,chuong_trinh_hoc
10200,je n'ai rien appris sur l'algèbre linéaire dans ma propre université. puis j'ai trouvé ceux-ci conférences du MIT. ce truc est de l'OR !!,positive,chuong_trinh_hoc
10201,"J'ai fréquenté un collège communautaire et mes professeurs étaient au moins aussi bons que tous ceux que j'ai vus sur cette chaîne. Plus précisément mon professeur de physique Dr. Lecuyer, mes professeurs de mathématiques Dr. Madson et M. Young.",positive,ky_nang_giang_day
10201,"J'ai fréquenté un collège communautaire et mes professeurs étaient au moins aussi bons que tous ceux que j'ai vus sur cette chaîne. Plus précisément mon professeur de physique Dr. Lecuyer, mes professeurs de mathématiques Dr. Madson et M. Young.",positive,ky_nang_giang_day
10201,"J'ai fréquenté un collège communautaire et mes professeurs étaient au moins aussi bons que tous ceux que j'ai vus sur cette chaîne. Plus précisément mon professeur de physique Dr. Lecuyer, mes professeurs de mathématiques Dr. Madson et M. Young.",positive,ky_nang_giang_day
10202,à 35:35 si nous prenons la dérivée de la réponse qui ne sera pas x^3(x^4+2). nous avons besoin de x^4 multiplié par (x^4+2)^6. Quelqu'un peut-il expliquer ce qui se passe ?,neutral,kien_thuc
10202,à 35:35 si nous prenons la dérivée de la réponse qui ne sera pas x^3(x^4+2). nous avons besoin de x^4 multiplié par (x^4+2)^6. Quelqu'un peut-il expliquer ce qui se passe ?,neutral,kien_thuc
10203,quelqu'un peut-il m'expliquer le problème du chapeau ? en particulier pour la variance. merci beaucoup !,neutral,kien_thuc
10203,quelqu'un peut-il m'expliquer le problème du chapeau ? en particulier pour la variance. merci beaucoup !,neutral,kien_thuc
10204,si j'avais ça classe....... je l'échouerais.,negative,chuong_trinh_hoc
10205,J'aimerais qu'il soit mon professeur :(. Il explique les choses si clairement et si complètement !,positive,ky_nang_giang_day
10205,J'aimerais qu'il soit mon professeur :(. Il explique les choses si clairement et si complètement !,positive,kien_thuc
10206,"Je suis reconnaissante d'avoir trouvé ce cours, le professeur était un pur amour, et j'ai réussi à apprendre grâce au cours. Merci professeur, c'était un honneur.",positive,ky_nang_giang_day
10206,"Je suis reconnaissante d'avoir trouvé ce cours, le professeur était un pur amour, et j'ai réussi à apprendre grâce au cours. Merci professeur, c'était un honneur.",positive,chuong_trinh_hoc
10207,"32:36 parle hypothétiquement de 9 espace dimensionnel. « ça va être difficile de visualiser ceux-là... je ne prétends pas le faire. »... « fais semblant de le faire », mais je ne peux pas.",negative,kien_thuc
10208,"Vous pouvez trouver la valeur 2*y0, lorsque la dérivée de 1/x coupe l'exacte Y, en créant des triangles semblables. Si la pente reflète un changement de y0 à 0 lorsque X passe de x0 à 2*x0, elle devrait donc passer de y0 à 2*y0 lorsque X passe de x0 à 0. C'est plus facile à voir dans un graphique. La notation f' vient de Lagrange, pas de Newton. J'adore MITOCW. Merci !",positive,chuong_trinh_hoc
10209,J'ai eu ça dans ma licence d'informatique en allemand. Mon prof était bien pire et il parlait dans ma langue. Je comprends mieux ça en anglais que mon prof. Dans ma langue. Un énorme compliment à Dr.strang,positive,ky_nang_giang_day
10211,"Si vous n'aimez pas cela les professeurs les explications je vous recommande de regarder les vidéos Thinkwell calcul. Malheureusement, elles ne sont pas gratuites, mais je n'ai jamais vu une explication aussi intuitive, simple et amusante de calcul qui vous aidera à vraiment comprendre les concepts =)",positive,ky_nang_giang_day
10211,"Si vous n'aimez pas cela les professeurs les explications je vous recommande de regarder les vidéos Thinkwell calcul. Malheureusement, elles ne sont pas gratuites, mais je n'ai jamais vu une explication aussi intuitive, simple et amusante de calcul qui vous aidera à vraiment comprendre les concepts =)",positive,kien_thuc
10211,"Si vous n'aimez pas cela les professeurs les explications je vous recommande de regarder les vidéos Thinkwell calcul. Malheureusement, elles ne sont pas gratuites, mais je n'ai jamais vu une explication aussi intuitive, simple et amusante de calcul qui vous aidera à vraiment comprendre les concepts =)",positive,thiet_bi_day_hoc
10212,"Oh mec, ces preuves probabilistes sont tellement belles... sont-elles intrinsèquement équivalentes à une sorte de comptage ?",positive,kien_thuc
10213,"Putain, il n'est même pas ton prof et tu embrasses son assistante, tu peux voir que tes profs te font passer",negative,ky_nang_giang_day
10214,Ce type donne son cours comme s'il y avait une classe entière d'étudiants assis là. Incroyable,positive,ky_nang_giang_day
10215,Professeur Strang merci d'avoir expliqué et analysé les définitions et les inégalités des probabilités et des statistiques. Les images et les exemples m'aident vraiment à comprendre la qualité de ce cours conférence.,positive,ky_nang_giang_day
10215,Professeur Strang merci d'avoir expliqué et analysé les définitions et les inégalités des probabilités et des statistiques. Les images et les exemples m'aident vraiment à comprendre la qualité de ce cours conférence.,positive,chuong_trinh_hoc
10216,"""il est très approprié pour moi, en tant que remplaçant professeur, de vous parler de remplacement""XD",positive,ky_nang_giang_day
10216,"""il est très approprié pour moi, en tant que remplaçant professeur, de vous parler de remplacement""XD",neutral,kien_thuc
10217,c'est une légende merci MIT,positive,ky_nang_giang_day
10218,"par « tout (matrice 1 : 3 par 3) », veut-il dire que la matrice a 3 lignes et 3 colonnes ?",neutral,kien_thuc
10219,"Cela doit être quelque chose que les étudiants apprennent pendant leur première année... le MIT est prestigieux, ça ne peut pas être si basique...",positive,noi_chung
10219,"Cela doit être quelque chose que les étudiants apprennent pendant leur première année... le MIT est prestigieux, ça ne peut pas être si basique...",neutral,kien_thuc
10220,Cette conférence était assez déroutante,negative,chuong_trinh_hoc
10221,"Très bon enseignement. Il va à une vitesse parfaite : bon rythme de révision, mais si vous ne connaissez pas bien les vecteurs, vous pouvez l'apprendre très rapidement avec cette vitesse. Très bon",positive,ky_nang_giang_day
10222,"Je suis très excité d'en apprendre un de plus cours vidéo de professeur Gilbert Strang, l'un des meilleurs professeurs que j'ai jamais eu !!",positive,chuong_trinh_hoc
10222,"Je suis très excité d'en apprendre un de plus cours vidéo de professeur Gilbert Strang, l'un des meilleurs professeurs que j'ai jamais eu !!",positive,ky_nang_giang_day
10223,"Ce sont de très belles explications des transformations linéaires et de leurs matrices, grâce encore une fois au parrain de l'algèbre linéaire DR. Gilbert Strang. J'ai suivi des cours d'introduction à l'algèbre linéaire à l'Université du Maryland Baltimore County à la fin des années 1980 et mon professeur n'avait rien à voir avec le Dr Strang. Cette légende du MIT est une trouvaille rare.",positive,ky_nang_giang_day
10224,"Je suis confus... Pour les sous-espaces R², il y a 1 origine 2 ligne elle-même... D'accord jusqu'ici, mais le dernier point est que c'est n'importe quelle ligne passant par l'origine ou autre chose",negative,kien_thuc
10225,"Les étudiants  sont vraiment stupides. Le professeur  essaie d'enseigner comment définir la limite des intégrales, mais tout ce que les étudiants  veulent faire, c'est la calculer. Ils continuent à suggérer des moyens de « simplifier » le calcul, sans comprendre qu'il n'est pas du tout dans l'intérêt du professeur  de réaliser réellement l'intégration.",negative,noi_chung
10225,"Les étudiants  sont vraiment stupides. Le professeur  essaie d'enseigner comment définir la limite des intégrales, mais tout ce que les étudiants  veulent faire, c'est la calculer. Ils continuent à suggérer des moyens de « simplifier » le calcul, sans comprendre qu'il n'est pas du tout dans l'intérêt du professeur  de réaliser réellement l'intégration.",neutral,ky_nang_giang_day
10226,"Comment cette idée s'applique-t-elle aux opérateurs différentiels valeurs propres et fonctions propres ? Ils ne ressemblent pas vraiment à des matrices, n'est-ce pas ?",neutral,kien_thuc
10226,"Comment cette idée s'applique-t-elle aux opérateurs différentiels valeurs propres et fonctions propres ? Ils ne ressemblent pas vraiment à des matrices, n'est-ce pas ?",neutral,kien_thuc
10227,"Je n'ai étudié que les mathématiques jusqu'en 6e (environ la terminale) et j'ai été invité un jour à voir un cours sur les matrices. Et laissez-moi vous dire qu'après les 14 premières minutes de cette vidéo, je suis vraiment tombé amoureux de les mathématiques",positive,chuong_trinh_hoc
10227,"Je n'ai étudié que les mathématiques jusqu'en 6e (environ la terminale) et j'ai été invité un jour à voir un cours sur les matrices. Et laissez-moi vous dire qu'après les 14 premières minutes de cette vidéo, je suis vraiment tombé amoureux de les mathématiques",positive,kien_thuc
10228,La série vidéo est une excellente et rapide révision de l'algèbre linéaire.,positive,chuong_trinh_hoc
10229,"Le bruit du micro et sifflement est gênant dans cette conférence, j'espère que quelqu'un pourra le réparer.",negative,thiet_bi_day_hoc
10730,Professor Jerison é a cabra,positive,ky_nang_giang_day
10844,Assistir Dr. Strang nunca é chato,positive,ky_nang_giang_day
10853,Isso é porque você é péssimo nisso.,negative,ky_nang_giang_day
11013,"Asante sana, hii ilinisaidia sana",positive,chuong_trinh_hoc
12823,Excellent lecture .,positive,ky_nang_giang_day
13127,Realmente disfruté la clase.,positive,noi_chung
13180,Fue un placer aprender de Andrew Ng.,positive,ky_nang_giang_day
13313,Il couvre toutes les bases pour vous permettre de démarrer le développement Web avec une base solide.,positive,chuong_trinh_hoc
13314,"Je suis reconnaissant à Prof. Raj et à Coursera, pour m'avoir offert cette expérience incroyable.",positive,ky_nang_giang_day
13315,L'instructeur discute souvent verbalement de la formule statistique avec quelques puces sur une diapositive en se concentrant sur lui-même.,negative,ky_nang_giang_day
13315,L'instructeur discute souvent verbalement de la formule statistique avec quelques puces sur une diapositive en se concentrant sur lui-même.,negative,ky_nang_giang_day
13316,"En dehors de cela, j'ai pu facilement suivre le contenu du cours.",positive,cung_cap_tai_lieu
13317,"Bon cours dans l'ensemble, j'ai beaucoup appris et apprécié, mais il faudrait le mettre à jour et le corriger (certains morceaux de code ne fonctionnent pas comme ils le faisaient lorsque le cours a été produit, ce qui peut être assez déroutant).",positive,noi_chung
13317,"Bon cours dans l'ensemble, j'ai beaucoup appris et apprécié, mais il faudrait le mettre à jour et le corriger (certains morceaux de code ne fonctionnent pas comme ils le faisaient lorsque le cours a été produit, ce qui peut être assez déroutant).",positive,chuong_trinh_hoc
13317,"Bon cours dans l'ensemble, j'ai beaucoup appris et apprécié, mais il faudrait le mettre à jour et le corriger (certains morceaux de code ne fonctionnent pas comme ils le faisaient lorsque le cours a été produit, ce qui peut être assez déroutant).",positive,noi_chung
13317,"Bon cours dans l'ensemble, j'ai beaucoup appris et apprécié, mais il faudrait le mettre à jour et le corriger (certains morceaux de code ne fonctionnent pas comme ils le faisaient lorsque le cours a été produit, ce qui peut être assez déroutant).",negative,chuong_trinh_hoc
13317,"Bon cours dans l'ensemble, j'ai beaucoup appris et apprécié, mais il faudrait le mettre à jour et le corriger (certains morceaux de code ne fonctionnent pas comme ils le faisaient lorsque le cours a été produit, ce qui peut être assez déroutant).",negative,chuong_trinh_hoc
13318,Il aurait été utile de corriger les erreurs dans la notation des quiz car elles avaient été signalées et reconnues il y a des mois.,negative,hanh_vi
13319,En bref bon cours avec des exemples intéressants du professeur.,positive,noi_chung
13319,En bref bon cours avec des exemples intéressants du professeur.,positive,kinh_nghiem
13320,Elle semble enthousiaste à l'idée de partager ses idées et sa sagesse.,positive,ky_nang_giang_day
13321,Il est difficile d'échouer au cours car seul le minimum est requis.,positive,noi_chung
13322,"Je le recommande vraiment à tous ceux qui souhaitent en savoir plus en profondeur sur le système alphabétique, les nouveaux vocabulaires, le temps, les structures de phrases, le comptage, le temps et plus encore !",positive,de_xuat
13323,"Vraiment apprécié Dr. Barbara Oakley, Dr. Terrence Sejnowski et toute l'équipe.",positive,ky_nang_giang_day
13323,"Vraiment apprécié Dr. Barbara Oakley, Dr. Terrence Sejnowski et toute l'équipe.",positive,ky_nang_giang_day
13324,"Excellent cours, très utile et étapes très claires.",positive,noi_chung
13324,"Excellent cours, très utile et étapes très claires.",positive,cung_cap_tai_lieu
13324,"Excellent cours, très utile et étapes très claires.",positive,cung_cap_tai_lieu
13325,"Professionnel, basé sur des preuves.",positive,chuong_trinh_hoc
13325,"Professionnel, basé sur des preuves.",positive,chuong_trinh_hoc
13326,Cela m'a obligé à m'asseoir et à réfléchir.,positive,bai_tap
13328,J'ai vraiment apprécié.,positive,noi_chung
13329,"Les professeurs ont des cours très instructifs et brefs conférences vidéo, et répondre aux questions et aux questionnaires juste après les cours est très utile pour rester engagé sans prendre trop de temps.",positive,ky_nang_giang_day
13329,"Les professeurs ont des cours très instructifs et brefs conférences vidéo, et répondre aux questions et aux questionnaires juste après les cours est très utile pour rester engagé sans prendre trop de temps.",neutral,ky_nang_giang_day
13329,"Les professeurs ont des cours très instructifs et brefs conférences vidéo, et répondre aux questions et aux questionnaires juste après les cours est très utile pour rester engagé sans prendre trop de temps.",positive,bai_tap
13329,"Les professeurs ont des cours très instructifs et brefs conférences vidéo, et répondre aux questions et aux questionnaires juste après les cours est très utile pour rester engagé sans prendre trop de temps.",positive,bai_tap
13330,"Malgré une méthode d'enseignement apparemment très « décontractée », le contenu maintient sûrement l'étudiant sur ses gardes.",positive,ky_nang_giang_day
13330,"Malgré une méthode d'enseignement apparemment très « décontractée », le contenu maintient sûrement l'étudiant sur ses gardes.",neutral,ky_nang_giang_day
13331,Réalisé de manière très professionnelle !,positive,chuong_trinh_hoc
13332,Matériel de support semble bien sélectionné et informatif.,positive,cung_cap_tai_lieu
13332,Matériel de support semble bien sélectionné et informatif.,positive,cung_cap_tai_lieu
13333,Je suis reconnaissant au professeur d'avoir construit et dispensé ce cours.,positive,ky_nang_giang_day
13333,Je suis reconnaissant au professeur d'avoir construit et dispensé ce cours.,positive,ky_nang_giang_day
13334,"Le cours est une très bonne introduction à de nombreux domaines liés à l'IoT du point de vue d'IBM. nodeRED, Python sur le Raspberry Pi, le SenseHat, node. js, etc. sont des outils très puissants.",positive,noi_chung
13335,"Je suis désolé de dire que ce cours Cours est vraiment ennuyeux, pauvre en ressources et",negative,noi_chung
13335,"Je suis désolé de dire que ce cours Cours est vraiment ennuyeux, pauvre en ressources et",negative,chuong_trinh_hoc
13336,L'un des meilleurs cours à suivre.,positive,noi_chung
13337,Le contenu est définitivement 5 sur 5.,positive,cung_cap_tai_lieu
13338,Je suis un professionnel et mon seul objectif est de concevoir un site web accessible mais je suis loin de mon objectif !,positive,noi_chung
13339,Je suis tellement content d'avoir décidé de rejoindre ce projet et de l'avoir terminé.,positive,noi_chung
13340,Mais je ne suis pas sûr que ce soit trop facile ou pas.,neutral,bai_tap
13341,"Excellent cours sur les bases du droit et de la politique environnementale, très facile à suivre et engageant pour le public.",positive,noi_chung
13341,"Excellent cours sur les bases du droit et de la politique environnementale, très facile à suivre et engageant pour le public.",positive,chuong_trinh_hoc
13341,"Excellent cours sur les bases du droit et de la politique environnementale, très facile à suivre et engageant pour le public.",positive,chuong_trinh_hoc
13342,Excellent cours magistral.,positive,ky_nang_giang_day
13343,"Ils y expliquent les carrières dans le référencement, le paysage actuel du référencement et quelques notions de base du référencement.",positive,noi_chung
13344,"Si magnifiquement « organisé », si complexe mais simple dans son exécution, un aperçu si étonnant de la photographie américaine.",positive,chuong_trinh_hoc
13344,"Si magnifiquement « organisé », si complexe mais simple dans son exécution, un aperçu si étonnant de la photographie américaine.",positive,chuong_trinh_hoc
13344,"Si magnifiquement « organisé », si complexe mais simple dans son exécution, un aperçu si étonnant de la photographie américaine.",positive,noi_chung
13344,"Si magnifiquement « organisé », si complexe mais simple dans son exécution, un aperçu si étonnant de la photographie américaine.",positive,chuong_trinh_hoc
13345,Merci de partager vos connaissances avec le monde.,positive,ky_nang_giang_day
13346,"Cela vient d'une personne qui a eu du mal à aller à l'école, donc le résultat est très bon.",positive,noi_chung
13347,"Les recettes proposées sont faciles à utiliser ou à adapter, et savoureuses en plus !",positive,chuong_trinh_hoc
13348,Il tient ses promesses.,positive,noi_chung
13349,Une bonne introduction cours à l'art de l'intrigue.,positive,noi_chung
13350,"En termes de théorie de l'architecture logicielle générale, ce cours Cours est un bon rappel pour une personne qui travaille déjà avec l'architecture logicielle.",positive,noi_chung
13351,Il existe des options du cours  chaque semaine selon votre intérêt.,positive,noi_chung
13352,"C'est génial que le cours soit à mon rythme, je pourrais commencer le cours  immédiatement pour apprendre des choses dont j'ai immédiatement besoin dans mon travail et mes cours.",positive,noi_chung
13352,"C'est génial que le cours soit à mon rythme, je pourrais commencer le cours  immédiatement pour apprendre des choses dont j'ai immédiatement besoin dans mon travail et mes cours.",positive,chuong_trinh_hoc
13352,"C'est génial que le cours soit à mon rythme, je pourrais commencer le cours  immédiatement pour apprendre des choses dont j'ai immédiatement besoin dans mon travail et mes cours.",positive,noi_chung
13352,"C'est génial que le cours soit à mon rythme, je pourrais commencer le cours  immédiatement pour apprendre des choses dont j'ai immédiatement besoin dans mon travail et mes cours.",positive,chuong_trinh_hoc
13353,Bon apprentissage : ),positive,noi_chung
13354,Et le autogradeur fonctionne vraiment mal.,negative,ham_diem
13355,"Dans l’ensemble, c’était un bon moyen et plus rapide d’obtenir une introduction au HTML et au Javascript.",positive,noi_chung
13355,"Dans l’ensemble, c’était un bon moyen et plus rapide d’obtenir une introduction au HTML et au Javascript.",positive,noi_chung
13356,Mettre quelques chiffres sur la diapositive sans aucune explication sur son fonctionnement.,negative,ky_nang_giang_day
13357,Grandes théories.,positive,noi_chung
13358,"Parfois, votre comédie était au-dessus et au-delà, mais au bout du compte, c'était un bon cours et j'ai beaucoup appris.",positive,noi_chung
13358,"Parfois, votre comédie était au-dessus et au-delà, mais au bout du compte, c'était un bon cours et j'ai beaucoup appris.",positive,noi_chung
13358,"Parfois, votre comédie était au-dessus et au-delà, mais au bout du compte, c'était un bon cours et j'ai beaucoup appris.",positive,ky_nang_giang_day
13359,Cela m’a ouvert les yeux sur la quantité de recherches menées pour protéger nos montagnes et leurs écosystèmes.,positive,noi_chung
13360,SUPER Cours !,positive,noi_chung
13361,"On fait beaucoup d'efforts, et on apprend beaucoup.",positive,noi_chung
13362,Cela m'a également aidé à développer une vue d'ensemble fondée pour apprendre davantage.,positive,noi_chung
13363,La moitié de ce cours aurait dû être condensée ou exclue.,negative,chuong_trinh_hoc
13364,Très instructif et intéressant cours !,positive,noi_chung
13364,Très instructif et intéressant cours !,positive,chuong_trinh_hoc
13365,Merci à l'équipe et à l'enseignement de Coursera professeurs.,positive,ky_nang_giang_day
13366,J'ai vraiment apprécié.,positive,noi_chung
13367,"Parce que j'ai déjà beaucoup lu sur le sujet, la plupart des idées n'étaient pas nouvelles pour moi, mais certaines l'étaient certainement, et la présentation expliquait tout de manière extrêmement concise et reliait tout ensemble de manière brillante.",positive,ky_nang_giang_day
13367,"Parce que j'ai déjà beaucoup lu sur le sujet, la plupart des idées n'étaient pas nouvelles pour moi, mais certaines l'étaient certainement, et la présentation expliquait tout de manière extrêmement concise et reliait tout ensemble de manière brillante.",positive,ky_nang_giang_day
13368,Les descriptions des applications #1 et #2 n'étaient pas très claires pour moi au début (probablement parce que l'anglais n'est pas ma langue maternelle).,negative,chuong_trinh_hoc
13370,J'ai trouvé ce cours excellent.,positive,noi_chung
13371,Dr . Oakley rend facile le suivi de toutes les informations et sa manière encourage à terminer le cours.,positive,ky_nang_giang_day
13371,Dr . Oakley rend facile le suivi de toutes les informations et sa manière encourage à terminer le cours.,positive,ky_nang_giang_day
13372,Le système d’évaluation par les pairs vous permet de savoir exactement ce que recherchent les évaluateurs.,positive,noi_chung
13373,Excellente introduction au sujet par l'un des chercheurs les plus importants dans le domaine.,positive,noi_chung
13374,Dr Chuck est un professeur très sympathique et affable.,positive,ky_nang_giang_day
13375,Le cours est rempli d'excellents exemples et d'un langage très simple.,positive,chuong_trinh_hoc
13375,Le cours est rempli d'excellents exemples et d'un langage très simple.,positive,chuong_trinh_hoc
13376,Ma petite critique : Parfois j'aurais souhaité plus de supports optionnels vidéos contenant des preuves des formules.,negative,ky_nang_giang_day
13377,"Je ne recommanderais pas ce cours à un programmeur débutant, car les concepts abordés par Oderski sont assez complexes et les devoirs ne sont pas simples.",negative,de_xuat
13377,"Je ne recommanderais pas ce cours à un programmeur débutant, car les concepts abordés par Oderski sont assez complexes et les devoirs ne sont pas simples.",negative,cung_cap_tai_lieu
13377,"Je ne recommanderais pas ce cours à un programmeur débutant, car les concepts abordés par Oderski sont assez complexes et les devoirs ne sont pas simples.",negative,bai_tap
13378,"J'ai appris quelques nouvelles choses, mais dans l'ensemble, je ne pense pas avoir compris concepts de base.",positive,noi_chung
13378,"J'ai appris quelques nouvelles choses, mais dans l'ensemble, je ne pense pas avoir compris concepts de base.",negative,cung_cap_tai_lieu
13379,"Génial, très facile pour débutant.",positive,noi_chung
13379,"Génial, très facile pour débutant.",positive,noi_chung
13380,J'adore l'Université Duke !,positive,noi_chung
13381,"Dans l’ensemble, le cours est de moins bonne qualité que ceux précédents de Gregory Northcraft.",negative,chuong_trinh_hoc
13382,Je suis mitigé à ce sujet classe.,neutral,noi_chung
13383,Ce cours  n'est pas destiné aux étudiants « biberons ».,neutral,noi_chung
13384,J'ai vraiment apprécié le cours .,positive,noi_chung
13385,Ce cours  donne une bonne introduction sur la façon de développer une application.,positive,noi_chung
13386,Avantages : Les tuteurs sont bien préparés pour le cours !,positive,ky_nang_giang_day
13387,Dans l'ensemble je suis très satisfait du cours.,positive,noi_chung
13388,"Ce cours  sur la nutrition, y compris les options biologiques / holistiques, donne des idées pratiques et faciles à utiliser sur des options alimentaires saines et agréables non seulement pour les enfants mais aussi pour les adultes.",positive,chuong_trinh_hoc
13389,C'est une excellente introduction et un aperçu de l'apprentissage automatique.,positive,noi_chung
13390,"Merci Dr . Chuck, vous êtes le meilleur ! : )",positive,ky_nang_giang_day
13391,"J'ai vraiment, vraiment, apprécié ça.",positive,noi_chung
13392,C'est un matériel solide avec une expérience pratique.,positive,noi_chung
13393,Très clair et informatif.,positive,ky_nang_giang_day
13393,Très clair et informatif.,positive,ky_nang_giang_day
13394,L'approche thématique fonctionne bien et les artistes sont choisis avec soin pour donner une vue d'ensemble du sujet.,positive,cung_cap_tai_lieu
13394,L'approche thématique fonctionne bien et les artistes sont choisis avec soin pour donner une vue d'ensemble du sujet.,positive,cung_cap_tai_lieu
13395,Ma seule suggestion est d'utiliser une couleur différente au lieu du blanc sur le néon pour les dessins au tableau noir pour les rendre plus faciles à voir.,negative,ky_nang_giang_day
13396,Je pense que MoMA a bien utilisé ses ressources.,positive,noi_chung
13397,Le cours  obtiendrait une note plus élevée s'il se concentrait davantage sur les applications pratiques et n'était pas trop axé sur l'algèbre.,negative,cung_cap_tai_lieu
13398,Très sympa cours !,positive,noi_chung
13399,C'est un effort vraiment adorable.,positive,ky_nang_giang_day
13400,J'ai vraiment aimé ça cours.,positive,noi_chung
13401,J'aime suivre des cours où il y a du plaisir et de la passion et c'est assez habituel avec lui.,neutral,ky_nang_giang_day
13402,Cela m'a aidé à restructurer mon apprentissage des langues.,positive,noi_chung
13403,M. Yaakov Chaikin est l'un des meilleurs professeurs.,positive,ky_nang_giang_day
13404,"Je m'attends à ce que, pour un cours en personne, cet instructeur fournisse une rétroaction individualisée qui fournit ce contenu.",positive,hanh_vi
13405,Dr. Seknowski est très enthousiaste en donnant les informations qui m'ont intrigué de continuer,positive,ky_nang_giang_day
13406,Vous avez besoin d'une formation d'ingénieur pour savoir interpréter suffisamment les équations pour terminer les tâches de codage dans Matlab.,negative,noi_chung
13407,J'apprécie vraiment les cours car ils me montrent la structure professionnelle de l'industrie de la mode et les principaux acteurs du luxe.,positive,noi_chung
13407,J'apprécie vraiment les cours car ils me montrent la structure professionnelle de l'industrie de la mode et les principaux acteurs du luxe.,positive,chuong_trinh_hoc
13408,Génial cours et génial professeur.,positive,noi_chung
13408,Génial cours et génial professeur.,positive,ky_nang_giang_day
13409,Excellent cours ! !!!,positive,noi_chung
13410,"J'ai souvent passé tout mon temps à regarder les vidéos en me demandant comment nous pourrions résoudre un problème, pour finalement me retrouver avec une formule sans aucune explication de sa provenance.",negative,ky_nang_giang_day
13411,"Dr. Ng prend très soin d'utiliser un langage simple pour expliquer tous les concepts, ce qui rend ce cours vraiment facile à suivre.",positive,ky_nang_giang_day
13411,"Dr. Ng prend très soin d'utiliser un langage simple pour expliquer tous les concepts, ce qui rend ce cours vraiment facile à suivre.",positive,ky_nang_giang_day
13412,Le matériau est de haute qualité.,positive,cung_cap_tai_lieu
13413,J'ai trouvé votre présentation concise et agréable.,positive,ky_nang_giang_day
13413,J'ai trouvé votre présentation concise et agréable.,positive,ky_nang_giang_day
13414,"Cela pourrait être plus difficile, mais c'est toujours un cours amusant, bien présenté et bien équilibré cours qui profite aussi bien au débutant qu'au novice.",neutral,chuong_trinh_hoc
13414,"Cela pourrait être plus difficile, mais c'est toujours un cours amusant, bien présenté et bien équilibré cours qui profite aussi bien au débutant qu'au novice.",positive,noi_chung
13414,"Cela pourrait être plus difficile, mais c'est toujours un cours amusant, bien présenté et bien équilibré cours qui profite aussi bien au débutant qu'au novice.",positive,ky_nang_giang_day
13414,"Cela pourrait être plus difficile, mais c'est toujours un cours amusant, bien présenté et bien équilibré cours qui profite aussi bien au débutant qu'au novice.",positive,noi_chung
13415,J'ai également acquis une expérience pratique de ces concepts difficiles grâce aux devoirs de programmation Java.,positive,bai_tap
13416,"Début bluffant, mais à la fin j'ai parfois eu du mal à me concentrer :)",positive,noi_chung
13416,"Début bluffant, mais à la fin j'ai parfois eu du mal à me concentrer :)",negative,noi_chung
13417,Cela a accru mon intérêt pour la diplomatie mondiale.,positive,noi_chung
13418,Merci beaucoup d'avoir mis ce cours  en ligne et d'avoir créé Coursera !,positive,noi_chung
13419,"Le cours utilise Octave / Matlab pour les exercices de programmation, mais j'espère qu'ils le changeront en Python car il est mieux adapté aux débutants.",neutral,bai_tap
13420,Hautement recommandé.,positive,noi_chung
13421,"Pour moi, une très belle combinaison de 1. un aperçu théorique des concepts de base de données et de traitement de données, MapReduce et les implémentations les plus importantes des différents concepts (bases de données SQL et NoSQL), 2. une application pratique de ces concepts dans le monde réel exercices de programmation.",positive,noi_chung
13421,"Pour moi, une très belle combinaison de 1. un aperçu théorique des concepts de base de données et de traitement de données, MapReduce et les implémentations les plus importantes des différents concepts (bases de données SQL et NoSQL), 2. une application pratique de ces concepts dans le monde réel exercices de programmation.",positive,bai_tap
13422,Excellent cours : Pas ennuyeux.,positive,noi_chung
13422,Excellent cours : Pas ennuyeux.,positive,noi_chung
13423,Le projet de cours final donne à nouveau l'impression d'avoir été réalisé à la va-vite et sans autre révision : l'ensemble de données soumis doit être automatiquement vérifié.,negative,bai_tap
13424,J'ai apprécié la férocité des Italiens envers le label Made in Italy et j'ai compris un peu plus ce concept grâce aux explications dans les vidéos.,positive,ky_nang_giang_day
13424,J'ai apprécié la férocité des Italiens envers le label Made in Italy et j'ai compris un peu plus ce concept grâce aux explications dans les vidéos.,positive,noi_chung
13425,Les outils bioinformatiques abordés dans ce cours sont très utiles et expliqués de manière claire.,positive,noi_chung
13425,Les outils bioinformatiques abordés dans ce cours sont très utiles et expliqués de manière claire.,positive,ky_nang_giang_day
13426,"Les tests m'inquiètent toujours, mais les conseils ici ont beaucoup de sens, comme bien dormir la nuit précédente !!",neutral,bai_tap
13427,"Certaines des activités étaient répétitives, mais je suppose que l'art d'écrire l'est, mais il y avait un sentiment que le cours s'amenuisait à la fin avec une lettre de proposition à un éditeur avec très peu de matériel exemplaire fourni pour aider.",neutral,bai_tap
13427,"Certaines des activités étaient répétitives, mais je suppose que l'art d'écrire l'est, mais il y avait un sentiment que le cours s'amenuisait à la fin avec une lettre de proposition à un éditeur avec très peu de matériel exemplaire fourni pour aider.",neutral,noi_chung
13428,Plus d'exemples dans cours vidéo auraient été utiles.,negative,cung_cap_tai_lieu
13429,"Les conférences sont rapides, faciles à comprendre mais néanmoins intéressantes.",positive,ky_nang_giang_day
13429,"Les conférences sont rapides, faciles à comprendre mais néanmoins intéressantes.",positive,ky_nang_giang_day
13429,"Les conférences sont rapides, faciles à comprendre mais néanmoins intéressantes.",positive,ky_nang_giang_day
13430,"J'ai particulièrement aimé le devoirs de programmation, et le autograder a très bien fonctionné.",positive,bai_tap
13430,"J'ai particulièrement aimé le devoirs de programmation, et le autograder a très bien fonctionné.",positive,ham_diem
13431,Cela pourrait être un excellent cours  pour ceux qui n'ont aucune expérience préalable en finance / affaires.,positive,noi_chung
13432,"Eh bien, après le cours de régression, que j'ai trouvé intéressant en fait, le cours de classification n'a pas l'air si bon.",negative,noi_chung
13433,Mais je n'ai pas l'impression que cela m'aide à devenir efficace dans leur utilisation.,negative,noi_chung
13434,Il s'agit d'un cours véritablement systématique et intégré cours qui présente comment apprendre de manière plus efficace et efficiente.,positive,chuong_trinh_hoc
13435,"Super cours, je le recommande à tous ceux qui veulent apprendre le fonctionnement des shields, la connectivité Internet avec Arduino et même les bases d'Arduino.",positive,de_xuat
13435,"Super cours, je le recommande à tous ceux qui veulent apprendre le fonctionnement des shields, la connectivité Internet avec Arduino et même les bases d'Arduino.",positive,de_xuat
13436,C'était un plaisir d'apprendre de Andrew Ng.,positive,ky_nang_giang_day
13437,Mon seul problème était avec le dernier exercice car je ne comprenais pas très bien comment faire pour que le programme trouve les nombres min et max.,negative,bai_tap
13438,"Parfois, cela allait trop vite et je passais rapidement d'Unity à Coursera pour appuyer sur le bouton « pause » pour me donner le temps de rattraper mon retard.",negative,chuong_trinh_hoc
13439,"Très utile, merci à Mme.",positive,ky_nang_giang_day
13440,"La semaine 4 semble avoir disproportionnellement plus matériel que les semaines précédentes, comme si les auteurs essayaient de",negative,cung_cap_tai_lieu
13441,"Mais les choses que j'ai apprises sont utiles et je suis définitivement sûr que ce que j'ai appris ici, je peux l'utiliser dans mon travail d'ingénieur logiciel.",positive,noi_chung
13442,"Tous les autres modules ISB sont bien meilleurs sur Course ERA, sauf celui-ci.",positive,noi_chung
13443,Je ne m'attendais pas à ce saut de difficulté et j'ai beaucoup apprécié le cours mais le projet final était juste une lutte.,positive,noi_chung
13443,Je ne m'attendais pas à ce saut de difficulté et j'ai beaucoup apprécié le cours mais le projet final était juste une lutte.,positive,noi_chung
13443,Je ne m'attendais pas à ce saut de difficulté et j'ai beaucoup apprécié le cours mais le projet final était juste une lutte.,positive,chuong_trinh_hoc
13444,"Il ne répond pas à toutes les questions ni n'aborde tous les concepts que vous devez connaître pour diriger une grande entreprise, mais il constitue un fantastique aperçu des méthodes passées et présentes de stratégie commerciale, et il est utile à toute personne ayant l'esprit d'entreprise.",neutral,noi_chung
13444,"Il ne répond pas à toutes les questions ni n'aborde tous les concepts que vous devez connaître pour diriger une grande entreprise, mais il constitue un fantastique aperçu des méthodes passées et présentes de stratégie commerciale, et il est utile à toute personne ayant l'esprit d'entreprise.",positive,noi_chung
13444,"Il ne répond pas à toutes les questions ni n'aborde tous les concepts que vous devez connaître pour diriger une grande entreprise, mais il constitue un fantastique aperçu des méthodes passées et présentes de stratégie commerciale, et il est utile à toute personne ayant l'esprit d'entreprise.",positive,noi_chung
13445,"Le seul aspect que je changerais est le niveau technique de (certains) des cours : parfois ils sont même trop faciles, et beaucoup de temps est utilisé pour expliquer des choses très basiques.",neutral,ky_nang_giang_day
13445,"Le seul aspect que je changerais est le niveau technique de (certains) des cours : parfois ils sont même trop faciles, et beaucoup de temps est utilisé pour expliquer des choses très basiques.",neutral,ky_nang_giang_day
13446,"Au total, ce cours aborde chacun des principaux domaines de la bioinformatique que tout étudiant entrant dans ce domaine devrait connaître.",positive,noi_chung
13447,Génial cours .,positive,noi_chung
13448,Je me sens maintenant plus confiant pour aborder le TDAH en classe.,positive,noi_chung
13449,Le professeur explique les concepts qui expliquent pourquoi vous devez utiliser certains composants au lieu de simplement donner une liste d'éléments à faire correspondre pour reproduire les projets.,neutral,ky_nang_giang_day
13450,Le capstone est génial.,positive,bai_tap
13451,"Ses explications en vidéos sont géniales et m'ont vraiment appris non seulement à coder, mais à le faire le plus efficacement possible.",positive,ky_nang_giang_day
13451,"Ses explications en vidéos sont géniales et m'ont vraiment appris non seulement à coder, mais à le faire le plus efficacement possible.",positive,ky_nang_giang_day
13453,"Si vous êtes totalement nouveau dans le domaine de l'apprentissage automatique, vous pourriez trouver une certaine valeur dans ce cours .",positive,chuong_trinh_hoc
13454,"Si vous ne connaissez pas R Studio ou la programmation R, ce cours  sera très difficile pour vous.",negative,noi_chung
13455,Quiz sont trop faciles cependant.,neutral,bai_tap
13456,"Autrement dit, en JSON, pour moi, c'était déroutant d'entendre ""une liste de dictionnaires"".",negative,chuong_trinh_hoc
13457,Peut-être que quelques « cours facultatifs » pourraient être ajoutés,negative,cung_cap_tai_lieu
13458,"Il explique les choses bien et de manière concise, parfois à l'aide de schémas simples.",positive,ky_nang_giang_day
13458,"Il explique les choses bien et de manière concise, parfois à l'aide de schémas simples.",positive,ky_nang_giang_day
13459,Sympa et stimulant !,positive,noi_chung
13459,Sympa et stimulant !,positive,chuong_trinh_hoc
13460,"Encore un autre bon cours par l'un de vos instructeurs, M. Severance.",positive,noi_chung
13460,"Encore un autre bon cours par l'un de vos instructeurs, M. Severance.",positive,ky_nang_giang_day
13461,Il contient d'excellentes informations très concises sur l'éclipse et le soleil.,positive,chuong_trinh_hoc
13461,Il contient d'excellentes informations très concises sur l'éclipse et le soleil.,positive,chuong_trinh_hoc
13462,"Vous avez donné suffisamment exemples pour que je puisse m'y référer plus tard si j'en avais besoin, mais pas tellement que cela ralentisse le rythme du cours.",negative,cung_cap_tai_lieu
13462,"Vous avez donné suffisamment exemples pour que je puisse m'y référer plus tard si j'en avais besoin, mais pas tellement que cela ralentisse le rythme du cours.",positive,cung_cap_tai_lieu
13462,"Vous avez donné suffisamment exemples pour que je puisse m'y référer plus tard si j'en avais besoin, mais pas tellement que cela ralentisse le rythme du cours.",negative,cung_cap_tai_lieu
13463,Très bonne introduction à python.,positive,noi_chung
13464,J'ai trouvé cela très intéressant et j'ai hâte de poursuivre le voyage du Big Data.,positive,noi_chung
13465,Un ajout très utile à ma base de connaissances marketing et à ma boîte à outils.,positive,noi_chung
13466,Un bon niveau d'entrée cours sur l'art moderne et contemporain.,positive,noi_chung
13467,Ses frais de scolarité sont un peu plus chers que d'autres cours tels que Data Science (Johns Hopkins) et Data life (HarvardX _ edx).,negative,chuong_trinh_hoc
13468,Excellent cours et le Prof. Raj est tout aussi brillant.,positive,ky_nang_giang_day
13468,Excellent cours et le Prof. Raj est tout aussi brillant.,positive,ky_nang_giang_day
13469,Il vous encourage également à réfléchir souvent tout au long du cours afin de réfléchir à des façons d'appliquer les concepts à vos propres expériences.,positive,chuong_trinh_hoc
13470,"Le calendrier est serré, mais vous pouvez facilement passer à la session suivante pour avoir plus de temps.",negative,chuong_trinh_hoc
13470,"Le calendrier est serré, mais vous pouvez facilement passer à la session suivante pour avoir plus de temps.",positive,chuong_trinh_hoc
13471,Je le recommande à 100% !,positive,de_xuat
13472,Excellent cours !,positive,noi_chung
13473,"Si vous n'arrivez pas à terminer ce cours, ne pensez pas que vous n'êtes pas assez intelligent pour le terminer ; c'est plutôt que vous n'avez pas les prérequis nécessaires.",negative,noi_chung
13474,"Si vous souhaitez en savoir plus sur la théorie des cartes et POURQUOI les cartes sont intéressantes et importantes, vous devez consulter ceci cours.",positive,noi_chung
13475,Les quiz étaient stimulants et testaient bien le contenu du cours.,positive,bai_tap
13475,Les quiz étaient stimulants et testaient bien le contenu du cours.,positive,bai_tap
13476,"Malgré le fait que j'ai moi-même une formation quantitative avancée, je trouve néanmoins qu'il y a de nombreux enseignements à tirer de ce cours cours.",positive,chuong_trinh_hoc
13477,Se concentre principalement sur l'analyse des données dans Excel plutôt que de vous enseigner toutes les fonctions d'Excel.,positive,noi_chung
13478,"J'apprécie cela, mais il semble qu'il y ait des frais facturés pour la certification après avoir terminé le cours: ( .",positive,noi_chung
13479,Ce cours m'a montré à quel point une alimentation saine est importante et irremplaçable pendant la croissance et le développement des enfants.,positive,noi_chung
13480,J'ai fait cela cours l'année dernière et je considère que c'est l'un des meilleurs que j'ai vu.,positive,noi_chung
13481,C'est le premier cours en ligne que je prends sur la musique et je dois dire que c'était vraiment super.,positive,noi_chung
13482,C'était un très bon cours.,positive,noi_chung
13483,L'instructeur Prof. Andrew Ng était fantastique.,positive,ky_nang_giang_day
13484,Andrew explique tout clairement et avec suffisamment de détails pour que tout le monde puisse comprendre.,positive,ky_nang_giang_day
13484,Andrew explique tout clairement et avec suffisamment de détails pour que tout le monde puisse comprendre.,positive,ky_nang_giang_day
13485,J'ai adoré chaque instant et maintenant je suis touchée car c'est fini.,positive,noi_chung
13486,J'ai tellement de nouveaux héros qui ont terminé ce cours cours.,positive,noi_chung
13487,Très bien pensé et présenté étape par étape.,positive,noi_chung
13488,Des conseils très génériques bien que les entretiens avec des auteurs pour enfants aient été éclairants et utiles.,positive,cung_cap_tai_lieu
13488,Des conseils très génériques bien que les entretiens avec des auteurs pour enfants aient été éclairants et utiles.,positive,cung_cap_tai_lieu
13488,Des conseils très génériques bien que les entretiens avec des auteurs pour enfants aient été éclairants et utiles.,neutral,cung_cap_tai_lieu
13489,Excellent cours pour avoir une idée de base de ce qu'est la programmation.,positive,noi_chung
13490,J'ai vraiment apprécié le cours.,positive,noi_chung
13491,J'ai encore beaucoup de questions sans réponse et forum est très inactif.,negative,hanh_vi
13491,J'ai encore beaucoup de questions sans réponse et forum est très inactif.,negative,hanh_vi
13492,"De plus, ils ont fait un très bon travail en choisissant des sujets de base en OOP.",positive,noi_chung
13493,"Ce n'est pas ce à quoi je m'attendais lorsque je me suis inscrit, mais j'ai vraiment apprécié.",positive,noi_chung
13494,"Les entrevues avec des chercheurs et des professionnels de différentes universités, de Parcs Canada, etc. ont été d'excellents outils d'apprentissage.",positive,ky_nang_giang_day
13495,L'un des meilleurs cours que j'ai jamais suivi.,positive,noi_chung
13496,Étonnamment simple mais plein d'informations !,positive,noi_chung
13497,"Le cours est délivré de manière simple, facile à suivre et avec des instructions claires.",positive,chuong_trinh_hoc
13497,"Le cours est délivré de manière simple, facile à suivre et avec des instructions claires.",positive,chuong_trinh_hoc
13498,Dr. Chuck est génial et très engageant.,positive,ky_nang_giang_day
13498,Dr. Chuck est génial et très engageant.,positive,hanh_vi
13499,"Ce cours m'a aidé à mieux me connaître, à comprendre les autres et la condition humaine en général.",positive,noi_chung
13500,"Excellent cours, bien enseigné par instructeurs.",positive,noi_chung
13500,"Excellent cours, bien enseigné par instructeurs.",positive,ky_nang_giang_day
13501,Je reprendrai probablement le cours .,positive,noi_chung
13502,"Ok, parce que cela vous donne un niveau de compréhension approfondi des fondements numériques des algorithmes d’apprentissage automatique de base.",positive,chuong_trinh_hoc
13503,"Un cours très engageant cours, que j'ai apprécié du début à la fin, qui suscite la réflexion et crée beaucoup de conscience de soi.",positive,chuong_trinh_hoc
13503,"Un cours très engageant cours, que j'ai apprécié du début à la fin, qui suscite la réflexion et crée beaucoup de conscience de soi.",positive,noi_chung
13503,"Un cours très engageant cours, que j'ai apprécié du début à la fin, qui suscite la réflexion et crée beaucoup de conscience de soi.",positive,chuong_trinh_hoc
13503,"Un cours très engageant cours, que j'ai apprécié du début à la fin, qui suscite la réflexion et crée beaucoup de conscience de soi.",positive,chuong_trinh_hoc
13504,Génial Site !,positive,cung_cap_tai_lieu
13505,Je suis tellement excité et motivé !,positive,noi_chung
13506,"Un cours absolument complet qui enseigne sur les entreprises de Luxe, mais surtout sur la Mode.",positive,noi_chung
13507,Il y a également des instructions légèrement contradictoires entre la description de la tâche et celle de l'évaluation.,negative,chuong_trinh_hoc
13508,J'ai vraiment apprécié le contenu et j'ai beaucoup appris.,positive,cung_cap_tai_lieu
13508,J'ai vraiment apprécié le contenu et j'ai beaucoup appris.,positive,cung_cap_tai_lieu
13509,"Un aperçu clair, pratique et bien présenté du domaine du marketing numérique, en mettant l'accent sur l'égalité des chances : Kevin s'efforce de fournir des ressources et des outils gratuits afin que tout spécialiste du marketing puisse utiliser la puissance de l'analyse numérique sans être gêné par des limitations de ressources.",positive,ky_nang_giang_day
13509,"Un aperçu clair, pratique et bien présenté du domaine du marketing numérique, en mettant l'accent sur l'égalité des chances : Kevin s'efforce de fournir des ressources et des outils gratuits afin que tout spécialiste du marketing puisse utiliser la puissance de l'analyse numérique sans être gêné par des limitations de ressources.",positive,ky_nang_giang_day
13509,"Un aperçu clair, pratique et bien présenté du domaine du marketing numérique, en mettant l'accent sur l'égalité des chances : Kevin s'efforce de fournir des ressources et des outils gratuits afin que tout spécialiste du marketing puisse utiliser la puissance de l'analyse numérique sans être gêné par des limitations de ressources.",positive,ky_nang_giang_day
13509,"Un aperçu clair, pratique et bien présenté du domaine du marketing numérique, en mettant l'accent sur l'égalité des chances : Kevin s'efforce de fournir des ressources et des outils gratuits afin que tout spécialiste du marketing puisse utiliser la puissance de l'analyse numérique sans être gêné par des limitations de ressources.",positive,ky_nang_giang_day
13510,"Plus d'exemples de graphiques de type financier - Haut / Bas / Ouverture / Fermeture, etc.",negative,cung_cap_tai_lieu
13511,Ce serait encore mieux avec : - plus d'analyses vidéos (comme il y en a une la semaine dernière) des partitions disponibles dans des formats intelligents (par exemple musescore) afin que les instruments transpositeurs puissent éviter d'encoder les partitions,neutral,ky_nang_giang_day
13512,"La charge de travail dans ce cours est plus intense que le cours précédent dans la spécialisation, surtout la semaine 3.",negative,cung_cap_tai_lieu
13513,Je suis très déçu de ce cours  et je ne réussirai probablement pas car je n'ai pas le temps de comprendre comment programmer en R.,negative,noi_chung
13513,Je suis très déçu de ce cours  et je ne réussirai probablement pas car je n'ai pas le temps de comprendre comment programmer en R.,negative,noi_chung
13514,"Le cours  couvre les concepts de base, l'éthique, l'histoire ainsi que les méthodes pratiques.",positive,noi_chung
13515,Instructeur a vraiment rendu ce cours.,positive,ky_nang_giang_day
13516,Barb Oakley est merveilleuse et m'a captivé tout le temps.,positive,ky_nang_giang_day
13516,Barb Oakley est merveilleuse et m'a captivé tout le temps.,positive,ky_nang_giang_day
13517,J'ai vraiment apprécié ce cours et je suis enthousiaste à chaque fois que je clique sur le nouvelle leçon.,positive,noi_chung
13517,J'ai vraiment apprécié ce cours et je suis enthousiaste à chaque fois que je clique sur le nouvelle leçon.,positive,noi_chung
13518,Il y a beaucoup à contempler dans ce cours riche et dense .,positive,noi_chung
13518,Il y a beaucoup à contempler dans ce cours riche et dense .,positive,noi_chung
13519,Il n'y a pas d'explications qui font perdre du temps dans les conférences.,positive,ky_nang_giang_day
13520,J'ai particulièrement aimé la leçon sur la possibilité logique du voyage dans le temps.,positive,cung_cap_tai_lieu
13521,Le cours est très bien.,positive,noi_chung
13522,1. bien structuré 2. facile à comprendre 3. exemples convaincants 4. motivant pour avoir un impact dans votre pays en développement,positive,chuong_trinh_hoc
13522,1. bien structuré 2. facile à comprendre 3. exemples convaincants 4. motivant pour avoir un impact dans votre pays en développement,positive,chuong_trinh_hoc
13522,1. bien structuré 2. facile à comprendre 3. exemples convaincants 4. motivant pour avoir un impact dans votre pays en développement,positive,chuong_trinh_hoc
13523,Les anciens clips vidéo avec les explications étaient super !,positive,ky_nang_giang_day
13524,"Je pense que le cours  aurait dû couvrir plus en détail certains concepts pertinents pour les appareils IoT - par exemple, les interruptions et leur utilisation, une discussion détaillée du protocole SPI.",neutral,chuong_trinh_hoc
13525,Le contenu est très orienté vers l'apprentissage en ligne.,positive,cung_cap_tai_lieu
13526,J’espère seulement qu’il donnera davantage de cours à l’avenir.,positive,ky_nang_giang_day
13527,"Très facile à comprendre, tous les sujets abordés sont présentés de manière simple et indolore.",positive,cung_cap_tai_lieu
13527,"Très facile à comprendre, tous les sujets abordés sont présentés de manière simple et indolore.",positive,cung_cap_tai_lieu
13527,"Très facile à comprendre, tous les sujets abordés sont présentés de manière simple et indolore.",positive,chuong_trinh_hoc
13528,"Je recommande vivement ce cours cours à tous ceux qui souhaitent avoir une compréhension complète de la véritable nutrition traditionnelle (biologique, type de cuisine de grand-mère).",positive,de_xuat
13529,Je recommande vraiment à tout le monde de s'y inscrire !,positive,de_xuat
13530,La meilleure partie des devoirs consistait à pouvoir visualiser les soumissions des camarades de classe et à en tirer des leçons en examinant les techniques de code qu'ils utilisaient.,positive,ham_diem
13531,Les les deux principaux présentateurs étaient très compétents et le projet a été présenté à un public international.,positive,ky_nang_giang_day
13531,Les les deux principaux présentateurs étaient très compétents et le projet a été présenté à un public international.,positive,ky_nang_giang_day
13532,Une bonne façon d'apprendre les deux.,positive,noi_chung
13533,J'ai beaucoup apprécié le cours  et j'ai adoré le défi de comprendre comment accomplir les devoirs .,positive,noi_chung
13533,J'ai beaucoup apprécié le cours  et j'ai adoré le défi de comprendre comment accomplir les devoirs .,positive,bai_tap
13534,"J'aime ça cours, mais pour moi c'était un peu plus difficile de comprendre certaines choses de base.",positive,chuong_trinh_hoc
13534,"J'aime ça cours, mais pour moi c'était un peu plus difficile de comprendre certaines choses de base.",negative,chuong_trinh_hoc
13535,"Cette étape du cours pourrait, à mon avis, se résumer à une seule semaine de travail.",neutral,noi_chung
13536,Aperçu rapide de la plateforme Arduino.,positive,noi_chung
13537,Le contenu du cours n'est pas étayé par des recherches.,negative,cung_cap_tai_lieu
13538,Peut-être devrait-il y avoir plus dans les « suggestions lectures » afin que les personnes intéressées puissent enrichir leurs connaissances.,neutral,cung_cap_tai_lieu
13539,Un joli court métrage cours.,positive,noi_chung
13540,"Cependant, j'ai également constaté que cela ne m'apportait pas la richesse de principes et de techniques que j'ai trouvée dans d'autres cours de cette séquence.",negative,chuong_trinh_hoc
13541,Il y a beaucoup d'informations intéressantes dans ce cours et elles sont présentées de très bonne manière.,positive,noi_chung
13541,Il y a beaucoup d'informations intéressantes dans ce cours et elles sont présentées de très bonne manière.,positive,ky_nang_giang_day
13542,Excellent conférencier utilisant des exemples concrets pour transmettre des concepts complexes.,positive,ky_nang_giang_day
13543,Je recommanderais le cours à toute personne soucieuse du développement professionnel.,positive,de_xuat
13544,"Je pense que la plupart de ce qui est enseigné ici devrait idéalement être connu par la majorité des gens, afin de faire des choix de vie plus éclairés et réfléchis, ainsi que de comprendre ce qui se passera dans les prochaines décennies.",positive,noi_chung
13545,Pas débutant cours .,negative,noi_chung
13546,"Génial cours, excellent instructeur.",positive,noi_chung
13546,"Génial cours, excellent instructeur.",positive,ky_nang_giang_day
13547,"Merci Luay, Scott et Joe pour un autre excellent cours.",positive,ky_nang_giang_day
13547,"Merci Luay, Scott et Joe pour un autre excellent cours.",positive,noi_chung
13548,"Ce cours a donné une excellente occasion d'explorer sa créativité, avec devoirs qui ne nous demandaient pas d'avoir des compétences dans des types particuliers d'expression graphique.",positive,noi_chung
13548,"Ce cours a donné une excellente occasion d'explorer sa créativité, avec devoirs qui ne nous demandaient pas d'avoir des compétences dans des types particuliers d'expression graphique.",positive,bai_tap
13549,"C'était interactif, enrichissant et glamour.",positive,chuong_trinh_hoc
13550,Le instructeur fournit de nombreux conseils utiles.,positive,ky_nang_giang_day
13551,"Dans l’ensemble, je pense que c’est un excellent début pour les débutants en Java, en particulier pour ceux qui débutent en programmation.",positive,noi_chung
13552,Une approche de bon sens sur la façon de mener « une vie de bonheur et d’épanouissement ».,positive,noi_chung
13553,"Même si une partie dépendait trop de scripts pré-établis, c'était au niveau des jeux qui ont du sens pour un débutant sans être trop complexes (comme le sont tous les tutoriels d'Unity).",negative,chuong_trinh_hoc
13554,"Il s'agit principalement de ZMOT et des meilleures techniques d'analyse marketing et de collecte de données, et essentiellement d'environ 30 minutes de contenu, et la semaine dernière était plutôt un « résumons ».",negative,cung_cap_tai_lieu
13555,J'aurais aimé que cela aille un peu plus en profondeur.,neutral,chuong_trinh_hoc
13556,Acquérez beaucoup de connaissances grâce à cette classe.,positive,chuong_trinh_hoc
13557,Facile à suivre avec de bonnes explications et divers exemples.,positive,chuong_trinh_hoc
13557,Facile à suivre avec de bonnes explications et divers exemples.,positive,chuong_trinh_hoc
13558,Cela m'attire de suivre ce cours même s'il est relativement cher.,positive,noi_chung
13559,"Cependant, j'ai apprécié.",positive,noi_chung
13560,J'ai trouvé le cours une (ré)introduction très utile au Machine Learning.,positive,noi_chung
13561,"Après avoir terminé le cours Machine Learning cours de 10 semaines d'Andrew Ng, celui-ci cours m'a semblé un peu trop court.",negative,noi_chung
13562,Ce serait un cours 5 étoiles s'il n'y avait pas le projet final.,negative,bai_tap
13563,Merci à Colleen van Lent et à l'Université du Michigan pour avoir créé le programme spécialisé - Conception Web pour tous et en particulier à Coursera pour avoir rendu cela possible.,positive,ky_nang_giang_day
13564,Très peu contenu à offrir en dehors de quelques extraits courts et moyennement intéressants lectures.,negative,cung_cap_tai_lieu
13564,Très peu contenu à offrir en dehors de quelques extraits courts et moyennement intéressants lectures.,neutral,noi_chung
13565,"Le cours matériel était assez instructif, donnant un aperçu de ce qu'était la magie au Moyen Âge.",positive,cung_cap_tai_lieu
13566,"Dans l’ensemble, c’est un très bon cours .",positive,noi_chung
13567,Seulement 3 semaines et j'ai déjà beaucoup appris !,positive,noi_chung
13912,Tôi yêu Coursera!,positive,noi_chung
14422,C'est le premier complexe hôtelier des Caraïbes dans lequel j'ai séjourné qui n'avait pas de mixeurs derrière le bar.,negative,thiet_bi_day_hoc
14423,"Le service était tout simplement excellent, rapide service de voiturier, super conciergerie, serviable personnel, excellent petit-déjeuner.",positive,thiet_bi_day_hoc
14424,Mini bar comme d'habitude était très cher et l'endroit facture trop cher pour des choses comme le centre de santé et Internet.,negative,thiet_bi_day_hoc
14424,Mini bar comme d'habitude était très cher et l'endroit facture trop cher pour des choses comme le centre de santé et Internet.,negative,thiet_bi_day_hoc
14424,Mini bar comme d'habitude était très cher et l'endroit facture trop cher pour des choses comme le centre de santé et Internet.,negative,thiet_bi_day_hoc
14425,"Agréable hôtel, bien emplacement, bien installations Un superbe hôtel dans un joli parc.",positive,thiet_bi_day_hoc
14426,Super espace piscine et centre de fitness aussi.,positive,thiet_bi_day_hoc
14426,Super espace piscine et centre de fitness aussi.,positive,thiet_bi_day_hoc
14427,"Génial emplacement, sécurisé parking et un intérieur intéressant.",positive,thiet_bi_day_hoc
14428,Il a besoin d'un petit coup de jeune mais répond à nos besoins et le temps autour au bord de la piscine était fabuleux.,positive,thiet_bi_day_hoc
14429,"Le hall est plutôt sympa, mais les chambres et couloirs sont datés.",positive,thiet_bi_day_hoc
14430,L'hôtel dispose d'un magnifique jardin où vous pourrez vous asseoir et vous détendre après une journée de visites de la ville.,positive,thiet_bi_day_hoc
14431,Le restaurant rattaché à l'hôtel est fantastique - une délicieuse surprise.,positive,thiet_bi_day_hoc
14432,Nous n'aurions pas pu être plus satisfaits de Aqua Palms et Spa.,positive,thiet_bi_day_hoc
14433,"Alors que le hall rénové restaurants et bars est toujours élégant et luxueux, les chambres standard chambres rappellent davantage une chambre de dortoir décrépite.",positive,thiet_bi_day_hoc
14434,Les commentaires dans d'autres avis concernant les zones sales piscine sont vrais.,negative,thiet_bi_day_hoc
14435,"Dans l'ensemble, c'est un bel hôtel , les chambres  sont superbes, impeccables, bien approvisionnées, et la mienne aurait de toute façon eu un excellent accès en fauteuil roulant, la réception  et le personnel  sont serviables et le petit-déjeuner  était simple, mais savoureux et copieux.",positive,thiet_bi_day_hoc
14436,"Bien que hôtel et le toit soient un très bel équipement, évitez absolument leur restaurant et leur très arrogant le directeur Alex.",negative,thiet_bi_day_hoc
14437,Le meilleur était d'avoir un Starbucks dans le hall et de pouvoir marcher directement au milieu de Time Square.,positive,thiet_bi_day_hoc
14490,16:20 lille signalanalyse? hahaha,neutral,kien_thuc
14712,33:31 Minnie Mouse learns Calculus 2. Great lecture!,positive,chuong_trinh_hoc
15006,J'adore la façon dont ils ont réussi à proposer à chaque fois une conférence une nouvelle façon créative d'enregistrer le son. C'est à la fois mignon et ennuyeux.,positive,chuong_trinh_hoc
15006,J'adore la façon dont ils ont réussi à proposer à chaque fois une conférence une nouvelle façon créative d'enregistrer le son. C'est à la fois mignon et ennuyeux.,positive,thiet_bi_day_hoc
15007,"1 minute et je m'ennuie, putain... maths c'est nul.",negative,kien_thuc
15008,Lmfao il est bon mais son accent français rend son cours bizarre,neutral,ky_nang_giang_day
15009,"Pourquoi la méthode de l'Ex 3 a-t-elle dtheta, cela a du sens pour moi lorsque vous trouvez l'intégrale par rapport à dx, vous multipliez la fonction par dx pour former une série de rectangles, mais pourquoi multiplions-nous le hauteur donné par sintheta par l'angle ?",neutral,kien_thuc
15009,"Pourquoi la méthode de l'Ex 3 a-t-elle dtheta, cela a du sens pour moi lorsque vous trouvez l'intégrale par rapport à dx, vous multipliez la fonction par dx pour former une série de rectangles, mais pourquoi multiplions-nous le hauteur donné par sintheta par l'angle ?",neutral,kien_thuc
15010,merveilleux conférence merci beaucoup !!!,positive,chuong_trinh_hoc
15011,"Super cours ! Mais ne sommes-nous pas censés faire une projection orthogonale ? Au lieu de cela, il a fait une projection parallèle à l'axe des Y car il calcule p1, p2 et p3 en prenant les valeurs t 1, 2 et 3. Vous pouvez également le voir sur son dessin. Pourquoi prend-il cette projection au lieu de la projection orthogonale ? Et comment e peut-il s'avérer orthogonal à p de toute façon ?",positive,chuong_trinh_hoc
15011,"Super cours ! Mais ne sommes-nous pas censés faire une projection orthogonale ? Au lieu de cela, il a fait une projection parallèle à l'axe des Y car il calcule p1, p2 et p3 en prenant les valeurs t 1, 2 et 3. Vous pouvez également le voir sur son dessin. Pourquoi prend-il cette projection au lieu de la projection orthogonale ? Et comment e peut-il s'avérer orthogonal à p de toute façon ?",neutral,kien_thuc
15012,"@[USERNAME]je pense que le caméraman s'endort généralement. C'est peut-être un professionnel qui ne comprend pas un mot de mathématiques, alors il s'énerve et fait de petites siestes",negative,thiet_bi_day_hoc
15012,"@[USERNAME]je pense que le caméraman s'endort généralement. C'est peut-être un professionnel qui ne comprend pas un mot de mathématiques, alors il s'énerve et fait de petites siestes",positive,ky_nang_giang_day
15013,"Super, je l'ai fait il y a environ un trimestre et demi au lycée. J'ai réussi le test pour ça aussi :D mon Dieu calcul c'est génial !",positive,kien_thuc
15014,La preuve de A^tA étant inversible vers 39 :00 était géniale !,positive,kien_thuc
15014,La preuve de A^tA étant inversible vers 39 :00 était géniale !,positive,kien_thuc
15014,La preuve de A^tA étant inversible vers 39 :00 était géniale !,positive,kien_thuc
15015,Le professeur Strang explique dans ce cours lecture en détail les clusters dans les graphes et comment les vecteurs propres déterminent les clusters. Le rôle du clustering spectral et son début avec la matrice laplacienne. Merci à MIT pour tous ces cours fantastiques lecture.,positive,chuong_trinh_hoc
15015,Le professeur Strang explique dans ce cours lecture en détail les clusters dans les graphes et comment les vecteurs propres déterminent les clusters. Le rôle du clustering spectral et son début avec la matrice laplacienne. Merci à MIT pour tous ces cours fantastiques lecture.,positive,chuong_trinh_hoc
15016,Oh... mon Dieu... le tableau et craie sont phénoménaux !,positive,thiet_bi_day_hoc
15016,Oh... mon Dieu... le tableau et craie sont phénoménaux !,positive,thiet_bi_day_hoc
15017,j'aime bien ce professeur mais il explique très mal les problèmes de taux liés. Il est très difficile de voir la beauté des mathématiques avec cet homme mais c'est bien pour les cas pratiques. Merci MIT,neutral,ky_nang_giang_day
15018,pourquoi a-t-il utilisé le troisième dérivée de x(theta) mais seulement le deuxième dérivée pour y(theta) dans l'approximation de Taylor ?,neutral,kien_thuc
15019,"La Conférence est devenue immortelle, monsieur ! Merci ! (Réf - première phrase de Prof. Strang dans la conférence)",positive,chuong_trinh_hoc
15019,"La Conférence est devenue immortelle, monsieur ! Merci ! (Réf - première phrase de Prof. Strang dans la conférence)",positive,ky_nang_giang_day
15020,"c'est la beauté de la vie, merci beaucoup Professeur Strang et MIT !",positive,ky_nang_giang_day
15021,Cet homme est un excellent professeur !,positive,ky_nang_giang_day
15022,Je ne comprends pas le truc avec le taux de convergence :S ... Vous prenez la différence et ensuite ?,neutral,kien_thuc
15022,Je ne comprends pas le truc avec le taux de convergence :S ... Vous prenez la différence et ensuite ?,neutral,kien_thuc
15023,Je veux juste le remercier et lui dire que j'adore l'éclat dans ses yeux quand il enseigne.,positive,ky_nang_giang_day
15024,Je peux imaginer que l'algorithme  où vous soustrayez a1 de tous les a suivants serait également beaucoup plus facile à paralléliser.,positive,kien_thuc
15025,Grande amélioration de la qualité vidéo par rapport à la version 18.06,positive,chuong_trinh_hoc
15026,"Apprendre l'algèbre linéaire avec toi, c'est comme regarder des films. C'est fascinant, excitant, convaincant et amusant. Merci beaucoup Professeur Strang ! J'ai tellement de chance d'apprendre ce sujet avec toi !",positive,ky_nang_giang_day
15027,"L'application du Théorème fondamental de l'algèbre linéaire est le thème constant des conférences du professeur Strang : http://mathworld.wolfram.com/FundamentalTheoremofLinearAlgebra.html Je n'avais jamais entendu parler de ce théorème avant ces conférences, et je suis un vieux bâtard. Cela a donc été une expérience d'apprentissage amusante !",positive,kien_thuc
15027,"L'application du Théorème fondamental de l'algèbre linéaire est le thème constant des conférences du professeur Strang : http://mathworld.wolfram.com/FundamentalTheoremofLinearAlgebra.html Je n'avais jamais entendu parler de ce théorème avant ces conférences, et je suis un vieux bâtard. Cela a donc été une expérience d'apprentissage amusante !",positive,chuong_trinh_hoc
15028,prof gilbert strang : enseigner la beauté de l'algèbre linéaire moi : je me demande comment nous allons faire pour que ces gommes restent coincées derrière le tableau........,positive,ky_nang_giang_day
15028,prof gilbert strang : enseigner la beauté de l'algèbre linéaire moi : je me demande comment nous allons faire pour que ces gommes restent coincées derrière le tableau........,negative,noi_chung
15029,"À 41:54, Strang récupère les valeurs propres correctes de mémoire. Je suis impressionné !",positive,ky_nang_giang_day
15030,"@[USERNAME]pourquoi y aurait-il un racine carrée 2 pi ici, je ne comprends pas la signification de ce qu'il dit alors qu'il n'y a pas de facteurs de fudge et qu'il s'agit de la véritable variance asymptotique. Pourquoi y aurait-il tout cela ?",neutral,kien_thuc
15031,Ces cours  sont les meilleurs en mathématiques.,positive,chuong_trinh_hoc
15032,"Intéressant preuve : montrer que la probabilité que deux événements coïncidents distincts soient plus élevés que la probabilité qu'un événement unique se produise dans l'univers des événements en disant qu'il ne s'agit pas d'événements coïncidents, mais d'un événement unique avec une probabilité plus élevée qu'un événement unique se produisant dans l'univers spécifique. Très astucieux.",positive,kien_thuc
15033,Ce serait bien mieux si un microphone antibruit avait été utilisé.,negative,thiet_bi_day_hoc
15033,Ce serait bien mieux si un microphone antibruit avait été utilisé.,positive,thiet_bi_day_hoc
15034,Une façon fantastique d'introduire la pseudo-inverse. GS est un excellent enseignant. Merci à OCW de l'avoir rendu disponible,positive,ky_nang_giang_day
15035,Je tiens à remercier le MIT d'avoir mis cela en ligne et Sir Gilbert Strang pour une conférence aussi incroyable,positive,ky_nang_giang_day
15035,Je tiens à remercier le MIT d'avoir mis cela en ligne et Sir Gilbert Strang pour une conférence aussi incroyable,positive,chuong_trinh_hoc
15036,Je viens de remarquer que mon professeur ne m'a jamais enseigné toutes les étapes... juste les raccourcis. C'est génial !,positive,chuong_trinh_hoc
15037,"Si Denis Auroux avait été mon professeur de mathématiques toute ma vie, Euler mangerait ma poussière.",positive,ky_nang_giang_day
15037,"Si Denis Auroux avait été mon professeur de mathématiques toute ma vie, Euler mangerait ma poussière.",neutral,noi_chung
15038,hoah ça conférence est dur mais très intéressant en même temps :3,positive,chuong_trinh_hoc
15039,J'aimerais en voir plus de la part de Alex Townsend. Quel fantastique conférencier !,positive,ky_nang_giang_day
15039,J'aimerais en voir plus de la part de Alex Townsend. Quel fantastique conférencier !,positive,chuong_trinh_hoc
15040,"Je suis confus avec Thm2, l'instructeur a dit et expliqué comme si x était plus grossier que x' mais puisque x' est contenu dans x et compte tenu de la définition de la partition, son explication ne devrait-elle pas être opposée alors qu'il prouve Thm2 ? donc x contient x' et plus je pense",neutral,kien_thuc
15041,Merci beaucoup Prof. Gilbert,positive,ky_nang_giang_day
15042,Je suis arrivé ici depuis la Lec 1. Très satisfait,positive,chuong_trinh_hoc
15043,"C'est réel heures d'algébrisme, mes gars.",neutral,chuong_trinh_hoc
15044,"Merci, Prof. Gilbert Strang et au MIT.",positive,ky_nang_giang_day
15045,Le MIT a rendu un grand service à l'humanité en enregistrant ses conférences et en les partageant en ligne. Elles sont si belles que les générations futures se souviendront de lui comme du Mozart de ce sujet,positive,chuong_trinh_hoc
15046,"À 31:20, un dfa converti à partir de nfa contient-il toujours 2^q états ? Je veux dire, Q' est égal à P(Q) ou Q' est un sous-ensemble de P(Q) ?",neutral,kien_thuc
15046,"À 31:20, un dfa converti à partir de nfa contient-il toujours 2^q états ? Je veux dire, Q' est égal à P(Q) ou Q' est un sous-ensemble de P(Q) ?",neutral,kien_thuc
15046,"À 31:20, un dfa converti à partir de nfa contient-il toujours 2^q états ? Je veux dire, Q' est égal à P(Q) ou Q' est un sous-ensemble de P(Q) ?",neutral,kien_thuc
15046,"À 31:20, un dfa converti à partir de nfa contient-il toujours 2^q états ? Je veux dire, Q' est égal à P(Q) ou Q' est un sous-ensemble de P(Q) ?",neutral,kien_thuc
15046,"À 31:20, un dfa converti à partir de nfa contient-il toujours 2^q états ? Je veux dire, Q' est égal à P(Q) ou Q' est un sous-ensemble de P(Q) ?",neutral,kien_thuc
15047,"À tous ceux qui envisagent de regarder les 35 cours (dont 2 : le professeur Auroux), faites-le. le professeur Auroux enseigne mieux que quiconque que j'aie jamais vu auparavant. Tout est structuré, réfléchi et passe d'un sujet à l'autre si facilement que vous serez étonné d'avoir assisté à plus de 50 minutes de cours de mathématiques.",positive,ky_nang_giang_day
15047,"À tous ceux qui envisagent de regarder les 35 cours (dont 2 : le professeur Auroux), faites-le. le professeur Auroux enseigne mieux que quiconque que j'aie jamais vu auparavant. Tout est structuré, réfléchi et passe d'un sujet à l'autre si facilement que vous serez étonné d'avoir assisté à plus de 50 minutes de cours de mathématiques.",positive,chuong_trinh_hoc
15048,"Fractions partielles commence à 0:45 jusqu'à 18:20, ce qui est également important.",positive,kien_thuc
15049,"Il y a beaucoup de commentaires  qui indiquent que certaines des explications du professeur ne sont pas assez rigoureuses. Le MIT propose 2 ou 3 niveaux de calcul d'introduction. Celui-ci est destiné aux étudiants de première année qui n'ont que peu ou pas de calcul au lycée et qui se spécialiseront probablement en ingénierie, où la clé est d'obtenir la bonne réponse plutôt que d'être rigoureusement correct. Si vous allez sur le site Web de l'OCW, vous pouvez trouver celui destiné aux étudiants qui souhaitent se spécialiser en mathématiques ou en physique. C'est totalement différent et beaucoup plus difficile.",negative,chuong_trinh_hoc
15049,"Il y a beaucoup de commentaires  qui indiquent que certaines des explications du professeur ne sont pas assez rigoureuses. Le MIT propose 2 ou 3 niveaux de calcul d'introduction. Celui-ci est destiné aux étudiants de première année qui n'ont que peu ou pas de calcul au lycée et qui se spécialiseront probablement en ingénierie, où la clé est d'obtenir la bonne réponse plutôt que d'être rigoureusement correct. Si vous allez sur le site Web de l'OCW, vous pouvez trouver celui destiné aux étudiants qui souhaitent se spécialiser en mathématiques ou en physique. C'est totalement différent et beaucoup plus difficile.",negative,ky_nang_giang_day
15050,"Merci beaucoup, monsieur. De l'Inde.",positive,ky_nang_giang_day
15051,"Dang, je suis en classe de pré-calcul, je veux prendre une longueur d'avance sur calcul, et rien de tout cela ou de cours n'avait de sens, il n'arrêtait pas de parler de limites et dérivées et a même montré des exemples, mais n'a jamais expliqué comment les obtenir aussi bien, ni même ce qu'ils étaient... les personnes de cette classe ont-elles déjà été exposées à ce genre de choses ?",negative,chuong_trinh_hoc
15051,"Dang, je suis en classe de pré-calcul, je veux prendre une longueur d'avance sur calcul, et rien de tout cela ou de cours n'avait de sens, il n'arrêtait pas de parler de limites et dérivées et a même montré des exemples, mais n'a jamais expliqué comment les obtenir aussi bien, ni même ce qu'ils étaient... les personnes de cette classe ont-elles déjà été exposées à ce genre de choses ?",negative,ky_nang_giang_day
15051,"Dang, je suis en classe de pré-calcul, je veux prendre une longueur d'avance sur calcul, et rien de tout cela ou de cours n'avait de sens, il n'arrêtait pas de parler de limites et dérivées et a même montré des exemples, mais n'a jamais expliqué comment les obtenir aussi bien, ni même ce qu'ils étaient... les personnes de cette classe ont-elles déjà été exposées à ce genre de choses ?",neutral,kien_thuc
15051,"Dang, je suis en classe de pré-calcul, je veux prendre une longueur d'avance sur calcul, et rien de tout cela ou de cours n'avait de sens, il n'arrêtait pas de parler de limites et dérivées et a même montré des exemples, mais n'a jamais expliqué comment les obtenir aussi bien, ni même ce qu'ils étaient... les personnes de cette classe ont-elles déjà été exposées à ce genre de choses ?",neutral,kien_thuc
15051,"Dang, je suis en classe de pré-calcul, je veux prendre une longueur d'avance sur calcul, et rien de tout cela ou de cours n'avait de sens, il n'arrêtait pas de parler de limites et dérivées et a même montré des exemples, mais n'a jamais expliqué comment les obtenir aussi bien, ni même ce qu'ils étaient... les personnes de cette classe ont-elles déjà été exposées à ce genre de choses ?",neutral,kien_thuc
15051,"Dang, je suis en classe de pré-calcul, je veux prendre une longueur d'avance sur calcul, et rien de tout cela ou de cours n'avait de sens, il n'arrêtait pas de parler de limites et dérivées et a même montré des exemples, mais n'a jamais expliqué comment les obtenir aussi bien, ni même ce qu'ils étaient... les personnes de cette classe ont-elles déjà été exposées à ce genre de choses ?",neutral,noi_chung
15052,32:36 quelqu'un a remarqué qu'il n'a pas dit ça ? :D,neutral,ky_nang_giang_day
15053,"Monsieur, dans la dernière conférence, comment ces deux vecteur colonne passent par l'origine ????",neutral,kien_thuc
15054,33:31 Minnie Mouse apprend le calcul 2. Super cours !,positive,chuong_trinh_hoc
15055,100 étudiants dans une classe. Chacun paie environ 50 USD par jour pour l'université. Peut-être 25 USD pour cela conférence seul. (2 500 USD au total !) Et nous l'obtenons gratuitement ! Cela aide vraiment ceux qui n'ont pas la possibilité d'apprendre et de progresser.,positive,chuong_trinh_hoc
15056,"3:13 ""ça remonte aux Grecs..."" :) eh bien, monsieur, je pense que les Grecs sont toujours dans le monde.",neutral,ky_nang_giang_day
15057,"Ce type est génial. J'ai étudié l'ingénierie dans une université moins prestigieuse que le MIT, et je me souviens que les professeurs refusaient d'expliquer les étapes de leur calcul. Ils disaient : « Vous devriez déjà savoir ça ».",positive,ky_nang_giang_day
15058,"Est-ce que les gens font calcul vectoriel juste pour le plaisir ? Eh bien, mon ami dit qu'il aime ça.",neutral,kien_thuc
15059,Absolument légendaire. le professeur Strang explique l'algèbre linéaire 10 fois mieux que le mien le professeur à l'école. : ),positive,ky_nang_giang_day
15059,Absolument légendaire. le professeur Strang explique l'algèbre linéaire 10 fois mieux que le mien le professeur à l'école. : ),positive,chuong_trinh_hoc
15059,Absolument légendaire. le professeur Strang explique l'algèbre linéaire 10 fois mieux que le mien le professeur à l'école. : ),negative,ky_nang_giang_day
15060,"Ce type est une légende. Je l'adore. La propreté de ses cours magistraux est à l'image de la beauté de mathématiques, et 18.02 est définitivement mon préféré cours ouvert du MIT.",positive,ky_nang_giang_day
15060,"Ce type est une légende. Je l'adore. La propreté de ses cours magistraux est à l'image de la beauté de mathématiques, et 18.02 est définitivement mon préféré cours ouvert du MIT.",positive,chuong_trinh_hoc
15060,"Ce type est une légende. Je l'adore. La propreté de ses cours magistraux est à l'image de la beauté de mathématiques, et 18.02 est définitivement mon préféré cours ouvert du MIT.",positive,noi_chung
15060,"Ce type est une légende. Je l'adore. La propreté de ses cours magistraux est à l'image de la beauté de mathématiques, et 18.02 est définitivement mon préféré cours ouvert du MIT.",positive,kien_thuc
15061,Ceci professeur est une pure légende,positive,ky_nang_giang_day
15062,Très bien cours magistral. Très simple à comprendre. Merci pour le partage.,positive,chuong_trinh_hoc
15063,Vous pouvez même déduire la loi des cosinus uniquement à partir de la géométrie élémentaire et de la simple définition du sinus et du cosinus. Utilisez simplement Pythagore et vous y arriverez.,positive,kien_thuc
15064,"Le instructeur est confus ? Avec le terme cos, C point C a un angle de zéro donc, cos (0) est 1, c'est pourquoi aucun cos n'apparaît dans C point C, n'a rien à voir avec le retour à la définition du produit scalaire, (si simple !)",neutral,ky_nang_giang_day
15065,"MIT, veuillez fournir de l'eau et des éponges pour les besoins de nettoyage de votre professeur tableau noir WTF",negative,thiet_bi_day_hoc
15066,Le meilleur craie que j'ai jamais vu,positive,thiet_bi_day_hoc
15067,"Cette série série est du niveau Breaking Bad. Mêmes hauts et bas, même tension, même mystère et même excitation",positive,chuong_trinh_hoc
15068,Bien conférence monsieur. Avec mes amitiés de l'Inde 🇮🇳🇮🇳,positive,chuong_trinh_hoc
15069,"Pourquoi l'appelle-t-il un ""vecteur"" ??",neutral,ky_nang_giang_day
15069,"Pourquoi l'appelle-t-il un ""vecteur"" ??",neutral,kien_thuc
15070,"Bonjour monsieur, ma question est la suivante : pourquoi utilisons-nous exponentiel",neutral,kien_thuc
15071,Stat est un sous-marin très dur.,negative,chuong_trinh_hoc
15072,J'aime vraiment le Vidéo de votre élimination avec des matrices,positive,chuong_trinh_hoc
15073,Merci pour ces conférences et pour l'effort de réalisation de ces vidéos !,positive,chuong_trinh_hoc
15074,"informatif sans fioritures inutiles, intrinsèquement divertissant et bien rythmé. J'espère que le reste de la série de conférences sera aussi bien fait que ce premier introduction",positive,chuong_trinh_hoc
15074,"informatif sans fioritures inutiles, intrinsèquement divertissant et bien rythmé. J'espère que le reste de la série de conférences sera aussi bien fait que ce premier introduction",positive,chuong_trinh_hoc
15075,"même contenu que mon université non Ivy League. en fait, parce que le professeur est si bon ici et que j'ai dû tout apprendre moi-même, je dirais que c'était plus difficile.",positive,ky_nang_giang_day
15075,"même contenu que mon université non Ivy League. en fait, parce que le professeur est si bon ici et que j'ai dû tout apprendre moi-même, je dirais que c'était plus difficile.",neutral,noi_chung
15076,"Je n'ai pas encore suivi de cours Calcul, beaucoup de gens considèrent que c'est le talon d'Achille de ceux qui cherchent à poursuivre des études supérieures. J'espère que ce n'est pas la vérité.",neutral,kien_thuc
15077,Une bonne vidéo pour compléter le gradient et le rythme d'apprentissage :-) : https://www.youtube.com/watch?v=NomUbVmmyro,positive,chuong_trinh_hoc
15078,"Je suis économiste, mais si avec ça prof, je peux aussi devenir ingénieur en 6 mois. Je me demande aussi si ces profs prennent des cours de dessin. Ses cercles sont bons !",positive,ky_nang_giang_day
15079,Je ne peux pas m'empêcher de remarquer que quelqu'un dans cette salle amphithéâtre a une mauvaise toux.,negative,noi_chung
15079,Je ne peux pas m'empêcher de remarquer que quelqu'un dans cette salle amphithéâtre a une mauvaise toux.,neutral,chuong_trinh_hoc
15080,"oh, mec... tant de mots, tant de lignes, utiles pour l'auto-confusion... détends-toi, mec, le martini votka fera l'affaire...",negative,ky_nang_giang_day
15081,"C'est ce que j'aime dans ces bonnes écoles : les enseignants sont dévoués à l'enseignement. La plupart des autres enseignants sont médiocres et ennuyeux, et ils finissent par être naturellement égocentriques. Je vous aime les gars.",positive,ky_nang_giang_day
15081,"C'est ce que j'aime dans ces bonnes écoles : les enseignants sont dévoués à l'enseignement. La plupart des autres enseignants sont médiocres et ennuyeux, et ils finissent par être naturellement égocentriques. Je vous aime les gars.",negative,ky_nang_giang_day
15082,"Mon Dieu, j'aime cet homme !",positive,ky_nang_giang_day
15083,"Oui, il aurait pu couvrir le test du rapport en autant de temps qu'il lui a fallu pour expliquer pourquoi il ne couvrait pas le rayon de convergence.",neutral,ky_nang_giang_day
15083,"Oui, il aurait pu couvrir le test du rapport en autant de temps qu'il lui a fallu pour expliquer pourquoi il ne couvrait pas le rayon de convergence.",neutral,kien_thuc
15084,mais alors QU'EST-CE QUE DÉTERMINANT ?,negative,kien_thuc
15085,"Si quelqu'un pouvait expliquer ce qu'il dit à 34:35, ce serait génial. Je ne comprends pas vraiment. J'aimerais pouvoir être plus précis dans l'explication de ma confusion !",neutral,thiet_bi_day_hoc
15086,Pourquoi le centre de masse de Cn+1bloc= Cn+1,neutral,kien_thuc
15087,C'est sympa craie,positive,thiet_bi_day_hoc
15088,Que Dieu bénisse Gilbert Strang et merci également à MIT de les avoir mis sur le Web. Que diable faisions-nous avant Internet ?,positive,ky_nang_giang_day
15088,Que Dieu bénisse Gilbert Strang et merci également à MIT de les avoir mis sur le Web. Que diable faisions-nous avant Internet ?,positive,noi_chung
15088,Que Dieu bénisse Gilbert Strang et merci également à MIT de les avoir mis sur le Web. Que diable faisions-nous avant Internet ?,positive,thiet_bi_day_hoc
15089,"@[USERNAME]Oui, tu as raison, en gros, la première année à l'université est beaucoup plus facile que les niveaux A. La deuxième année est un réveil brutal, tu te défonces. Bien sûr, tous les génies publication ici ont découvert l'énergie noire lors de leur première année (ou on pourrait penser que c'était le cas vu la façon dont ils se comportent de manière si condescendante et suffisante à ce sujet conférence.) Ils n'ont pas réalisé que le MIT a une certaine expérience dans la formation de certains des esprits les plus brillants et que récapituler les premiers principes pourrait bien avoir un objectif valable",positive,chuong_trinh_hoc
15089,"@[USERNAME]Oui, tu as raison, en gros, la première année à l'université est beaucoup plus facile que les niveaux A. La deuxième année est un réveil brutal, tu te défonces. Bien sûr, tous les génies publication ici ont découvert l'énergie noire lors de leur première année (ou on pourrait penser que c'était le cas vu la façon dont ils se comportent de manière si condescendante et suffisante à ce sujet conférence.) Ils n'ont pas réalisé que le MIT a une certaine expérience dans la formation de certains des esprits les plus brillants et que récapituler les premiers principes pourrait bien avoir un objectif valable",negative,noi_chung
15090,"@[USERNAME]C'est peut-être parce que je comprends déjà multiplicateurs de Lagrange, mais ils ne devraient pas être si perdus. ceci explication est assez décent, à mon humble avis",neutral,kien_thuc
15090,"@[USERNAME]C'est peut-être parce que je comprends déjà multiplicateurs de Lagrange, mais ils ne devraient pas être si perdus. ceci explication est assez décent, à mon humble avis",positive,thiet_bi_day_hoc
15091,"Une fin incroyable pour une série incroyable série. Merci au MIT OpenCourseWare, merci professeur David Jerison et merci professeur Haynes Miller",positive,chuong_trinh_hoc
15091,"Une fin incroyable pour une série incroyable série. Merci au MIT OpenCourseWare, merci professeur David Jerison et merci professeur Haynes Miller",positive,ky_nang_giang_day
15091,"Une fin incroyable pour une série incroyable série. Merci au MIT OpenCourseWare, merci professeur David Jerison et merci professeur Haynes Miller",positive,ky_nang_giang_day
15092,Pourquoi n’a-t-il pas expliqué méthode des rondelles ? Ils le mentionnent dans la récitation vid.,neutral,kien_thuc
15092,Pourquoi n’a-t-il pas expliqué méthode des rondelles ? Ils le mentionnent dans la récitation vid.,neutral,kien_thuc
15092,Pourquoi n’a-t-il pas expliqué méthode des rondelles ? Ils le mentionnent dans la récitation vid.,neutral,chuong_trinh_hoc
15093,c'était vraiment drôle quand il a vu son erreur :D:D,neutral,ky_nang_giang_day
15094,"Dans de nombreux cours d'algèbre linéaire que j'ai vus, on explique simplement à l'étudiant les différentes relations entre les sous-espaces fondamentaux. Mais dans ce cours , ces idées sont présentées de manière convaincante mais accessible. C'est très important car cela permet aux étudiants de vraiment comprendre ces idées clés de l'algèbre linéaire au point de devenir intuitives, au lieu de simplement mémoriser des propriétés et des formules. Une autre excellente conférence du professeur Strang !",positive,chuong_trinh_hoc
15094,"Dans de nombreux cours d'algèbre linéaire que j'ai vus, on explique simplement à l'étudiant les différentes relations entre les sous-espaces fondamentaux. Mais dans ce cours , ces idées sont présentées de manière convaincante mais accessible. C'est très important car cela permet aux étudiants de vraiment comprendre ces idées clés de l'algèbre linéaire au point de devenir intuitives, au lieu de simplement mémoriser des propriétés et des formules. Une autre excellente conférence du professeur Strang !",positive,ky_nang_giang_day
15095,pourquoi phi est limité de 0 à 180,neutral,kien_thuc
15096,"@[USERNAME]La parabole  n'a pas d'importance en termes de limites car nous savons qu'elle devient le cercle unité dans le plan xy. L'intégrale double ne s'intéresse qu'au plan xy, et c'est donc tout ce que vous devez savoir pour configurer l'intégrale.",negative,kien_thuc
15097,"J'aime vraiment le cours vidéo 16 : équations différentielles, séparation des variables de votre",positive,chuong_trinh_hoc
15097,"J'aime vraiment le cours vidéo 16 : équations différentielles, séparation des variables de votre",neutral,kien_thuc
15097,"J'aime vraiment le cours vidéo 16 : équations différentielles, séparation des variables de votre",neutral,kien_thuc
15098,c'est très gentil conférence j'apprécie son dur travail,positive,chuong_trinh_hoc
15098,c'est très gentil conférence j'apprécie son dur travail,positive,noi_chung
15099,"Professeur Strang, je voudrais vous remercier humblement d'avoir partagé ces connaissances inestimables avec nous tous. Et bien sûr, merci au MIT d'avoir mis en ligne un contenu aussi incroyable. J'ai passé les 2,5 derniers mois à regarder toutes les vidéos, à préparer les 10 séries de problèmes, les 3 quiz et l'examen final. J'ai même téléchargé mes solutions ici - https://github.com/alivay/mit_1806_linear_algebra aux formats latex et pdf.",positive,ky_nang_giang_day
15099,"Professeur Strang, je voudrais vous remercier humblement d'avoir partagé ces connaissances inestimables avec nous tous. Et bien sûr, merci au MIT d'avoir mis en ligne un contenu aussi incroyable. J'ai passé les 2,5 derniers mois à regarder toutes les vidéos, à préparer les 10 séries de problèmes, les 3 quiz et l'examen final. J'ai même téléchargé mes solutions ici - https://github.com/alivay/mit_1806_linear_algebra aux formats latex et pdf.",positive,chuong_trinh_hoc
15100,Pourquoi la caméra vacille ? Pourquoi ne pas se concentrer sur le tableau ? plus de distractions,negative,thiet_bi_day_hoc
15101,"La fille qui a levé la main au premier rang quand il a demandé quel était le nom de la matrice... :'( L'université n'est qu'un Dora l'exploratrice de haut niveau où le professeur pose une question, vous regarde pendant 15 secondes, puis y répond lui-même",neutral,ky_nang_giang_day
15102,"Alors... Je me sentais plutôt branché, alors j'ai commencé à simplifier le 1/8 - cos(4x)/8 en termes avec seulement x et j'ai fini avec juste sin^2(x cos^2(x)).. Maintenant, c'est assez intéressant, non ? Parce que c'est la même chose que l'intégrande plus une constante. Quelqu'un a essayé ça ?",positive,kien_thuc
15102,"Alors... Je me sentais plutôt branché, alors j'ai commencé à simplifier le 1/8 - cos(4x)/8 en termes avec seulement x et j'ai fini avec juste sin^2(x cos^2(x)).. Maintenant, c'est assez intéressant, non ? Parce que c'est la même chose que l'intégrande plus une constante. Quelqu'un a essayé ça ?",positive,kien_thuc
15103,"Gilbert Strang, le nom que tous les étudiants du monde entier connaissent. C'est un génie et un excellent professeur",positive,ky_nang_giang_day
15104,"Je viens de terminer après 11 semaines passées à regarder toutes les conférences , à faire tous les devoirs et à passer tous les examens. Je ne peux pas assez remercier le professeur Strang et le MIT pour avoir créé et publié cette série de conférences . Il est si rare de trouver un mathématicien manifestement brillant qui semble réellement aimer enseigner des cours de niveau introductif, et le professeur Strang a été une telle joie de passer environ 30 heures avec ces vidéos. J'ai déjà suivi des cours d'algèbre linéaire, mais j'avais besoin d'une remise à niveau après 10 ans, et ce cours était parfait pour me guider à travers les concepts.",positive,chuong_trinh_hoc
15104,"Je viens de terminer après 11 semaines passées à regarder toutes les conférences , à faire tous les devoirs et à passer tous les examens. Je ne peux pas assez remercier le professeur Strang et le MIT pour avoir créé et publié cette série de conférences . Il est si rare de trouver un mathématicien manifestement brillant qui semble réellement aimer enseigner des cours de niveau introductif, et le professeur Strang a été une telle joie de passer environ 30 heures avec ces vidéos. J'ai déjà suivi des cours d'algèbre linéaire, mais j'avais besoin d'une remise à niveau après 10 ans, et ce cours était parfait pour me guider à travers les concepts.",positive,ky_nang_giang_day
15105,"maintenant je doute monsieur que vous êtes la bénédiction pour les mathématiciens et aussi pour ceux qui sont liés à ce domaine, j'apprécie souvent vos conférences dans mes vocations",positive,chuong_trinh_hoc
15105,"maintenant je doute monsieur que vous êtes la bénédiction pour les mathématiciens et aussi pour ceux qui sont liés à ce domaine, j'apprécie souvent vos conférences dans mes vocations",positive,ky_nang_giang_day
15106,19:00 Preuve par induction mathématique.41:41 Lemme de pompage.,neutral,kien_thuc
15107,"Lors de la dernière preuve (A'A est inversible), pourquoi est-il autorisé à multiplier les deux côtés par un vecteur ligne ? Cela ne devrait-il pas changer l'ensemble des solutions ? Par exemple, supposons que [x1 x2 x3 x4]' = 0. Alors x = 0 vecteur. Mais si je multiplie les deux côtés par [1 -1 0 0], alors [1 1 0 0]' devient une solution. Dois-je supposer que cette opération  ne peut qu'ajouter des solutions, de sorte que la preuve soit toujours valide (puisqu'après l'opération , seul 0 est dans l'espace nul) ?",negative,kien_thuc
15107,"Lors de la dernière preuve (A'A est inversible), pourquoi est-il autorisé à multiplier les deux côtés par un vecteur ligne ? Cela ne devrait-il pas changer l'ensemble des solutions ? Par exemple, supposons que [x1 x2 x3 x4]' = 0. Alors x = 0 vecteur. Mais si je multiplie les deux côtés par [1 -1 0 0], alors [1 1 0 0]' devient une solution. Dois-je supposer que cette opération  ne peut qu'ajouter des solutions, de sorte que la preuve soit toujours valide (puisqu'après l'opération , seul 0 est dans l'espace nul) ?",neutral,kien_thuc
15108,est-ce que monsieur Gilbert Strang est toujours en vie ??,neutral,ky_nang_giang_day
15109,"@[USERNAME]hey, est-ce que tu comprends la première partie quand il dit que ( d/dx +x y = 0), se traduit par dy/dx +xy = 0 ? Je suis un peu confus à ce sujet. Je vois d'après la première équation qui était donnée que dy/dx = f(x) = y. Par conséquent, y devrait être égal à dy/dx, donc l'équation ne devrait-elle pas être (d/dx)(dy/dx) = -xy ?",neutral,kien_thuc
15109,"@[USERNAME]hey, est-ce que tu comprends la première partie quand il dit que ( d/dx +x y = 0), se traduit par dy/dx +xy = 0 ? Je suis un peu confus à ce sujet. Je vois d'après la première équation qui était donnée que dy/dx = f(x) = y. Par conséquent, y devrait être égal à dy/dx, donc l'équation ne devrait-elle pas être (d/dx)(dy/dx) = -xy ?",neutral,kien_thuc
15110,"25:24 Pour prouver que AB et BA partagent les mêmes valeurs propres, je pense qu'ici la preuve ne prouve que le cas où B est inversible. Ce n'est donc pas une preuve générale.",neutral,kien_thuc
15110,"25:24 Pour prouver que AB et BA partagent les mêmes valeurs propres, je pense qu'ici la preuve ne prouve que le cas où B est inversible. Ce n'est donc pas une preuve générale.",neutral,kien_thuc
15110,"25:24 Pour prouver que AB et BA partagent les mêmes valeurs propres, je pense qu'ici la preuve ne prouve que le cas où B est inversible. Ce n'est donc pas une preuve générale.",neutral,kien_thuc
15110,"25:24 Pour prouver que AB et BA partagent les mêmes valeurs propres, je pense qu'ici la preuve ne prouve que le cas où B est inversible. Ce n'est donc pas une preuve générale.",neutral,kien_thuc
15111,Pourquoi u_0 peut-il être écrit comme une combinaison linéaire du vecteur propre de A ? 29:55,neutral,kien_thuc
15111,Pourquoi u_0 peut-il être écrit comme une combinaison linéaire du vecteur propre de A ? 29:55,neutral,kien_thuc
15112,J'ai eu 70 sur 75 à mon examen final d'algèbre linéaire grâce MIT...,positive,chuong_trinh_hoc
15113,J'adore ce type. Je me suis un peu perdu sur le trucs de Taylor mais je dois le revoir et j'étais ici principalement pour la partie représentation paramétrique.,positive,ky_nang_giang_day
15114,"Je ne sais pas pourquoi, mais je me sens un peu triste de savoir que ce cours  est terminé.",positive,chuong_trinh_hoc
15115,@[USERNAME]Il en parle dans la leçon 2. Il ne le prouve cependant pas.,positive,ky_nang_giang_day
15115,@[USERNAME]Il en parle dans la leçon 2. Il ne le prouve cependant pas.,neutral,kien_thuc
15116,MIT tableaux noirs tendent vers l'infini,positive,thiet_bi_day_hoc
15117,"Saluons cet homme, il a enseigné à plus d’étudiants algèbre linéaire que quiconque dans l’histoire, et il est susceptible de continuer à le faire éternellement !",positive,ky_nang_giang_day
15117,"Saluons cet homme, il a enseigné à plus d’étudiants algèbre linéaire que quiconque dans l’histoire, et il est susceptible de continuer à le faire éternellement !",positive,kien_thuc
15118,46:31 Utilisez la formule du cofacteur dès le début.,neutral,kien_thuc
15119,"@[USERNAME]Le fait que A^T * A et A * A^T aient les mêmes valeurs propres non nulles me laisse sans voix en ce moment. Je suppose que cela est intimement lié au fait que det(B = det(B^T),) puisque det est l'endroit où nous obtenons le polynôme caractéristique/les valeurs propres...",neutral,kien_thuc
15119,"@[USERNAME]Le fait que A^T * A et A * A^T aient les mêmes valeurs propres non nulles me laisse sans voix en ce moment. Je suppose que cela est intimement lié au fait que det(B = det(B^T),) puisque det est l'endroit où nous obtenons le polynôme caractéristique/les valeurs propres...",neutral,kien_thuc
15119,"@[USERNAME]Le fait que A^T * A et A * A^T aient les mêmes valeurs propres non nulles me laisse sans voix en ce moment. Je suppose que cela est intimement lié au fait que det(B = det(B^T),) puisque det est l'endroit où nous obtenons le polynôme caractéristique/les valeurs propres...",neutral,kien_thuc
15120,"Aujourd'hui, j'ai terminé ce cours , je ne suis pas un étudiant en sciences, je suis un étudiant en écologie et je viens de commencer à apprendre les mathématiques pour pouvoir poursuivre un master plus tard et c'est le premier cours  que j'ai suivi et cela m'a vraiment inspiré à en apprendre plus sur les mathématiques et à ne jamais abandonner Algèbre linéaire, cela n'aurait pas été possible sans Prof. Stang et MIT OCW. Merci beaucoup, les mots ne peuvent pas exprimer ma gratitude.",positive,ky_nang_giang_day
15120,"Aujourd'hui, j'ai terminé ce cours , je ne suis pas un étudiant en sciences, je suis un étudiant en écologie et je viens de commencer à apprendre les mathématiques pour pouvoir poursuivre un master plus tard et c'est le premier cours  que j'ai suivi et cela m'a vraiment inspiré à en apprendre plus sur les mathématiques et à ne jamais abandonner Algèbre linéaire, cela n'aurait pas été possible sans Prof. Stang et MIT OCW. Merci beaucoup, les mots ne peuvent pas exprimer ma gratitude.",positive,noi_chung
15120,"Aujourd'hui, j'ai terminé ce cours , je ne suis pas un étudiant en sciences, je suis un étudiant en écologie et je viens de commencer à apprendre les mathématiques pour pouvoir poursuivre un master plus tard et c'est le premier cours  que j'ai suivi et cela m'a vraiment inspiré à en apprendre plus sur les mathématiques et à ne jamais abandonner Algèbre linéaire, cela n'aurait pas été possible sans Prof. Stang et MIT OCW. Merci beaucoup, les mots ne peuvent pas exprimer ma gratitude.",positive,chuong_trinh_hoc
15120,"Aujourd'hui, j'ai terminé ce cours , je ne suis pas un étudiant en sciences, je suis un étudiant en écologie et je viens de commencer à apprendre les mathématiques pour pouvoir poursuivre un master plus tard et c'est le premier cours  que j'ai suivi et cela m'a vraiment inspiré à en apprendre plus sur les mathématiques et à ne jamais abandonner Algèbre linéaire, cela n'aurait pas été possible sans Prof. Stang et MIT OCW. Merci beaucoup, les mots ne peuvent pas exprimer ma gratitude.",positive,kien_thuc
15121,"Au lieu d'utiliser la formule du double angle et de développer le carré, il aurait pu utiliser des exponentielles complexes pour linéariser cos thêta au quatrième, n'est-ce pas ?",neutral,ky_nang_giang_day
15122,"Je pense que le grad(f) à 16h00 devrait être 0.5(S+S tranposex-a) , n'est-ce pas ? Quoi qu'il en soit, merci pour l'incroyable conférence !",positive,chuong_trinh_hoc
15122,"Je pense que le grad(f) à 16h00 devrait être 0.5(S+S tranposex-a) , n'est-ce pas ? Quoi qu'il en soit, merci pour l'incroyable conférence !",positive,ky_nang_giang_day
15122,"Je pense que le grad(f) à 16h00 devrait être 0.5(S+S tranposex-a) , n'est-ce pas ? Quoi qu'il en soit, merci pour l'incroyable conférence !",neutral,kien_thuc
15122,"Je pense que le grad(f) à 16h00 devrait être 0.5(S+S tranposex-a) , n'est-ce pas ? Quoi qu'il en soit, merci pour l'incroyable conférence !",neutral,kien_thuc
15123,Amoureux de plan de cours,positive,chuong_trinh_hoc
15124,à 28h10 pourquoi sommes-nous obligés d'utiliser (*) pour trouver y. Cela me semble facilement résoluble ?,negative,kien_thuc
15125,Merci pour cela conférence : https://www.youtube.com/richcoast,positive,chuong_trinh_hoc
15126,"Quand j'ai relié des points dans ma tête pendant environ 15 minutes, alors que le professeur parlait de la raison pour laquelle nous faisons cette chose de projection, c'était l'un des moments les plus époustouflants dans mon esprit. J'avais l'impression de passer de haut en bas dans le minuscule cerveau - le mème du cerveau de la galaxie en l'espace d'une seconde. Incroyable cours",positive,chuong_trinh_hoc
15126,"Quand j'ai relié des points dans ma tête pendant environ 15 minutes, alors que le professeur parlait de la raison pour laquelle nous faisons cette chose de projection, c'était l'un des moments les plus époustouflants dans mon esprit. J'avais l'impression de passer de haut en bas dans le minuscule cerveau - le mème du cerveau de la galaxie en l'espace d'une seconde. Incroyable cours",positive,ky_nang_giang_day
15127,"Je me demandais si un demi-cercle est différentiable à x=+1. Je dirais que non, car il devient moins l'infini.",neutral,kien_thuc
15128,"En tant que fan inconditionnel de Rick et Morty (QI 200), j'ai pensé que je devrais visiter vidéos de calcul pour voir si les profs faisaient du bon travail.",neutral,chuong_trinh_hoc
15128,"En tant que fan inconditionnel de Rick et Morty (QI 200), j'ai pensé que je devrais visiter vidéos de calcul pour voir si les profs faisaient du bon travail.",neutral,ky_nang_giang_day
15129,"je suis confus avec z supérieur et z inférieur, quelqu'un peut-il m'aider ?",neutral,kien_thuc
15129,"je suis confus avec z supérieur et z inférieur, quelqu'un peut-il m'aider ?",neutral,kien_thuc
15130,le professeur est vraiment dans le sujet et explique vraiment bien. Je suppose qu'il est un élève de Albert Einstien. wallah professeur,positive,ky_nang_giang_day
15130,le professeur est vraiment dans le sujet et explique vraiment bien. Je suppose qu'il est un élève de Albert Einstien. wallah professeur,positive,noi_chung
15131,"Si seulement questions de probabilité avaient la moitié de la clarté dans leurs informations par rapport à la façon dont professeur parle ! Comme il l'a mentionné à la fin, il est très facile de se tromper en résolvant les questions de probabilité basées sur des situations réelles, car les informations fournies peuvent facilement avoir de multiples interprétations si la plus grande clarté n'est pas maintenue.",neutral,ky_nang_giang_day
15131,"Si seulement questions de probabilité avaient la moitié de la clarté dans leurs informations par rapport à la façon dont professeur parle ! Comme il l'a mentionné à la fin, il est très facile de se tromper en résolvant les questions de probabilité basées sur des situations réelles, car les informations fournies peuvent facilement avoir de multiples interprétations si la plus grande clarté n'est pas maintenue.",neutral,kien_thuc
15132,"Sachant que la classe  est vide, 19:09 devient incroyablement hilarant.",neutral,thiet_bi_day_hoc
15133,"c'est vrai, cela peut être une critique d'une certaine manière, mais dans mon cas uni, ce sont tous des prérequis très basiques avant même d'être autorisé à suivre le cours !",neutral,noi_chung
15133,"c'est vrai, cela peut être une critique d'une certaine manière, mais dans mon cas uni, ce sont tous des prérequis très basiques avant même d'être autorisé à suivre le cours !",neutral,kien_thuc
15134,"Super vidéo, enfin je comprends ! :) merci, MIT !!!",positive,chuong_trinh_hoc
15135,La partie espace vectoriel ressemble à une introduction à algèbre abstraite. Bien !,positive,kien_thuc
15135,La partie espace vectoriel ressemble à une introduction à algèbre abstraite. Bien !,neutral,kien_thuc
15136,Heureux de voir il va bien ! Bien mieux que la qualité 240p de l'original vidéos d'algèbre linéaire.,negative,chuong_trinh_hoc
15136,Heureux de voir il va bien ! Bien mieux que la qualité 240p de l'original vidéos d'algèbre linéaire.,positive,chuong_trinh_hoc
15137,Ce type m'a appris plus que ce que j'ai appris lorsque j'ai étudié les mathématiques pendant quatre ans.,positive,ky_nang_giang_day
15138,"Vers 18h02, lorsque prof strang montre que nous obtiendrions une matrice symétrique, il multiplie R^t par R. N'a-t-il pas écrit l'ordre à l'envers ? Ne serait-ce pas R dans R^t ? ?",neutral,kien_thuc
15138,"Vers 18h02, lorsque prof strang montre que nous obtiendrions une matrice symétrique, il multiplie R^t par R. N'a-t-il pas écrit l'ordre à l'envers ? Ne serait-ce pas R dans R^t ? ?",positive,ky_nang_giang_day
15139,Il est si important de développer une vision géométrique de algèbre linéaire.,neutral,kien_thuc
15140,pourquoi cette conférence n'est-elle pas téléchargée par Idm et seulement certaines de ces conférence peuvent être téléchargées.,neutral,thiet_bi_day_hoc
15141,à 6:07 il écrit E2 est approximativement le carré de E1. Mais ne devrait-il pas être E1 est approximativement le carré de E2 ?,neutral,kien_thuc
15141,à 6:07 il écrit E2 est approximativement le carré de E1. Mais ne devrait-il pas être E1 est approximativement le carré de E2 ?,neutral,kien_thuc
15142,Les étudiants du MIT n'ont pas vu la loi des cosinus ... smh,neutral,kien_thuc
15143,"38:38 Je n'ai pas compris ce qu'il voulait dire. Y est une variable aléatoire indiquant le temps que nous devons attendre. Et pour le temps, n'est-ce pas continu ? Alors Y devrait aussi être un (6: continu RV). Pourquoi a-t-il mentionné PMF plutôt que PDF ?",neutral,kien_thuc
15143,"38:38 Je n'ai pas compris ce qu'il voulait dire. Y est une variable aléatoire indiquant le temps que nous devons attendre. Et pour le temps, n'est-ce pas continu ? Alors Y devrait aussi être un (6: continu RV). Pourquoi a-t-il mentionné PMF plutôt que PDF ?",neutral,kien_thuc
15143,"38:38 Je n'ai pas compris ce qu'il voulait dire. Y est une variable aléatoire indiquant le temps que nous devons attendre. Et pour le temps, n'est-ce pas continu ? Alors Y devrait aussi être un (6: continu RV). Pourquoi a-t-il mentionné PMF plutôt que PDF ?",neutral,kien_thuc
15143,"38:38 Je n'ai pas compris ce qu'il voulait dire. Y est une variable aléatoire indiquant le temps que nous devons attendre. Et pour le temps, n'est-ce pas continu ? Alors Y devrait aussi être un (6: continu RV). Pourquoi a-t-il mentionné PMF plutôt que PDF ?",neutral,ky_nang_giang_day
15143,"38:38 Je n'ai pas compris ce qu'il voulait dire. Y est une variable aléatoire indiquant le temps que nous devons attendre. Et pour le temps, n'est-ce pas continu ? Alors Y devrait aussi être un (6: continu RV). Pourquoi a-t-il mentionné PMF plutôt que PDF ?",neutral,kien_thuc
15143,"38:38 Je n'ai pas compris ce qu'il voulait dire. Y est une variable aléatoire indiquant le temps que nous devons attendre. Et pour le temps, n'est-ce pas continu ? Alors Y devrait aussi être un (6: continu RV). Pourquoi a-t-il mentionné PMF plutôt que PDF ?",neutral,kien_thuc
15143,"38:38 Je n'ai pas compris ce qu'il voulait dire. Y est une variable aléatoire indiquant le temps que nous devons attendre. Et pour le temps, n'est-ce pas continu ? Alors Y devrait aussi être un (6: continu RV). Pourquoi a-t-il mentionné PMF plutôt que PDF ?",neutral,kien_thuc
15144,"Zut - le professeur Tsitsiklis est bon ! Cela me rappelle Gilbert Strang et Walter Lewin. Probablement que tous les professeurs du MIT sont bons, non ?",positive,ky_nang_giang_day
15144,"Zut - le professeur Tsitsiklis est bon ! Cela me rappelle Gilbert Strang et Walter Lewin. Probablement que tous les professeurs du MIT sont bons, non ?",positive,ky_nang_giang_day
15145,Je ne comprends pas le fait que pourquoi le somme des valeurs attendues donne la moyenne ? Pourriez-vous m'aider s'il vous plaît Merci d'avance.,neutral,kien_thuc
15146,Quelqu'un peut-il m'aider à comprendre ce qui se passe à 12h30 ? Je ne comprends pas ce qu'il a fait là.,neutral,ky_nang_giang_day
15147,"oh mon dieu, prof. étrange est tellement drôle. il agit naturellement. je l'aime tellement.",positive,ky_nang_giang_day
15148,"Monsieur, votre style d'explication est exceptionnel... Merci à MIT pour avoir fait ce noble travail qui profite à des centaines de milliers d'étudiants dans le monde... continuez votre excellent travail !!",positive,ky_nang_giang_day
15148,"Monsieur, votre style d'explication est exceptionnel... Merci à MIT pour avoir fait ce noble travail qui profite à des centaines de milliers d'étudiants dans le monde... continuez votre excellent travail !!",positive,noi_chung
15149,"Merci Dr. Strang, je suis venu de la leçon 1 à la leçon 34. Incroyable cours",positive,ky_nang_giang_day
15149,"Merci Dr. Strang, je suis venu de la leçon 1 à la leçon 34. Incroyable cours",positive,chuong_trinh_hoc
15150,Merci prof Je passe un examen demain matin,positive,ky_nang_giang_day
15151,J'ai eu la chance de voir le prof. Gilbert Strang conférence. Je vous en suis très reconnaissant.,positive,chuong_trinh_hoc
15151,J'ai eu la chance de voir le prof. Gilbert Strang conférence. Je vous en suis très reconnaissant.,positive,ky_nang_giang_day
15152,"Très bien. Merci. Mais dans le premier exemple à min. 29:30, pourquoi tu vas (-1) dans la direction "" X "" ? Je pense que c'est (+1), donc le vecteur sera < 1, 1, 0 >.",negative,kien_thuc
15152,"Très bien. Merci. Mais dans le premier exemple à min. 29:30, pourquoi tu vas (-1) dans la direction "" X "" ? Je pense que c'est (+1), donc le vecteur sera < 1, 1, 0 >.",positive,ky_nang_giang_day
15153,"La Colombie a explosé parce qu'un soudeur a relâché un joint torique, idiot, ne gâche pas les faits. La Colombie a explosé à cause de Power Point, mdr, wow, tu es intelligent",negative,ky_nang_giang_day
15154,Très bien contenu à comprendre inférence bayésienne. Merci prof.,positive,ky_nang_giang_day
15154,Très bien contenu à comprendre inférence bayésienne. Merci prof.,positive,chuong_trinh_hoc
15154,Très bien contenu à comprendre inférence bayésienne. Merci prof.,neutral,kien_thuc
15155,Pourquoi une matrice 4x4 a-t-elle 24 matrices de permutation alors qu'une matrice 3x3 en a 6 ? Je ne comprends pas comment ils ont pu calculer cela si rapidement.,neutral,kien_thuc
15155,Pourquoi une matrice 4x4 a-t-elle 24 matrices de permutation alors qu'une matrice 3x3 en a 6 ? Je ne comprends pas comment ils ont pu calculer cela si rapidement.,neutral,kien_thuc
15156,mon conférence est si intelligent qu'il nous a tous pensé à ces 35 (2: conférence) en un (2: conférence) suis-je le seul à connaître une telle ingéniosité,negative,ky_nang_giang_day
15156,mon conférence est si intelligent qu'il nous a tous pensé à ces 35 (2: conférence) en un (2: conférence) suis-je le seul à connaître une telle ingéniosité,neutral,chuong_trinh_hoc
15157,"Mon professeur n'est pas mauvais, mais il n'arrive pas à la cheville de ce professeur. Aucune obscurcissement.",neutral,ky_nang_giang_day
15158,MDR - ces commentaires ennuyeux générés par ordinateur sont partout dans les vidéos du MIT  que j'ai visionnées. Avez-vous une théorie sur leur existence ?,negative,thiet_bi_day_hoc
15158,MDR - ces commentaires ennuyeux générés par ordinateur sont partout dans les vidéos du MIT  que j'ai visionnées. Avez-vous une théorie sur leur existence ?,negative,noi_chung
15159,"Je suppose que je ne comprends pas comment le dernier ensemble de vecteurs crée un sous-espace/plan. Étant donné que x, y et z sont utilisés dans les deux vecteurs, le sous-espace ne serait-il pas essentiellement constitué de R3 avec des combinaisons linéaires pouvant s'étendre à travers ce plan à l'infini en raison de z ?",neutral,kien_thuc
15160,"Clair, concis, cohérent, alors qui n'a pas aimé ça",positive,chuong_trinh_hoc
15161,"Putain, c'est une bonne conférence (1)",positive,chuong_trinh_hoc
15162,16:20 petite analyse du signal ? hahaha,neutral,kien_thuc
15163,"merci Mr Strang pour votre conférence !!! je ne comprends pas encore le fait qu'avec 2 millions d'abonnés, seulement 4000 suivent votre conférence !! Votre chaîne est l'une des meilleures que j'ai trouvées en matière de science fondamentale, félicitations !!!",positive,ky_nang_giang_day
15163,"merci Mr Strang pour votre conférence !!! je ne comprends pas encore le fait qu'avec 2 millions d'abonnés, seulement 4000 suivent votre conférence !! Votre chaîne est l'une des meilleures que j'ai trouvées en matière de science fondamentale, félicitations !!!",positive,chuong_trinh_hoc
15164,"si vous êtes une personne quelconque comme moi, ce qui n'a rien à voir avec les informations données dans cette vidéo, comme moi (je suis chef dans un restaurant), vous vous dites, DE QUOI IL PARLE !!? et j'ai regardé ça 10 putains de minutes...",negative,ky_nang_giang_day
15165,Le sien livre semble également très bon.,positive,thiet_bi_day_hoc
15166,"""Ne parlez pas tous en même temps"" plaisante-t-il ou essaie-t-il de cacher le fait que la classe est vide ? Je ne suis pas encore sûr :)",negative,ky_nang_giang_day
15167,Waouh ! Sa façon d'enseigner est incroyable... Merci beaucoup..,positive,ky_nang_giang_day
15168,Sympa coupe de cheveux ;) Et super conférence bien sûr !,positive,noi_chung
15168,Sympa coupe de cheveux ;) Et super conférence bien sûr !,positive,chuong_trinh_hoc
15169,"Je viens de terminer l'ensemble cours de calcul à variable unique. Merci MIT OCW d'avoir rendu cela possible. Brésil, 2015.",positive,noi_chung
15169,"Je viens de terminer l'ensemble cours de calcul à variable unique. Merci MIT OCW d'avoir rendu cela possible. Brésil, 2015.",neutral,chuong_trinh_hoc
15170,"Ce prof n'est pas très bon même pour le secondaire ! Son démonstration est très médiocre, je n'ai pas compris comment c'est possible, c'est pourquoi le MIT prof ???!!! Son démonstration géométrique et explication sont vraiment mauvais !!!!",negative,ky_nang_giang_day
15170,"Ce prof n'est pas très bon même pour le secondaire ! Son démonstration est très médiocre, je n'ai pas compris comment c'est possible, c'est pourquoi le MIT prof ???!!! Son démonstration géométrique et explication sont vraiment mauvais !!!!",negative,thiet_bi_day_hoc
15170,"Ce prof n'est pas très bon même pour le secondaire ! Son démonstration est très médiocre, je n'ai pas compris comment c'est possible, c'est pourquoi le MIT prof ???!!! Son démonstration géométrique et explication sont vraiment mauvais !!!!",negative,thiet_bi_day_hoc
15170,"Ce prof n'est pas très bon même pour le secondaire ! Son démonstration est très médiocre, je n'ai pas compris comment c'est possible, c'est pourquoi le MIT prof ???!!! Son démonstration géométrique et explication sont vraiment mauvais !!!!",negative,chuong_trinh_hoc
15171,quelqu'un sait comment calculer la probabilité que x soit supérieure ou égale à 1/2 ?,neutral,kien_thuc
15172,Je suis heureux de voir cette personne en vie en 2019. Que Dieu lui donne une longue vie,positive,ky_nang_giang_day
15173,"Je suis vraiment content que de très bons cours conférences soient disponibles gratuitement. Les jeunes devraient apprécier le fait qu'ils aient accès à Internet et qu'ils puissent apprendre à partir de supports provenant d'autres universités, en particulier d'autres pays ou d'autres régions du monde.",positive,chuong_trinh_hoc
15174,Comment trouver volume du tétraèdre en utilisant l'intégrale triple. Quelle est la procédure pour les limites ?,neutral,kien_thuc
15177,33:31 Minnie Mouse belajar Kalkulus 2. Hebat ceramah!,positive,chuong_trinh_hoc
15717,Tak Andrew Ng !,positive,ky_nang_giang_day
16092,"Und danke auch, Coursera : )",positive,noi_chung
16296,Very clear lectures .,positive,ky_nang_giang_day
16431,Fun .,positive,noi_chung
16610,Thank you Andrew Ng !,positive,ky_nang_giang_day
16760,Thank you Professor !,positive,ky_nang_giang_day
16947,Qué Maravilloso Curso .,positive,noi_chung
17152,Se lo recomendaré a mis amigos.,positive,de_xuat
17409,"Oui, une grande partie du codage consiste à acquérir de nouveaux outils sur le terrain, mais il serait formidable de comprendre les théories fondamentales derrière le fonctionnement de certaines de ces bibliothèques et concepts au moins une fois avant de se plonger dans cette réalité !",negative,cung_cap_tai_lieu
17409,"Oui, une grande partie du codage consiste à acquérir de nouveaux outils sur le terrain, mais il serait formidable de comprendre les théories fondamentales derrière le fonctionnement de certaines de ces bibliothèques et concepts au moins une fois avant de se plonger dans cette réalité !",negative,chuong_trinh_hoc
17410,Ce serait formidable si vous regroupiez tous les outils nécessaires à un cours donné dans une image de machine virtuelle prédéfinie prête à être téléchargée à partir du cours.,negative,noi_chung
17411,Ma seule chose négative à dire est que j'espère qu'ils seront en mesure de mettre à jour le temps qu'il faut pour noter les devoirs sur le serveur.,negative,ham_diem
17412,C'est peut-être un peu court.,negative,chuong_trinh_hoc
17413,Les missions sont stimulantes et intéressantes.,positive,bai_tap
17413,Les missions sont stimulantes et intéressantes.,positive,bai_tap
17414,Merveilleux cours pour les vrais débutants.,positive,noi_chung
17415,C'est vraiment un bon aperçu sur la production et la gestion laitières.,positive,noi_chung
17416,"L'attention minutieuse aux détails, l'intuition sur les pièges particuliers pour les nouveaux apprenants (et les plus compétents aussi, en fait) et bien sûr cours, l'humour autodérision contribuent tous à faire de ce cours cours assez avancé un véritable plaisir !",positive,noi_chung
17416,"L'attention minutieuse aux détails, l'intuition sur les pièges particuliers pour les nouveaux apprenants (et les plus compétents aussi, en fait) et bien sûr cours, l'humour autodérision contribuent tous à faire de ce cours cours assez avancé un véritable plaisir !",positive,chuong_trinh_hoc
17416,"L'attention minutieuse aux détails, l'intuition sur les pièges particuliers pour les nouveaux apprenants (et les plus compétents aussi, en fait) et bien sûr cours, l'humour autodérision contribuent tous à faire de ce cours cours assez avancé un véritable plaisir !",positive,chuong_trinh_hoc
17416,"L'attention minutieuse aux détails, l'intuition sur les pièges particuliers pour les nouveaux apprenants (et les plus compétents aussi, en fait) et bien sûr cours, l'humour autodérision contribuent tous à faire de ce cours cours assez avancé un véritable plaisir !",positive,noi_chung
17417,J'apprécierais peut-être davantage l'expérience dans son ensemble cours si la conception n'était pas si technique.,neutral,noi_chung
17418,"Maintenant, je sens que j’ai une bonne idée de ce qu’est l’ingénierie logicielle.",positive,noi_chung
17419,"Cela ne me dérange pas, cependant, certains commentaires n'étaient pas pertinents, donc c'était un peu bizarre.",negative,ky_nang_giang_day
17420,Très clair conférences .,positive,ky_nang_giang_day
17421,J'ai beaucoup appris et j'ai compris et retenu davantage de choses uniquement grâce à son style et à ses méthodes d'enseignement.,positive,noi_chung
17421,J'ai beaucoup appris et j'ai compris et retenu davantage de choses uniquement grâce à son style et à ses méthodes d'enseignement.,positive,ky_nang_giang_day
17422,La base de données Oracle sur Virtual Box et l'intégration des données Pentaho) étaient un cauchemar.,negative,cung_cap_tai_lieu
17423,Exercices et Travaux Pratiques sont très utiles pour compléter Cours magistraux et aider à accroître nos compétences dans le domaine.,positive,bai_tap
17423,Exercices et Travaux Pratiques sont très utiles pour compléter Cours magistraux et aider à accroître nos compétences dans le domaine.,positive,ky_nang_giang_day
17423,Exercices et Travaux Pratiques sont très utiles pour compléter Cours magistraux et aider à accroître nos compétences dans le domaine.,positive,ky_nang_giang_day
17424,Le cours  est difficile et nécessite une connaissance préalable de R.,negative,noi_chung
17425,J'aimerais qu'il y ait un syllabus complet  auquel nous puissions accéder en début de cours pour préparer le devoir.,negative,cung_cap_tai_lieu
17426,J'ai adoré la simplicité du cours.,positive,noi_chung
17427,"De plus, comme les étudiants commencent à devoir lire plusieurs documents documents, etc., les attentes en matière de temps par semaine devraient être augmentées.",negative,cung_cap_tai_lieu
17427,"De plus, comme les étudiants commencent à devoir lire plusieurs documents documents, etc., les attentes en matière de temps par semaine devraient être augmentées.",negative,chuong_trinh_hoc
17428,"Une fois de plus, le professeur Chaikin a frappé la balle hors du parc en termes de conception (très pratique !) des cours et de diffusion du contenu.",positive,ky_nang_giang_day
17429,L'apprentissage est expliqué en termes simples et les conseils et bonnes pratiques restent vraiment gravés dans votre mémoire.,positive,cung_cap_tai_lieu
17429,L'apprentissage est expliqué en termes simples et les conseils et bonnes pratiques restent vraiment gravés dans votre mémoire.,positive,cung_cap_tai_lieu
17430,J'ai vraiment apprécié.,positive,noi_chung
17431,Le instructeur est évidemment un expert sur le sujet ainsi que dans l'enseignement et les informations sont transmises très clairement.,positive,ky_nang_giang_day
17431,Le instructeur est évidemment un expert sur le sujet ainsi que dans l'enseignement et les informations sont transmises très clairement.,positive,ky_nang_giang_day
17432,Peu ou pas de soutien.,negative,noi_chung
17433,Cela vous donne le sentiment d'être dans une vraie classe.,positive,noi_chung
17434,Cela a clarifié beaucoup de choses qui étaient floues auparavant.,positive,chuong_trinh_hoc
17435,Le véritable inconvénient de ce cours est que le Forum ne fonctionne pas.,negative,cung_cap_tai_lieu
17435,Le véritable inconvénient de ce cours est que le Forum ne fonctionne pas.,negative,noi_chung
17436,Je suis très reconnaissant d'avoir eu l'opportunité de suivre ce cours .,positive,noi_chung
17437,La raison pour laquelle je n'ai noté que 3 étoiles est que la seule chose utile que vous apprenez dans ce cours  est le cadre de réflexion sur la conception.,negative,chuong_trinh_hoc
17438,Je continuerai certainement.,positive,noi_chung
17439,"C'était un bon cours, cependant, il semble que le enregistrement provenait du cours précédent.",positive,noi_chung
17439,"C'était un bon cours, cependant, il semble que le enregistrement provenait du cours précédent.",negative,ky_nang_giang_day
17440,Je ne l'ai jamais utilisé auparavant et je ne comprends pas pourquoi je devrais laisser quelque part mes données personnelles si je n'ai pas l'intention d'utiliser ce service à l'avenir.,negative,noi_chung
17441,C'est formidable de faire partie d'un cours qui compte autant de personnes passionnées et dévouées à la santé de la planète.,positive,noi_chung
17442,Il a vraiment adopté une excellente approche pour présenter ce cours.,positive,ky_nang_giang_day
17443,Ce cours  s'intègre parfaitement aux connaissances que j'ai acquises.,positive,noi_chung
17444,J’apprécie néanmoins le défi et le sérieux du sujet.,positive,chuong_trinh_hoc
17445,"Cela pourrait être utile pour certains (en particulier ceux du B2C ou prêts à jouer avec la technologie), mais c'était une perte de temps pour moi.",negative,noi_chung
17446,"Il y a eu un peu d'accompagnement dans les devoirs de programmation, mais cela peut être dû aux antécédents susmentionnés que l'étudiant a proposés.",neutral,bai_tap
17447,Je pense qu'il serait préférable que ces vidéos soient dispersées dans le reste de la spécialisation.,neutral,ky_nang_giang_day
17448,Les concepts et techniques que j'ai appris jusqu'à présent m'ont vraiment aidé à m'améliorer dans ma vie universitaire en tant qu'étudiant et dans mon travail en tant que professeur d'anglais.,positive,noi_chung
17449,Défi Devoirs.,positive,bai_tap
17450,"Passionnant, perspicace et",positive,noi_chung
17450,"Passionnant, perspicace et",positive,chuong_trinh_hoc
17451,"L'introduction est bien plus que ce que ce cours est, à mon humble avis.",negative,cung_cap_tai_lieu
17452,Ce cours  m'a donné tout ce dont j'ai besoin pour approfondir et réaliser les expériences.,positive,noi_chung
17453,Des notions bien enseignées.,positive,ky_nang_giang_day
17454,"De plus, je pense que le fait d'être débordé pourrait amener de nombreux étudiants à abandonner tout simplement avant d'avoir vraiment compris comment les ressources disponibles (documentation, etc.) pourraient les aider.",negative,cung_cap_tai_lieu
17455,"Cela a changé ma façon de penser à plusieurs choses qui, selon moi, constituent l’objectif de l’éducation.",positive,noi_chung
17456,Un défi avec la gamification.,positive,chuong_trinh_hoc
17457,Excellent tuteurs et matériel.,positive,ky_nang_giang_day
17457,Excellent tuteurs et matériel.,positive,cung_cap_tai_lieu
17458,Rien ne peut battre ça.,positive,noi_chung
17459,Bien passé et plein d'informations.,positive,chuong_trinh_hoc
17459,Bien passé et plein d'informations.,positive,chuong_trinh_hoc
17460,Jeff dit au début qu'il s'agit simplement d'un aperçu et pointe vers d'autres ressources.,positive,noi_chung
17461,"Lexalytics n'est pas disponible pour Mac, donc je ne pouvais même pas l'utiliser.",negative,noi_chung
17462,Ce cours  est très bien structuré et très bien présenté.,positive,chuong_trinh_hoc
17462,Ce cours  est très bien structuré et très bien présenté.,positive,chuong_trinh_hoc
17463,La conception du cours est réfléchie et bien réalisée.,positive,chuong_trinh_hoc
17463,La conception du cours est réfléchie et bien réalisée.,positive,chuong_trinh_hoc
17464,Donc une aide du Forum est vraiment nécessaire pour que ce cours fonctionne correctement.,negative,cung_cap_tai_lieu
17465,"Je vois un intérêt à inclure ce matériel dans la spécialisation, mais pas de manière absolue cours.",negative,noi_chung
17466,C'est devenu un peu déroutant et accablant.,negative,cung_cap_tai_lieu
17466,C'est devenu un peu déroutant et accablant.,negative,cung_cap_tai_lieu
17467,Je pense que j'ai beaucoup appris de ce cours et j'attends avec impatience les spécialisations cours.,positive,noi_chung
17468,"Ce cours aurait pu être meilleur en incluant plus d'exemples, le conférencier est très monotone et malheureusement je ne vois aucun forum de discussion pour ce cours, en plus de cela, chaque fois que j'essayais de répondre aux commentaires, le bouton de réponse devenait gris et rien ne se passait.",negative,noi_chung
17468,"Ce cours aurait pu être meilleur en incluant plus d'exemples, le conférencier est très monotone et malheureusement je ne vois aucun forum de discussion pour ce cours, en plus de cela, chaque fois que j'essayais de répondre aux commentaires, le bouton de réponse devenait gris et rien ne se passait.",negative,ky_nang_giang_day
17468,"Ce cours aurait pu être meilleur en incluant plus d'exemples, le conférencier est très monotone et malheureusement je ne vois aucun forum de discussion pour ce cours, en plus de cela, chaque fois que j'essayais de répondre aux commentaires, le bouton de réponse devenait gris et rien ne se passait.",negative,cung_cap_tai_lieu
17468,"Ce cours aurait pu être meilleur en incluant plus d'exemples, le conférencier est très monotone et malheureusement je ne vois aucun forum de discussion pour ce cours, en plus de cela, chaque fois que j'essayais de répondre aux commentaires, le bouton de réponse devenait gris et rien ne se passait.",negative,noi_chung
17469,La puissance de MATLAB est bien présentée dans ces cours.,positive,cung_cap_tai_lieu
17470,La dernière semaine du cours  présente également un cadre intéressant et apparemment efficace pour la réflexion sur la conception.,positive,noi_chung
17471,Je me suis bien amusé à faire ça cours.,positive,noi_chung
17472,"Merci Professeur , et merci Coursera .",positive,noi_chung
17473,Il faut être objectif.,negative,chuong_trinh_hoc
17474,Inspire les enseignants sur la manière d'enseigner et de pratiquer un caractère qui peut influencer les élèves à pratiquer la même chose où qu'ils soient.,positive,noi_chung
17475,C'est un cours merveilleux  et je le recommanderais certainement à d'autres.,positive,de_xuat
17475,C'est un cours merveilleux  et je le recommanderais certainement à d'autres.,positive,de_xuat
17477,Andrew Ng est un excellent professeur.,positive,ky_nang_giang_day
17478,"Cependant, ceci programme de cours est plutôt un maigre atterrissage, une démarche insignifiante.",negative,chuong_trinh_hoc
17479,Je pense que j'utiliserai les connaissances que j'ai acquises lors du cours  dans mes futurs travaux.,positive,noi_chung
17480,Les devoirs hebdomadaires devoirs étaient stimulants et très amusants.,positive,bai_tap
17481,Le matériel couvert dans ce cours est adéquat et très instructif.,positive,cung_cap_tai_lieu
17481,Le matériel couvert dans ce cours est adéquat et très instructif.,positive,cung_cap_tai_lieu
17482,"J'ai suivi tout le cours Python Codecademy cours, qui était très axé sur le côté pratique, et c'est formidable maintenant de faire cela cours pour comprendre la théorie qui se cache derrière, et ce que je faisais réellement.",positive,noi_chung
17483,"Dr. Chuck a également partagé quelques informations intéressantes (interviews) tout au long du cours, que j'ai trouvé très instructives.",positive,ky_nang_giang_day
17483,"Dr. Chuck a également partagé quelques informations intéressantes (interviews) tout au long du cours, que j'ai trouvé très instructives.",positive,chuong_trinh_hoc
17484,"J'aimerais noter ce fabuleux cours comme excellent sous Dr. Emma Jakoi et Dr. Jennifer Carbrey, des instructeurs brillants. Merci beaucoup pour toutes les explications aimables données pour mes questions, et bon quiz vidéo, agréable séries de problèmes et stimulant examens.",positive,noi_chung
17484,"J'aimerais noter ce fabuleux cours comme excellent sous Dr. Emma Jakoi et Dr. Jennifer Carbrey, des instructeurs brillants. Merci beaucoup pour toutes les explications aimables données pour mes questions, et bon quiz vidéo, agréable séries de problèmes et stimulant examens.",positive,noi_chung
17484,"J'aimerais noter ce fabuleux cours comme excellent sous Dr. Emma Jakoi et Dr. Jennifer Carbrey, des instructeurs brillants. Merci beaucoup pour toutes les explications aimables données pour mes questions, et bon quiz vidéo, agréable séries de problèmes et stimulant examens.",positive,ky_nang_giang_day
17484,"J'aimerais noter ce fabuleux cours comme excellent sous Dr. Emma Jakoi et Dr. Jennifer Carbrey, des instructeurs brillants. Merci beaucoup pour toutes les explications aimables données pour mes questions, et bon quiz vidéo, agréable séries de problèmes et stimulant examens.",positive,ky_nang_giang_day
17484,"J'aimerais noter ce fabuleux cours comme excellent sous Dr. Emma Jakoi et Dr. Jennifer Carbrey, des instructeurs brillants. Merci beaucoup pour toutes les explications aimables données pour mes questions, et bon quiz vidéo, agréable séries de problèmes et stimulant examens.",positive,bai_tap
17484,"J'aimerais noter ce fabuleux cours comme excellent sous Dr. Emma Jakoi et Dr. Jennifer Carbrey, des instructeurs brillants. Merci beaucoup pour toutes les explications aimables données pour mes questions, et bon quiz vidéo, agréable séries de problèmes et stimulant examens.",positive,bai_tap
17484,"J'aimerais noter ce fabuleux cours comme excellent sous Dr. Emma Jakoi et Dr. Jennifer Carbrey, des instructeurs brillants. Merci beaucoup pour toutes les explications aimables données pour mes questions, et bon quiz vidéo, agréable séries de problèmes et stimulant examens.",positive,bai_tap
17484,"J'aimerais noter ce fabuleux cours comme excellent sous Dr. Emma Jakoi et Dr. Jennifer Carbrey, des instructeurs brillants. Merci beaucoup pour toutes les explications aimables données pour mes questions, et bon quiz vidéo, agréable séries de problèmes et stimulant examens.",positive,hanh_vi
17485,J'aime le contenu du cours.,positive,cung_cap_tai_lieu
17486,"D'autre part, les questions  ressemblent à des problèmes de bioinformatique du monde réel.",positive,bai_tap
17487,Il aborde le sujet avec une vitalité et un esprit qui attirent l'attention.,positive,ky_nang_giang_day
17488,Très instructif.,positive,chuong_trinh_hoc
17489,Je commencerai par dire que ce cours  donne un bon aperçu d'une grande variété d'applications de l'impression 3D.,positive,chuong_trinh_hoc
17490,Margaret Meloni a rendu ce cours coloré avec sa voix mélodique et ses bonnes explications.,positive,ky_nang_giang_day
17490,Margaret Meloni a rendu ce cours coloré avec sa voix mélodique et ses bonnes explications.,positive,ky_nang_giang_day
17491,Le cours était super.,positive,noi_chung
17492,Je pense que c'était une erreur du correcteur.,negative,ham_diem
17493,J'ai vraiment apprécié votre aide.,positive,ky_nang_giang_day
17494,Excellent cours pour apprendre les bases de Python.,positive,noi_chung
17495,Le cours  commence à un niveau très basique et progresse à un rythme avec lequel on devrait se sentir parfaitement à l'aise.,positive,noi_chung
17495,Le cours  commence à un niveau très basique et progresse à un rythme avec lequel on devrait se sentir parfaitement à l'aise.,positive,chuong_trinh_hoc
17496,Le temps pour faire les « quiz » n'est pas long.,neutral,bai_tap
17498,"Cela aurait pu être fait beaucoup mieux, en particulier les conférences.",positive,noi_chung
17499,C'est un très bon point de départ pour quiconque s'intéresse à FSI.,positive,noi_chung
17500,"Je recommanderais qu'il soit davantage orienté vers les données, comme ces études de cas avec des exemples spécifiques, afin qu'il converge naturellement vers la création d'une étude de cas pour une ville à la fin du cours en tant que projet final plutôt qu'étude facultative.",negative,de_xuat
17501,Merci beaucoup pour ce super cours  !,positive,noi_chung
17502,Il est également suggéré de réduire les discussions centrées sur les défis (le cours  a pris trop de temps) et de les orienter davantage vers les différents nouveaux services adoptés par différentes villes pour capturer les avantages / l'impact sur le PIB de la ville.,negative,chuong_trinh_hoc
17503,Je suis un ingénieur mécanique hispanophone avec juste un passe-temps de programmation et j'ai pu terminer avec une note de 99 %.,positive,noi_chung
17504,"Super cours, le professeur a fait un très bon travail en expliquant un sujet très difficile à un groupe d'étudiants ayant des antécédents très différents.",positive,noi_chung
17504,"Super cours, le professeur a fait un très bon travail en expliquant un sujet très difficile à un groupe d'étudiants ayant des antécédents très différents.",positive,ky_nang_giang_day
17505,"De plus, vous apprendrez et pratiquerez avec des bibliothèques qui peuvent vous simplifier la vie : )",positive,noi_chung
17506,Incroyablement intéressant et instructif ressources également.,positive,cung_cap_tai_lieu
17506,Incroyablement intéressant et instructif ressources également.,positive,cung_cap_tai_lieu
17507,Génial bien sûr !,positive,noi_chung
17508,"Incroyable devoir duquel j'ai beaucoup appris et j'ai adoré la structure, le feeling et le professeur.",positive,bai_tap
17508,"Incroyable devoir duquel j'ai beaucoup appris et j'ai adoré la structure, le feeling et le professeur.",positive,noi_chung
17509,Un si merveilleux cours.,positive,noi_chung
17510,Ce cours  est très utile pour donner des idées sur la façon de mieux faire.,positive,noi_chung
17511,"J'ai particulièrement apprécié la partie Sécurité, que je traite de manière marginale au travail et dont je n'ai jamais vraiment réussi à saisir les concepts, mais maintenant je le fais.",positive,noi_chung
17511,"J'ai particulièrement apprécié la partie Sécurité, que je traite de manière marginale au travail et dont je n'ai jamais vraiment réussi à saisir les concepts, mais maintenant je le fais.",positive,chuong_trinh_hoc
17512,"À mon avis, ce cours  devrait être un point de départ pour toute personne souhaitant apprendre le Machine Learning.",positive,noi_chung
17513,"L'atelier  a revitalisé mes compétences en poésie, qui étaient plus qu'un peu rouillées avant de suivre le cours.",positive,noi_chung
17514,Il n'est pas ennuyeux avec trop de détails.,positive,chuong_trinh_hoc
17514,Il n'est pas ennuyeux avec trop de détails.,positive,ky_nang_giang_day
17515,Cette seule semaine de cours peut littéralement aider de nombreuses entreprises / ONG.,positive,noi_chung
17516,J'ai aimé les exercices.,positive,bai_tap
17517,Merci beaucoup pour ce cours .,positive,noi_chung
17518,Ce cours  fournit tous les fondamentaux nécessaires avec un peu de mathématiques qui donne un sens intuitif des algorithmes.,positive,chuong_trinh_hoc
17518,Ce cours  fournit tous les fondamentaux nécessaires avec un peu de mathématiques qui donne un sens intuitif des algorithmes.,positive,chuong_trinh_hoc
17519,Le professeur Douglas Kearney est un instructeur excellent et divertissant avec beaucoup de sagesse à transmettre.,positive,ky_nang_giang_day
17519,Le professeur Douglas Kearney est un instructeur excellent et divertissant avec beaucoup de sagesse à transmettre.,positive,ky_nang_giang_day
17519,Le professeur Douglas Kearney est un instructeur excellent et divertissant avec beaucoup de sagesse à transmettre.,positive,ky_nang_giang_day
17520,M. Bloom est un excellent professeur !,positive,ky_nang_giang_day
17521,absolument génial !,positive,noi_chung
17522,J'ai atteint une partie de mes objectifs en suivant ce programme .,positive,noi_chung
17523,Un cours très rafraîchissant cours qui met l'accent sur la croissance du caractère des étudiants.,positive,noi_chung
17524,Je recommande volontiers ce cours .,positive,de_xuat
17525,Les quiz étaient faciles à résoudre une fois que vous aviez pris le temps de voir toutes les vidéos associées.,positive,bai_tap
17525,Les quiz étaient faciles à résoudre une fois que vous aviez pris le temps de voir toutes les vidéos associées.,positive,ky_nang_giang_day
17526,Il est très difficile de se familiariser avec les techniques de traitement du langage naturel si vous n'avez jamais suivi de cours à ce sujet.,negative,chuong_trinh_hoc
17527,Les illustrations sont ravissantes !,positive,ky_nang_giang_day
17528,Préparez-vous cependant - il y a beaucoup de matériel.,negative,cung_cap_tai_lieu
17529,J'ai beaucoup apprécié ce cours.,positive,noi_chung
17530,"Excellent cours, surtout si vous voulez repartir de zéro.",positive,noi_chung
17531,Son enthousiasme est quelque chose qui devrait vous aider à continuer le cours.,positive,ky_nang_giang_day
17532,Le Comptabilité de gestion (semaine 4) transforme mon état d'esprit !!,positive,noi_chung
17533,Très déçu de ce cours final.,negative,noi_chung
17534,Il y a eu tellement de nouveautés bibliothèques et concepts introduites dans les deux derniers chapitres.,negative,cung_cap_tai_lieu
17534,Il y a eu tellement de nouveautés bibliothèques et concepts introduites dans les deux derniers chapitres.,positive,cung_cap_tai_lieu
17534,Il y a eu tellement de nouveautés bibliothèques et concepts introduites dans les deux derniers chapitres.,positive,cung_cap_tai_lieu
17534,Il y a eu tellement de nouveautés bibliothèques et concepts introduites dans les deux derniers chapitres.,negative,cung_cap_tai_lieu
17535,La quantité de travail et de temps consacré à la création de ce cours complet et diversifié  est extrêmement impressionnante.,positive,chuong_trinh_hoc
17535,La quantité de travail et de temps consacré à la création de ce cours complet et diversifié  est extrêmement impressionnante.,positive,chuong_trinh_hoc
17535,La quantité de travail et de temps consacré à la création de ce cours complet et diversifié  est extrêmement impressionnante.,positive,chuong_trinh_hoc
17536,Merci Relay / GSE et Coursera !,positive,ky_nang_giang_day
17537,"Et oui, comme tout bon professeur, Yakov ressent le besoin de se plonger dans des subtilités théoriques que la plupart ne feraient pas.",positive,ky_nang_giang_day
17538,La classe  était bien organisée et facile à comprendre.,positive,chuong_trinh_hoc
17538,La classe  était bien organisée et facile à comprendre.,positive,chuong_trinh_hoc
17539,C'est tout simplement un super cours .,positive,noi_chung
17540,Il aborde un domaine de recherche assez complexe mais a magistralement transmis les compétences et les méthodes essentielles à un rythme un peu stimulant mais pas au point d'être intimidant.,positive,cung_cap_tai_lieu
17540,Il aborde un domaine de recherche assez complexe mais a magistralement transmis les compétences et les méthodes essentielles à un rythme un peu stimulant mais pas au point d'être intimidant.,positive,chuong_trinh_hoc
17540,Il aborde un domaine de recherche assez complexe mais a magistralement transmis les compétences et les méthodes essentielles à un rythme un peu stimulant mais pas au point d'être intimidant.,neutral,chuong_trinh_hoc
17541,"Le cours  a définitivement atteint ce qu'il enseigne, c'est-à-dire s'assurer que vous vous souvenez du contenu en vous testant et en utilisant la répétition espacée.",positive,noi_chung
17542,Je suis sûr que mes compétences en programmation ont atteint un niveau supérieur et je les recommande à tous mes amis et collègues.,positive,de_xuat
17542,Je suis sûr que mes compétences en programmation ont atteint un niveau supérieur et je les recommande à tous mes amis et collègues.,positive,de_xuat
17543,Merci pour le super contenu !,positive,cung_cap_tai_lieu
17544,Je ferai référence aux matériaux encore et encore.,positive,cung_cap_tai_lieu
17545,Concis et très utile !!!,positive,noi_chung
17546,"J'aime les professeurs, mais malheureusement, je ne ressens pas beaucoup de lien avec moi (je ne vois pas vraiment beaucoup d'importance pour moi à identifier si une entreprise fait de faux états financiers ; je ne suis pas un investisseur, et mon travail quotidien n'a pas vraiment grand-chose à voir avec les états financiers).",positive,ky_nang_giang_day
17546,"J'aime les professeurs, mais malheureusement, je ne ressens pas beaucoup de lien avec moi (je ne vois pas vraiment beaucoup d'importance pour moi à identifier si une entreprise fait de faux états financiers ; je ne suis pas un investisseur, et mon travail quotidien n'a pas vraiment grand-chose à voir avec les états financiers).",negative,noi_chung
17547,Les conférences étaient excellentes et captivantes.,positive,ky_nang_giang_day
17547,Les conférences étaient excellentes et captivantes.,positive,ky_nang_giang_day
17548,"Considérant tout cela, c'est un excellent cours.",positive,noi_chung
17549,Non destiné aux apprenants novices dans le domaine médical.,neutral,noi_chung
17550,La liste de la littérature fournie était assez complète et choisie de manière stratégique.,positive,cung_cap_tai_lieu
17550,La liste de la littérature fournie était assez complète et choisie de manière stratégique.,positive,cung_cap_tai_lieu
17551,"Merci pour votre excellente conférence, Dr . Chunk .",positive,ky_nang_giang_day
17552,"En guise d'aperçu, cette classe  fonctionne bien.",positive,noi_chung
17553,Il fournit cependant suffisamment de matériel supplémentaire pour travailler et aller aussi loin dans le sujet que l'on souhaite.,negative,cung_cap_tai_lieu
17553,Il fournit cependant suffisamment de matériel supplémentaire pour travailler et aller aussi loin dans le sujet que l'on souhaite.,negative,noi_chung
17554,Tous les intervenants  ont été extrêmement instructifs et ont suscité la réflexion.,positive,ky_nang_giang_day
17554,Tous les intervenants  ont été extrêmement instructifs et ont suscité la réflexion.,positive,ky_nang_giang_day
17555,Amusant .,positive,noi_chung
17556,Vous pouvez vous attendre à en apprendre un peu plus sur ce qu'est l'apprentissage automatique et comment le faire en utilisant le package caret dans R.,positive,noi_chung
17557,Les supports du cours ont été formulés de manière très précise et compréhensible.,positive,cung_cap_tai_lieu
17557,Les supports du cours ont été formulés de manière très précise et compréhensible.,positive,cung_cap_tai_lieu
17558,"Bonjour, Merci pour ce cours  bien structuré.",positive,chuong_trinh_hoc
17559,"Malgré les défis, le matériel est très fascinant et toute personne intéressée par l'anatomie apprendra quelque chose.",positive,cung_cap_tai_lieu
17560,Incroyable les professeurs ! ! !,positive,ky_nang_giang_day
17561,"En termes de contenu et de la manière dont le cours s'est déroulé, c'était au-delà de mes attentes.",positive,cung_cap_tai_lieu
17561,"En termes de contenu et de la manière dont le cours s'est déroulé, c'était au-delà de mes attentes.",positive,chuong_trinh_hoc
17562,Le cours utilise des recherches extérieures.,positive,chuong_trinh_hoc
17563,C'était un peu difficile à la fin.,positive,bai_tap
17564,Car tout ce qui est questionné dans les « quiz » n’est pas pensé en classe.,neutral,bai_tap
17565,"Ce cours  est un MUST, si vous cherchez à acquérir des concepts d'apprentissage automatique ou à percer dans le secteur de la science des données.",positive,noi_chung
17566,J'ai eu l'impression qu'ils allaient trop vite.,positive,noi_chung
17568,J'ai vraiment apprécié le cours  et j'ai beaucoup appris.,positive,noi_chung
17568,J'ai vraiment apprécié le cours  et j'ai beaucoup appris.,positive,noi_chung
17569,L'(instructeur 2) est facile à comprendre et fait un bon travail d'introduction à la langue.,positive,ky_nang_giang_day
17569,L'(instructeur 2) est facile à comprendre et fait un bon travail d'introduction à la langue.,positive,ky_nang_giang_day
17570,Les projets / missions sont géniaux.,positive,bai_tap
17571,Ce cours  était difficile à suivre et les essais gratuits proposés nous semblaient imposés.,negative,chuong_trinh_hoc
17572,Les sujets sont très bien expliqués et suivent une séquence logique.,positive,cung_cap_tai_lieu
17572,Les sujets sont très bien expliqués et suivent une séquence logique.,positive,cung_cap_tai_lieu
17573,"Les tâches étaient un peu plus complexes que celles du premier cours, mais elles sont toujours très amusantes.",negative,bai_tap
17573,"Les tâches étaient un peu plus complexes que celles du premier cours, mais elles sont toujours très amusantes.",positive,bai_tap
17574,"Le forum de discussion fournit un certain niveau d'aide, mais vous êtes fondamentalement seul.",neutral,cung_cap_tai_lieu
17575,Ce cours était super !,positive,noi_chung
17576,Expliquer tout en détail.,positive,ky_nang_giang_day
17577,J'ai vraiment apprécié ça.,positive,noi_chung
17578,"Étoile - - pour se sentir un peu sur les rails, et ne pas ressentir l'implication de l'instructeur.",negative,ky_nang_giang_day
17578,"Étoile - - pour se sentir un peu sur les rails, et ne pas ressentir l'implication de l'instructeur.",negative,noi_chung
17579,Le cours  était vraiment bon et il m'a aidé à acquérir de nouvelles techniques et idées d'apprentissage.,positive,noi_chung
17579,Le cours  était vraiment bon et il m'a aidé à acquérir de nouvelles techniques et idées d'apprentissage.,positive,chuong_trinh_hoc
17580,C'est un cours  très intéressant et enrichissant.,positive,noi_chung
17580,C'est un cours  très intéressant et enrichissant.,positive,noi_chung
17581,La lecture de l'enregistrement à d'autres étudiants pour notes est beaucoup trop lourde.,negative,ham_diem
17582,"Le cours ne contient aucun dialogue, ni aucune situation réelle où le vocabulaire est révisé.",negative,chuong_trinh_hoc
17583,Ne manquez pas ça cours.,positive,noi_chung
17584,Le professeur Cramer présente les concepts fondamentaux de la mécanique statistique d'une manière sensée qui rend ce sujet difficile quelque peu gérable même pour les débutants.,positive,ky_nang_giang_day
17585,Solide cours .,positive,noi_chung
17586,"La liste de lectures recommandées, avec des liens vers la plupart des articles, vaut le temps passé dessus.",positive,cung_cap_tai_lieu
17587,"Dans l’ensemble, c’est un excellent cours si vous prévoyez de visiter le pays et que vous souhaitez pouvoir vous en sortir sans traducteur, car nous savons tous que tous les natifs chinois ne parlent pas anglais.",positive,noi_chung
17588,Sachs et cette œuvre révolutionnaire pour notre monde.,positive,ky_nang_giang_day
17589,"Pour quelqu'un comme moi ayant 17 ans d'expérience en programmation, et avec une certaine expérience des réseaux neuronaux depuis mes années d'université, et des outils d'analyse pour quelques applications en R ; c'est un excellent rappel des fondamentaux et une grande variété d'éléments technologiques pratiques qui sont les plus utiles dans les applications d'apprentissage automatique.",positive,chuong_trinh_hoc
17590,"ce cours, l'instructeur M. Gabriele Troilo, le cours matériel, vidéos et les entretiens avec les professionnels étaient absolument parfaits.",positive,ky_nang_giang_day
17590,"ce cours, l'instructeur M. Gabriele Troilo, le cours matériel, vidéos et les entretiens avec les professionnels étaient absolument parfaits.",positive,cung_cap_tai_lieu
17590,"ce cours, l'instructeur M. Gabriele Troilo, le cours matériel, vidéos et les entretiens avec les professionnels étaient absolument parfaits.",positive,ky_nang_giang_day
17591,"Un meilleur système d'évaluation consisterait à pondérer les tests et les essais, par exemple, 60 % pour les tests et 40 % pour les essais.",negative,ham_diem
17592,"Mais celui-ci, je l'ai trouvé un peu difficile et parfois perdu, en particulier dans les relations plusieurs-à-plusieurs.",negative,chuong_trinh_hoc
17593,C'est un cours très utile  même s'il faut plus d'heures pour le terminer.,positive,noi_chung
17593,C'est un cours très utile  même s'il faut plus d'heures pour le terminer.,negative,chuong_trinh_hoc
17594,"Le professeur est très prudent, clair et méthodique.",positive,ky_nang_giang_day
17594,"Le professeur est très prudent, clair et méthodique.",positive,ky_nang_giang_day
17594,"Le professeur est très prudent, clair et méthodique.",positive,ky_nang_giang_day
17595,"J'aurais préféré avoir un seul instructeur, constamment bon instructeur.",negative,ky_nang_giang_day
17596,Trop de choses facultatives devoirs peut-être.,negative,bai_tap
17597,"Les conférences sont captivantes, mais à un niveau approprié pour les débutants en astronomie.",positive,ky_nang_giang_day
17597,"Les conférences sont captivantes, mais à un niveau approprié pour les débutants en astronomie.",positive,chuong_trinh_hoc
17598,C'est un cours incroyable .,positive,noi_chung
17599,Facile à suivre.,positive,chuong_trinh_hoc
17600,De plus les devoirs sont très sympas.,positive,bai_tap
17601,Les présentations vidéo sont bien faites et contiennent des informations essentielles pour développer les compétences requises pour être un écrivain efficace.,positive,ky_nang_giang_day
17602,"Encore une fois, merci à vous Dr Chuck et à votre équipe pour avoir créé un cours aussi intéressant et passionnant.",positive,ky_nang_giang_day
17603,"La manière dont Dr. BArbara Oakley et Dr. Sejnowsky ont développé cet important cours pour nous, étudiants, applique également de nombreuses manières intéressantes de comprendre de manière plus naturelle ainsi qu'une explication claire des méthodes sur la façon d'obtenir une meilleure approche lorsque nous essayons d'apprendre quelque chose.",positive,ky_nang_giang_day
17603,"La manière dont Dr. BArbara Oakley et Dr. Sejnowsky ont développé cet important cours pour nous, étudiants, applique également de nombreuses manières intéressantes de comprendre de manière plus naturelle ainsi qu'une explication claire des méthodes sur la façon d'obtenir une meilleure approche lorsque nous essayons d'apprendre quelque chose.",positive,chuong_trinh_hoc
17603,"La manière dont Dr. BArbara Oakley et Dr. Sejnowsky ont développé cet important cours pour nous, étudiants, applique également de nombreuses manières intéressantes de comprendre de manière plus naturelle ainsi qu'une explication claire des méthodes sur la façon d'obtenir une meilleure approche lorsque nous essayons d'apprendre quelque chose.",positive,noi_chung
17604,Merci Professeur Hare et Coursera car j'apprécie vraiment cet incroyable cours qui remet en question de nombreux stéréotypes.,positive,ky_nang_giang_day
17604,Merci Professeur Hare et Coursera car j'apprécie vraiment cet incroyable cours qui remet en question de nombreux stéréotypes.,positive,noi_chung
17605,Il diffuse en effet des techniques et des concepts utiles à l'apprentissage.,positive,chuong_trinh_hoc
17606,J'aimerais qu'ils offrent un certificat gratuit à ceux qui terminent le cours .,positive,chuong_trinh_hoc
17607,J'ai trouvé ce cours  fantastique - et je pense que ce cours  devrait être une exigence pour tous les membres du Sénat et de la Chambre des représentants des États-Unis - car ils pourraient prendre moins de décisions stupides lorsqu'ils encouragent la démocratie dans les pays musulmans.,positive,noi_chung
17607,J'ai trouvé ce cours  fantastique - et je pense que ce cours  devrait être une exigence pour tous les membres du Sénat et de la Chambre des représentants des États-Unis - car ils pourraient prendre moins de décisions stupides lorsqu'ils encouragent la démocratie dans les pays musulmans.,positive,noi_chung
17608,Professeur Edwin Bakker L'approche didactique est particulièrement adaptée à mon concept idéal de la manière dont un enseignant doit communiquer avec son public.,positive,ky_nang_giang_day
17609,Expliquer clairement les informations.,positive,chuong_trinh_hoc
17610,Les instructeurs étaient très bons dans leur travail.,positive,ky_nang_giang_day
17611,C'est sans doute le pire cours Coursera cours que j'ai suivi et j'en ai suivi pas mal.,negative,noi_chung
17612,Je le recommande définitivement à quelqu'un qui essaie de s'initier à la programmation.,positive,de_xuat
17613,"Les organisation, contenu, activités, pratique et tâches étaient parfaits.",positive,chuong_trinh_hoc
17613,"Les organisation, contenu, activités, pratique et tâches étaient parfaits.",positive,cung_cap_tai_lieu
17613,"Les organisation, contenu, activités, pratique et tâches étaient parfaits.",positive,bai_tap
17613,"Les organisation, contenu, activités, pratique et tâches étaient parfaits.",positive,bai_tap
17614,Les vidéos sont très ennuyeuses et inutiles par rapport au contenu incroyable des 6 premiers cours de la spécialisation.,negative,ky_nang_giang_day
17615,J'ai un mot : Fantastique.,positive,noi_chung
17616,Le professeur est clair dans son explication et humoristique aussi.,positive,ky_nang_giang_day
17616,Le professeur est clair dans son explication et humoristique aussi.,positive,ky_nang_giang_day
17617,Très très mauvaise communication de la part des professeurs.,negative,hanh_vi
17618,"De plus, Mohamed Noor est très enthousiaste et fournit de nombreux exemples intéressants pour illustrer le cours.",positive,ky_nang_giang_day
17618,"De plus, Mohamed Noor est très enthousiaste et fournit de nombreux exemples intéressants pour illustrer le cours.",positive,ky_nang_giang_day
17618,"De plus, Mohamed Noor est très enthousiaste et fournit de nombreux exemples intéressants pour illustrer le cours.",positive,kinh_nghiem
17619,Cela vous encourage à vous concentrer sur le récit et ne vous en détourne jamais.,positive,ky_nang_giang_day
17620,"Lent, l'ordre des chapitres est logique ; le meilleur cours Python que j'ai suivi et le seul qui m'a retenu.",positive,chuong_trinh_hoc
17620,"Lent, l'ordre des chapitres est logique ; le meilleur cours Python que j'ai suivi et le seul qui m'a retenu.",positive,chuong_trinh_hoc
17621,"Nous obtenons des idées de base, mais nous parcourons toutes les informations en structurant les idées trop rapidement, SANS exemples / exemples limités, ce qui est ce qui nous apprendra le plus.",positive,noi_chung
17621,"Nous obtenons des idées de base, mais nous parcourons toutes les informations en structurant les idées trop rapidement, SANS exemples / exemples limités, ce qui est ce qui nous apprendra le plus.",positive,cung_cap_tai_lieu
17622,"Super cours, super devoirs de programmation et notation, dans l'ensemble j'ai vraiment apprécié ce cours cours.",positive,ky_nang_giang_day
17622,"Super cours, super devoirs de programmation et notation, dans l'ensemble j'ai vraiment apprécié ce cours cours.",positive,bai_tap
17622,"Super cours, super devoirs de programmation et notation, dans l'ensemble j'ai vraiment apprécié ce cours cours.",positive,ham_diem
17622,"Super cours, super devoirs de programmation et notation, dans l'ensemble j'ai vraiment apprécié ce cours cours.",positive,noi_chung
17623,Ceci cours est difficile pour le nouveau venu de Ruby on Rails et MongoDB.,negative,chuong_trinh_hoc
17624,Des exemples si pertinents et mémorables qu’ils laissent une impression durable.,positive,ky_nang_giang_day
17624,Des exemples si pertinents et mémorables qu’ils laissent une impression durable.,positive,ky_nang_giang_day
17625,Un peu basique pour moi.,positive,noi_chung
17626,"Le professeur est excellent et très convivial pour les étudiants, et le cours matériel est très clair.",positive,ky_nang_giang_day
17626,"Le professeur est excellent et très convivial pour les étudiants, et le cours matériel est très clair.",positive,ky_nang_giang_day
17626,"Le professeur est excellent et très convivial pour les étudiants, et le cours matériel est très clair.",positive,cung_cap_tai_lieu
17627,Génial professeur.,positive,ky_nang_giang_day
17628,Je me retrouve à appliquer ce que j'ai appris à mon écriture quotidienne ainsi qu'à ce que je lis et regarde.,positive,chuong_trinh_hoc
17629,Barbara Oakly était géniale.,positive,ky_nang_giang_day
17630,"Dans ce court cours , vous pouvez apprendre quelques sujets clés importants de la stratégie d'entreprise.",positive,noi_chung
17631,"En conséquence, ce sont quatre semaines assez fades et ennuyeuses.",negative,chuong_trinh_hoc
17632,"La principale chose que cela m’a apporté a été de pratiquer les tons, ce qui est très difficile.",positive,chuong_trinh_hoc
17632,"La principale chose que cela m’a apporté a été de pratiquer les tons, ce qui est très difficile.",positive,bai_tap
17633,Ce cours m'a motivé à étudier davantage les cours liés à l'économie et je le recommanderais certainement à toute personne intéressée par le sujet et qui est nouvelle en microéconomie comme moi.,positive,de_xuat
17633,Ce cours m'a motivé à étudier davantage les cours liés à l'économie et je le recommanderais certainement à toute personne intéressée par le sujet et qui est nouvelle en microéconomie comme moi.,positive,de_xuat
17634,Des conseils pratiques pour éviter les erreurs de bonheur que nous faisons au quotidien - je ne savais pas qu'il y en avait autant,positive,chuong_trinh_hoc
17635,Merci pour ce super cours .,positive,noi_chung
17635,Merci pour ce super cours .,positive,noi_chung
17636,Mais ce n'est que le début !,positive,noi_chung
17637,"Je tiens à remercier sincèrement la communauté Coursera pour avoir offert cette merveilleuse opportunité d'avoir un aperçu des concepts HTML, CSS et Java Script.",positive,noi_chung
17638,Je l'ai mieux aimé la deuxième fois.,positive,noi_chung
17639,C'est très stimulant et donne un aperçu de la méditation - un sujet qui échappe à de nombreuses personnes.,positive,chuong_trinh_hoc
17639,C'est très stimulant et donne un aperçu de la méditation - un sujet qui échappe à de nombreuses personnes.,positive,noi_chung
17640,"Superbe vidéo , quizz et exercices .",positive,ky_nang_giang_day
17640,"Superbe vidéo , quizz et exercices .",positive,bai_tap
17641,Je recommande ce cours  à tout le monde.,positive,de_xuat
17642,"J'ai depuis commencé le cours gratuit de Stanford  enseigné par un co-fondateur de coursera, et c'est BIEN mieux !",positive,noi_chung
17643,"De plus, les devoirs m'ont pris beaucoup plus de temps que prévu, mais j'ai prévu environ le double de temps et j'ai pu terminer le cours à temps.",negative,bai_tap
17644,C'est une manière très bien présentée et accessible de commencer à saisir l'œuvre la plus profonde d'Einstein dans son « année miracle » de 1905.,positive,ky_nang_giang_day
17645,Il vous présente le codage d'une manière non intimidante et qui semble complètement naturelle en quelques semaines.,positive,ky_nang_giang_day
17646,J'ai apprécié le style d'enseignement du Professeur Siedel.,positive,ky_nang_giang_day
17647,Je le recommande totalement à tout le monde !,positive,de_xuat
17648,Des concepts de calcul très intéressants ont été enseignés en profondeur par le professeur Jim.,positive,ky_nang_giang_day
17649,Très encourageant et stimulant avec beaucoup d'apprentissage en cours de route.,positive,noi_chung
17650,"Bien sûr, je reviendrai vérifier l'optionnel matériel.",positive,cung_cap_tai_lieu
17651,"Les devoirs sont également bien conçus, ce qui m'aide à améliorer mon apprentissage !",positive,bai_tap
17652,Merci .,positive,noi_chung
17653,C'est un excellent cours  pour comprendre le but de raconter des histoires sur diverses plateformes et sous une forme durable dans le temps.,positive,noi_chung
17654,"Le instructeur était excellent, et j'ai appris de nouvelles choses.",positive,ky_nang_giang_day
17654,"Le instructeur était excellent, et j'ai appris de nouvelles choses.",positive,noi_chung
17655,Solides compétences en mathématiques requises.,negative,chuong_trinh_hoc
17656,Le professeur a beaucoup d'études de cas qui montrent qu'il est un praticien du marketing et partage des cas réels/exemples qui vous aident à mieux comprendre les concepts enseignés (pas seulement théoriquement).,positive,kinh_nghiem
17656,Le professeur a beaucoup d'études de cas qui montrent qu'il est un praticien du marketing et partage des cas réels/exemples qui vous aident à mieux comprendre les concepts enseignés (pas seulement théoriquement).,positive,ky_nang_giang_day
17658,"Bien qu'il y ait quelques problèmes techniques, c'est un cours génial .",negative,chuong_trinh_hoc
17658,"Bien qu'il y ait quelques problèmes techniques, c'est un cours génial .",positive,noi_chung
17659,"J'ai suivi plus de 5 cours Coursera, et celui-ci a été celui qui m'a le moins satisfait.",negative,noi_chung
17660,C'était l'introduction parfaite cours pour quelqu'un qui ne connaît rien au HTML.,positive,noi_chung
17661,J'ai vraiment apprécié la décomposition du contenu par le professeur Michael Roth.,positive,ky_nang_giang_day
17662,Le cours  met en évidence les principes de base de la meilleure façon d'entrer sur un marché et de garder un concurrent hors du marché.,positive,chuong_trinh_hoc
17663,"Si j'étais très rapide, je pourrais couper le volume jusqu'à la fin, mais je pense que c'est totalement inutile.",negative,ky_nang_giang_day
17664,Agréable et élaboré.,positive,chuong_trinh_hoc
17665,J'ai vraiment apprécié ce cours  et je suis un peu triste que ce soit fini.,positive,noi_chung
17666,Merci pour vos conseils.,positive,hanh_vi
17667,"Outre les problèmes techniques majeurs et le manque d'informations avant le début reporté du cours et les problèmes techniques mineurs, la manière d'enseigner est bien adaptée aux cours sur place où vous pouvez vous asseoir en groupes d'étude pour résoudre les problèmes ensemble ; les exemples donnés  ont en partie peu de pertinence et n'aident pas à résoudre les devoirs et selon le personnel, la meilleure façon de résoudre les devoirs est d'utiliser Google (ou Stackoverflow ou autre) vraiment ? ! D'une manière ou d'une autre, il semble qu'ils aient simplement suivi un cours sur place, joué avec des solutions techniques fantaisistes et l'appellent maintenant un MOOC. Ils ne semblent pas vraiment conscients du fait que l'enseignement sur place et les MOOC nécessitent des types de méthodes pédagogiques complètement différents. C'est incroyable de voir comment la même université peut offrir à la fois le meilleur MOOC (Dr. Chuck) et l'un des pires (celui-ci)",negative,cung_cap_tai_lieu
17668,"Toujours bien, mais je m'attendais à mieux que des wireframes et des maquettes que nous avons déjà appris il y a quelque temps.",neutral,noi_chung
17669,C'est un devoir mal conçu  qui fait perdre du temps aux étudiants et crée beaucoup de frustration.,negative,bai_tap
17670,"Les vidéos sont claires, faciles à suivre et avec de nombreux exemples, d'excellentes informations et du contenu.",positive,ky_nang_giang_day
17670,"Les vidéos sont claires, faciles à suivre et avec de nombreux exemples, d'excellentes informations et du contenu.",positive,ky_nang_giang_day
17670,"Les vidéos sont claires, faciles à suivre et avec de nombreux exemples, d'excellentes informations et du contenu.",positive,ky_nang_giang_day
17670,"Les vidéos sont claires, faciles à suivre et avec de nombreux exemples, d'excellentes informations et du contenu.",positive,ky_nang_giang_day
17671,J'ai beaucoup apprécié ce cours .,positive,noi_chung
17672,Le instructeur a tendance à être humoristique et cela soulage le stress au moment de l'apprentissage.,positive,ky_nang_giang_day
17673,"Le cours  a abordé tous les fondamentaux et m'a donné la direction et les informations dont j'avais besoin en tant que personne qui n'est pas dans le domaine médical, facilitant ainsi des recherches ultérieures.",positive,noi_chung
17673,"Le cours  a abordé tous les fondamentaux et m'a donné la direction et les informations dont j'avais besoin en tant que personne qui n'est pas dans le domaine médical, facilitant ainsi des recherches ultérieures.",positive,noi_chung
17673,"Le cours  a abordé tous les fondamentaux et m'a donné la direction et les informations dont j'avais besoin en tant que personne qui n'est pas dans le domaine médical, facilitant ainsi des recherches ultérieures.",positive,noi_chung
17674,"Un superbe cours cours (et le livre qui l'accompagne, Le Génie des Chiens, et le site Web de science citoyenne, Dognition, sont également merveilleux).",positive,noi_chung
17675,Je suis tellement contente d'avoir trouvé ce cours !!,positive,noi_chung
17676,Peut-être est-il conçu pour ceux qui sont plus analytiques que moi. .,negative,noi_chung
17677,"Il rend l'apprentissage de la rime, de la métaphore et de la scansion simple tout en affinant votre concentration, afin que votre écriture puisse vous surprendre.",positive,ky_nang_giang_day
17678,"Après tout, cette piste est axée sur l’utilisation de Python pour l’analyse et la science des données, ce qui n’est guère un sujet destiné aux débutants absolus.",neutral,noi_chung
17679,"Il s'agit d'un cours  condensé et délicat, ce qui signifie que pour acquérir la compétence nécessaire pour créer un site Web, la seule chose à faire est de suivre les étapes de la vidéo et de terminer le devoir ; et pourtant, chaque sujet du cours , même une ligne de code, mérite une réflexion plus approfondie.",positive,noi_chung
17680,Tous les exercices MATLAB / Octave  sont intéressants et pertinents.,positive,bai_tap
17680,Tous les exercices MATLAB / Octave  sont intéressants et pertinents.,positive,bai_tap
17681,Elle présente le matériel d'une manière qui est vraiment accessible et facile à digérer.,positive,cung_cap_tai_lieu
17682,"Normalement, je préfère Lynda à Coursera pour les devoirs et les quiz, mais pas dans ce cas...",negative,bai_tap
17683,J'aimerais voir plus d'interaction et de notation exercices de programmation entre les deux vidéos pour vraiment faire passer les concepts.,negative,bai_tap
17683,J'aimerais voir plus d'interaction et de notation exercices de programmation entre les deux vidéos pour vraiment faire passer les concepts.,positive,ky_nang_giang_day
17684,Peut-être que Professeur Waters-Rist et son équipe pourraient organiser un autre cours d'ostéoarchéologie introduisant des techniques non couvertes dans ce cours.,neutral,ky_nang_giang_day
17685,"Les conférences vidéo sont passionnantes et j'attends avec impatience le temps que je passe à les visionner, les lectures principales sont pertinentes et il y a de bonnes suggestions pour ceux qui souhaitent acquérir une compréhension plus approfondie du matériel.",positive,cung_cap_tai_lieu
17685,"Les conférences vidéo sont passionnantes et j'attends avec impatience le temps que je passe à les visionner, les lectures principales sont pertinentes et il y a de bonnes suggestions pour ceux qui souhaitent acquérir une compréhension plus approfondie du matériel.",positive,ky_nang_giang_day
17686,J'ai beaucoup appris de ce cours.,positive,noi_chung
17688,"Les conférences sont très longues, pas divisées en morceaux pour une visualisation facile (au point que je ne pouvais pas les télécharger sur mon téléphone pour une utilisation hors ligne / hors Wi-Fi).",negative,ky_nang_giang_day
17689,"En tant qu'étudiant en gestion, j'ai acquis une quantité incroyable de connaissances sur les marchés financiers.",positive,chuong_trinh_hoc
17690,"Dans l'ensemble, c'était une bonne introduction cours",positive,noi_chung
17691,Ce cours était beaucoup plus utile que je ne le pensais.,positive,noi_chung
17692,C'était un bon aperçu des services proposés par Google Cloud Platform.,positive,noi_chung
17693,"Brillant, d'autres fournisseurs cours devraient suivre une méthode similaire.",positive,noi_chung
17694,Je n'ai aucun doute sur cette méthode d'apprentissage géniale.,positive,ky_nang_giang_day
17695,"Super bien sûr. Ma critique constructive porte sur l'organisation des activités de groupe, c'est juste très difficile de s'organiser en groupes via des personnes que vous n'avez pas rencontrées, surtout compte tenu des différences de fuseaux horaires ainsi que des différences d'horaires quotidiens des membres du groupe.",positive,noi_chung
17696,"C'est l'un des meilleurs cours  que j'ai suivi, sinon le meilleur.",positive,noi_chung
17697,Très informatif.,positive,chuong_trinh_hoc
17698,Je recommande ce cours .,positive,de_xuat
17699,Le contenu sur SCRUM est présenté huit fois en partie dans l'introduction et ici.,negative,ky_nang_giang_day
17700,"Les vidéos sont courtes, précises, et je conseillerais à tout le monde de s'engager.",negative,ky_nang_giang_day
17701,La qualité de l'enseignement est très médiocre et trop rapide à suivre.,negative,ky_nang_giang_day
17701,La qualité de l'enseignement est très médiocre et trop rapide à suivre.,negative,ky_nang_giang_day
17702,La démonstration pratique des problèmes apporte une meilleure clarté.,positive,ky_nang_giang_day
17703,C'était une idée intéressante.,positive,noi_chung
17704,Merci beaucoup professeur .,positive,ky_nang_giang_day
17705,J'apprécie que les lectures documents soient complémentaires aux vidéos.,positive,cung_cap_tai_lieu
17706,"Je donne 5 étoiles pour le professeur, vraiment une approche ayant un enseignement aussi bien organisé matériel.",positive,ky_nang_giang_day
17706,"Je donne 5 étoiles pour le professeur, vraiment une approche ayant un enseignement aussi bien organisé matériel.",positive,cung_cap_tai_lieu
17707,"Les gens ont dû attendre longtemps pour avoir des commentaires et j'ai également pensé que ceux qui avaient payé pour la première des 5 sections, ne devraient pas être obligés de payer pour les quatre suivantes s'ils voulaient au moins accéder au matériel, sans être noté.",negative,hanh_vi
17707,"Les gens ont dû attendre longtemps pour avoir des commentaires et j'ai également pensé que ceux qui avaient payé pour la première des 5 sections, ne devraient pas être obligés de payer pour les quatre suivantes s'ils voulaient au moins accéder au matériel, sans être noté.",positive,ham_diem
17708,J'ai adoré ce cours !,positive,noi_chung
17709,J'ai recommandé ce cours  à mon ami et toute personne intéressée par la musique devrait absolument essayer ce cours .,positive,noi_chung
17709,J'ai recommandé ce cours  à mon ami et toute personne intéressée par la musique devrait absolument essayer ce cours .,positive,noi_chung
17710,Je pense qu'il est préférable de rendre cette information non obligatoire mais par choix,neutral,noi_chung
17711,Il était facile de comprendre les points qu’il mentionnait.,positive,ky_nang_giang_day
17712,"Le rythme du cours  est également extrêmement lent, même s'il peut convenir aux étudiants novices.",negative,noi_chung
17712,"Le rythme du cours  est également extrêmement lent, même s'il peut convenir aux étudiants novices.",positive,noi_chung
17713,J'aurais juste aimé qu'il y en ait plus des devoirs de programmation notés !,negative,bai_tap
17714,Je le recommanderai à mes amis.,positive,de_xuat
17715,J'ai trouvé ce cours  très utile et j'ai appris comment utiliser les expressions régulières et les ai ensuite utilisées pour analyser les pages HTML afin d'examiner diverses balises et contenus.,positive,noi_chung
17715,J'ai trouvé ce cours  très utile et j'ai appris comment utiliser les expressions régulières et les ai ensuite utilisées pour analyser les pages HTML afin d'examiner diverses balises et contenus.,positive,noi_chung
17716,Un excellent niveau d'introduction cours à la stratégie concurrentielle.,positive,noi_chung
17717,Je voudrais remercier instructeurs et tous ceux qui ont contribué à rendre ce cours  aussi utile et de bonne qualité.,positive,chuong_trinh_hoc
17717,Je voudrais remercier instructeurs et tous ceux qui ont contribué à rendre ce cours  aussi utile et de bonne qualité.,positive,ky_nang_giang_day
17718,"En guise d'introduction, ce fut une expérience formidable.",positive,noi_chung
17719,"Et, au fait, trop d'histoires.",negative,ky_nang_giang_day
17720,"Si vous n’avez pas les moyens de participer, vous avez un accès limité au matériel de test.",negative,bai_tap
17721,Les instructeurs se sont précipités pour présenter le matériel de cours.,negative,ky_nang_giang_day
17722,Le sujet est présenté de manière très élégante et formelle par professeur Ng en commençant par les choses de base et en progressant à un rythme parfait vers des choses plus difficiles.,positive,ky_nang_giang_day
17722,Le sujet est présenté de manière très élégante et formelle par professeur Ng en commençant par les choses de base et en progressant à un rythme parfait vers des choses plus difficiles.,positive,ky_nang_giang_day
17723,Splendide merveilleux cours ¡¡¡,positive,noi_chung
17724,"Ce cours  est très important pour tous les apprenants des pays en développement et développés, car la population mondiale croissante est confrontée à une grave pénurie alimentaire, ce qui fait que la réduction des pertes devient une nécessité de l'heure.",positive,noi_chung
17725,"Le cours est intéressant, mais parfois il est si difficile de percevoir l'information avec un tel accent :",positive,noi_chung
17725,"Le cours est intéressant, mais parfois il est si difficile de percevoir l'information avec un tel accent :",negative,ky_nang_giang_day
17726,"J'ai vraiment apprécié et surtout, j'ai beaucoup appris.",positive,noi_chung
17726,"J'ai vraiment apprécié et surtout, j'ai beaucoup appris.",positive,chuong_trinh_hoc
17727,"Quiz de plateforme et devoirs vous aident à progresser et vous poussent à revoir vos notes et le contenu du livre, vous permettant ainsi de vous sentir à l'aise avec la rapidité des leçons.",positive,bai_tap
17727,"Quiz de plateforme et devoirs vous aident à progresser et vous poussent à revoir vos notes et le contenu du livre, vous permettant ainsi de vous sentir à l'aise avec la rapidité des leçons.",positive,bai_tap
17727,"Quiz de plateforme et devoirs vous aident à progresser et vous poussent à revoir vos notes et le contenu du livre, vous permettant ainsi de vous sentir à l'aise avec la rapidité des leçons.",positive,ky_nang_giang_day
17727,"Quiz de plateforme et devoirs vous aident à progresser et vous poussent à revoir vos notes et le contenu du livre, vous permettant ainsi de vous sentir à l'aise avec la rapidité des leçons.",positive,ky_nang_giang_day
17728,John Covach est un instructeur fantastique.,positive,ky_nang_giang_day
17729,Le cours  est une approche très pratique de la langue.,positive,noi_chung
17730,"très bonne introduction mais lorsque je parcours les vidéos puis que je fais le quiz, j'ai l'impression que le matériel ne met pas exactement en évidence ce qui est nécessaire pour le quiz.",positive,noi_chung
17730,"très bonne introduction mais lorsque je parcours les vidéos puis que je fais le quiz, j'ai l'impression que le matériel ne met pas exactement en évidence ce qui est nécessaire pour le quiz.",positive,ky_nang_giang_day
17730,"très bonne introduction mais lorsque je parcours les vidéos puis que je fais le quiz, j'ai l'impression que le matériel ne met pas exactement en évidence ce qui est nécessaire pour le quiz.",negative,cung_cap_tai_lieu
17730,"très bonne introduction mais lorsque je parcours les vidéos puis que je fais le quiz, j'ai l'impression que le matériel ne met pas exactement en évidence ce qui est nécessaire pour le quiz.",negative,bai_tap
17731,"La vraie raison pour laquelle je lui donne une note de 3/5, c'est que la notation mathématique est partout.",neutral,chuong_trinh_hoc
17732,"Vous apprendrez des choses très intéressantes sur le Machine Learning, mais vous travaillerez également vos compétences en programmation (MATLAB / Octave).",positive,noi_chung
17733,"J'ai demandé de l'aide sur le forum, mais personne n'a répondu.",negative,hanh_vi
17734,Merci Andrew Ng !,positive,ky_nang_giang_day
17735,"J'avais suivi ce cours en premier parmi les cours de spécialité Ruby on Rails, et j'ai décidé de m'inscrire à l'intégralité du cours.",positive,noi_chung
17736,"Bien que les tuteurs connaissent clairement leur sujet, j'ai trouvé les devoirs vraiment assez difficiles et d'une valeur éducative limitée en raison du mélange de nouveaux concepts introduits par les conférences ainsi que de nouvelles (pour moi) mathématiques ou informatique qui devaient également être appréhendées.",positive,ky_nang_giang_day
17736,"Bien que les tuteurs connaissent clairement leur sujet, j'ai trouvé les devoirs vraiment assez difficiles et d'une valeur éducative limitée en raison du mélange de nouveaux concepts introduits par les conférences ainsi que de nouvelles (pour moi) mathématiques ou informatique qui devaient également être appréhendées.",positive,bai_tap
17736,"Bien que les tuteurs connaissent clairement leur sujet, j'ai trouvé les devoirs vraiment assez difficiles et d'une valeur éducative limitée en raison du mélange de nouveaux concepts introduits par les conférences ainsi que de nouvelles (pour moi) mathématiques ou informatique qui devaient également être appréhendées.",positive,noi_chung
17737,"De plus, de nombreuses missions missions ont amélioré mes connaissances et mes compétences en matière d'apprentissage automatique.",positive,bai_tap
17738,"À tous les gens de tous âges, de tous horizons et de tous intérêts, je vous dis : saisissez l'opportunité de faire ceci cours et vous ne regarderez pas en arrière.",positive,noi_chung
17739,J'aime beaucoup les défis.,positive,bai_tap
17740,Il y a juste beaucoup de travail à faire et une petite partie de ce travail restera avec vous.,negative,bai_tap
17740,Il y a juste beaucoup de travail à faire et une petite partie de ce travail restera avec vous.,negative,chuong_trinh_hoc
17741,"En dehors des téléchargements, enregistrements et lectures nécessaires, le cours était présenté bien et les gammes et le jeu de position étaient particulièrement utiles et clairs.",positive,ky_nang_giang_day
17741,"En dehors des téléchargements, enregistrements et lectures nécessaires, le cours était présenté bien et les gammes et le jeu de position étaient particulièrement utiles et clairs.",positive,noi_chung
17741,"En dehors des téléchargements, enregistrements et lectures nécessaires, le cours était présenté bien et les gammes et le jeu de position étaient particulièrement utiles et clairs.",positive,chuong_trinh_hoc
17742,Les 3 premières semaines constituent un bon package pour apprendre Bootstrap.,positive,noi_chung
17743,"Cependant, j'apprécie vraiment l'ensemble des cours, et je pense que cela a été une expérience formidable de suivre les cours !",positive,noi_chung
17744,C’était le coup de pouce dont j’avais besoin pour me plonger complètement dans le monde du ML.,positive,noi_chung
17745,Merci beaucoup M. Landers et aux autres auteurs pour ce cours !,positive,ky_nang_giang_day
17746,You Learning in IBM suggère 12 heures - la plupart des forums prenaient 6 à 10 heures par devoir !,neutral,bai_tap
17747,Merci pour votre travail !!!,positive,ky_nang_giang_day
17748,Machne Learning est un outil important pour une variété de branches de la science et de l'ingénierie et,positive,noi_chung
17749,Après avoir terminé le cours vous n'êtes pas un expert mais vous avez les bons concepts et connaissances pour développer vos projets.,positive,noi_chung
17750,"Je le recommande vivement à tout professeur d'ESL, de TEFL ou de CELTA.",positive,de_xuat
17751,Le cours était super.,positive,noi_chung
17752,"Je pense que pour devenir un data scientist, c'est le meilleur endroit pour commencer, heureux de terminer le reste du cours également.",positive,chuong_trinh_hoc
17753,Il est enthousiaste et explique très bien les matières.,positive,ky_nang_giang_day
17753,Il est enthousiaste et explique très bien les matières.,positive,ky_nang_giang_day
17754,L’utilisation d’articles de revues réelles a ajouté une touche pratique à la théorie et aux applications des statistiques.,positive,chuong_trinh_hoc
17756,"Lorsque j'ai contacté une enseignante (Eva) à propos de certaines questions spécifiques, elle a été d'une grande aide et m'a aidée à résoudre le problème.",positive,ky_nang_giang_day
17757,Le matériel de science citoyenne était également intéressant.,positive,cung_cap_tai_lieu
17758,Un très bon cours .,positive,noi_chung
17759,"Peut-être que le cours qui est basé sur les écrits de M. Bakker et un de ses livres pourrait nous faire penser à des fins commerciales ou promotionnelles, mais c'est un excellent moyen, vraiment excellent, de comprendre le monde dans lequel nous vivons, et un excellent moyen de nommer beaucoup de choses qui nous arrivent à tous.",positive,chuong_trinh_hoc
17760,J'essaie de comprendre cela depuis trois ans et je fais enfin des progrès.,positive,noi_chung
17761,Ce serait cependant formidable si vous pouviez également fournir les caractères chinois pour toutes les choses que nous avons apprises * pendant * que nous les apprenons et non à la fin du cours.,positive,noi_chung
17762,"Dans l’ensemble, la qualité du cours  est bonne et le niveau de connaissances est approprié pour les nouveaux analystes.",positive,chuong_trinh_hoc
17763,J'ai adoré la façon dont,positive,noi_chung
17764,Merci à cousera et Berklee pour avoir offert l'opportunité !,positive,ky_nang_giang_day
17765,Vitesse vidéo 5x grâce à beaucoup de discussions.,negative,ky_nang_giang_day
17766,J'ai suivi les excellents cours d'apprentissage automatique de Carlo cours à l'UW et je me sentais vraiment plutôt bien.,positive,noi_chung
17766,J'ai suivi les excellents cours d'apprentissage automatique de Carlo cours à l'UW et je me sentais vraiment plutôt bien.,positive,noi_chung
17766,J'ai suivi les excellents cours d'apprentissage automatique de Carlo cours à l'UW et je me sentais vraiment plutôt bien.,positive,ky_nang_giang_day
17767,il n'est même pas couvert jusqu'au prochain cours.,neutral,noi_chung
17768,Il est très bien fait avec un équilibre entre la théorie du contrôle des mouvements robotiques et la pratique devoirs utilisant le langage populaire Matlab.,positive,noi_chung
17768,Il est très bien fait avec un équilibre entre la théorie du contrôle des mouvements robotiques et la pratique devoirs utilisant le langage populaire Matlab.,positive,chuong_trinh_hoc
17768,Il est très bien fait avec un équilibre entre la théorie du contrôle des mouvements robotiques et la pratique devoirs utilisant le langage populaire Matlab.,positive,bai_tap
17769,"Ils les instructeurs du cours devraient fournir davantage d'informations pour commencer, indiquant qu'il est essentiel de regarder les vidéos et de lire le matériel de cours presque avant le début de la nouvelle semaine, car des groupes doivent être créés et des discussions et des recherches avec des coéquipiers doivent être coordonnées.",negative,ky_nang_giang_day
17770,Cela a rendu l'expérience plus spéciale.,positive,noi_chung
17771,A part ça c'était excellent.,positive,noi_chung
17772,Tant d’équations présentées sans expliquer pourquoi ces choses fonctionnent ou comment elles sont dérivées.,negative,ky_nang_giang_day
17773,Le cours se concentre également beaucoup sur l'histoire alors qu'il serait plus pertinent de se tourner vers l'avenir.,neutral,chuong_trinh_hoc
17774,Ce serait formidable d'avoir plus de cours comme celui-ci.,positive,noi_chung
17775,Ce cours  est absolument génial !,positive,noi_chung
17777,suivre ce cours  m'a aidé à explorer davantage mon écriture.,positive,chuong_trinh_hoc
17778,Et merci Coursera aussi : ),positive,noi_chung
17779,Très content finalement.,positive,noi_chung
17780,C'est très bien expliqué et facile à suivre.,positive,ky_nang_giang_day
17780,C'est très bien expliqué et facile à suivre.,positive,ky_nang_giang_day
17781,"Cependant, je n'ai pas aimé le fait que vous soyez limité à apprendre à utiliser une plateforme payante et (très !) coûteuse, principalement parce qu'il existe de nombreux autres packages gratuits disponibles pour l'apprentissage automatique.",negative,chuong_trinh_hoc
17782,"Oui, les devoirs nécessitent de s’immerger dans des problèmes qui ont peu à voir avec le parallélisme en soi.",positive,bai_tap
17783,"Pour moi, c'était très intéressant de regarder des interviews de personnes dont le travail est étroitement lié à l'UE ; celles-ci vidéos sont absolument inspirantes.",positive,ky_nang_giang_day
17783,"Pour moi, c'était très intéressant de regarder des interviews de personnes dont le travail est étroitement lié à l'UE ; celles-ci vidéos sont absolument inspirantes.",positive,ky_nang_giang_day
17784,C'est un merveilleux cours.,positive,noi_chung
17785,Le professeur Fowler est génial !,positive,ky_nang_giang_day
17786,Ce cours  est fortement recommandé !,positive,noi_chung
17787,J'ai vraiment apprécié ce cours.,positive,noi_chung
17788,Toutes les informations sont fournies de manière très simple et facile à comprendre.,positive,noi_chung
17788,Toutes les informations sont fournies de manière très simple et facile à comprendre.,positive,chuong_trinh_hoc
17789,"Tout cela mis à part, si vous êtes vraiment curieux de l’apprentissage automatique, vous devriez suivre ce cours cours.",positive,noi_chung
17790,"Un défi si ce n'est pas un développeur et un évaluateur qui a besoin d'un code très spécifique. Cela mis à part, c'était un cours amusant et intéressant , une excellente introduction à Bluemix et Noder-red et js.",positive,noi_chung
17790,"Un défi si ce n'est pas un développeur et un évaluateur qui a besoin d'un code très spécifique. Cela mis à part, c'était un cours amusant et intéressant , une excellente introduction à Bluemix et Noder-red et js.",positive,noi_chung
17791,Ma seule recommandation serait d'en ajouter davantage questions en vidéo.,neutral,bai_tap
17792,Je peux sentir à quel point vous avez travaillé dur pour nous faire parvenir ces matériaux.,positive,cung_cap_tai_lieu
17793,C'est un super cours !,positive,noi_chung
17794,"Il convient aux étudiants à l'école ainsi qu'aux adultes qui essaient d'apprendre quelque chose de nouveau, ce qui peut être assez difficile à leur âge.",positive,noi_chung
17795,Je suis très heureux d'avoir suivi ce cours cours et de l'avoir terminé.,positive,noi_chung
17796,"Dr. Chuck pour tout le matériel, le quiz et les devoirs.",positive,ky_nang_giang_day
17797,Les informations sont bonnes mais vont trop vite et je n'ai pas l'impression d'en avoir appris beaucoup.,positive,noi_chung
17797,Les informations sont bonnes mais vont trop vite et je n'ai pas l'impression d'en avoir appris beaucoup.,negative,chuong_trinh_hoc
17797,Les informations sont bonnes mais vont trop vite et je n'ai pas l'impression d'en avoir appris beaucoup.,negative,chuong_trinh_hoc
17798,Les personnes âgées comme les plus jeunes peuvent en bénéficier.,positive,noi_chung
17799,Un cours pratique cours donné par un professeur compétent.,positive,chuong_trinh_hoc
17799,Un cours pratique cours donné par un professeur compétent.,positive,ky_nang_giang_day
17800,Je l'ai aimé parce qu'il fournit de précieuses informations aux entreprises ou aux entreprises en reliant les théories économiques aux entreprises.,positive,chuong_trinh_hoc
17801,Je n'arrive pas à croire qu'il soit possible de trouver un cours aussi qualifié  gratuitement !,positive,chuong_trinh_hoc
17801,Je n'arrive pas à croire qu'il soit possible de trouver un cours aussi qualifié  gratuitement !,positive,chuong_trinh_hoc
17802,Cela vaut vraiment le prix que j'ai payé !,positive,chuong_trinh_hoc
17803,J'ai trouvé ce cours cours trop avancé pour mon niveau de familiarité avec les statistiques.,positive,noi_chung
17804,Hautement recommandé à toute personne à n’importe quel stade d’apprentissage.,positive,noi_chung
17805,J'espère pouvoir suivre plus de cours à l'Université Duke.,positive,noi_chung
17806,. délicat ) ) ils vous offrent donc la possibilité de sortir des sentiers battus ),positive,bai_tap
17806,. délicat ) ) ils vous offrent donc la possibilité de sortir des sentiers battus ),positive,bai_tap
17807,Merci à tous les professeurs pour cette belle expérience d'apprentissage.,positive,ky_nang_giang_day
17807,Merci à tous les professeurs pour cette belle expérience d'apprentissage.,positive,ky_nang_giang_day
17808,J'ai adoré la plupart de tout ça.,positive,noi_chung
17809,J'ai vraiment aimé les cours interactifs en petits groupes.,positive,ky_nang_giang_day
17810,Superbe expérience.,positive,noi_chung
17811,Ce cours est un très bon rappel des bases et Dr Whiteman a expliqué les choses très clairement et précisément.,positive,noi_chung
17811,Ce cours est un très bon rappel des bases et Dr Whiteman a expliqué les choses très clairement et précisément.,positive,ky_nang_giang_day
17812,Sir Hitoshi Murayama était incroyable.,positive,ky_nang_giang_day
17813,Les vidéos s'exécutent beaucoup trop rapidement lorsque quelqu'un travaille entre plusieurs fenêtres pour accomplir des tâches.,negative,ky_nang_giang_day
17814,"Les devoirs sont bons et incitent à la réflexion, mais ne sont pas clairement rédigés.",positive,bai_tap
17814,"Les devoirs sont bons et incitent à la réflexion, mais ne sont pas clairement rédigés.",negative,bai_tap
17815,"De plus, vous n'avez pas besoin de compétences en programmation pour terminer les tâches, mais il faut beaucoup de temps pour apprendre à utiliser des outils Datavis gratuits et prêts à l'emploi et ils sont trop limités pour fournir les résultats souhaités.",negative,bai_tap
17816,"C'est probablement plus utile pour quelqu'un avec une certaine expérience préalable, un temps limité et des problèmes à résoudre, plutôt que pour un étudiant.",neutral,chuong_trinh_hoc
17817,C'est un cours d'apprentissage automatique très fondamental.,positive,noi_chung
17818,Le cours est plutôt une description prolongée du domaine de recherche qu'une partie à part entière de la formation générale.,positive,noi_chung
17819,"Ce cours fournit des connaissances générales pour créer des pages Web simples, quelques balises HTML de base et quelques pratiques.",positive,chuong_trinh_hoc
17820,Le professeur lisait pratiquement tout.,negative,ky_nang_giang_day
17821,Je n'aime pas que le cours me donne alors l'impression que je dois m'appuyer sur un produit spécifique pour résoudre les problèmes.,negative,noi_chung
17822,Le style d’enseignement ne constitue pas vraiment un défi ni un éclairage.,negative,ky_nang_giang_day
17823,"C'est beaucoup plus basique et offre une vue fondamentale sur tous les langages de programmation, pas seulement sur Python.",positive,noi_chung
17824,"C'était fantastique, pas beaucoup de calculs, mais plus de concentration sur les concepts, tels que la relativité, le modèle standard des particules, la mécanique quantique.",positive,noi_chung
17824,"C'était fantastique, pas beaucoup de calculs, mais plus de concentration sur les concepts, tels que la relativité, le modèle standard des particules, la mécanique quantique.",positive,chuong_trinh_hoc
17825,J'espère qu'elle sera ma professeur à l'université : ( jaja .,positive,ky_nang_giang_day
17826,Ce cours était incroyable !,positive,noi_chung
17827,Cela m'a inspiré et motivé à continuer le cours  malgré mes difficultés à comprendre certains concepts.,positive,noi_chung
17828,Vous n'apprendrez pas beaucoup de concepts ou de théories ni ne pratiquerez de programmation R ici.,negative,chuong_trinh_hoc
17829,"En conséquence, chaque semaine, je passais plusieurs heures sur les forums et stackoverflow pour comprendre ce que voulait l'auto-correcteur, au lieu d'apprendre réellement les pandas.",negative,chuong_trinh_hoc
17830,C'est un cours intéressant .,positive,noi_chung
17831,La semaine 4 est meilleure.,positive,noi_chung
17832,Beau !,positive,noi_chung
17833,"Le cours  m'a donné un aperçu de l'industrie, des types d'acteurs qui la composent, des différents modèles et stratégies qui peuvent être appliqués.",positive,noi_chung
17834,"Avec le rythme bien ajusté de ce cours, même avec une connaissance de l'arithmétique uniquement et AUCUNE programmation, vous devriez bien réussir dans ce cours à condition de faire au moins un effort modéré !",positive,noi_chung
17835,"Merci pour vos efforts, pour m'offrir un grand cours.",positive,noi_chung
17836,Il y avait un bon équilibre entre une grande ampleur et le temps investi.,positive,chuong_trinh_hoc
17837,J'ai beaucoup appris sur ce cours .,positive,noi_chung
17838,Et la narration était fantastique.,positive,ky_nang_giang_day
17839,"Si vous êtes introverti ou simplement une personne qui apprécie la vie privée, ce cours n'est pas pour vous.",negative,noi_chung
17840,5 + étoiles .,positive,chuong_trinh_hoc
17841,Très bien enseigné.,positive,noi_chung
17842,"Le professeur YaaKov est un excellent instructeur, ses devoirs sont écrits avec beaucoup de détails et des étapes très claires, ils sont donc faciles à comprendre et à exécuter.",positive,ky_nang_giang_day
17842,"Le professeur YaaKov est un excellent instructeur, ses devoirs sont écrits avec beaucoup de détails et des étapes très claires, ils sont donc faciles à comprendre et à exécuter.",positive,bai_tap
17842,"Le professeur YaaKov est un excellent instructeur, ses devoirs sont écrits avec beaucoup de détails et des étapes très claires, ils sont donc faciles à comprendre et à exécuter.",positive,bai_tap
17842,"Le professeur YaaKov est un excellent instructeur, ses devoirs sont écrits avec beaucoup de détails et des étapes très claires, ils sont donc faciles à comprendre et à exécuter.",positive,bai_tap
17843,Le professeur ainsi que le corps enseignant répondent toujours rapidement et en profondeur à vos questions ou commentaires dans le forum.,positive,hanh_vi
17843,Le professeur ainsi que le corps enseignant répondent toujours rapidement et en profondeur à vos questions ou commentaires dans le forum.,positive,hanh_vi
17844,"À mon avis, Andrew Ng excelle dans l’enseignement de ce cours.",positive,ky_nang_giang_day
17845,C'était un excellent cours.,positive,noi_chung
17846,"Seulement 2 * à cause d'un problème technique auquel j'ai été confronté dans la plupart des cas les vidéos ne se chargent pas correctement. elles resteront bloquées quelque part et seul l'audio continuera. je n'ai donc pas pu terminer le cours. à part ça, l'enseignement est vraiment bon. j'espère que vous y travaillerez pour résoudre ce problème.",negative,ky_nang_giang_day
17846,"Seulement 2 * à cause d'un problème technique auquel j'ai été confronté dans la plupart des cas les vidéos ne se chargent pas correctement. elles resteront bloquées quelque part et seul l'audio continuera. je n'ai donc pas pu terminer le cours. à part ça, l'enseignement est vraiment bon. j'espère que vous y travaillerez pour résoudre ce problème.",positive,ky_nang_giang_day
17847,Merci beaucoup de m'avoir donné l'opportunité de suivre ce cours cours.,positive,noi_chung
17848,J'ai adoré le cours.,positive,noi_chung
17849,Les devoirs ne sont donc pas particulièrement difficiles - vous obtenez de ce cours ce que vous y mettez !,negative,bai_tap
17850,Sauf que c'est merveilleux.,positive,noi_chung
17851,J'aime beaucoup découvrir le monde du professeur et des amis.,positive,noi_chung
17852,Je me sens à l'aise avec les concepts et les algorithmes.,positive,noi_chung
17853,"Des flashcards informatiques, voire des petits quiz supplémentaires à chaque leçon auraient été les bienvenus.",negative,cung_cap_tai_lieu
17854,Le professeur est excellent.,positive,ky_nang_giang_day
17855,Le matériel fourni est bon pour un cours d’introduction sur la nutrition infantile.,positive,cung_cap_tai_lieu
17856,Bonne introduction à la macroéconomie.,positive,noi_chung
17857,"Cependant, certaines de ces conférences vidéos ne sont que de qualité moyenne.",negative,ky_nang_giang_day
17858,C'est une excellente introduction à R .,positive,chuong_trinh_hoc
17859,Merci Andrew Ng pour votre excellent court métrage vidéos qui a apporté beaucoup de connaissances en peu de temps.,positive,ky_nang_giang_day
17859,Merci Andrew Ng pour votre excellent court métrage vidéos qui a apporté beaucoup de connaissances en peu de temps.,positive,ky_nang_giang_day
17860,Pratiquement aucune tâche ne m'a pris plus d'une heure à réaliser.,positive,bai_tap
17861,"Très bien fait, excellent contenu.",positive,cung_cap_tai_lieu
17862,Un problème concernant le cours sera probablement celui des conférences.,negative,ky_nang_giang_day
17863,"De plus, le langage enseigné dans ce cours Python est beaucoup plus intuitif que la plupart des autres langages de programmation que j'ai essayés (",positive,noi_chung
17864,L'ensemble du cours  est conçu pour vous surcharger de terminologie afin de vous mettre à niveau pour les cours  suivants.,negative,chuong_trinh_hoc
17865,"De plus, je n'ai toujours pas compris le forum de discussion car à mon avis, il n'est pas aussi engageant.",negative,hanh_vi
17866,Je peux dire que j’ai effectivement acquis des informations que je peux appliquer à ma carrière.,positive,noi_chung
17867,La narration a été merveilleuse et vient directement du cœur.,positive,ky_nang_giang_day
17868,Siedel a mené un cours très pratique et utile.,positive,ky_nang_giang_day
17869,"L'instructeur élucide chaque détail, même si vous serez peut-être confronté à des problèmes beaucoup plus difficiles sur les devoirs.",negative,bai_tap
17870,"La plupart d'entre eux ne sont pas lisibles : beaucoup de polices, beaucoup de couleurs, certains avec des images compliquées, certains sans aucune information.",negative,ky_nang_giang_day
17871,Je sens que j’ai maintenant une très bonne compréhension de la régression linéaire et logistique et des réseaux neuronaux ainsi que des autres méthodes d’apprentissage que nous avons abordées.,positive,chuong_trinh_hoc
17872,Extrêmement utile cours.,positive,chuong_trinh_hoc
17873,Merci du fond du cœur pour cet incroyable cours : ),positive,noi_chung
17874,"Cependant, il n'y a pas autant de pratique dans ce cours  que je l'espérais.",neutral,noi_chung
17875,"Je n'ai pas vu de date, mais je suppose que ce cours  a été construit en 2013-2014, donc les informations sont certainement à jour.",positive,noi_chung
17876,"Certains concepts de JavaScript peuvent être délicats pour les étudiants sans formation en informatique, mais ce cours  rend vraiment les choses plus faciles à comprendre.",positive,chuong_trinh_hoc
17877,J'utiliserai certainement les outils qu'ils m'ont enseignés au cours de ma deuxième année et pour devenir un enseignant plus efficace.,positive,noi_chung
17878,"Les personnes ayant une expérience préalable de la mécanique statistique bénéficieront, en revanche, de l’inclusion de liens plus complexes avec la mécanique quantique et la chimie physique.",positive,noi_chung
17879,J'ai une bien meilleure compréhension de la motivation et de la procrastination.,positive,chuong_trinh_hoc
17880,"Même si j'ai été extrêmement à l'écoute de mon emploi du temps pendant la quatrième semaine, j'ai vraiment apprécié le cours.",positive,noi_chung
17881,"Niveau élevé texte, graphiques et références.",positive,cung_cap_tai_lieu
17882,"Outre une plus grande intégration et une plus grande importance accordée aux documents écrits, je pense que davantage d’exemples réels de succès et d’échecs diplomatiques constitueraient une utilisation beaucoup plus efficace et divertissante du temps de cours que la philosophie ésotérique qui semble le caractériser dans cette édition.",negative,cung_cap_tai_lieu
17883,Merci Professeur !,positive,ky_nang_giang_day
17884,"Mon plus gros reproche est que de nombreux programmes exercices contiennent des erreurs qui n'ont pas été corrigées, bien que ce cours soit en cours depuis des années.",negative,bai_tap
17885,"Bien que ce soient d'excellentes bases, j'aurais aimé qu'il y ait presque une deuxième partie pour plus d'état de l'art le matériel, en particulier l'apprentissage profond et une expansion des réseaux neuronaux.",positive,cung_cap_tai_lieu
17886,"J'ai trouvé l'exercice  pointilleux et déroutant, et il n'y a aucune indication ni aucun commentaire sur ce que vous avez réellement fait de mal.",negative,bai_tap
17886,"J'ai trouvé l'exercice  pointilleux et déroutant, et il n'y a aucune indication ni aucun commentaire sur ce que vous avez réellement fait de mal.",negative,bai_tap
17887,Chaque section est claire et s'enchaîne avec la section suivante.,positive,ky_nang_giang_day
17888,"J'ai trouvé que le rythme, style de contenu fonctionnait pour moi et me permettait de poursuivre d'autres cours.",positive,ky_nang_giang_day
17888,"J'ai trouvé que le rythme, style de contenu fonctionnait pour moi et me permettait de poursuivre d'autres cours.",positive,ky_nang_giang_day
17889,"Au lieu de redouter les cours, je me suis retrouvé enthousiaste à l'idée d'y assister tous les jours et j'ai pu progresser plus rapidement que le plan cours grâce à sa méthode d'enseignement extrêmement claire et encourageante.",positive,noi_chung
17890,Explication détaillée.,positive,ky_nang_giang_day
17891,"Le matériel était exceptionnel, mais comme je l'ai découvert, les devoirs étaient dilués par rapport à la version antérieure du cours qui était disponible en 2014.",positive,cung_cap_tai_lieu
17891,"Le matériel était exceptionnel, mais comme je l'ai découvert, les devoirs étaient dilués par rapport à la version antérieure du cours qui était disponible en 2014.",neutral,bai_tap
17892,"Merci beaucoup pour ce cours, j'ai vraiment apprécié !",positive,noi_chung
17893,J'ai beaucoup appris et apprécié ces semaines.,positive,chuong_trinh_hoc
17894,Utiliser l'intuition ou le bon sens suffit déjà à les résoudre.,neutral,bai_tap
17895,Terminer ce cours cours me permet en quelque sorte de me sentir beaucoup mieux préparé à étudier moi-même les livres GR de niveau intermédiaire / avancé que je possède depuis si longtemps !,positive,chuong_trinh_hoc
17896,Je recommande donc ce cours  à tous ceux qui souhaitent s'améliorer et devenir plus efficaces dans leur apprentissage.,positive,de_xuat
17897,Très bien : Le professeur est patient et gentil.,positive,ky_nang_giang_day
17897,Très bien : Le professeur est patient et gentil.,positive,ky_nang_giang_day
17897,Très bien : Le professeur est patient et gentil.,positive,noi_chung
17898,Ce serait formidable s'ils pouvaient revenir avec un cours  pour le calcul multi-variable.,positive,noi_chung
17899,"J'ai vraiment aimé ce cours, beaucoup, beaucoup !",positive,noi_chung
17900,Les devoirs étaient difficiles et ils ont vraiment testé vos connaissances en Python.,positive,bai_tap
17900,Les devoirs étaient difficiles et ils ont vraiment testé vos connaissances en Python.,positive,ky_nang_giang_day
17901,Le cours est bien organisé et constitue une excellente introduction pour les étudiants souhaitant en savoir plus sur le marketing numérique.,positive,noi_chung
17902,La variété et la concentration des détails étaient impressionnantes et le conférencier était toujours engageant et clairement fortement investi dans le sujet.,positive,chuong_trinh_hoc
17902,La variété et la concentration des détails étaient impressionnantes et le conférencier était toujours engageant et clairement fortement investi dans le sujet.,positive,hanh_vi
17902,La variété et la concentration des détails étaient impressionnantes et le conférencier était toujours engageant et clairement fortement investi dans le sujet.,positive,ky_nang_giang_day
17903,Très utile pour les débutants. Elle parle très lentement et continue de répéter les mots jusqu'à ce que vous compreniez.,positive,ky_nang_giang_day
17903,Très utile pour les débutants. Elle parle très lentement et continue de répéter les mots jusqu'à ce que vous compreniez.,positive,noi_chung
17903,Très utile pour les débutants. Elle parle très lentement et continue de répéter les mots jusqu'à ce que vous compreniez.,positive,ky_nang_giang_day
17904,Andrew Ng fournit des instructions précieuses sur l'intuition et la mise en œuvre des algorithmes d'apprentissage automatique.,positive,ky_nang_giang_day
17905,Merci à vous Barbara et à l'équipe du cours d'avoir partagé vos histoires personnelles inspirantes.,positive,ky_nang_giang_day
17906,"Ils devraient remplacer ces quiz par des projets, où vous écrivez du vrai code.",negative,chuong_trinh_hoc
17907,"Bien cours, mais pourrait être plus difficile.",positive,noi_chung
17907,"Bien cours, mais pourrait être plus difficile.",negative,chuong_trinh_hoc
17908,"Si vous êtes complètement novice, commencez au début de cette spécialité à votre rythme (à la demande à la vitesse de la lumière) et à un prix abordable (0 $) et soyez assuré d'avancées significatives dans vos connaissances du fonctionnement d'Internet, en général, et de Python, en particulier.",positive,chuong_trinh_hoc
17909,Ce n'était pas très intéressant pour moi d'écouter les fonctions de l'iPhone et du Samsung,negative,chuong_trinh_hoc
17910,Le professeur a un immense charisme et une manière concise de décomposer les concepts.,positive,ky_nang_giang_day
17910,Le professeur a un immense charisme et une manière concise de décomposer les concepts.,positive,ky_nang_giang_day
17912,Il aurait pu être préférable que le problème de suivi comporte davantage d’exemples montrant une application pratique.,neutral,ky_nang_giang_day
17913,"Super cours, vraiment couvert tellement de détails !",positive,noi_chung
17913,"Super cours, vraiment couvert tellement de détails !",positive,chuong_trinh_hoc
17914,"Très axé sur les applications concrètes, mais aussi en apportant un certain niveau de profondeur du côté théorique.",positive,noi_chung
17914,"Très axé sur les applications concrètes, mais aussi en apportant un certain niveau de profondeur du côté théorique.",positive,noi_chung
17915,Je connaissais certaines choses du cours  mais j'ignorais certaines autres.,positive,noi_chung
17916,"Je ne suis peut-être pas d'accord avec tout ce qui est dit dans le cours , et certaines de ses déclarations m'ont peut-être mis un peu mal à l'aise, mais dans l'ensemble, c'est un cours  engageant et perspicace.",negative,ky_nang_giang_day
17916,"Je ne suis peut-être pas d'accord avec tout ce qui est dit dans le cours , et certaines de ses déclarations m'ont peut-être mis un peu mal à l'aise, mais dans l'ensemble, c'est un cours  engageant et perspicace.",positive,chuong_trinh_hoc
17917,"Cela étant dit, le cours  était très bien organisé, contenait de bons exemples et d'excellentes conférences  (même si l'audio pourrait être clarifié un peu en utilisant un microphone, un préampli, une interface et un logiciel de production audio haut de gamme comme Reaper pour clarifier la voix).",positive,chuong_trinh_hoc
17917,"Cela étant dit, le cours  était très bien organisé, contenait de bons exemples et d'excellentes conférences  (même si l'audio pourrait être clarifié un peu en utilisant un microphone, un préampli, une interface et un logiciel de production audio haut de gamme comme Reaper pour clarifier la voix).",positive,chuong_trinh_hoc
17917,"Cela étant dit, le cours  était très bien organisé, contenait de bons exemples et d'excellentes conférences  (même si l'audio pourrait être clarifié un peu en utilisant un microphone, un préampli, une interface et un logiciel de production audio haut de gamme comme Reaper pour clarifier la voix).",positive,ky_nang_giang_day
17918,Le professeur Yaakov Chaikin est un mentor talentueux.,positive,ky_nang_giang_day
17920,"Le cours est très bien, mais j'aimerais faire trois suggestions : 1) Vous n'avez pas de retour sur ce que vous avez fait de mal dans les exercices.",positive,de_xuat
17921,Je le recommande vivement à tous ceux qui souhaitent comprendre les nuances du pouvoir et de l'influence et les utiliser pour faire avancer leurs bonnes idées et éviter d'être influencés par de mauvaises.,positive,de_xuat
17922,Harris enseigne des choses complexes de manière simple.,positive,ky_nang_giang_day
17923,Vous avez fait un excellent travail !,positive,noi_chung
17924,Ce cours  m'a beaucoup aidé à devenir un leader visionnaire.,positive,noi_chung
17925,"De plus, il possède d’excellentes compétences en matière de présentation, ce qui rend ses cours agréables et faciles à suivre.",positive,ky_nang_giang_day
17925,"De plus, il possède d’excellentes compétences en matière de présentation, ce qui rend ses cours agréables et faciles à suivre.",positive,ky_nang_giang_day
17926,"Dr. Maya Adam a fait un très bon travail avec les vidéos de cours, le contenu du cours, etc.",positive,ky_nang_giang_day
17927,Quelques problèmes avec le devoir de programmation.,negative,bai_tap
17928,La méthode étape par étape pour expliquer ce domaine complexe en termes simples est vraiment utile.,positive,ky_nang_giang_day
17929,Exceptionnel présentation .,positive,ky_nang_giang_day
17930,C'est un excellent cours cours pour que quiconque comprenne ce qu'est l'apprentissage automatique.,positive,noi_chung
17931,Un peu déçu.,negative,noi_chung
17932,"Mais c'est un cours exceptionnel cours, et c'est incroyable, si on y pense, d'avoir des heures d'accès gratuit à Gary Burton.",positive,noi_chung
17933,"Télécharger le code peut être une option, mais il est préférable pour nous de taper le code en suivant le cours, car le téléchargement me rend paresseux, taper le code par nous-mêmes est un bon moyen d'apprendre.",negative,noi_chung
17934,Un grand merci à M. Kim pour son enseignement hautement professionnel et ses bons moments.,positive,ky_nang_giang_day
17934,Un grand merci à M. Kim pour son enseignement hautement professionnel et ses bons moments.,positive,ky_nang_giang_day
17935,Parce que nous pouvons lire nous-mêmes et que beaucoup de contenu sont disponibles gratuitement.,positive,cung_cap_tai_lieu
17936,Le cours est vraiment bien.,positive,noi_chung
17937,"Combiné avec le cours HTML et CSS cours à CODECADEMY, j'ai la capacité d'écrire du code HTML simple, de lire le code de quelqu'un d'autre et de trouver les ressources nécessaires pour démarrer avec ma propre page.",positive,noi_chung
17939,"J'ai vraiment apprécié ce cours  dans l'ensemble (et c'était assez facile pour moi parce que j'ai déjà une certaine expérience dans ce domaine), mais il y a eu quelques problèmes techniques, notamment concernant l'accès aux devoirs.",positive,noi_chung
17939,"J'ai vraiment apprécié ce cours  dans l'ensemble (et c'était assez facile pour moi parce que j'ai déjà une certaine expérience dans ce domaine), mais il y a eu quelques problèmes techniques, notamment concernant l'accès aux devoirs.",negative,bai_tap
17940,"Cette classe  a bien enseigné les bases de R, mais elle n'a rien fait pour enseigner les tests du code R (un élément clé de l'écriture de code !), les meilleures pratiques pour la modularisation et la factorisation, etc.",positive,ky_nang_giang_day
17941,J'ai examiné 7 documents (exigence de 3) et je suis jugé déficient.,negative,noi_chung
17942,"Avec la partie 1 du cours , je le recommanderai à tous les étudiants travaillant en nanotechnologie.",positive,de_xuat
17943,"J'ai beaucoup d'autres questions, mais jusqu'à ce que je voie la finale cours, je ne peux pas dire si elles seront traitées.",neutral,noi_chung
17944,"J'ai senti que le cours  était plus centré sur le Royaume-Uni, et qu'un peu plus de perspicacité en matière d'éducation, en se référant aux anciens éducateurs, devrait être un avantage supplémentaire !",positive,noi_chung
17944,"J'ai senti que le cours  était plus centré sur le Royaume-Uni, et qu'un peu plus de perspicacité en matière d'éducation, en se référant aux anciens éducateurs, devrait être un avantage supplémentaire !",positive,noi_chung
17945,"Les conférences expliquent les bases fondamentales de Swift, qui sont vraiment utiles, mais elles ne sont pas assez complètes.",negative,ky_nang_giang_day
17946,Merci pour cette conférence – c’est une expérience qui a vraiment changé ma vie !,positive,chuong_trinh_hoc
17947,"Je pense que pour la plupart, les professeurs ont fait un excellent travail en expliquant les matières du cours.",positive,ky_nang_giang_day
17948,C'était une bonne expérience.,positive,noi_chung
17949,Je pense que j'ai passé environ 20 heures par semaine à essayer d'assimiler le matériel.,positive,cung_cap_tai_lieu
17950,"J'adore Dr. Oakley les conférences, son utilisation de métaphores et de zombies rend le cours vraiment amusant.",positive,ky_nang_giang_day
17950,"J'adore Dr. Oakley les conférences, son utilisation de métaphores et de zombies rend le cours vraiment amusant.",positive,ky_nang_giang_day
17951,Merci Dr . Biccheiri de m'avoir accompagné tout au long de ce cours.,positive,ky_nang_giang_day
17952,"À la fin, j'avais l'impression d'avoir vraiment une solide maîtrise de la programmation de bas niveau et des concepts de base de la programmation.",positive,chuong_trinh_hoc
17953,Je suis très attaché à cela Cours et je trouverais extrêmement difficile de ne pas avoir de réaction affective à ce sujet.,positive,noi_chung
17954,La notation fonctionnelle et les séries seraient particulièrement utiles.,positive,chuong_trinh_hoc
17955,Je suis éternellement reconnaissant.,positive,noi_chung
17956,"La solution des problèmes s'avère généralement assez simple, mais n'est pas applicable à un grand ensemble de problèmes, mais uniquement à l'ensemble de données particulier qui est donné (et les caractéristiques de cet ensemble de données ne sont pas données ; je finis donc par penser à toutes les possibilités qui pourraient se produire pour cet ensemble de données, ce qui rend le problème plus difficile).",neutral,bai_tap
17957,"J'ai terminé ce cours  en peu de temps, mais le cours  est génial et fournit des informations de base et les vidéos  aident beaucoup.",positive,noi_chung
17957,"J'ai terminé ce cours  en peu de temps, mais le cours  est génial et fournit des informations de base et les vidéos  aident beaucoup.",positive,cung_cap_tai_lieu
17958,Les informations qu'il vous donne en plus du cours lui-même sont vraiment utiles pour créer vos propres jeux ! et vous entraîner par vous-même.,positive,kinh_nghiem
17959,J'ai également eu l'impression que les sections sur la programmation dynamique semblaient un peu précipitées et que j'avais besoin de passer un peu de temps à faire des recherches à ce sujet sur des tiers avant de me sentir à l'aise pour terminer les exercices.,negative,cung_cap_tai_lieu
17960,Prof. Yaakov est incroyablement talentueux et garde les leçons dynamiques et il entre dans les détails sans rendre les choses fastidieuses.,positive,ky_nang_giang_day
17960,Prof. Yaakov est incroyablement talentueux et garde les leçons dynamiques et il entre dans les détails sans rendre les choses fastidieuses.,positive,ky_nang_giang_day
17960,Prof. Yaakov est incroyablement talentueux et garde les leçons dynamiques et il entre dans les détails sans rendre les choses fastidieuses.,positive,ky_nang_giang_day
17961,Ce cours est génial.,positive,noi_chung
17962,"Les diapositives comportent plusieurs erreurs et fautes de frappe, ce qui vous fait douter de l'ensemble du cours.",negative,ky_nang_giang_day
17963,"Le texte nécessaire qui aurait dû être enseigné a été donné avec soin, sans étouffer l'étudiant.",positive,cung_cap_tai_lieu
17964,Je recommanderais ce cours  aux développeurs existants sans formation en informatique.,positive,de_xuat
17965,Beaucoup d’opinions basées sur peu de preuves.,negative,chuong_trinh_hoc
17966,Cette série de cours vaut largement le temps et l'argent investis.,positive,chuong_trinh_hoc
17967,C'est vraiment fantastique.,positive,noi_chung
17968,C'est un cours recommandé  pour tous les enseignants.,positive,noi_chung
17969,Le cours matériel ne couvrait pas ce dont nous avions besoin pour les quiz hebdomadaires (en particulier au cours des semaines 3 et 4) et le examen final était extrêmement difficile.,negative,bai_tap
17969,Le cours matériel ne couvrait pas ce dont nous avions besoin pour les quiz hebdomadaires (en particulier au cours des semaines 3 et 4) et le examen final était extrêmement difficile.,negative,cung_cap_tai_lieu
17977,Profesor Fowler je super!,positive,ky_nang_giang_day
17980,"Hvala vam, Dr. Chuck .",positive,ky_nang_giang_day
17986,Bagus dan terperinci.,positive,chuong_trinh_hoc
18001,Ik vond de cursus leuk.,positive,noi_chung
18411,O professor basicamente leu tudo.,negative,ky_nang_giang_day
18446,O professor é excelente.,positive,ky_nang_giang_day
18548,Sou eternamente grato.,positive,noi_chung
18564,Skvelé profesor .,positive,ky_nang_giang_day
18570,Tack Andrew Ng !,positive,ky_nang_giang_day
18593,Maudhui mazuri!,positive,noi_chung
18597,Asante Andrew Ng !,positive,ky_nang_giang_day
18615,Takip etmesi kolay.,positive,chuong_trinh_hoc
19854,Le personnel était excellent - très sympathique et serviable.,positive,thiet_bi_day_hoc
19854,Le personnel était excellent - très sympathique et serviable.,positive,thiet_bi_day_hoc
19855,Le hall est suffisamment grand pour accueillir une centaine de personnes.,positive,thiet_bi_day_hoc
19856,"Bien qu'il ait une cote de 2 étoiles, c'est parce qu'il n'a pas d'ascenseurs, un grand hall d'entrée chic ou un fer à repasser pour les clients, mais tout le reste était 4 étoiles !",negative,thiet_bi_day_hoc
19857,"Tout est super : le piscine , le plage , le nourriture , le cocktails mais il y a juste un problème avec le chambre avec une odeur affreuse et certainement pas 5 étoiles mais 3 .",positive,thiet_bi_day_hoc
19857,"Tout est super : le piscine , le plage , le nourriture , le cocktails mais il y a juste un problème avec le chambre avec une odeur affreuse et certainement pas 5 étoiles mais 3 .",positive,thiet_bi_day_hoc
19858,Je suis allée au Millennium Hotel avec mon mari et je suis complètement tombée amoureuse de l'espace spa/piscine !,positive,thiet_bi_day_hoc
19859,Le seul problème est que le wifi gratuit est un peu lent.,negative,thiet_bi_day_hoc
19860,Le bar est accueillant et le restaurant exceptionnel.,positive,thiet_bi_day_hoc
19860,Le bar est accueillant et le restaurant exceptionnel.,positive,thiet_bi_day_hoc
19861,"Agréable réception, à proximité des cafés et des trattorias, à quelques pas du train -",positive,thiet_bi_day_hoc
19862,"Les seuls points négatifs que nous avons notés étaient le service de navette depuis LAX sur demande, ce que nous ne savions pas et nous avons perdu du temps à attendre sur le trottoir avant d'appeler, et si vous louez une voiture ou conduisez, sachez que le parking de l'hôtel coûte 15,00 $ par nuit.",negative,thiet_bi_day_hoc
19864,"Le restaurant est très bon - prix raisonnables, menu énorme, très populaire.",positive,thiet_bi_day_hoc
19864,"Le restaurant est très bon - prix raisonnables, menu énorme, très populaire.",positive,thiet_bi_day_hoc
19865,Langham Place est ma nouvelle entreprise hôtel à partir de maintenant à Hong Kong. Je n'ai pas eu le temps d'explorer les environs mais je peux en conclure que hôtel et ses installations sont les meilleurs.,positive,thiet_bi_day_hoc
19866,Le restaurant sur le toit est excellent et vaut vraiment le détour.,positive,thiet_bi_day_hoc
19867,"La piscine et jacuzzi étaient incroyables, même si nous n'avions pratiquement pas le temps de nous détendre, tellement nous étions occupés à visiter Los Angeles.",positive,thiet_bi_day_hoc
19867,"La piscine et jacuzzi étaient incroyables, même si nous n'avions pratiquement pas le temps de nous détendre, tellement nous étions occupés à visiter Los Angeles.",positive,thiet_bi_day_hoc
19868,"Le petit-déjeuner était de premier ordre, tout comme le charmant bar sur le toit.",positive,thiet_bi_day_hoc
19869,L'accès Internet gratuit dans le hall et un Starbucks en ont fait le point de départ idéal pour explorer Boston pendant quelques jours.,positive,thiet_bi_day_hoc
19870,La seule chose que l'(hôtel) pourrait améliorer était les sièges dans le hall principal - il y a quelques chaises et un canapé et beaucoup d'espace vide.,neutral,thiet_bi_day_hoc
19871,"Je ne retournerais pas au Clift ; le Redwood Bar est amusant et le personnel de conciergerie / porte d'entrée est bon, mais c'est à peu près tout.",positive,thiet_bi_day_hoc
19872,"Nous avons surtout été impressionnés par le bar sur le toit, qui sert du thé et du café gratuits et qui est un endroit fantastique pour regarder le soleil se coucher.",positive,thiet_bi_day_hoc
19872,"Nous avons surtout été impressionnés par le bar sur le toit, qui sert du thé et du café gratuits et qui est un endroit fantastique pour regarder le soleil se coucher.",positive,thiet_bi_day_hoc
19872,"Nous avons surtout été impressionnés par le bar sur le toit, qui sert du thé et du café gratuits et qui est un endroit fantastique pour regarder le soleil se coucher.",positive,thiet_bi_day_hoc
19873,"Il n'y a rien d'extraordinaire dans cet hôtel, la salle de sport est pittoresque, les chambres sont petites, la salle de bain est en fait vraiment grande, elle faisait environ la moitié de la taille de la chambre...",negative,thiet_bi_day_hoc
19874,Le service est bon - suffisant et les escaliers (il n'y a pas d'ascenseur) peuvent être effrayants si vous avez de grosses valises.,negative,thiet_bi_day_hoc
19875,"Essayer d'obtenir une boisson à l'hôtel bar était un défi, mais si vous n'êtes pas pressé, vous en obtiendrez une.",positive,thiet_bi_day_hoc
19875,"Essayer d'obtenir une boisson à l'hôtel bar était un défi, mais si vous n'êtes pas pressé, vous en obtiendrez une.",neutral,thiet_bi_day_hoc
19876,"De plus, le fait d'avoir accès gratuitement poste informatique Internet était agréable.",positive,thiet_bi_day_hoc
19876,"De plus, le fait d'avoir accès gratuitement poste informatique Internet était agréable.",positive,thiet_bi_day_hoc
19877,Un choix énorme au niveau du vaste petit déjeuner buffet et la meilleure piscine / sauna / club de santé que nous ayons jamais utilisé.,positive,thiet_bi_day_hoc
19878,Ils avaient une grande quantité de tous les journaux disponibles gratuitement dans le hall.,positive,thiet_bi_day_hoc
19879,"La chambre était très propre, belle salle de bain chambre, hébergement très moderne.",positive,thiet_bi_day_hoc
19880,"Une fois que la climatisation fonctionne, vous n'entendez plus le bruit, et quand vous n'avez besoin que de cinq minutes pour vous rendre à un endroit, vous oubliez la grossièreté du personnel de la réception.",positive,thiet_bi_day_hoc
19881,"A noter qu'il n'y avait pas d'exercice installations et que le restaurant sur place était cher ; cependant, des options de restauration étaient facilement disponibles dans un certain nombre de restaurants à 1 à 3 minutes à pied.",negative,thiet_bi_day_hoc
19881,"A noter qu'il n'y avait pas d'exercice installations et que le restaurant sur place était cher ; cependant, des options de restauration étaient facilement disponibles dans un certain nombre de restaurants à 1 à 3 minutes à pied.",negative,thiet_bi_day_hoc
19882,Préparez-vous à débourser 25 $ par jour pour le stationnement également.,negative,thiet_bi_day_hoc
19883,le stationnement est très cher et une taxe est ajoutée au prix de stationnement.,negative,thiet_bi_day_hoc
19884,"Vous voyez l'océan depuis chaque chambre, le majordome était super et même si le personnel n'était pas le plus efficace du monde, leurs efforts et leur gentillesse compensent.",positive,noi_chung
19885,"Excellent emplacement à distance de marche de la gare et du parking de l'hôtel (tarif journalier raisonnable DE 13,00 $ US).",positive,thiet_bi_day_hoc
19886,"Vraiment sympa hôtel, avec de superbes installations si besoin.",positive,thiet_bi_day_hoc
19887,du . le petit déjeuner était sympa et le bar à l'avant de l'hôtel était une ambiance agréable .,positive,thiet_bi_day_hoc
20548,"Great lecture! Thank you, Professor Strang!",positive,chuong_trinh_hoc
20548,"Great lecture! Thank you, Professor Strang!",positive,ky_nang_giang_day
20631,"22:36 : positive semidefinite, not positive definite",neutral,kien_thuc
20631,"22:36 : positive semidefinite, not positive definite",neutral,kien_thuc
20709,"Great lecture, Thanks prof. Strang.",positive,thiet_bi_day_hoc
20709,"Great lecture, Thanks prof. Strang.",positive,ky_nang_giang_day
20990,la letra de auroux es tan caliente,positive,thiet_bi_day_hoc
21337,"DR. Strang, en regardant vos tests réussis au MIT, ils me semblent très difficiles. Il y a beaucoup de rebondissements dans vos tests. J'espère que les étudiants du MIT apprennent algèbre linéaire qui leur restera à jamais. Ces étudiants sont censés être les plus brillants du monde.",negative,ky_nang_giang_day
21337,"DR. Strang, en regardant vos tests réussis au MIT, ils me semblent très difficiles. Il y a beaucoup de rebondissements dans vos tests. J'espère que les étudiants du MIT apprennent algèbre linéaire qui leur restera à jamais. Ces étudiants sont censés être les plus brillants du monde.",negative,noi_chung
21337,"DR. Strang, en regardant vos tests réussis au MIT, ils me semblent très difficiles. Il y a beaucoup de rebondissements dans vos tests. J'espère que les étudiants du MIT apprennent algèbre linéaire qui leur restera à jamais. Ces étudiants sont censés être les plus brillants du monde.",neutral,noi_chung
21337,"DR. Strang, en regardant vos tests réussis au MIT, ils me semblent très difficiles. Il y a beaucoup de rebondissements dans vos tests. J'espère que les étudiants du MIT apprennent algèbre linéaire qui leur restera à jamais. Ces étudiants sont censés être les plus brillants du monde.",neutral,kien_thuc
21338,"Ceci vidéo est ce qui me fait avancer dans la vie, que Dieu bénisse le calcul",positive,chuong_trinh_hoc
21339,je comprends ce qu'ils ont ressenti quand il a dit extension de Taylor.,neutral,kien_thuc
21340,Ce type est un super professeur.,positive,ky_nang_giang_day
21341,Le professeur Leonard est bien meilleur,positive,ky_nang_giang_day
21342,Attendez ! Comment chaîne ab peut-elle être acceptée puisque q3 n'accepte pas l'état/l'état final ? 14 :,neutral,kien_thuc
21343,Quelqu'un a-t-il une idée de la raison pour laquelle projection et moindres carrés aboutissent à la même solution ? Ma seule intuition est que notion de « longueur » est en quelque sorte « au carré »,neutral,kien_thuc
21343,Quelqu'un a-t-il une idée de la raison pour laquelle projection et moindres carrés aboutissent à la même solution ? Ma seule intuition est que notion de « longueur » est en quelque sorte « au carré »,neutral,kien_thuc
21343,Quelqu'un a-t-il une idée de la raison pour laquelle projection et moindres carrés aboutissent à la même solution ? Ma seule intuition est que notion de « longueur » est en quelque sorte « au carré »,neutral,kien_thuc
21343,Quelqu'un a-t-il une idée de la raison pour laquelle projection et moindres carrés aboutissent à la même solution ? Ma seule intuition est que notion de « longueur » est en quelque sorte « au carré »,neutral,kien_thuc
21344,"Un grand merci à professeur Jerison, Joel Lewis, Christine Breiner, professeur Miller et MIT pour cet excellent cours gratuit . Une bonne éducation n'a jamais été aussi accessible. En route pour le 18.02 !",positive,ky_nang_giang_day
21344,"Un grand merci à professeur Jerison, Joel Lewis, Christine Breiner, professeur Miller et MIT pour cet excellent cours gratuit . Une bonne éducation n'a jamais été aussi accessible. En route pour le 18.02 !",positive,ky_nang_giang_day
21344,"Un grand merci à professeur Jerison, Joel Lewis, Christine Breiner, professeur Miller et MIT pour cet excellent cours gratuit . Une bonne éducation n'a jamais été aussi accessible. En route pour le 18.02 !",positive,ky_nang_giang_day
21344,"Un grand merci à professeur Jerison, Joel Lewis, Christine Breiner, professeur Miller et MIT pour cet excellent cours gratuit . Une bonne éducation n'a jamais été aussi accessible. En route pour le 18.02 !",positive,ky_nang_giang_day
21344,"Un grand merci à professeur Jerison, Joel Lewis, Christine Breiner, professeur Miller et MIT pour cet excellent cours gratuit . Une bonne éducation n'a jamais été aussi accessible. En route pour le 18.02 !",positive,noi_chung
21344,"Un grand merci à professeur Jerison, Joel Lewis, Christine Breiner, professeur Miller et MIT pour cet excellent cours gratuit . Une bonne éducation n'a jamais été aussi accessible. En route pour le 18.02 !",positive,chuong_trinh_hoc
21345,"Si ceci a eu lieu à l’automne 2007, pourquoi a-t-il été téléchargé le 14 avril 2009 ?",neutral,chuong_trinh_hoc
21346,"@[USERNAME]hmmm, j'ai sauté la partie facile les parties vectorielles mdr. mais elle a l'air plutôt brune dorée, pas la couleur blonde typique de Paris Hilton. c'est peut-être l'éclairage qui la rend blonde.",positive,noi_chung
21346,"@[USERNAME]hmmm, j'ai sauté la partie facile les parties vectorielles mdr. mais elle a l'air plutôt brune dorée, pas la couleur blonde typique de Paris Hilton. c'est peut-être l'éclairage qui la rend blonde.",positive,ky_nang_giang_day
21347,J'adore les tableaux noirs ! Je suis contente qu'ils les utilisent encore.,positive,thiet_bi_day_hoc
21347,J'adore les tableaux noirs ! Je suis contente qu'ils les utilisent encore.,positive,ky_nang_giang_day
21348,"En y repensant, je tiens à remercier mon professeur de statistiques. Dieu nous préserve de ce type qui enseigne dans mon alma mater. Je mentionne simplement écart type sans aucune explication -- non.",negative,ky_nang_giang_day
21348,"En y repensant, je tiens à remercier mon professeur de statistiques. Dieu nous préserve de ce type qui enseigne dans mon alma mater. Je mentionne simplement écart type sans aucune explication -- non.",neutral,kien_thuc
21348,"En y repensant, je tiens à remercier mon professeur de statistiques. Dieu nous préserve de ce type qui enseigne dans mon alma mater. Je mentionne simplement écart type sans aucune explication -- non.",neutral,noi_chung
21349,35:00 pourquoi ça tue le basevector v2 ? est-ce parce qu'il le transforme ?,neutral,kien_thuc
21350,"Brillant, meilleur perspicacité que le original 18.06",negative,chuong_trinh_hoc
21350,"Brillant, meilleur perspicacité que le original 18.06",positive,chuong_trinh_hoc
21351,pourquoi ne pas utiliser un plus grand tableau noir ?,negative,thiet_bi_day_hoc
21352,"pour la cycloïde, la preuve  a été donnée en termes d'angle, plus tard, il a été dit qu'au rayon = 1 et à la vitesse = unité, l'angle peut être remplacé par le temps. Ainsi, le vecteur r de la cycloïde a été obtenu en termes de t. En utilisant également ce r en termes de t, la vitesse a été calculée comme sqrt(2-2cost). Ma question est : lorsque la relation en termes de t a été obtenue en utilisant la vitesse = unité, pourquoi est-elle obtenue sous la forme sqrt(2-2cost) ?",positive,kien_thuc
21352,"pour la cycloïde, la preuve  a été donnée en termes d'angle, plus tard, il a été dit qu'au rayon = 1 et à la vitesse = unité, l'angle peut être remplacé par le temps. Ainsi, le vecteur r de la cycloïde a été obtenu en termes de t. En utilisant également ce r en termes de t, la vitesse a été calculée comme sqrt(2-2cost). Ma question est : lorsque la relation en termes de t a été obtenue en utilisant la vitesse = unité, pourquoi est-elle obtenue sous la forme sqrt(2-2cost) ?",negative,kien_thuc
21353,"Je pensais que je regarderais pendant 5 minutes, mais j'ai fini par rester pendant tout le cours ...",neutral,chuong_trinh_hoc
21354,"Le manque absolu de rigueur et le côté gesticulant de la leçon  font de cette vidéo un segment de vulgarisation scientifique plutôt qu'une leçon de mathématiques . Un joli segment de vulgarisation scientifique, mais j'espère vraiment que les étudiants en physique et les ingénieurs du MIT seront orientés vers quelque chose d'un niveau plus élevé, de manière significative. Les étudiants en physique n'ont pas besoin d'une rigueur totale, mais une telle absence totale de rigueur ne développe pas la pensée mathématique.",negative,chuong_trinh_hoc
21355,Je viens de terminer le 18.02. Merci Prof. Denis Auroux et MIT OCW !,positive,ky_nang_giang_day
21355,Je viens de terminer le 18.02. Merci Prof. Denis Auroux et MIT OCW !,positive,noi_chung
21356,le hall a besoin de plus tableaux noirs,neutral,thiet_bi_day_hoc
21357,"Professeur Strang, c'est un cours très utile conférence qui commence par des sujets classiques en mathématiques. La programmation linéaire et les jeux à deux personnes sont de grands sujets en mathématiques appliquées.",positive,ky_nang_giang_day
21357,"Professeur Strang, c'est un cours très utile conférence qui commence par des sujets classiques en mathématiques. La programmation linéaire et les jeux à deux personnes sont de grands sujets en mathématiques appliquées.",positive,chuong_trinh_hoc
21358,"Après avoir regardé cette conférence, tout ce que je peux dire, c'est à quel point je suis vraiment étonné. Quelle vidéo géniale ! Sauf que je n'ai pas compris un mot qu'il disait (je suis actuellement en cours de mathématiques techniques au lycée). Je veux dire que la caméra était parfaite, son écriture était agréable et les étudiants étaient très polis. Superbe ! MIT, vous ne décevrez sûrement pas :D",positive,chuong_trinh_hoc
21358,"Après avoir regardé cette conférence, tout ce que je peux dire, c'est à quel point je suis vraiment étonné. Quelle vidéo géniale ! Sauf que je n'ai pas compris un mot qu'il disait (je suis actuellement en cours de mathématiques techniques au lycée). Je veux dire que la caméra était parfaite, son écriture était agréable et les étudiants étaient très polis. Superbe ! MIT, vous ne décevrez sûrement pas :D",neutral,noi_chung
21358,"Après avoir regardé cette conférence, tout ce que je peux dire, c'est à quel point je suis vraiment étonné. Quelle vidéo géniale ! Sauf que je n'ai pas compris un mot qu'il disait (je suis actuellement en cours de mathématiques techniques au lycée). Je veux dire que la caméra était parfaite, son écriture était agréable et les étudiants étaient très polis. Superbe ! MIT, vous ne décevrez sûrement pas :D",positive,thiet_bi_day_hoc
21358,"Après avoir regardé cette conférence, tout ce que je peux dire, c'est à quel point je suis vraiment étonné. Quelle vidéo géniale ! Sauf que je n'ai pas compris un mot qu'il disait (je suis actuellement en cours de mathématiques techniques au lycée). Je veux dire que la caméra était parfaite, son écriture était agréable et les étudiants étaient très polis. Superbe ! MIT, vous ne décevrez sûrement pas :D",positive,chuong_trinh_hoc
21358,"Après avoir regardé cette conférence, tout ce que je peux dire, c'est à quel point je suis vraiment étonné. Quelle vidéo géniale ! Sauf que je n'ai pas compris un mot qu'il disait (je suis actuellement en cours de mathématiques techniques au lycée). Je veux dire que la caméra était parfaite, son écriture était agréable et les étudiants étaient très polis. Superbe ! MIT, vous ne décevrez sûrement pas :D",positive,noi_chung
21358,"Après avoir regardé cette conférence, tout ce que je peux dire, c'est à quel point je suis vraiment étonné. Quelle vidéo géniale ! Sauf que je n'ai pas compris un mot qu'il disait (je suis actuellement en cours de mathématiques techniques au lycée). Je veux dire que la caméra était parfaite, son écriture était agréable et les étudiants étaient très polis. Superbe ! MIT, vous ne décevrez sûrement pas :D",positive,chuong_trinh_hoc
21359,introduction aux transformations linéaires et aux horreurs de algèbre linéaire haha,negative,kien_thuc
21360,incroyable vidéo pour tableau asmr,positive,chuong_trinh_hoc
21361,J'aime beaucoup le post-traitement de vidéo qui valorise tous ces écriture manuscrite.,positive,chuong_trinh_hoc
21361,J'aime beaucoup le post-traitement de vidéo qui valorise tous ces écriture manuscrite.,positive,thiet_bi_day_hoc
21361,J'aime beaucoup le post-traitement de vidéo qui valorise tous ces écriture manuscrite.,positive,thiet_bi_day_hoc
21362,"Lorsque le professeur Stang dit que A = uV^T, je suppose que u est la colonne pivot et V^T la ligne pivot. Ai-je raison ? Mais néanmoins, la conférence est fantastique comme d'habitude et c'est vraiment un cadeau. Merci beaucoup professeur Strang et au MIT.",positive,ky_nang_giang_day
21362,"Lorsque le professeur Stang dit que A = uV^T, je suppose que u est la colonne pivot et V^T la ligne pivot. Ai-je raison ? Mais néanmoins, la conférence est fantastique comme d'habitude et c'est vraiment un cadeau. Merci beaucoup professeur Strang et au MIT.",positive,chuong_trinh_hoc
21363,"Question 23:40 - donc vous avez H2 et pour construire H4 vous avez fait H2(H2)Pour obtenir H8 vous avez fait H2(H4) mais est-ce que H4(H2) = H8 aussi ? Parce que je pensais que si vous mettiez H4(H4) vous vous retrouveriez avec 16 termes et cela devrait être la même chose que de faire H4(H2(H2)) puisque, eh bien, H2(H2) = H4...",neutral,kien_thuc
21363,"Question 23:40 - donc vous avez H2 et pour construire H4 vous avez fait H2(H2)Pour obtenir H8 vous avez fait H2(H4) mais est-ce que H4(H2) = H8 aussi ? Parce que je pensais que si vous mettiez H4(H4) vous vous retrouveriez avec 16 termes et cela devrait être la même chose que de faire H4(H2(H2)) puisque, eh bien, H2(H2) = H4...",neutral,kien_thuc
21363,"Question 23:40 - donc vous avez H2 et pour construire H4 vous avez fait H2(H2)Pour obtenir H8 vous avez fait H2(H4) mais est-ce que H4(H2) = H8 aussi ? Parce que je pensais que si vous mettiez H4(H4) vous vous retrouveriez avec 16 termes et cela devrait être la même chose que de faire H4(H2(H2)) puisque, eh bien, H2(H2) = H4...",neutral,kien_thuc
21363,"Question 23:40 - donc vous avez H2 et pour construire H4 vous avez fait H2(H2)Pour obtenir H8 vous avez fait H2(H4) mais est-ce que H4(H2) = H8 aussi ? Parce que je pensais que si vous mettiez H4(H4) vous vous retrouveriez avec 16 termes et cela devrait être la même chose que de faire H4(H2(H2)) puisque, eh bien, H2(H2) = H4...",neutral,kien_thuc
21363,"Question 23:40 - donc vous avez H2 et pour construire H4 vous avez fait H2(H2)Pour obtenir H8 vous avez fait H2(H4) mais est-ce que H4(H2) = H8 aussi ? Parce que je pensais que si vous mettiez H4(H4) vous vous retrouveriez avec 16 termes et cela devrait être la même chose que de faire H4(H2(H2)) puisque, eh bien, H2(H2) = H4...",neutral,kien_thuc
21363,"Question 23:40 - donc vous avez H2 et pour construire H4 vous avez fait H2(H2)Pour obtenir H8 vous avez fait H2(H4) mais est-ce que H4(H2) = H8 aussi ? Parce que je pensais que si vous mettiez H4(H4) vous vous retrouveriez avec 16 termes et cela devrait être la même chose que de faire H4(H2(H2)) puisque, eh bien, H2(H2) = H4...",neutral,kien_thuc
21363,"Question 23:40 - donc vous avez H2 et pour construire H4 vous avez fait H2(H2)Pour obtenir H8 vous avez fait H2(H4) mais est-ce que H4(H2) = H8 aussi ? Parce que je pensais que si vous mettiez H4(H4) vous vous retrouveriez avec 16 termes et cela devrait être la même chose que de faire H4(H2(H2)) puisque, eh bien, H2(H2) = H4...",neutral,kien_thuc
21363,"Question 23:40 - donc vous avez H2 et pour construire H4 vous avez fait H2(H2)Pour obtenir H8 vous avez fait H2(H4) mais est-ce que H4(H2) = H8 aussi ? Parce que je pensais que si vous mettiez H4(H4) vous vous retrouveriez avec 16 termes et cela devrait être la même chose que de faire H4(H2(H2)) puisque, eh bien, H2(H2) = H4...",neutral,kien_thuc
21363,"Question 23:40 - donc vous avez H2 et pour construire H4 vous avez fait H2(H2)Pour obtenir H8 vous avez fait H2(H4) mais est-ce que H4(H2) = H8 aussi ? Parce que je pensais que si vous mettiez H4(H4) vous vous retrouveriez avec 16 termes et cela devrait être la même chose que de faire H4(H2(H2)) puisque, eh bien, H2(H2) = H4...",neutral,kien_thuc
21364,C'est un homme si gentil et un professeur de génie en même temps,positive,ky_nang_giang_day
21365,La façon dont il a révélé la fonction de vraisemblance sous sa forme habituelle à partir de cette série d'étapes est vraiment époustouflante. J'aurais aimé que mon professeur me montre comment cela passe de la télévision au KL puis à cela.,neutral,kien_thuc
21365,La façon dont il a révélé la fonction de vraisemblance sous sa forme habituelle à partir de cette série d'étapes est vraiment époustouflante. J'aurais aimé que mon professeur me montre comment cela passe de la télévision au KL puis à cela.,positive,ky_nang_giang_day
21366,"Jamais vu quelqu'un avec autant de logicalité, de compréhensibilité et de clarté dans l'enseignement algèbre linéaire, un vrai GÉNIE de notre temps !",positive,ky_nang_giang_day
21366,"Jamais vu quelqu'un avec autant de logicalité, de compréhensibilité et de clarté dans l'enseignement algèbre linéaire, un vrai GÉNIE de notre temps !",positive,chuong_trinh_hoc
21367,C'est un pur plaisir de regarder ces conférences. Un grand merci à Prof. Gilbert Strang et MIT OCW.,positive,chuong_trinh_hoc
21367,C'est un pur plaisir de regarder ces conférences. Un grand merci à Prof. Gilbert Strang et MIT OCW.,positive,ky_nang_giang_day
21367,C'est un pur plaisir de regarder ces conférences. Un grand merci à Prof. Gilbert Strang et MIT OCW.,positive,noi_chung
21368,C'est l'une des plus belles conférences sur l'élimination gaussienne.,positive,chuong_trinh_hoc
21369,J'aurais aimé qu'il ait abordé tests d'hypothèses des estimations de paramètres !,neutral,ky_nang_giang_day
21369,J'aurais aimé qu'il ait abordé tests d'hypothèses des estimations de paramètres !,neutral,kien_thuc
21370,3 jours avant de finir algèbre linéaire... J'ai enfin compris algèbre linéaire,neutral,kien_thuc
21371,Il est vraiment bon... merci d'avoir téléchargé ceci,positive,ky_nang_giang_day
21371,Il est vraiment bon... merci d'avoir téléchargé ceci,positive,thiet_bi_day_hoc
21372,"Merci beaucoup, vous êtes une bonne personne de nous donner cela barnch en mathématiques",positive,ky_nang_giang_day
21372,"Merci beaucoup, vous êtes une bonne personne de nous donner cela barnch en mathématiques",positive,kien_thuc
21373,Je peux sentir le professeur Jerison devenir de plus en plus agacé par ce gamin avec toutes ces questions.,neutral,ky_nang_giang_day
21374,"C'est tellement injuste qu'il dit à 10h40 qu'ils ont toutes les formules à l'examen !! WTF, on doit mémoriser TOUTES les stupides formules",neutral,kien_thuc
21375,"j'adore la série , on voit qu'il est passionné par ce qu'il enseigne, merci au professeur . Merci également au MIT d'avoir mis en ligne ce contenu",positive,chuong_trinh_hoc
21375,"j'adore la série , on voit qu'il est passionné par ce qu'il enseigne, merci au professeur . Merci également au MIT d'avoir mis en ligne ce contenu",positive,ky_nang_giang_day
21376,"C'est vrai ce que ""1966avc"" a dit, vous nous avez aidés et m'avez beaucoup aidé. Merci pour votre contribution à l'éducation",positive,ky_nang_giang_day
21377,Je pense qu'il n'a pas expliqué un point important : pourquoi les images ligne et colonne sont-elles équivalentes ? Comment les deux donnent-elles le vecteur b ?,neutral,kien_thuc
21377,Je pense qu'il n'a pas expliqué un point important : pourquoi les images ligne et colonne sont-elles équivalentes ? Comment les deux donnent-elles le vecteur b ?,neutral,kien_thuc
21377,Je pense qu'il n'a pas expliqué un point important : pourquoi les images ligne et colonne sont-elles équivalentes ? Comment les deux donnent-elles le vecteur b ?,neutral,kien_thuc
21378,Je m'attends à ce que le professeur Strang puisse expliquer la décomposition des rangs pour calcul du pseudo-inverse. Putain de limite de temps.,neutral,kien_thuc
21378,Je m'attends à ce que le professeur Strang puisse expliquer la décomposition des rangs pour calcul du pseudo-inverse. Putain de limite de temps.,neutral,kien_thuc
21379,"Cette conférence a certainement un effet positif sur ma compréhension de la matrice, et cette conférence joue un rôle central dans toute la série. Merci prof. Strang. Personne n'a expliqué ces conférence de manière aussi claire et cohérente -- un tout nouveau monde s'ouvre à moi. C'est un incontournable. Un véritable héritage humain.",positive,chuong_trinh_hoc
21379,"Cette conférence a certainement un effet positif sur ma compréhension de la matrice, et cette conférence joue un rôle central dans toute la série. Merci prof. Strang. Personne n'a expliqué ces conférence de manière aussi claire et cohérente -- un tout nouveau monde s'ouvre à moi. C'est un incontournable. Un véritable héritage humain.",positive,noi_chung
21379,"Cette conférence a certainement un effet positif sur ma compréhension de la matrice, et cette conférence joue un rôle central dans toute la série. Merci prof. Strang. Personne n'a expliqué ces conférence de manière aussi claire et cohérente -- un tout nouveau monde s'ouvre à moi. C'est un incontournable. Un véritable héritage humain.",positive,chuong_trinh_hoc
21379,"Cette conférence a certainement un effet positif sur ma compréhension de la matrice, et cette conférence joue un rôle central dans toute la série. Merci prof. Strang. Personne n'a expliqué ces conférence de manière aussi claire et cohérente -- un tout nouveau monde s'ouvre à moi. C'est un incontournable. Un véritable héritage humain.",positive,ky_nang_giang_day
21379,"Cette conférence a certainement un effet positif sur ma compréhension de la matrice, et cette conférence joue un rôle central dans toute la série. Merci prof. Strang. Personne n'a expliqué ces conférence de manière aussi claire et cohérente -- un tout nouveau monde s'ouvre à moi. C'est un incontournable. Un véritable héritage humain.",positive,kien_thuc
21380,"DR. Strang merci pour cette puissante conférence sur aperçu des difficultés avec Ax=b. Dans systèmes linéaires cette équation est présentée dans de nombreux livres techniques, avec peu ou pas de réflexion sur ses difficultés. En regardant cette conférence, les difficultés de cette équation sont expliquées en détail.",positive,ky_nang_giang_day
21380,"DR. Strang merci pour cette puissante conférence sur aperçu des difficultés avec Ax=b. Dans systèmes linéaires cette équation est présentée dans de nombreux livres techniques, avec peu ou pas de réflexion sur ses difficultés. En regardant cette conférence, les difficultés de cette équation sont expliquées en détail.",positive,chuong_trinh_hoc
21380,"DR. Strang merci pour cette puissante conférence sur aperçu des difficultés avec Ax=b. Dans systèmes linéaires cette équation est présentée dans de nombreux livres techniques, avec peu ou pas de réflexion sur ses difficultés. En regardant cette conférence, les difficultés de cette équation sont expliquées en détail.",positive,kien_thuc
21380,"DR. Strang merci pour cette puissante conférence sur aperçu des difficultés avec Ax=b. Dans systèmes linéaires cette équation est présentée dans de nombreux livres techniques, avec peu ou pas de réflexion sur ses difficultés. En regardant cette conférence, les difficultés de cette équation sont expliquées en détail.",positive,kien_thuc
21380,"DR. Strang merci pour cette puissante conférence sur aperçu des difficultés avec Ax=b. Dans systèmes linéaires cette équation est présentée dans de nombreux livres techniques, avec peu ou pas de réflexion sur ses difficultés. En regardant cette conférence, les difficultés de cette équation sont expliquées en détail.",positive,kien_thuc
21381,"Y=x^2 NON ! Les mètres ne sont pas égaux aux mètres carrés. Essayez Y=kx^2 où k est un facteur de conversion d'unité, c'est-à-dire 1/(1 mètre). En cm, le k serait 1/(100 cm). Assurez-vous que votre équation est dimensionnellement correcte AVANT de travailler avec elle. La constante k apparaît également dans la réponse, ce qui fait que le volume est en mètres cubes (ou cm cubes) comme il se doit. Cette conférence était un désastre et devrait être refaite !",negative,chuong_trinh_hoc
21382,"Eh bien, ils veulent être sûrs que tout le monde en connaisse les bases. Tout le monde ne va pas à l'école aux États-Unis ou en Grande-Bretagne. Par exemple, mon école en Croatie n'a même pas mentionné matrices, moyenne, médiane et mode qui sont les éléments de base du système scolaire américain.",neutral,kien_thuc
21382,"Eh bien, ils veulent être sûrs que tout le monde en connaisse les bases. Tout le monde ne va pas à l'école aux États-Unis ou en Grande-Bretagne. Par exemple, mon école en Croatie n'a même pas mentionné matrices, moyenne, médiane et mode qui sont les éléments de base du système scolaire américain.",neutral,kien_thuc
21382,"Eh bien, ils veulent être sûrs que tout le monde en connaisse les bases. Tout le monde ne va pas à l'école aux États-Unis ou en Grande-Bretagne. Par exemple, mon école en Croatie n'a même pas mentionné matrices, moyenne, médiane et mode qui sont les éléments de base du système scolaire américain.",neutral,kien_thuc
21382,"Eh bien, ils veulent être sûrs que tout le monde en connaisse les bases. Tout le monde ne va pas à l'école aux États-Unis ou en Grande-Bretagne. Par exemple, mon école en Croatie n'a même pas mentionné matrices, moyenne, médiane et mode qui sont les éléments de base du système scolaire américain.",neutral,kien_thuc
21382,"Eh bien, ils veulent être sûrs que tout le monde en connaisse les bases. Tout le monde ne va pas à l'école aux États-Unis ou en Grande-Bretagne. Par exemple, mon école en Croatie n'a même pas mentionné matrices, moyenne, médiane et mode qui sont les éléments de base du système scolaire américain.",neutral,kien_thuc
21383,"31:34 ... ""un problème avec cette visualisation"" ? ... bien sûr qu'il essaie de visualiser la continuité... hmmm... ça va prendre plus qu'une conférence...",neutral,ky_nang_giang_day
21384,"Je dois dire que j'ai été très déçu par cette série cours jusqu'à présent. Je connais déjà le calcul à variable unique. Cependant, je regarde cette série pour réviser pour certains cours futurs (des choses comme le calcul multivariable et l'analyse réelle). Cependant, voici certaines choses que j'ai remarquées. Si cet instructeur avait passé un peu plus de temps sur les concepts plus rigoureux des limites et du théorème de compression, il n'aurait pas eu à passer autant de temps à essayer de justifier les preuves des deux principales limites de ce cours. En plus de cela, ses étudiants seraient mieux préparés pour les mathématiques futures. Dans l'état actuel des choses, ces étudiants sont vraiment désemparés lorsqu'il s'agit de leur avenir. J'espère vraiment que les instructeurs en tireront des leçons. Passez plus de temps sur les choses dont vous avez besoin pour justifier rigoureusement votre affirmation : les fondements. Si les idées sont passées sous silence, tout le monde perd. Les étudiants ne comprennent pas pourquoi quelque chose est vrai, et ils sont donc convaincus que ce que fait le professeur est une sorte de sorcellerie qui n'a aucun sens. S'il vous plaît, si vous êtes un instructeur et que vous lisez ceci, travaillez sur les fondamentaux !",negative,chuong_trinh_hoc
21384,"Je dois dire que j'ai été très déçu par cette série cours jusqu'à présent. Je connais déjà le calcul à variable unique. Cependant, je regarde cette série pour réviser pour certains cours futurs (des choses comme le calcul multivariable et l'analyse réelle). Cependant, voici certaines choses que j'ai remarquées. Si cet instructeur avait passé un peu plus de temps sur les concepts plus rigoureux des limites et du théorème de compression, il n'aurait pas eu à passer autant de temps à essayer de justifier les preuves des deux principales limites de ce cours. En plus de cela, ses étudiants seraient mieux préparés pour les mathématiques futures. Dans l'état actuel des choses, ces étudiants sont vraiment désemparés lorsqu'il s'agit de leur avenir. J'espère vraiment que les instructeurs en tireront des leçons. Passez plus de temps sur les choses dont vous avez besoin pour justifier rigoureusement votre affirmation : les fondements. Si les idées sont passées sous silence, tout le monde perd. Les étudiants ne comprennent pas pourquoi quelque chose est vrai, et ils sont donc convaincus que ce que fait le professeur est une sorte de sorcellerie qui n'a aucun sens. S'il vous plaît, si vous êtes un instructeur et que vous lisez ceci, travaillez sur les fondamentaux !",negative,ky_nang_giang_day
21385,@[USERNAME]Son nom est Denis Auroux.,neutral,ky_nang_giang_day
21386,Je suppose que je vais devoir lire le livre,neutral,thiet_bi_day_hoc
21387,"À 49h30, quelqu'un peut-il m'expliquer comment dans la matrice -b et -k sont apparus, j'ai essayé dur mais je n'ai pas pu comprendre, ou est-ce qu'il me manque une sorte de prérequis ici ?",neutral,kien_thuc
21387,"À 49h30, quelqu'un peut-il m'expliquer comment dans la matrice -b et -k sont apparus, j'ai essayé dur mais je n'ai pas pu comprendre, ou est-ce qu'il me manque une sorte de prérequis ici ?",neutral,kien_thuc
21388,"Comment prouvez-vous la linéarité sur une seule ligne d'un déterminant, je veux dire comment dans matrice A + matrice B nous additionnons TOUTES les lignes mais dans det(A + det(B)) nous ne le faisons pas ?",neutral,kien_thuc
21388,"Comment prouvez-vous la linéarité sur une seule ligne d'un déterminant, je veux dire comment dans matrice A + matrice B nous additionnons TOUTES les lignes mais dans det(A + det(B)) nous ne le faisons pas ?",neutral,kien_thuc
21388,"Comment prouvez-vous la linéarité sur une seule ligne d'un déterminant, je veux dire comment dans matrice A + matrice B nous additionnons TOUTES les lignes mais dans det(A + det(B)) nous ne le faisons pas ?",neutral,kien_thuc
21388,"Comment prouvez-vous la linéarité sur une seule ligne d'un déterminant, je veux dire comment dans matrice A + matrice B nous additionnons TOUTES les lignes mais dans det(A + det(B)) nous ne le faisons pas ?",neutral,kien_thuc
21389,Quel type de craie est utilisé ? Et quel est le diamètre du bâton ?,neutral,thiet_bi_day_hoc
21389,Quel type de craie est utilisé ? Et quel est le diamètre du bâton ?,neutral,thiet_bi_day_hoc
21390,Ce cours conférence avait tellement de sens. Mon professeur actuel ne fait pas un bon travail pour le rendre intéressant. Super conférence !,positive,chuong_trinh_hoc
21390,Ce cours conférence avait tellement de sens. Mon professeur actuel ne fait pas un bon travail pour le rendre intéressant. Super conférence !,negative,ky_nang_giang_day
21391,Gilbert Strang Sir est le meilleur professeur de mathématiques au monde,positive,ky_nang_giang_day
21392,"Amour professeur Casey. Pouvons-nous obtenir cours d'algèbre linéaire, d'algèbre matricielle, d'analyse complexe également ?",positive,ky_nang_giang_day
21392,"Amour professeur Casey. Pouvons-nous obtenir cours d'algèbre linéaire, d'algèbre matricielle, d'analyse complexe également ?",neutral,chuong_trinh_hoc
21393,Gram-Schmidt La partie de la conférence commence à 26:07 pour ceux qui ne s'intéressent qu'à cela,neutral,kien_thuc
21394,"J'aime vraiment le Vidéo de vos intégrales de ligne dans l'espace, la boucle, l'exactitude et les potentiels",positive,chuong_trinh_hoc
21395,"Pour un étudiant comme moi, ayant une formation d'ingénieur, ces cours sont tout simplement des bénédictions.",positive,ky_nang_giang_day
21396,J'aime la façon dont il appelle vecteurs ou colonnes « ce type » et « ce type »,positive,ky_nang_giang_day
21396,J'aime la façon dont il appelle vecteurs ou colonnes « ce type » et « ce type »,positive,kien_thuc
21396,J'aime la façon dont il appelle vecteurs ou colonnes « ce type » et « ce type »,positive,kien_thuc
21397,"J'ai terminé ce cours. Une excellente ressource  pour quiconque cherche à mieux comprendre les probabilités et les statistiques. Le professeur Tsitsiklis est un excellent conférencier et je le remercie, ainsi que le MIT, d'avoir donné vie à une telle série.",positive,ky_nang_giang_day
21397,"J'ai terminé ce cours. Une excellente ressource  pour quiconque cherche à mieux comprendre les probabilités et les statistiques. Le professeur Tsitsiklis est un excellent conférencier et je le remercie, ainsi que le MIT, d'avoir donné vie à une telle série.",positive,chuong_trinh_hoc
21398,Quel brillant professeur. C'était vraiment très utile,positive,ky_nang_giang_day
21399,Quelqu'un peut-il expliquer pourquoi AV1 = sigma1 U1,neutral,kien_thuc
21400,quel est le meilleur livre ou ressource pour apprendre l'ensemble mathématiques derrière descente de gradient stochastique ?,neutral,noi_chung
21400,quel est le meilleur livre ou ressource pour apprendre l'ensemble mathématiques derrière descente de gradient stochastique ?,neutral,noi_chung
21400,quel est le meilleur livre ou ressource pour apprendre l'ensemble mathématiques derrière descente de gradient stochastique ?,neutral,kien_thuc
21400,quel est le meilleur livre ou ressource pour apprendre l'ensemble mathématiques derrière descente de gradient stochastique ?,neutral,kien_thuc
21401,"Ces vidéos sont utiles, mais vous ne voyez pas la leçon 16 ?",positive,chuong_trinh_hoc
21402,Incroyablement fascinant ! Probablement le meilleur cours que j'ai vu sur cette chaîne.,positive,chuong_trinh_hoc
21403,"à 1:12:36, l'instructeur a déclaré que l'attente était P. Que représente P ici ? Dans le cas du modèle statistique, P représente la famille de distributions......",neutral,kien_thuc
21404,Je suis très heureux de me demander pourquoi les gens continuent à être heureux à propos de la vidéo - Formes incriminées - Règle de L'Hôpital,positive,chuong_trinh_hoc
21405,"Dr. Strang est précieux, protégez-le à tout prix.",positive,ky_nang_giang_day
21406,"Je viens de terminer votre cours 18.01 cours et je commence maintenant Calcul multivariable. Il est tout aussi clair et bien enseigné que le précédent cours cours. Je pense que nous sommes entrés dans une nouvelle ère de l'enseignement supérieur où des institutions telles que MIT prennent l'initiative de mettre en ligne gratuitement des cours cours complets pour tous ceux qui souhaitent apprendre. J'ai hâte de voir d'autres cours cours avancés en mathématiques, en physique et dans toutes les autres disciplines mis en ligne à l'avenir. Du fond du cœur, merci MIT.",positive,chuong_trinh_hoc
21406,"Je viens de terminer votre cours 18.01 cours et je commence maintenant Calcul multivariable. Il est tout aussi clair et bien enseigné que le précédent cours cours. Je pense que nous sommes entrés dans une nouvelle ère de l'enseignement supérieur où des institutions telles que MIT prennent l'initiative de mettre en ligne gratuitement des cours cours complets pour tous ceux qui souhaitent apprendre. J'ai hâte de voir d'autres cours cours avancés en mathématiques, en physique et dans toutes les autres disciplines mis en ligne à l'avenir. Du fond du cœur, merci MIT.",neutral,chuong_trinh_hoc
21406,"Je viens de terminer votre cours 18.01 cours et je commence maintenant Calcul multivariable. Il est tout aussi clair et bien enseigné que le précédent cours cours. Je pense que nous sommes entrés dans une nouvelle ère de l'enseignement supérieur où des institutions telles que MIT prennent l'initiative de mettre en ligne gratuitement des cours cours complets pour tous ceux qui souhaitent apprendre. J'ai hâte de voir d'autres cours cours avancés en mathématiques, en physique et dans toutes les autres disciplines mis en ligne à l'avenir. Du fond du cœur, merci MIT.",positive,noi_chung
21407,ce tableau noir est si propre...,positive,thiet_bi_day_hoc
21408,C'était vraiment une bonne conférence . Elle était pleine d'idées. J'aime la façon dont tout s'articule.,positive,chuong_trinh_hoc
21409,J'aime vraiment les Video Positive Definite Matrices et Minima de votre,positive,kien_thuc
21409,J'aime vraiment les Video Positive Definite Matrices et Minima de votre,positive,kien_thuc
21410,"Qui aurait pu deviner, quand ce type l'explique, cela semble presque facile ! Vous, cher Dr. Strang, êtes un maître dans ce que vous faites...",positive,noi_chung
21410,"Qui aurait pu deviner, quand ce type l'explique, cela semble presque facile ! Vous, cher Dr. Strang, êtes un maître dans ce que vous faites...",positive,ky_nang_giang_day
21411,"Sérieusement MIT, craie et tableau noir ?......C'EST MIT !!! ils auraient déjà dû avoir un logiciel de reconnaissance vocale informatique qui puisse enregistrer au laser la commande du professeur sur un écran...",negative,thiet_bi_day_hoc
21411,"Sérieusement MIT, craie et tableau noir ?......C'EST MIT !!! ils auraient déjà dû avoir un logiciel de reconnaissance vocale informatique qui puisse enregistrer au laser la commande du professeur sur un écran...",negative,thiet_bi_day_hoc
21411,"Sérieusement MIT, craie et tableau noir ?......C'EST MIT !!! ils auraient déjà dû avoir un logiciel de reconnaissance vocale informatique qui puisse enregistrer au laser la commande du professeur sur un écran...",negative,thiet_bi_day_hoc
21412,"Vers 33h00, pour le côté droit de « B », comment avons-nous obtenu A'b/A'A * A ? Dans la leçon précédente, nous avons obtenu 'p' comme aa'/a'a * b. Comment le aa' *b dans le numérateur est-il devenu A'b * A ?",neutral,kien_thuc
21412,"Vers 33h00, pour le côté droit de « B », comment avons-nous obtenu A'b/A'A * A ? Dans la leçon précédente, nous avons obtenu 'p' comme aa'/a'a * b. Comment le aa' *b dans le numérateur est-il devenu A'b * A ?",neutral,kien_thuc
21412,"Vers 33h00, pour le côté droit de « B », comment avons-nous obtenu A'b/A'A * A ? Dans la leçon précédente, nous avons obtenu 'p' comme aa'/a'a * b. Comment le aa' *b dans le numérateur est-il devenu A'b * A ?",neutral,kien_thuc
21412,"Vers 33h00, pour le côté droit de « B », comment avons-nous obtenu A'b/A'A * A ? Dans la leçon précédente, nous avons obtenu 'p' comme aa'/a'a * b. Comment le aa' *b dans le numérateur est-il devenu A'b * A ?",neutral,kien_thuc
21412,"Vers 33h00, pour le côté droit de « B », comment avons-nous obtenu A'b/A'A * A ? Dans la leçon précédente, nous avons obtenu 'p' comme aa'/a'a * b. Comment le aa' *b dans le numérateur est-il devenu A'b * A ?",neutral,kien_thuc
21412,"Vers 33h00, pour le côté droit de « B », comment avons-nous obtenu A'b/A'A * A ? Dans la leçon précédente, nous avons obtenu 'p' comme aa'/a'a * b. Comment le aa' *b dans le numérateur est-il devenu A'b * A ?",neutral,kien_thuc
21413,"Il s'agit simplement d'un cours d'introduction pour s'assurer que tout le monde dispose exactement des mêmes bases pour les cours plus difficiles par la suite. Gardez à l'esprit que ce cours est également connu sous le nom de Calcul I et que chaque université, de la plus petite à la plus grande, enseigne les mêmes bases que tout le monde.",neutral,noi_chung
21413,"Il s'agit simplement d'un cours d'introduction pour s'assurer que tout le monde dispose exactement des mêmes bases pour les cours plus difficiles par la suite. Gardez à l'esprit que ce cours est également connu sous le nom de Calcul I et que chaque université, de la plus petite à la plus grande, enseigne les mêmes bases que tout le monde.",neutral,chuong_trinh_hoc
21414,J'adore l'écriture du professeur manuscrite !,positive,thiet_bi_day_hoc
21415,"@ 24:30 pourquoi l'opération de ligne est-elle capable de préserver la ligne espace et non la colonne espace ? Comme le professeur Strang l'a mentionné, 111 ne peut plus être trouvé dans C(R) donc la colonne espace n'est pas préservée. Cependant, je ne vois aucune ligne dans A trouvée dans R également ? Pour poser ma question simplement, comment puis-je savoir si un certain espace est préservé après une certaine opération ?",neutral,kien_thuc
21416,J’aimerais que nous ayons des professeurs comme lui en Inde.,positive,ky_nang_giang_day
21417,"valeur propre lam=1,0 conduit à un terme exp(lam t = exp(t)) qui dépasse la limite. Ou est-ce que je n'ai pas compris le point. Dans la dernière leçon lam= 0 est devenu la valeur à l'état stationnaire.",neutral,kien_thuc
21417,"valeur propre lam=1,0 conduit à un terme exp(lam t = exp(t)) qui dépasse la limite. Ou est-ce que je n'ai pas compris le point. Dans la dernière leçon lam= 0 est devenu la valeur à l'état stationnaire.",neutral,kien_thuc
21417,"valeur propre lam=1,0 conduit à un terme exp(lam t = exp(t)) qui dépasse la limite. Ou est-ce que je n'ai pas compris le point. Dans la dernière leçon lam= 0 est devenu la valeur à l'état stationnaire.",neutral,kien_thuc
21418,"Comment sa preuve 1 pour le produit scalaire n'est-elle pas une logique circulaire ? Si vous croyez à la loi des cosinus... alors c'est une preuve 1 pour le produit scalaire. Si vous croyez au produit scalaire, alors c'est une preuve 1 pour la loi du cosinus. WTF ?",negative,kien_thuc
21419,"Après avoir utilisé pendant tant d'années algèbre linéaire, j'ai enfin compris aujourd'hui la signification de multiplication de matrices. La matrice*vecteur est la combinaison linéaire des colonnes de la matrice, et le vecteur*matrice est la combinaison linéaire des lignes de la matrice. De ce point de vue, la signification de la matrice de permutation devient si évidente. Merci Prof. Strang.",positive,ky_nang_giang_day
21419,"Après avoir utilisé pendant tant d'années algèbre linéaire, j'ai enfin compris aujourd'hui la signification de multiplication de matrices. La matrice*vecteur est la combinaison linéaire des colonnes de la matrice, et le vecteur*matrice est la combinaison linéaire des lignes de la matrice. De ce point de vue, la signification de la matrice de permutation devient si évidente. Merci Prof. Strang.",positive,kien_thuc
21419,"Après avoir utilisé pendant tant d'années algèbre linéaire, j'ai enfin compris aujourd'hui la signification de multiplication de matrices. La matrice*vecteur est la combinaison linéaire des colonnes de la matrice, et le vecteur*matrice est la combinaison linéaire des lignes de la matrice. De ce point de vue, la signification de la matrice de permutation devient si évidente. Merci Prof. Strang.",positive,kien_thuc
21420,"Waouh... et c'est ça l'éducation de haut niveau profil, du « premier monde » ??? ... mon dieu... j'ai appris ce truc deux ans avant de finir le lycée !!, c'est évidemment présumé être connu pour entrer à l'université ! eh bien... je suppose que je vais opter pour l'Université d'État Lomonov de Moscou... Je suppose que c'est pour ça que l'URSS a été la première à aller dans l'espace xD .. et c'est quoi cette exposition?!? au-delà de savoir si le gars utilise ou non PowerPoint... c'est comme lire un manuel de merde coloré  !!!",negative,noi_chung
21420,"Waouh... et c'est ça l'éducation de haut niveau profil, du « premier monde » ??? ... mon dieu... j'ai appris ce truc deux ans avant de finir le lycée !!, c'est évidemment présumé être connu pour entrer à l'université ! eh bien... je suppose que je vais opter pour l'Université d'État Lomonov de Moscou... Je suppose que c'est pour ça que l'URSS a été la première à aller dans l'espace xD .. et c'est quoi cette exposition?!? au-delà de savoir si le gars utilise ou non PowerPoint... c'est comme lire un manuel de merde coloré  !!!",negative,thiet_bi_day_hoc
21421,"J'ai beaucoup apprécié ces cours conférences, beaucoup plus faciles à comprendre que ceux de mes professeurs à l'université. Merci professeur Strang !",positive,chuong_trinh_hoc
21421,"J'ai beaucoup apprécié ces cours conférences, beaucoup plus faciles à comprendre que ceux de mes professeurs à l'université. Merci professeur Strang !",positive,ky_nang_giang_day
21422,Merci Monsieur. Je n'ai pas réussi à comprendre la grande différence entre les distributions postérieures et antérieures.,neutral,ky_nang_giang_day
21422,Merci Monsieur. Je n'ai pas réussi à comprendre la grande différence entre les distributions postérieures et antérieures.,negative,kien_thuc
21423,Certaines des questions posées étaient très naïves.,negative,kien_thuc
21424,c'est trop facile pour un étudiant,neutral,chuong_trinh_hoc
21425,J'ai trouvé plus intéressant et plus rapide de regarder ces conférences conférences à une vitesse 2x.,positive,chuong_trinh_hoc
21426,Ce gars est génial : ) merci NULL,positive,ky_nang_giang_day
21426,Ce gars est génial : ) merci NULL,positive,noi_chung
21427,"Je me suis juste trompé dans la partie impaire, impaire, paire, peu importe le reste, c'est merveilleux. Merci à Prof. Strang d'Inde.",positive,ky_nang_giang_day
21428,J'adore qu'il utilise des transparents.,positive,thiet_bi_day_hoc
21429,Excellent professeur. Les petites attentions comme le renforcement des concepts importants au fur et à mesure qu'il passe à de nouveaux concepts qui les utilisent sont très utiles.,positive,ky_nang_giang_day
21430,Je suis si heureuse de voir que le professeur Strang continue à enseigner avec brio. Je suis encore plus heureuse qu’il ait déjà mentionné Julia dans la première leçon. Merci au MIT de fournir un matériel aussi actualisé.,positive,ky_nang_giang_day
21431,Avons-nous prouvé det(AB = detA*detB) dans la conférence ?,neutral,kien_thuc
21431,Avons-nous prouvé det(AB = detA*detB) dans la conférence ?,neutral,chuong_trinh_hoc
21432,je me sens mieux de ne pas avoir maîtrisé les extensions de Taylor maintenant...,neutral,kien_thuc
21433,Le MIT utilise-t-il toujours tableaux noirs ?,neutral,thiet_bi_day_hoc
21434,comment v = [v1 v2 v3 v4]' dimension pourrait-il être égal à 3 ?? en 31:00,neutral,kien_thuc
21434,comment v = [v1 v2 v3 v4]' dimension pourrait-il être égal à 3 ?? en 31:00,neutral,kien_thuc
21435,Quelqu'un peut-il dire comment je dois télécharger vidéo ???,neutral,chuong_trinh_hoc
21436,l'écriture d'Auroux est tellement sexy,positive,thiet_bi_day_hoc
21437,"36:50 Ce n'est pas p et lp, c'est p(polynôme) et np(non polynôme). Je pense qu'il s'est mal exprimé à ce sujet.",negative,ky_nang_giang_day
21438,"Avers 21h00. Dans le cas général de R^n, vous ne pouvez pas former un déterminant de A et B à moins que n=2. Hmmm",neutral,kien_thuc
21438,"Avers 21h00. Dans le cas général de R^n, vous ne pouvez pas former un déterminant de A et B à moins que n=2. Hmmm",neutral,kien_thuc
21438,"Avers 21h00. Dans le cas général de R^n, vous ne pouvez pas former un déterminant de A et B à moins que n=2. Hmmm",neutral,kien_thuc
21438,"Avers 21h00. Dans le cas général de R^n, vous ne pouvez pas former un déterminant de A et B à moins que n=2. Hmmm",neutral,kien_thuc
21438,"Avers 21h00. Dans le cas général de R^n, vous ne pouvez pas former un déterminant de A et B à moins que n=2. Hmmm",neutral,kien_thuc
21439,@[USERNAME]J'ai tellement envie d'écrire sur ce tableau noir pour ensuite effacer avec cette incroyable « gomme » (ai-je raison d'appeler cela une « gomme » ? Mon anglais est assez médiocre). Je n'ai jamais vu ces choses AUSSI grandes. Je vais m'en procurer une pour mon propre enseignement.,positive,thiet_bi_day_hoc
21440,mdr ces applaudissements nourris l'ont un peu surpris,neutral,ky_nang_giang_day
21441,"Math - voilà comment on fait. Oh, et j'ai ri à 22:48 quand ils l'ont applaudi.",positive,kien_thuc
21442,"Super cours ! Merci, professeur Strang !",positive,chuong_trinh_hoc
21442,"Super cours ! Merci, professeur Strang !",positive,ky_nang_giang_day
21443,Merci M. Strang. Vous êtes un excellent prof. Merci MIT également,positive,ky_nang_giang_day
21443,Merci M. Strang. Vous êtes un excellent prof. Merci MIT également,positive,ky_nang_giang_day
21443,Merci M. Strang. Vous êtes un excellent prof. Merci MIT également,positive,noi_chung
21444,Il enseigne avec rigueur et pourtant parvient à donner l’impression que c’est facile !,positive,ky_nang_giang_day
21444,Il enseigne avec rigueur et pourtant parvient à donner l’impression que c’est facile !,positive,chuong_trinh_hoc
21445,Intuitif Les idées sont en fait utiles pour comprendre le concept. Comme il l'a expliqué simplement.,positive,ky_nang_giang_day
21445,Intuitif Les idées sont en fait utiles pour comprendre le concept. Comme il l'a expliqué simplement.,positive,noi_chung
21446,Je n'ai aucun doute sur ses connaissances mais il semble moins intéressé par l'enseignement.,negative,ky_nang_giang_day
21447,"En discutant 4e méthode de multiplication de matrice, il donne des indices subtils pour que vous compreniez que la multiplication de matrice concerne en fait le produit intérieur des vecteurs colonnes des 2 matrices (a^T×b). Quelle légende absolue.",positive,kien_thuc
21448,"sur la poche de sa chemise, on dirait un mec qui crie !!! Une fois que vous l'avez vu, vous ne pouvez plus le voir",neutral,ky_nang_giang_day
21449,Preuve de TRL néglige les bords à l’intérieur de clusters ?,neutral,kien_thuc
21449,Preuve de TRL néglige les bords à l’intérieur de clusters ?,neutral,kien_thuc
21450,"Merci à MIT pour cette explication. Je peux penser à une explication pour l'origine de cette phrase. Vous voyez, l'été se fait « piéger » en pensant qu'il va durer. Mais hélas ! L'hiver arrive inévitablement et les quelques jours de son règne chaud sont terminés. Et tout comme cette courte période estivale, les Indiens se sont également fait piéger par leurs conquérants. D'où le terme « été indien ». Et merci MIT pour ces merveilleuses vidéos. Continuez votre excellent travail !! Un excellent enseignement Profs d'une excellente manière !",positive,noi_chung
21450,"Merci à MIT pour cette explication. Je peux penser à une explication pour l'origine de cette phrase. Vous voyez, l'été se fait « piéger » en pensant qu'il va durer. Mais hélas ! L'hiver arrive inévitablement et les quelques jours de son règne chaud sont terminés. Et tout comme cette courte période estivale, les Indiens se sont également fait piéger par leurs conquérants. D'où le terme « été indien ». Et merci MIT pour ces merveilleuses vidéos. Continuez votre excellent travail !! Un excellent enseignement Profs d'une excellente manière !",positive,ky_nang_giang_day
21450,"Merci à MIT pour cette explication. Je peux penser à une explication pour l'origine de cette phrase. Vous voyez, l'été se fait « piéger » en pensant qu'il va durer. Mais hélas ! L'hiver arrive inévitablement et les quelques jours de son règne chaud sont terminés. Et tout comme cette courte période estivale, les Indiens se sont également fait piéger par leurs conquérants. D'où le terme « été indien ». Et merci MIT pour ces merveilleuses vidéos. Continuez votre excellent travail !! Un excellent enseignement Profs d'une excellente manière !",positive,chuong_trinh_hoc
21451,"Vraiment utile, tout cela conférence est comme une belle œuvre d'art.",positive,chuong_trinh_hoc
21452,J'ai commencé à aimer la physique après avoir vu votre conférence,positive,chuong_trinh_hoc
21453,16:16 Si delw est zéro parce que w est constant sur une courbe sur la même surface de niveau.. alors delw) . tout autre vecteur serait zéro qu'il soit tangent ou non.. parce que del w) est toujours zéro sur la surface de niveau.. n'est-ce pas ?,neutral,chuong_trinh_hoc
21453,16:16 Si delw est zéro parce que w est constant sur une courbe sur la même surface de niveau.. alors delw) . tout autre vecteur serait zéro qu'il soit tangent ou non.. parce que del w) est toujours zéro sur la surface de niveau.. n'est-ce pas ?,neutral,chuong_trinh_hoc
21453,16:16 Si delw est zéro parce que w est constant sur une courbe sur la même surface de niveau.. alors delw) . tout autre vecteur serait zéro qu'il soit tangent ou non.. parce que del w) est toujours zéro sur la surface de niveau.. n'est-ce pas ?,neutral,chuong_trinh_hoc
21454,Quelqu'un peut-il me dire à quoi servait de donner '0' et '1' à variables libres dans l'ordre ? Merci !,neutral,kien_thuc
21455,"J'espère que j'irai à l'UTK, merci professeur Strang",positive,ky_nang_giang_day
21456,Gilbert Strang et Dennis Auroux sont les meilleurs professeurs auprès desquels j'ai appris et je n'ai même jamais assisté physiquement à leur cours ! Merci beaucoup MIT pour avoir développé en moi le goût des mathématiques.,positive,ky_nang_giang_day
21456,Gilbert Strang et Dennis Auroux sont les meilleurs professeurs auprès desquels j'ai appris et je n'ai même jamais assisté physiquement à leur cours ! Merci beaucoup MIT pour avoir développé en moi le goût des mathématiques.,positive,ky_nang_giang_day
21456,Gilbert Strang et Dennis Auroux sont les meilleurs professeurs auprès desquels j'ai appris et je n'ai même jamais assisté physiquement à leur cours ! Merci beaucoup MIT pour avoir développé en moi le goût des mathématiques.,positive,noi_chung
21457,"Je pense que c'est la première fois que je suis un cours où le enseignant prend 5 minutes à chaque cours pour revoir et illustrer brièvement ce qui a été fait la dernière fois. Ce truc est assez facile comme je l'ai déjà vu dans 6.042 pour moi, mais cela ajoute un niveau de clarté qui est tout simplement incroyable ! Si un enseignant voit ce commentaire : ce que fait ce type est une SUPER idée, empruntez-le ! Nous pouvons toujours économiser 5 minutes dans un cours d'une heure.",positive,ky_nang_giang_day
21458,"je veux dire, pourquoi même donner les valeurs des variables libres et et ne pas simplement les laisser telles quelles et résoudre les équations, pour la transposition, vous obtiendriez simplement x1=-x3 x2=-x3 et x3 comme variable libre, je suppose que je rate l'essentiel avec l'identité et l'échange du -F mais je ne comprends pas vraiment pourquoi vous voulez faire ça à la place...",neutral,kien_thuc
21458,"je veux dire, pourquoi même donner les valeurs des variables libres et et ne pas simplement les laisser telles quelles et résoudre les équations, pour la transposition, vous obtiendriez simplement x1=-x3 x2=-x3 et x3 comme variable libre, je suppose que je rate l'essentiel avec l'identité et l'échange du -F mais je ne comprends pas vraiment pourquoi vous voulez faire ça à la place...",neutral,kien_thuc
21458,"je veux dire, pourquoi même donner les valeurs des variables libres et et ne pas simplement les laisser telles quelles et résoudre les équations, pour la transposition, vous obtiendriez simplement x1=-x3 x2=-x3 et x3 comme variable libre, je suppose que je rate l'essentiel avec l'identité et l'échange du -F mais je ne comprends pas vraiment pourquoi vous voulez faire ça à la place...",neutral,kien_thuc
21459,"Dans la preuve du théorème de la convergence monotone , il y a le cas où f(x=0) , qui est facile à discuter",neutral,kien_thuc
21459,"Dans la preuve du théorème de la convergence monotone , il y a le cas où f(x=0) , qui est facile à discuter",neutral,kien_thuc
21460,ceci conférence est très utile,positive,chuong_trinh_hoc
21461,"merci MIT, tous ces cours d'algèbre linéaire sont très utiles, et Prof. Gilbert Strang enseignent très bien, merci beaucoup !! :))",positive,ky_nang_giang_day
21462,"Quelqu'un pourrait-il m'aider avec ça ? Vers 15'30'', le professeur dit ""verticalement simplee"". Veut-il dire que les côtés du solide sont verticaux (tous égaux à la hauteur) ? Donc le graphique du haut est le même que le graphique du bas ? Merci beaucoup !",neutral,kien_thuc
21463,Je suis littéralement impressionné par ce que je peux comprendre grâce à Dr. Strang,positive,ky_nang_giang_day
21464,"prof. dit A, écrit B, veut dire C - alors que la bonne réponse est D.",neutral,ky_nang_giang_day
21465,"Il semble y avoir une erreur dans l'explication  expliquant pourquoi l'indépendance par paires n'implique pas l'indépendance... à [36:30], l'événement C devrait être que « nos lancers ont donné des résultats différents », plutôt que « nos lancers ont donné les mêmes résultats ». Après avoir vérifié le livre, mes soupçons sont confirmés. Voir l'exemple 1.22 à la page 39.",negative,kien_thuc
21466,Il est enthousiaste à l'idée de répondre à des questions. C'est génial.,positive,ky_nang_giang_day
21467,Le moment gênant où la connaissance gratuite est donnée et vous vous plaignez de la qualité de la vidéo,positive,chuong_trinh_hoc
21467,Le moment gênant où la connaissance gratuite est donnée et vous vous plaignez de la qualité de la vidéo,negative,noi_chung
21468,Je suis absolument amoureux de ça accent,positive,ky_nang_giang_day
21469,C'est la meilleure introduction aux chaînes de Markov de tous les temps !!!!!!,positive,chuong_trinh_hoc
21470,Le calcul AP n'est-il pas équivalent à ceci cours ?,neutral,chuong_trinh_hoc
21471,Merci à elotoff MIT OCW ; pour les informations intéressantes ; et au professeur,positive,noi_chung
21471,Merci à elotoff MIT OCW ; pour les informations intéressantes ; et au professeur,positive,ky_nang_giang_day
21472,"Après avoir suivi les cours du Prof. Strang, j'ai décidé de devenir professeur. Il est une véritable définition de la passion.",positive,ky_nang_giang_day
21473,"Bienvenue dans l'avenir de l'éducation, tous les peuples du monde apprendront grâce à Internet conférences comme YouTube. Les États-Unis vous couvrent pour tous vos besoins d'apprentissage",positive,chuong_trinh_hoc
21474,"Quand il a dit ""C'est fantastique d'avoir ces belles planches propres"", je pensais la même chose. mdr",positive,ky_nang_giang_day
21475,"Les gars, je vous en prie, aidez-moi avec ça conférence. C'est la 10e fois que je regarde ça. Je n'ai compris que les 4 premières étapes.",neutral,chuong_trinh_hoc
21476,Je n'ai pas vu de matrices depuis l'université. C'est la meilleure explication que j'ai jamais vue : claire ; méthodique ; complète ! J'ai hâte que ce soit lundi (Ooh ! Je n'en ai pas besoin : la voilà !),positive,chuong_trinh_hoc
21477,"C'est une très bonne série de vidéos, mais elle comporte une mise en garde. le professeur Sipster semble essayer d'expliquer en détail sans d'abord donner une réponse définitive....",positive,thiet_bi_day_hoc
21477,"C'est une très bonne série de vidéos, mais elle comporte une mise en garde. le professeur Sipster semble essayer d'expliquer en détail sans d'abord donner une réponse définitive....",neutral,ky_nang_giang_day
21478,je ne comprends pas pourquoi b devrait be dans la combination différente espace col. dans A. Quelqu'un pourrait-il m'aider ?,neutral,kien_thuc
21478,je ne comprends pas pourquoi b devrait be dans la combination différente espace col. dans A. Quelqu'un pourrait-il m'aider ?,neutral,kien_thuc
21479,Pourquoi n'ai-je pas vu cela vidéos à université ?,neutral,chuong_trinh_hoc
21479,Pourquoi n'ai-je pas vu cela vidéos à université ?,neutral,noi_chung
21480,TF ?! Pourquoi diable personne ne m'a expliqué origines vectorielles des déterminants avant ??? Putain d'enseignement par cœur des mathématiques. Tout calcul et aucune théorie ne font un mathématicien triste.,negative,kien_thuc
21481,super professeur. merci mit pour ça cours.,positive,ky_nang_giang_day
21481,super professeur. merci mit pour ça cours.,positive,chuong_trinh_hoc
21482,Un mathématicien avec un grand sens de l'humour. M. Strang !,positive,ky_nang_giang_day
21483,ouais c'est effectivement une bonne chose point. merci,positive,chuong_trinh_hoc
21484,L'accent de ce type est vraiment le meilleur.,positive,ky_nang_giang_day
21485,"J'adore la façon dont à 23:28, il donne aux étudiants ce sourire effronté juste avant de faire son tour d'effacement",positive,ky_nang_giang_day
21485,"J'adore la façon dont à 23:28, il donne aux étudiants ce sourire effronté juste avant de faire son tour d'effacement",positive,noi_chung
21486,"Merci, professeur et à tous les gars qui insistent de la Lec1 à la Lec34.",positive,ky_nang_giang_day
21487,"Pendant une seconde, je suis toujours surpris que personnes n'applaudissent pas à la fin de conférence...",positive,chuong_trinh_hoc
21487,"Pendant une seconde, je suis toujours surpris que personnes n'applaudissent pas à la fin de conférence...",negative,noi_chung
21488,"Saisissez les lettres are a and b, puis what est l'expression régulière ar. Aucun deux a ne se rejoignent (chaîne may be any length) can anyone plz help plz!!!!!!!",neutral,kien_thuc
21488,"Saisissez les lettres are a and b, puis what est l'expression régulière ar. Aucun deux a ne se rejoignent (chaîne may be any length) can anyone plz help plz!!!!!!!",neutral,kien_thuc
21489,Ce type devrait suivre un cours d'anglais.,negative,ky_nang_giang_day
21490,Un être humain si charmant.,positive,ky_nang_giang_day
21491,"Je suis d'accord, Sprang est génial, mais vous auriez pu reconnaître le nombre d'or 1/2(sqrt5 + 1) et chaque mathématicien connaît ce nombre. C'est comme être déconcerté si quelqu'un vous dit que pi est égal à 3,14159265...",positive,kien_thuc
21492,Je suis tellement excitée de voir à quel point cela est facile à prouver. Génial.,positive,kien_thuc
21493,"Ils font en sorte que tout cela semble si compliqué dans la façon dont ils l'enseignent, alors que c'est en fait quelque chose de simple.",negative,ky_nang_giang_day
21493,"Ils font en sorte que tout cela semble si compliqué dans la façon dont ils l'enseignent, alors que c'est en fait quelque chose de simple.",negative,chuong_trinh_hoc
21494,Dr. Stranglove ou « Comment j'ai appris à arrêter de m'inquiéter et à aimer l'algèbre linéaire numérique »,positive,ky_nang_giang_day
21495,"C’est juste une façon utile d’y penser, comme on peut le voir quand il parle d’inverses.",positive,ky_nang_giang_day
21496,"quelle est la moyenne « sinus des valeurs propres » ? Merci,",neutral,kien_thuc
21497,"Ok. Vous pouvez toucher le point tangent, vous trouvez la quatrième dimension .....:)",neutral,kien_thuc
21498,Trop de temps perdu à écrire sur un tableau. Il aurait pu tout écrire sur le tableau avant le cours et ensuite faire face à la classe et l'expliquer. Il aurait gagné beaucoup de temps.,negative,ky_nang_giang_day
21499,Il montre certainement qu’il y a une grande différence entre connaître un sujet et savoir comment l’enseigner aux autres.,negative,ky_nang_giang_day
21500,comment la dimension de M est 9 ??,neutral,kien_thuc
21501,Incroyable. Cet homme est un véritable génie. Merci au MIT.,positive,ky_nang_giang_day
21501,Incroyable. Cet homme est un véritable génie. Merci au MIT.,positive,noi_chung
21502,Une chose géniale que nous pouvons faire est de sauter certaines parties si vous les connaissez / ne vous en souciez pas. J'aimerais pouvoir faire ça dans la vraie vie avec de vrais professeurs (mdr),neutral,thiet_bi_day_hoc
21502,Une chose géniale que nous pouvons faire est de sauter certaines parties si vous les connaissez / ne vous en souciez pas. J'aimerais pouvoir faire ça dans la vraie vie avec de vrais professeurs (mdr),neutral,ky_nang_giang_day
21503,merci beaucoup pour la série de vidéos. j'espère que le MIT continuera à aider les gens à comprendre les connaissances mathématiques.,positive,chuong_trinh_hoc
21504,Pourquoi les gens ont-ils applaudi quand il a effacé les tableaux noirs du haut ?,neutral,ky_nang_giang_day
21505,Le professeur est un génie. Regardez son CV.,positive,ky_nang_giang_day
21506,"okkkkk, les caméras tournent, c'est la conférence 14. Quelle introduction !",negative,thiet_bi_day_hoc
21507,pourquoi YouTube a recommandé cela ? Mathématiques ça me fait peur,negative,kien_thuc
21508,J'espère avoir vu cette conférence  bien plus tôt ! C'est tout simplement incroyable et amusant ! :),positive,chuong_trinh_hoc
21509,"Merci beaucoup John Tsitsiklis, vous êtes un excellent professeur",positive,ky_nang_giang_day
21510,Je regardais ces cours pour le plaisir. Les siens cours d'algèbre linéaire étaient incroyables.,positive,chuong_trinh_hoc
21511,"C'est la vérité, Le calcul est très difficile pour certaines personnes, mais cela ne signifie pas que vous devez le trouver difficile.",negative,kien_thuc
21512,Cela semblait tellement difficile en classe aujourd'hui... maintenant je comprends pourquoi ils sont si bons au MIT. Un si bon professeur ... Faites en sorte que cela paraisse facile.,neutral,chuong_trinh_hoc
21512,Cela semblait tellement difficile en classe aujourd'hui... maintenant je comprends pourquoi ils sont si bons au MIT. Un si bon professeur ... Faites en sorte que cela paraisse facile.,positive,ky_nang_giang_day
21513,"Ce genre de conférence n'est possible que si vous êtes passionné par votre travail ! Un grand merci, Sir Strang !",positive,chuong_trinh_hoc
21513,"Ce genre de conférence n'est possible que si vous êtes passionné par votre travail ! Un grand merci, Sir Strang !",positive,ky_nang_giang_day
21514,"à 10h00, il dit ""les colonnes de C sont une combinaison de colonnes de A"". Je pense qu'il s'agit peut-être d'une erreur. Cela devrait être comme ""les colonnes de C sont une combinaison de lignes de A"". Si ce n'est pas le cas, veuillez clarifier mon doute.",positive,ky_nang_giang_day
21515,On peut dire que SVD est le sujet préféré de Professeur Strang. C'est le seul conférence dans 9 : 4 HD et canaux audio mis à niveau.,neutral,kien_thuc
21515,On peut dire que SVD est le sujet préféré de Professeur Strang. C'est le seul conférence dans 9 : 4 HD et canaux audio mis à niveau.,neutral,ky_nang_giang_day
21515,On peut dire que SVD est le sujet préféré de Professeur Strang. C'est le seul conférence dans 9 : 4 HD et canaux audio mis à niveau.,positive,thiet_bi_day_hoc
21515,On peut dire que SVD est le sujet préféré de Professeur Strang. C'est le seul conférence dans 9 : 4 HD et canaux audio mis à niveau.,positive,thiet_bi_day_hoc
21515,On peut dire que SVD est le sujet préféré de Professeur Strang. C'est le seul conférence dans 9 : 4 HD et canaux audio mis à niveau.,positive,chuong_trinh_hoc
21516,"Il s'agit d'un chef-d'œuvre de DR. Gilbert Strang de MIT. En ingénierie de contrôle, qui fait partie de l'ingénierie électrique algèbre linéaire est un incontournable. Tous les étudiants de ce domaine d'études, diplômés et de premier cycle, doivent connaître algèbre linéaire.",positive,ky_nang_giang_day
21516,"Il s'agit d'un chef-d'œuvre de DR. Gilbert Strang de MIT. En ingénierie de contrôle, qui fait partie de l'ingénierie électrique algèbre linéaire est un incontournable. Tous les étudiants de ce domaine d'études, diplômés et de premier cycle, doivent connaître algèbre linéaire.",positive,noi_chung
21516,"Il s'agit d'un chef-d'œuvre de DR. Gilbert Strang de MIT. En ingénierie de contrôle, qui fait partie de l'ingénierie électrique algèbre linéaire est un incontournable. Tous les étudiants de ce domaine d'études, diplômés et de premier cycle, doivent connaître algèbre linéaire.",neutral,kien_thuc
21517,"En un mot, il se soucie de ses élèves !",positive,ky_nang_giang_day
21518,Je viens de terminer une évaluation très importante sur Calcul multivariable...wow ! Je dédie ma belle note à Denis Auroux...je ne sais pas comment il fait...mais ses méthodes sont vraiment efficaces !,positive,ky_nang_giang_day
21518,Je viens de terminer une évaluation très importante sur Calcul multivariable...wow ! Je dédie ma belle note à Denis Auroux...je ne sais pas comment il fait...mais ses méthodes sont vraiment efficaces !,positive,kien_thuc
21519,La façon dont il tape sur le tableau avec la craie m'énerve.,negative,thiet_bi_day_hoc
21520,je suis d'accord ! c'est ce que je prévois d'utiliser dans mon enseignement,negative,kien_thuc
21521,"Merci beaucoup, Professeur Strang !",positive,ky_nang_giang_day
21522,youhou intégration par parties... comme c'est excitant... ça me rappelle le cours que j'ai eu il y a une semaine !,positive,kien_thuc
21523,Merci Dr Strang. J'ai vraiment apprécié les conférences,positive,ky_nang_giang_day
21523,Merci Dr Strang. J'ai vraiment apprécié les conférences,positive,chuong_trinh_hoc
21524,"C'est la première fois que je vois une explication expliquant pourquoi nous avons y_general = y_particulier + y_homogène, ce qui donne en quelque sorte un sens à tout.",positive,kien_thuc
21525,"22:36 : semi-défini positif, pas défini positif",neutral,kien_thuc
21525,"22:36 : semi-défini positif, pas défini positif",neutral,kien_thuc
21526,La qualité de ce contenu vidéo est médiocre,negative,chuong_trinh_hoc
21527,"Waouh, tous les concepts ont tellement plus de sens maintenant. Dr. Strang est vraiment un excellent professeur !",positive,noi_chung
21527,"Waouh, tous les concepts ont tellement plus de sens maintenant. Dr. Strang est vraiment un excellent professeur !",positive,ky_nang_giang_day
21528,"La classe est vide, mais la passion de Gilbert Strang est pleine...",positive,ky_nang_giang_day
21529,"environ 32 minutes, cela devrait être 99 carrés et non 100 carrés",neutral,kien_thuc
21530,Un discours très clair professeur. J'ai appris un nouveau mot. « Timide » simplement à partir du contexte dans lequel il a utilisé le mot. J'ai supposé que « Timide » voulait dire timide parce qu'il a demandé aux étudiants qui étaient timides de s'asseoir loin en arrière. Ce qui indique le mot « timide » comme dans l'expression « timide devant la caméra ».,positive,ky_nang_giang_day
21531,Celui-ci professeur est sympa mais j'ai préféré Haynes Miller,neutral,ky_nang_giang_day
21531,Celui-ci professeur est sympa mais j'ai préféré Haynes Miller,positive,ky_nang_giang_day
21532,25:49 je ne sais pas pourquoi une suite de Cauchy est également convergente.,neutral,kien_thuc
21533,"Excellent cours magistral professeur Tsitsiklis, très clair, assez soigné, tout comme ceux de vos assistants. Je suis MIT OpenCourseWare.",positive,chuong_trinh_hoc
21533,"Excellent cours magistral professeur Tsitsiklis, très clair, assez soigné, tout comme ceux de vos assistants. Je suis MIT OpenCourseWare.",positive,ky_nang_giang_day
21534,"Juste pour vérifier, donc vers 27h38 le phi(k - j) = z ? pas y ?",neutral,kien_thuc
21535,"Merci pour cela leçon, l'apprentissage en ligne sera l'avenir, nous avons tous des livres de théorie, de conseils dans l'intro, nous avons tout à étudier, cet apprentissage en ligne sera également utile car beaucoup de gens seront à la maison et cela => moins de trafic, donc moins de chaos dans la ville.",positive,chuong_trinh_hoc
21536,il a trouvé une manière très détournée de dire prendre la dérivée dx/dy.,neutral,ky_nang_giang_day
21537,La qualité à l'extrême !!! Respect professeur strang !!! Chapeau bas !!!,positive,ky_nang_giang_day
21538,"42:45 Si A et B ont les mêmes quatre sous-espaces, alors ils ont la même forme réduite échelonnée en lignes.",neutral,kien_thuc
21538,"42:45 Si A et B ont les mêmes quatre sous-espaces, alors ils ont la même forme réduite échelonnée en lignes.",neutral,kien_thuc
21538,"42:45 Si A et B ont les mêmes quatre sous-espaces, alors ils ont la même forme réduite échelonnée en lignes.",neutral,kien_thuc
21538,"42:45 Si A et B ont les mêmes quatre sous-espaces, alors ils ont la même forme réduite échelonnée en lignes.",neutral,kien_thuc
21539,Je ne sais vraiment pas ce que j'aurais fait sans ce cours (1). Ce fut un réel plaisir d'écouter le professeur Strang. Merci,positive,chuong_trinh_hoc
21539,Je ne sais vraiment pas ce que j'aurais fait sans ce cours (1). Ce fut un réel plaisir d'écouter le professeur Strang. Merci,positive,ky_nang_giang_day
21540,c'est tellement beau la façon dont il explique...,positive,ky_nang_giang_day
21540,c'est tellement beau la façon dont il explique...,positive,noi_chung
21541,"À 28:50, il dit que c'est un fait clé que nous avons déduit de Théorème de la valeur moyenne (MVT). Je ne vois pas comment c'est possible. Quelqu'un peut-il expliquer ?",neutral,kien_thuc
21542,"cette question est posée beaucoup trop souvent, peut-être serait-il plus simple pour mit de simplement renommer conférences (je veux dire qu'un examen en classe ne compte pas vraiment comme une conférence)",neutral,chuong_trinh_hoc
21542,"cette question est posée beaucoup trop souvent, peut-être serait-il plus simple pour mit de simplement renommer conférences (je veux dire qu'un examen en classe ne compte pas vraiment comme une conférence)",neutral,noi_chung
21543,Merde ! Il trace les lignes avec précision comme une règle...,positive,ky_nang_giang_day
21544,"Un simple merci ne suffirait pas !! mais quand même, merci beaucoup MIT !! et Prof. Strang, cela montre clairement à quel point il explique magnifiquement les concepts, il veut vraiment que les étudiants comprennent. Je respecte ça ! Merci beaucoup encore une fois :)",positive,ky_nang_giang_day
21545,Merci beaucoup d'avoir partagé ces excellents cours !!!!! :) J'ai beaucoup appris grâce à vos cours ouverts !!,positive,chuong_trinh_hoc
21545,Merci beaucoup d'avoir partagé ces excellents cours !!!!! :) J'ai beaucoup appris grâce à vos cours ouverts !!,positive,noi_chung
21546,"Malheureusement, je n'ai pas défini la notation verticale --- x ---",negative,kien_thuc
21547,"""On ne peut pas ressusciter les morts""... Tellement vrai, tellement vrai, prof. Strang :))) Même s'il y a des gens dans ce monde qui pensent qu'il est réellement possible de ressusciter les morts, LoL :)))",neutral,ky_nang_giang_day
21548,"J'ai terminé le cours. Merci beaucoup, professeur.",positive,ky_nang_giang_day
21549,"J'attends ceci depuis le jour de ma naissance ! J'atteindrai la bouddhéité une fois que OCW aura publié la série ""Analyse fonctionnelle"".",positive,noi_chung
21549,"J'attends ceci depuis le jour de ma naissance ! J'atteindrai la bouddhéité une fois que OCW aura publié la série ""Analyse fonctionnelle"".",positive,chuong_trinh_hoc
21549,"J'attends ceci depuis le jour de ma naissance ! J'atteindrai la bouddhéité une fois que OCW aura publié la série ""Analyse fonctionnelle"".",positive,chuong_trinh_hoc
21550,"J'ai obtenu mon diplôme en informatique et informatique il y a quelques années, et maintenant, lorsque je vois les cours Minformatique en ligne, je suis vraiment impressionné par leur qualité.",positive,chuong_trinh_hoc
21550,"J'ai obtenu mon diplôme en informatique et informatique il y a quelques années, et maintenant, lorsque je vois les cours Minformatique en ligne, je suis vraiment impressionné par leur qualité.",neutral,noi_chung
21550,"J'ai obtenu mon diplôme en informatique et informatique il y a quelques années, et maintenant, lorsque je vois les cours Minformatique en ligne, je suis vraiment impressionné par leur qualité.",neutral,noi_chung
21551,Un cours  vraiment génial ! J'ai étudié les équations différentielles élémentaires à l'université il y a 40 ans. Environ deux semaines de cours  pour présenter le même sujet. Algèbre linéaire clarifie très bien le processus. Les informations relayées ici traduisent l'effort cumulé de toute une vie d'études et de concentration... comme passe-temps... pourtant certains étudiants assimilent cela en quelques minutes... travaillent sur des problèmes pendant quelques semaines et le maîtrisent... Génial !!!!,positive,chuong_trinh_hoc
21551,Un cours  vraiment génial ! J'ai étudié les équations différentielles élémentaires à l'université il y a 40 ans. Environ deux semaines de cours  pour présenter le même sujet. Algèbre linéaire clarifie très bien le processus. Les informations relayées ici traduisent l'effort cumulé de toute une vie d'études et de concentration... comme passe-temps... pourtant certains étudiants assimilent cela en quelques minutes... travaillent sur des problèmes pendant quelques semaines et le maîtrisent... Génial !!!!,positive,kien_thuc
21552,Bien mieux que notre professeur,negative,ky_nang_giang_day
21553,Comment les informations de Fisher sont-elles utilisées dans apprentissage automatique moderne - en particulier dans la pratique ?,neutral,kien_thuc
21553,Comment les informations de Fisher sont-elles utilisées dans apprentissage automatique moderne - en particulier dans la pratique ?,neutral,kien_thuc
21554,J'aime beaucoup la résolution vidéo Ax = b : forme réduite de ligne R. De votre,positive,kien_thuc
21554,J'aime beaucoup la résolution vidéo Ax = b : forme réduite de ligne R. De votre,positive,thiet_bi_day_hoc
21555,"En ces temps de Covid, j'espère que cela permettra aux jeunes de comprendre pourquoi les personnes âgées sont si importantes. Longue vie Prof Strang.",positive,chuong_trinh_hoc
21555,"En ces temps de Covid, j'espère que cela permettra aux jeunes de comprendre pourquoi les personnes âgées sont si importantes. Longue vie Prof Strang.",positive,ky_nang_giang_day
21556,"je ne comprends toujours pas, mais je sens que je dois faire quelques exemples et j'y arriverai... super conférence quoi qu'il en soit",positive,chuong_trinh_hoc
21557,"Ce cours leçon est un tel fouillis. À @13:20, le prof. définit la base mystérieuse e de telle sorte que d/dx (e^x) = e^x. À @21:34, le prof. déclare que e est la base du logarithme. (e est le nombre d'Euler) Comment fait-il correspondre le e à @13:20 avec le e à @21:34 ? Il suppose qu'ils sont identiques simplement parce qu'il a utilisé la même lettre aux deux endroits. Il n'y a aucune explication quant à la raison pour laquelle la base du logarithme « e » est la même que la base mystérieuse « e » définie précédemment.",negative,chuong_trinh_hoc
21558,Merci beaucoup MIT pour ces conférences gratuites.,positive,noi_chung
21558,Merci beaucoup MIT pour ces conférences gratuites.,positive,chuong_trinh_hoc
21559,J’aimerais être assez intelligent pour comprendre de quoi parle ce type.,neutral,ky_nang_giang_day
21560,Cela devient de plus en plus intéressant lorsque des équations différentielles équations sont impliquées !,positive,kien_thuc
21561,Super vidéos. Explique bien mieux que mon prof.,positive,chuong_trinh_hoc
21561,Super vidéos. Explique bien mieux que mon prof.,positive,ky_nang_giang_day
21562,La vidéo sur ma recommandation .Et je ne peux pas arrêter de regarder .Une de mes universités de rêve quand j'étais au lycée.,positive,chuong_trinh_hoc
21563,"Si dans calc 1 ils introduisaient le terme argmin pour l'endroit où le minimum s'est produit, il y aurait moins de confusion car les étudiants confondent souvent argmin avec le min réel.",negative,kien_thuc
21563,"Si dans calc 1 ils introduisaient le terme argmin pour l'endroit où le minimum s'est produit, il y aurait moins de confusion car les étudiants confondent souvent argmin avec le min réel.",negative,ky_nang_giang_day
21563,"Si dans calc 1 ils introduisaient le terme argmin pour l'endroit où le minimum s'est produit, il y aurait moins de confusion car les étudiants confondent souvent argmin avec le min réel.",negative,ky_nang_giang_day
21563,"Si dans calc 1 ils introduisaient le terme argmin pour l'endroit où le minimum s'est produit, il y aurait moins de confusion car les étudiants confondent souvent argmin avec le min réel.",negative,kien_thuc
21563,"Si dans calc 1 ils introduisaient le terme argmin pour l'endroit où le minimum s'est produit, il y aurait moins de confusion car les étudiants confondent souvent argmin avec le min réel.",negative,kien_thuc
21564,"Super professeur, super cours même s'il semble qu'il n'y ait pas d'étudiants, super craie et aussi super geste à 20:14 ! xD",positive,chuong_trinh_hoc
21564,"Super professeur, super cours même s'il semble qu'il n'y ait pas d'étudiants, super craie et aussi super geste à 20:14 ! xD",positive,ky_nang_giang_day
21565,13:50 - c'est une sorte de preuve de rétro-ingénierie...,neutral,kien_thuc
21566,« Toujours prêt à répondre à des questions. » J'ai regardé chacune de ces conférences  et je ne pense pas que quiconque ait jamais posé une seule question. C'est assez étrange.,neutral,chuong_trinh_hoc
21567,"C'est tellement facile à différencier que j'ai obtenu e^(xarctan(x)[arctan(x)+(x/(1+x^2))]) en 1 minute environ et c'est vrai parce que je l'ai vérifié sur Wolfram Alpha et ils ne le font qu'à la fin de cette unité de niveau diplôme. Je pensais que les États-Unis étaient bons en éducation. Au fait, je suis en 12e année au Royaume-Uni.",neutral,kien_thuc
21568,Je n'arrive pas à croire que je suis ici. C'est la première fois que je ressens une passion pour l'apprentissage pendant mes années de collège. Je crois que les gens qui écoutent votre cours apprécieront profondément. Merci ! Vraiment ! Merci beaucoup !,positive,chuong_trinh_hoc
21568,Je n'arrive pas à croire que je suis ici. C'est la première fois que je ressens une passion pour l'apprentissage pendant mes années de collège. Je crois que les gens qui écoutent votre cours apprécieront profondément. Merci ! Vraiment ! Merci beaucoup !,positive,ky_nang_giang_day
21569,Tu es un sorcier ? Je le dis au Ministère de la Magie !,positive,ky_nang_giang_day
21570,donc le but ou l'objectif de ceci conférence était d'atteindre minimiser _x_ sous réserve de Ax = b mon évaluation est-elle exacte ?,neutral,chuong_trinh_hoc
21570,donc le but ou l'objectif de ceci conférence était d'atteindre minimiser _x_ sous réserve de Ax = b mon évaluation est-elle exacte ?,neutral,kien_thuc
21571,C'est triste que cet homme vieillisse...,negative,ky_nang_giang_day
21572,"Cela ressemble à une méthode de Monte Carlo, n'est-ce pas ?",neutral,kien_thuc
21573,Il est lent mais frappe fort jusqu'à la fin du cours.,positive,ky_nang_giang_day
21573,Il est lent mais frappe fort jusqu'à la fin du cours.,positive,chuong_trinh_hoc
21574,"J'ai une question sur la dernière intégrale. À propos de cette dernière partie. Pouvons-nous manipuler la réponse par des règles logarithmiques, c'est-à-dire soustraire ln2 de la réponse car c'est une constante, puis écrire une nouvelle constante ?",neutral,kien_thuc
21575,Merci pour le cours magistral. Mais je suis surpris de voir que vous utilisez toujours tableau noir et craies aux États-Unis,positive,chuong_trinh_hoc
21575,Merci pour le cours magistral. Mais je suis surpris de voir que vous utilisez toujours tableau noir et craies aux États-Unis,neutral,thiet_bi_day_hoc
21576,"Merci du fond du cœur, Prof Strang !",positive,ky_nang_giang_day
21577,"j'ai appris la régression linéaire dans un cours de statistiques, mais je pense que la manière algèbre linéaire de le faire est plus agréable et plus propre.",positive,kien_thuc
21578,"J'aime aussi les extensions de Taylor, mais il y a vraiment un la dérivation épouvantable. Si je veux vraiment l'obtenir, je vais devoir supprimer mon compte Facebook, mon compte YouTube, vendre mon ordinateur portable et tout ce que j'ai à part mes outils d'étude et m'enfermer avec un mois de pain et de beurre et m'isoler de tout le monde pendant un mois entier de pause si je veux maîtriser cette compréhension. Cela ne semble pas réaliste pour beaucoup d'entre nous, mais, idk, je pourrais essayer. Sinon, la maîtrise prendra beaucoup de temps.",positive,kien_thuc
21578,"J'aime aussi les extensions de Taylor, mais il y a vraiment un la dérivation épouvantable. Si je veux vraiment l'obtenir, je vais devoir supprimer mon compte Facebook, mon compte YouTube, vendre mon ordinateur portable et tout ce que j'ai à part mes outils d'étude et m'enfermer avec un mois de pain et de beurre et m'isoler de tout le monde pendant un mois entier de pause si je veux maîtriser cette compréhension. Cela ne semble pas réaliste pour beaucoup d'entre nous, mais, idk, je pourrais essayer. Sinon, la maîtrise prendra beaucoup de temps.",negative,kien_thuc
21579,Merci beaucoup pour les meilleurs cours de maths cours,positive,chuong_trinh_hoc
21580,ça doit être le meilleur putain craie de tous les temps,positive,thiet_bi_day_hoc
21581,"En Inde, c'est une question obligatoire pour l'examen du conseil et mon professeur a simplement énoncé les conditions sous forme de formules et nous a ensuite fait pratiquer beaucoup de problèmes de ce genre. C'est tout !",negative,ky_nang_giang_day
21582,"Vous devez d'abord déchiffrer le manuel de calcul ! ..... et si vous maîtrisez les vecteurs, vous aurez gagné le droit de sortir le taureau rouge !",positive,thiet_bi_day_hoc
21583,pourquoi Q fois Q transposé n'est pas égal à identité si la matrice n'est pas carré ?,neutral,kien_thuc
21583,pourquoi Q fois Q transposé n'est pas égal à identité si la matrice n'est pas carré ?,neutral,kien_thuc
21583,pourquoi Q fois Q transposé n'est pas égal à identité si la matrice n'est pas carré ?,neutral,kien_thuc
21583,pourquoi Q fois Q transposé n'est pas égal à identité si la matrice n'est pas carré ?,neutral,kien_thuc
21583,pourquoi Q fois Q transposé n'est pas égal à identité si la matrice n'est pas carré ?,neutral,kien_thuc
21584,"Excusez-moi, cela veut-il dire que la base de espace d'entrée et celle de espace de sortie sont les mêmes {v1, v2, ..., v8} à 45:25 ? Alors, si c'est vrai, quand se produit le changement de base ? Je suis confus ici, aidez-moi s'il vous plaît, merci beaucoup !",neutral,kien_thuc
21584,"Excusez-moi, cela veut-il dire que la base de espace d'entrée et celle de espace de sortie sont les mêmes {v1, v2, ..., v8} à 45:25 ? Alors, si c'est vrai, quand se produit le changement de base ? Je suis confus ici, aidez-moi s'il vous plaît, merci beaucoup !",neutral,kien_thuc
21584,"Excusez-moi, cela veut-il dire que la base de espace d'entrée et celle de espace de sortie sont les mêmes {v1, v2, ..., v8} à 45:25 ? Alors, si c'est vrai, quand se produit le changement de base ? Je suis confus ici, aidez-moi s'il vous plaît, merci beaucoup !",neutral,kien_thuc
21584,"Excusez-moi, cela veut-il dire que la base de espace d'entrée et celle de espace de sortie sont les mêmes {v1, v2, ..., v8} à 45:25 ? Alors, si c'est vrai, quand se produit le changement de base ? Je suis confus ici, aidez-moi s'il vous plaît, merci beaucoup !",neutral,kien_thuc
21585,Prof Strang est un exemple qui montre que l'âge n'est pas un obstacle à l'apprentissage,positive,ky_nang_giang_day
21586,Gilbert Strang est trop compliqué. Il suffit de tracer les lignes à l'aide de la méthode de la pente et de l'ordonnée à l'origine et de voir où elles se croisent si elles le font.,negative,ky_nang_giang_day
21587,"Merci au MIT. Merci d'envisager de télécharger davantage série de cours en mathématiques abstraites (par exemple analyse réelle, analyse complexe, algèbre abstraite, géométrie différentielle, topologie, ...). Cela nous sera d'une grande aide !",neutral,thiet_bi_day_hoc
21588,MIT est MIT pour une raison. Merci d'avoir rendu public des vidéos  aussi merveilleuses.,positive,noi_chung
21588,MIT est MIT pour une raison. Merci d'avoir rendu public des vidéos  aussi merveilleuses.,positive,chuong_trinh_hoc
21589,"oh mon Dieu, je n'arrive pas à croire que les gens aiment ça cours... il est tellement aléatoire et désorganisé et parle à peu près de ses pensées. c'est difficile de suivre la logique... certains concepts importants ont été abordés trop vite et les discussions non importantes étaient si abondantes...",negative,chuong_trinh_hoc
21589,"oh mon Dieu, je n'arrive pas à croire que les gens aiment ça cours... il est tellement aléatoire et désorganisé et parle à peu près de ses pensées. c'est difficile de suivre la logique... certains concepts importants ont été abordés trop vite et les discussions non importantes étaient si abondantes...",negative,ky_nang_giang_day
21590,"Merci au MIT, et pouvez-vous SVP publier les noms de ces merveilleux les professeurs afin que nous puissions également les remercier par leur nom ? Je vais dans un petit collège communautaire et nos instructeurs sont merveilleux... mais... pas tout à fait comme ça :) Ces vidéos me font me sentir à nouveau intelligente alors que je commençais à me demander « qu'est-ce qui ne va pas avec mon cerveau ?? »",positive,ky_nang_giang_day
21591,"Belle conférence, celle-ci, et la toute série.",positive,chuong_trinh_hoc
21591,"Belle conférence, celle-ci, et la toute série.",positive,thiet_bi_day_hoc
21592,Alors... Je ne savais même pas ce qu'était une matrice jusqu'à il y a 80 minutes... Ce type est génial !,positive,ky_nang_giang_day
21593,"À 1:11:30, pourquoi utilise-t-il l'échantillon biaisé variance et non non biaisé ? Conceptuellement, cela n'a pas d'importance ?",neutral,kien_thuc
21593,"À 1:11:30, pourquoi utilise-t-il l'échantillon biaisé variance et non non biaisé ? Conceptuellement, cela n'a pas d'importance ?",neutral,kien_thuc
21594,"J'ai dû faire une pause pour comprendre comment il avait obtenu le vecteurs propres à la fin. Le fait de brancher Phi fonctionne, mais ce n'est qu'en regardant à nouveau que j'ai remarqué qu'il pointait vers la relation lambda^2-lambda-1=0 pour révéler le vecteur.",neutral,kien_thuc
21595,"Ces conférences doivent être stockées correctement afin que lorsque des extraterrestres viendront, ils puissent apprendre algèbre linéaire de la bonne manière.",positive,kien_thuc
21595,"Ces conférences doivent être stockées correctement afin que lorsque des extraterrestres viendront, ils puissent apprendre algèbre linéaire de la bonne manière.",positive,chuong_trinh_hoc
21596,"Donc, les vecteurs propres d'une matrice circulaire sont les racines de l'unité -> matrice de Fourier. J'ai utilisé Transformée de Fourier et DCT dans le traitement d'images et j'ai trouvé cela étonnant mais mystérieux : d'où cela venait-il ? Maintenant, je sais. Je n'avais jamais réalisé non plus que convolution était essentiellement multiplication polynomiale... et que la convolution circulaire applique simplement un module aux puissances ! Élargissement de l'esprit ; merci Prof Strang !",positive,ky_nang_giang_day
21596,"Donc, les vecteurs propres d'une matrice circulaire sont les racines de l'unité -> matrice de Fourier. J'ai utilisé Transformée de Fourier et DCT dans le traitement d'images et j'ai trouvé cela étonnant mais mystérieux : d'où cela venait-il ? Maintenant, je sais. Je n'avais jamais réalisé non plus que convolution était essentiellement multiplication polynomiale... et que la convolution circulaire applique simplement un module aux puissances ! Élargissement de l'esprit ; merci Prof Strang !",positive,kien_thuc
21596,"Donc, les vecteurs propres d'une matrice circulaire sont les racines de l'unité -> matrice de Fourier. J'ai utilisé Transformée de Fourier et DCT dans le traitement d'images et j'ai trouvé cela étonnant mais mystérieux : d'où cela venait-il ? Maintenant, je sais. Je n'avais jamais réalisé non plus que convolution était essentiellement multiplication polynomiale... et que la convolution circulaire applique simplement un module aux puissances ! Élargissement de l'esprit ; merci Prof Strang !",positive,kien_thuc
21596,"Donc, les vecteurs propres d'une matrice circulaire sont les racines de l'unité -> matrice de Fourier. J'ai utilisé Transformée de Fourier et DCT dans le traitement d'images et j'ai trouvé cela étonnant mais mystérieux : d'où cela venait-il ? Maintenant, je sais. Je n'avais jamais réalisé non plus que convolution était essentiellement multiplication polynomiale... et que la convolution circulaire applique simplement un module aux puissances ! Élargissement de l'esprit ; merci Prof Strang !",positive,kien_thuc
21596,"Donc, les vecteurs propres d'une matrice circulaire sont les racines de l'unité -> matrice de Fourier. J'ai utilisé Transformée de Fourier et DCT dans le traitement d'images et j'ai trouvé cela étonnant mais mystérieux : d'où cela venait-il ? Maintenant, je sais. Je n'avais jamais réalisé non plus que convolution était essentiellement multiplication polynomiale... et que la convolution circulaire applique simplement un module aux puissances ! Élargissement de l'esprit ; merci Prof Strang !",positive,kien_thuc
21596,"Donc, les vecteurs propres d'une matrice circulaire sont les racines de l'unité -> matrice de Fourier. J'ai utilisé Transformée de Fourier et DCT dans le traitement d'images et j'ai trouvé cela étonnant mais mystérieux : d'où cela venait-il ? Maintenant, je sais. Je n'avais jamais réalisé non plus que convolution était essentiellement multiplication polynomiale... et que la convolution circulaire applique simplement un module aux puissances ! Élargissement de l'esprit ; merci Prof Strang !",positive,kien_thuc
21597,c'est formidable de se retrouver au rez-de-chaussée de la singularité,positive,kien_thuc
21598,"Merci, Prof. Strang. Vous avez fait du monde un endroit meilleur",positive,ky_nang_giang_day
21599,"(1/3*n^3), comme par magie ! hmm ! Mais bon, ça a du sens, c'est une somme de tous les (n-x)^2, et comme il a supposé que pour tous les pivots c'est une variable continue alors la somme discrète des variables continues se transforme en intégrale et voilà, 1/3n^3.",positive,kien_thuc
21599,"(1/3*n^3), comme par magie ! hmm ! Mais bon, ça a du sens, c'est une somme de tous les (n-x)^2, et comme il a supposé que pour tous les pivots c'est une variable continue alors la somme discrète des variables continues se transforme en intégrale et voilà, 1/3n^3.",positive,ky_nang_giang_day
21600,Super interview ! Merci pour toutes vos conférences,positive,ky_nang_giang_day
21600,Super interview ! Merci pour toutes vos conférences,positive,chuong_trinh_hoc
21601,"Merci Seigneur de m'avoir permis de voir ces conférences maintenant. C'est dommage que ce soit tard, mais c'est arrivé quand même. Que Dieu vous bénisse Professeur Strang",positive,chuong_trinh_hoc
21601,"Merci Seigneur de m'avoir permis de voir ces conférences maintenant. C'est dommage que ce soit tard, mais c'est arrivé quand même. Que Dieu vous bénisse Professeur Strang",positive,ky_nang_giang_day
21602,"Super conférence, merci prof. Strang.",positive,thiet_bi_day_hoc
21602,"Super conférence, merci prof. Strang.",positive,ky_nang_giang_day
21603,"Si les lignes d'une matrice sont dépendantes, cela signifie-t-il que les colonnes doivent également être dépendantes ?",neutral,kien_thuc
21603,"Si les lignes d'une matrice sont dépendantes, cela signifie-t-il que les colonnes doivent également être dépendantes ?",neutral,kien_thuc
21604,"félicitations c'est un super cours de calcul, je vous admire beaucoup; et un jour je veux visiter MIT.A bientôtProfesseur Jose Luis Benavides CepedaColombie",positive,chuong_trinh_hoc
21604,"félicitations c'est un super cours de calcul, je vous admire beaucoup; et un jour je veux visiter MIT.A bientôtProfesseur Jose Luis Benavides CepedaColombie",neutral,noi_chung
21604,"félicitations c'est un super cours de calcul, je vous admire beaucoup; et un jour je veux visiter MIT.A bientôtProfesseur Jose Luis Benavides CepedaColombie",positive,ky_nang_giang_day
21605,"Que veut-il dire exactement quand il dit ""c'est inverse qui va être gros""... il le dit 2 fois... quand il parle de colonnes en mauvais état et d'une matrice presque singulière... aidez-moi s'il vous plaît. Et aussi, dites-moi quels problèmes un ""gros"" inverse pourrait causer ?",neutral,kien_thuc
21606,Quelle est la justification de la minimisation du carré de la distance au lieu de la distance elle-même ?,negative,kien_thuc
21607,ordre d'emballage serré avec la densité en fonction de la particule dans l'espace tridimensionnel est mon point fort. bel exemple,positive,kien_thuc
21608,"C'est tout simplement incroyable à quel point il explique clairement les sujets, un grand merci au professeur. Je me demande quels autres cours il enseigne au MIT qui sont disponibles dans OCW ? Je pense également que le professeur est l'auteur du livre de statistiques pour ce cours qui doit être génial aussi, il faut donc envisager de l'obtenir !",positive,ky_nang_giang_day
21608,"C'est tout simplement incroyable à quel point il explique clairement les sujets, un grand merci au professeur. Je me demande quels autres cours il enseigne au MIT qui sont disponibles dans OCW ? Je pense également que le professeur est l'auteur du livre de statistiques pour ce cours qui doit être génial aussi, il faut donc envisager de l'obtenir !",positive,noi_chung
21608,"C'est tout simplement incroyable à quel point il explique clairement les sujets, un grand merci au professeur. Je me demande quels autres cours il enseigne au MIT qui sont disponibles dans OCW ? Je pense également que le professeur est l'auteur du livre de statistiques pour ce cours qui doit être génial aussi, il faut donc envisager de l'obtenir !",positive,thiet_bi_day_hoc
21608,"C'est tout simplement incroyable à quel point il explique clairement les sujets, un grand merci au professeur. Je me demande quels autres cours il enseigne au MIT qui sont disponibles dans OCW ? Je pense également que le professeur est l'auteur du livre de statistiques pour ce cours qui doit être génial aussi, il faut donc envisager de l'obtenir !",positive,chuong_trinh_hoc
21609,Dois-je savoir calcul pour cela ;(. J'apprendrai cela après et je regarderai à nouveau cela.,negative,kien_thuc
21609,Dois-je savoir calcul pour cela ;(. J'apprendrai cela après et je regarderai à nouveau cela.,neutral,noi_chung
21610,"Merci au professeur pour ces leçons ! Dans notre pays il n'y a aucun moyen de comprendre aussi facilement ce genre de leçon. Merci encore, continuez à télécharger",positive,ky_nang_giang_day
21610,"Merci au professeur pour ces leçons ! Dans notre pays il n'y a aucun moyen de comprendre aussi facilement ce genre de leçon. Merci encore, continuez à télécharger",negative,noi_chung
21610,"Merci au professeur pour ces leçons ! Dans notre pays il n'y a aucun moyen de comprendre aussi facilement ce genre de leçon. Merci encore, continuez à télécharger",positive,chuong_trinh_hoc
21611,"Je ne peux plus continuer le cours , les 30 dernières minutes de ce cours me semblent bien trop longues. *après avoir essayé de comprendre les 15 premières minutes de ses 30 dernières minutes pendant une heure et je suis toujours confus. J'apprécie votre travail Professeur Strang. C'est une expérience formidable d'apprendre de vous. J'ai mis ce cours dans mes favoris, j'y reviendrai un jour",neutral,thiet_bi_day_hoc
21611,"Je ne peux plus continuer le cours , les 30 dernières minutes de ce cours me semblent bien trop longues. *après avoir essayé de comprendre les 15 premières minutes de ses 30 dernières minutes pendant une heure et je suis toujours confus. J'apprécie votre travail Professeur Strang. C'est une expérience formidable d'apprendre de vous. J'ai mis ce cours dans mes favoris, j'y reviendrai un jour",positive,ky_nang_giang_day
21612,Il y a une différence de concepts entre Lec1 et Lec2. Quelqu'un d'autre ressent-il la différence,neutral,chuong_trinh_hoc
21612,Il y a une différence de concepts entre Lec1 et Lec2. Quelqu'un d'autre ressent-il la différence,neutral,chuong_trinh_hoc
21613,Pourquoi ne pouvons-nous pas résoudre 4 équations avec 3 inconnues à nouveau ? Étant donné que les gens regardent toujours ça en 2018,neutral,kien_thuc
21614,Est-ce que quelqu'un sait dans quelle conférence il a parlé de matrice jacobine ou hessienne,neutral,chuong_trinh_hoc
21615,Prof. G. S. est génial,positive,ky_nang_giang_day
21616,"C'est le moment de vous remercier ! À mon avis, cette conférence enseignement relie parfaitement tout ce qui s'est passé jusqu'à présent et jette les bases pour résoudre la plupart des problèmes d'ingénierie les plus avancés.",positive,chuong_trinh_hoc
21616,"C'est le moment de vous remercier ! À mon avis, cette conférence enseignement relie parfaitement tout ce qui s'est passé jusqu'à présent et jette les bases pour résoudre la plupart des problèmes d'ingénierie les plus avancés.",positive,ky_nang_giang_day
21617,A-t-il déjà défini ce qu'est une limite ? où ?,negative,ky_nang_giang_day
21618,DR. Strang merci pour une autre excellente conférence sur Multiplication et factorisation de matrices en algèbre linéaire. J'apprécie vraiment cette partie de l'algèbre linéaire.,positive,ky_nang_giang_day
21618,DR. Strang merci pour une autre excellente conférence sur Multiplication et factorisation de matrices en algèbre linéaire. J'apprécie vraiment cette partie de l'algèbre linéaire.,positive,chuong_trinh_hoc
21618,DR. Strang merci pour une autre excellente conférence sur Multiplication et factorisation de matrices en algèbre linéaire. J'apprécie vraiment cette partie de l'algèbre linéaire.,positive,kien_thuc
21619,Ce cours classe allait si vite jusqu'à ce cours où il a commencé à ramper,neutral,chuong_trinh_hoc
21620,"Merci beaucoup professeur, je t'aime",positive,ky_nang_giang_day
21621,"whoooo !!, je suis juste perdue dans la nature. Je dois le revoir.",neutral,chuong_trinh_hoc
21622,"C'est trop facile, en fait !",neutral,kien_thuc
21623,"Cela me ramène à l'époque où j'étais étudiant et où j'ai pu ressentir l'éclat de l'art de les mathématiques ! La manière dont l'enseignement était censé être fait. La différence maintenant réside dans « l'aspect agréable » de le professeur Strang et de son dévouement évident à la matière. Des conférences brillamment présentées sur des aspects souvent abscons, avec un système intégré de « créativité et d'innovation » pour les étudiants. Certainement remarquable.",positive,chuong_trinh_hoc
21623,"Cela me ramène à l'époque où j'étais étudiant et où j'ai pu ressentir l'éclat de l'art de les mathématiques ! La manière dont l'enseignement était censé être fait. La différence maintenant réside dans « l'aspect agréable » de le professeur Strang et de son dévouement évident à la matière. Des conférences brillamment présentées sur des aspects souvent abscons, avec un système intégré de « créativité et d'innovation » pour les étudiants. Certainement remarquable.",positive,ky_nang_giang_day
21623,"Cela me ramène à l'époque où j'étais étudiant et où j'ai pu ressentir l'éclat de l'art de les mathématiques ! La manière dont l'enseignement était censé être fait. La différence maintenant réside dans « l'aspect agréable » de le professeur Strang et de son dévouement évident à la matière. Des conférences brillamment présentées sur des aspects souvent abscons, avec un système intégré de « créativité et d'innovation » pour les étudiants. Certainement remarquable.",positive,chuong_trinh_hoc
21624,J'ai appris cela quand j'avais 16-17 ans à l'école... décevant.,negative,chuong_trinh_hoc
21625,"Fantastique, excellent conférence merci.",positive,chuong_trinh_hoc
21625,"Fantastique, excellent conférence merci.",positive,noi_chung
21626,"""Peut-être que je voulais que tu le découvres toi-même"" Il est drôle",positive,ky_nang_giang_day
21627,"@[USERNAME]Les deux, mais Il évaluait uniquement le composant spécial.",negative,ky_nang_giang_day
21628,merci Gilbert. Je regarde les conférences et j'apprends beaucoup.,positive,ky_nang_giang_day
21628,merci Gilbert. Je regarde les conférences et j'apprends beaucoup.,positive,chuong_trinh_hoc
21629,"Jusqu'à présent, 549 213 personnes ont assisté à votre conférence M. Strang",positive,ky_nang_giang_day
21630,Est-ce la dernière conférence de la série ? (Je n'ai pas l'impression d'avoir une réponse mdr),neutral,chuong_trinh_hoc
21631,Nous avons vécu si longtemps et nous avons sauté le preuve 39 : 40 !!!!!!!,neutral,kien_thuc
21632,"J'ai eu des expériences horribles avec l'apprentissage les mathématiques à l'école primaire et depuis, j'ai une prédisposition négative à cet égard. Cette playlist inverse cette prédisposition.",positive,chuong_trinh_hoc
21632,"J'ai eu des expériences horribles avec l'apprentissage les mathématiques à l'école primaire et depuis, j'ai une prédisposition négative à cet égard. Cette playlist inverse cette prédisposition.",neutral,chuong_trinh_hoc
21633,comment puis-je trouver rang d'une matrice ?,neutral,kien_thuc
21634,Suis-je le seul à entendre pouf à chaque fois qu'il dit preuve ?,negative,ky_nang_giang_day
21635,"Cette leçon a eu lieu en 2007 ! Ici en 2022 j'ai lu sur le dos du t-shirt d'un écolier ""CORONA"" (24:31) hahah Quel prophète il est... en avance sur son temps !",positive,ky_nang_giang_day
21636,merci OCW :) pour cette merveilleuse série !!,positive,chuong_trinh_hoc
21636,merci OCW :) pour cette merveilleuse série !!,positive,noi_chung
21638,"J'aimerais qu'il fasse ma révision de mathématiques en physique, mon prof est nul et je dois passer",positive,ky_nang_giang_day
21638,"J'aimerais qu'il fasse ma révision de mathématiques en physique, mon prof est nul et je dois passer",negative,ky_nang_giang_day
21639,Que se passe-t-il si un nombre de colonnes pivots n'est pas égal à un nombre de colonnes libres ? Comment pouvez-vous construire la matrice N dans ce cas ?,neutral,kien_thuc
21639,Que se passe-t-il si un nombre de colonnes pivots n'est pas égal à un nombre de colonnes libres ? Comment pouvez-vous construire la matrice N dans ce cas ?,neutral,kien_thuc
21639,Que se passe-t-il si un nombre de colonnes pivots n'est pas égal à un nombre de colonnes libres ? Comment pouvez-vous construire la matrice N dans ce cas ?,neutral,kien_thuc
21640,J'adore ça les cours. Je rafraîchis mes connaissances en mathématiques avec eux. Merci !,positive,chuong_trinh_hoc
21641,ça -2 à 9h00 m'a tué :(,negative,kien_thuc
21642,Le conférencier ressemble à une ancienne version de Nicholas Brody,neutral,chuong_trinh_hoc
21642,Le conférencier ressemble à une ancienne version de Nicholas Brody,neutral,noi_chung
21643,Quelqu'un pourrait-il me dire à 33:33 comment obtenir [1000] pour une solution particulière ? Je suis tellement confus. Merci beaucoup !,neutral,kien_thuc
21644,Les installations qu'ils fournissent et les professeurs qu'ils embauchent sont parmi les meilleurs au monde. Ces choses ne sont pas bon marché. Ils ont besoin de dons pour fournir l'éducation gratuite. Cette éducation gratuite leur coûte de l'argent à produire et à héberger. N'oubliez pas non plus que MIT est allé à l'encontre de la volonté du reste des meilleures universités en étant le premier à fournir cette éducation gratuite. Ils ont effectivement contraint d'autres universités de premier plan à faire de même. Ils le font pour le bien de la société.,positive,thiet_bi_day_hoc
21644,Les installations qu'ils fournissent et les professeurs qu'ils embauchent sont parmi les meilleurs au monde. Ces choses ne sont pas bon marché. Ils ont besoin de dons pour fournir l'éducation gratuite. Cette éducation gratuite leur coûte de l'argent à produire et à héberger. N'oubliez pas non plus que MIT est allé à l'encontre de la volonté du reste des meilleures universités en étant le premier à fournir cette éducation gratuite. Ils ont effectivement contraint d'autres universités de premier plan à faire de même. Ils le font pour le bien de la société.,positive,ky_nang_giang_day
21644,Les installations qu'ils fournissent et les professeurs qu'ils embauchent sont parmi les meilleurs au monde. Ces choses ne sont pas bon marché. Ils ont besoin de dons pour fournir l'éducation gratuite. Cette éducation gratuite leur coûte de l'argent à produire et à héberger. N'oubliez pas non plus que MIT est allé à l'encontre de la volonté du reste des meilleures universités en étant le premier à fournir cette éducation gratuite. Ils ont effectivement contraint d'autres universités de premier plan à faire de même. Ils le font pour le bien de la société.,positive,chuong_trinh_hoc
21644,Les installations qu'ils fournissent et les professeurs qu'ils embauchent sont parmi les meilleurs au monde. Ces choses ne sont pas bon marché. Ils ont besoin de dons pour fournir l'éducation gratuite. Cette éducation gratuite leur coûte de l'argent à produire et à héberger. N'oubliez pas non plus que MIT est allé à l'encontre de la volonté du reste des meilleures universités en étant le premier à fournir cette éducation gratuite. Ils ont effectivement contraint d'autres universités de premier plan à faire de même. Ils le font pour le bien de la société.,positive,chuong_trinh_hoc
21645,J'ai jamais vu autant de conférences complètes conférence !!!,positive,chuong_trinh_hoc
21646,Certains étudiants questions sont assez retardés... le professeur est génial !,negative,noi_chung
21646,Certains étudiants questions sont assez retardés... le professeur est génial !,positive,ky_nang_giang_day
21647,Mais quel genre de cours calcul multivariable est-ce ? Cela représente 3 cours complets sur les vecteurs et 1 pour l'instant sur les matrices...,neutral,chuong_trinh_hoc
21648,"C'est la meilleure explication de la formule de projection que j'ai jamais vue. le professeur Strang fournit non seulement une base mathématique de la formule en la dérivant, mais fournit également une intuition et une motivation claires. Il prend également le temps de passer en revue le cas plus simple de la projection sur une ligne en premier, ce qui permet de construire progressivement la compréhension du contenu. Quelle excellente conférence !",positive,ky_nang_giang_day
21648,"C'est la meilleure explication de la formule de projection que j'ai jamais vue. le professeur Strang fournit non seulement une base mathématique de la formule en la dérivant, mais fournit également une intuition et une motivation claires. Il prend également le temps de passer en revue le cas plus simple de la projection sur une ligne en premier, ce qui permet de construire progressivement la compréhension du contenu. Quelle excellente conférence !",positive,kien_thuc
21649,"Excellent classe et excellent professeur, je pense que les gars n'ont pas vu les bases de l'algèbre linéaire c'est la raison pour laquelle le prof Auroux leur a donné une introduction à la géométrie analytique et à l'algèbre élémentaire, il y a des devoirs qui au Mexique sont élémentaires à la Facultad de Ingenieria UNAM: algèbre (nombres réels, nombres complexes, polynômes, systèmes d'équations et matrices), géométrie analytique (courbes polaires, courbes dans l'espace, algèbre vectorielle, surfaces), algèbre linéaire (espaces vectoriels, transformations, changement de bases, dépendance de fonction; combinatoires linéaires et théorèmes) évidemment calcul différentiel et intégral et enfin en mathématiques élémentaires calcul vectoriel (calcul multivariable) qui est lié à cela, mais le prof Auroux a repris les bases en 2 heures c'est génial",positive,chuong_trinh_hoc
21649,"Excellent classe et excellent professeur, je pense que les gars n'ont pas vu les bases de l'algèbre linéaire c'est la raison pour laquelle le prof Auroux leur a donné une introduction à la géométrie analytique et à l'algèbre élémentaire, il y a des devoirs qui au Mexique sont élémentaires à la Facultad de Ingenieria UNAM: algèbre (nombres réels, nombres complexes, polynômes, systèmes d'équations et matrices), géométrie analytique (courbes polaires, courbes dans l'espace, algèbre vectorielle, surfaces), algèbre linéaire (espaces vectoriels, transformations, changement de bases, dépendance de fonction; combinatoires linéaires et théorèmes) évidemment calcul différentiel et intégral et enfin en mathématiques élémentaires calcul vectoriel (calcul multivariable) qui est lié à cela, mais le prof Auroux a repris les bases en 2 heures c'est génial",positive,ky_nang_giang_day
21650,"Pr. Auroux, Merci pour ces merveilleuses conférences",positive,ky_nang_giang_day
21650,"Pr. Auroux, Merci pour ces merveilleuses conférences",positive,chuong_trinh_hoc
21651,"à la fin il dit que la limite est égale à ""1"" alors comment cela équivaut à e^1 !? n'est-ce pas censé être e^0 ?",neutral,ky_nang_giang_day
21652,"base de R^n s'étend sur l'espace de R^n, mais à 43:46, l'espace colonne estR^3et nous n'avions que2 vecteurs linéairement indépendantsalors comment peut-il créer une base ? car avec seulement2 vecteurs nous ne pouvons pas s'étendre sur R^3.",neutral,kien_thuc
21652,"base de R^n s'étend sur l'espace de R^n, mais à 43:46, l'espace colonne estR^3et nous n'avions que2 vecteurs linéairement indépendantsalors comment peut-il créer une base ? car avec seulement2 vecteurs nous ne pouvons pas s'étendre sur R^3.",neutral,kien_thuc
21652,"base de R^n s'étend sur l'espace de R^n, mais à 43:46, l'espace colonne estR^3et nous n'avions que2 vecteurs linéairement indépendantsalors comment peut-il créer une base ? car avec seulement2 vecteurs nous ne pouvons pas s'étendre sur R^3.",neutral,kien_thuc
21652,"base de R^n s'étend sur l'espace de R^n, mais à 43:46, l'espace colonne estR^3et nous n'avions que2 vecteurs linéairement indépendantsalors comment peut-il créer une base ? car avec seulement2 vecteurs nous ne pouvons pas s'étendre sur R^3.",neutral,kien_thuc
21652,"base de R^n s'étend sur l'espace de R^n, mais à 43:46, l'espace colonne estR^3et nous n'avions que2 vecteurs linéairement indépendantsalors comment peut-il créer une base ? car avec seulement2 vecteurs nous ne pouvons pas s'étendre sur R^3.",neutral,kien_thuc
21652,"base de R^n s'étend sur l'espace de R^n, mais à 43:46, l'espace colonne estR^3et nous n'avions que2 vecteurs linéairement indépendantsalors comment peut-il créer une base ? car avec seulement2 vecteurs nous ne pouvons pas s'étendre sur R^3.",neutral,kien_thuc
21653,je ne savais pas que Jimmy Dore enseignait les statistiques...,neutral,ky_nang_giang_day
21654,Il est une telle inspiration,positive,ky_nang_giang_day
21655,"Je suis heureux de vous revoir, Prof.",positive,ky_nang_giang_day
21656,"Merci, professeur et MIT, cela m'a beaucoup aidé à comprendre Algèbre linéaire",positive,kien_thuc
21657,"C'est incroyable. Merci équipe MIT OCW pour toutes ces incroyables conférences publiées... je vous adresse mes respects... depuis Delhi, en Inde",positive,chuong_trinh_hoc
21657,"C'est incroyable. Merci équipe MIT OCW pour toutes ces incroyables conférences publiées... je vous adresse mes respects... depuis Delhi, en Inde",positive,noi_chung
21658,ce mec est cool je l'aime,positive,ky_nang_giang_day
21659,25:10 ce n'est PAS un toin coss,neutral,chuong_trinh_hoc
21660,J’aimerais être aussi bon en *n’importe quoi* que ce type l’est en matière d’enseignement.,positive,ky_nang_giang_day
21661,ça vaut la peine de passer du temps pour voir ce merveilleux vidéo,positive,chuong_trinh_hoc
21662,"Honnêtement, je pense qu’il devrait y avoir des modérateurs dans la section commentaires qui suppriment ces commentaires critiques. Les étudiants ont le droit d’apprendre dans un environnement  sûr. Poser des questions « stupides » fait partie intégrante de l’apprentissage, tout comme faire des erreurs. C’est juste triste de voir les étudiants ravaler leurs doutes parce qu’ils s’inquiètent de leur apparence devant les autres. Donc, si vous connaissez les réponses aux questions, taisez-vous et regardez la vidéo sans être un imbécile qui juge.",negative,thiet_bi_day_hoc
21662,"Honnêtement, je pense qu’il devrait y avoir des modérateurs dans la section commentaires qui suppriment ces commentaires critiques. Les étudiants ont le droit d’apprendre dans un environnement  sûr. Poser des questions « stupides » fait partie intégrante de l’apprentissage, tout comme faire des erreurs. C’est juste triste de voir les étudiants ravaler leurs doutes parce qu’ils s’inquiètent de leur apparence devant les autres. Donc, si vous connaissez les réponses aux questions, taisez-vous et regardez la vidéo sans être un imbécile qui juge.",positive,noi_chung
21663,"« Respirez. Ok, la bande ne le fera pas, mais le professeur le fera. » Hilarant :D",positive,ky_nang_giang_day
21663,"« Respirez. Ok, la bande ne le fera pas, mais le professeur le fera. » Hilarant :D",negative,thiet_bi_day_hoc
21664,Ce type a besoin de la craie de Walter Lewin pour dessiner ces lignes pointillées,neutral,ky_nang_giang_day
21665,Le blanc bruit en arrière-plan est la partie la plus irritante de ces conférences. Est-ce que quelqu'un connaît un moyen de supprimer bruit ces vidéos ? Il est très difficile de se concentrer à cause de ce bruit statique.,negative,thiet_bi_day_hoc
21665,Le blanc bruit en arrière-plan est la partie la plus irritante de ces conférences. Est-ce que quelqu'un connaît un moyen de supprimer bruit ces vidéos ? Il est très difficile de se concentrer à cause de ce bruit statique.,negative,chuong_trinh_hoc
21665,Le blanc bruit en arrière-plan est la partie la plus irritante de ces conférences. Est-ce que quelqu'un connaît un moyen de supprimer bruit ces vidéos ? Il est très difficile de se concentrer à cause de ce bruit statique.,negative,chuong_trinh_hoc
21665,Le blanc bruit en arrière-plan est la partie la plus irritante de ces conférences. Est-ce que quelqu'un connaît un moyen de supprimer bruit ces vidéos ? Il est très difficile de se concentrer à cause de ce bruit statique.,negative,thiet_bi_day_hoc
21666,« J'AJOUTE ! 3 fois la première ligne à... (coup d'œil rapide à la vitesse de la lumière) la deuxième ligne ! » Cet homme est le GOAT de l'enseignement de l'algèbre linéaire.,positive,ky_nang_giang_day
21667,43:25 comment a-t-il fait ça...,negative,ky_nang_giang_day
21668,"J'ADORE GILBERT STRANG MONSIEUR. Je suis au lycée et j'adore ses cours. Tout cela est enseigné de manière ennuyeuse dans notre classe... mais STRNG SIR rend ce sujet épique. Maintenant, j'adore l'algèbre linéaire !! Merci beaucoup au MIT d'aider des millions de personnes comme moi",positive,ky_nang_giang_day
21669,Comment tu te souviens de toutes ces formules ? Je suis impressionné.,positive,ky_nang_giang_day
21669,Comment tu te souviens de toutes ces formules ? Je suis impressionné.,negative,kien_thuc
21670,"Toutes les matrices  comptent, il n'existe pas de bonne ou de mauvaise matrice :P",neutral,kien_thuc
21671,"Prof. Strang : « Si vous pouvez me dire ce qu'il y a dans ce bloc, je serai tranquille pour le reste de la journée » Waouh !! Cela montre sa passion. *Chapeau bas* Monsieur...",positive,ky_nang_giang_day
21672,"Je suis trop bête pour le MIT, mais ses cours cours sont tellement plus simples et faciles à comprendre que ceux de mon professeur. #SJSU",positive,chuong_trinh_hoc
21673,"Bravo M. Gilbert, félicitations",positive,ky_nang_giang_day
21674,"Vraiment, on devrait vous dire merci, du fond du cœur.",positive,ky_nang_giang_day
21675,"À 42:59, lors de la détermination du hauteur du rectangle dans un intervalle avec x variant de 0 à 1, ne devrait-on pas ajouter le hauteur du rectangle au-dessus ou au-dessous de l'axe des x ? Pourquoi avons-nous soustrait ?",neutral,kien_thuc
21676,un homme si terre à terre professeur et qui parle d'une manière si amicale (Y),positive,ky_nang_giang_day
21677,Une simplicité impressionnante. J'aurais aimé l'avoir à l'université,positive,ky_nang_giang_day
21678,"il continue à repousser les limites ! Ce n'est pas que je ne comprends pas, mais je n'aurais jamais pensé que l'on puisse utiliser de tels outils de cette façon !",positive,ky_nang_giang_day
21679,Ceci professeur est absolument incroyable.,positive,ky_nang_giang_day
21680,"À 10h27, comment calculons-nous E21 (matrice d'élimination) ?",neutral,kien_thuc
21681,"Après avoir réussi le cours d'algèbre linéaire, j'ai été un peu déçu de ne plus avoir besoin de revoir ton cours. Mais pour l'analyse des données, tu es revenu en résolution HD. Je suis si heureux de te revoir professeur.",positive,ky_nang_giang_day
21682,"Merci professeur Strang pour les excellentes conférences. Je pense que regarder toutes vos conférences sur YouTube (bien sûr si vous n'êtes pas inscrit au MIT, dans ce cas vous pouvez vous inscrire pour le 18.06) est LA meilleure façon d'apprendre l'algèbre linéaire ! J'ai particulièrement aimé la façon dont vous expliquez en utilisant des exemples et vous nous aidez toujours à avoir une vue d'ensemble, même lorsque nous discutons de quelque chose de spécifique. Vous êtes un excellent professeur !",positive,ky_nang_giang_day
21682,"Merci professeur Strang pour les excellentes conférences. Je pense que regarder toutes vos conférences sur YouTube (bien sûr si vous n'êtes pas inscrit au MIT, dans ce cas vous pouvez vous inscrire pour le 18.06) est LA meilleure façon d'apprendre l'algèbre linéaire ! J'ai particulièrement aimé la façon dont vous expliquez en utilisant des exemples et vous nous aidez toujours à avoir une vue d'ensemble, même lorsque nous discutons de quelque chose de spécifique. Vous êtes un excellent professeur !",positive,chuong_trinh_hoc
21683,J'ai payé une tonne d'argent pour l'université et j'y suis allé tous les jours pendant plusieurs heures et je n'ai rien appris. Et me voilà en train d'apprendre gratuitement dans le confort de chez moi auprès des meilleurs professeurs du monde. Respect et amour pour professeur étrange.,negative,noi_chung
21683,J'ai payé une tonne d'argent pour l'université et j'y suis allé tous les jours pendant plusieurs heures et je n'ai rien appris. Et me voilà en train d'apprendre gratuitement dans le confort de chez moi auprès des meilleurs professeurs du monde. Respect et amour pour professeur étrange.,positive,ky_nang_giang_day
21683,J'ai payé une tonne d'argent pour l'université et j'y suis allé tous les jours pendant plusieurs heures et je n'ai rien appris. Et me voilà en train d'apprendre gratuitement dans le confort de chez moi auprès des meilleurs professeurs du monde. Respect et amour pour professeur étrange.,positive,ky_nang_giang_day
21684,Je pense que la forme du bol va changer lorsque nous ajouterons (x^Tb )à 17h00. Ai-je raison ???,neutral,kien_thuc
21684,Je pense que la forme du bol va changer lorsque nous ajouterons (x^Tb )à 17h00. Ai-je raison ???,neutral,kien_thuc
21685,quel manuel ont-ils utilisé ?,neutral,thiet_bi_day_hoc
21686,il pose des questions au public et répond lui-même avant que tily ne donne cela et c'est un point intéressant dans sa conférence. il semble que il enseigne lui-même et non til le public.,positive,ky_nang_giang_day
21687,"Merci beaucoup, monsieur. Je regarde conférences et je les apprécie. J'ai bénéficié de vous car nous n'avons pas de professeur au Yémen à cause de la situation de guerre, alors vous êtes devenu mon professeur",positive,chuong_trinh_hoc
21687,"Merci beaucoup, monsieur. Je regarde conférences et je les apprécie. J'ai bénéficié de vous car nous n'avons pas de professeur au Yémen à cause de la situation de guerre, alors vous êtes devenu mon professeur",positive,ky_nang_giang_day
21688,C'est peut-être la meilleure conférence de tout le cours.,positive,chuong_trinh_hoc
21689,"Je regarde ces cours, je les comprends, mais quand je vais résoudre le Psets, il semble que je ne sache rien... quelqu'un a-t-il le même problème avec le Psets ?",negative,kien_thuc
21690,Il a une excellente écriture au tableau noir.,positive,ky_nang_giang_day
21691,C'est le meilleur professeur que j'ai jamais eu. Comment puis-je le contacter ? S'il vous plaît !!! Merci beaucoup.,positive,ky_nang_giang_day
21692,La distribution bêta peut être bimodale lorsque les deux paramètres sont inférieurs à 1 et que la courbe est en forme de U. Pourquoi n'utilisent-ils pas de tableaux blancs mais ces laids tableaux noirs ?,negative,thiet_bi_day_hoc
21693,"@ 8:47, cela ne devrait-il pas être a -5 ?",neutral,kien_thuc
21694,"mdr c'est drôle je viens de regarder ça pour la première fois aujourd'hui et ça a été posté il y a exactement 7 ans xDmerci pour la vidéo , vraiment utile ! J'avais du mal avec ce concept pour mon cours actuel algèbre linéaire 2 depuis que j'ai suivi la version non spécialisée de algèbre linéaire 1 qui ne nous testait pas vraiment sur les preuves. Je pense que j'ai une meilleure compréhension des quatre sous-espaces fondamentaux maintenant ! :)",positive,chuong_trinh_hoc
21694,"mdr c'est drôle je viens de regarder ça pour la première fois aujourd'hui et ça a été posté il y a exactement 7 ans xDmerci pour la vidéo , vraiment utile ! J'avais du mal avec ce concept pour mon cours actuel algèbre linéaire 2 depuis que j'ai suivi la version non spécialisée de algèbre linéaire 1 qui ne nous testait pas vraiment sur les preuves. Je pense que j'ai une meilleure compréhension des quatre sous-espaces fondamentaux maintenant ! :)",positive,chuong_trinh_hoc
21695,"Je veux dire à tous les passionnés de mathématiques de ne jamais abandonner, car les mathématiques sont difficiles pour tout le monde... Vous pouvez voir que même M. Strang dit parfois qu'il se perd, et il enseigne ce genre de choses depuis des années. (J'avais l'impression que cela manquait dans les commentaires) d'ailleurs. *Quelle légende vivante !*",positive,ky_nang_giang_day
21695,"Je veux dire à tous les passionnés de mathématiques de ne jamais abandonner, car les mathématiques sont difficiles pour tout le monde... Vous pouvez voir que même M. Strang dit parfois qu'il se perd, et il enseigne ce genre de choses depuis des années. (J'avais l'impression que cela manquait dans les commentaires) d'ailleurs. *Quelle légende vivante !*",neutral,kien_thuc
21695,"Je veux dire à tous les passionnés de mathématiques de ne jamais abandonner, car les mathématiques sont difficiles pour tout le monde... Vous pouvez voir que même M. Strang dit parfois qu'il se perd, et il enseigne ce genre de choses depuis des années. (J'avais l'impression que cela manquait dans les commentaires) d'ailleurs. *Quelle légende vivante !*",neutral,kien_thuc
21696,Très clair j'ai tout compris Merci.,positive,kien_thuc
21697,ce type est mon thêta^ pour la distribution des statisticiens sympas,positive,ky_nang_giang_day
21698,"Si un pays a un enseignant comme lui, ce pays est voué à prospérer...",positive,ky_nang_giang_day
21699,"La dernière équation (At*y) ajoute-t-elle une nouvelle information (2 : y) ? Je suppose que trouver (2 : y) (courants) à partir de C*e serait la dernière étape, n'est-ce pas ?",neutral,kien_thuc
21699,"La dernière équation (At*y) ajoute-t-elle une nouvelle information (2 : y) ? Je suppose que trouver (2 : y) (courants) à partir de C*e serait la dernière étape, n'est-ce pas ?",neutral,kien_thuc
21699,"La dernière équation (At*y) ajoute-t-elle une nouvelle information (2 : y) ? Je suppose que trouver (2 : y) (courants) à partir de C*e serait la dernière étape, n'est-ce pas ?",neutral,kien_thuc
21700,"@[USERNAME]c'est juste le même problème fait d'une manière différente... il définit dA/dx=0 pour obtenir le point critique.. tout comme il l'a fait, dans la première méthode qu'il a utilisée pour résoudre le problème...",positive,ky_nang_giang_day
21700,"@[USERNAME]c'est juste le même problème fait d'une manière différente... il définit dA/dx=0 pour obtenir le point critique.. tout comme il l'a fait, dans la première méthode qu'il a utilisée pour résoudre le problème...",neutral,kien_thuc
21701,"Le cours était super jusqu'à deuxième loi de Keppler, puis ils m'ont perdu :(",positive,chuong_trinh_hoc
21701,"Le cours était super jusqu'à deuxième loi de Keppler, puis ils m'ont perdu :(",negative,kien_thuc
21702,J'ai vraiment apprécié les conférences du Dr Jerison 1 :. Son sens de l'humour est incroyable.,positive,chuong_trinh_hoc
21702,J'ai vraiment apprécié les conférences du Dr Jerison 1 :. Son sens de l'humour est incroyable.,positive,ky_nang_giang_day
21703,"Cette section de commentaires a vraiment beaucoup d'égos. Les génies des maths ressentent le besoin de montrer leurs talents fous : l'humilité pourrait vous faire du bien. C'est fantastique que ce soit incroyablement facile pour vous - ce n'est pas pour tout le monde, et proclamer votre génie au monde ne sert à personne, cela ne fait que passer pour arrogant. Si cela est en dessous de votre niveau - tant mieux, allez voir des vidéos de niveau supérieur. En attendant, montrez un peu de respect pour MIT et appréciez leur travail pour rendre le bien l'éducation ouvert à tous, et un peu de considération pour vos camarades qui peuvent avoir plus de difficultés avec ce genre de choses.",positive,noi_chung
21703,"Cette section de commentaires a vraiment beaucoup d'égos. Les génies des maths ressentent le besoin de montrer leurs talents fous : l'humilité pourrait vous faire du bien. C'est fantastique que ce soit incroyablement facile pour vous - ce n'est pas pour tout le monde, et proclamer votre génie au monde ne sert à personne, cela ne fait que passer pour arrogant. Si cela est en dessous de votre niveau - tant mieux, allez voir des vidéos de niveau supérieur. En attendant, montrez un peu de respect pour MIT et appréciez leur travail pour rendre le bien l'éducation ouvert à tous, et un peu de considération pour vos camarades qui peuvent avoir plus de difficultés avec ce genre de choses.",positive,chuong_trinh_hoc
21704,@[USERNAME]Quel est votre argument ? Tout le monde n'a pas le luxe d'avoir suivi ou même de savoir qu'il voulait suivre calc ou plus au lycée,neutral,kien_thuc
21705,je viens de terminer la série . J'ai étudié pendant environ 2 semaines à temps partiel + 2 semaines à temps plein. Il est temps de commencer à étudier le 18.02 multivariable.,neutral,chuong_trinh_hoc
21705,je viens de terminer la série . J'ai étudié pendant environ 2 semaines à temps partiel + 2 semaines à temps plein. Il est temps de commencer à étudier le 18.02 multivariable.,negative,kien_thuc
21706,Utilisez-vous encore craie et tableaux noirs en Amérique ?? Nous avons arrêté de les utiliser en Angleterre quand j'avais environ 8 ans (j'en ai maintenant 18). Cela semble un peu préhistorique. Est-ce que professeur n'a jamais entendu parler de powerpoint ? ou même simplement d'un tableau blanc ?,neutral,thiet_bi_day_hoc
21706,Utilisez-vous encore craie et tableaux noirs en Amérique ?? Nous avons arrêté de les utiliser en Angleterre quand j'avais environ 8 ans (j'en ai maintenant 18). Cela semble un peu préhistorique. Est-ce que professeur n'a jamais entendu parler de powerpoint ? ou même simplement d'un tableau blanc ?,neutral,thiet_bi_day_hoc
21706,Utilisez-vous encore craie et tableaux noirs en Amérique ?? Nous avons arrêté de les utiliser en Angleterre quand j'avais environ 8 ans (j'en ai maintenant 18). Cela semble un peu préhistorique. Est-ce que professeur n'a jamais entendu parler de powerpoint ? ou même simplement d'un tableau blanc ?,neutral,ky_nang_giang_day
21706,Utilisez-vous encore craie et tableaux noirs en Amérique ?? Nous avons arrêté de les utiliser en Angleterre quand j'avais environ 8 ans (j'en ai maintenant 18). Cela semble un peu préhistorique. Est-ce que professeur n'a jamais entendu parler de powerpoint ? ou même simplement d'un tableau blanc ?,neutral,thiet_bi_day_hoc
21706,Utilisez-vous encore craie et tableaux noirs en Amérique ?? Nous avons arrêté de les utiliser en Angleterre quand j'avais environ 8 ans (j'en ai maintenant 18). Cela semble un peu préhistorique. Est-ce que professeur n'a jamais entendu parler de powerpoint ? ou même simplement d'un tableau blanc ?,neutral,thiet_bi_day_hoc
21707,"@[USERNAME]C'est vrai, parce que je suis sûr que la plupart de ces choses sont stupidement évidentes pour lui, mais il essaie toujours de les expliquer étape par étape.",positive,ky_nang_giang_day
21708,Merci Professeur Strang et MIT. C'est amusant et génial ! Cela ramène tout à l'essentiel. Le meilleur que vous puissiez obtenir !,positive,ky_nang_giang_day
21708,Merci Professeur Strang et MIT. C'est amusant et génial ! Cela ramène tout à l'essentiel. Le meilleur que vous puissiez obtenir !,positive,noi_chung
21709,faire matrices span a espace s'ils le font comment ?,neutral,kien_thuc
21709,faire matrices span a espace s'ils le font comment ?,neutral,kien_thuc
21709,faire matrices span a espace s'ils le font comment ?,neutral,kien_thuc
21710,"Je ne connaissais pas les matrices Markov, elles sont très intéressantes. Donc toutes les matrices n x n dont chaque élément est égal à 1/n sont des matrices Markov, avec des valeurs propres 0 et 1 (1 car elles sont des matrices Markov, 0 car leur rang est égal à 1).",positive,kien_thuc
21711,"il l'explique bien, dommage que je ne l'ai pas embêté plus tôt",positive,ky_nang_giang_day
21712,MDR.. Je me demande s'il a apporté la chaîne spécialement pour expliquer pourquoi ce dérivé s'appelle un chaîne dérivé ! C'était une mauvaise explication de toute façon !,negative,kien_thuc
21712,MDR.. Je me demande s'il a apporté la chaîne spécialement pour expliquer pourquoi ce dérivé s'appelle un chaîne dérivé ! C'était une mauvaise explication de toute façon !,negative,ky_nang_giang_day
21712,MDR.. Je me demande s'il a apporté la chaîne spécialement pour expliquer pourquoi ce dérivé s'appelle un chaîne dérivé ! C'était une mauvaise explication de toute façon !,negative,kien_thuc
21713,"Merci cher Monsieur, je t'aime. Tu es comme Dieu pour nous",positive,ky_nang_giang_day
21714,"Comment a-t-il obtenu l'équation  à 23h01 ? Je ne comprends pas. A-t-il fait une différence par rapport à ds, ou quoi ? Aidez-moi s'il vous plaît.",neutral,kien_thuc
21714,"Comment a-t-il obtenu l'équation  à 23h01 ? Je ne comprends pas. A-t-il fait une différence par rapport à ds, ou quoi ? Aidez-moi s'il vous plaît.",neutral,kien_thuc
21715,Il ne s'agit pas d'enseignement. Il s'agit simplement de copier le manuel au tableau et de réciter le texte du manuel. Un vrai enseignant donnerait des exemples concrets qui montreraient avec entiers comment ces fonctions fonctionnent.,negative,chuong_trinh_hoc
21715,Il ne s'agit pas d'enseignement. Il s'agit simplement de copier le manuel au tableau et de réciter le texte du manuel. Un vrai enseignant donnerait des exemples concrets qui montreraient avec entiers comment ces fonctions fonctionnent.,neutral,kien_thuc
21715,Il ne s'agit pas d'enseignement. Il s'agit simplement de copier le manuel au tableau et de réciter le texte du manuel. Un vrai enseignant donnerait des exemples concrets qui montreraient avec entiers comment ces fonctions fonctionnent.,neutral,kien_thuc
21715,Il ne s'agit pas d'enseignement. Il s'agit simplement de copier le manuel au tableau et de réciter le texte du manuel. Un vrai enseignant donnerait des exemples concrets qui montreraient avec entiers comment ces fonctions fonctionnent.,neutral,ky_nang_giang_day
21716,"Mec, il a vraiment l'air vieux",neutral,ky_nang_giang_day
21717,une telle grandeur cours magistral me fait me demander quelle part du succès des étudiants du MIT est due à des capacités innées et quelle part est due à un enseignement supérieur,positive,chuong_trinh_hoc
21718,"J'espère que la personne contrôlant la caméra aurait pu montrer les 2 ou 3 tableaux dont parlait le professeur, et pas simplement poursuivre le professeur...",negative,noi_chung
21718,"J'espère que la personne contrôlant la caméra aurait pu montrer les 2 ou 3 tableaux dont parlait le professeur, et pas simplement poursuivre le professeur...",negative,thiet_bi_day_hoc
21719,@[USERNAME]. Comment le professeur conclut-il que variance est 1 si la variable aléatoire est divisée par écart type ?,neutral,kien_thuc
21719,@[USERNAME]. Comment le professeur conclut-il que variance est 1 si la variable aléatoire est divisée par écart type ?,neutral,ky_nang_giang_day
21719,@[USERNAME]. Comment le professeur conclut-il que variance est 1 si la variable aléatoire est divisée par écart type ?,neutral,kien_thuc
21719,@[USERNAME]. Comment le professeur conclut-il que variance est 1 si la variable aléatoire est divisée par écart type ?,neutral,kien_thuc
21720,Ce qui est intéressant cours c'est ceci. Vous avez montré comment les mathématiques sont un pilier des statistiques. Pendant le cours je pense aux hypothèses de l'estimation des moindres carrés. Cela vient des mathématiques (comme l'hypothèse d'indépendance). Excellent travail. Que Dieu vous bénisse prof.,positive,chuong_trinh_hoc
21720,Ce qui est intéressant cours c'est ceci. Vous avez montré comment les mathématiques sont un pilier des statistiques. Pendant le cours je pense aux hypothèses de l'estimation des moindres carrés. Cela vient des mathématiques (comme l'hypothèse d'indépendance). Excellent travail. Que Dieu vous bénisse prof.,positive,ky_nang_giang_day
21721,"Le professeur Strang était mon conseiller au MIT. Pour moi, il a été une bouée de sauvetage qui m'a aidée à traverser le processus très difficile d'apprentissage pour devenir la personne que je voulais être.",positive,ky_nang_giang_day
21722,J'ai vraiment apprécié ce cours -- merci !,positive,chuong_trinh_hoc
21723,"Sans cela galerie de conférences et tableaux noirs, cela ne ressemble pas au MIT.",positive,chuong_trinh_hoc
21724,"Maintenant, je regrette de ne pas avoir regardé toutes ses vidéos même si je savais qu’elles étaient disponibles et géniales vidéos !",positive,chuong_trinh_hoc
21725,c'était vraiment mal nettoyé tableau noir à 0:33,negative,thiet_bi_day_hoc
21726,"J'ai tout regardé les conférences en 18.06 et c'est un choc pour moi de voir à quel point Srang a vieilli. Je prie pour que nous puissions le garder pour toujours. S'il te plaît, mon Dieu, ne nous l'enlève jamais.",positive,chuong_trinh_hoc
21726,"J'ai tout regardé les conférences en 18.06 et c'est un choc pour moi de voir à quel point Srang a vieilli. Je prie pour que nous puissions le garder pour toujours. S'il te plaît, mon Dieu, ne nous l'enlève jamais.",positive,ky_nang_giang_day
21727,"Il enseigne les probabilités en racontant une histoire au lieu de répéter les formules et les définitions, ce que font la plupart des enseignants.",positive,ky_nang_giang_day
21727,"Il enseigne les probabilités en racontant une histoire au lieu de répéter les formules et les définitions, ce que font la plupart des enseignants.",negative,ky_nang_giang_day
21728,:0Pourquoi n'est-ce pas encore un crime de ne pas enseigner comme ça au lycée ?,neutral,kien_thuc
21729,erreur vers 28h00 ----->  dy/dt = -2t     la fonction de position commence par y= -t^2 donc la dérivée devrait être négative pour le dy/dt,negative,kien_thuc
21730,Je me souviens de l'époque où la couleur 4 était une controverse bien vivante.,positive,kien_thuc
21731,"Si vous voulez voir des extensions intéressantes de ces idées, consultez G. Strang dans /watch?v=CgfkEUOFAj0",positive,ky_nang_giang_day
21732,"Ce type est bon dans une certaine mesure, mais j'aime quelqu'un comme Eddie Woo qui recherche les commentaires des étudiants et qui a plus de personnalité. Il devrait parfois répondre aux questions, ce qu'il ne fait pas. Souvent, il regarde par terre.",neutral,ky_nang_giang_day
21733,"quelle est la différence entre la première vitesse (vitesse unitaire - condition pour ""teta"" = t) et la suivante |vecteur vitesse| ???",neutral,kien_thuc
21733,"quelle est la différence entre la première vitesse (vitesse unitaire - condition pour ""teta"" = t) et la suivante |vecteur vitesse| ???",neutral,kien_thuc
21734,Merci professeurs du MIT. Merci beaucoup (2 : MIT). Quel travail merveilleux. Je l'apprécie vraiment.,positive,ky_nang_giang_day
21734,Merci professeurs du MIT. Merci beaucoup (2 : MIT). Quel travail merveilleux. Je l'apprécie vraiment.,positive,noi_chung
21735,Plutôt espace dilbert ! J'ai raison ?!,neutral,kien_thuc
21736,J'ai indexé cette vidéo sur MyVindex pour un référencement rapide vidéo entre les interprétations géométriques et analytiques et les exemples. - http://www.myvindex.co/app.html#/home/iSKiXlzQ . Envoyez-moi un e-mail si vous êtes intéressé par MyVindex à jmoseman01@gmail.com,neutral,chuong_trinh_hoc
21737,"mdr, le mec qui fait les sous-titres est vraiment drôle (réponse inaudible des élèves) !!! hahahahah. Cette leçon est plutôt bien pensée !! putain j'aurais aimé aller au MIT :(",positive,chuong_trinh_hoc
21737,"mdr, le mec qui fait les sous-titres est vraiment drôle (réponse inaudible des élèves) !!! hahahahah. Cette leçon est plutôt bien pensée !! putain j'aurais aimé aller au MIT :(",neutral,noi_chung
21738,@[USERNAME]Vous serez surpris de voir à quel point les locuteurs natifs grammaires sont « parfaits ».,negative,ky_nang_giang_day
21739,"n'écoutez pas ça en stéréo, je pensais que mon écouteur gauche était tombé",negative,thiet_bi_day_hoc
21739,"n'écoutez pas ça en stéréo, je pensais que mon écouteur gauche était tombé",negative,noi_chung
21740,j'aimerais avoir une conférence comme celle-là dans mon université..,negative,noi_chung
21740,j'aimerais avoir une conférence comme celle-là dans mon université..,positive,chuong_trinh_hoc
21741,La raison pour laquelle je suis passé de la haine pour les maths à l'amour pour les maths (surtout pour l'algèbre linéaire) est Gilbert Strang. Quel professeur incroyable.,positive,ky_nang_giang_day
21741,La raison pour laquelle je suis passé de la haine pour les maths à l'amour pour les maths (surtout pour l'algèbre linéaire) est Gilbert Strang. Quel professeur incroyable.,positive,kien_thuc
21741,La raison pour laquelle je suis passé de la haine pour les maths à l'amour pour les maths (surtout pour l'algèbre linéaire) est Gilbert Strang. Quel professeur incroyable.,positive,kien_thuc
21742,quelqu'un peut-il fournir les liens vers les vidéos supplémentaires qu'il a dit qu'il mettrait en ligne. Comme la distribution gaussienne sur Stellar. J'ai cherché Stellar au MIT mais je ne l'ai pas trouvé.,neutral,ky_nang_giang_day
21742,quelqu'un peut-il fournir les liens vers les vidéos supplémentaires qu'il a dit qu'il mettrait en ligne. Comme la distribution gaussienne sur Stellar. J'ai cherché Stellar au MIT mais je ne l'ai pas trouvé.,neutral,kien_thuc
21743,N'aurions-nous pas pu utiliser la règle de la chaîne ?,neutral,kien_thuc
21744,"C'est une vidéo incroyable . Il m'a fait connaître la véritable signification des matrices , et pas seulement l'utiliser pour calculer",positive,thiet_bi_day_hoc
21744,"C'est une vidéo incroyable . Il m'a fait connaître la véritable signification des matrices , et pas seulement l'utiliser pour calculer",positive,ky_nang_giang_day
21744,"C'est une vidéo incroyable . Il m'a fait connaître la véritable signification des matrices , et pas seulement l'utiliser pour calculer",positive,kien_thuc
21745,C'est une conférence de la meilleure qualité. Passionnant,positive,chuong_trinh_hoc
21746,Le goût est différent avec les gens du MIT ! On « ressent » la science avec eux ! J'envie ceux qui ont eu l'opportunité de s'asseoir dans ces salles de classe !,positive,ky_nang_giang_day
21746,Le goût est différent avec les gens du MIT ! On « ressent » la science avec eux ! J'envie ceux qui ont eu l'opportunité de s'asseoir dans ces salles de classe !,positive,thiet_bi_day_hoc
21747,Terrible vidéo. Quel est un exemple d'un espace de Hilbert avec nombres réels dans une application réelle ? Cet homme ne fait que copier des lignes d'un manuel mais ne fournit aucun exemple concret qui expliquerait Hilbert. Triste. Une perte de temps.,negative,chuong_trinh_hoc
21747,Terrible vidéo. Quel est un exemple d'un espace de Hilbert avec nombres réels dans une application réelle ? Cet homme ne fait que copier des lignes d'un manuel mais ne fournit aucun exemple concret qui expliquerait Hilbert. Triste. Une perte de temps.,negative,ky_nang_giang_day
21747,Terrible vidéo. Quel est un exemple d'un espace de Hilbert avec nombres réels dans une application réelle ? Cet homme ne fait que copier des lignes d'un manuel mais ne fournit aucun exemple concret qui expliquerait Hilbert. Triste. Une perte de temps.,negative,kien_thuc
21747,Terrible vidéo. Quel est un exemple d'un espace de Hilbert avec nombres réels dans une application réelle ? Cet homme ne fait que copier des lignes d'un manuel mais ne fournit aucun exemple concret qui expliquerait Hilbert. Triste. Une perte de temps.,negative,kien_thuc
21748,pourquoi à 44:50 toutes les combinaisons linéaires de la colonne 1 et de la colonne 2 créent-elles un plan plutôt que la totalité de R^3 ?,neutral,kien_thuc
21749,"c'est l'explication la plus alambiquée de ce qu'est ""e"". Maintenant, j'ai l'impression de ne pas la comprendre.",neutral,kien_thuc
21750,Être accepté à MIT ne garantit pas des connaissances supérieures. Il s'agit d'un cours de première année .,neutral,noi_chung
21750,Être accepté à MIT ne garantit pas des connaissances supérieures. Il s'agit d'un cours de première année .,neutral,chuong_trinh_hoc
21751,Son style d'enseignement semble décontracté et intuitif. Je vais dans une petite université publique et le cours est beaucoup plus formel et axé sur les preuves. Ces cours magistraux sont un excellent complément (ainsi qu'une agréable pause) aux preuves formelles. Merci MIT !,positive,chuong_trinh_hoc
21751,Son style d'enseignement semble décontracté et intuitif. Je vais dans une petite université publique et le cours est beaucoup plus formel et axé sur les preuves. Ces cours magistraux sont un excellent complément (ainsi qu'une agréable pause) aux preuves formelles. Merci MIT !,positive,chuong_trinh_hoc
21751,Son style d'enseignement semble décontracté et intuitif. Je vais dans une petite université publique et le cours est beaucoup plus formel et axé sur les preuves. Ces cours magistraux sont un excellent complément (ainsi qu'une agréable pause) aux preuves formelles. Merci MIT !,positive,chuong_trinh_hoc
21752,cet homme est une légende,positive,ky_nang_giang_day
21753,"Pourquoi les universités locales universités que nous payons ne nous permettent pas d'acquérir une solide compréhension du sujet, alors que les vidéos mondiales gratuites que nous avons entre les mains le font ? Peut-être que je n'aurais pas dû m'inscrire à l'université en premier lieu...",negative,kien_thuc
21753,"Pourquoi les universités locales universités que nous payons ne nous permettent pas d'acquérir une solide compréhension du sujet, alors que les vidéos mondiales gratuites que nous avons entre les mains le font ? Peut-être que je n'aurais pas dû m'inscrire à l'université en premier lieu...",negative,noi_chung
21754,J'apprends enfin le bases de l'algèbre linéaire.,neutral,kien_thuc
21755,quelqu'un sait où je peux trouver des solutions pour cela un cours sur le site Web du mit ocw ?,neutral,thiet_bi_day_hoc
21755,quelqu'un sait où je peux trouver des solutions pour cela un cours sur le site Web du mit ocw ?,neutral,chuong_trinh_hoc
21755,quelqu'un sait où je peux trouver des solutions pour cela un cours sur le site Web du mit ocw ?,neutral,noi_chung
21756,deux gars sur le banc avant,neutral,ky_nang_giang_day
21757,Est-ce que quelqu'un sait à quel article exact de Dr. Jon Kleinberg Prof. Strang fait référence vers la fin ?,neutral,ky_nang_giang_day
21757,Est-ce que quelqu'un sait à quel article exact de Dr. Jon Kleinberg Prof. Strang fait référence vers la fin ?,neutral,ky_nang_giang_day
21758,"45:50 Attendez, cela n'est-il pas uniquement vrai pour orthoNORMAL matrices ? Si la matrice est simplement orthogonale, il y aura des carrés de la longueur de son vecteur sur la diagonale.",neutral,kien_thuc
21759,"Il est mentionné que « phi est une valeur positive connue » (16,28 min). Je me demande si dist. exponentielle fait partie de la famille exponentielle canonique (ou non), où theta = lambda, b(theta) = ln(theta) et phi = -1 ?",neutral,kien_thuc
21760,Je regarde le dernier cours (j'ai terminé le cours) le 17 septembre 2020 en Libye. Merci MIT,positive,chuong_trinh_hoc
21761,"e, l'une des plus belles fonctions décrivant la nature devrait être présentée de manière claire et agréable pour le public, mais ne devrait pas être aussi laborieuse. Ce n'est pas typique de Prof Jerison.",neutral,ky_nang_giang_day
21762,Ça me donne le vertige quand la caméra bouge avec le mouvement de le professeur,negative,thiet_bi_day_hoc
21762,Ça me donne le vertige quand la caméra bouge avec le mouvement de le professeur,negative,ky_nang_giang_day
21763,Il y a deux façons de résoudre e^xarctanx. Quelqu'un veut-il en savoir plus ?,neutral,kien_thuc
21764,"Wouah. Je viens de terminer son cours algèbre linéaire. Je ne savais pas que c'était il y a si longtemps. Merci pour tout votre travail, monsieur !",positive,ky_nang_giang_day
21764,"Wouah. Je viens de terminer son cours algèbre linéaire. Je ne savais pas que c'était il y a si longtemps. Merci pour tout votre travail, monsieur !",positive,chuong_trinh_hoc
21765,Est-ce la même chose que l'introduction à statistiques pour économistes ???,neutral,chuong_trinh_hoc
21765,Est-ce la même chose que l'introduction à statistiques pour économistes ???,neutral,chuong_trinh_hoc
21766,"Wiln il a dit ceci conférence est til Début de l'algèbre linéaire réelle, j'ai eu la chair de poule",neutral,ky_nang_giang_day
21766,"Wiln il a dit ceci conférence est til Début de l'algèbre linéaire réelle, j'ai eu la chair de poule",neutral,chuong_trinh_hoc
21767,Incroyable conférence j'ai beaucoup appris !!,positive,chuong_trinh_hoc
21768,merci monsieur pour votre excellente conférence -- veuillez diviser les longues conférence en courtes conférence,positive,chuong_trinh_hoc
21768,merci monsieur pour votre excellente conférence -- veuillez diviser les longues conférence en courtes conférence,positive,ky_nang_giang_day
21769,j'ai littéralement attendu des années pour ça vidéo. Je vais regarder cette salope en boucle,positive,chuong_trinh_hoc
21770,Aucune preuve réelle de la règle de la chaîne multivariable : elle me manque à 20:27. Est-ce que quelqu'un sait où en trouver une sur Internet ? Merci.,neutral,kien_thuc
21771,"Cela fait plus de 10 ans que j'ai appris cela pour la première fois au lycée. Maintenant, je pense que j'ai enfin compris la formule  pour la dérivée  après que ce type m'a donné un cours pendant 20 minutes.",positive,kien_thuc
21771,"Cela fait plus de 10 ans que j'ai appris cela pour la première fois au lycée. Maintenant, je pense que j'ai enfin compris la formule  pour la dérivée  après que ce type m'a donné un cours pendant 20 minutes.",positive,kien_thuc
21771,"Cela fait plus de 10 ans que j'ai appris cela pour la première fois au lycée. Maintenant, je pense que j'ai enfin compris la formule  pour la dérivée  après que ce type m'a donné un cours pendant 20 minutes.",positive,ky_nang_giang_day
21772,"27:13 Je comprends que vous pouvez jeter la colonne 3 parce que c'est l'addition de deux autres colonnes, mais comment pouvez-vous jeter colonne 1 ??",neutral,kien_thuc
21773,"façon très triste d'expliquer décomposition polynomiale, je préfèrerais suivre la manière française ""identification des membres"", c'est beaucoup plus simple et plus rapide",positive,kien_thuc
21773,"façon très triste d'expliquer décomposition polynomiale, je préfèrerais suivre la manière française ""identification des membres"", c'est beaucoup plus simple et plus rapide",negative,kien_thuc
21774,"Tout simplement excellent, ce professeur est",positive,ky_nang_giang_day
21775,quelqu'un peut réparer le sous-titres ?,negative,thiet_bi_day_hoc
21776,"J'aurais aimé qu'il n'y en ait pas autant données fn mais jusqu'à ce que nous ayons fait grandir une espèce, nous allons devoir apprendre cette merde",negative,kien_thuc
21777,Merci !! Ces conférences sont tellement éclairantes et faciles à regarder !,positive,ky_nang_giang_day
21777,Merci !! Ces conférences sont tellement éclairantes et faciles à regarder !,positive,chuong_trinh_hoc
21778,"Merci beaucoup monsieur, pour vos efforts à cet âge",positive,ky_nang_giang_day
21779,"Génial vidéo. Je l'utilise pour prendre de l'avance à l'automne ! Merci de mettre cela à la disposition du public. À l'ère d'Internet, la connaissance est aussi bon marché que le wifi !",positive,chuong_trinh_hoc
21789,IK WIL HEM BEDANKEN VOOR ZIJN BEREKENINGEN OP HET WEB.,positive,ky_nang_giang_day
21839,@[USERNAME]O nome dele é Denis Auroux.,neutral,ky_nang_giang_day
21985,"Este professor é legal, mas eu gostei mais de Haynes Miller",neutral,ky_nang_giang_day
21985,"Este professor é legal, mas eu gostei mais de Haynes Miller",positive,ky_nang_giang_day
22080,"""Talvez eu quisesse que você descobrisse a si mesmo"" Ele é engraçado",positive,ky_nang_giang_day
22083,"Agora, 549.213 pessoas assistiram à sua palestra, Sr. Strang",positive,ky_nang_giang_day
