id,text,sentiment,aspect
304,Ich bin so dankbar!,positive,am_thuc
1627,"Nos encanta este té helado, agradable sabor a regaliz.",positive,am_thuc
1657,Esto café no me gustó nada.,negative,am_thuc
1742,"Disfruto este producto, pero no volveré a comprarlo debido al trigo.",positive,am_thuc
1918,Lo único positivo que decir ) ) ),positive,am_thuc
1971,"Es perfecto, caliente o helado, tal como es.",positive,am_thuc
2007,¡Seguro que volveré a pedirlos!,positive,noi_chung
2049,¡Vale cada centavo!,positive,gia_ca
2091,Equilibrio perfecto dulce/ácido/crujiente.,positive,am_thuc
2150,¡Seguro que volveré a comprar!,positive,am_thuc
2399,Este café viene perfectamente molido para bebidas espresso.,positive,am_thuc
2495,Mes chiens adorent ces friandises !,positive,am_thuc
2546,J'adore ça produit.,positive,am_thuc
2573,J'ai eu tort .,negative,am_thuc
2836,Ma famille adore ça craquelins.,positive,am_thuc
2882,Mes chats adorent ça trucs.,positive,am_thuc
3055,Presque addictif.,positive,am_thuc
3164,Ma famille adore ça cacao !,positive,am_thuc
3213,vrlo dobro!,positive,am_thuc
3214,Ukusno bbq umak .,positive,am_thuc
3220,Imaju tako dobar okus.,positive,am_thuc
3236,Marmite još bolje!,positive,am_thuc
3268,Perfecte hoeveelheid chocoladechips.,positive,am_thuc
3270,Já testamos outros pós e este certamente é o melhor para nós.,positive,am_thuc
3271,Ainda parece recém-cozido 3 dias depois.,positive,am_thuc
3272,Essa marca e sabor foram de longe os melhores.,positive,am_thuc
3273,"Durante atividades extenuantes, gosto da maneira como ele se acomoda no meu estômago antes dos jogos e da energia que ele me dá.",positive,am_thuc
3274,"Às vezes faço isso para ver quanto tempo consigo durar, mas movê-lo resolve qualquer ""queimadura"" ou qualquer coisa imediatamente e é muito prazeroso espalhar pela boca.",positive,am_thuc
3275,Novo produto para nossa casa.,positive,am_thuc
3276,Esta é uma das minhas comidas preferidas e a memória que tenho do Brasil.,positive,am_thuc
3277,"Nós amamos este chá gelado, com sabor agradável de alcaçuz.",positive,am_thuc
3278,"Isto é simplesmente soberbo, absolutamente divino em qualquer receita que exija um forte sabor de amêndoa.",positive,am_thuc
3280,Este café produz um agradável café torrado médio com notas exóticas de flores e frutas vermelhas.,positive,am_thuc
3282,É deliciosamente salgado e crocante.,positive,am_thuc
3283,Altamente recomendado!,positive,noi_chung
3284,Meu cachorro é louco por esses gravetos!,positive,am_thuc
3285,Eu adoro Silk Very Vanilla Soymilk em caixas grandes e fiquei muito feliz quando estava navegando por Amazon e me deparei com esses recipientes individuais de 8 onças,positive,am_thuc
3286,"Eu escrevi Amazon e eles me deram um reembolso rápido, então o atendimento ao cliente é excelente. Desde então, abrimos mais algumas sacolas e elas não parecem tão velhas, mas ainda não acredito que tenham um sabor tão fresco quanto as do supermercado.",positive,am_thuc
3287,Talvez até um pouco melhor que os pretzels comuns.,positive,am_thuc
3288,"De longe, minha mistura de trilha favorita.",positive,am_thuc
3290,Começo cada dia com uma xícara de chocolate quente.,positive,am_thuc
3291,"Todos os três adoram essa comida, que é muito nutritiva para eles e não contém subprodutos de origem animal.",positive,am_thuc
3292,Absolutamente horrível.,negative,am_thuc
3293,"O café era bom, só não tinha o sabor que eu esperava.",positive,am_thuc
3293,"O café era bom, só não tinha o sabor que eu esperava.",neutral,am_thuc
3294,Adoro a água embalada em vez da viscosidade do óleo.,positive,am_thuc
3295,Eles são o melhor dos dois mundos e duram muito tempo com muito sabor!,positive,am_thuc
3296,"Eu nunca chego nem perto de tantos, pois geralmente consigo minha dose em cerca de 20.",positive,am_thuc
3297,Os outros sabores são igualmente bons!),positive,am_thuc
3298,"É agradavelmente, não excessivamente, doce.",positive,am_thuc
3299,É um ótimo sal finalizador para carnes também!,positive,am_thuc
3300,"Fiz meu café da maneira usual, mas não ficou forte o suficiente.",positive,am_thuc
3301,"Não sou fã do café Keurig, devido à natureza fraca da bebida.",negative,am_thuc
3302,"A suposição usual é que o grau A é melhor que o grau B, mas, diferentemente de ovos ou carne, o grau se refere ao momento em que o xarope é colhido, sendo o grau B o de sabor mais intenso.",positive,am_thuc
3303,Eles chegaram rapidamente em perfeitas condições e eu realmente aproveitei cada mordida!,positive,am_thuc
3304,"Tenho certeza de que é algo como 75% de pêra com uma pitada de vegetais, mas é melhor que nada.",positive,am_thuc
3305,Adorei que a barra era macia e mastigável.,positive,am_thuc
3306,"Não tenho ideia de como comparar este produto com outras marcas em termos de preço, porque ele não é vendido no meu estado.",neutral,gia_ca
3307,"Bom café e é um produto de comércio justo, então você pode se sentir ainda melhor inalando o aroma e os sabores complexos, porém simples, sabendo que ajudou um pouco a Terra e as pessoas que vivem nela, com sua pequena contribuição.",positive,am_thuc
3308,Este chá é deliciosamente temperado!,positive,am_thuc
3309,Eu não gostei nada disso café.,negative,am_thuc
3310,Fiquei decepcionado com o sabor e fiz um chá melhor adicionando uma gota de aroma de doce de anis ao chá verde.,negative,am_thuc
3311,"Não estou convencido de que a cultura funcionará sem a lactose presente, mas supostamente funcionará.",positive,am_thuc
3312,"É uma bebida encorpada, sem gosto amargo.",positive,am_thuc
3313,"Gosto de reutilizar e não desperdiçar e, nesse sentido, o produto My - Kap é bom por um preço baixo.",positive,am_thuc
3313,"Gosto de reutilizar e não desperdiçar e, nesse sentido, o produto My - Kap é bom por um preço baixo.",positive,gia_ca
3314,"Evite se possível, mas não seja um desperdício total.",negative,noi_chung
3314,"Evite se possível, mas não seja um desperdício total.",neutral,am_thuc
3315,Funciona perfeitamente.,positive,am_thuc
3316,Meu gato adora comida para gatos Fancy Feast.,positive,am_thuc
3317,"A bolsa era menor do que eu esperava, mas provavelmente sou ruim em estimar as coisas.",negative,am_thuc
3318,"Nós dois somos grandes fãs de café com avelã, então isso foi perfeito.",positive,am_thuc
3319,Então experimente essas delícias pedaços de queijo hoje! : ),positive,am_thuc
3320,Ótimo negócio pela qualidade deste Sal do Himalaia!,positive,am_thuc
3320,Ótimo negócio pela qualidade deste Sal do Himalaia!,positive,gia_ca
3321,Descobri que essa também é a melhor maneira de obtê-los.,positive,am_thuc
3322,"O fato de serem orgânicos e adoçados com caldo de cana natural em vez de açúcar adicionado, como os de marca, os torna ainda melhores.",positive,am_thuc
3323,"O sabor do rooibos cru, sem essas ""melhorias"" como a baunilha, é encorpado e tem seu próprio sabor único.",positive,am_thuc
3324,"O produto é apenas ok, mas ser pressionado a deixar avaliações/feedback impede até mesmo uma avaliação de três estrelas.",neutral,am_thuc
3325,Este é apenas 325 mg de citrato de magnésio e é realmente ácido! !,negative,am_thuc
3326,Mas acho que há outras pessoas que apreciariam um café light.,neutral,am_thuc
3327,"É ótimo para cupcakes ou bolos tradicionais; e é divertido adicionar frutas por cima, como morangos.",positive,am_thuc
3328,Elas não são muito quentes.,negative,am_thuc
3329,Esta compra foi insossa e não tinha sabor.,negative,am_thuc
3330,E seus produtos são fantásticos.,positive,am_thuc
3331,Um produto de excelente qualidade produto que funciona como anunciado - obrigado por criá-lo!!,positive,am_thuc
3332,Este chá era muito bom.,positive,am_thuc
3333,"Achei que era uma xícara de café excepcionalmente saborosa, comparável ao café preparado na cafeteira.",positive,am_thuc
3334,Eu gosto muito do sabor,positive,am_thuc
3335,"Nós amamos estas cerejas, eu as compro há alguns anos.",positive,am_thuc
3336,"Não sou muito fã de café, mas esta marca Wolfgang Vienna é boa.",positive,am_thuc
3337,O fato de serem orgânicos e feitos com espelta também é uma grande vantagem.,positive,am_thuc
3338,"Eu sinto sabores variados, e não há nenhum que não seja inalado.",positive,am_thuc
3339,O ideal é que venham em embalagens de 12 unidades.,positive,am_thuc
3340,É apenas um produto de alta qualidade .,positive,am_thuc
3342,"Se você gosta de sexo oral após sexo oral, você vai se apaixonar por Hello Pandas.",positive,am_thuc
3343,Gotas de chocolate e óleo de coco derretidos juntos e depois congelados em bandejas de gelo.,positive,am_thuc
3344,"O matcha por baixo definitivamente assume um sabor terroso, e não posso deixar de me perguntar se o picante não é, pelo menos em parte, devido ao matcha que o sabor de pistache está trazendo para o primeiro plano.",positive,am_thuc
3345,A quantidade que comi em outra lata era muito salgada para o meu gosto e equivalia a mais da metade do meu limite pessoal de 1500 mg de sódio por dia.,negative,am_thuc
3346,Não são honestos com seus clientes.,negative,am_thuc
3347,A combinação de passas e chocolate amargo é maravilhosa!,positive,am_thuc
3348,Meus cachorros adoram essas guloseimas!,positive,am_thuc
3349,"Acredito que tenha um efeito diurético e possivelmente laxante, e supostamente seja bom para o fígado.",positive,am_thuc
3350,Vou te contar como eu amo Bolo de frutas Claxton.,positive,am_thuc
3352,Acabei de comer a última lata.,positive,am_thuc
3353,As castanhas de caju eram grandes e muito poucas quebradas.,positive,am_thuc
3356,Todos que experimentaram ficaram impressionados com o sabor.,positive,am_thuc
3357,Muito saboroso .,positive,am_thuc
3358,Eles são bem temperados com bastante pimenta-do-reino.,positive,am_thuc
3359,Também gosto que eles parecem derreter na boca bem rápido.,positive,am_thuc
3360,Os dois melhores cafés do mundo (na minha humilde opinião) são Kona e Blue Mountain jamaicano.,positive,am_thuc
3361,Usei este produto em uma barra de caramelo que fiz.,positive,am_thuc
3362,"Tem um sabor suave e fresco, mas não tem aquele gosto de grama, como se você estivesse bebendo algo que fazia parte do seu gramado.",positive,am_thuc
3363,Procurarei noutro lugar - não quero pagar mais preços premium por produtos medíocres.,negative,am_thuc
3364,"É uma delícia, vem em caixas menores (alguém quer controlar as porções?!) e você não consegue superar esse preço na Amazon.",positive,am_thuc
3365,"O melhor benefício é que os ""problemas de barriga"" melhoraram muito.",positive,am_thuc
3366,"Em vez disso, há apenas morango artificial e um pouco de sabor picante.",negative,am_thuc
3367,"Adoro esses sacos que podem ser fechados novamente, pois os pandas tendem a secar. Esse é o problema que encontro com as caixas, mesmo depois de fechá-las corretamente.",positive,am_thuc
3368,"Esses ossos duram para sempre, pelo menos 3 a 4 meses de cada vez.",positive,am_thuc
3369,"É bom, muito bom!",positive,am_thuc
3370,"Bom sabor e textura, nem a pimenta nem o bordo dominam carne seca.",positive,am_thuc
3371,"Apesar do entusiasmo inicial com as lindas flores azuis, esta é uma compra lamentável.",negative,am_thuc
3371,"Apesar do entusiasmo inicial com as lindas flores azuis, esta é uma compra lamentável.",positive,am_thuc
3372,Você pode deixá-los tão doces quanto quiser ou não adicionar açúcar algum.,positive,am_thuc
3373,O MELHOR purê de batatas que já comi...,positive,am_thuc
3374,"O sabor é bom e é bom para hidratação e eletrólitos, embora você possa tomar água purificada comum e adicionar alguns minerais e suco de limão ou vegetal para obter benefícios semelhantes.",positive,am_thuc
3375,Gosto de usar vinagre em vez de água porque acho que fica mais saboroso assim,positive,am_thuc
3376,"Eles são macios e frescos, e também vêm com muito líquido.",positive,am_thuc
3377,"Contras - Eles são facilmente mastigados; portanto, seu cão provavelmente terminará de comê-los rapidamente.",negative,am_thuc
3378,Mas elas são deliciosas e você economiza um dólar por pacote através de Amazon vs.,positive,am_thuc
3379,"Todos eles estavam manchados ou, na verdade, manchados com sabor de pato - meu cachorro, que geralmente ficava tão animado para ganhar uma dessas guloseimas, deixou-a no chão, intocada.",negative,am_thuc
3380,"Mordi meu primeiro pretzel sem glúten com receio, mas eles são bons!",positive,am_thuc
3381,Acho que pode ter causado mal-estar estomacal.,negative,am_thuc
3382,Este é agora o único café que peço para minha Keurig.,positive,am_thuc
3383,"Já experimentei bares sofisticados, bares locais, bares artesanais, bares orgânicos e quase tudo o mais, e ESTE é o meu favorito.",positive,am_thuc
3384,"Muito bom, farei isso de novo.",positive,am_thuc
3385,Comprarei novamente nesta quantidade.,positive,noi_chung
3386,Eles têm um com frango cozido e kalamatas que vai te surpreender.,positive,am_thuc
3387,Os sabores eram minimamente agradáveis e me lembraram as batatas fritas dos voos das companhias aéreas quando a escolha é batata frita ou pretzel.,positive,am_thuc
3388,Continuarei comprando esta bebida deliciosa onde quer que eu a encontre.,positive,am_thuc
3389,"O que recebi tinha uma lista de ingredientes totalmente diferente, incluindo certas coisas que não como (como sucralose/splenda).",negative,am_thuc
3390,"No entanto, é realmente forte e, embora tenha um sabor defumado decente, o sal é muito forte.",negative,am_thuc
3391,"Não cheguei a provar os vermes porque, quando chegaram até mim, o pacote estava ABERTO e os vermes estavam todos na caixa de papelão!",negative,am_thuc
3392,Até meus filhos gostam.,positive,am_thuc
3393,O melhor molho que já comprei.,positive,am_thuc
3394,"Eu gosto deste produto, mas não comprarei novamente por causa do trigo.",positive,am_thuc
3395,"Foi ótimo, até chover.",positive,am_thuc
3396,"Fiquei bastante surpreso com o sabor, que é muito bom.",positive,am_thuc
3397,Ele é muito exigente e tenho que admitir que eles têm um sabor melhor do que os pretzels comuns.,positive,am_thuc
3398,"Compre este item para todos na KFORDHEALTH CARE STAFFING, nem preciso dizer que eles adoram.",positive,am_thuc
3399,Coffee Masters Creme Brulee é uma verdadeira delícia!,positive,am_thuc
3401,Adorei isso produto.,positive,am_thuc
3402,Agora descobri que este produto não é elegível para devolução.,negative,am_thuc
3403,Eles são perfeitos para cães de médio porte que são mastigadores poderosos.,positive,am_thuc
3404,"Eu AMO bolos de funil, mas tinha medo de que este não tivesse o mesmo sabor dos bolos de verdade nos carnavais. Amigos e familiares AMARAM!",positive,am_thuc
3405,"Não é algo que eu desejaria por causa do sabor, mas para um shake de proteína é realmente muito bom!",positive,am_thuc
3406,Tenho certeza de que comprarei este produto no futuro.,positive,am_thuc
3407,"Boa escolha como um café que ninguém vai desgostar, mas não é um sabor para aqueles que gostam de um despertar realmente forte.",positive,am_thuc
3408,Um dos meus favoritos.,positive,am_thuc
3409,Então agora eles continuam vindo e eu estou aproveitando minhas Barras Trio todas as noites como parte do meu lanche antes de dormir.,positive,am_thuc
3410,"O sabor era suave, mas forte o suficiente para que eu pudesse bebê-lo de manhã e tomar uma xícara à tarde quando me sentisse lento.",positive,am_thuc
3411,"Ao pesquisar raiz de dente-de-leão, me deparei com muitas afirmações diferentes, às vezes contraditórias, nenhuma das quais parece ser apoiada por nenhuma pesquisa séria.",positive,am_thuc
3412,Meu gato ignora completamente esse sabor.,negative,am_thuc
3413,Eles estavam tão úmidos e deliciosos.,positive,am_thuc
3414,"Bem, sim, concordo, embora eu teria dado a esta excelente comida para gatos a classificação mais alta.",positive,am_thuc
3415,Não é necessário leite!,positive,am_thuc
3416,Exatamente o que eu precisava.,positive,am_thuc
3417,O sabor lembra mais o de um muffin de mirtilo do que o de um mirtilo de verdade.,positive,am_thuc
3418,"É um queijo e macarrão ""caldoso"".",negative,am_thuc
3419,Esta é uma bebida muito saborosa com a quantidade certa de sabores.,positive,am_thuc
3420,"Já está quase acabando e até agora, todos os pretos não são de alcaçuz (e esse é o sabor bom comparado ao outro, eca!) o mesmo vale para os brancos e só havia um par do azul para ser jogado : (",positive,am_thuc
3421,Você só usa cerca de 1/3 da quantidade para obter a mesma força.,positive,am_thuc
3422,"Não gosto de todos os ingredientes, mas acho que terei que conviver com isso. Eu trabalho duro para manter os dentes do meu cachorro limpos.",negative,am_thuc
3423,"Eles também são ótimos para administrar pílulas, que se encaixam perfeitamente no centro e são imediatamente devoradas, sem pensar duas vezes.",positive,am_thuc
3425,Altamente recomendado.,positive,noi_chung
3426,Este é o torrado médio perfeito K - xícara.,positive,am_thuc
3427,Esta é a minha favorita mistura para panquecas sem glúten até agora.,positive,am_thuc
3428,Eu estava errado.,negative,am_thuc
3429,Estes são os biscoitos mais saborosos de sempre!,positive,am_thuc
3430,Eu bebo de 3 a 4 xícaras por dia simplesmente porque nada mais tem um sabor tão bom.,positive,am_thuc
3431,"Achei que os dois juntos seriam um presente ""quente e reconfortante"" para uma noite fria de inverno.",positive,am_thuc
3432,Xícara decente e forte com notas de torra italiana ou francesa.,positive,am_thuc
3434,Mas encontrei essas barras que atendem a essa necessidade e também têm um sabor ótimo.,positive,am_thuc
3435,Foi bom ter uma bolsa maior.,positive,am_thuc
3436,Li em outro lugar que usuários regulares de cafeína não se beneficiam desse tipo de bebida energética.,negative,am_thuc
3437,Eu gostei da pipoca e a maioria dos meus colegas de quarto também ( 8 ).,positive,am_thuc
3438,"Acho que as pessoas que gostam de açúcar adicionado à manteiga de amendoim vão gostar, mas eu não gosto.",negative,am_thuc
3439,Esta é a melhor bebida para tomar com gelo em um dia quente.,positive,am_thuc
3440,Meu golden retriever adora isso.,positive,am_thuc
3441,Eles são pequenos e fáceis de carregar no bolso.,neutral,am_thuc
3441,Eles são pequenos e fáceis de carregar no bolso.,positive,am_thuc
3442,3 latas equivalem a um recipiente grande e é mais barato do que você pode comprar no supermercado.,positive,gia_ca
3443,O sabor do gengibre é forte e marcante.,positive,am_thuc
3444,"Há muita informação errada sobre proteínas, O cânhamo é uma excelente fonte de fácil digestão e é uma proteína altamente biodisponível.",positive,am_thuc
3445,"Ou sirva com café, suco, ovos e bolinhos (ou muffins ingleses) para um café da manhã ao estilo britânico, como o que tomei em uma viagem à Inglaterra há muitos anos.",positive,am_thuc
3446,. . é um delicioso cereal caso contrário .,positive,am_thuc
3447,É incrível o que um pequeno Mg pode fazer!,positive,am_thuc
3448,"Não tem necessariamente um gosto ruim, apenas um gosto inesperado.",negative,am_thuc
3449,"EU AMO PB, mas tente não comer muito porque é muito rico em calorias.",neutral,am_thuc
3450,"O sabor Lime n Chili é o meu favorito, seguido de perto pelo Habanero BBQ.",positive,am_thuc
3451,"Esteja avisado, ele diz Pumpkin Spice Latte, então quando a xícara produz espuma, ela foi projetada para isso.",positive,am_thuc
3452,"Há muito tempo procuro um chá maravilhoso, não muito amargo chá verde, e este da Numi tem tudo!",positive,am_thuc
3453,Ele é repleto de minerais essenciais que seu corpo precisa.,positive,am_thuc
3454,Uma ótima compra para quem quer um sabor natural de manteiga de amendoim sem todas as calorias e gorduras.,positive,am_thuc
3455,O Tembleque de Goya (pudim de coco ao estilo porto-riquenho é absolutamente DELICIOSO!,positive,am_thuc
3456,"Quanto ao sabor, é muito leve e um pouco de nozes.",positive,am_thuc
3457,Que alívio. Estamos usando-o novamente com alegria e nossa comida melhorou!,positive,am_thuc
3458,Tem a textura e o sabor perfeitos para complementar a carne e derrete perfeitamente.,positive,am_thuc
3459,Tentações e peru são seus pratos favoritos.,positive,am_thuc
3460,Também achei que funcionou bem rápido.,positive,am_thuc
3461,Este é o melhor limão biscoito que já provei.,positive,am_thuc
3462,Eu sou um grande fã de Genisoy Soy Crisps (sabor Deep Sea Salted).,positive,am_thuc
3463,"A textura é boa, mas não é o que eu esperaria de um ""charque"".",neutral,am_thuc
3463,"A textura é boa, mas não é o que eu esperaria de um ""charque"".",negative,am_thuc
3464,"Elas se parecem um pouco com passas, mas são mais carnudas e doces.",positive,am_thuc
3465,"Como são um petisco macio, você pode facilmente quebrá-los em pedaços menores, se quiser.",positive,am_thuc
3466,Recomendo fortemente a todos.,positive,noi_chung
3467,"Este chiclete tem um gosto muito bom, mas o sabor não dura muito.",positive,am_thuc
3467,"Este chiclete tem um gosto muito bom, mas o sabor não dura muito.",neutral,am_thuc
3468,A bebida de Emeril é excelente.,positive,am_thuc
3469,"Parece que as barras de amêndoa e damasco foram alteradas quando eles mudaram do pacote de 8 para o pacote de 12, para que adicionassem mais damasco ou doçura de alguma forma.",negative,am_thuc
3470,Muito decepcionado com este produto!,negative,am_thuc
3471,"Não consigo comprar em nenhum lugar perto de onde moro, mas faz o melhor pipoca caramelizada de todos.",positive,am_thuc
3472,É muito bom e a família também gosta.,positive,am_thuc
3473,"Tenho isso em assinar e salvar e estou feliz que eles ofereceram isso, pois não vamos ficar sem! !",positive,gia_ca
3474,Adoro o sabor do amendoim e a crocância.,positive,am_thuc
3475,"Ainda bem que tinha bastante shell neles, senão eu não teria mais casa.",positive,am_thuc
3476,"Conheci essas batatas fritas por meio de uma amiga. Não consegui encontrá-las aqui perto, então comprei aqui. Elas são as MELHORES batatas fritas, super viciantes. Até minha irmã, que engasga com o gosto de cebola, AMA essas batatas fritas. A entrega foi rápida e vale a pena pedir uma caixa. Super saborosas!",positive,am_thuc
3477,"É difícil descrever o sabor desses quentinhos saindo do forno, mas eles são igualmente fabulosos frios.",positive,am_thuc
3478,A leve carbonatação acrescenta frescor.,positive,am_thuc
3479,"Como outros revisores disseram, esta pipoca não funciona na pipoqueira de ar.",neutral,am_thuc
3480,Mas é por isso que você está comprando isso afinal...,positive,am_thuc
3481,"Mas é ótimo tanto quente quanto frio, eu realmente gosto sempre",positive,am_thuc
3482,Elas são deliciosas!,positive,am_thuc
3483,"Concordo com Cavalier, tendo comprado 2 a 3 pedidos em dezembro de 2009, todos eles foram queimados.",negative,am_thuc
3484,"Eles não produziram em massa Sweet Baby Rays até meados dos anos 90, então sua avaliação do produto é baseada em um produto completamente diferente ou você clicou no link/produto errado para avaliar.",neutral,am_thuc
3485,"Eu sei, frutas secas têm um ""alto índice glicêmico"".",positive,am_thuc
3486,Essas barras são tão boas.,positive,am_thuc
3487,Não é preciso usar muito para que o recipiente dure!!,positive,am_thuc
3488,O sabor do cheddar é O MELHOR.,positive,am_thuc
3489,Muito melhor que seus saquinhos de chá.,positive,am_thuc
3490,"Meus grãos reviveram em menos tempo do que as instruções sugeriram, em 2 a 3 dias.",negative,am_thuc
3491,Absolutamente perfeito.,positive,am_thuc
3492,"O sabor do limão não é forte e não tem aquele gosto ""falso"" que outras dietas produtos parecem ter.",positive,am_thuc
3493,Não preciso usar tanto quanto o sal de cozinha convencional e,positive,am_thuc
3494,Sabor agradável e misturou muito bem.,positive,am_thuc
3495,Isso é rápido e prático.,positive,am_thuc
3496,"Um amigo tinha esse produto e, depois que experimentei, fiquei viciado.",positive,am_thuc
3497,A nitidez de todos os Reed's,positive,am_thuc
3498,O assado italiano é o melhor que já comemos.,positive,am_thuc
3499,Essa é a única comida que ela devora como um cachorro de verdade.,positive,am_thuc
3500,Eu recomendo fortemente este chá para quem quer aproveitar a melhor xícara de chá.,positive,noi_chung
3501,Ela faz o chá gelado mais incrível no verão.,positive,am_thuc
3502,Eu realmente gosto disso café. O sabor é muito bom! !,positive,am_thuc
3503,"Este é o meu café favorito de todos os café, além do alemão café.",positive,am_thuc
3505,"Você provavelmente poderia quebrá-los, colocá-los no leite e comê-los no café da manhã como se fossem flocos congelados.",positive,am_thuc
3506,"Algumas pessoas acham que eles são um pouco fedorentos, mas o cheiro não me incomoda e os cães os adoram.",positive,am_thuc
3507,Eles têm um sabor ótimo!,positive,am_thuc
3508,"É doce, então não precisa adicionar açúcar e também tem um tempero agradável!",positive,am_thuc
3509,Cada mordida é o paraíso.,positive,am_thuc
3510,"Eu os adoro por causa dos ingredientes orgânicos, sem corantes ou sabores artificiais e por serem de baixa caloria, o que significa que posso oferecer a ela um agrado extra de vez em quando.",positive,am_thuc
3511,"Felizmente, ele fica muito bonito em cima do balcão.",positive,am_thuc
3512,Os pedaços de queijo têm o formato de pequenos quadrados ou triângulos fofos.,positive,am_thuc
3513,O sabor do sal é muito bom!,positive,am_thuc
3514,Esses biscoitos proporcionam ao amante de chocolate uma experiência satisfatória.,positive,am_thuc
3515,Eu esperava um pouco mais de sabor.,negative,am_thuc
3516,Tem um gosto ótimo!,positive,am_thuc
3517,Eles são uma ótima opção sem gordura e têm apenas batata-doce como ingrediente.,positive,am_thuc
3518,O grau 100% B tem um sabor mais forte de bordo e nem sempre é encontrado nas lojas.,positive,am_thuc
3519,Dei 4 estrelas e não 5 só porque às vezes é um pouco açucarado,negative,am_thuc
3520,"Os pacotes não têm o suficiente para fazer uma ótima xícara de chocolate quente, então este recipiente é perfeito, pois você pode colocar a quantidade que quiser para deixar o sabor perfeito!",positive,am_thuc
3521,Adorei estes biscoitos.,positive,am_thuc
3522,Não era muito doce e isso era perfeito porque o recheio da torta era .,positive,am_thuc
3523,Eu bebo sem adoçantes e também gelado.,positive,am_thuc
3524,"Essas barras não são exceção, são ingredientes puramente saudáveis, então me sinto bem comendo-as.",positive,am_thuc
3525,VALE MUITO A PENA O PREÇO.,positive,gia_ca
3526,"Se você gosta de uma boa xícara de café todos os dias, acho que vai gostar disto.",positive,am_thuc
3527,"Embora estivesse bom, não atingiu o objetivo.",neutral,am_thuc
3528,O cereal Kix é absolutamente delicioso.,positive,am_thuc
3529,Descobri que preciso fazer algumas tentativas e erros para obter o nível certo de água para mim.,positive,am_thuc
3530,Eles estavam realmente frescos e tinham um sabor absolutamente delicioso!,positive,am_thuc
3531,Os sabores café estão me dando nos nervos e este é um bom sabor para o dia a dia café.,positive,am_thuc
3532,"O sabor é distinto, mas não é ruim, e elimina o gosto ""apenas de fruta"" do smoothie.",neutral,am_thuc
3533,"Não é amargo, mas é encorpado, muito bom!",positive,am_thuc
3534,A textura adicionada da noz-pecã moída deixou tudo ainda melhor!,positive,am_thuc
3535,Tem o mesmo sabor do meu restaurante de carnes favorito! !,positive,am_thuc
3536,Comporta muitas cápsulas K e tem um visual limpo e organizado.,positive,am_thuc
3537,"Essas barras são realmente frutadas e macias, mesmo com todas as nozes.",positive,am_thuc
3538,Também rendeu uma quantia muito grande!,positive,am_thuc
3539,"Eles são aceitáveis com leite ou iogurte, mas eu poderia facilmente comprar granola comum e não ter que quebrá-la (elas não quebram facilmente).",positive,am_thuc
3541,"Meu marido disse que poderia ser melhor, então não tenho certeza se gostei porque não consigo lembrar qual é o gosto de uma boa massa de pizza ou se meu marido está sendo exigente?",negative,am_thuc
3542,"Um gosto um pouco amargo, se você me perguntar.",negative,am_thuc
3543,"O suco de cereja ácida ajuda não apenas com artrite, mas também com outras coisas.",positive,am_thuc
3544,Esses são os melhores pretzels que já comi.,positive,am_thuc
3545,Estou retornando para todas as minhas necessidades futuras Pó de alfarroba.,positive,am_thuc
3546,"Choc Rasp é o melhor sabor, mas Chocolate Hazelnut, Chocolate Mint e Milk Chocolate também são excelentes.",positive,am_thuc
3547,Eles têm um sabor tão bom.,positive,am_thuc
3548,Eu adorei!,positive,am_thuc
3549,Eles têm baixo teor de sódio e grande parte da gordura que contêm é do tipo bom (de nozes).,positive,am_thuc
3550,Duas pessoas do trabalho experimentaram e ambas adoraram. Uma delas imediatamente entrou na internet e encomendou em Amazon . com .,positive,am_thuc
3551,Ótimo preço.,positive,gia_ca
3552,Cada saqueta contém 4 chá saquinhos.,positive,am_thuc
3553,Não diz em lugar nenhum que NÃO TENHA CAFEÍNA.,negative,am_thuc
3554,Estou muito agradecida!,positive,am_thuc
3555,"Tem um corpo e sabor excelentes, tão bom quanto qualquer outro café moído que já tomei.",positive,am_thuc
3556,"Isso mesmo, não limão, mas capim-limão.",negative,am_thuc
3557,Possui grãos e texturas maravilhosas.,positive,am_thuc
3558,Também fica fantástico com molhos! : ),positive,am_thuc
3559,Eu deveria saber que não devo esperar aquela delícia sazonal que a Starbucks costuma oferecer; mas eu esperava que fosse o suficiente para satisfazer esse desejo.,negative,am_thuc
3560,Adorei o produto e o sabor da baunilha é ótimo!,positive,am_thuc
3561,Este é meu novo favorito K-Cup.,positive,am_thuc
3562,Eles são bons simples e ficariam ótimos em saladas.,positive,am_thuc
3563,"Se você gosta de chocolate intenso, você vai adorar essa coisa.",positive,noi_chung
3564,Meu bebê fez uma cara horrível quando dei isso a ele.,negative,am_thuc
3565,Comprei isso como um suplemento de cálcio e magnésio para meus filhos.,positive,am_thuc
3566,Recomendo este produto para quem procura uma boa alternativa à farinha de trigo.,positive,noi_chung
3566,Recomendo este produto para quem procura uma boa alternativa à farinha de trigo.,positive,am_thuc
3567,combinação de Kamut e quinoa foi muito interessante.,positive,am_thuc
3568,As calorias ainda são bem altas (100 calorias para 8.,negative,am_thuc
3569,Só tenho a dizer algo positivo ) ) ),positive,am_thuc
3571,Tenho que admitir que antes de comprar este kit eu não sabia que você também precisava comprar todos os equipamentos necessários para fazer vinho .,positive,am_thuc
3572,"Comprei sabendo que era um alimento ""diet"", mas não esperava que fosse tão ruim.",negative,am_thuc
3573,"Eu me pergunto por que a Quaker, que é conhecida por sua aveia, tem que ser um tanto enganosa e não revelar logo de cara que este cereal não é totalmente feito de aveia e depois fazer alegações sobre redução de colesterol quando não é APENAS farinha de aveia.",negative,am_thuc
3574,"Mas depois de desembrulhar a embalagem, fiquei decepcionado.",negative,am_thuc
3575,"Para mim, o sabor era amargo e um pouco picante.",negative,am_thuc
3576,Meus gatinhos adoram todos os sabores e sempre voltam para mais.,positive,am_thuc
3577,É realmente um tipo de comida completamente diferente.,positive,am_thuc
3578,Este produto é muito resistente e ótimo.,positive,am_thuc
3579,Ele adora o sabor e eles são muito mais saudáveis que doces.,positive,am_thuc
3580,Não tinha gosto de molho barbecue.,negative,am_thuc
3581,"Muito fácil de preparar e há muitas maneiras de incrementá-lo, se quiser: presunto, pedaços de bacon, amêijoas e mais vegetais.",positive,am_thuc
3582,"Infelizmente, não está bem misturado.",negative,am_thuc
3583,Achei que estava apenas ok.,neutral,am_thuc
3584,"E, odeio admitir, mas o cheiro agradável e a ausência de subprodutos também despertaram meu lado curioso.",positive,am_thuc
3585,Eu também recomendo experimentar com creme de baunilha.,positive,noi_chung
3586,Eles são digeríveis e ajudam a limpar os dentes.,positive,am_thuc
3587,"O sabor é maravilhoso e a explosão de energia natural da teobromina mantém meu marido alerta enquanto trabalha à noite, sem as abstinências de cafeína comuns em bebidas café.",positive,am_thuc
3588,Tudo o que sei é que ela gruda no céu da boca como nenhuma outra manteiga de amendoim!,positive,am_thuc
3589,"Até agora, o sabor Laranja Manga é meu favorito, mas ainda não experimentei todos.",positive,am_thuc
3590,"Não recomendo este produto - opte pela marca de eritritol ""Wholesome Sweetness"", pois não há nenhum outro ingrediente listado em seu produto.",negative,noi_chung
3591,Continue com o bom trabalho ! ! ! ! ! !,positive,am_thuc
3592,Comprei esse xarope porque foi uma boa compra.,positive,am_thuc
3593,Mas eles eram bons e um pouco mais baratos do que alguns outros biscoitos sem glúten que compro.,positive,gia_ca
3593,Mas eles eram bons e um pouco mais baratos do que alguns outros biscoitos sem glúten que compro.,positive,am_thuc
3594,O sabor é tão bom que você realmente não sente falta do sal.,positive,am_thuc
3595,"Algumas pessoas falaram sobre diferentes sabores ou gostos residuais, mas para mim o sabor é o mesmo de outras águas engarrafadas, mesmo quando bebido consecutivamente.",neutral,am_thuc
3596,"Este material tem um sabor ótimo e é realmente um complemento saudável à dieta, com moderação.",positive,am_thuc
3597,"Eu adoro os Cheetos Cheese Puffs originais, mas não o fato de meus dedos ficarem cobertos com a cobertura laranja dos bolinhos.",positive,am_thuc
3599,Você pode saborear os ingredientes de qualidade.,positive,am_thuc
3600,A embalagem diz para usar 4 colheres de sopa de chá por xícara e coar - então comprei este pacote com 4 (imaginando que 4 colheres de sopa por xícara consumiriam tudo bem rápido).,positive,am_thuc
3601,Provavelmente o melhor chá,positive,am_thuc
3602,"Era bastante insosso, então o sabor não correspondeu ao sabor encorpado que se esperaria de um café torrado escuro café.",positive,am_thuc
3603,Sabor maravilhoso puro ou em coquetéis de água tônica.,positive,am_thuc
3604,Um chá que é tão bom para você e vai ajudar muitas coisas no seu corpo.,positive,am_thuc
3605,Este é o melhor chá de mirtilo que já tomei.,positive,am_thuc
3606,"Estável na prateleira, então eu faço o que preciso, e você pode fazer apenas metade da caixa se você medir.",positive,am_thuc
3607,Meu filho ADORA isso!!,positive,am_thuc
3608,Eles têm um cheiro agradável e nostálgico que me lembrou da bunda do meu velho avô quando ele passava.,positive,am_thuc
3609,Eles gostam de carne desfiada e pedaços de batata e vegetais.,positive,am_thuc
3610,"Se você é um ávido bebedor de café expresso, não procure mais.",positive,noi_chung
3611,São necessárias duas K-cups para fazer uma xícara de café descafeinado com concentração normal.,negative,am_thuc
3612,Provavelmente comerei isso de manhã para começar o dia.,positive,am_thuc
3613,"Na verdade, eu perco peso quando sigo essa dieta no café da manhã.",positive,am_thuc
3614,"Posso tomar uma xícara de café quente e de qualidade fantástica em cerca de um minuto, do início ao fim.",positive,am_thuc
3616,Dei uma estrela para esta avaliação porque esses potes são feitos de plástico e não de vidro.,negative,am_thuc
3617,Continuaremos a encomendar essas delícias de amêndoas torradas no forno para que sempre tenhamos algumas disponíveis.,positive,noi_chung
3618,"É imperdível, você não vai se decepcionar!!!",positive,noi_chung
3619,"No início fiquei preocupado porque ela tem um sistema digestivo extremamente sensível, mas até agora não vi nenhum problema e estou usando-os há mais de uma semana.",positive,am_thuc
3620,É cremoso e tem o sabor maravilhoso dos Butterfingers.,positive,am_thuc
3621,Isso faz um chá de ótima qualidade.,positive,am_thuc
3622,"É perfeito quente ou gelado, do jeito que está.",positive,am_thuc
3623,Pretendo comprar mais quando eu comer esse lote!,positive,am_thuc
3624,As desvantagens são que o saco contém uma quantidade muito pequena e os pedaços são quebradiços e quebram.,negative,am_thuc
3625,"Quando isso chegou, ela ficou muito feliz. Chegou no prazo e em perfeitas condições.",positive,am_thuc
3626,"É realmente maravilhoso e meu pote preferido, então fica no balcão com pelo menos um de reserva (às vezes vários, pois vou dando de presente).",positive,am_thuc
3627,Misturo uma colherada do topper/mixer alimento Wellness com a ração seca Wellness Core para meus dois cães e eles AMAM!,positive,am_thuc
3628,Depois o café fica com um gosto bom.,neutral,am_thuc
3629,Fiquei muito decepcionado com isso café.,negative,am_thuc
3630,"Ajustei a configuração do meu moedor de rebarbas e reduzi a quantidade (3 colheres de sopa cheias para 18 onças de água fresca filtrada por um cone nº 4), o melhor grão de café com sabor",positive,am_thuc
3631,A textura é como pudim de gelatina e o sabor pode ser um pouco parecido com um marcador mágico com cheiro de caramelo.,negative,am_thuc
3632,Melhor que sal e vinagre comuns batatas fritas.,positive,am_thuc
3633,Eu adoro sal rosa do Himalaia!,positive,am_thuc
3634,"Também experimentamos outros sabores desta comida, mas este é o favorito deles!",positive,am_thuc
3635,É o refrigerante com sabor de laranja mais refrescante que já experimentei.,positive,am_thuc
3636,"É verdade que esta é a primeira e única cafeteira Keurig que tive, ela faz tudo o que deveria.",positive,am_thuc
3637,"Nunca gostei de nenhuma outra barra de granola, mas comi literalmente centenas delas.",positive,am_thuc
3638,Nunca mais quero comer nenhuma dessas barras de chocolate de marca grande toffee!,positive,am_thuc
3640,[Máquina de 8 anos] para o pão integral RAPID - Crosta média - As fotos mostram os resultados do cozimento e a cintura logo mostrará o 'prazer' deste ótimo pão.,positive,am_thuc
3641,Eles são da melhor qualidade e são um ótimo petisco.,positive,am_thuc
3643,Eles parecem incríveis e têm um sabor ótimo.,positive,am_thuc
3644,"Definitivamente tem um sabor e uma textura melhores do que algumas massas ""saudáveis"" disponíveis, mas esta não me convence.",positive,am_thuc
3645,"Meu cocker spaniel teve sérios problemas de ouvido (como muitos cockers têm) e o veterinário recomendou uma ração para cães com receita. Depois de pesquisar, decidi usar Holistic Select, e as orelhas dele estão muito melhores!",positive,am_thuc
3646,"Então, uma ótima torra média, se é isso que você gosta.",positive,am_thuc
3648,Parece que preciso dar ao meu cachorro um saco inteiro para que ele receba 500 mg de glucosamina.,negative,am_thuc
3649,Adoro que seja orgânico e esteja num frasco de vidro.,positive,am_thuc
3650,Eu amo pimenton e amo a Amazon.,positive,am_thuc
3651,Eu também gosto muito da geléia de framboesa e damasco.,positive,am_thuc
3652,Originalmente comprei isso na Petfood Express em São Francisco.,positive,am_thuc
3653,"Eu NÃO sou de forma alguma um ""chá esnobe"", então não posso analisar este produto em detalhes como outros podem fazer.",negative,am_thuc
3654,Muito menos mole que a versão vegetariana americana.,positive,am_thuc
3655,"Wholesome Sweeteners é um produto ORGÂNICO/COMÉRCIO JUSTO, de qualidade produto que tenho por assinatura.",positive,am_thuc
3656,"Várias pessoas me recomendaram este como o melhor pão sem glúten pão, já que eu tinha desistido de encontrar um pão sem glúten decente.",positive,noi_chung
3657,"Peguei os dois sacos de café ""preparados na xícara"" Maxwell House e Folgers e os achei aceitáveis (em vez de uma xícara de café fresco de uma cafeteira de verdade), então minhas expectativas eram de que esse café teria sabor e qualidade semelhantes.",positive,am_thuc
3659,Definitivamente um ótimo achado.,positive,am_thuc
3660,"Eu experimentei todos eles e este é de longe o mais suave, saboroso e suave de todos",positive,am_thuc
3661,Petite Cuisine Gourmet Cat Food foi um verdadeiro sucesso com meu gato impossível.,positive,am_thuc
3662,Comprarei sempre agora. Entrega rápida e um bom preço também.,positive,noi_chung
3662,Comprarei sempre agora. Entrega rápida e um bom preço também.,positive,gia_ca
3663,Sem coragem.,positive,am_thuc
3664,"Na verdade, a maioria dos Boulder Chips são verdadeiramente gourmet e saborosos.",positive,am_thuc
3665,"Não sei se é o sabor ou a textura (bom, com alguns pedacinhos), mas ela engole tudo.",positive,am_thuc
3666,Adoro esse sabor.,positive,am_thuc
3667,Meu marido e eu experimentamos e o gosto residual é muito desagradável e forte.,negative,am_thuc
3668,"Eu uso essa goma porque ela é boa para a saúde dos dentes, não afeta o açúcar no sangue, adoro o sabor da canela e o sabor da fruta também é bom.",positive,am_thuc
3669,Esses são ótimos lanches.,positive,am_thuc
3670,Gostei do fato de que o plástico NÃO tinha nada escrito (odeio isso).,positive,am_thuc
3671,Era como se alguém tivesse jogado meia xícara de açúcar ali.,negative,am_thuc
3672,"Comparável ao Poppycock, mas com um pouco mais de sabor e menos nozes, uma ótima mudança de ritmo.",positive,am_thuc
3673,"Um pouco caro, mas como sempre você deve pagar mais por itens eficazes.",negative,gia_ca
3675,Delicioso e muito eficaz.,positive,am_thuc
3676,"Agora, se meu cachorro vê a sacola, ele começa a babar.",positive,am_thuc
3677,Eu recomendo fortemente a comida para cães do Chef Michael Filé Mignon!,positive,noi_chung
3678,"Alguns gramas de fibra, alguns gramas de proteína, alguns gramas de gordura = o lanche PERFEITO para níveis saudáveis de açúcar no sangue para mim.",positive,am_thuc
3679,Eu diria que é um doce agridoce chocolate e muito bem feito.,positive,am_thuc
3680,Esse sabor é difícil de encontrar.,negative,am_thuc
3681,"Eles também são feitos de peixes pescados domesticamente e, embora sejam enlatados na Ásia, as latas não contêm BPA, o que não é comum na indústria.",positive,am_thuc
3682,Não vi diferença alguma depois de beber isso por mais de 3 semanas.,neutral,am_thuc
3683,Ótimo com torradas e ovos cozidos.,positive,am_thuc
3684,Mas eu me recuso a pagar US$ 4+ por caixa no supermercado comum!!,negative,gia_ca
3685,"Esta garrafa em particular NÃO contém cálcio, como indica a imagem do rótulo nutricional.",negative,am_thuc
3686,Este pepperoni é macio e um pouco oleoso - bom se você gosta disso.,positive,am_thuc
3687,Meus filhotes AMAM essa comida!,positive,am_thuc
3688,"É leve, vegetal e muito suave.",positive,am_thuc
3689,"Meus cães adoraram os Loving Pet Sticks, mas quando li que eles eram feitos na China, joguei-os fora e me recusei a comprar muitos outros produtos da Loving Pet até que fossem feitos nos EUA.",positive,am_thuc
3690,"No entanto, este produto é proteína pura e, portanto, não é bom para os rins se eles comerem muito.",positive,am_thuc
3690,"No entanto, este produto é proteína pura e, portanto, não é bom para os rins se eles comerem muito.",negative,am_thuc
3691,Minha família ADORA estes biscoitos.,positive,am_thuc
3692,"Achei que seria uma boa ideia compartilhar isso com qualquer pessoa que esteja pensando em comprar este produto e tentando descobrir quantos palitos eles precisam usar no chá ou café, rs!",negative,am_thuc
3693,Já experimentei vários sabores e gostei de todos.,positive,am_thuc
3694,Mas foi um salva-vidas.,positive,am_thuc
3696,Eu definitivamente pediria isso novamente.,positive,am_thuc
3697,Vale muito a pena o preço!,positive,gia_ca
3698,Porque está cheio de moscas mortas.,negative,am_thuc
3699,Vale cada centavo!,positive,gia_ca
3700,"Sim, você deve consumir com moderação, então quando você fizer sal sua comida, ela deve ser feita com isso sal.",positive,am_thuc
3702,MAS agora custa mais que o dobro do que paguei quando o comprei no mercado no ano passado.,positive,gia_ca
3703,O que mais gostei foi que as nozes corresponderam ao que foi anunciado!,positive,am_thuc
3704,"Eu sempre usei o tamanho de comprimido antes, mas por impulso comprei a versão cápsula (mesmo preço).",positive,gia_ca
3706,Dei uma estrela porque essas não são as guloseimas favoritas do meu cachorro.,negative,am_thuc
3707,Fica ainda mais saboroso com morangos frescos cortados por cima.,positive,am_thuc
3708,Especiarias perfeitamente equilibradas com um toque picante de pimenta-do-reino.,positive,am_thuc
3709,Eu o recomendo fortemente para aqueles que querem uma boa xícara de café sem se comprometer com uma cafeteira inteira ou carregar uma cafeteira tipo K-cup para o trabalho ou na estrada.,positive,noi_chung
3710,Tem um toque de doçura que (ao contrário de outras marcas populares) não lhe dará uma onda de açúcar.,positive,am_thuc
3711,"Pessoalmente, eu não compraria estes quadrados de aveia e optaria por um cereal nutritivo e com mais sabor.",negative,noi_chung
3712,"Para 210 ou 250 calorias, acho que deveria ter mais sabor, mas para aqueles que não gostam de açúcar no cereal, isso funciona bem, especialmente se preferirem um rico em fibras.",negative,am_thuc
3713,"Embora a embalagem diga ""masala"", na verdade ela tem um sabor próprio e saboroso.",positive,am_thuc
3714,"Este produto me atraiu porque tem um teor um pouco menor de gordura (isto é, em relação à maioria das ""refeições prontas para comer"" asiáticas ou do subcontinente).",positive,am_thuc
3715,Fiquei encantado com estes conchas.,positive,am_thuc
3716,"Eles fizeram um recall voluntário da fórmula para filhotes, mesmo quando os testes não revelaram contaminação.",positive,am_thuc
3717,"É a quantidade perfeita de picante se você não quer queimar a boca, mas quer complementar sua comida.",positive,am_thuc
3718,"Gorduroso e sem sabor / insosso, mas comestível.",negative,am_thuc
3719,"Isso ajudará a evitar que o pote quebre, e o iogurte ficará bom, mas depois disso, quando você transferir um quarto de xícara para o próximo lote e adicionar leite, é melhor não esquentar muito o leite, fique de olho.",positive,am_thuc
3720,Eu esfarelo um pouco e coloco sobre a comida normal dele e ele come a comida muito mais rápido por causa dessas guloseimas.,positive,am_thuc
3721,"Eu daria 5 estrelas, mas meu cachorro tem dificuldade para mastigar, é meio duro.",negative,am_thuc
3722,"No mês passado, decidi pedir novamente e este produto não diz mais ""sem glúten"" na embalagem e contém trigo.",negative,am_thuc
3723,Tem um gosto bom.,positive,am_thuc
3724,Acho que eles precisam de melhor controle de qualidade.,negative,am_thuc
3725,Eu amei cada um deles.,positive,am_thuc
3726,"Nós experimentamos MUITOS sabores diferentes de café, mas o TORRADO ITALIANO é o favorito do meu marido.",positive,am_thuc
3727,Esses lanches são ótimos para crianças.,positive,am_thuc
3728,"É bom e saciante para meu filho, mas quando lhe dou sozinho ele não gosta do sabor.",positive,am_thuc
3728,"É bom e saciante para meu filho, mas quando lhe dou sozinho ele não gosta do sabor.",negative,am_thuc
3729,"Talvez eu tenha recebido um lote ruim, mas seja qual for o caso, certamente não compraria esta marca novamente e aprendi a não comprar itens que nunca experimentei em uma quantidade tão grande.",negative,am_thuc
3731,"Bem, eu já experimentei a maioria dos sabores e, até agora, eles se afastaram de todos eles.",negative,am_thuc
3732,Esses chips são incríveis.,positive,am_thuc
3733,"Essa coisa é incrível, nem sei mais o que dizer.",positive,am_thuc
3734,É muito bom quente ou gelado.,positive,am_thuc
3735,"Eu recomendo fortemente todas as ""pastas saborosas"" da Kong - são fáceis de usar, não fazem sujeira e são um ótimo petisco extra para cães.",positive,noi_chung
3735,"Eu recomendo fortemente todas as ""pastas saborosas"" da Kong - são fáceis de usar, não fazem sujeira e são um ótimo petisco extra para cães.",positive,am_thuc
3736,"Não é ruim, mas há outros pós que eu gosto mais - a principal vantagem que este tem sobre aqueles é que ele tem poucas calorias.",neutral,am_thuc
3736,"Não é ruim, mas há outros pós que eu gosto mais - a principal vantagem que este tem sobre aqueles é que ele tem poucas calorias.",positive,am_thuc
3737,"Este item tem um sabor bom, bastante forte, mas não amargo.",positive,am_thuc
3738,Meus gatos adoram isso coisas.,positive,am_thuc
3739,"O Appletini tem um sabor muito parecido, mas acho que um Apple Martini tem o mesmo sabor.",positive,am_thuc
3740,"Nós gostamos disso mistura de sal em vegetais assados, carnes grelhadas e em qualquer coisa que eu pense em colocar.",positive,am_thuc
3741,"Mas para aqueles que amam uma ÓTIMA xícara de café, esta não é a marca para comprar.",negative,am_thuc
3742,Equilíbrio perfeito entre doce/azedo/crocante.,positive,am_thuc
3743,"Nunca comi queijo dessa qualidade fora da França, e esta é a primeira vez que encontro um queijo ""perfeito"" nos EUA.",positive,am_thuc
3744,"Não tenho certeza se isso é verdade, mas consumo cafeína diariamente.",negative,am_thuc
3745,Ótimo sabor orgânico produto!,positive,am_thuc
3746,"Não posso falar sobre a autenticidade da mistura de temperos, pois não tenho experiência anterior com ela, mas usei-a em uma receita de ensopado de lentilha e frango etíope que comprei no Eating Well e ficou uma delícia e agradavelmente reconfortante.",positive,am_thuc
3747,É isso chá!,positive,am_thuc
3748,"Que vergonha, Wallenford, pela decepção! !",negative,am_thuc
3749,É de longe um dos melhores alimentos que existem.,positive,am_thuc
3750,"Quase não há nozes-pecãs, mas há toneladas de castanhas de caju.",positive,am_thuc
3751,"Este não é um produto artesanal produto que varia a cada lote; é exatamente o mesmo extrato de baunilha, garrafa após garrafa.",neutral,am_thuc
3753,"Gosto muito do fato de que o kit inclui todos os ingredientes para o vinho, além das rolhas, rótulos e mangas para os gargalos das garrafas, para que o produto final tenha uma aparência muito profissional e possa ser dado de presente. Alguns dos kits de vinho mais caros de outros fabricantes não incluem esses itens extras.",positive,am_thuc
3754,Elimine essas peças desnecessárias e você terá cinco estrelas com certeza.,positive,am_thuc
3755,"Não provei a versão original, mas a mistura de avelãs é deliciosa.",positive,am_thuc
3756,Eles são os seus favoritos.,positive,am_thuc
3757,"Não é terrível, mas também não é ótimo.",neutral,am_thuc
3758,"Não há nada de errado com o xarope, mas o frasco parece muito com xarope de avelã sem açúcar e comprei isso por engano.",neutral,am_thuc
3758,"Não há nada de errado com o xarope, mas o frasco parece muito com xarope de avelã sem açúcar e comprei isso por engano.",negative,am_thuc
3759,Fiquei muito decepcionado com o produto.,negative,am_thuc
3760,"Isso foi um grande desânimo, mas eu tive boas experiências com glúten de trigo no passado, então tentei.",negative,am_thuc
3761,Basicamente apenas água com benefícios ocultos para a saúde.,positive,am_thuc
3762,"Pode levar um tempo para se acostumar com os sabores, só porque eles são tão autenticamente frutados que não têm o mesmo gosto das gomas excessivamente doces que você provavelmente está acostumado, mas definitivamente vale a pena experimentar.",positive,am_thuc
3763,Meu prato mais popular tem alcachofras . .,positive,am_thuc
3764,"Não sei por que, pois todos os outros cremes que experimentei funcionaram bem.",negative,am_thuc
3765,Eles têm um sabor fresco e torrado.,positive,am_thuc
3766,Este cereal é realmente saudável para você.,positive,am_thuc
3767,"Um sucesso com meu filho de 14 anos e minha sobrinha universitária, que levou vários copos para a escola.",positive,am_thuc
3768,Green Mountain tem muitas misturas e sabores de café para você escolher.,positive,am_thuc
3769,O sabor é horrível e eu tentei todas as três configurações de tamanho na minha cafeteira.,negative,am_thuc
3770,Chá Earl Grey é um dos meus chás favoritos.,positive,am_thuc
3771,O segundo e o terceiro ingredientes são açúcar e açúcar mascavo.,negative,am_thuc
3772,Nós amamos isso.,positive,am_thuc
3773,Comprei este chutney para fazer uma receita de uma revista que estava lendo.,positive,am_thuc
3774,"Eu adoro esse sabor no frango, mas no futuro terei que fazer meu próprio jerk.",positive,am_thuc
3775,A ousadia e a escuridão torrado são temperadas pelo mais claro torrado.,positive,am_thuc
3776,A comida é ótima e os gatos gostam.,positive,am_thuc
3777,Este é um ótimo óleo para cabelo.,positive,am_thuc
3778,"Os diferentes sabores de sal de bacon são excelentes e combinam bem com opções de café da manhã, almoço e jantar.",positive,am_thuc
3779,Comprei para ir ao buffet de doces da minha filha na sua receção de casamento.,positive,am_thuc
3780,Acho que o sabor é tão forte quanto uma xícara normal de café coado Maxwell House e é 100 vezes mais prático.,positive,am_thuc
3781,Eu os acho muito doces.,conflict,am_thuc
3782,Esses pretzels são meu lanche principal e até minha família os adora.,positive,am_thuc
3783,"Fiquei muito animado ao ver xícaras de cappuccino oferecidas pela Amazon... depois de um gole dessa coisa, percebi que algo estava errado.",negative,am_thuc
3785,Comprei isso como presente de Natal para minha cunhada e meu irmão e eles adoraram!,positive,am_thuc
3786,"Um dos motivos pelos quais comprei isso iogurteira foi que era menos trabalhoso e consumia menos energia, mas a solução alternativa para evitar o recipiente de plástico é um pouco chata.",positive,am_thuc
3787,"Foi um ótimo preço, cerca de US$ 0,46 a onça.",positive,gia_ca
3788,Agradável e al dente.,positive,am_thuc
3789,"você sabe quando você morde um belo pedaço de fruta saborosa alcaçuz? aquele momento requintado quando o cítrico atinge as papilas gustativas e você sabe que a mastigação suave que virá em seguida liberará mais sabor? é isso que você terá com esta romã alcaçuz! graças a Deus que Amazon enviou apenas um pequeno pacote, porque não há como um grande estoque durar muito tempo em casa! isso é algo bom!",positive,am_thuc
3790,"Adoro o sabor, mas o cereal realmente fica CROCANTE, na verdade, em duas ocasiões diferentes ele quebrou meus dentes!",positive,am_thuc
3790,"Adoro o sabor, mas o cereal realmente fica CROCANTE, na verdade, em duas ocasiões diferentes ele quebrou meus dentes!",negative,am_thuc
3791,Minha filha adora isso e toma três vezes ao dia.,positive,am_thuc
3792,"Parecia um preço razoável para uma comida de melhor qualidade. Era, e o problema é que meus rapazes não querem comer, preferem a ração barata para gatinhos!",positive,gia_ca
3792,"Parecia um preço razoável para uma comida de melhor qualidade. Era, e o problema é que meus rapazes não querem comer, preferem a ração barata para gatinhos!",negative,am_thuc
3793,"A embalagem de isopor era o recipiente perfeito para entrega; o queijo chegou ""vivo"" por não ter sido resfriado demais.",positive,am_thuc
3794,"Mas encontrar algo realmente satisfatório e saboroso, e por menos de US$ 3, é incrível!",positive,am_thuc
3794,"Mas encontrar algo realmente satisfatório e saboroso, e por menos de US$ 3, é incrível!",positive,gia_ca
3795,"Já experimentei muitos chás verdes na mesma faixa de preço, mas sempre volto para Stash Organic Green.",positive,am_thuc
3796,"Os diferentes sabores acrescentam mais variedade e também é fácil misturar com um pouco de manteiga, parmesão e temperos.",positive,am_thuc
3797,Esses amendoins têm uma crocância e um sabor marcantes.,positive,am_thuc
3798,Acho que está um pouco abaixo da classificação de 5 estrelas.,positive,am_thuc
3799,"Eles não são fortificados com vitaminas e minerais, mas você sempre pode tomar um multivitamínico se quiser.",positive,am_thuc
3800,O melhor ! !,positive,am_thuc
3801,Certamente comprarei novamente!,positive,am_thuc
3802,"Consegui fazer QUALQUER receita usando este produto como um substituto 1:1 e funciona, e mais importante, tem um sabor ÓTIMO! !",positive,am_thuc
3803,É realmente uma delícia.,positive,am_thuc
3804,"Não acho que alguém compraria melaço online se quisesse apenas uma comida saborosa, então acho que é uma opção vencedora.",neutral,noi_chung
3805,"Essas batatas fritas doces eram saborosas, mas minha única objeção real era a maltodextrina, que dificilmente é ""totalmente natural, sem falsificação ou falsificação"" como é anunciado.",positive,am_thuc
3806,O pacote veio com instruções de preparação fáceis de seguir e ela cozinhou o produto de acordo.,positive,am_thuc
3807,E tenho certeza que é melhor para ela.,positive,am_thuc
3808,"Suas cores eram rosa, prata e branco.",positive,am_thuc
3809,Esses biscoitos são absolutamente deliciosos!,positive,am_thuc
3810,Eu compro em caixas e muitas vezes dou garrafas para amigos que também gostam do sabor.,positive,am_thuc
3811,Facilita a colocação de mais alimentos na geladeira ou no refrigerador.,positive,am_thuc
3812,"Não sou exatamente esnobe nem nada, costumo beber Folgers ou marcas próprias, mas queria experimentar isso por causa de todas as críticas elogiosas e não entendi.",negative,am_thuc
3813,Decidi experimentar porque minha filha é viciada na marca sem sabor Donunt House Coffee.,positive,am_thuc
3814,Estou feliz que ele tenha sido honesto comigo porque não quero desperdiçar dinheiro em algo que ele não vai gostar.,negative,noi_chung
3815,"Parte do sabor salgado provavelmente vem do queijo, mas é demais.",negative,am_thuc
3816,O preço também não é ruim.,positive,gia_ca
3817,Eu também uso isso para fazer um esfoliante facial e corporal totalmente natural!,positive,am_thuc
3818,Não comprarei isso novamente.,negative,am_thuc
3819,Sem gosto residual desagradável.,positive,am_thuc
3820,"Dei três estrelas porque é o que diz ser, mas o sabor não é o mesmo.",neutral,am_thuc
3821,"Há 6 caixas, cada uma contendo 10 sachês.",positive,am_thuc
3822,Tomei esse chá maravilhoso chá em um restaurante local e imediatamente voltei para casa para pedir um pouco para levar para casa.,positive,am_thuc
3823,Eu amo meu Keurig.,positive,am_thuc
3824,"Com a especulação de que eles manteriam a mesma receita, pedimos um pote e não ficamos desapontados!!",positive,am_thuc
3825,A comida que veio de Amazon era mais clara e tinha mais poeira/pequenas partículas de comida por toda parte.,negative,am_thuc
3826,meus amigos e eu realmente gostamos disso.,positive,am_thuc
3827,Nós dois amamos isso.,positive,am_thuc
3828,"Com 120 calorias e 6 g de gordura, esta guloseima é muito boa também para quem se preocupa com calorias ( ? )",positive,am_thuc
3829,Eu pessoalmente misturo isso com 50% de água filtrada.,positive,am_thuc
3830,Um preço razoável mimo ! !,positive,gia_ca
3832,Eu cresci em Massachusetts e adorava essas batatas fritas.,positive,am_thuc
3833,Tem cheiro de rosas e deu ao meu ponche um sabor doce e agradável.,positive,am_thuc
3834,Talvez divida a porção grande em três ou quatro menores.,positive,am_thuc
3835,Eles são muito doces e achocolatados.,positive,am_thuc
3836,"Os pods Senseo são muito mais fáceis de compor, já que não há plástico no recipiente, apenas papel.",positive,am_thuc
3837,"A textura fica entre a da aveia e a do farelo de aveia, sendo suave e cremosa.",positive,am_thuc
3838,"Eu costumo deixar descansar com leite por alguns minutos para que fique um pouco macio; mas também gosto de deixá-lo de molho no leite, de qualquer forma",positive,am_thuc
3839,"Sopa de cuscuz com lentilhas e especiarias do Nilo é uma mistura leve de curry, açafrão e outras especiarias das Índias Orientais/Ocidentais.",positive,am_thuc
3840,Meu marido não gosta de café com sabor amargo e ele adora isso.,positive,am_thuc
3841,"O galheteiro é ótimo, pois tem linhas para água, vinagre e óleo ou pouco óleo com mais água.",positive,am_thuc
3842,David Rio Flamingo O chá Chai Latte sem açúcar é tão delicioso e cremoso que tudo o que você precisa fazer é adicionar água.,positive,am_thuc
3843,"Fiquei feliz com a versão menos doce, mas o sabor ainda é divino.",positive,am_thuc
3844,Eles ficam crocantes e perfeitos na minha máquina de waffle belga.,positive,am_thuc
3845,"As barras não têm uma cor ""dourada como mel"" como muitos produtos supostamente feitos com mel tendem a ter hoje em dia, mas vejo isso como algo bom, porque essa cor geralmente vem do caramelo e do açúcar queimado, não do mel.",positive,am_thuc
3846,"Mas depois de tentar isso, ela não pede mais guloseimas.",positive,am_thuc
3847,"Encontrei um descafeinado que é bom, forte e tem sabor normal.",neutral,am_thuc
3848,Meu filho de 3 anos e meio adorou isso biscoito!,positive,am_thuc
3849,Meu filho exigente de 9 meses AMOU imediatamente.,positive,am_thuc
3850,"No geral, é simplesmente delicioso.",positive,am_thuc
3851,Eles têm baixo teor de gordura e oferecem os benefícios do ômega 3.,positive,am_thuc
3852,Elas são muito duras!,negative,am_thuc
3853,"É caro, mas sinto que estou fazendo a coisa certa por eles com comida que acho que provavelmente é boa, comida realmente carnuda.",negative,gia_ca
3853,"É caro, mas sinto que estou fazendo a coisa certa por eles com comida que acho que provavelmente é boa, comida realmente carnuda.",positive,am_thuc
3854,"Ambos os cães comem cada pedacinho de sua comida nas refeições programadas, o que tem sido muito benéfico para o treinamento do meu novo cão resgatado para usar o banheiro.",positive,am_thuc
3855,"Forte, ele faz um expresso muito bom e nós o gostamos especialmente para o café depois do jantar devido à doçura.",positive,am_thuc
3856,Eu sempre comprei Kirkland Extra Fancy Mixed Nuts por causa de sua alta qualidade e sabor.,positive,am_thuc
3857,Estou tão viciada neles que estou experimentando todos os sabores.,positive,am_thuc
3858,"Com certeza comprarei mais no futuro, porque são deliciosos.",positive,am_thuc
3859,Acho que são muitas calorias em um lanche para uma criança pequena.,neutral,am_thuc
3860,Também tem um cheiro horrível e é completamente nojento.,negative,am_thuc
3861,Comprei-o depois de ler sobre seus muitos benefícios para a saúde.,positive,am_thuc
3862,"Apesar das críticas, eu estava cético de que pudessem ser a mesma coisa, mas elas realmente são.",positive,am_thuc
3863,É uma água refrescante com sabores muito sutis de coco e manga.,positive,am_thuc
3864,Eles têm gosto de,negative,am_thuc
3865,"Mais do que um único cubo de gelo, se você não tiver pedras, seria uma farsa - este é realmente muito bom bourbon.",positive,am_thuc
3866,Fiquei bastante satisfeito com o sabor deste produto.,positive,am_thuc
3867,"A seleção de sabores é excelente - há realmente algo para todos e não há nenhum sabor ""estranho"" no grupo.",positive,am_thuc
3868,"Sim Larabars vêm em uma embalagem, mas não têm conservantes, produtos químicos ou ingredientes cujos nomes não consigo pronunciar.",positive,am_thuc
3869,"Chocolate é meu favorito, seguido de manteiga de amendoim.",positive,am_thuc
3870,Nada de coisas artificiais.,positive,am_thuc
3871,Eu ainda não poderia usá-lo com muita frequência porque é muito barulhento.,negative,am_thuc
3872,Essas barras são ótimas!,positive,am_thuc
3873,Já experimentei muitos chás a granel chás Chai e devo dizer que este é o MELHOR de todos.,positive,am_thuc
3874,Ele adora e também adora os petiscos de fígado seco congelado.,positive,am_thuc
3875,"Esses são lanches bons, mas eu gosto mais de outras barras de granola.",positive,am_thuc
3876,"Eu indico meus amigos aqui o tempo todo, porque muitos deles não sabem que vocês vendem muito mais do que livros, jogos eletrônicos e filmes.",positive,noi_chung
3877,Procurei informações sobre os ingredientes e fiquei feliz em descobrir que este é um produto sem açúcar produto!!,positive,am_thuc
3878,Elas são muito melhores do que batatas fritas gordurosas!,positive,am_thuc
3880,Sou diabético e adorei estes gelatinas.,positive,am_thuc
3881,Eu não vou comer (e nem meus netos).,negative,am_thuc
3882,"Você pode comprar a mesma bolsa na loja por US$ 8,00 e ela é muito nova lá, não tem mais na Amazon.",negative,am_thuc
3883,Seu sabor é limpo e acentuado.,positive,am_thuc
3884,HAHAHA Voltei imediatamente e comprei mais 5 para comer enquanto estava no trabalho!,positive,am_thuc
3885,"Minha água de coco embalada favorita, em ordem de melhor sabor, foi Zico, One e depois Vita Coco.",positive,am_thuc
3886,Estou abastecido com estes ossos para ocupar meu cachorro por pelo menos 30 a 60 minutos de cada vez.,positive,am_thuc
3887,"Os cranberries, por outro lado, são suculentos, carnudos, deliciosos, levemente doces, muito, muito melhores que os Craisins.",positive,am_thuc
3888,"A Barnum's, que era o padrão ouro dos biscoitos de animais, também mudou sua receita para esta e continua péssima.",negative,am_thuc
3889,"Este saboroso, saudável e ecológico lanche é tudo o que um molho de maçã deve ser.",positive,am_thuc
3890,Fiquei muito satisfeito com o valor geral.,positive,am_thuc
3891,"Uma mistura pegajosa, crocante e achocolatada de bagunça.",positive,am_thuc
3892,"Não contém glúten na caixa, mas a empresa diz que não há ingredientes com glúten adicionados, com apenas uma pequena chance de contaminação cruzada.",positive,am_thuc
3893,Esta é a melhor massa de pizza sem glúten que já comi.,positive,am_thuc
3894,Esta manteiga de amendoim é levemente crocante.,positive,am_thuc
3895,Definitivamente não vou receber isso de novo.,negative,am_thuc
3896,"Claramente não eram 6 lb, já que a garrafa pesa menos de 1 lb.",negative,am_thuc
3897,Este é o melhor sabor água de coco que existe.,positive,am_thuc
3898,O suco de limão ajuda muito a manter o hálito fresco (geralmente um problema com sardinhas) e a rodela de limão encontrada em cada lata é um bônus adicional muito agradável.,positive,am_thuc
3899,Tenho comido isso no almoço com alguns palitos de cenoura e percebo que não sinto fome à tarde.,positive,am_thuc
3900,"Eu gosto deste produto há algum tempo. No entanto, estou enojado com o fato de que o preço continua aumentando! A US$ 35 por caixa, os clientes estão pagando mais de US$ 4 por caixa por 5 pequenas barras de biscoito - ridículo! Vou encontrar um lanche mais saudável e com preço mais razoável para mastigar. Que vergonha da Nana e da Amazon...",positive,am_thuc
3900,"Eu gosto deste produto há algum tempo. No entanto, estou enojado com o fato de que o preço continua aumentando! A US$ 35 por caixa, os clientes estão pagando mais de US$ 4 por caixa por 5 pequenas barras de biscoito - ridículo! Vou encontrar um lanche mais saudável e com preço mais razoável para mastigar. Que vergonha da Nana e da Amazon...",negative,gia_ca
3901,Melhor granola do mercado!,positive,am_thuc
3902,"No entanto, o cereal é realmente incrível.",positive,am_thuc
3903,"Experimente os outros sabores, eles são bons, mas pense duas vezes sobre este.",neutral,noi_chung
3904,Acabei de ferver água da chaleira e estou pronto.,positive,am_thuc
3905,Estava úmido e fofo.,positive,am_thuc
3906,"É como comer amendoim sem sal, o sabor é puro manteiga de amendoim e combina facilmente com outros sabores.",positive,am_thuc
3907,"Gosto do tamanho maior, pois isso torna o uso regular deste produto mais acessível.",positive,am_thuc
3907,"Gosto do tamanho maior, pois isso torna o uso regular deste produto mais acessível.",positive,gia_ca
3908,Este é um produto que seu cão vai adorar.,positive,am_thuc
3909,Não havia amargor e o cheiro na casa enquanto estava sendo preparado era como se você estivesse em uma fazenda de café Caribou.,positive,am_thuc
3911,"Este é o único produto que ela encontrou que NÃO TEM ADOÇANTE, então tem sabor, mas 0 calorias e nenhum adoçante FALSO.",positive,am_thuc
3912,"Sou um grande fã das amêndoas da marca Blue Diamond e gosto especialmente dos sabores ""ousados"".",positive,am_thuc
3913,"Eles são ótimos para treinamento, porém são um pouco mais duros do que eu pensava.",positive,am_thuc
3913,"Eles são ótimos para treinamento, porém são um pouco mais duros do que eu pensava.",neutral,am_thuc
3914,Este é absolutamente o melhor produto para acordar todas as manhãs.,positive,am_thuc
3915,Isso chegou a US$ 1.,positive,gia_ca
3916,Esta é uma comida de qualidade para cães e meu cocker spaniel de 9 anos adora.,positive,am_thuc
3917,Esses pirulitos são ótimos!,positive,am_thuc
3919,Esta é uma alternativa maravilhosa.,positive,am_thuc
3921,Não recomendaria esse tamanho de 3 oz!,negative,noi_chung
3922,Fiquei muito impressionado com o quão suave isso é - faz Rare Breed parecer barato.,positive,am_thuc
3923,O sabor é mais doce e precisei usar menos pacotes.,positive,am_thuc
3924,"A maioria das peças, no entanto, são muito salgadas.",negative,am_thuc
3925,"Ele oferece um pouco mais de distinção do que o seu Sal marinho Kosher, que é um NaCL suave.",positive,am_thuc
3926,"Ele também tem uma surpresa na forma de um forte gosto residual de páprica que aparece cerca de 10 segundos depois de você comer um pedaço (ou dois, ou quantos você for mastigar naquele momento).",positive,am_thuc
3928,"Sabor delicioso, um pouco forte para quem gosta de algo forte.",positive,am_thuc
3929,Fiquei particularmente feliz porque eles não têm alto teor de sódio e não têm ingredientes de seis sílabas.,positive,am_thuc
3930,É muito autêntico e atinge muitas notas de sabor.,positive,am_thuc
3931,Adoro o sabor inicial da laranja e depois o toque picante do gengibre no final.,positive,am_thuc
3932,Comprarei mais em breve.,positive,am_thuc
3933,Bela combinação doce e salgada.,positive,am_thuc
3934,"Gosto de café fresco, não quase vencido.",negative,am_thuc
3935,"Vi que esses mastigáveis Petrodex eram bem baratos e tinham boas avaliações, então decidi experimentá-los.",positive,gia_ca
3935,"Vi que esses mastigáveis Petrodex eram bem baratos e tinham boas avaliações, então decidi experimentá-los.",positive,am_thuc
3936,"Ano passado, bebi esse delicioso chá orgânico chá enquanto estava em um plano de desintoxicação e foi muito satisfatório e decadente.",positive,am_thuc
3937,Ficou maravilhoso.,positive,am_thuc
3938,"Gosto de experimentar vários tipos diferentes café e até torrei o meu próprio café de vez em quando. Este é de longe um dos melhores, se não O melhor café que já tomei.",positive,am_thuc
3939,"O café Caribou Blend é uma mistura agradável, não muito forte.",positive,am_thuc
3940,Eu os recomendo fortemente : ),positive,noi_chung
3941,A mistura para bolo de baunilha clássico da Pamela é essencial na sua despensa.,positive,am_thuc
3942,"Se você tem comido alimentos comerciais manteiga de amendoim, pode parecer sem graça no começo.",positive,am_thuc
3943,"A maior parte carne seca era boa, mas encontrei 1 pedaço a mais que era gorduroso ou parecia um pedaço salgado de gordura.",positive,am_thuc
3943,"A maior parte carne seca era boa, mas encontrei 1 pedaço a mais que era gorduroso ou parecia um pedaço salgado de gordura.",negative,am_thuc
3944,... você sentirá o mesmo!,positive,am_thuc
3945,"Eu não consumiria mais de um saco por dia, mas a escolha é sua e do seu corpo.",positive,am_thuc
3946,Comprei frango Halo e esfarelei um pouco na comida enlatada e meus gatos começaram a devorar.,positive,am_thuc
3947,"Então, eles são uma ótima mistura de fácil, mas não excessivamente processado.",positive,am_thuc
3948,O petiscos para cães Canidae foi bem recebido pelos meus Presa Canarios de 1 ano.,positive,am_thuc
3950,"Também gosto do fato de ser feito a frio, o que economiza tempo no processo de preparo!",positive,am_thuc
3951,"Eu uso o Sweetleaf Stevia há anos e já experimentei outros, mas o Sweetlead é o meu favorito.",positive,am_thuc
3952,Minha mãe descreveu isso como batatas fritas que deram terrivelmente errado.,negative,am_thuc
3953,"Eles são ótimos lanches para quem está sempre com pressa, ou até mesmo como parte de um café da manhã antes de sair correndo de casa.",positive,am_thuc
3954,Biscoito de Caju também é muito bom.,positive,am_thuc
3955,Eu adoro chocolate cheio de licor e o Mon Cheri em si não decepciona.,positive,am_thuc
3956,"Não é o melhor sabor, mas é muito reconfortante.",negative,am_thuc
3956,"Não é o melhor sabor, mas é muito reconfortante.",positive,am_thuc
3957,Tomamos isso como um suplemento diário em nossa casa.,positive,am_thuc
3958,Tem um sabor incrível sem culpa.,positive,am_thuc
3960,"Esses são, sem dúvida, os melhores brownies que já comi.",positive,am_thuc
3961,"Vou comprá-lo repetidamente, o sabor é delicioso e não tem aquele gosto estranho de proteína que alguns pós têm.",positive,am_thuc
3962,"Experimente sozinho ou com chá verde, pêssego e gengibre Stash ou qualquer outra coisa.",positive,am_thuc
3963,"Meus gatos gostam dessa comida, mas a lata é MUITO difícil de abrir.",positive,am_thuc
3964,"Comprei isso por impulso - experimentando outros granola que eram doces, mas saborosos.",positive,am_thuc
3965,Mal posso esperar para experimentar os outros sabores!!,positive,am_thuc
3966,"E além disso, não contém açúcar e é bom para os dentes.",positive,am_thuc
3967,Um dos vários alimentos enlatados que raramente faltam na minha despensa.,positive,am_thuc
3968,Comprei dois sabores para experimentar o marca e,positive,am_thuc
3969,"Comprei algumas caixas de canela comum chex e misturei com canela chex e pronto, ficou uma delícia.",positive,am_thuc
3970,"Há mais ou menos um ano, eu costumava comprá-los com bastante frequência porque não continham glúten.",positive,am_thuc
3971,Estamos presos a um caso desse lixo.,negative,am_thuc
3972,"Eu adoro os Popchips e eles têm gosto de batata frita, diferente de outros produtos que já experimentei.",positive,am_thuc
3973,É uma sopa sopa encorpada e que deixa você satisfeito.,positive,am_thuc
3974,"Então, embora eu ame essa versão orgânica, provavelmente optarei no futuro por uma alternativa natural mais barata, a menos que alguém me dê uma boa razão para continuar com o tipo orgânico.",neutral,noi_chung
3975,"Você paga um pouco mais, mas vale a pena na minha opinião",positive,gia_ca
3976,Sinto que todos os bastões Jack Links que experimentei são muito melhores que os Slim Jims.,positive,am_thuc
3977,"Esta não é a comida perfeita, mas é definitivamente uma comida para sua rotação",positive,am_thuc
3978,"É perfeito como café da manhã ou sobremesa, pois combina bem com alimentos.",positive,am_thuc
3979,Também é uma ótima base para hambúrgueres de vegetais ou pão.,positive,am_thuc
3980,"Minha amiga Tina vem até mim com este chá de ervas, ao qual ela adicionou, de todas as coisas, AÇÚCAR e CREME.",positive,am_thuc
3981,Fiquei agradavelmente surpreso quando este produto apareceu embalado em duas latas #10 (pense em uma lata GRANDE de café).,positive,am_thuc
3982,Isso me lembra o que comi na Inglaterra.,positive,am_thuc
3983,"Os de churrasco e queijo são meus favoritos, mas recentemente pedi os de batata-doce e achei que não tinham gosto.",negative,am_thuc
3984,É leve e RICO ao mesmo tempo!,positive,am_thuc
3985,Aproveitar !,positive,am_thuc
3986,"As tábuas são tão macias que têm um gosto meio rançoso, como uma barra de granola ou um lanche.",neutral,am_thuc
3987,"Eu recomendo o produto, mas acho que depende se você gosta de pão integral ou não.",positive,noi_chung
3988,"Ainda é muito gostoso, mesmo tendo reduzido o teor de gordura, o que o torna não tão gostoso quanto costumava ser (obrigado, Nanny State [big razzzzzberry]. O que mais posso dizer?",positive,am_thuc
3989,Eu recomendarei a todos.,positive,noi_chung
3990,"Na minha humilde opinião, as batatas fritas da marca Kettle são excelentes e eu as recomendo a todos os apaixonados por batatas fritas.",positive,am_thuc
3990,"Na minha humilde opinião, as batatas fritas da marca Kettle são excelentes e eu as recomendo a todos os apaixonados por batatas fritas.",positive,noi_chung
3991,"Já fiz um pouco de extrato de baunilha, açúcar de baunilha e algumas sobremesas, essas feijão são incríveis.",positive,am_thuc
3992,Fui recentemente ao mercado local de produtores rurais e eles tinham um incrível creme brulee de pêssego.,positive,am_thuc
3993,"Eu comi um antes de notar o mofo, e o gosto era bom, mas",positive,am_thuc
3994,Eles são tão incrivelmente bons que você vai acabar com um pacote vazio antes mesmo de perceber que comeu tantos.,positive,am_thuc
3995,Eles são bons alimentos e guloseimas para nossos cães.,positive,am_thuc
3996,"Quando você puxa a tampa pop-up, é impossível não ser respingado por ela.",neutral,am_thuc
3999,Não tem um sabor muito doce nem deixa um gosto químico residual.,positive,am_thuc
4000,Quantidade perfeita de gotas de chocolate.,positive,am_thuc
4001,"Agora, para mim, basicamente tem gosto de café (observe que eu sou mais um bebedor de chá).",positive,am_thuc
4002,Eu preparo isso na segunda maior xícara para obter um café forte café que resiste a todo o creme.,positive,am_thuc
4003,"No geral, o café tem um sabor mais atalcado quando comparado às cápsulas K pré-embaladas.",negative,am_thuc
4004,Houve uma pequena mudança na qualidade recentemente.,neutral,am_thuc
4005,"Está quente o suficiente para ser quente, mas não tão quente que você tenha que ter cuidado.",positive,am_thuc
4006,Ginger Ales é incrivelmente refrescante em um dia quente de verão.,positive,am_thuc
4007,Minha respiração melhorou depois da primeira xícara.,positive,am_thuc
4008,"O tubo de 7 oz é bem pequeno e eu gostaria que fizessem um tamanho maior, mas o multipack é uma boa opção por esse motivo.",negative,gia_ca
4009,"Além do sabor, esta marca vai além para ser ecologicamente correta.",positive,am_thuc
4010,"Os pedaços que são moldados e formados para se parecerem com rosbife são ligeiramente macios e mastigáveis, e os pedaços duros de ração são tingidos, o que parece desnecessário.",negative,am_thuc
4011,"Em vez de beber refrigerante que deixa você com mais sede, tome um pacote de Lipton para viagem que vai saciar sua sede e deixá-lo completamente satisfeito.",positive,am_thuc
4012,Ótimo preço e frete.,positive,gia_ca
4013,"Recomendei isso a um amigo que respondeu ""com Double Black Diamond que precisa de Geritol"".",positive,noi_chung
4014,Isto é como um saquinho de INCRÍVEL!,neutral,am_thuc
4014,Isto é como um saquinho de INCRÍVEL!,positive,am_thuc
4017,"Com apenas 100 calorias por porção, é um lanche ótimo e saudável.",positive,am_thuc
4018,Este café não é tão barato a ponto de ter que jogar fora tantas xícaras e ainda assim valer a pena.,negative,gia_ca
4019,Chick Chick tem um sabor sutil e uma textura agradável.,positive,am_thuc
4020,Minha família adora isso cacau!,positive,am_thuc
4021,"Eu queria poder te dizer por que esse café tem um sabor tão delicioso, mas",positive,am_thuc
4022,Marmite ainda melhor!,positive,am_thuc
4023,"Vou comprá-los na WF, a menos que eles continuem do mesmo jeito!",positive,noi_chung
4024,Depois de provar isso cereal fiquei viciado.,positive,am_thuc
4025,Marido aqui: Café foi entregue em dois dias e parecia muito fresco.,positive,am_thuc
4027,Eu recomendo fortemente mantê-los por perto.,positive,noi_chung
4028,"Eles eram frescos, crocantes e tinham um sabor agradável.",positive,am_thuc
4029,. . mas a foto produto me confundiu um pouco.,neutral,am_thuc
4030,Acabei de estocar e comprei 12 caixas.,positive,am_thuc
4031,Meu marido comerá o resto como lanche e nunca mais compraremos nada.,negative,am_thuc
4032,"Mas nas últimas 3 compras, 1/3 do saco acabou virando pó, que fica preso na garganta dos meus animais de estimação.",negative,am_thuc
4033,"Quanto mais bebo este, menos me importo com outros cafés.",positive,am_thuc
4034,"Elas são muito coloridas, mas não são as mais saborosas.",positive,am_thuc
4034,"Elas são muito coloridas, mas não são as mais saborosas.",negative,am_thuc
4035,"Ela mencionou que seu gato não gostou do salmão, no entanto, o conceito de comida é excelente.",positive,am_thuc
4036,Foi bom encontrá-los em embalagens de 100 calorias.,positive,am_thuc
4037,Experimente hoje mesmo a Sopa de cuscuz com curry de lentilhas e especiarias do Nilo e deixe-se levar por um aroma único vindo do outro lado do mundo.,positive,noi_chung
4039,"Ainda não consegui descobrir, faltou alguma coisa, está tudo bem, não está ótimo.",negative,am_thuc
4040,Meus dois papillons ganham um desses toda noite depois da caminhada e eles adoram!,positive,am_thuc
4041,O babycok é fácil de usar e faz um ótimo trabalho até mesmo com cenouras e outros alimentos mais duros.,positive,am_thuc
4042,"Tem um bom equilíbrio de sabores, mas ainda é ousado ao mesmo tempo.",positive,am_thuc
4043,"Eu experimentei muitos e este é o número 1, seguido pela escolha de Jeremiah, depois Green bean ? e Merlitta.",positive,am_thuc
4044,Encontrei essa pequena dica em um livro de cura alternativa.,positive,am_thuc
4045,- ) Adorei absolutamente este produto!,positive,am_thuc
4046,Sinto-me muito bem dando a ele essa comida de alta qualidade e fico feliz que meu filho exigente queira algo que seja tão bom para ele.,positive,am_thuc
4047,"Eu preferiria que fosse um pouco mais forte, mas no geral é um ótimo produto para viajar e acampar.",positive,am_thuc
4048,Foi maravilhoso poder tomar uma xícara de café de verdade no meu quarto!,positive,am_thuc
4049,"Eu gosto muito deste produto, mas US$ 6.",positive,am_thuc
4050,Este café vem perfeitamente moído para bebidas expresso.,positive,am_thuc
4051,"Como essa farinha contém um pouco de grãos integrais, os produtos que eu cozinho com ela são um pouco mais escuros na cor e ligeiramente mais grossos na textura do que algo feito com farinha de trigo branca para todos os fins, mas não achamos que as diferenças sejam questionáveis.",positive,am_thuc
4052,"Não sou nenhum crítico ou especialista em gastronomia, mas estes Toffee-ettes são os doces mais viciantes que já comi nos últimos anos!",positive,am_thuc
4053,Confesso que sou viciada na maioria das Kind Bars.,positive,am_thuc
4054,"De qualquer forma, quando você coloca o hortelã na boca pela primeira vez, não há gosto.",negative,am_thuc
4055,Nunca tive uma bolsa que não tivesse um bom desempenho.,neutral,am_thuc
4057,Minha mãe comprou isso comida Newman porque estava disponível no supermercado.,positive,am_thuc
4058,"Eles estão velhos, machucados e cozidos demais.",negative,am_thuc
4059,"Gosto mais deste do que do Newman's normal, porque tem menos ingredientes.",positive,am_thuc
4060,"Como um verdadeiro coco - 'noz', posso dizer que este produto é delicioso. Flocos largos, crocantes e levemente doces.",positive,am_thuc
4061,"Tem um ótimo sabor - limpo, natural, frutado e não sintético.",positive,am_thuc
4062,"De qualquer forma, mastiga todo o resto da casa.",neutral,am_thuc
4063,"Mas depois disso, o cachorro adora!",positive,am_thuc
4064,Também descobri que este chá é particularmente tolerante ao excesso de infusão.,positive,am_thuc
4065,"Quero acreditar que por ser orgânico ele é de melhor qualidade, mas tem o mesmo sabor do xarope de bordo natural.",positive,am_thuc
4066,Mantém a paz em nossa casa e tem um cheiro maravilhoso!,positive,am_thuc
4067,"Costumo misturar este chá com hortelã cascata, jasmim verde ou outras ervas de folhas soltas Stash chá porque, embora seja muito bom sozinho, o chá verde puro chá pode ser chato dia após dia.",positive,am_thuc
4068,"Ótimo preço, ótima oferta, ótimo cereal.",positive,gia_ca
4068,"Ótimo preço, ótima oferta, ótimo cereal.",positive,am_thuc
4095,Min familj ÄLSKAR dessa kex.,positive,am_thuc
4134,Hakika nitanunua tena!,positive,am_thuc
4138,Wao ni ngumu sana!,negative,am_thuc
4146,Nitanunua tena.,positive,noi_chung
4147,"Bei kubwa, mpango mkubwa, nafaka kubwa.",positive,gia_ca
4147,"Bei kubwa, mpango mkubwa, nafaka kubwa.",positive,am_thuc
4158,Marmite daha da iyi!,positive,am_thuc
6074,Liebte das JW,positive,tong_the
6234,Liebte das Castle Inn!,positive,tong_the
7678,¡Seguro que volveremos pronto!,positive,tong_the
7976,Ya estoy deseando volver .,positive,tong_the
8345,No volveremos .,negative,tong_the
8388,Recomendado,positive,de_xuat
8482,Realmente disfrutamos este hotel.,positive,tong_the
8536,Recomendado .,positive,de_xuat
8761,J'ai adoré ça Hôtel !,positive,tong_the
8884,Je n'y retournerai jamais.,negative,tong_the
8924,super hôtel j'ai adoré ça hôtel .,positive,tong_the
9491,Imali smo prekrasan boravak.,positive,tong_the
9494,Vrlo dobro hotel,positive,tong_the
9569,"localização do hotel é perto de tudo, ou seja, lojas, bondes etc.",positive,vi_tri
9570,"Tínhamos 3 quartos, todos com 2 camas, a esta tarifa",positive,gia_ca
9571,limpo e novo Hotel,positive,ve_sinh
9571,limpo e novo Hotel,positive,tong_the
9572,"Simpático equipe, bonito quarto e ambiente tranquilo.",positive,dich_vu
9572,"Simpático equipe, bonito quarto e ambiente tranquilo.",positive,chat_luong_phong
9573,"Maravilhoso Tendo acabado de voltar de uma estadia de três noites no NY Palace, devo dizer que realmente não entendo por que este lugar não está entre os 20 primeiros em Nova York.",positive,tong_the
9574,"Nos deram um quarto agradável e tranquilo quartos no 6º andar, com vista para a piscina do hotel adjacente.",positive,chat_luong_phong
9575,Curta distância de carro até Universal Studios.,positive,vi_tri
9576,Não voltaremos lá.,negative,tong_the
9577,Bom para uma parada,positive,tong_the
9578,"Buffet de café da manhã não é tão bom, e localização talvez um pouco estranho.",negative,am_thuc
9578,"Buffet de café da manhã não é tão bom, e localização talvez um pouco estranho.",neutral,vi_tri
9579,"Fantástico serviço Sou um agente de viagens que reserva hotéis no mundo todo, então somos muito exigentes.",positive,dich_vu
9580,"Este é um lugar pequeno, perto do que você vai querer ver, mesmo para os veteranos de Paris.",positive,vi_tri
9581,mal posso esperar até que possamos nos dar ao luxo de visitar novamente.,positive,tong_the
9582,Só uma coisa é que você pode ouvir os trens na sala,neutral,chat_luong_phong
9583,Fica a uma curta distância a pé do Hyde Park e do Museu de História Natural.,positive,vi_tri
9585,"Quarto era grande e confortável, mas cheirava MUITO a cigarro.",positive,chat_luong_phong
9585,"Quarto era grande e confortável, mas cheirava MUITO a cigarro.",negative,chat_luong_phong
9586,Os quartos são incríveis com seu design de última geração e praticidade.,positive,chat_luong_phong
9587,A salvação deste hotel (além da ótima localização) seria recepção / equipe de gestão.,positive,vi_tri
9587,A salvação deste hotel (além da ótima localização) seria recepção / equipe de gestão.,positive,dich_vu
9588,"Fiquei neste hotel por causa da sua localização central, achei o hotel ideal para mim.",positive,tong_the
9588,"Fiquei neste hotel por causa da sua localização central, achei o hotel ideal para mim.",positive,vi_tri
9589,"A cama era muito confortável, quarto era silencioso e tinha todas as conveniências necessárias, incluindo acesso gratuito à Internet de alta velocidade.",positive,chat_luong_phong
9590,"pressão. as toalhas eram muito grossas e macias. não piscina. a única coisa ruim sobre este hotel é que ele é conectado ao complexo de escritórios Plaza of the Americas, que fica fechado nos fins de semana. então todas as lojas não estão abertas. há uma pista de patinação no gelo que fica aberta para patinação limitada. pague US$ 20 pelo serviço de manobrista, a menos que você planeje dirigir para outras partes de Dallas. o trem Dart fica a apenas 2 quarteirões da porta da frente.",positive,chat_luong_phong
9590,"pressão. as toalhas eram muito grossas e macias. não piscina. a única coisa ruim sobre este hotel é que ele é conectado ao complexo de escritórios Plaza of the Americas, que fica fechado nos fins de semana. então todas as lojas não estão abertas. há uma pista de patinação no gelo que fica aberta para patinação limitada. pague US$ 20 pelo serviço de manobrista, a menos que você planeje dirigir para outras partes de Dallas. o trem Dart fica a apenas 2 quarteirões da porta da frente.",positive,vi_tri
9591,As camas eram fantásticas. Fiquei no Best Western Coconut Waikiki por apenas duas noites.,positive,chat_luong_phong
9591,As camas eram fantásticas. Fiquei no Best Western Coconut Waikiki por apenas duas noites.,positive,tong_the
9592,"devo dizer que estou muito decepcionado... fui ao hotel por causa das avaliações e descobri que o chuveiro estava sujo e fedorento, informei o pessoal",negative,tong_the
9592,"devo dizer que estou muito decepcionado... fui ao hotel por causa das avaliações e descobri que o chuveiro estava sujo e fedorento, informei o pessoal",negative,chat_luong_phong
9593,Langham Hospedagem Nós deveríamos ter um quarto superior.,positive,tong_the
9594,O hotel é muito central e limpo.,positive,vi_tri
9594,O hotel é muito central e limpo.,positive,ve_sinh
9595,"Nosso quarto era muito úmido e barulhento, o que pode estar relacionado à estrutura do hotel.",negative,chat_luong_phong
9596,"No geral, foi uma experiência muito boa e recomendo este hotel.",positive,de_xuat
9597,"Chegamos tarde para fazer o check-in no hotel (pouco antes da meia-noite), mas nosso quarto AINDA não estava pronto para nós.",negative,dich_vu
9598,Perfeito Passamos um fim de semana aqui,positive,tong_the
9599,Sala 4136 na área da vila,positive,chat_luong_phong
9600,"Ainda assim, eles ficaram satisfeitos com a estadia porque economizaram dinheiro e a localização era ideal para o nosso gosto.",positive,vi_tri
9601,"Por 50 euros a noite no centro de São Francisco, este hotel é certamente um achado.",positive,tong_the
9602,Ann na recepção foi especialmente gentil e prestativa.,positive,dich_vu
9603,Maxwell tem o charme antigo de São Francisco. Eu pessoalmente prefiro o charme do Maxwell ao toque institucional de um grande e novo hotel.,positive,khong_gian
9604,Este é um grande hotel internacional bege.,positive,khong_gian
9605,"Este é um hotel muito comercial hotel com um ambiente limpo, sofisticado área de recepção, muito profissional equipe e moderno quartos e banheiro quartos de bom tamanho.",positive,ve_sinh
9605,"Este é um hotel muito comercial hotel com um ambiente limpo, sofisticado área de recepção, muito profissional equipe e moderno quartos e banheiro quartos de bom tamanho.",positive,dich_vu
9605,"Este é um hotel muito comercial hotel com um ambiente limpo, sofisticado área de recepção, muito profissional equipe e moderno quartos e banheiro quartos de bom tamanho.",positive,chat_luong_phong
9606,Este hotel tornou nossa estadia em São Francisco perfeita.,positive,tong_the
9607,"O hotel é extremamente difícil de encontrar, pois seu endereço é obscuro; de acordo com o GPS do nosso carro alugado, o endereço nem existia.",negative,vi_tri
9608,"Como um viajante de negócios, era uma distração localização, com um baixo nível de ruído que eu aceitaria se estivesse de férias também, mas era difícil não me sentir rabugento quando tinha reuniões às 7h30.",negative,vi_tri
9609,"Minha esposa estava de muletas (torceu o joelho poucas horas antes do voo) e, embora estivéssemos lá apenas uma noite antes do nosso cruzeiro, nos deram um quarto mais confortável sem custo extra!",positive,dich_vu
9610,"Cheguei depois de uma viagem difícil de Milão para o conforto, luxo e ar condicionado de primeira classe do hotel Gallery Art (essencial em meados de agosto). Ao contrário de outros hotéis italianos que experimentei, a equipe foi consistentemente encantadora e extremamente prestativa em todos os momentos.",positive,dich_vu
9611,Um hotel agradável e clássico hotel com boa localização,positive,tong_the
9611,Um hotel agradável e clássico hotel com boa localização,positive,vi_tri
9612,"Decente, confortável quartos Oferece acomodações decentes.",positive,khong_gian
9612,"Decente, confortável quartos Oferece acomodações decentes.",positive,chat_luong_phong
9613,Maravilhoso Hotel Fiquei neste excelente hotel para uma curta pausa na cidade.,positive,tong_the
9614,Definitivamente voltaremos em breve!,positive,tong_the
9615,"C não vai te surpreender, mas cobre o básico com facilidade: com um quarto agradável e limpo quarto e alguns extras agradáveis, como produtos de higiene pessoal Bath and Body Works, um segundo espelho de aumento no banheiro quarto, etc.",positive,ve_sinh
9615,"C não vai te surpreender, mas cobre o básico com facilidade: com um quarto agradável e limpo quarto e alguns extras agradáveis, como produtos de higiene pessoal Bath and Body Works, um segundo espelho de aumento no banheiro quarto, etc.",positive,chat_luong_phong
9616,a equipe do hotel e o gerente em particular demonstraram grande compreensão e excelente atendimento ao cliente serviço.,positive,dich_vu
9617,A localização é fantástica.,positive,vi_tri
9619,Eu definitivamente recomendaria as pessoas a ficarem aqui e certamente voltaria novamente!,positive,de_xuat
9620,O lobby era agradável e o serviço que experimentei neste hotel foi excelente.,positive,khong_gian
9620,O lobby era agradável e o serviço que experimentei neste hotel foi excelente.,positive,dich_vu
9621,"O hotel era limpo, equipe era prestativa, tinha uma ótima localização, simplesmente lindo.",positive,ve_sinh
9621,"O hotel era limpo, equipe era prestativa, tinha uma ótima localização, simplesmente lindo.",positive,dich_vu
9621,"O hotel era limpo, equipe era prestativa, tinha uma ótima localização, simplesmente lindo.",positive,vi_tri
9622,Elegante e ótimo equipe Fiquei no Hotel Globus em maio de 2005 como uma viajante solteira.,positive,tong_the
9622,Elegante e ótimo equipe Fiquei no Hotel Globus em maio de 2005 como uma viajante solteira.,positive,dich_vu
9623,Agradável hotel com todas as comodidades necessárias.,positive,khong_gian
9624,Novo Hotel com acomodações agradáveis,positive,tong_the
9625,"Não comi no restaurante Silks hotel, mas todo o resto no hotel é de primeira qualidade.",positive,tong_the
9626,"Bom hotel, ótimo localização Perto de shows da Broadway.",positive,vi_tri
9626,"Bom hotel, ótimo localização Perto de shows da Broadway.",positive,tong_the
9627,em frente à praia e a 5 minutos de La Ramblas.,positive,vi_tri
9628,"O Gerente (um sujeito) teve a coragem de nos pedir para mudar para outro quarto, já que o quarto estava reservado para outra pessoa, e disse que o funcionário que nos registrou antes era novo.",negative,dich_vu
9629,Não há nada melhor que a localização do hotel - a meia quadra da Times Square e bem no meio de tudo.,positive,vi_tri
9631,"Luxo com um sorriso Um toque de luxo, mas entregue com bom humor e sem a ""sigilo"" que você esperaria de um grupo hotel tão renomado.",positive,tong_the
9633,"seus dois companheiros de viagem tinham seus passaportes, eles não puderam entrar no quarto até que ele chegasse à noite.",negative,dich_vu
9634,muito chique mas falta hotel serviços,negative,dich_vu
9636,Os funcionários foram muito simpáticos e prestativos.,positive,dich_vu
9637,"No geral, eu recomendaria ficar neste hotel.",positive,de_xuat
9638,Localização é excelente e fica a poucos minutos do coração da Times Square.,positive,vi_tri
9639,"Meu hotel favorito em Paris Depois de pesquisar em muitos sites o hotel perfeito para nossas bodas de prata, encontramos o Duquesne Eiffel Paris.",positive,tong_the
9640,"O local está OK, NÃO",neutral,vi_tri
9641,"Eles te dizem como chegar aos lugares, e também o hotel é muito limpo, que é o que eu procuro em um hotel.",positive,ve_sinh
9642,Eu definitivamente ficaria neste hotel se fizéssemos uma nova visita a Barcelona.,positive,tong_the
9643,O ambiente é muito romântico e o serviço foi ótimo.,positive,dich_vu
9644,"a equipe foi extremamente prestativa, bem próximo ao transporte público e a alguns quarteirões dos teleféricos.",positive,dich_vu
9644,"a equipe foi extremamente prestativa, bem próximo ao transporte público e a alguns quarteirões dos teleféricos.",positive,vi_tri
9645,Eu recomendaria este hotel a qualquer um!!,positive,de_xuat
9646,PREJUDICIAL Este hotel obteve pontuação excelente em todos os aspectos...,positive,tong_the
9647,"Ficamos lá por 3 noites em fevereiro e, com tempo limitado, localização é muito importante - e este hotel foi a escolha perfeita.",positive,vi_tri
9647,"Ficamos lá por 3 noites em fevereiro e, com tempo limitado, localização é muito importante - e este hotel foi a escolha perfeita.",positive,tong_the
9648,"Pequeno  quartos, mas muito confortável e bem projetado.",neutral,chat_luong_phong
9648,"Pequeno  quartos, mas muito confortável e bem projetado.",positive,chat_luong_phong
9649,os funcionários são extremamente amigáveis.,positive,dich_vu
9650,Ponto de vista do agente de viagens corporativo EQUIPES DA RECEPÇÃO MUITO IRRESPONSIVAS AOS clientes corporativos,negative,dich_vu
9651,"O Adlon é classificado como um dos 5 melhores hotéis da Europa, e por um bom motivo!",positive,tong_the
9652,(nos deram um upgrade para um lindo quarto com uma vista fantástica).,positive,chat_luong_phong
9653,"Excelente estadia, agradável spa, bom comida, muito amigável equipe e bastante acessível.",positive,tong_the
9653,"Excelente estadia, agradável spa, bom comida, muito amigável equipe e bastante acessível.",positive,am_thuc
9653,"Excelente estadia, agradável spa, bom comida, muito amigável equipe e bastante acessível.",positive,dich_vu
9653,"Excelente estadia, agradável spa, bom comida, muito amigável equipe e bastante acessível.",positive,gia_ca
9654,"A cinco minutos a pé do Duomo e de vários excelentes restaurantes nas ruas laterais, esta é uma escolha muito forte.",positive,vi_tri
9655,"Meu marido e eu ficamos por três noites e em cada noite pedimos um upgrade, mas o hotel aparentemente está sempre cheio, então esteja preparado e reserve o tipo de quarto que você quer com antecedência.",positive,tong_the
9656,"Tínhamos uma suíte de um quarto com cozinha completa, o que era ótimo!",positive,chat_luong_phong
9657,"Meu  quarto era espaçoso, limpo, bem mobiliado e tinha uma TV de tela plana.",positive,chat_luong_phong
9657,"Meu  quarto era espaçoso, limpo, bem mobiliado e tinha uma TV de tela plana.",positive,ve_sinh
9658,"Superestimado Pelo preço que você paga, certifique-se de ficar em um dos melhores quartos.",negative,gia_ca
9659,e às vezes tínhamos dificuldade para dormir.,negative,chat_luong_phong
9660,O evento em si foi inacreditável; tudo foi perfeito e a equipe não poderia ter sido mais atenciosa.,positive,tong_the
9660,O evento em si foi inacreditável; tudo foi perfeito e a equipe não poderia ter sido mais atenciosa.,negative,dich_vu
9661,"Como uma viajante solteira, devo admitir que o hotel cuida muito bem de seus hóspedes...",positive,dich_vu
9662,Achei o hotel muito relaxante hotel.,positive,tong_the
9663,O quarto era espaçoso e tinha vista para o pátio.,positive,chat_luong_phong
9664,"A decoração era muito moderna e agradável, o hotel estava limpo e as camas eram confortáveis.",positive,chat_luong_phong
9664,"A decoração era muito moderna e agradável, o hotel estava limpo e as camas eram confortáveis.",positive,ve_sinh
9665,"Amigável, confortável e acolhedor Recentemente tive uma excelente estadia neste hotel amigável e confortável .",positive,tong_the
9665,"Amigável, confortável e acolhedor Recentemente tive uma excelente estadia neste hotel amigável e confortável .",positive,khong_gian
9666,"Localização foi ótima, gostei muito do calçadão e do Harrahs do outro lado da rua.",positive,vi_tri
9667,Recomendo muito este hotel!,positive,de_xuat
9668,"Caso contrário, o hotel foi excelente, incluindo o café da manhã e localização.",positive,tong_the
9668,"Caso contrário, o hotel foi excelente, incluindo o café da manhã e localização.",positive,am_thuc
9668,"Caso contrário, o hotel foi excelente, incluindo o café da manhã e localização.",positive,vi_tri
9669,"No geral, excelente e eu recomendaria a qualquer um que queira ficar em Londres.",positive,de_xuat
9670,E bem no meio de Florença.,positive,vi_tri
9671,"Os quartos são como motéis, mas oferecem vistas maravilhosas da cidade, especialmente ao pôr do sol e ao amanhecer.",neutral,chat_luong_phong
9671,"Os quartos são como motéis, mas oferecem vistas maravilhosas da cidade, especialmente ao pôr do sol e ao amanhecer.",positive,chat_luong_phong
9672,"Ficamos duas noites no início de abril e achamos o hotel bem localizado, com acomodações confortáveis.",positive,vi_tri
9672,"Ficamos duas noites no início de abril e achamos o hotel bem localizado, com acomodações confortáveis.",positive,chat_luong_phong
9673,Ótimo localização e serviço Perfeito localização à beira-mar.,positive,vi_tri
9673,Ótimo localização e serviço Perfeito localização à beira-mar.,positive,dich_vu
9674,"Bom localização no CBD, mas não é o lugar onde eu iria a lazer.",positive,vi_tri
9675,O concierge deste hotel foi muito gentil em me dar conselhos sobre como encontrar sapatos confortáveis - ele me encaminhou para um ótimo site onde encontrei sapatos confortáveis para caminhar: [ - - ],positive,dich_vu
9676,"Hospitalidade é a palavra aqui - começando com Amie, a pessoa responsável por nos registrar.",positive,dich_vu
9677,"Pessoal foi simpático e prestativo, no entanto.",positive,dich_vu
9678,"então queríamos organizar algumas viagens rapidamente - mas a recepcionista extremamente antipática se recusou terminantemente a nos ajudar, ou mesmo nos deixar usar o telefone para ligar para as empresas de turismo.",negative,dich_vu
9679,"Há um excelente restaurante logo ali na esquina (o Golden View), com vista para o rio Arno.",positive,vi_tri
9680,"O café da manhã é exatamente o que você espera e perfeitamente bom, com muito café quente e forte.",positive,am_thuc
9681,Este é um excelente hotel - maravilhoso equipe e serviço.,positive,tong_the
9681,Este é um excelente hotel - maravilhoso equipe e serviço.,positive,dich_vu
9682,Nunca tive uma experiência como essa em nenhum hotel na minha vida!,negative,tong_the
9683,"Mesmo estando tão perto de La Rambla, não se ouve nenhum barulho da rua.",positive,khong_gian
9683,"Mesmo estando tão perto de La Rambla, não se ouve nenhum barulho da rua.",positive,vi_tri
9684,Tivemos uma estadia adorável no Sorrento.,positive,tong_the
9685,O café da manhã é incrivelmente caro e é melhor ir a uma das padarias ou cafés por perto.,negative,gia_ca
9686,"Sem ar condicionado, desleixado serviço, inseguro vizinhança, extremamente barulhento corredores (as portas batem automaticamente), eu poderia continuar e continuar.",negative,chat_luong_phong
9686,"Sem ar condicionado, desleixado serviço, inseguro vizinhança, extremamente barulhento corredores (as portas batem automaticamente), eu poderia continuar e continuar.",negative,dich_vu
9686,"Sem ar condicionado, desleixado serviço, inseguro vizinhança, extremamente barulhento corredores (as portas batem automaticamente), eu poderia continuar e continuar.",negative,vi_tri
9686,"Sem ar condicionado, desleixado serviço, inseguro vizinhança, extremamente barulhento corredores (as portas batem automaticamente), eu poderia continuar e continuar.",negative,khong_gian
9687,Nós ficaríamos novamente sem nenhuma reserva.,positive,tong_the
9688,O hotel tem muita personalidade e os quartos estavam limpos.,positive,khong_gian
9688,O hotel tem muita personalidade e os quartos estavam limpos.,positive,ve_sinh
9690,"Como sempre, John, Aimee, Anne, Cindy, Eric e Lisa cuidam muito bem de nós.",positive,dich_vu
9691,"Depois de muita discussão, eles nos encontraram um quarto, de frente para uma parede de tijolos, e nunca se ofereceram para nos mudar.",negative,chat_luong_phong
9691,"Depois de muita discussão, eles nos encontraram um quarto, de frente para uma parede de tijolos, e nunca se ofereceram para nos mudar.",negative,dich_vu
9692,"Um pouco pequeno quartos, mas ei...",negative,chat_luong_phong
9693,"Achei que havia algumas coisas cosméticas (tinta, por exemplo) que poderiam ser feitas, mas, no geral, foi um ótimo lugar para ficar.",positive,tong_the
9693,"Achei que havia algumas coisas cosméticas (tinta, por exemplo) que poderiam ser feitas, mas, no geral, foi um ótimo lugar para ficar.",neutral,khong_gian
9694,O check-in foi fácil e equipe foi prestativa.,positive,dich_vu
9695,"Elevador, recepção 24 horas.",positive,dich_vu
9696,>Um começo perfeito. Uma localização fantástica  excelente custo-benefício.,positive,vi_tri
9696,>Um começo perfeito. Uma localização fantástica  excelente custo-benefício.,positive,gia_ca
9696,>Um começo perfeito. Uma localização fantástica  excelente custo-benefício.,positive,tong_the
9698,Gostamos da nossa estadia!,positive,tong_the
9699,nós amamos este hotel Fiquei no estherea com meu marido e minha filha (que tinha 9 meses na época) em dezembro de 2005.,positive,tong_the
9700,Fica perto do principal distrito comercial e a cerca de 10 a 15 minutos a pé da praça principal e da principal área de restaurantes.,positive,vi_tri
9701,A localização bem na Ramblas é imbatível e o serviço foi atencioso e cuidadoso.,positive,vi_tri
9701,A localização bem na Ramblas é imbatível e o serviço foi atencioso e cuidadoso.,positive,dich_vu
9702,"Em resumo, e excelentemente localizado, grandioso, embora nada notável, estadia.",positive,vi_tri
9703,Acomodação decente.,positive,tong_the
9704,Família solidária - como Equipe,positive,dich_vu
9705,Muito bom café da manhã.,positive,am_thuc
9706,Qualidade tranquila e encantadora Hotel,positive,tong_the
9707,Ótimo localização e ambiente.,positive,vi_tri
9707,Ótimo localização e ambiente.,positive,khong_gian
9708,"ótimo hotel a comida era boa, farta, uma coisa sobre a ajuda...",positive,tong_the
9708,"ótimo hotel a comida era boa, farta, uma coisa sobre a ajuda...",positive,am_thuc
9710,Muito saboroso o buffet de café da manhã.,positive,am_thuc
9712,"O banheiro era um pouco pequeno, mas era bom ter uma geladeira, micro-ondas e até uma cafeteira.",neutral,chat_luong_phong
9712,"O banheiro era um pouco pequeno, mas era bom ter uma geladeira, micro-ondas e até uma cafeteira.",positive,chat_luong_phong
9713,"A única desvantagem era que os quartos eram desconfortavelmente quentes e a única maneira de se refrescar era abrir a janela, o que infelizmente deixava entrar o barulho de uma rua muito movimentada.",negative,chat_luong_phong
9714,Os biscoitos grátis à noite são deliciosos!,positive,gia_ca
9714,Os biscoitos grátis à noite são deliciosos!,positive,am_thuc
9715,"Nosso quarto na torre norte era tranquilo e confortável, mas tinha algumas desvantagens - o banheiro quarto era pobre e básico.",positive,chat_luong_phong
9715,"Nosso quarto na torre norte era tranquilo e confortável, mas tinha algumas desvantagens - o banheiro quarto era pobre e básico.",negative,chat_luong_phong
9716,"Tem quartos lindos, confortáveis como marshmallow camas e banheiros de mármore quartos.",positive,chat_luong_phong
9717,Os quartos são um pouco pequenos! A equipe é MUITO atraente e também muito simpática e prestativa.,negative,chat_luong_phong
9717,Os quartos são um pouco pequenos! A equipe é MUITO atraente e também muito simpática e prestativa.,positive,dich_vu
9718,Nós gostamos da nossa estadia e com certeza voltaremos lá novamente!,positive,tong_the
9719,Sentimos que neste hotel tudo é feito para que o cliente se sinta bem.,positive,tong_the
9720,"Ótimo Hotel, não Monkey Bar",positive,tong_the
9721,Achei que valeu a pena o dinheiro gasto.,positive,gia_ca
9723,Fomos muito bem recebidos serviço e definitivamente ficaríamos lá novamente se voltássemos a Boston.,positive,dich_vu
9723,Fomos muito bem recebidos serviço e definitivamente ficaríamos lá novamente se voltássemos a Boston.,positive,tong_the
9724,"café da manhã não está à altura dos demais, mas isso é uma pequena ressalva.",negative,am_thuc
9725,Ficarei lá novamente.,positive,tong_the
9726,"Não fica em uma área muito boa, nem perto de restaurantes.",negative,vi_tri
9727,"Hotel localização bom, perto de tudo o que queríamos ver.",positive,vi_tri
9728,"Nunca fiquei em um hotel onde, por um custo tão baixo, você tem um banheiro ENORME em mármore banheiros quartos, situado em um ambiente amplo, bem organizado, limpo e confortável quartos.",positive,chat_luong_phong
9728,"Nunca fiquei em um hotel onde, por um custo tão baixo, você tem um banheiro ENORME em mármore banheiros quartos, situado em um ambiente amplo, bem organizado, limpo e confortável quartos.",positive,ve_sinh
9730,"Fiquei surpreso com o quão barulhenta era a rua abaixo de mim, mesmo no 26º andar, ouvi até buzinas de carros, todos os gritos de bebês, todos os festeiros gritando na rua, a noite toda.",negative,khong_gian
9731,"A equipe do hotel foi rápida e ansiosa para ajudar com qualquer projeto: minha esposa e eu sentimos que éramos uma parte respeitada das coisas, e Paris se tornou acessível e compreensível para nós.",positive,dich_vu
9732,Comida era mediana e pode ser melhorada para um resort 5 estrelas.,neutral,am_thuc
9733,"flan ! ! Algumas desvantagens são que não há A / C e as camas são muito firmes, mas então eu acho que se você gosta de camas firmes isso não será um problema.",negative,chat_luong_phong
9734,"No check-out, acabei pagando 10% a mais por causa de um erro de confirmação do hotel, mesmo depois de ter sido informado no check-in que eles honrariam o preço confirmado.",negative,gia_ca
9735,"Provavelmente bom para viagens turísticas, mas esteja avisado que para viagens de negócios esta é a pior propriedade Starwood em que já ficamos.",negative,tong_the
9736,"Ótimo hotel, fantástico localização. Acabei de voltar de 4 noites no Sofitel e não posso reclamar deste hotel.",positive,tong_the
9736,"Ótimo hotel, fantástico localização. Acabei de voltar de 4 noites no Sofitel e não posso reclamar deste hotel.",positive,vi_tri
9738,"é enorme, com muitas opções de comida e entretenimento, suspeito que as pessoas vão lá para passar férias e nunca saem do local.",positive,khong_gian
9739,Um Hotel Muito Refrescante e Elegante Hotel,positive,tong_the
9739,Um Hotel Muito Refrescante e Elegante Hotel,positive,khong_gian
9740,"e estava localizado bem no centro da cidade, com muitos serviços nas proximidades, incluindo vários cibercafés, para que você possa ficar por dentro dos acontecimentos do outro lado do mundo.",positive,vi_tri
9741,"O hotel está localizado perto do French Quarter, por isso é fácil se locomover.",positive,vi_tri
9742,Ótimo localização.,positive,vi_tri
9743,"A equipe estava sempre, sempre, pronta para me ajudar.",positive,dich_vu
9744,"muito limpo, muito tranquilo, cama enorme.",positive,ve_sinh
9744,"muito limpo, muito tranquilo, cama enorme.",positive,chat_luong_phong
9745,"obviamente a gerência não tem noção de hospitalidade, a menos que já tenham administrado uma prisão ou algo semelhante.",negative,dich_vu
9746,os funcionários foram simpáticos e prestativos.,positive,dich_vu
9747,"A equipe não é das melhores, mas é simpática e prestativa.",neutral,dich_vu
9748,Nós recomendamos fortemente.,positive,de_xuat
9749,"Ok, quarto em HKG são muito pequenos, mas este parece muito pequeno, caso contrário serviço de concierge foi bom e localização é ok para Kowloon nad Nathan Road. Considerando tudo e o que paguei",negative,chat_luong_phong
9749,"Ok, quarto em HKG são muito pequenos, mas este parece muito pequeno, caso contrário serviço de concierge foi bom e localização é ok para Kowloon nad Nathan Road. Considerando tudo e o que paguei",positive,dich_vu
9749,"Ok, quarto em HKG são muito pequenos, mas este parece muito pequeno, caso contrário serviço de concierge foi bom e localização é ok para Kowloon nad Nathan Road. Considerando tudo e o que paguei",neutral,vi_tri
9750,"Ficamos em um quarto pequeno quarto na seção ""baixo"" do hotel, que eu acho que é usada principalmente por passageiros em escala a caminho da Austrália.",negative,chat_luong_phong
9751,Os quartos estão um pouco desgastados.,negative,chat_luong_phong
9752,"Pelo valor que paguei, valeu a pena a estadia.",positive,gia_ca
9753,entalhe p na capital,positive,tong_the
9754,"Pior ainda, apesar do cancelamento, meu cartão de crédito ainda foi cobrado e depois de 6 ligações e vários e-mails para o hotel, incluindo Leah, a gerente, nunca obtive resposta! !",negative,tong_the
9755,O serviço foi excelente e a comida muito boa.,positive,dich_vu
9755,O serviço foi excelente e a comida muito boa.,positive,am_thuc
9756,"A localização é excelente, bem na praça Dam, ao lado das lojas e da vibrante vida noturna.",positive,vi_tri
9757,"Muito hostil equipe, mas limpo quarto.",negative,dich_vu
9757,"Muito hostil equipe, mas limpo quarto.",positive,ve_sinh
9758,Acima da média para um Holiday Inn e um hotel com personalidade.,positive,tong_the
9759,O hotel era muito limpo e a equipe era amigável e prestativa.,positive,ve_sinh
9759,O hotel era muito limpo e a equipe era amigável e prestativa.,positive,dich_vu
9760,Excelente experiência - Ótimo Serviço,positive,dich_vu
9760,Excelente experiência - Ótimo Serviço,positive,tong_the
9761,Quartos limpos e decorados de forma simples.,positive,ve_sinh
9761,Quartos limpos e decorados de forma simples.,positive,chat_luong_phong
9762,"A única desvantagem foi que café da manhã no hotel não estava incluído no preço, mas encontramos um pequeno café na esquina onde pudemos comprar pãezinhos, sanduíches, croissants etc. por uma fração do preço que o café da manhã no hotel teria custado.",positive,gia_ca
9762,"A única desvantagem foi que café da manhã no hotel não estava incluído no preço, mas encontramos um pequeno café na esquina onde pudemos comprar pãezinhos, sanduíches, croissants etc. por uma fração do preço que o café da manhã no hotel teria custado.",negative,gia_ca
9763,"O café da manhã foi incrível (incluído) - variedade de queijos, pães, carnes e doces, além dos tão necessários expressos! Bar e área de estar.",positive,am_thuc
9764,Os funcionários do hotel foram muito simpáticos e educados e sempre prestativos.,positive,dich_vu
9765,"Café da manhã foi muito bom, com croissants de maçã caseiros.",positive,am_thuc
9766,Uma nota para os críticos da equipe . . . algumas palavras atenciosas em francês renderão dividendos substanciais em termos de serviço.,negative,dich_vu
9767,"No geral, um lugar muito caro e decepcionante.",negative,gia_ca
9767,"No geral, um lugar muito caro e decepcionante.",negative,tong_the
9768,"Os quartos são bem antigos, mas limpos.",negative,chat_luong_phong
9768,"Os quartos são bem antigos, mas limpos.",positive,ve_sinh
9769,Grande clássico do French Quarter,positive,tong_the
9770,O hotel também fica muito perto da estação de trem e de todas as atrações de Amsterdã.,positive,vi_tri
9771,Minha esposa e eu ficamos aqui por 3 noites em nosso caminho de volta para o Reino Unido.,positive,tong_the
9772,"Dado que deveríamos ter mantido o número, mas o gerente não foi prestativo, nem simpático e nem esnobe!",negative,dich_vu
9773,"Este é um ótimo hotel. Na chegada, fomos atualizados sem pedir para um quarto deluxe quartos com excelentes vistas de uma cidade maravilhosa.",positive,dich_vu
9773,"Este é um ótimo hotel. Na chegada, fomos atualizados sem pedir para um quarto deluxe quartos com excelentes vistas de uma cidade maravilhosa.",positive,chat_luong_phong
9774,Este é um lugar fantástico para ficar em Nova York.,positive,tong_the
9775,"Lindo, relaxante, ótimo serviço.",positive,dich_vu
9776,"Com muitos hotéis em Boston custando em média US$ 250 por noite, tivemos um quarto king size perfeitamente aceitável  quarto por pouco menos de US$ 100, incluindo estacionamento.",positive,gia_ca
9778,Os quartos eram limpos e de bom tamanho.,positive,ve_sinh
9778,Os quartos eram limpos e de bom tamanho.,positive,chat_luong_phong
9779,Bom custo-benefício e ótima localização.,positive,gia_ca
9779,Bom custo-benefício e ótima localização.,positive,vi_tri
9780,A equipe do hotel não poderia fazer o suficiente por você.,positive,dich_vu
9781,"Bom localização - banheiro sujo. Era para ser um hotel cinco estrelas hotel, mas não era exatamente o que eu chamaria de cinco estrelas.",positive,vi_tri
9781,"Bom localização - banheiro sujo. Era para ser um hotel cinco estrelas hotel, mas não era exatamente o que eu chamaria de cinco estrelas.",negative,tong_the
9781,"Bom localização - banheiro sujo. Era para ser um hotel cinco estrelas hotel, mas não era exatamente o que eu chamaria de cinco estrelas.",negative,ve_sinh
9782,"Adorei tudo O edifício é fantástico, o hotel é maravilhoso, verdadeiro luxo a preços acessíveis (procurei e encontrei uma oferta especial no hotel",positive,tong_the
9782,"Adorei tudo O edifício é fantástico, o hotel é maravilhoso, verdadeiro luxo a preços acessíveis (procurei e encontrei uma oferta especial no hotel",positive,khong_gian
9782,"Adorei tudo O edifício é fantástico, o hotel é maravilhoso, verdadeiro luxo a preços acessíveis (procurei e encontrei uma oferta especial no hotel",positive,gia_ca
9783,Ambiente é encantador.,positive,tong_the
9784,Adorei isso Hotel!,positive,tong_the
9785,quartos são limpos e roupa de cama trocada todos os dias.,positive,ve_sinh
9785,quartos são limpos e roupa de cama trocada todos os dias.,positive,chat_luong_phong
9786,"Não há como este ser um hotel 4,5 estrelas hotel, mais como um hotel de 1 estrela.",negative,tong_the
9787,"ótimo custo-benefício - no entanto, acabei de voltar de uma estadia de duas noites no Mercure - uma fachada nada promissora, mas não deixe que isso o desencoraje!",positive,gia_ca
9788,"a única falha foi o restaurante Neptune, o café da manhã foi ótimo, mas o jantar foi terrivelmente caro e não tão bom. No geral, temos poucas reclamações, se é que temos alguma, mal podemos esperar para voltar.",positive,am_thuc
9788,"a única falha foi o restaurante Neptune, o café da manhã foi ótimo, mas o jantar foi terrivelmente caro e não tão bom. No geral, temos poucas reclamações, se é que temos alguma, mal podemos esperar para voltar.",negative,gia_ca
9788,"a única falha foi o restaurante Neptune, o café da manhã foi ótimo, mas o jantar foi terrivelmente caro e não tão bom. No geral, temos poucas reclamações, se é que temos alguma, mal podemos esperar para voltar.",negative,am_thuc
9789,perder para a perfeição Fiquei no Royal Park por 4 semanas em uma longa viagem de negócios.,positive,tong_the
9790,"Tudo estava perto, inclusive uma peça off-Broadway.",positive,vi_tri
9791,Nosso hotel Relais Bosquet foi ótimo.,positive,tong_the
9792,"O  quarto que nos foi dado tinha vista para o jardim interno, o que era perfeitamente agradável e tranquilo.",positive,chat_luong_phong
9793,Gostaria que tivéssemos mais tempo para passar em Florença - dois dias não foram suficientes.,positive,tong_the
9794,"A equipe foi muito atenciosa e, de acordo com os padrões de serviço do hotel, cada solicitação foi atendida, é claro.",positive,dich_vu
9795,Minha esposa e eu ficamos no Sheraton Laguna Nusa Dora esta semana (partimos em 16/08/06).,neutral,tong_the
9797,"Ótimo quarto, bastante espaço, embora cama seja muito firme (os westin heavenly cama são claramente superiores).",positive,chat_luong_phong
9797,"Ótimo quarto, bastante espaço, embora cama seja muito firme (os westin heavenly cama são claramente superiores).",negative,chat_luong_phong
9798,Muito confortável camas!,positive,chat_luong_phong
9799,sonhos era um sonho,positive,tong_the
9800,"A localização era ótima, assim como o café da manhã continental café da manhã.",positive,vi_tri
9800,"A localização era ótima, assim como o café da manhã continental café da manhã.",positive,am_thuc
9801,onde você teve que pegar uma carona para a praia Comida quartos excelentes,positive,am_thuc
9802,"Sei que muitas vezes as classificações por estrelas em sites de viagens não têm qualquer base na realidade, no entanto, desta vez concordo plenamente com a classificação no Expedia.com de que é quatro estrelas hotel.",positive,tong_the
9803,"Muito aconchegante Ótimo hotel, com uma atmosfera agradável e relaxante.",positive,tong_the
9803,"Muito aconchegante Ótimo hotel, com uma atmosfera agradável e relaxante.",positive,khong_gian
9804,Nós simplesmente adoramos e esperamos voltar a Aqua Aloha Surf muito em breve.,positive,tong_the
9805,"Decepcionante Considerando as avaliações que li sobre o Oberoi e a reputação da rede, eu esperava um serviço excelente e consistente.",negative,tong_the
9806,fique longe e gaste seu dinheiro um pouco mais longe do aeroporto.,negative,tong_the
9807,"O lugar é limpo e elegante e se você conseguir uma oferta quartos, terá um ótimo custo-benefício.",positive,gia_ca
9808,Ótimas férias Ótimas Hotel,positive,tong_the
9809,Nosso quarto tinha vista para a Catedral de São Patrício e era lindo.,positive,chat_luong_phong
9810,A única coisa que não gostamos foi da localização.,negative,vi_tri
9811,"O quarto estava limpo, o banheiro quarto era de tamanho decente e havia internet wi-fi gratuita, o que é sempre um bônus.",positive,ve_sinh
9811,"O quarto estava limpo, o banheiro quarto era de tamanho decente e havia internet wi-fi gratuita, o que é sempre um bônus.",positive,chat_luong_phong
9812,Um momento maravilhoso Obrigado por umas férias maravilhosas e relaxantes.,positive,tong_the
9813,"Também a cerca de 30 segundos da estação de trem (subterrânea) para o aeroporto (25 minutos). Além das reclamações habituais sobre o funcionamento das luzes/persianas e a inundação do banheiroquarto com o chuveiro, nós realmente gostamos do quarto e da nossa estadia.",negative,chat_luong_phong
9813,"Também a cerca de 30 segundos da estação de trem (subterrânea) para o aeroporto (25 minutos). Além das reclamações habituais sobre o funcionamento das luzes/persianas e a inundação do banheiroquarto com o chuveiro, nós realmente gostamos do quarto e da nossa estadia.",positive,chat_luong_phong
9815,"Ótimo Hotel, perfeito localização. Acabei de voltar de uma estadia de 5 noites no Omni e, realmente, se você quer um hotel excelente em uma ótima localização, esta tem que ser sua escolha.",positive,tong_the
9815,"Ótimo Hotel, perfeito localização. Acabei de voltar de uma estadia de 5 noites no Omni e, realmente, se você quer um hotel excelente em uma ótima localização, esta tem que ser sua escolha.",positive,vi_tri
9816,Alguns quartos são bastante barulhentos porque estão localizados perto da 110.,negative,chat_luong_phong
9817,"Viajando com um orçamento de estudante, não queria gastar muito e pensei que o Mango seria decente -",negative,gia_ca
9818,"Ficamos no quarto no último andar, com uma vista maravilhosa do panteão.",positive,chat_luong_phong
9819,"no entanto, o que nos deixou mais felizes foi a gerência e a recepção serviço - eles foram muito atenciosos e prestativos, até mesmo verificando no nosso último dia se estávamos acordados depois do nosso despertador para não perdermos nosso voo matinal - este é um lugar muito bom para ficar em uma cidade tão maravilhosa - gerard NY",positive,dich_vu
9819,"no entanto, o que nos deixou mais felizes foi a gerência e a recepção serviço - eles foram muito atenciosos e prestativos, até mesmo verificando no nosso último dia se estávamos acordados depois do nosso despertador para não perdermos nosso voo matinal - este é um lugar muito bom para ficar em uma cidade tão maravilhosa - gerard NY",positive,tong_the
9820,Nos deram um quarto no 32º andar da Torre Imperial com vista para Ginza.,positive,chat_luong_phong
9821,"O que tornou nossa estadia verdadeiramente excepcional foi a incrível hospitalidade oferecida pela gerência e equipe, que nos fizeram sentir bem-vindos e cuidados durante toda a nossa estadia.",positive,dich_vu
9822,"Ótimo localização, hotel familiar amigável hotel Ótimo hotel familiar hotel em um ótimo localização - a apenas alguns quarteirões do Duomo, da Galleria dell'Accedemia e perto de muitos outros locais (embora eu recomende pegar um táxi da estação de trem se você tiver bagagem - o custo é de apenas 8 euros da estação de trem até o hotel).",positive,vi_tri
9822,"Ótimo localização, hotel familiar amigável hotel Ótimo hotel familiar hotel em um ótimo localização - a apenas alguns quarteirões do Duomo, da Galleria dell'Accedemia e perto de muitos outros locais (embora eu recomende pegar um táxi da estação de trem se você tiver bagagem - o custo é de apenas 8 euros da estação de trem até o hotel).",positive,de_xuat
9823,Equipe muito amigável.,positive,dich_vu
9824,"Equipe Todos nós fomos excelentes e o preço, especialmente para o fim de semana de MardiGras, foi excelente.",positive,dich_vu
9824,"Equipe Todos nós fomos excelentes e o preço, especialmente para o fim de semana de MardiGras, foi excelente.",positive,gia_ca
9825,Amado A Mansão em Turtle Creek,positive,tong_the
9826,IFA Foi ótimo!,positive,tong_the
9827,"A localização também foi ótima, bem em frente à estação de trem, mas de alguma forma não no centro de todo o caos.",positive,vi_tri
9828,"Tínhamos uma linda vista para o canal (quarto 2) no último andar, muito romântico.",positive,chat_luong_phong
9829,"fantástico Mais uma vez fiquei em um hotel com base no tripadvisor e, mais uma vez, não fiquei decepcionado.",positive,tong_the
9830,"Magda é mais confortável, melhor localizado e com melhor serviço (as pessoas da recepção são muito corretas, quase simpáticas.",positive,khong_gian
9830,"Magda é mais confortável, melhor localizado e com melhor serviço (as pessoas da recepção são muito corretas, quase simpáticas.",positive,vi_tri
9830,"Magda é mais confortável, melhor localizado e com melhor serviço (as pessoas da recepção são muito corretas, quase simpáticas.",positive,dich_vu
9831,isso tem que estar no meu top 5 dos piores!,negative,tong_the
9832,Ótimo ambiente serviço.,positive,dich_vu
9833,"bom localização, confortável, fabuloso café da manhã.",positive,khong_gian
9833,"bom localização, confortável, fabuloso café da manhã.",positive,am_thuc
9833,"bom localização, confortável, fabuloso café da manhã.",positive,vi_tri
9834,Tínhamos vista para o parque (quarto 2) e acordar foi um prazer.,positive,chat_luong_phong
9836,adorável hotel,positive,tong_the
9837,Estávamos no topo  andar e todo o calor do prédio parecia subir para o nosso  quarto.,negative,chat_luong_phong
9838,A equipe é amigável e prestativa.,positive,dich_vu
9839,"O serviço de quarto é rápido e bastante respeitável, embora o menu seja um pouco limitado.",positive,dich_vu
9839,"O serviço de quarto é rápido e bastante respeitável, embora o menu seja um pouco limitado.",negative,am_thuc
9840,Tudo foi perfeito O Duquesne foi um lugar perfeito para nós.,positive,tong_the
9841,"A equipe foi excelente, eles fizeram todas as nossas reservas e arranjos.",positive,dich_vu
9842,Adorei o TJ,positive,tong_the
9843,"A comida era excelente, estava muito limpo, o entretenimento foi ótimo, a equipe era amigável, no geral foi uma estadia fantástica.",positive,am_thuc
9843,"A comida era excelente, estava muito limpo, o entretenimento foi ótimo, a equipe era amigável, no geral foi uma estadia fantástica.",positive,ve_sinh
9843,"A comida era excelente, estava muito limpo, o entretenimento foi ótimo, a equipe era amigável, no geral foi uma estadia fantástica.",positive,dich_vu
9843,"A comida era excelente, estava muito limpo, o entretenimento foi ótimo, a equipe era amigável, no geral foi uma estadia fantástica.",positive,tong_the
9844,"Nosso quarto executivo  quartos no 25º andar era espaçoso, limpo e confortável.",positive,chat_luong_phong
9844,"Nosso quarto executivo  quartos no 25º andar era espaçoso, limpo e confortável.",positive,ve_sinh
9845,"A uma curta distância da maioria dos pontos turísticos de Lower Manhattan, e a delicatessen na esquina é muito boa.",positive,vi_tri
9846,Pedimos serviço de quarto e meus dois filhos pequenos (4 e 6 anos) tinham muitas opções deliciosas no menu infantil.,positive,am_thuc
9847,>Exatamente o que imaginamos Florença seria!,positive,tong_the
9848,"Depois de ler avaliações sobre Moore, minha esposa e eu escolhemos ficar aqui com base no preço e na localização.",positive,gia_ca
9849,Passamos 4 dias no The Benjamin em julho; esta foi nossa quarta ou quinta estadia lá nos últimos anos.,positive,tong_the
9850,"Verdade, mas o serviço de transporte deles fecha mais cedo do que qualquer outro hotel e custa 20 euros de táxi.",negative,dich_vu
9851,Recomendo muito o Berchielli Passamos 2 noites no Berchielli na semana passada e a experiência foi completamente deliciosa:,positive,de_xuat
9852,"Hotel estava movimentado, mas ainda era possível oferecer serviço personalizado.",negative,khong_gian
9852,"Hotel estava movimentado, mas ainda era possível oferecer serviço personalizado.",positive,dich_vu
9853,"Definitivamente ficaria lá novamente, mas não tenho pressa de voltar para Madri.",positive,tong_the
9854,Achei a equipe  extremamente prestativa e agradável.,positive,dich_vu
9855,Vale dizer que este não é um hotel para onde você iria se quisesse ficar em um lugar realmente luxuoso e romântico.,negative,tong_the
9856,Foi uma estadia muito agradável!,positive,tong_the
9857,Nós aproveitamos a praia e o hotel em si e nos divertimos muito!,positive,tong_the
9858,Estadia perfeita. Usei o Holiday Inn Miami Airport West algumas vezes e todas as estadias foram perfeitas.,positive,tong_the
9859,experiência muito boa neste hotel Fiquei hospedado por 2 noites durante uma excursão pelo Texas.,positive,tong_the
9860,Recomendamos muito este hotel!,positive,de_xuat
9861,"Fiquei surpreso ao ver que a classificação AAA deste hotel, junto com muitos outros em Nova Orleans, era de apenas 3 estrelas.",positive,tong_the
9862,A equipe faz de tudo para ser prestativa.,positive,dich_vu
9863,Este hotel não corresponde às fotos mostradas no site hotel.,negative,tong_the
9864,"Barcelona é uma cidade grande com problemas de cidade grande, mas o tratamento dado aos funcionários e a proximidade do hotel com áreas desagradáveis de Barcelona significam que este hotel deve ser evitado.",negative,dich_vu
9864,"Barcelona é uma cidade grande com problemas de cidade grande, mas o tratamento dado aos funcionários e a proximidade do hotel com áreas desagradáveis de Barcelona significam que este hotel deve ser evitado.",negative,tong_the
9865,Definitivamente recomendaria este hotel para casais jovens e grupos.,positive,de_xuat
9866,Foi muito tranquilo e não temos reclamações.,positive,chat_luong_phong
9867,"Ótimo estilo, confortável  quartos, banheiro adorável quartos (com chuveiros de verdade - não é tão fácil de encontrar na Europa)",positive,chat_luong_phong
9868,"O ponto de bonde fica próximo, assim como o serviço de transporte público pelos canais.",positive,dich_vu
9869,Experiência traumática Participei do Boston Gift Show e fiquei no Hilton de 31 de março a 5 de abril de 2005.,negative,tong_the
9870,A comida em todos os restaurantes era ótima e sempre limpa e bem arrumada,positive,am_thuc
9871,"Ela nos fez um upgrade para um quarto de canto fabuloso, de frente para o porto, e nos deu acesso gratuito à suíte executiva.",positive,gia_ca
9871,"Ela nos fez um upgrade para um quarto de canto fabuloso, de frente para o porto, e nos deu acesso gratuito à suíte executiva.",positive,dich_vu
9872,Uma verdadeira vergonha.,negative,tong_the
9873,Já estávamos falando em voltar na Páscoa de 2009 e esperamos ficar no hotel Nadia.,positive,tong_the
9874,"A equipe foi excelente, o quarto bem equipado",positive,dich_vu
9874,"A equipe foi excelente, o quarto bem equipado",positive,chat_luong_phong
9875,Excelente propriedade esta propriedade está bem acima da média.,positive,tong_the
9876,"Limpo e novo quartos, tranquilo, agradável funcionários e perto do aeroporto.",positive,ve_sinh
9876,"Limpo e novo quartos, tranquilo, agradável funcionários e perto do aeroporto.",positive,chat_luong_phong
9876,"Limpo e novo quartos, tranquilo, agradável funcionários e perto do aeroporto.",positive,dich_vu
9876,"Limpo e novo quartos, tranquilo, agradável funcionários e perto do aeroporto.",positive,vi_tri
9877,O hotel é usado por muitos funcionários da companhia aérea e o balcão de informações foi muito útil para obter mapas e informações turísticas.,positive,dich_vu
9878,Não poderia ter pedido um hotel melhor que o Sofitel.,positive,tong_the
9879,"o cômodo aconchegante, com seus rangidos, guinchos e vazamentos... tinha uma geladeira e um fogão.",positive,chat_luong_phong
9880,Ótima localização base para explorar Amsterdã.,positive,vi_tri
9881,Nossa família de 4 pessoas (2 adultos e 2 crianças) teve uma excelente experiência de férias.,positive,tong_the
9882,A atitude dos funcionários parece piorar cada vez mais.,negative,dich_vu
9883,Ficarei sempre aqui no futuro!,positive,tong_the
9884,O melhor !  !,positive,tong_the
9885,Meu marido e eu adoramos este hotel.,positive,tong_the
9886,"Conselhos de especialistas sobre onde comer em Boston, que foram certeiros em relação aos nossos pedidos e ficaram felizes em fazer reservas para nós e nos levar a lugares movimentados durante a semana de restaurantes de Boston.",positive,dich_vu
9887,"Apenas duas pequenas reclamações: ficamos em um quarto bem pequeno quarto e os preços indicados no site não incluem o Imposto sobre Bens e Serviços, um imposto de 10% que todos têm que pagar.",negative,chat_luong_phong
9887,"Apenas duas pequenas reclamações: ficamos em um quarto bem pequeno quarto e os preços indicados no site não incluem o Imposto sobre Bens e Serviços, um imposto de 10% que todos têm que pagar.",neutral,gia_ca
9888,Café da manhã é ótimo.,positive,am_thuc
9889,"A casa de hóspedes é linda, no estilo espanhol (paredes brancas com telhado de telhas vermelhas) e com pequenos pátios e espaços privados.",positive,khong_gian
9890,"Eu não recomendaria este hotel por causa da atitude esnobe de alguns funcionários, o que o tornou muito desconfortável. Não era um hotel para relaxar, apenas para ser visto se você tivesse uma certa idade e estivesse vestido de uma certa maneira.",negative,de_xuat
9890,"Eu não recomendaria este hotel por causa da atitude esnobe de alguns funcionários, o que o tornou muito desconfortável. Não era um hotel para relaxar, apenas para ser visto se você tivesse uma certa idade e estivesse vestido de uma certa maneira.",negative,khong_gian
9891,"O ônibus do aeroporto  parada do aeroporto nos deixou perto do hotel (400m) da Placa d Espanya, situado em uma rua secundária muito tranquila, mas perto de duas estações de metrô (a melhor maneira de se locomover). Ao chegar, tivemos que tirar a papelada para verificar se não havia um erro no preço, pois ele superou em muito nossas expectativas.",positive,khong_gian
9891,"O ônibus do aeroporto  parada do aeroporto nos deixou perto do hotel (400m) da Placa d Espanya, situado em uma rua secundária muito tranquila, mas perto de duas estações de metrô (a melhor maneira de se locomover). Ao chegar, tivemos que tirar a papelada para verificar se não havia um erro no preço, pois ele superou em muito nossas expectativas.",positive,vi_tri
9892,"Muitas pessoas de negócios usam este hotel, mas os turistas são muito bem recebidos pela equipe simpática e cortês .",positive,dich_vu
9893,"Ficava do outro lado da rua de uma parada do MTR, o que tornava o transporte pela cidade muito fácil.",positive,vi_tri
9894,Realmente excelente hotel Não há nada que eu possa reclamar hotel.,positive,tong_the
9895,"Adorei tudo sobre este hotel Estávamos procurando uma propriedade perto do LAX, a apenas 7 minutos de distância e, comparado aos arranha-céus do aeroporto LAX, esta foi uma pechincha.",positive,tong_the
9896,"O Europa não parece aparecer em nenhum guia turístico, e o lobby de entrada no andar de baixo não é promissor, mas quando você chega ao hotel, Gassim e sua filha Miriam são maravilhosamente discretos e atenciosos anfitriões.",negative,khong_gian
9896,"O Europa não parece aparecer em nenhum guia turístico, e o lobby de entrada no andar de baixo não é promissor, mas quando você chega ao hotel, Gassim e sua filha Miriam são maravilhosamente discretos e atenciosos anfitriões.",positive,dich_vu
9897,"Fiquei em um Harbour View  quartos por 3 noites e o padrão do quartos e, mais importante, o padrão do  serviço foram excepcionais.",positive,dich_vu
9897,"Fiquei em um Harbour View  quartos por 3 noites e o padrão do quartos e, mais importante, o padrão do  serviço foram excepcionais.",positive,chat_luong_phong
9898,"O Royal Service é uma piada, não ouse pagar mais por isso, você vai se arrepender, dinheiro extra por nada, e não beba a água.",negative,tong_the
9899,"Apesar da tarifa, fomos tratados como hóspedes de honra e atualizados para um quarto incrivelmente grande quarto desde o check-in",positive,dich_vu
9899,"Apesar da tarifa, fomos tratados como hóspedes de honra e atualizados para um quarto incrivelmente grande quarto desde o check-in",positive,chat_luong_phong
9900,Eles enviaram rapidamente um reparador.,positive,dich_vu
9901,"Preocupado com o hotel e a vizinhança após um comentário sobre o carro quebrado, estou feliz em dizer que nossa estadia foi maravilhosa, a área ao redor do hotel era agradável e toda a estadia foi ótima.",positive,tong_the
9902,"Perto de todas as comodidades, incluindo um parque para crianças, onde elas podem ir caminhando.",positive,chat_luong_phong
9903,"Quarto era lindo e limpo, com uma vista maravilhosa da Torre Eiffel.",positive,chat_luong_phong
9903,"Quarto era lindo e limpo, com uma vista maravilhosa da Torre Eiffel.",positive,ve_sinh
9904,A única coisa que não gostei neste lugar foi o banheiro.,negative,chat_luong_phong
9905,Nunca mais ficarei lá.,negative,tong_the
9906,Os quartos estão desatualizados e os corredores cheiram mal.,negative,chat_luong_phong
9906,Os quartos estão desatualizados e os corredores cheiram mal.,negative,ve_sinh
9907,"Decoração antiga e charmosa, banheiro pequeno, mas bom, roupões bonitos.",neutral,chat_luong_phong
9907,"Decoração antiga e charmosa, banheiro pequeno, mas bom, roupões bonitos.",positive,chat_luong_phong
9908,"Eu estava em NY a negócios e achei este hotel ideal, serviço era bom e a área bar era impressionante.",positive,dich_vu
9909,Bom Localização e Valor,positive,vi_tri
9909,Bom Localização e Valor,positive,tong_the
9910,A equipe foi amigável e a localização é conveniente para compras e restaurantes.,positive,dich_vu
9910,A equipe foi amigável e a localização é conveniente para compras e restaurantes.,positive,vi_tri
9911,"O local fica a um quarteirão da praia, o que o torna muito conveniente.",positive,vi_tri
9912,"Hotel em si é impecável, assim como os quartos.",positive,ve_sinh
9913,Já estou ansioso para retornar.,positive,tong_the
9914,Ótima estadia Passamos 2 noites no Benjamin.,positive,tong_the
9915,"Ótimo localização - a uma curta distância da Calçada da Fama de Hollywood, do Kodak Centre e de muitos locais.",positive,vi_tri
9916,"Eles foram extremamente prestativos, profissionais e conhecedores da área.",positive,dich_vu
9917,Fiquei em uma suíte pequena quartos e adorei - muito espaço e muito confortável.,positive,chat_luong_phong
9918,"Os quartos estão todos equipados não apenas com tudo o que você precisa para uma estadia muito confortável (e acessível), mas também com cópias dos escritos do proprietário - pensamentos, reflexões e palavras de sabedoria, uma espécie de cruzamento entre Khalil Gibran e Marco Aurélio.",positive,chat_luong_phong
9918,"Os quartos estão todos equipados não apenas com tudo o que você precisa para uma estadia muito confortável (e acessível), mas também com cópias dos escritos do proprietário - pensamentos, reflexões e palavras de sabedoria, uma espécie de cruzamento entre Khalil Gibran e Marco Aurélio.",positive,gia_ca
9919,"Adorei o hotel. Cinco das minhas amigas e eu acabamos de voltar de Punta Cana e, no geral, nossa visita foi bastante agradável.",positive,tong_the
9920,O serviço do restaurante é terrível.,negative,dich_vu
9921,"Grande quartos, perto das atrações da vida noturna Weber Hotel é uma boa surpresa.",positive,chat_luong_phong
9921,"Grande quartos, perto das atrações da vida noturna Weber Hotel é uma boa surpresa.",positive,tong_the
9922,O hotel está idealmente localizado no bairro da moda da cidade e todas as lojas que você pode imaginar estão a poucos minutos de distância.,positive,vi_tri
9923,limpo e familiar Nós apreciamos a limpeza quarto e o maravilhoso serviço.,positive,ve_sinh
9923,limpo e familiar Nós apreciamos a limpeza quarto e o maravilhoso serviço.,positive,dich_vu
9924,"Parecia um lar longe de casa, não apenas um hotel.",positive,khong_gian
9926,"Adorei Depois de ler as avaliações neste site, fiquei com medo da minha escolha, mas já tinha pago o valor integral pelo Expedia.",positive,tong_the
9927,Tive o luxo de ficar em uma das suítes júnior bem equipadas.,positive,chat_luong_phong
9928,"No geral, fiquei muito impressionado com o serviço.",positive,dich_vu
9929,"maravilhosa restauração Um hotel restaurado  na seção Pioneer Square de Seattle, esta pequena joia era encantadora.",positive,tong_the
9930,"Mas achei este pequeno hotel, a apenas 1/2 quarteirão do Bourbon, uma joia tranquila.",negative,khong_gian
9931,"Acabei de voltar, tive um ótimo Marriott serviço como sempre faço e ficaria neste hotel novamente em um piscar de olhos.",positive,dich_vu
9931,"Acabei de voltar, tive um ótimo Marriott serviço como sempre faço e ficaria neste hotel novamente em um piscar de olhos.",positive,tong_the
9932,"O concierge foi capaz de recomendar ótimos restaurantes e passeios, e o hotel fica bem próximo de muitos pontos turísticos e do retorno do teleférico",positive,de_xuat
9932,"O concierge foi capaz de recomendar ótimos restaurantes e passeios, e o hotel fica bem próximo de muitos pontos turísticos e do retorno do teleférico",positive,vi_tri
9933,e é tão encantador e amigável que ficaremos lá novamente em nossa próxima viagem à Toscana.,positive,tong_the
9934,"Os quartos eram pequenos, mas adequados, e a sala de café da manhã era um pouco apertada, mas, de resto, não há reclamações.",neutral,khong_gian
9934,"Os quartos eram pequenos, mas adequados, e a sala de café da manhã era um pouco apertada, mas, de resto, não há reclamações.",positive,chat_luong_phong
9935,"A equipe da recepção não poderia ter sido mais prestativa e ter senso de humor, o concierge sabia as respostas para as perguntas que tínhamos, e o quarto era silencioso, limpo e confortável.",positive,dich_vu
9935,"A equipe da recepção não poderia ter sido mais prestativa e ter senso de humor, o concierge sabia as respostas para as perguntas que tínhamos, e o quarto era silencioso, limpo e confortável.",positive,chat_luong_phong
9935,"A equipe da recepção não poderia ter sido mais prestativa e ter senso de humor, o concierge sabia as respostas para as perguntas que tínhamos, e o quarto era silencioso, limpo e confortável.",positive,ve_sinh
9935,"A equipe da recepção não poderia ter sido mais prestativa e ter senso de humor, o concierge sabia as respostas para as perguntas que tínhamos, e o quarto era silencioso, limpo e confortável.",positive,khong_gian
9936,"Muito feliz. Muito perto do ponto do teleférico, o que foi muito útil e uma ótima atividade turística.",positive,vi_tri
9937,"Fiquei satisfeito, fiquei aqui por 3 noites.",positive,tong_the
9938,"Perfeito localização - caminhei até restaurantes, aquário, cassino.",positive,vi_tri
9940,"Os anfitriões foram prestativos e atenciosos o tempo todo, sem serem insistentes! ! ! A localização deste hotel é brilhante, perto de tudo, mas longe o suficiente para aproveitar uma caminhada pelas ruas de Veneza até os principais pontos turísticos.",positive,dich_vu
9940,"Os anfitriões foram prestativos e atenciosos o tempo todo, sem serem insistentes! ! ! A localização deste hotel é brilhante, perto de tudo, mas longe o suficiente para aproveitar uma caminhada pelas ruas de Veneza até os principais pontos turísticos.",positive,vi_tri
9941,Março de 2006 foi minha segunda estadia no Hotel Alessandra.,positive,tong_the
9942,"Desde o momento em que cheguei na porta da frente até ir embora, a equipe fez com que você se sentisse bem-vindo.",positive,dich_vu
9943,Três polegares para cima!,positive,tong_the
9944,"Simpático, prestativo equipe Este hotel está localizado perto de Moulen Rouge, com quartos pequenos, mas adequados quartos.",positive,dich_vu
9944,"Simpático, prestativo equipe Este hotel está localizado perto de Moulen Rouge, com quartos pequenos, mas adequados quartos.",positive,vi_tri
9944,"Simpático, prestativo equipe Este hotel está localizado perto de Moulen Rouge, com quartos pequenos, mas adequados quartos.",negative,chat_luong_phong
9944,"Simpático, prestativo equipe Este hotel está localizado perto de Moulen Rouge, com quartos pequenos, mas adequados quartos.",positive,chat_luong_phong
9945,ótimo hotel adorei isso hotel .,positive,tong_the
9947,"Muito bom, com preços razoáveis hotel e a uma curta caminhada de tudo o que você gostaria de ver.",positive,gia_ca
9947,"Muito bom, com preços razoáveis hotel e a uma curta caminhada de tudo o que você gostaria de ver.",positive,vi_tri
9948,"O hotel tem uma excelente localização, a uma curta distância da Torre Eiffel, bem como do metrô e de bons restaurantes.",positive,vi_tri
9949,"A equipe  era um tanto amigável, mas mais bonita do que realmente prestativa.",neutral,dich_vu
9950,a equipe foi amigável e prestativa.,positive,dich_vu
9951,"Hotel fica na esquina mais barulhenta de Waikiki, Quartos têm tinta velha e lascada, ralo da pia com cheiro ruim, camas ruins, não fiquei nada impressionado.",negative,vi_tri
9951,"Hotel fica na esquina mais barulhenta de Waikiki, Quartos têm tinta velha e lascada, ralo da pia com cheiro ruim, camas ruins, não fiquei nada impressionado.",negative,chat_luong_phong
9951,"Hotel fica na esquina mais barulhenta de Waikiki, Quartos têm tinta velha e lascada, ralo da pia com cheiro ruim, camas ruins, não fiquei nada impressionado.",negative,ve_sinh
9952,"Simpático atendente na piscina/academia, embora haja muitas crianças na piscina.",positive,dich_vu
9953,"Vale a pena a opção de fazer upgrade para o pacote Gold com tudo incluso, obtendo a gama completa de opções de menu à la carte, bebidas importadas, check-out tardio e lavanderia gratuita serviço! Também fizemos um bom passeio pela ilha com Wayan - recomendado, mas não se esqueça de levar dinheiro extra para comprar souvenirs e entrar nas atrações turísticas!",positive,de_xuat
9953,"Vale a pena a opção de fazer upgrade para o pacote Gold com tudo incluso, obtendo a gama completa de opções de menu à la carte, bebidas importadas, check-out tardio e lavanderia gratuita serviço! Também fizemos um bom passeio pela ilha com Wayan - recomendado, mas não se esqueça de levar dinheiro extra para comprar souvenirs e entrar nas atrações turísticas!",positive,gia_ca
9954,Surpreendentemente acessível também!,positive,gia_ca
9955,"Altamente recomendado Victoria 4 Victoria 4 está bem localizado, perto da Plaza de Sol, a meio caminho entre o Prado e o Palácio Real, e a uma curta caminhada da Gran Vía.",positive,de_xuat
9955,"Altamente recomendado Victoria 4 Victoria 4 está bem localizado, perto da Plaza de Sol, a meio caminho entre o Prado e o Palácio Real, e a uma curta caminhada da Gran Vía.",positive,vi_tri
9956,O museu ao lado também era legal.,positive,vi_tri
9957,"O serviço de recepção é condescendente, exceto pelos lençóis Os quartos não são bem conservados,  O carpete está muito manchado e  Tudo está gasto.",negative,dich_vu
9957,"O serviço de recepção é condescendente, exceto pelos lençóis Os quartos não são bem conservados,  O carpete está muito manchado e  Tudo está gasto.",negative,chat_luong_phong
9957,"O serviço de recepção é condescendente, exceto pelos lençóis Os quartos não são bem conservados,  O carpete está muito manchado e  Tudo está gasto.",negative,ve_sinh
9958,boa escolha Fiquei aqui por uma noite enquanto visitava a família.,positive,tong_the
9960,"Não tenho certeza sobre as avaliações negativas, mas serviço foi ótimo para nós.",positive,dich_vu
9961,O hotel representa um bom valor para NYC e tem um excelente centro de saúde e piscina.,positive,tong_the
9962,"Desde a recepção acolhedora, biscoitos e maçãs no lobby, móveis de luxo e o mais lindo pátio aberto com conjuntos de bistrô, este hotel faz tudo certo.",positive,dich_vu
9962,"Desde a recepção acolhedora, biscoitos e maçãs no lobby, móveis de luxo e o mais lindo pátio aberto com conjuntos de bistrô, este hotel faz tudo certo.",positive,khong_gian
9962,"Desde a recepção acolhedora, biscoitos e maçãs no lobby, móveis de luxo e o mais lindo pátio aberto com conjuntos de bistrô, este hotel faz tudo certo.",positive,chat_luong_phong
9963,Muito bom café da manhã também!,positive,am_thuc
9964,"Bastante antigo, mesmo que o quarto e o banheiro quarto sejam novos.",negative,khong_gian
9964,"Bastante antigo, mesmo que o quarto e o banheiro quarto sejam novos.",positive,chat_luong_phong
9965,"Um aumento enorme que muda drasticamente o aspecto de ""relação custo-benefício"" do hotel.",negative,gia_ca
9966,É realmente um refúgio tranquilo a poucos metros da agitada Times Square.,positive,vi_tri
9967,A equipe foi muito simpática e a comida estava deliciosa.,positive,am_thuc
9967,A equipe foi muito simpática e a comida estava deliciosa.,positive,dich_vu
9968,"estava muito limpo, também as empregadas foram muito prestativas, limpando nosso quarto quando descemos para tomar café da manhã. Eles também têm um ótimo salão de beleza no hotel. meu",positive,ve_sinh
9968,"estava muito limpo, também as empregadas foram muito prestativas, limpando nosso quarto quando descemos para tomar café da manhã. Eles também têm um ótimo salão de beleza no hotel. meu",positive,dich_vu
9969,Perfeito localização no centro da Velha Berlim.,positive,vi_tri
9970,Ótimo Localização Ficamos neste hotel nas nossas primeiras 4 noites na Austrália.,positive,vi_tri
9970,Ótimo Localização Ficamos neste hotel nas nossas primeiras 4 noites na Austrália.,positive,tong_the
9971,"O quarto era de ótimo tamanho, assim como o banheiro de mármore quarto.",positive,chat_luong_phong
9972,"Grande e agradável quartos, excelente localização central e acima de tudo ambiente descontraído e amigável, muito prestativo funcionários.",positive,chat_luong_phong
9972,"Grande e agradável quartos, excelente localização central e acima de tudo ambiente descontraído e amigável, muito prestativo funcionários.",positive,vi_tri
9972,"Grande e agradável quartos, excelente localização central e acima de tudo ambiente descontraído e amigável, muito prestativo funcionários.",positive,tong_the
9972,"Grande e agradável quartos, excelente localização central e acima de tudo ambiente descontraído e amigável, muito prestativo funcionários.",positive,dich_vu
9973,e há muitos bares e restaurantes excelentes na 3ª Avenida nos anos 30. Altamente recomendado!,positive,vi_tri
9974,Os quartos são lindos e o serviço foi muito eficiente.,positive,chat_luong_phong
9974,Os quartos são lindos e o serviço foi muito eficiente.,positive,dich_vu
9975,"A equipe, especialmente o concierge Chris, faz de tudo para que você se sinta bem-vindo.",positive,dich_vu
9976,Excelente hotel Fomos a Berlim para os mercados de Natal e decidimos ficar neste hotel por causa das avaliações muito boas no TripAdvisor.,positive,tong_the
9977,Minha esposa e eu ficamos neste hotel em dezembro por 3 noites.,positive,tong_the
9978,"Além disso, este hotel está localizado em uma localização muito boa de lá você pode chegar facilmente a tudo em poucos minutos a pé.",positive,vi_tri
9979,"Depois de ler avaliações anteriores no Trip Advisor, não sabíamos o que esperar, mas o Hotel não poderia ter sido melhor.",positive,tong_the
9980,"Ótimo localização, não tão bom equipe",positive,vi_tri
9980,"Ótimo localização, não tão bom equipe",negative,dich_vu
9981,A única pessoa funcionário que falava inglês trabalhava de manhã,negative,dich_vu
9982,PB Nós nos divertimos muito!!,positive,tong_the
9983,Vale o preço.,positive,gia_ca
9984,Um continental café da manhã também estava incluído naquele preço.,positive,am_thuc
9985,bem decorado quarto que embora pequeno estava bem equipado.,negative,chat_luong_phong
9985,bem decorado quarto que embora pequeno estava bem equipado.,positive,chat_luong_phong
9986,O hotel estava limpo e mantido em um padrão muito alto.,positive,ve_sinh
9986,O hotel estava limpo e mantido em um padrão muito alto.,positive,tong_the
9987,"Para resumir, é o que é um hotel barato hotel a um preço barato.",negative,tong_the
9987,"Para resumir, é o que é um hotel barato hotel a um preço barato.",positive,gia_ca
9988,"Comida em restaurante indonésio muito ruim, realmente não recomendo que você coma lá.",negative,am_thuc
9989,"Para um hotel 3 estrelas hotel, as instalações são ótimas e os funcionários foram todos muito simpáticos e prestativos.",positive,tong_the
9989,"Para um hotel 3 estrelas hotel, as instalações são ótimas e os funcionários foram todos muito simpáticos e prestativos.",positive,dich_vu
9990,"Equipe foi muito prestativa; quarto estava limpo, com uma ótima vista da cidade e das ilhas de Toronto do nosso 39º andar quarto.",positive,dich_vu
9990,"Equipe foi muito prestativa; quarto estava limpo, com uma ótima vista da cidade e das ilhas de Toronto do nosso 39º andar quarto.",positive,ve_sinh
9990,"Equipe foi muito prestativa; quarto estava limpo, com uma ótima vista da cidade e das ilhas de Toronto do nosso 39º andar quarto.",positive,chat_luong_phong
9991,Acabou sendo uma excelente base para nossa parada de três noites.,positive,tong_the
9992,"Fomos a Barcelona para uma viagem de compras e reservamos o Hotel Marina pela internet e dissemos que ficaríamos uma noite, mas acabamos ficando três noites lá.",positive,tong_the
9993,A propriedade é menor do que as outras grandes redes locais e oferece mais atenção pessoal à sua estadia.,positive,tong_the
9994,"acomodações confortáveis, ótima localização",positive,khong_gian
9994,"acomodações confortáveis, ótima localização",positive,vi_tri
9995,A localização permite explorar o centro histórico de San Juan com conforto e aproveitar a história da região.,positive,vi_tri
9996,O edredom de plumas era incrível!!!,positive,chat_luong_phong
9999,Este é um hotel muito bom  em uma ótima localização central.,positive,tong_the
9999,Este é um hotel muito bom  em uma ótima localização central.,positive,vi_tri
10002,"A equipe foi muito simpática e prestativa, desde a troca do nosso frigobar quando a chave quebrou dentro dele (!), até a solução de um problema de encanamento com um vaso sanitário temperamental, passando pela proteção das nossas malas após o check-out enquanto visitávamos a cidade em nosso último dia na cidade, até a organização do nosso traslado para o aeroporto.",positive,dich_vu
10003,Adorei o Castle Inn!,positive,tong_the
10004,"ótimo localização Este hotel está em uma localização fantástica localização, perto das lojas, da estação rodoviária e do duomo.",positive,vi_tri
10006,Útil e eficiente equipe.,positive,dich_vu
10007,"No que diz respeito a hotéis de luxo, este lugar é realmente bastante mediano. Acho que há muitos hotéis 5* melhores por aí.",negative,tong_the
10008,"Fácil acesso ao Metro Center Mall, bem como fácil acesso pela I-17 ao Aeroporto Phoenix Sly Harbor.",positive,vi_tri
10009,"Ótimo equipe da recepção Comprado via hotwire, então não tinha certeza do que estava por vir.",positive,dich_vu
10010,"As pessoas do restaurante fizeram muito mais do que o seu melhor, bom comida.",positive,am_thuc
10011,Estadia de fim de semana Fique por um fim de semana,positive,tong_the
10013,"A reforma recente é boa, embora banheiro seja pequeno - quem se importa se chuveiro funciona bem.",positive,chat_luong_phong
10013,"A reforma recente é boa, embora banheiro seja pequeno - quem se importa se chuveiro funciona bem.",negative,chat_luong_phong
10014,"não é muito grande, de qualquer forma esse é o tamanho normal de hotel em Hong Kong.",neutral,khong_gian
10015,O quarto era aconchegante e de fácil acesso.,positive,chat_luong_phong
10016,Nosso grupo de 13 pessoas ficou lá por uma semana e sentimos que realmente havíamos encontrado um lar longe de casa.,positive,tong_the
10017,Este é um novo hotel em uma ótima localização para uma curta visita a Barcelona.,positive,tong_the
10017,Este é um novo hotel em uma ótima localização para uma curta visita a Barcelona.,positive,vi_tri
10019,"Os quartos são de bom tamanho, com banheiro grande quartos e um box chuveiro. Fiquei em um quarto premier, que era um upgrade de um quarto deluxe pelo qual paguei. Para receber esse upgrade, inscreva-se no programa de assinatura do Omni Hotels e você receberá isso de graça, além de outros benefícios, como check-out tardio.",positive,chat_luong_phong
10020,"Fica longe das praias e sua piscina e instalações de saúde instalações são muito pequenas, considerando que fica na Flórida.",negative,vi_tri
10021,Acho que o HI está com má fama. Fiquei aqui por duas noites no começo de abril.,negative,tong_the
10022,Conceirge foi muito útil com instruções e informações.,positive,dich_vu
10023,Adorei tudo sobre Il Bargellino.,positive,tong_the
10024,"Os quartos são pequenos, mas limpos e de bom gosto.",negative,chat_luong_phong
10024,"Os quartos são pequenos, mas limpos e de bom gosto.",positive,ve_sinh
10024,"Os quartos são pequenos, mas limpos e de bom gosto.",positive,chat_luong_phong
10025,"Localização, serviço, quartos foram todos excelentes.",positive,vi_tri
10025,"Localização, serviço, quartos foram todos excelentes.",positive,dich_vu
10025,"Localização, serviço, quartos foram todos excelentes.",positive,chat_luong_phong
10026,"nossa suíte era limpa todos os dias e o frigobar era reabastecido. Qualquer membro da equipe, não importando sua posição, tinha tempo para parar e conversar e sempre prestativo para nossa primeira vez no Caribe.",positive,ve_sinh
10026,"nossa suíte era limpa todos os dias e o frigobar era reabastecido. Qualquer membro da equipe, não importando sua posição, tinha tempo para parar e conversar e sempre prestativo para nossa primeira vez no Caribe.",positive,dich_vu
10027,"Recomendo a todos, é uma ótima experiência com um preço conveniente.",positive,de_xuat
10027,"Recomendo a todos, é uma ótima experiência com um preço conveniente.",positive,gia_ca
10028,"Os quartos são pequenos, mas são extremamente bem projetados, especialmente o banheiro.",negative,chat_luong_phong
10028,"Os quartos são pequenos, mas são extremamente bem projetados, especialmente o banheiro.",positive,chat_luong_phong
10029,Barcelona e Hotel Rialto foram uma boa base para nós.,positive,tong_the
10030,"O quarto era bom, as camas eram muito confortáveis e a equipe era extremamente simpática e prestativa.",positive,chat_luong_phong
10030,"O quarto era bom, as camas eram muito confortáveis e a equipe era extremamente simpática e prestativa.",positive,dich_vu
10031,Ficaremos lá novamente e recomendamos sem hesitação.,positive,de_xuat
10032,Incompetência total,negative,tong_the
10033,"Muito feliz com a proximidade da Praia de Waikiki e das boutiques de grife ao redor (Gucci, Chanel, Prada, etc.) e restaurantes.",positive,vi_tri
10034,"Belas vistas da praça Minha família passou algumas noites no Melia em outubro, nossa segunda estadia lá, e foi adorável.",positive,tong_the
10035,este é um hotel muito bom em uma localização muito boa no centro da cidade,positive,tong_the
10035,este é um hotel muito bom em uma localização muito boa no centro da cidade,positive,vi_tri
10036,"Embora o lobby e o primeiro andar estejam passando por reformas recentes, o hotel é muito, muito bom.",positive,tong_the
10038,Estou ansioso pela minha próxima viagem de volta ao Castelo Mágico.,positive,tong_the
10039,Excelente hotel. Fiquei muito satisfeito com o Orchard Garden Hotel.,positive,tong_the
10040,"A localização não era como estar no coração de Sydney, mas havia alguns bons restaurantes por perto e não era muito longe de táxi do centro de Sydney.",neutral,vi_tri
10040,"A localização não era como estar no coração de Sydney, mas havia alguns bons restaurantes por perto e não era muito longe de táxi do centro de Sydney.",positive,vi_tri
10041,"Tivemos um quarto muito ""florentino"" com vista e uma ótima cama, a melhor atenção amigável dos nossos anfitriões, um bom café da manhã e uma ótima localização.",positive,chat_luong_phong
10041,"Tivemos um quarto muito ""florentino"" com vista e uma ótima cama, a melhor atenção amigável dos nossos anfitriões, um bom café da manhã e uma ótima localização.",positive,dich_vu
10041,"Tivemos um quarto muito ""florentino"" com vista e uma ótima cama, a melhor atenção amigável dos nossos anfitriões, um bom café da manhã e uma ótima localização.",positive,am_thuc
10041,"Tivemos um quarto muito ""florentino"" com vista e uma ótima cama, a melhor atenção amigável dos nossos anfitriões, um bom café da manhã e uma ótima localização.",positive,vi_tri
10042,"piscina na cobertura é realmente apenas uma piscina de imersão, mas a cobertura é adorável para sentar e tomar algumas bebidas relaxantes. café da manhã muito caro!",negative,gia_ca
10043,"O serviço diário serviço de limpeza foi muito rápido e fez um ótimo trabalho, e todos os funcionários do hotel demonstraram um excelente atendimento ao cliente.",positive,dich_vu
10045,"Não é ruim, mas poderia ser melhor, mesmo com 3 estrelas. Os banheiros quartos são a parte mais luxuosa das acomodações - realmente muito bons, mas o quartos em si era bastante espartano.",neutral,tong_the
10045,"Não é ruim, mas poderia ser melhor, mesmo com 3 estrelas. Os banheiros quartos são a parte mais luxuosa das acomodações - realmente muito bons, mas o quartos em si era bastante espartano.",positive,chat_luong_phong
10045,"Não é ruim, mas poderia ser melhor, mesmo com 3 estrelas. Os banheiros quartos são a parte mais luxuosa das acomodações - realmente muito bons, mas o quartos em si era bastante espartano.",negative,chat_luong_phong
10046,Check-in foi uma equipe agradável,positive,tong_the
10048,"O preço era um pouco alto, mas acho que esse é o preço padrão para Amsterdã.",negative,gia_ca
10049,"Os funcionários do hotel foram simpáticos, mas não foram nada prestativos em recomendar restaurantes.",positive,de_xuat
10049,"Os funcionários do hotel foram simpáticos, mas não foram nada prestativos em recomendar restaurantes.",negative,de_xuat
10051,"Se voltarmos, definitivamente ficaremos no Hawaiian Prince Hotel.",positive,tong_the
10052,A localização e a experiência da equipe fizeram com que um viajante novo em Nova York se sentisse realmente à vontade.,positive,vi_tri
10052,A localização e a experiência da equipe fizeram com que um viajante novo em Nova York se sentisse realmente à vontade.,positive,dich_vu
10054,Os móveis estavam muito arranhados e as paredes tinham algumas manchas.,negative,chat_luong_phong
10055,Melhor Hotel em São Francisco,positive,tong_the
10056,"localização é incrível, literalmente a 2 minutos a pé de La Rambla, muitas pessoas dizem que esta área é perigosa, mas contanto que você não ande por aí sozinho, está tudo bem e eu nunca me senti ameaçado ao sair para jantar à noite, apenas tente ficar nas ruas mais movimentadas em vez dos becos pequenos.",positive,vi_tri
10057,Equipe é maravilhoso!!!,positive,dich_vu
10058,"Se você estiver pagando por si mesmo (em vez de despesas comerciais), provavelmente não vale a pena o dinheiro.",negative,gia_ca
10059,"No coração da cidade, a poucos passos de Chinatown e com fácil acesso às duas linhas de teleférico ou bondes, para lhe proporcionar transporte rápido para as principais áreas de atração.",positive,vi_tri
10060,Adorável Hotel Gostei muito do nosso fim de semana neste hotel.,positive,tong_the
10062,O hotel assemelha-se a uma casa com elegância e luxo comodidades.,positive,khong_gian
10064,"Não poderíamos reclamar do hotel, a localização era ótima, a equipe excelente e os quartos absolutamente maravilhosos, muito espaçosos e o banheiro mais maravilhoso quartos.",positive,vi_tri
10064,"Não poderíamos reclamar do hotel, a localização era ótima, a equipe excelente e os quartos absolutamente maravilhosos, muito espaçosos e o banheiro mais maravilhoso quartos.",positive,dich_vu
10064,"Não poderíamos reclamar do hotel, a localização era ótima, a equipe excelente e os quartos absolutamente maravilhosos, muito espaçosos e o banheiro mais maravilhoso quartos.",positive,chat_luong_phong
10065,"Me senti uma rainha. Limpo, lindamente decorado quartos.",positive,chat_luong_phong
10065,"Me senti uma rainha. Limpo, lindamente decorado quartos.",positive,ve_sinh
10066,Estadia relaxante e agradável para casais jovens ou casais mais velhos.,positive,khong_gian
10067,"Não comeria lá novamente, não ficaria aqui novamente.",negative,tong_the
10067,"Não comeria lá novamente, não ficaria aqui novamente.",negative,am_thuc
10068,"Embora não tenhamos usado muitas das comodidades (piscina, café da manhã etc.), ficamos muito satisfeitos com o serviço que recebemos.",positive,dich_vu
10069,"Sempre uma estadia confortável Pequeno quartos, mas agradável quartos.",positive,chat_luong_phong
10069,"Sempre uma estadia confortável Pequeno quartos, mas agradável quartos.",negative,chat_luong_phong
10069,"Sempre uma estadia confortável Pequeno quartos, mas agradável quartos.",positive,tong_the
10070,Definitivamente um dos melhores hotéis em que já fiquei.,positive,tong_the
10071,prejudicando serviço personalizado no Hotel Casci,negative,dich_vu
10072,"1 x estrela Fiquei no American Hotel no início de abril de 2006, NUNCA mais voltarei!",negative,tong_the
10073,"Ótimo hotel - preço razoável, bom localização e muito limpo quarto.",positive,tong_the
10073,"Ótimo hotel - preço razoável, bom localização e muito limpo quarto.",positive,gia_ca
10073,"Ótimo hotel - preço razoável, bom localização e muito limpo quarto.",positive,vi_tri
10073,"Ótimo hotel - preço razoável, bom localização e muito limpo quarto.",positive,ve_sinh
10074,"Este é realmente um bom hotel, com ótimas vistas.",positive,tong_the
10075,A janela do meu quarto estava solta e nas duas primeiras noites não estava devidamente aquecido.,negative,chat_luong_phong
10076,Certamente voltaremos no futuro e não hesitaremos em recomendar este paraíso a outros!,positive,de_xuat
10077,"Considerando o preço de US$ 65/noite (Priceline), foi uma ótima estadia.",positive,gia_ca
10077,"Considerando o preço de US$ 65/noite (Priceline), foi uma ótima estadia.",positive,tong_the
10078,"A equipe foi muito simpática, prestativa e profissional e a localização do hotel foi excelente.",positive,dich_vu
10078,"A equipe foi muito simpática, prestativa e profissional e a localização do hotel foi excelente.",positive,vi_tri
10079,A equipe sempre foi muito simpática e prestativa.,positive,dich_vu
10080,má primeira impressão,negative,tong_the
10081,Os quartos estavam limpos.,positive,ve_sinh
10082,"Excelente localização, preço baixo",positive,vi_tri
10082,"Excelente localização, preço baixo",positive,gia_ca
10084,Definitivamente colocarei este lugar no topo da minha lista para ficar novamente no futuro.,positive,tong_the
10085,Melhor valor em NYC,positive,tong_the
10086,Um lugar perfeito para ficar durante a viagem por Frankfurt.,positive,tong_the
10087,A primeira coisa que notamos foi que nenhum dos convidados estava sorrindo.,negative,tong_the
10088,"não há - a única comida servida é o café da manhã, que você tem que descer para comer e há apenas um frigobar com um pouco de água etc. no seu quarto -",positive,am_thuc
10089,este hotel é o máximo.,positive,tong_the
10090,"Havia algumas vistas bonitas no hotel, mas a do nosso quarto não era ótima.",negative,chat_luong_phong
10091,"Nenhum hotel é perfeito, então notas altas para soluções rápidas no Sofitel, D. C.",neutral,tong_the
10092,"O quarto era mediano, o café da manhã não era tão ruim.",neutral,chat_luong_phong
10092,"O quarto era mediano, o café da manhã não era tão ruim.",neutral,am_thuc
10093,"O hotel era brilhante, adorável quarto, equipe foi muito prestativa.",positive,tong_the
10093,"O hotel era brilhante, adorável quarto, equipe foi muito prestativa.",positive,chat_luong_phong
10093,"O hotel era brilhante, adorável quarto, equipe foi muito prestativa.",positive,dich_vu
10094,Eu estimaria que havia mais de 20 a 30 formigas no chão ao mesmo tempo.,negative,ve_sinh
10095,"No geral, eu recomendo fortemente.",positive,de_xuat
10096,Adorei a experiência.,positive,tong_the
10097,Ficamos hospedados por um longo fim de semana antes do Natal e achamos o hotel perfeito.,positive,tong_the
10098,Eu não esperava por isso.,positive,dich_vu
10099,Tive que dormir um pouco para mudar de quarto devido a uma obra. Eles foram muito gentis.,positive,dich_vu
10100,Nem merece ser avaliado,negative,tong_the
10101,Este hotel foi uma jóia!,positive,tong_the
10102,"os carregadores de malas foram ótimos, equipe educados e amigáveis buffet de café da manhã foi",positive,dich_vu
10102,"os carregadores de malas foram ótimos, equipe educados e amigáveis buffet de café da manhã foi",positive,am_thuc
10103,O exterior do edifício parece decadente e há evidentes estilhaços.,negative,khong_gian
10104,Perfeito localização para passageiros de navios de cruzeiro!,positive,vi_tri
10105,"A localização também é boa, a poucos metros da estação South Quay DLR.",positive,vi_tri
10106,"Quarto era muito pequeno, mas era perfeito para nós, tinha tudo o que precisávamos, incluindo um frigobar e um banheiro muito bom.",negative,chat_luong_phong
10106,"Quarto era muito pequeno, mas era perfeito para nós, tinha tudo o que precisávamos, incluindo um frigobar e um banheiro muito bom.",positive,chat_luong_phong
10107,estamos muito felizes com esta decisão.,positive,tong_the
10108,"O quarto em si era bem mediano - um pouco antigo, mas era adequado às nossas necessidades.",negative,chat_luong_phong
10110,"No entanto, a enorme varanda que tínhamos e o moderno banheiro compensavam isso.",positive,chat_luong_phong
10111,A equipe é muito simpática e eu recomendaria o hotel para quem visita Nova York sem hesitação.,positive,de_xuat
10112,"O hotel ficava em uma boa área, com bons restaurantes a uma curta distância e o bonde do outro lado da rua.",positive,vi_tri
10113,"Fica perto da estação de metrô Pyramides, então é fácil navegar pela cidade a partir de sua localização.",positive,vi_tri
10114,"Em uma ocasião, havia um casal na recepção reclamando que eles tinham duas camas de solteiro quando queriam uma de casal, mas não conseguimos trocar com eles.",negative,dich_vu
10115,"A localização é conveniente, embora você ainda precise caminhar cerca de 5 minutos da estação de trem principal (não muito longe, mas é importante quando você tem bagagem).",positive,vi_tri
10116,Referência em Hospitalidade,positive,dich_vu
10117,quartos muito básico,neutral,chat_luong_phong
10118,"Club Lounge é bom, embora não haja pratos quentes no café da manhã, que embora seja bom para minha esposa, espere uma oferta quente no Grand Hyatt Grand Clubs (o melhor é em Hong Kong).",positive,am_thuc
10119,O restaurante em frente ao hotel é incrível!,positive,vi_tri
10120,Consegui um ótimo negócio no Marinna Inn.,positive,gia_ca
10122,"O hotel fica em uma zona tranquila no centro de Berlim, a 15 min.",positive,vi_tri
10123,"Eu daria uma olhada e veria o que mais há por aí, se a taxa estiver excedendo US$ 160.",negative,gia_ca
10124,a equipe é extremamente prestativa e amigável e todos parecem falar muito bem inglês.,positive,dich_vu
10125,"Ao entrar no saguão do hotel, você será levado de volta a como os  hotéis de São Francisco deveriam ser nos anos 40.",positive,khong_gian
10126,O serviço é sempre fantástico e você tem uma noção da cultura asiática.,positive,dich_vu
10127,A equipe  foi simpática e profissional.,positive,dich_vu
10128,Super hotel em ótima localização,positive,tong_the
10128,Super hotel em ótima localização,positive,vi_tri
10129,"É razoavelmente caro, mas tendo em mente a localização e que estamos em Paris, provavelmente está certo.",positive,gia_ca
10129,"É razoavelmente caro, mas tendo em mente a localização e que estamos em Paris, provavelmente está certo.",positive,vi_tri
10130,O ônibus nos deixou bem no terminal de cruzeiros.,positive,dich_vu
10131,A comida era saborosa e bem apresentada e a localização era muito conveniente para acesso a muitos meios de transporte e atividades locais.,positive,am_thuc
10131,A comida era saborosa e bem apresentada e a localização era muito conveniente para acesso a muitos meios de transporte e atividades locais.,positive,vi_tri
10132,"Por US$ 240,57, eles perderam não apenas meu negócio, mas também meus colegas e amigos.",negative,tong_the
10134,Um problema de check-in foi resolvido de forma profissional e educada.,positive,dich_vu
10135,Gostei muito da minha estadia no Barcelo Hotel Sants.,positive,khong_gian
10136,Fiquei aqui com um grupo de amigas para minha despedida de solteira e fiquei muito satisfeito com o serviço e com a experiência geral neste hotel.,positive,tong_the
10136,Fiquei aqui com um grupo de amigas para minha despedida de solteira e fiquei muito satisfeito com o serviço e com a experiência geral neste hotel.,positive,dich_vu
10137,O concierge trouxe um médico que falava inglês para o nosso quarto (depois que já havíamos feito o check-out) e até nos conseguiu um táxi enquanto íamos à farmácia.,positive,dich_vu
10138,"Cama maravilhosa. Fiquei aqui apenas para uma escala de uma noite, mas os quartos eram maravilhosos.",positive,chat_luong_phong
10139,"Belas vistas do Concierge Lounge e, provavelmente, da vista da ponte quartos.",positive,chat_luong_phong
10140,"* Instalações - quartos eram limpos e confortáveis, acesso wi-fi gratuito (traga seu notebook para navegar no seu quarto), bar do hotel aberto à tarde e à noite no andar de baixo, bom café da manhã pela manhã (pães, cereais, frutas, carnes), frigobar no quarto, quartos têm ar-condicionadoContras:",positive,ve_sinh
10140,"* Instalações - quartos eram limpos e confortáveis, acesso wi-fi gratuito (traga seu notebook para navegar no seu quarto), bar do hotel aberto à tarde e à noite no andar de baixo, bom café da manhã pela manhã (pães, cereais, frutas, carnes), frigobar no quarto, quartos têm ar-condicionadoContras:",positive,chat_luong_phong
10140,"* Instalações - quartos eram limpos e confortáveis, acesso wi-fi gratuito (traga seu notebook para navegar no seu quarto), bar do hotel aberto à tarde e à noite no andar de baixo, bom café da manhã pela manhã (pães, cereais, frutas, carnes), frigobar no quarto, quartos têm ar-condicionadoContras:",positive,am_thuc
10141,e nós o recomendamos fortemente.,positive,de_xuat
10142,Os quartos eram limpos equipe do hotel amigável.,positive,ve_sinh
10142,Os quartos eram limpos equipe do hotel amigável.,positive,dich_vu
10143,"adorei este hotel este hotel é uma jóia em Londres - - ótimo grupo de funcionários, que foram muito simpáticos e sinceramente atenciosos a todas as nossas necessidades.",positive,tong_the
10143,"adorei este hotel este hotel é uma jóia em Londres - - ótimo grupo de funcionários, que foram muito simpáticos e sinceramente atenciosos a todas as nossas necessidades.",positive,dich_vu
10144,"o quarto era limpo, elegante e moderno, com ótimo banheiro e fabulosos produtos de higiene pessoal.",positive,ve_sinh
10144,"o quarto era limpo, elegante e moderno, com ótimo banheiro e fabulosos produtos de higiene pessoal.",positive,chat_luong_phong
10145,Bom café da manhã e excelente localização para a estação ferroviária e fácil acesso a todas as atrações de Florença.,positive,vi_tri
10145,Bom café da manhã e excelente localização para a estação ferroviária e fácil acesso a todas as atrações de Florença.,positive,am_thuc
10146,Havia muitas opções e tudo estava lindamente preparado.,positive,am_thuc
10147,"O café da manhã gratuito café da manhã era decente, e pelo menos era gratuito, uma raridade na Europa.",positive,am_thuc
10147,"O café da manhã gratuito café da manhã era decente, e pelo menos era gratuito, uma raridade na Europa.",positive,gia_ca
10148,Uma escolha maravilhosa localização Este hotel tinha uma localização tão maravilhosa que me fez esquecer o barulho durante a noite do bar ao lado e a grosseria das pessoas na recepção.,positive,vi_tri
10148,Uma escolha maravilhosa localização Este hotel tinha uma localização tão maravilhosa que me fez esquecer o barulho durante a noite do bar ao lado e a grosseria das pessoas na recepção.,negative,khong_gian
10148,Uma escolha maravilhosa localização Este hotel tinha uma localização tão maravilhosa que me fez esquecer o barulho durante a noite do bar ao lado e a grosseria das pessoas na recepção.,negative,dich_vu
10149,Recomendo este hotel e ficaria lá novamente sem hesitar!,positive,de_xuat
10150,"Eficiente, paciente, amigável Fiquei no Savoy para um fim de semana de compras em Berlim e achei um Savoy elegante e excelente.",positive,tong_the
10151,Acabamos de voltar de uma semana maravilhosa neste resort.,positive,tong_the
10152,"adorável, exatamente o que você precisa se estiver procurando ficar em um lugar agradável, mas não muito chique",positive,tong_the
10154,Gostei do café da manhã completo que veio com o quarto.,positive,am_thuc
10155,A cama era para alguém de 5 anos ou menos e a vista para uma parede de concreto era horrível.,negative,chat_luong_phong
10156,Ficamos surpresos com a falta de consistência do serviço e tivemos uma experiência ruim com a confusão da equipe sobre se o café da manhã estava incluído em nossa tarifa.,negative,dich_vu
10157,Você tem que amar esse lugar!!,positive,tong_the
10158,"Este hotel NÃO está situado em uma área degradada de Barcelona, como um avaliador anterior declarou.",negative,vi_tri
10159,Este é um ótimo pequeno hotel.,positive,tong_the
10160,Excelente hospitalidade,positive,dich_vu
10161,Eu certamente usaria o AB Viladomat se eu viajasse para Barcelona novamente.,positive,tong_the
10162,O check-out também foi rápido e equipe novamente muito acolhedor.,positive,dich_vu
10163,O quarto era de um tamanho muito bom para um hotel de Nova York quarto e definitivamente mais elegante do que o que você normalmente vê em um Residence Inn.,positive,chat_luong_phong
10164,Melhor Localização em Barceloma,positive,vi_tri
10165,O serviço e a atenção aos detalhes são incríveis.,positive,dich_vu
10166,Excelente. Fiquei aqui por 1 noite em 20 de fevereiro de 2007 em viagem de negócios.,positive,tong_the
10167,"Ótimo quarto, comida, serviço, nada do que reclamar.",positive,chat_luong_phong
10167,"Ótimo quarto, comida, serviço, nada do que reclamar.",positive,am_thuc
10167,"Ótimo quarto, comida, serviço, nada do que reclamar.",positive,dich_vu
10168,"Claro que é um pouco barulhento à noite, pois esta é uma área movimentada para sair.",negative,khong_gian
10169,"Ótimo Hotel, Ótimo localização Viajei com minha esposa e dois amigos para Nova York para ver o desfile do dia de São Patrício.",positive,tong_the
10169,"Ótimo Hotel, Ótimo localização Viajei com minha esposa e dois amigos para Nova York para ver o desfile do dia de São Patrício.",positive,vi_tri
10170,"Carmel e Pino são anfitriões maravilhosos e foram muito prestativos ao nos dar dicas sobre os melhores lugares para comer, fazer compras, passear e aproveitar ao máximo nossa estadia.",positive,dich_vu
10172,A equipe é muito educada.,positive,dich_vu
10173,Uma estadia maravilhosa no London Bridge Último fim de semana,positive,tong_the
10174,Eles se orgulham de garantir que todos aproveitem a estadia.,positive,dich_vu
10175,Berlim foi o início da nossa viagem pela Europa e o Westin foi um ótimo começo para as nossas férias.,positive,tong_the
10176,"Ficamos no andar Royal e foi perfeito - todas as comodidades que você poderia desejar, incluindo um salão sempre aberto com Cava (champanhe!), água, chá e chocolates!",positive,khong_gian
10177,"no entanto, o quarto era bem grande (cerca de 18 m²) com um banheiro grande quarto, muito limpo.",positive,chat_luong_phong
10177,"no entanto, o quarto era bem grande (cerca de 18 m²) com um banheiro grande quarto, muito limpo.",positive,ve_sinh
10178,"Uma desvantagem: fomos colocados no segundo prédio ao lado na Camp Street, e o quarto tinha janelas permanentemente fechadas de vidro fosco e granulado - dando uma espécie de efeito claustrofóbico.",negative,chat_luong_phong
10179,"O restaurante é muito bem avaliado por diversas revistas gastronômicas e quartos são agradáveis, embora pequenos.",positive,chat_luong_phong
10179,"O restaurante é muito bem avaliado por diversas revistas gastronômicas e quartos são agradáveis, embora pequenos.",negative,chat_luong_phong
10180,"Achamos a equipe acolhedora, amigável e muito eficiente.",positive,dich_vu
10181,"Os quartos são como quartos são, mas imaculados e com muitas comodidades.",positive,chat_luong_phong
10183,Belas vistas Fiquei aqui por 2 dias em minha recente visita a Sydney.,positive,khong_gian
10184,Ótimo vista e bom localização.,positive,khong_gian
10184,Ótimo vista e bom localização.,positive,vi_tri
10185,"Ótimo hotel, mas não tão bom localização",positive,tong_the
10185,"Ótimo hotel, mas não tão bom localização",negative,vi_tri
10186,"o apartamento funcionou muito bem, tendo o espaço de um apartamento, mas a sensação de um hotel.",positive,tong_the
10187,"Ambiente acolhedor e caloroso, agradável quartos, embora pequeno, e perto de todos os pontos turísticos e da estação de trem.",positive,tong_the
10187,"Ambiente acolhedor e caloroso, agradável quartos, embora pequeno, e perto de todos os pontos turísticos e da estação de trem.",positive,khong_gian
10187,"Ambiente acolhedor e caloroso, agradável quartos, embora pequeno, e perto de todos os pontos turísticos e da estação de trem.",positive,chat_luong_phong
10187,"Ambiente acolhedor e caloroso, agradável quartos, embora pequeno, e perto de todos os pontos turísticos e da estação de trem.",negative,chat_luong_phong
10187,"Ambiente acolhedor e caloroso, agradável quartos, embora pequeno, e perto de todos os pontos turísticos e da estação de trem.",positive,vi_tri
10188,Eu recomendo fortemente que você fique em outro lugar onde seja tratado com respeito serviço.,negative,de_xuat
10189,A equipe foi amigável e extremamente prestativa.,positive,dich_vu
10190,O R - C BP não é tão famoso quanto alguns outros hotéis de Nova York.,positive,tong_the
10191,"Ótimo hotel, ok localização",positive,tong_the
10191,"Ótimo hotel, ok localização",positive,vi_tri
10192,"Ótimo tamanho sala, ambiente muito agradável.",positive,chat_luong_phong
10193,A localização também é maravilhosa.,positive,vi_tri
10194,Cada aspecto da experiência foi excelente (e também caro).,positive,tong_the
10194,Cada aspecto da experiência foi excelente (e também caro).,negative,gia_ca
10195,O hotel é muito novo e moderno - tem um toque boutique.,positive,khong_gian
10196,A equipe foi extremamente prestativa e muito amigável.,positive,dich_vu
10197,"Bom Localização, gerente simpático",positive,vi_tri
10197,"Bom Localização, gerente simpático",positive,dich_vu
10198,Eu definitivamente recomendo ficar no histórico Banyan Inn por causa do seu charme.,positive,de_xuat
10199,"Fiquei em um quarto clássico quarto que era pequeno e sem vista. Talvez eu tivesse ficado desapontado se tivesse ficado mais tempo, mas para uma parada rápida foi bom.",negative,chat_luong_phong
10200,Hotel os anfitriões tornam a estadia excelente,positive,tong_the
10201,"Este hotel está idealmente situado no Quartier Latin, com uma vista fantástica do Panteão.",positive,vi_tri
10201,"Este hotel está idealmente situado no Quartier Latin, com uma vista fantástica do Panteão.",positive,tong_the
10202,Fabuloso e fabulosamente caro. Ficamos uma noite no caminho de volta da Austrália e fomos totalmente seduzidos por este hotel.,positive,tong_the
10202,Fabuloso e fabulosamente caro. Ficamos uma noite no caminho de volta da Austrália e fomos totalmente seduzidos por este hotel.,negative,gia_ca
10204,Maravilhoso hotel,positive,tong_the
10205,Não ficarei aqui novamente!,negative,tong_the
10206,"A localização é excelente e, embora eu estivesse preocupado que seria barulhento por ser tão central, não fomos incomodados a noite toda.",positive,vi_tri
10206,"A localização é excelente e, embora eu estivesse preocupado que seria barulhento por ser tão central, não fomos incomodados a noite toda.",positive,khong_gian
10207,"Se você está planejando uma viagem a Tóquio, a negócios ou lazer, ignore todas as redes óbvias hotéis e experimente esta pequena joia.",positive,tong_the
10208,"Os funcionários foram muito pouco prestativos e cobraram pelo quarto, mas se recusaram a nos deixar ficar, apesar da apresentação de um documento de identidade.",negative,dich_vu
10209,Excelente serviço.,positive,dich_vu
10210,"Fiquei aqui antes, logo depois das reformas",neutral,tong_the
10211,"Bom lugar para ficar Adorei o hotel, muito espaçoso e espaçoso",positive,tong_the
10211,"Bom lugar para ficar Adorei o hotel, muito espaçoso e espaçoso",positive,khong_gian
10212,"O quarto era pequeno, mas limpo e confortável.",negative,chat_luong_phong
10212,"O quarto era pequeno, mas limpo e confortável.",positive,ve_sinh
10212,"O quarto era pequeno, mas limpo e confortável.",positive,chat_luong_phong
10213,"Ótimo Hotel Ótimo hotel para famílias, com cama principal quarto e sala de estar separada quarto para crianças com cama dobrável.",positive,tong_the
10213,"Ótimo Hotel Ótimo hotel para famílias, com cama principal quarto e sala de estar separada quarto para crianças com cama dobrável.",positive,chat_luong_phong
10214,foi um banho celestial chuveiro com água muito boa,positive,chat_luong_phong
10215,"A equipe e serviço do Regent não podem ser criticados, mas ficamos decepcionados ao ouvir na nossa chegada que a piscina estava fechada para reformas.",positive,dich_vu
10216,Ficarei neste hotel sempre que estiver em Hong Kong e o recomendaria sem hesitação.,positive,de_xuat
10217,"O Amstel foi o lugar mais fantástico para ficar; custou uma fortuna, mas vale a pena se você puder pagar.",positive,tong_the
10217,"O Amstel foi o lugar mais fantástico para ficar; custou uma fortuna, mas vale a pena se você puder pagar.",conflict,gia_ca
10218,e eu recomendo.,positive,de_xuat
10219,Os quartos são limpos e confortáveis e o restaurante é fantástico.,positive,ve_sinh
10219,Os quartos são limpos e confortáveis e o restaurante é fantástico.,positive,chat_luong_phong
10219,Os quartos são limpos e confortáveis e o restaurante é fantástico.,positive,am_thuc
10221,O quarto em que ficamos era maior do que esperávamos e era extremamente limpo e confortável.,positive,chat_luong_phong
10221,O quarto em que ficamos era maior do que esperávamos e era extremamente limpo e confortável.,positive,ve_sinh
10222,Este é um dos melhores hotéis que já desfrutei e recomendo vivamente.,positive,de_xuat
10223,essa não foi a única razão pela qual tive uma estadia ruim.,negative,tong_the
10224,Bom padrão motel Fiquei aqui no início e no fim da nossa excursão pelos Estados do Noroeste.,positive,tong_the
10226,"O serviço no bar Mai Tai pode ser lento, mas achamos os garçons mais serviço preocupados com o bem-estar do que as garçonetes, que achavam que eram bonitinhas demais para agir rápido.",neutral,dich_vu
10227,"No geral, recomendo fortemente.",positive,de_xuat
10228,"Ótimo hotel, mas barulhento e localização um pouco estranho Ótimo hotel, legal quartos e ótimo serviço.",positive,tong_the
10228,"Ótimo hotel, mas barulhento e localização um pouco estranho Ótimo hotel, legal quartos e ótimo serviço.",negative,khong_gian
10228,"Ótimo hotel, mas barulhento e localização um pouco estranho Ótimo hotel, legal quartos e ótimo serviço.",neutral,vi_tri
10228,"Ótimo hotel, mas barulhento e localização um pouco estranho Ótimo hotel, legal quartos e ótimo serviço.",positive,chat_luong_phong
10228,"Ótimo hotel, mas barulhento e localização um pouco estranho Ótimo hotel, legal quartos e ótimo serviço.",positive,dich_vu
10229,"O Mosser é um hotel muito limpo, confortável, amigável e atraente, com uma ótima localização em São Francisco.",positive,ve_sinh
10229,"O Mosser é um hotel muito limpo, confortável, amigável e atraente, com uma ótima localização em São Francisco.",positive,khong_gian
10229,"O Mosser é um hotel muito limpo, confortável, amigável e atraente, com uma ótima localização em São Francisco.",positive,tong_the
10229,"O Mosser é um hotel muito limpo, confortável, amigável e atraente, com uma ótima localização em São Francisco.",positive,vi_tri
10230,Eu não aconselharia meu pior inimigo a ficar aqui.,negative,tong_the
10231,"foi muito relaxante, bom buffet café da manhã incluído e muito perto de tudo.",positive,am_thuc
10232,"Agradável hotel Fiquei apenas uma noite - agradável hotel, ótima localização para o cais.",positive,tong_the
10232,"Agradável hotel Fiquei apenas uma noite - agradável hotel, ótima localização para o cais.",positive,vi_tri
10233,Ficamos no Days Inn em Metairie e nos divertimos muito.,positive,tong_the
10234,Europa é um local obrigatório para todos os viajantes.,positive,tong_the
10235,"Nós gostamos muito da nossa estadia aqui, nos sentimos muito seguros e no meio de tudo.",positive,tong_the
10235,"Nós gostamos muito da nossa estadia aqui, nos sentimos muito seguros e no meio de tudo.",positive,khong_gian
10236,Grandes momentos em Botticelli,positive,tong_the
10237,"O hotel é pitoresco, com um terraço adorável e anfitriões simpáticos, mas parecia que este lugar era mais voltado para americanos, com alguma surpresa para hóspedes que não são americanos (ou seja, nós).",positive,dich_vu
10237,"O hotel é pitoresco, com um terraço adorável e anfitriões simpáticos, mas parecia que este lugar era mais voltado para americanos, com alguma surpresa para hóspedes que não são americanos (ou seja, nós).",positive,tong_the
10238,"Depois de solicitar uma mudança de quarto novamente, recebi outra mudança média de quarto de funcionários da recepção, que pareciam relutantes em ajudar.",negative,chat_luong_phong
10238,"Depois de solicitar uma mudança de quarto novamente, recebi outra mudança média de quarto de funcionários da recepção, que pareciam relutantes em ajudar.",negative,dich_vu
10239,"Levei meu filho ao Fenway para comemorar seu aniversário e ficamos hospedados no The Eliot e jantamos depois do jogo no Uni, o bar de sashimi no saguão do hotel onde meu filho viu Jim Brady.",positive,tong_the
10240,"foram extremamente prestativos, desde o concierge até os carregadores de malas.",positive,dich_vu
10241,"Decente... bom localização Excelente localização em Las Ramblas, fácil acesso ao transporte.",positive,vi_tri
10242,"Pior Hotel já visto. Hotel muito antigo e mal conservado, apenas arrumado.",negative,tong_the
10242,"Pior Hotel já visto. Hotel muito antigo e mal conservado, apenas arrumado.",negative,khong_gian
10242,"Pior Hotel já visto. Hotel muito antigo e mal conservado, apenas arrumado.",neutral,ve_sinh
10243,Uma estadia maravilhosa de três noites com meu marido e minha filha.,positive,khong_gian
10244,"Meu hotel quarto tinha o que eu chamaria de vista parcial para o mar, você pode ver o mar entre vários outros hotéis que bloqueiam a maior parte da sua visão.",positive,chat_luong_phong
10245,Também desfrutamos de um jantar muito agradável jantar no restaurante do hotel.,positive,am_thuc
10246,O buffet de café da manhã gratuito  também tem uma boa seleção.,positive,gia_ca
10247,Ótimo bar do outro lado da rua e a uma curta caminhada da Times Square.,positive,vi_tri
10248,Esta é a MELHOR pechincha em Londres!!,positive,gia_ca
10249,"Desde o momento em que chegamos, a equipe nos fez sentir especiais e bem-vindos.",positive,dich_vu
10250,"O hotel equipe é amigável e prestativo, os quartos são lindos, assim como os banheiros e as comodidades.",positive,dich_vu
10250,"O hotel equipe é amigável e prestativo, os quartos são lindos, assim como os banheiros e as comodidades.",positive,chat_luong_phong
10251,"O quarto era muito pequeno, mas muito limpo.",negative,chat_luong_phong
10251,"O quarto era muito pequeno, mas muito limpo.",positive,ve_sinh
10252,Você fez com que fosse exatamente o pequeno refúgio que eu precisava!,positive,tong_the
10253,"Experimente o restaurante giratório 'The View' no Marriott Marquis, Times Square, vistas fabulosas e as comidas também são boas!",positive,vi_tri
10253,"Experimente o restaurante giratório 'The View' no Marriott Marquis, Times Square, vistas fabulosas e as comidas também são boas!",positive,am_thuc
10254,"É muito confortável, moderno hotel.",positive,khong_gian
10255,"Embora o banheiro quarto no meu quarto parecesse um pouco antigo em comparação com outros no hotel, o quarto inteiro era muito limpo e confortável, oferecendo excelente custo-benefício.",negative,chat_luong_phong
10255,"Embora o banheiro quarto no meu quarto parecesse um pouco antigo em comparação com outros no hotel, o quarto inteiro era muito limpo e confortável, oferecendo excelente custo-benefício.",positive,ve_sinh
10255,"Embora o banheiro quarto no meu quarto parecesse um pouco antigo em comparação com outros no hotel, o quarto inteiro era muito limpo e confortável, oferecendo excelente custo-benefício.",positive,gia_ca
10256,O quarto era incrível e localização era perfeita.,positive,chat_luong_phong
10256,O quarto era incrível e localização era perfeita.,positive,vi_tri
10257,Estadia memorável!,positive,tong_the
10258,O lado positivo: o quarto era limpo/confortável e a comida do banquete era excelente.,positive,ve_sinh
10258,O lado positivo: o quarto era limpo/confortável e a comida do banquete era excelente.,positive,chat_luong_phong
10258,O lado positivo: o quarto era limpo/confortável e a comida do banquete era excelente.,positive,am_thuc
10259,"O serviço foi bom, mas ainda não comparável a hotéis cinco estrelas como o Peninsula ou o Four Seasons.",positive,dich_vu
10260,"A localização é boa, o quarto era ótimo, a cama confortável, a equipe amigável, sem exceção.",positive,vi_tri
10260,"A localização é boa, o quarto era ótimo, a cama confortável, a equipe amigável, sem exceção.",positive,chat_luong_phong
10260,"A localização é boa, o quarto era ótimo, a cama confortável, a equipe amigável, sem exceção.",positive,dich_vu
10261,"O continental café da manhã é um bom começo de dia, incluindo waffles, café da manhã croisants, cereais, torradas e muffins enormes.",positive,am_thuc
10262,Ficamos 4 noites no Argonaut - nossa segunda estadia aqui.,positive,tong_the
10263,"um pouco pequeno, mas limpo, confortável e modernoNão se deixe desencorajar pelos críticos que dizem que a localização é um pouco duvidosa. . .",positive,ve_sinh
10263,"um pouco pequeno, mas limpo, confortável e modernoNão se deixe desencorajar pelos críticos que dizem que a localização é um pouco duvidosa. . .",positive,khong_gian
10264,"bar caro e é melhor tomar café da manhã em um local bar do que no hotel (bufê de 15 euros, alguém?).",negative,gia_ca
10265,"O serviço de quarto demorou um pouco para chegar, mas, fora isso, tudo neste hotel é de primeira qualidade.",positive,tong_the
10266,"A localização era ótima - na mesma rua do Duomo, dos mercados de rua e a uma curta distância da estação de trem.",positive,vi_tri
10267,Ótimo trânsito hotel,positive,tong_the
10268,"O quarto atual é um motel econômico quarto perfeitamente adequado, exceto que o nosso quarto tinha vista para a Torre Coit, o edifício Transamerica e o resto do centro de São Francisco.",positive,chat_luong_phong
10268,"O quarto atual é um motel econômico quarto perfeitamente adequado, exceto que o nosso quarto tinha vista para a Torre Coit, o edifício Transamerica e o resto do centro de São Francisco.",positive,gia_ca
10269,Ficamos no o Sofitel nos dias 4 e 5 de abril.,positive,tong_the
10270,Acho que não ficaria em nenhum outro lugar.,positive,tong_the
10271,"Fica em uma ótima localização, bem ao lado de Chinatown, do outro lado da rua do Sydney Entertainment Centre e a uma curta caminhada do Darling Harbour.",positive,vi_tri
10272,"Além disso, o buffet café da manhã na manhã seguinte",positive,am_thuc
10273,"Este é um hotel econômico  em uma boa localização, central para tudo.",positive,gia_ca
10273,"Este é um hotel econômico  em uma boa localização, central para tudo.",positive,vi_tri
10274,Eu certamente recomendaria aos meus amigos.,positive,de_xuat
10275,O único ponto positivo é a sua localização bem no local da Represa.,positive,vi_tri
10276,Topo localização!,positive,vi_tri
10277,"Este lugar tem floreios de estilo pseudo-hip que não servem para nada e música dançante é tocada em todas as áreas públicas imagináveis (academia, elevadores, saguão, banheiros, etc.).",negative,khong_gian
10278,Eu ficaria lá novamente se estivesse com orçamento limitado e tentando economizar dinheiro.,positive,gia_ca
10279,Bem no meio de tudo,positive,vi_tri
10280,Um hotel agradável  Fiquei aqui recentemente enquanto participava de atividades na UCLA.,positive,tong_the
10281,Este é o lugar para ficar!,positive,tong_the
10282,"Eu poderia ter concordado com isso se soubesse, mas não vi isso em lugar nenhum quando fiz a reserva usando o site hotel.",negative,tong_the
10283,"Depois de ler as avaliações no TripAdvisor, minha namorada e eu decidimos escolher este hotel.",positive,tong_the
10284,Não voltaremos.,negative,tong_the
10285,"Gostei muito da localização, o hotel é ótimo (agradável lobby, elegante quartos, bom serviço de concierge, etc).",positive,tong_the
10285,"Gostei muito da localização, o hotel é ótimo (agradável lobby, elegante quartos, bom serviço de concierge, etc).",positive,vi_tri
10285,"Gostei muito da localização, o hotel é ótimo (agradável lobby, elegante quartos, bom serviço de concierge, etc).",positive,chat_luong_phong
10285,"Gostei muito da localização, o hotel é ótimo (agradável lobby, elegante quartos, bom serviço de concierge, etc).",positive,dich_vu
10286,"Embora eles tenham dito que poderíamos mudar de quarto no dia seguinte, eles mudaram de ideia depois que passamos 30 minutos arrumando todas as nossas coisas pela manhã, o que foi bastante irritante.",negative,dich_vu
10287,cidade de gelo vergonha sobre o hotel,negative,tong_the
10288,"quarto estava muito limpo, a cama era enorme, o buffet de café da manhã era brilhante e atendia a todos os gostos.",positive,ve_sinh
10288,"quarto estava muito limpo, a cama era enorme, o buffet de café da manhã era brilhante e atendia a todos os gostos.",positive,chat_luong_phong
10288,"quarto estava muito limpo, a cama era enorme, o buffet de café da manhã era brilhante e atendia a todos os gostos.",positive,am_thuc
10289,Café da manhã foi ótimo.,positive,am_thuc
10291,Tivemos uma estadia maravilhosa.,positive,tong_the
10292,Estadia de barganha,positive,gia_ca
10293,"O café da manhã é bom, mas não é uma pechincha.",positive,am_thuc
10294,"Um pequeno e charmoso hotel estrelas em uma excelente localização, em frente ao Panteão.",positive,tong_the
10294,"Um pequeno e charmoso hotel estrelas em uma excelente localização, em frente ao Panteão.",negative,khong_gian
10294,"Um pequeno e charmoso hotel estrelas em uma excelente localização, em frente ao Panteão.",positive,vi_tri
10295,"Perfeito Localização, Perfeito Hotel, lindo quartos, ficamos no hotel da frente quartos, sem barulho da rua Gran Via.",positive,vi_tri
10295,"Perfeito Localização, Perfeito Hotel, lindo quartos, ficamos no hotel da frente quartos, sem barulho da rua Gran Via.",positive,tong_the
10295,"Perfeito Localização, Perfeito Hotel, lindo quartos, ficamos no hotel da frente quartos, sem barulho da rua Gran Via.",positive,chat_luong_phong
10296,Eu definitivamente ficaria aqui novamente.,positive,tong_the
10297,Fiquei muito triste em ir embora!,positive,tong_the
10298,Muito útil equipe e ótimo café da manhã.,positive,dich_vu
10298,Muito útil equipe e ótimo café da manhã.,positive,am_thuc
10299,uma caminhada até tudo Li as avaliações sobre este hotel depois de reservar ! ! ! !,positive,vi_tri
10300,"Nada pretensioso, muito confortável.",positive,khong_gian
10301,Uma experiência agradável e relaxante.,positive,tong_the
10302,A equipe foi muito profissional.,positive,dich_vu
10303,Este é um hotel maravilhoso.,positive,tong_the
10304,Ótimo Quarto e um lugar agradável para ficar. Ficamos apenas uma noite aqui - estávamos em uma viagem de duas semanas para o Oeste - gostaríamos de ter ficado mais tempo.,positive,chat_luong_phong
10304,Ótimo Quarto e um lugar agradável para ficar. Ficamos apenas uma noite aqui - estávamos em uma viagem de duas semanas para o Oeste - gostaríamos de ter ficado mais tempo.,positive,tong_the
10305,"Passei uma semana lá e se você estiver procurando por uma acomodação com preço moderado e uma excelente localização, eu recomendo fortemente que você fique aqui.",positive,gia_ca
10305,"Passei uma semana lá e se você estiver procurando por uma acomodação com preço moderado e uma excelente localização, eu recomendo fortemente que você fique aqui.",positive,vi_tri
10305,"Passei uma semana lá e se você estiver procurando por uma acomodação com preço moderado e uma excelente localização, eu recomendo fortemente que você fique aqui.",positive,de_xuat
10306,"Tinha uma pequena área de estar, com duas cadeiras e uma mesa, mas as camas eram duras como pedra (é preciso sentar-se nelas com cuidado, para não quebrar alguma parte do corpo).",negative,chat_luong_phong
10307,Íntimo Hotel com Ótimo Serviço,positive,tong_the
10307,Íntimo Hotel com Ótimo Serviço,positive,dich_vu
10308,Ficamos no Silver Cloud antes do cruzeiro.,positive,tong_the
10309,Primeira Classe Hotel,positive,tong_the
10310,"O Paris hotel em Florença é muito mais do que um hotel agradável e particular! Reservamos o Paris Hotel em Florença por meio de nossa agência de viagens, que o sugeriu como um hotel muito agradável e particular: o Paris hotel é muito mais do que um hotel agradável e particular! Sala de café da manhã é único com seus afrescos do século XVI, assim como a atmosfera em cada parte do hotel.",positive,tong_the
10311,Nós nos divertimos muito no Hotel Du Cadran.,positive,tong_the
10312,"O quarto estava bom, mas você está em NY, saia e explore.",neutral,chat_luong_phong
10313,"A localização do hotel é ótima, perto da estação de trem, lojas e muitos restaurantes.",positive,vi_tri
10314,"Embora não seja especialmente luxuoso, o Moore Hotel é impecavelmente limpo e a equipe foi muito prestativa.",positive,ve_sinh
10314,"Embora não seja especialmente luxuoso, o Moore Hotel é impecavelmente limpo e a equipe foi muito prestativa.",positive,dich_vu
10315,Com certeza ficaria aqui novamente.,positive,tong_the
10316,"Concierge e todos os funcionários muito prestativos, no entanto, achei o custo de bebidas um pouco alto, assim como café da manhã.",positive,dich_vu
10316,"Concierge e todos os funcionários muito prestativos, no entanto, achei o custo de bebidas um pouco alto, assim como café da manhã.",negative,gia_ca
10318,é uma lista curta: - manchas por todo o carpete - cabelos e outras sujeiras por todo o banheiro - tábua de passar,negative,ve_sinh
10319,Ficamos no Renaissance por 4 noites durante nossa viagem em família aos EUA no ano passado e foi uma ótima experiência.,positive,tong_the
10321,"Claro que no check-out, eles aumentaram minha tarifa mesmo depois de eu tê-los lembrado e garantiram que eu receberia uma tarifa menor, mas cobraram mais do meu cartão de crédito.",negative,gia_ca
10321,"Claro que no check-out, eles aumentaram minha tarifa mesmo depois de eu tê-los lembrado e garantiram que eu receberia uma tarifa menor, mas cobraram mais do meu cartão de crédito.",negative,dich_vu
10322,"Estou muito feliz por ter feito isso, a localização é fantástica!",positive,vi_tri
10324,"Além disso, de frente para a rua e o canal, você terá noites sem dormir por causa dos frequentadores da festa na vizinha Rembrandtplein.",negative,chat_luong_phong
10325,TV era um modelo CRT mais antigo.,negative,chat_luong_phong
10327,Com certeza ficaremos aqui quando voltarmos.,positive,tong_the
10328,"O concierge, o porteiro e o equipe de limpeza foram muito simpáticos e atenciosos.",positive,dich_vu
10328,"O concierge, o porteiro e o equipe de limpeza foram muito simpáticos e atenciosos.",positive,vi_tri
10329,Foi melhor do que a maioria dos lugares onde fiquei em Nova York - e as pessoas eram muito mais amigáveis.,positive,khong_gian
10329,Foi melhor do que a maioria dos lugares onde fiquei em Nova York - e as pessoas eram muito mais amigáveis.,positive,dich_vu
10330,Uma boa escolha hotel para quem gosta de qualidade a um preço acessível.,positive,tong_the
10331,"funcionários deste hotel, desde o gerente, são totalmente incompetentes. Definitivamente, fiquem longe!",negative,dich_vu
10333,"O hotel está situado ao lado da Praça Dam, em uma área tranquila.",positive,vi_tri
10334,"excelente hotel e cidade Acabei de voltar de Pequim e fiquei 7 noites no Crown Plaza, que é excelente hotel, bom localização, impecável quartos, ótimo serviço, especialmente no bar de champanhe!",positive,tong_the
10334,"excelente hotel e cidade Acabei de voltar de Pequim e fiquei 7 noites no Crown Plaza, que é excelente hotel, bom localização, impecável quartos, ótimo serviço, especialmente no bar de champanhe!",positive,vi_tri
10334,"excelente hotel e cidade Acabei de voltar de Pequim e fiquei 7 noites no Crown Plaza, que é excelente hotel, bom localização, impecável quartos, ótimo serviço, especialmente no bar de champanhe!",positive,dich_vu
10335,A Ilha dos Museus fica a uma curta caminhada; transporte público fácil a poucos passos da porta.,positive,vi_tri
10336,vale o preço!,positive,gia_ca
10337,Cada um dos nossos pedidos foi atendido imediatamente.,positive,dich_vu
10338,Tudo foi perfeito e superou nossas expectativas.,positive,tong_the
10339,"Minha família de quatro pessoas, incluindo dois adolescentes, ficou no Boston Park Plaza por 5 noites e realmente gostou da estadia.",positive,tong_the
10340,Fresco quartos! Um hotel que mostra o caminho.,positive,chat_luong_phong
10340,Fresco quartos! Um hotel que mostra o caminho.,positive,tong_the
10341,Adorei o hotel.,positive,tong_the
10342,"Ok, há barulho da rua, mas você está no centro da cidade e o elevador pode ser ouvido, mas não o suficiente para incomodá-lo.",negative,khong_gian
10342,"Ok, há barulho da rua, mas você está no centro da cidade e o elevador pode ser ouvido, mas não o suficiente para incomodá-lo.",neutral,khong_gian
10343,Você não ficará desapontado se ficar aqui!,positive,tong_the
10344,"O quarto era maravilhoso, desde a cama até o incrível chuveiro/banheira.",positive,chat_luong_phong
10345,"Conta com uma equipe simpática e profissional funcionários em todas as funções importantes para os hóspedes: recepção, café da manhã e limpeza.",positive,dich_vu
10346,Minha família e eu ficamos aqui e eu realmente não gostei do hotel.,negative,tong_the
10347,A localização é ótima - a um quarteirão do teleférico e a 2 quarteirões da Union Square.,positive,vi_tri
10348,Eu ficaria neste hotel novamente e certamente o recomendaria.,positive,de_xuat
10349,"A equipe da recepção foi amigável e prestativa, assim como a equipe do bar e do restaurante.",positive,dich_vu
10350,A localização é quase imbatível.,positive,vi_tri
10351,"Tudo terminou bem, mas o atendimento ao cliente foi INCRÍVELMENTE ruim.",negative,dich_vu
10352,"Por fim, reservar no nível Regency Club significava um quarto nos 6 andares superiores com vista para o mar, bem como buffet de café da manhã todas as manhãs E coquetéis e lanches de happy hour (como asas de frango, carne de porco kalua, camarão) todas as noites!",positive,am_thuc
10353,"O serviço é muito bom, as vistas são incríveis.",positive,dich_vu
10353,"O serviço é muito bom, as vistas são incríveis.",positive,chat_luong_phong
10354,Ótimo custo-benefício. É difícil imaginar melhor custo-benefício.,positive,gia_ca
10355,"Achei este hotel muito elegante e limpo, apoiado por um ótimo atendimento ao cliente.",positive,khong_gian
10355,"Achei este hotel muito elegante e limpo, apoiado por um ótimo atendimento ao cliente.",positive,ve_sinh
10355,"Achei este hotel muito elegante e limpo, apoiado por um ótimo atendimento ao cliente.",positive,dich_vu
10356,"O hotel está um pouco cansado, mas eles estão trabalhando nisso",negative,khong_gian
10357,Minha esposa e eu gostamos de ficar neste excelente hotel e certamente ficaremos lá novamente sempre que estivermos em Los Angeles.,positive,tong_the
10358,"Com base nas avaliações neste site, reservamos o Alicia e não ficamos nem um pouco decepcionados.",positive,tong_the
10359,A página de cancelamento hotéis não responde e o número de reserva emitido pelo meu hotel tem muitos dígitos para caber na caixa de diálogo.,negative,tong_the
10360,Fabuloso Ficamos no fantástico Raddisson SAS Berlin durante o Ano Novo 04/05 e é simplesmente um dos melhores hotéis em que já fiquei!!!,positive,tong_the
10361,"Este hotel tem uma localização perfeita , e qual melhor maneira de aproveitá-lo do que voltar para um mergulho e uma sauna no final de um dia agitado?",positive,vi_tri
10362,a localização do hotel também é ótima,positive,vi_tri
10363,"localização, quartos, área de estar ao ar livre na cobertura foram todos perfeitos para uma estadia relaxante e memorável em Florença.",positive,vi_tri
10363,"localização, quartos, área de estar ao ar livre na cobertura foram todos perfeitos para uma estadia relaxante e memorável em Florença.",positive,chat_luong_phong
10364,Bom localização.,positive,vi_tri
10365,"Se você estiver viajando a lazer, há outros ótimos lugares para ficar no mesmo nível de tarifa com mais personalidade, mas para viagens mais longas, não há nada melhor em termos de preço e conforto.",positive,gia_ca
10365,"Se você estiver viajando a lazer, há outros ótimos lugares para ficar no mesmo nível de tarifa com mais personalidade, mas para viagens mais longas, não há nada melhor em termos de preço e conforto.",positive,khong_gian
10366,"O hotel fica em uma área promissora de Berlim, onde as pessoas estão sempre em movimento, 24 horas por dia, 7 dias por semana. É ótimo para a vida noturna.",positive,vi_tri
10367,"O quarto era pequeno, mas muito elegante e impecável.",neutral,chat_luong_phong
10367,"O quarto era pequeno, mas muito elegante e impecável.",positive,chat_luong_phong
10367,"O quarto era pequeno, mas muito elegante e impecável.",positive,ve_sinh
10368,Recomendo muito este hotel ! !,positive,de_xuat
10369,"Os quartos são um pouco escuros, mas fora isso foi uma estadia agradável.",neutral,chat_luong_phong
10369,"Os quartos são um pouco escuros, mas fora isso foi uma estadia agradável.",positive,chat_luong_phong
10370,O hotel tem uma localização muito boa  e a área é tranquila e decente.,positive,vi_tri
10371,o lobby e quartos são muito agradáveis,positive,chat_luong_phong
10372,Os funcionários são simpáticos.,positive,dich_vu
10373,"A área ao redor está passando por muitas construções e reformas, por isso atualmente é barulhenta; tenho certeza de que melhorará nos próximos anos.",negative,khong_gian
10375,"A equipe foi super amigável, especialmente os funcionários mais jovens; eles demonstraram interesse pessoal em nossa estadia e responderam a todas as nossas perguntas sobre a cultura, lugares para ir, etc.",positive,dich_vu
10376,"Ótimo hotel, muito simpático equipe, ótimo localização em Florença.",positive,tong_the
10376,"Ótimo hotel, muito simpático equipe, ótimo localização em Florença.",positive,dich_vu
10376,"Ótimo hotel, muito simpático equipe, ótimo localização em Florença.",positive,vi_tri
10378,"A equipe  era agradável, mas pequena.",positive,dich_vu
10378,"A equipe  era agradável, mas pequena.",negative,dich_vu
10379,Eu teria dado uma nota mais alta e sou muito exigente com acomodações hotel.,positive,tong_the
10380,O café da manhã é bom - mas é claro que um dia você vai querer ir ao Café Dumond para comer aqueles beignets incríveis.,positive,am_thuc
10381,"Os quartos são excelentes, bem equipados e de tamanho decente, puro luxo.",positive,chat_luong_phong
10382,"Ótimo Valor e localização Já fiquei aqui várias vezes e sempre tento reservar, se possível.",positive,gia_ca
10382,"Ótimo Valor e localização Já fiquei aqui várias vezes e sempre tento reservar, se possível.",positive,vi_tri
10383,"Eu ficaria lá novamente no verão, pois não fica longe de Fenway e há muito o que ver caminhando.",positive,tong_the
10384,Desde a simpatia recepção até a excelência concierge... eles foram muito pacientes apesar das minhas inúmeras exigências!!!,positive,dich_vu
10385,A equipe vai se lembrar de você e os quartos farão você se sentir em casa.,positive,dich_vu
10386,Elegantemente acessível,positive,gia_ca
10387,"OK, mas o hotel está localizado idealmente para turismo.",positive,vi_tri
10388,Peça os quartos com vista para as Ramblas.,positive,chat_luong_phong
10389,"O hotel abria recursos para pessoas de fora nos fins de semana, então você passava o tempo esperando para ser atendido ou evitando crianças nas piscinas.",negative,dich_vu
10390,Você recebe mais do que paga!,positive,gia_ca
10392,Incrível localização.,positive,vi_tri
10393,Tenho a sensação de que eles não pagam a mais aos funcionários . . . . . . . . . .,neutral,dich_vu
10394,"Ótimo Petit Hotel, Excelente localização!",positive,tong_the
10394,"Ótimo Petit Hotel, Excelente localização!",positive,vi_tri
10395,"Um cachorrinho Hotel, não para pessoas O cheiro e as manchas em corredores e em quartos dizem tudo. . . . .",negative,tong_the
10395,"Um cachorrinho Hotel, não para pessoas O cheiro e as manchas em corredores e em quartos dizem tudo. . . . .",negative,ve_sinh
10396,"a impressão geral é boa, exceto pelo bairro que é um pouco difícil, mas sem problemas",positive,tong_the
10396,"a impressão geral é boa, exceto pelo bairro que é um pouco difícil, mas sem problemas",negative,vi_tri
10397,Quarto estava muito limpo.,positive,ve_sinh
10398,"Ótimo hotel no meio do nada Fiquei aqui por um longo fim de semana e fiquei muito impressionado com o hotel, moderno, divertido e ótimo quartos tamanhos, embora tenha um pequeno centro de conferências",positive,tong_the
10398,"Ótimo hotel no meio do nada Fiquei aqui por um longo fim de semana e fiquei muito impressionado com o hotel, moderno, divertido e ótimo quartos tamanhos, embora tenha um pequeno centro de conferências",positive,khong_gian
10398,"Ótimo hotel no meio do nada Fiquei aqui por um longo fim de semana e fiquei muito impressionado com o hotel, moderno, divertido e ótimo quartos tamanhos, embora tenha um pequeno centro de conferências",positive,chat_luong_phong
10399,"Consegui um bom negócio na internet, mas gostaria de ter pago mais e ido para outro lugar.",positive,gia_ca
10399,"Consegui um bom negócio na internet, mas gostaria de ter pago mais e ido para outro lugar.",negative,tong_the
10400,"O melhor hotel em que já ficamos Este hotel é absolutamente excelente - localização perfeita (10 minutos a pé da principal rua comercial e 15 a 20 minutos a pé da Cidade Proibida/Praça Tian'anmen); muito eficiente, prestativo e amigável equipe que fala bem inglês; e os quartos / instalações de lazer são excelentes.",positive,tong_the
10400,"O melhor hotel em que já ficamos Este hotel é absolutamente excelente - localização perfeita (10 minutos a pé da principal rua comercial e 15 a 20 minutos a pé da Cidade Proibida/Praça Tian'anmen); muito eficiente, prestativo e amigável equipe que fala bem inglês; e os quartos / instalações de lazer são excelentes.",positive,vi_tri
10400,"O melhor hotel em que já ficamos Este hotel é absolutamente excelente - localização perfeita (10 minutos a pé da principal rua comercial e 15 a 20 minutos a pé da Cidade Proibida/Praça Tian'anmen); muito eficiente, prestativo e amigável equipe que fala bem inglês; e os quartos / instalações de lazer são excelentes.",positive,dich_vu
10400,"O melhor hotel em que já ficamos Este hotel é absolutamente excelente - localização perfeita (10 minutos a pé da principal rua comercial e 15 a 20 minutos a pé da Cidade Proibida/Praça Tian'anmen); muito eficiente, prestativo e amigável equipe que fala bem inglês; e os quartos / instalações de lazer são excelentes.",positive,chat_luong_phong
10401,Eu e meu marido voltaremos no verão para o mesmo hotel.,positive,tong_the
10402,"ficamos num quarto ok quarto (grande o suficiente), mas sem janela.",positive,chat_luong_phong
10402,"ficamos num quarto ok quarto (grande o suficiente), mas sem janela.",negative,chat_luong_phong
10403,"E encontramos Aston bhavana, perfeitamente localizado em área nobre em Seminyak.",positive,tong_the
10403,"E encontramos Aston bhavana, perfeitamente localizado em área nobre em Seminyak.",positive,vi_tri
10404,"a tarde chá é ótima, o restaurante também é muito bom.",positive,am_thuc
10405,A equipe era amigável e estava limpo e bem,positive,dich_vu
10406,"Ficamos apenas uma noite, mas fomos tratados com a maior cortesia e simpatia pela equipe.",positive,dich_vu
10407,Os funcionários foram simpáticos e prestativos e o hotel tem uma ótima localização.,positive,dich_vu
10407,Os funcionários foram simpáticos e prestativos e o hotel tem uma ótima localização.,positive,vi_tri
10408,Infelizmente não é o que eu esperava.,negative,tong_the
10410,Equilíbrio decente entre custo / localização / qualidade,positive,gia_ca
10410,Equilíbrio decente entre custo / localização / qualidade,positive,vi_tri
10410,Equilíbrio decente entre custo / localização / qualidade,positive,tong_the
10411,"Fiz um upgrade para o andar comercial e tive uma sala maravilhosa quarto, além de acesso a internet sem fio e uma impressora.",positive,chat_luong_phong
10412,"Meu quarto estava impecável (apesar do que alguns críticos escreveram), e embora o banheiro quarto fosse pequeno, o chuveiro em si era  espaçoso, as roupas de banho do hotel eram de muito boa qualidade e havia um ferro e uma tábua de passar roupa funcionando no armário.",positive,ve_sinh
10412,"Meu quarto estava impecável (apesar do que alguns críticos escreveram), e embora o banheiro quarto fosse pequeno, o chuveiro em si era  espaçoso, as roupas de banho do hotel eram de muito boa qualidade e havia um ferro e uma tábua de passar roupa funcionando no armário.",negative,chat_luong_phong
10412,"Meu quarto estava impecável (apesar do que alguns críticos escreveram), e embora o banheiro quarto fosse pequeno, o chuveiro em si era  espaçoso, as roupas de banho do hotel eram de muito boa qualidade e havia um ferro e uma tábua de passar roupa funcionando no armário.",positive,chat_luong_phong
10413,"Os jovens funcionários foram muito simpáticos e prestativos, mais uma vez.",positive,dich_vu
10414,nossos trabalhadores aproveitam banheira de hidromassagem depois de um dia duro de trabalho.,positive,chat_luong_phong
10415,Eles não vão se desculpar nem oferecer qualquer solução para suas preocupações.,negative,dich_vu
10416,Os quartos eram agradáveis e limpos - nada de espetacular.,positive,chat_luong_phong
10416,Os quartos eram agradáveis e limpos - nada de espetacular.,positive,ve_sinh
10417,"tudo incluído, vale a pena pagar mais, nota máxima, voltaremos no ano que vem",positive,gia_ca
10417,"tudo incluído, vale a pena pagar mais, nota máxima, voltaremos no ano que vem",positive,tong_the
10418,Os funcionários foram todos fantásticos e muito simpáticos.,positive,dich_vu
10419,Para um hotel de aeroporto - o Sheraton é ótimo!,positive,tong_the
10420,Nós realmente gostamos deste hotel.,positive,tong_the
10421,"O andar de baixo restaurante de café da manhã parece medíocre e caro, embora a boate pareça intrigante.",negative,am_thuc
10421,"O andar de baixo restaurante de café da manhã parece medíocre e caro, embora a boate pareça intrigante.",negative,gia_ca
10422,"Bom hotel, bom localização Fiquei aqui por algumas noites a caminho de Sydney em novembro de 2004.",positive,tong_the
10422,"Bom hotel, bom localização Fiquei aqui por algumas noites a caminho de Sydney em novembro de 2004.",positive,vi_tri
10423,"localização bom hotel impecável café da manhã ótimo, quartos um pouco pequeno, mas nunca em em apenas para dormir.",positive,vi_tri
10423,"localização bom hotel impecável café da manhã ótimo, quartos um pouco pequeno, mas nunca em em apenas para dormir.",positive,am_thuc
10423,"localização bom hotel impecável café da manhã ótimo, quartos um pouco pequeno, mas nunca em em apenas para dormir.",neutral,chat_luong_phong
10423,"localização bom hotel impecável café da manhã ótimo, quartos um pouco pequeno, mas nunca em em apenas para dormir.",positive,ve_sinh
10424,"Este é um lindo hotel - cheio de personalidade - também em um local fantástico - bem na Union Square, com uma estação de TV a cabo do lado de fora.",positive,tong_the
10424,"Este é um lindo hotel - cheio de personalidade - também em um local fantástico - bem na Union Square, com uma estação de TV a cabo do lado de fora.",positive,vi_tri
10425,"A localização era ótima, a uma curta distância das ruas laterais de Shibuya e da estação de trem de Shibuya, que tem conexões para muitos dos principais pontos turísticos.",positive,vi_tri
10426,os quartos decepcionaram o hotel - obviamente há uma variedade de quartos.,negative,chat_luong_phong
10427,"A 50 m da Catedral, a 200 m de Las Ramblas e a 400 m da Plaza Cataluyna, que é o ponto central de chegada de trens e ônibus do aeroporto.",positive,vi_tri
10428,Este hotel foi mais do que o esperado! ! !,positive,tong_the
10429,Sua localização também é excelente.,positive,vi_tri
10430,"As cortinas do chuveiro do hotel  estavam mofadas e ficavam fora do caminho, o que tornava necessário pegar um táxi de ida e volta para o hotel.",negative,chat_luong_phong
10431,"O gerente foi rápido em me mostrar onde a cobrança estava escondida no site, em vez de chegar a um acordo, pois isso foi uma surpresa.",negative,gia_ca
10432,"Ainda melhor do que as fotos! Além de todas as coisas que outras pessoas dizem em suas avaliações sobre a piscina, bebidas, comida, quarto de luxo etc., eu gostei especialmente do lindo design do resort e toques adoráveis como a maravilhosa seleção de plantas e flores coloridas, papagaios, flamingos, peixes etc.",positive,khong_gian
10433,Este é um fantástico hotel,positive,tong_the
10434,Todos quartos são suítes e até mesmo o menor é ótimo para duas pessoas ou para quem viaja a negócios.,positive,chat_luong_phong
10435,A equipe  foi ótima e eles trabalharam muito duro e por muitas horas e sempre sorriram.,positive,dich_vu
10436,ÓTIMA EXPERIÊNCIA ÓTIMA ÁREA Ótima experiência.,positive,tong_the
10436,ÓTIMA EXPERIÊNCIA ÓTIMA ÁREA Ótima experiência.,positive,vi_tri
10437,e realmente foi o mais próximo da perfeição que qualquer estadia pode ser.,positive,tong_the
10439,"Os degraus até a recepção parecem assustadores, mas, na minha opinião, aumentam a autenticidade do edifício.",negative,khong_gian
10441,Incrível Que lugar incrível.,positive,tong_the
10442,Mesma faixa de preço.,positive,gia_ca
10443,Posso dizer que este hotel é de qualidade média e só retornarei se conseguir encontrar um preço muito... muito... bom...,neutral,tong_the
10444,"O serviço, quartos e comida são de primeira classe e a localização não poderia ser melhor!",positive,dich_vu
10444,"O serviço, quartos e comida são de primeira classe e a localização não poderia ser melhor!",positive,chat_luong_phong
10444,"O serviço, quartos e comida são de primeira classe e a localização não poderia ser melhor!",positive,am_thuc
10444,"O serviço, quartos e comida são de primeira classe e a localização não poderia ser melhor!",positive,vi_tri
10445,Tivemos um quarto muito agradável e limpo quarto com muitas toalhas para nossa família de quatro pessoas.,positive,chat_luong_phong
10445,Tivemos um quarto muito agradável e limpo quarto com muitas toalhas para nossa família de quatro pessoas.,positive,ve_sinh
10446,Aluguei um quarto que tinha um banheiroquarto.,positive,chat_luong_phong
10447,"O quarto é bonito, mas está empoeirado.",positive,chat_luong_phong
10447,"O quarto é bonito, mas está empoeirado.",negative,ve_sinh
10448,"Lex 3rd foi excelente - perto de farmácias, supermercados e lojas de esquina",positive,vi_tri
10449,Eu nunca fiquei em um hotel Drury e agora não gostaria de ficar em nenhum outro lugar.,positive,tong_the
10450,O quarto era muito confortável com um ótimo chuveiro (duas duchas! !,positive,chat_luong_phong
10451,"O (quarto 4) que tínhamos era bem mobiliado e limpo, mas era pequeno e não tinha vista; no entanto, não estávamos pagando uma tarifa alta e não tínhamos planos de passar muito tempo no (quarto 4) de qualquer maneira.",positive,chat_luong_phong
10451,"O (quarto 4) que tínhamos era bem mobiliado e limpo, mas era pequeno e não tinha vista; no entanto, não estávamos pagando uma tarifa alta e não tínhamos planos de passar muito tempo no (quarto 4) de qualquer maneira.",positive,ve_sinh
10451,"O (quarto 4) que tínhamos era bem mobiliado e limpo, mas era pequeno e não tinha vista; no entanto, não estávamos pagando uma tarifa alta e não tínhamos planos de passar muito tempo no (quarto 4) de qualquer maneira.",negative,chat_luong_phong
10452,Ficamos muito satisfeitos com a nossa estadia no Holiday Inn Universal Studios (anteriormente conhecido como Beverly Garland).,positive,tong_the
10453,Não achamos nada barulhento.,positive,khong_gian
10454,"Tínhamos acabado de chegar de estadias quentes e um tanto apertadas em Londres e Paris, então achamos o ar condicionado e o espaço (quarto com 2 camas) um luxo muito necessário.",positive,chat_luong_phong
10455,os funcionários são extremamente prestativos.,positive,dich_vu
10456,"Uma dica para futuros hóspedes: se você tiver um problema, o problema é seu. A equipe, incluindo Antonia e o gerente Gianni Burchietti, irão tratá-lo como um inimigo se você ousar reclamar do serviço ou de suas acomodações.",negative,dich_vu
10457,Pegamos aquele pequeno quarto nº 12 por 99 USD por noite no segundo andar.,negative,chat_luong_phong
10457,Pegamos aquele pequeno quarto nº 12 por 99 USD por noite no segundo andar.,negative,gia_ca
10458,"Útil e amigável equipe Confortável, bem mobiliado quartos e um dos hotéis mais silenciosos quartos",positive,dich_vu
10458,"Útil e amigável equipe Confortável, bem mobiliado quartos e um dos hotéis mais silenciosos quartos",positive,chat_luong_phong
10460,"Perto da Plaça Catalunya, mas sem problemas com barulho da rua, o quarto estava bom.",positive,chat_luong_phong
10462,Nosso trem atrasou e o recepcionista noturno nos recebeu alegremente às 3 da manhã e até segurou a porta para nós.,positive,dich_vu
10463,"Ficamos aqui por 3 noites no clube e, embora os quartos sejam pequenos e os chuveiros não tenham muita potência, foram Jean e Joyce, o concierge, que tornaram nossa estadia aqui mais do que confortável.",negative,chat_luong_phong
10463,"Ficamos aqui por 3 noites no clube e, embora os quartos sejam pequenos e os chuveiros não tenham muita potência, foram Jean e Joyce, o concierge, que tornaram nossa estadia aqui mais do que confortável.",positive,dich_vu
10464,Reservei este hotel para uma curta pausa de 4 dias - não ficamos desapontados.,positive,tong_the
10465,"Se você está procurando um hotel com ótima relação custo-benefício, então definitivamente escolha este!",positive,gia_ca
10466,Bom Hotel Deve ter ficado em um hotel diferente da última avaliação.,positive,tong_the
10467,Amado o Westin,positive,tong_the
10468,Os funcionários são especiais aqui,positive,dich_vu
10469,Muito perto da Torre de Londres e da Tower Bridge.,positive,vi_tri
10470,"Conceitualmente, hotel foi uma ótima ideia arquitetônica.",positive,khong_gian
10472,"site ) . A cama é terrivelmente confortável, você tem um bar de cortesia, cheio de refrescos e alguns lanches, os produtos de higiene pessoal são da Lanvin.",negative,chat_luong_phong
10473,"Tudo foi excelente: um quarto muito limpo e tranquilo quarto (no nono andar), com todo o conforto que você pode imaginar (até escovas de dentes, pasta de dentes, cera para sapatos, . . . ), o buffet de café da manhã foi tremendo e a equipe foi amigável e competente (falou até francês!).",positive,tong_the
10473,"Tudo foi excelente: um quarto muito limpo e tranquilo quarto (no nono andar), com todo o conforto que você pode imaginar (até escovas de dentes, pasta de dentes, cera para sapatos, . . . ), o buffet de café da manhã foi tremendo e a equipe foi amigável e competente (falou até francês!).",positive,ve_sinh
10473,"Tudo foi excelente: um quarto muito limpo e tranquilo quarto (no nono andar), com todo o conforto que você pode imaginar (até escovas de dentes, pasta de dentes, cera para sapatos, . . . ), o buffet de café da manhã foi tremendo e a equipe foi amigável e competente (falou até francês!).",positive,chat_luong_phong
10473,"Tudo foi excelente: um quarto muito limpo e tranquilo quarto (no nono andar), com todo o conforto que você pode imaginar (até escovas de dentes, pasta de dentes, cera para sapatos, . . . ), o buffet de café da manhã foi tremendo e a equipe foi amigável e competente (falou até francês!).",positive,am_thuc
10473,"Tudo foi excelente: um quarto muito limpo e tranquilo quarto (no nono andar), com todo o conforto que você pode imaginar (até escovas de dentes, pasta de dentes, cera para sapatos, . . . ), o buffet de café da manhã foi tremendo e a equipe foi amigável e competente (falou até francês!).",positive,dich_vu
10474,"Ótimo instalações - mas fique de olho nas tarifas reduzidas. O Star City tem conveniência 24 horas por dia, 7 dias por semana, graças ao cassino adjacente, mas os quartos em si são um pouco cansados.",negative,chat_luong_phong
10475,Recomendado.,positive,de_xuat
10476,descendo a Stanley St.) e amigável equipe.,positive,dich_vu
10477,"Devo dizer que achei o café da manhã bastante caro (aproximadamente 11 euros), embora você tenha desconto se ficar hospedado no hotel.",negative,gia_ca
10478,"Quarto dava para a rua e não tivemos problemas com barulho, café da manhã estava incluso e era bom... muito simpático equipe.",positive,gia_ca
10478,"Quarto dava para a rua e não tivemos problemas com barulho, café da manhã estava incluso e era bom... muito simpático equipe.",positive,am_thuc
10478,"Quarto dava para a rua e não tivemos problemas com barulho, café da manhã estava incluso e era bom... muito simpático equipe.",positive,dich_vu
10478,"Quarto dava para a rua e não tivemos problemas com barulho, café da manhã estava incluso e era bom... muito simpático equipe.",positive,chat_luong_phong
10479,Era realmente o paraíso.,positive,tong_the
10480,"Boa limpeza  quartos, embora não um pouco ""desgastado"" e talvez precisando de uma pequena atualização.",positive,chat_luong_phong
10480,"Boa limpeza  quartos, embora não um pouco ""desgastado"" e talvez precisando de uma pequena atualização.",positive,ve_sinh
10480,"Boa limpeza  quartos, embora não um pouco ""desgastado"" e talvez precisando de uma pequena atualização.",neutral,chat_luong_phong
10481,"Ótimas vistas do porto/cidade, ótimo serviço, ótimo hotel, ótimo quarto, ótimo comida, ótimo bar, ótimo instalações, ótimo localização, limpo, confortável, moderno e a equipe foi sempre tão prestativa quanto possível.",positive,dich_vu
10481,"Ótimas vistas do porto/cidade, ótimo serviço, ótimo hotel, ótimo quarto, ótimo comida, ótimo bar, ótimo instalações, ótimo localização, limpo, confortável, moderno e a equipe foi sempre tão prestativa quanto possível.",positive,tong_the
10481,"Ótimas vistas do porto/cidade, ótimo serviço, ótimo hotel, ótimo quarto, ótimo comida, ótimo bar, ótimo instalações, ótimo localização, limpo, confortável, moderno e a equipe foi sempre tão prestativa quanto possível.",positive,chat_luong_phong
10481,"Ótimas vistas do porto/cidade, ótimo serviço, ótimo hotel, ótimo quarto, ótimo comida, ótimo bar, ótimo instalações, ótimo localização, limpo, confortável, moderno e a equipe foi sempre tão prestativa quanto possível.",positive,am_thuc
10481,"Ótimas vistas do porto/cidade, ótimo serviço, ótimo hotel, ótimo quarto, ótimo comida, ótimo bar, ótimo instalações, ótimo localização, limpo, confortável, moderno e a equipe foi sempre tão prestativa quanto possível.",positive,vi_tri
10481,"Ótimas vistas do porto/cidade, ótimo serviço, ótimo hotel, ótimo quarto, ótimo comida, ótimo bar, ótimo instalações, ótimo localização, limpo, confortável, moderno e a equipe foi sempre tão prestativa quanto possível.",positive,ve_sinh
10481,"Ótimas vistas do porto/cidade, ótimo serviço, ótimo hotel, ótimo quarto, ótimo comida, ótimo bar, ótimo instalações, ótimo localização, limpo, confortável, moderno e a equipe foi sempre tão prestativa quanto possível.",positive,khong_gian
10482,"Não poderíamos reclamar do hotel, do quarto, do quarto serviço, da limpeza.",positive,ve_sinh
10482,"Não poderíamos reclamar do hotel, do quarto, do quarto serviço, da limpeza.",positive,dich_vu
10483,esse pouco dinheiro eu realmente recomendo!,positive,de_xuat
10483,esse pouco dinheiro eu realmente recomendo!,positive,gia_ca
10484,Trouxemos nossas duas crianças pequenas conosco e a equipe do hotel foi muito receptiva.,positive,dich_vu
10485,Krátka cesta do Universal Studios .,positive,vi_tri
10582,Bora huduma .,positive,dich_vu
10609,Bunu çok sevdim Otel!,positive,tong_the
10625,konum da harika.,positive,vi_tri
10635,Oda çok temizdi.,positive,ve_sinh
12491,Service var hurtig.,positive,dich_vu
15361,Volveré seguro .,positive,nha_hang
15373,Me quedé sorprendentemente decepcionado.,negative,am_thuc
15637,Definitivamente volveremos .,positive,nha_hang
15816,Bebidas muy caras.,negative,gia_ca
15846,mi lugar favorito  jajaja,positive,nha_hang
15919,"Amable, atento camareros.",positive,dich_vu
15930,Ojalá volvieran a ser como antes.,negative,nha_hang
15951,Pensé que este lugar estaba totalmente sobrevalorado.,negative,nha_hang
15995,El peor restaurante de Manhattan,negative,nha_hang
16236,Bruto comida – ¡Guau!,negative,am_thuc
16456,J'adore ça endroit,positive,nha_hang
16573,"jamais bancal, jamais mauvais repas, jamais mauvais service ...",positive,nha_hang
16573,"jamais bancal, jamais mauvais repas, jamais mauvais service ...",positive,am_thuc
16573,"jamais bancal, jamais mauvais repas, jamais mauvais service ...",positive,dich_vu
17200,JE PEUX MANGER ICI TOUS LES JOURS DE LA SEMAINE VRAIMENT MDR J'ADORE ÇA ENDROIT ... ),positive,nha_hang
17450,J'ai adoré,positive,nha_hang
17541,Hebat Suasana,positive,khong_gian
17635,"Fomos para jantar apenas algumas vezes, mas a mesma ótima qualidade e serviço são oferecidos.",positive,dich_vu
17635,"Fomos para jantar apenas algumas vezes, mas a mesma ótima qualidade e serviço são oferecidos.",positive,am_thuc
17636,É escuro e aconchegante... sempre tem jazz tocando quando vamos.,positive,khong_gian
17638,Não é o que eu esperaria pelo preço e prestígio deste localização.,neutral,gia_ca
17638,Não é o que eu esperaria pelo preço e prestígio deste localização.,neutral,nha_hang
17639,Finalmente um restaurante chinês confiável !,positive,nha_hang
17640,"Os joelhos de lagosta (especial do dia) estavam bons, mas sem gosto.",neutral,am_thuc
17640,"Os joelhos de lagosta (especial do dia) estavam bons, mas sem gosto.",negative,am_thuc
17641,"O menu é bastante simples, sem muitas descrições.",neutral,am_thuc
17643,"A equipe foi simpática, mas eles pareciam muito estressados e o banheiro unissex precisa ser limpo com mais frequência.",positive,dich_vu
17643,"A equipe foi simpática, mas eles pareciam muito estressados e o banheiro unissex precisa ser limpo com mais frequência.",negative,dich_vu
17643,"A equipe foi simpática, mas eles pareciam muito estressados e o banheiro unissex precisa ser limpo com mais frequência.",negative,khong_gian
17644,Eu absolutamente amo esse lugar ! ! !,positive,nha_hang
17645,Nunca obtive uma explicação sobre o que estava acontecendo.,negative,dich_vu
17646,"Todos pareciam felizes com a comida, exceto meu irmão, que pediu o Mahi Mahi grelhado, aparentemente encharcado em suco de toranja!",positive,am_thuc
17646,"Todos pareciam felizes com a comida, exceto meu irmão, que pediu o Mahi Mahi grelhado, aparentemente encharcado em suco de toranja!",negative,am_thuc
17647,"Excelente ambiente, delicioso pratos, bom e simpático serviço.",positive,khong_gian
17647,"Excelente ambiente, delicioso pratos, bom e simpático serviço.",positive,am_thuc
17647,"Excelente ambiente, delicioso pratos, bom e simpático serviço.",positive,dich_vu
17648,"Consequentemente, seus hambúrgueres se desfizeram em suas mãos e fizeram uma bagunça tão grande que eles não tiveram vontade de terminá-los.",negative,am_thuc
17649,Eu gosto do Nhoque.,positive,nha_hang
17650,O garçom foi atencioso.,positive,dich_vu
17651,Meu frango estava intragável porque havia muitos pedaços de gordura que eu tinha que cuspir no guardanapo.,negative,am_thuc
17652,Eu recomendo totalmente Casa La Femme para qualquer ocasião especial e para REALMENTE impressionar seu par.,positive,nha_hang
17653,"Apesar de ser bom frutos do mar, os preços são muito altos.",positive,am_thuc
17653,"Apesar de ser bom frutos do mar, os preços são muito altos.",negative,gia_ca
17654,"Eu diria que estava tudo bem e saboroso, mas o peso no meu estômago é algo que não posso deixar de mencionar ou subestimar.",negative,am_thuc
17655,Serviço não muito amigável para o nosso `` grande grupo ``!,negative,dich_vu
17656,"Embora o ambiente e a atmosfera fossem ótimos, a comida e o serviço poderiam ter sido muito melhores.",positive,khong_gian
17656,"Embora o ambiente e a atmosfera fossem ótimos, a comida e o serviço poderiam ter sido muito melhores.",negative,am_thuc
17656,"Embora o ambiente e a atmosfera fossem ótimos, a comida e o serviço poderiam ter sido muito melhores.",negative,dich_vu
17657,"Olhando ao redor, vi uma sala cheia de nova-iorquinos desfrutando de uma verdadeira refeição em um verdadeiro restaurante, não um clube de pessoas fabulosas tentando ser vistas.",positive,am_thuc
17657,"Olhando ao redor, vi uma sala cheia de nova-iorquinos desfrutando de uma verdadeira refeição em um verdadeiro restaurante, não um clube de pessoas fabulosas tentando ser vistas.",positive,khong_gian
17658,Mal posso esperar para voltar.,positive,nha_hang
17659,"Às vezes, as mesas não entendem seu senso de humor, mas é revigorante ter um garçom que tem personalidade, profissionalismo e respeita a privacidade do seu jantar.",positive,dich_vu
17660,Eu recomendo fortemente pedir uma mesa perto da janela.,positive,vi_tri
17661,O meu tinha gosto de que o barman tinha esquecido de adicionar a tequila.,negative,am_thuc
17662,Útil serviço e preço médio por prato US$ 10.,positive,dich_vu
17662,Útil serviço e preço médio por prato US$ 10.,neutral,gia_ca
17663,Este é o tipo de lugar para onde você gostaria de levar todos os seus amigos e ainda manter um segredo.,positive,nha_hang
17664,Já tive minha cota de japonês moderno e este lugar é ótimo.,positive,am_thuc
17665,"O serviço foi lento, tive que esperar para fazer o pedido e receber a comida, embora não estivesse lotado.",negative,dich_vu
17666,"O lugar é pequeno e intimista e você pode se sentir um pouco apertado, mas o serviço é excelente e é ótimo para sair com amigos, um encontro romântico ou uma ocasião especial.",positive,dich_vu
17666,"O lugar é pequeno e intimista e você pode se sentir um pouco apertado, mas o serviço é excelente e é ótimo para sair com amigos, um encontro romântico ou uma ocasião especial.",negative,khong_gian
17666,"O lugar é pequeno e intimista e você pode se sentir um pouco apertado, mas o serviço é excelente e é ótimo para sair com amigos, um encontro romântico ou uma ocasião especial.",positive,nha_hang
17667,O melhor Pastrami que já comi e ótimo porção sem ser ridículo.,positive,am_thuc
17668,Ainda assim continuamos voltando : ),positive,nha_hang
17669,TÃO BOM,positive,nha_hang
17670,Altamente recomendado a todos!,positive,nha_hang
17672,"Comer em , a atmosfera salva, mas na sua mesa, é uma experiência muito decepcionante.",positive,khong_gian
17672,"Comer em , a atmosfera salva, mas na sua mesa, é uma experiência muito decepcionante.",negative,nha_hang
17673,"Adorei a cena em primeiro lugar - o lugar tem personalidade e uma luz agradável... muito sortudo, em termos de localização.",positive,khong_gian
17673,"Adorei a cena em primeiro lugar - o lugar tem personalidade e uma luz agradável... muito sortudo, em termos de localização.",positive,vi_tri
17674,O verdadeiro problema que tive com este lugar foi a completa falta de serviço.,negative,dich_vu
17675,Como você avalia a casa?,positive,nha_hang
17676,O Patroon conta com um agradável bar de charutos e tem uma ótima equipe.,positive,khong_gian
17676,O Patroon conta com um agradável bar de charutos e tem uma ótima equipe.,positive,dich_vu
17677,O serviço foi rápido e cortês.,positive,dich_vu
17678,"Eles têm mais de 100 cervejas diferentes para oferecer aos seus convidados, o que deixou meu marido muito feliz e a comida estava deliciosa. Se eu tivesse que recomendar um prato, seria o tortelini de abóbora.",positive,am_thuc
17679,O prato principal de frutos do mar da família era muito bom.,positive,am_thuc
17680,Nada de truques aqui — a comida fala por si só em seu frescor e preparação.,positive,am_thuc
17681,É muito caro e não é muito saboroso.,negative,am_thuc
17681,É muito caro e não é muito saboroso.,negative,gia_ca
17682,"Minha esposa e eu sempre gostamos dos jovens, nem sempre bem treinados, mas mesmo assim amigáveis funcionários, todos com uma história.",positive,dich_vu
17683,É tão romântico.,positive,khong_gian
17684,Nossa comida também foi ótima!,positive,am_thuc
17685,Já comi no Ginger House várias vezes e é sempre bom.,positive,nha_hang
17686,"Eu queria ir lá para ver se valia a pena e, infelizmente, a curiosidade falou mais alto e paguei caro por isso.",negative,nha_hang
17686,"Eu queria ir lá para ver se valia a pena e, infelizmente, a curiosidade falou mais alto e paguei caro por isso.",negative,gia_ca
17687,Nós voltaremos.,positive,nha_hang
17688,A vitela estava incrível ontem à noite.,positive,am_thuc
17689,Mas isso é altamente perdoável.,positive,nha_hang
17690,"Nós amamos comida, bebidas e ambiente!",positive,am_thuc
17690,"Nós amamos comida, bebidas e ambiente!",positive,khong_gian
17691,"O serviço foi apenas ok, não é o que você esperaria por US$ 500.",negative,dich_vu
17691,"O serviço foi apenas ok, não é o que você esperaria por US$ 500.",negative,gia_ca
17692,"se você for ousado, experimente o vinagre balsâmico sobre sorvete, é maravilhoso!",positive,am_thuc
17693,"Minha namorada, um pouco mais agressiva e igualmente enojada por ter jogado fora o resto da refeição que ela mal havia comido refeição, ligou de volta apenas para ser informada de que eu provavelmente estava errado e que provavelmente era uma ostra, e que também estávamos na lista negra do restaurante deles.",negative,am_thuc
17693,"Minha namorada, um pouco mais agressiva e igualmente enojada por ter jogado fora o resto da refeição que ela mal havia comido refeição, ligou de volta apenas para ser informada de que eu provavelmente estava errado e que provavelmente era uma ostra, e que também estávamos na lista negra do restaurante deles.",negative,dich_vu
17694,A carta de vinhos é interessante e tem muitos bons valores.,positive,am_thuc
17694,A carta de vinhos é interessante e tem muitos bons valores.,positive,gia_ca
17695,"Os servidores são todos diferentes, Greg é o meu favorito.",positive,dich_vu
17697,O lugar é muito legal e o serviço é rápido e cortês.,positive,dich_vu
17697,O lugar é muito legal e o serviço é rápido e cortês.,positive,khong_gian
17698,"Não reclamei, gostei muito da atmosfera.",positive,khong_gian
17699,O prato principal também estava muito bom.,positive,am_thuc
17700,Não acredito como um restaurante caro de Nova York restaurante pode ser tão desrespeitoso com seus clientes.,negative,gia_ca
17700,Não acredito como um restaurante caro de Nova York restaurante pode ser tão desrespeitoso com seus clientes.,negative,dich_vu
17701,Ótimo sobrevivência,positive,dich_vu
17702,Bom comida.,positive,am_thuc
17703,Muitas vezes parece que eles não se importam com você.,negative,dich_vu
17704,Comida estava OK.,neutral,am_thuc
17705,"Tão perto, mas não bom o suficiente.",neutral,nha_hang
17706,"Fui lá no sábado, 26/01 e fiquei decepcionado.",negative,nha_hang
17708,"Para comida tailandesa autêntica, não procure além do Toons.",positive,am_thuc
17709,A esposa pediu o risoto que estava incrível.,positive,am_thuc
17711,"Eles cheiram como se estivessem sendo recheados com vegetais enlatados velhos, como o calzone de espinafre e cogumelos.",negative,am_thuc
17712,"No geral, não vale o dinheiro.",negative,gia_ca
17713,"O pão estava velho, a salada estava cara e vazia.",negative,am_thuc
17713,"O pão estava velho, a salada estava cara e vazia.",negative,gia_ca
17714,"Enquanto a comida deles cozinha é deliciosa, o sushi deles é de outro mundo.",positive,am_thuc
17715,Ele oferece um serviço abaixo da média serviço e não tem personalidade.,negative,dich_vu
17716,"Eu saio para comer e gosto dos meus pratos, os garçons são pacientes e nunca apressam os pratos ou forçam outra bebida.",positive,dich_vu
17717,Comemos vieiras como aperitivo e elas estavam deliciosas e o molho estava maravilhoso.,positive,am_thuc
17718,não tenho certeza do porquê este restaurante seria tão bem avaliado.,negative,nha_hang
17719,Esta é a primeira vez que escrevo uma avaliação sobre um restaurante porque comida e serviço eram excelentes.,positive,am_thuc
17719,Esta é a primeira vez que escrevo uma avaliação sobre um restaurante porque comida e serviço eram excelentes.,positive,dich_vu
17720,Ótimo saquê!,positive,am_thuc
17721,"A sobremesa (comemos uma torta de pêra) era boa - mas, mais uma vez, a equipe não conseguiu dar sugestões de bebidas adequadas.",positive,am_thuc
17721,"A sobremesa (comemos uma torta de pêra) era boa - mas, mais uma vez, a equipe não conseguiu dar sugestões de bebidas adequadas.",negative,dich_vu
17722,"Você pensaria que eles compensariam isso com serviço, infelizmente, não.",negative,dich_vu
17723,Comi um enorme sanduíche de pastrami no pão.,neutral,am_thuc
17724,"Os rolos Dancing, White River e Millenium são imperdíveis.",positive,am_thuc
17725,"Este lugar é caro, e sim, a comida vale a pena; mas o serviço faz você sentir que deveria pagar um quarto do preço.",negative,gia_ca
17725,"Este lugar é caro, e sim, a comida vale a pena; mas o serviço faz você sentir que deveria pagar um quarto do preço.",positive,am_thuc
17725,"Este lugar é caro, e sim, a comida vale a pena; mas o serviço faz você sentir que deveria pagar um quarto do preço.",negative,dich_vu
17726,"Nunca tive entregadores tão dramáticos (muitos bufos, ofegos e resmungos porque moro em um prédio sem elevador) que sempre parecem decepcionados com suas gorjetas.",negative,dich_vu
17727,Experimente o robalo.,positive,am_thuc
17728,"Adivinhe, esperei VINTE minutos antes que ela viesse e quando ela finalmente veio, ela disse: ``Ah, bem, eu queria que você tivesse dito algo antes. ``Sem desculpas, nada.",negative,dich_vu
17729,Este lugar é uma visita obrigatória!,positive,nha_hang
17730,Fica longe da pequena rua em que está localizado e não há barulho de trânsito.,positive,vi_tri
17731,Peixe foi cozido demais.,negative,am_thuc
17732,Também recomendo os pratos de arroz ou as diferentes variedades de congee (mingau de arroz).,positive,am_thuc
17733,É um pequeno e fofo restaurante.,positive,nha_hang
17734,Este pequeno local Williamsburg é sempre uma surpresa agradável.,positive,nha_hang
17735,"Nós, quatro pessoas, chegamos ao meio-dia - o lugar estava vazio - e os funcionários agiram como se estivéssemos abusando deles e foram muito rudes.",negative,dich_vu
17736,É simplesmente a melhor refeição em Nova York.,positive,am_thuc
17737,"Eu nunca recomendaria este lugar a ninguém, nem mesmo para um jantar casual.",negative,nha_hang
17738,O pessoal é muito bom.,positive,dich_vu
17739,Os queijos cremosos são de outro mundo e eu adoro isso café! !,positive,am_thuc
17740,Comida incrível.,positive,am_thuc
17741,"as únicas coisas que você realmente consegue sentir o gosto são o muito salgado molho de soja (mesmo com baixo teor de sódio), o embebido em vinagre arroz e a cebolinha em cima do peixe.",negative,am_thuc
17743,"O serviço deixa muito a desejar, desde a sensação de que você foi apressado para fazer seu pedido até ser ignorado pelo resto da noite.",negative,dich_vu
17744,Também tem um preço extremamente bom.,positive,gia_ca
17745,"Eles eram uma verdadeira porcaria (US$ 8,95 por quatro pequenos hambúrgueres de carne em pães cozidos no vapor) e não valia a pena experimentar.",negative,am_thuc
17745,"Eles eram uma verdadeira porcaria (US$ 8,95 por quatro pequenos hambúrgueres de carne em pães cozidos no vapor) e não valia a pena experimentar.",negative,gia_ca
17746,"A crosta tem uma ótima mordida e uma boa mastigação, o molho é leve com uma acidez agradável, o sal do queijo é ótimo, realmente realça o sabor de todos os outros componentes.",positive,am_thuc
17747,"mas quando olhamos o menu, não havia muitas opções, a maioria eram bolinhos na seção de aperitivos.",negative,am_thuc
17748,"O preço é razoável, embora o serviço seja ruim.",positive,gia_ca
17748,"O preço é razoável, embora o serviço seja ruim.",negative,dich_vu
17750,Pagamos e fomos embora porque não queríamos mais discutir.,negative,dich_vu
17751,Todos concordamos que mare é um dos melhores restaurantes de frutos do mar de Nova York.,positive,nha_hang
17752,"A pizza é deliciosa - eles usam mussarela fresca em vez do queijo barato, congelado e ralado, comum na maioria das pizzarias.",positive,am_thuc
17754,Eu geralmente gosto deste lugar.,positive,nha_hang
17755,"No entanto, nosso prato principal foi maravilhoso.",positive,am_thuc
17756,Fomos atraídos pelo show de dança do ventre que cativou a multidão.,positive,khong_gian
17757,Tenho que recomendar fortemente o lagosta - não tem muita maionese; dá para perceber que era um lagosta fresco.,positive,am_thuc
17758,O serviço é bom e o restaurante é limpo.,positive,dich_vu
17758,O serviço é bom e o restaurante é limpo.,positive,khong_gian
17759,Eu realmente recomendo os muito simples Rolinhos Unda (Ovo.,positive,am_thuc
17760,O ambiente é muito sofisticado e você verá muitos caras ricos com esposas-troféu ou apenas acompanhantes muito bem pagas.,neutral,khong_gian
17761,Tudo no menu é ótimo.,positive,am_thuc
17762,todos estavam alegremente cooperativos e prestativos.,positive,dich_vu
17763,"O espere aqui é longo para dim sum, mas se você não gosta de dividir mesas ou se o típico dim sum estridente atmosfera não é sua praia, esta é uma alternativa elegante (para Chinatown).",negative,dich_vu
17763,"O espere aqui é longo para dim sum, mas se você não gosta de dividir mesas ou se o típico dim sum estridente atmosfera não é sua praia, esta é uma alternativa elegante (para Chinatown).",negative,khong_gian
17763,"O espere aqui é longo para dim sum, mas se você não gosta de dividir mesas ou se o típico dim sum estridente atmosfera não é sua praia, esta é uma alternativa elegante (para Chinatown).",negative,nha_hang
17764,Este lugar me surpreendeu... de longe meu novo restaurante favorito no Upper East Side.,positive,nha_hang
17765,"A comida também estava muito boa, considerando que experimentamos a seleção mais econômica (embora eu desejasse que a barriga de porco que pedi fosse assada um pouco mais, para que a gordura derretesse mais na boca).",positive,am_thuc
17765,"A comida também estava muito boa, considerando que experimentamos a seleção mais econômica (embora eu desejasse que a barriga de porco que pedi fosse assada um pouco mais, para que a gordura derretesse mais na boca).",negative,am_thuc
17766,Ouvi dizer que o rolinho de lagosta era excelente.,positive,am_thuc
17767,É um lugar bem apertado e movimentado restaurante e fecha cedo.,negative,nha_hang
17767,É um lugar bem apertado e movimentado restaurante e fecha cedo.,negative,khong_gian
17769,Todas as pessoas que eu levo lá voltam sozinhas e trazem SEUS amigos!,positive,nha_hang
17770,Rezo para que fique aberto para sempre.,positive,nha_hang
17771,"Os garçons são agradáveis, divertidos e, na maior parte, lindos (no sentido de embelezamento estético maravilhoso, não no sentido de ela ser muito mais fofa do que eu).",positive,dich_vu
17772,Um dos melhores cachorros-quentes que já comi.,positive,am_thuc
17773,restaurante fino jantar de qualidade.,positive,am_thuc
17774,"Derretia na minha boquinha e tinha a consistência perfeita: não muito forte, cremoso e levemente amanteigado.",positive,am_thuc
17775,Eles cobram preços diferentes o tempo todo.,negative,dich_vu
17776,Li avaliações que diziam que o restaurante era muito caro e pensei comigo mesmo: mas talvez valha a pena.,negative,gia_ca
17776,Li avaliações que diziam que o restaurante era muito caro e pensei comigo mesmo: mas talvez valha a pena.,negative,nha_hang
17777,"Este pequeno restaurante é tão aconchegante quanto possível, com aquele certo toque parisiense.",positive,khong_gian
17778,e sim Dal Bukhara é muito bom e todos os kababs também.,positive,am_thuc
17779,a crosta estava incrivelmente bem cozida e pizza estava totalmente recheada : ) : ) : ),positive,am_thuc
17780,Recomendo muito o restaurante com base na nossa experiência ontem à noite.,positive,nha_hang
17781,"Éramos 4 e pedimos a porção tamanho família penne com vodka, que era uma porção tremendamente gigantesca... um balde de comida, literalmente.",positive,am_thuc
17782,Nosso garçom foi muito prestativo e amigável.,positive,dich_vu
17783,Certifique-se de ter o Rolinho de vieira picante ...,positive,am_thuc
17784,O serviço foi atencioso.,positive,dich_vu
17785,O serviço foi rápido e amigável e a comida era muito saborosa e eles tinham o melhor molho picante para adicionar às suas refeições.,positive,dich_vu
17785,O serviço foi rápido e amigável e a comida era muito saborosa e eles tinham o melhor molho picante para adicionar às suas refeições.,positive,am_thuc
17786,Devo dizer que fiquei surpreso com as críticas negativas ao restaurante no início do ano.,positive,nha_hang
17787,"Erros acontecem, mas geralmente são acompanhados de um pedido de desculpas, talvez até de uma taça de vinho... mas não do resmungo que recebemos do Al Di La equipe.",negative,dich_vu
17788,"O lugar é pequeno e apertado, mas a comida é fantástica.",negative,khong_gian
17788,"O lugar é pequeno e apertado, mas a comida é fantástica.",positive,am_thuc
17789,Adorei esse lugar ! !,positive,nha_hang
17791,A atmosfera ao ar livre de sentar na calçada observando o mundo passar a 15 metros de distância na 6ª Avenida em uma noite fria foi maravilhosa.,positive,vi_tri
17792,O serviço é bom e o ambiente é bom para um encontro ou passeio em grupo.,positive,dich_vu
17792,O serviço é bom e o ambiente é bom para um encontro ou passeio em grupo.,positive,khong_gian
17793,O alimento agora é inconsistente.,negative,am_thuc
17794,"No geral, a comida era boa - um pouco cara, mas fresca.",positive,am_thuc
17794,"No geral, a comida era boa - um pouco cara, mas fresca.",negative,gia_ca
17795,"No entanto, por US$ 120 para duas pessoas, isso não representa nenhum valor, a menos que você queira pagar por hora por tortura passivo-agressiva.",negative,gia_ca
17795,"No entanto, por US$ 120 para duas pessoas, isso não representa nenhum valor, a menos que você queira pagar por hora por tortura passivo-agressiva.",negative,dich_vu
17796,Os servidores da Flatbush Farm parecem ter aperfeiçoado aquela técnica medonha de fazer você se sentir culpado e envergonhado por se dignar a atrair a atenção deles.,negative,dich_vu
17797,É um dos melhores restaurantes ao ar livre que já vi em Nova York. Sou da Itália e esse lugar rivaliza com os do meu país.,positive,khong_gian
17798,Preços muito altos para este restaurante apertado e pouco atraente restaurante.,negative,gia_ca
17798,Preços muito altos para este restaurante apertado e pouco atraente restaurante.,negative,khong_gian
17799,Uma quintessência fatia de pizza de Nova York.,neutral,am_thuc
17800,Mas a equipe foi tão horrível conosco.,negative,dich_vu
17801,"Escolhi o Bacalhau Preto Grelhado como prato principal, que devorei completamente, enquanto alguém comentou que o Prato de Salmão Grelhado era melhor.",positive,am_thuc
17802,ADOREI a atmosfera - parecia que estava em Paris.,positive,khong_gian
17803,Um de nós realmente gostou do expresso - é isso.,positive,am_thuc
17804,Mas eles eram grandes demais para o pão.,negative,am_thuc
17805,A pizza é deliciosa e o proprietário é um dos mais simpáticos de Nova York.,positive,am_thuc
17805,A pizza é deliciosa e o proprietário é um dos mais simpáticos de Nova York.,positive,dich_vu
17806,"À noite, este lugar atraiu uma multidão bem vestida, com ele, NY .",positive,nha_hang
17807,Altamente recomendado.,positive,nha_hang
17808,"De qualquer forma, este é um lugar que certamente visitarei novamente quando estiver nesta parte da cidade.",positive,nha_hang
17809,"Para mim pratos um pouco oleosos, mas no geral a experiência gastronômica foi boa.",negative,am_thuc
17809,"Para mim pratos um pouco oleosos, mas no geral a experiência gastronômica foi boa.",positive,nha_hang
17810,"Os garçons não apreciam em nada o seu negócio, mas é o melhor torta do UWS!",negative,dich_vu
17810,"Os garçons não apreciam em nada o seu negócio, mas é o melhor torta do UWS!",positive,am_thuc
17811,Você não pode errar aqui.,positive,nha_hang
17812,Achei o restaurante agradável e limpo.,positive,nha_hang
17812,Achei o restaurante agradável e limpo.,positive,khong_gian
17813,Eu amo esse lugar,positive,nha_hang
17814,Voltaremos sempre que estivermos na cidade.,positive,nha_hang
17815,Mizu é o lar de produtos criativos e únicos rolos que não podem ser encontrados em nenhum outro lugar.,positive,am_thuc
17816,"Para piorar, o principal motivo pelo qual fomos ao seu restaurante foi por causa das dançarinas do ventre e perdemos o primeiro show porque ainda não tínhamos assentos, e a segunda dançarina do ventre só dançou em duas mesas no fundo do restaurante e não conseguiu chegar à outra metade do restaurante.",negative,dich_vu
17817,Mas o serviço é HORRÍVEL!,negative,dich_vu
17818,"Na verdade, estou ofendido por ter gasto tanto dinheiro em uma experiência tão ruim.",negative,nha_hang
17818,"Na verdade, estou ofendido por ter gasto tanto dinheiro em uma experiência tão ruim.",negative,gia_ca
17819,É um lugar onde você pode comer e ser feliz.,positive,nha_hang
17820,"Já tentamos antes, mas sempre lotado e não aceita reservas.",neutral,nha_hang
17821,Acho que é uma operação comercial absolutamente brilhante e bem administrada.,positive,nha_hang
17822,"Os preços são justos em todos os aspectos, tanto para comida quanto para bebidas.",positive,gia_ca
17823,Eles se recusam a acomodar grupos de 3 ou mais pessoas nos fins de semana.,negative,dich_vu
17824,"Se você está planejando vir aqui, certifique-se de que seu par seja alguém de quem você realmente goste, pois você será conduzido para cabines privadas onde não haverá pessoas ou comida para observar (escolha as que estão no andar térreo e têm tetos de vidro para que você possa ver as estrelas no céu!).",positive,khong_gian
17825,"A comida era ótima e saborosa, mas o espaço para sentar era muito pequeno. Não gosto de ficar espremido num canto.",positive,am_thuc
17825,"A comida era ótima e saborosa, mas o espaço para sentar era muito pequeno. Não gosto de ficar espremido num canto.",negative,khong_gian
17826,Nunca fiquei tão enojado com comida e serviço.,negative,am_thuc
17826,Nunca fiquei tão enojado com comida e serviço.,negative,dich_vu
17827,Muito acessível e excelente ambiente!,positive,khong_gian
17827,Muito acessível e excelente ambiente!,positive,gia_ca
17829,Sou relativamente novo na área e experimentei o Pick a bgel no 2nd e fiquei decepcionado com o serviço e achei a comida exagerada e cara.,negative,dich_vu
17829,Sou relativamente novo na área e experimentei o Pick a bgel no 2nd e fiquei decepcionado com o serviço e achei a comida exagerada e cara.,negative,gia_ca
17829,Sou relativamente novo na área e experimentei o Pick a bgel no 2nd e fiquei decepcionado com o serviço e achei a comida exagerada e cara.,negative,am_thuc
17830,"Ao entrar no Cosette, você se encontra milagrosamente em um pequeno bistrô parisiense fora do circuito tradicional.",positive,khong_gian
17831,Fiquei agradavelmente surpreso.,positive,nha_hang
17833,O arroz era de má qualidade e estava tão mal cozido que ficou duro.,negative,am_thuc
17834,Voltaremos muitas vezes para este oásis no centro da cidade.,positive,nha_hang
17835,"Para um restaurante com tão boa reputação e que costuma estar tão lotado, não havia razão para tamanha falta de atendimento inteligente.",positive,nha_hang
17835,"Para um restaurante com tão boa reputação e que costuma estar tão lotado, não havia razão para tamanha falta de atendimento inteligente.",negative,dich_vu
17836,Eu recomendo fortemente para uma ocasião especial — ele oferece um ambiente intimista ambiente e agradável serviço.,positive,khong_gian
17836,Eu recomendo fortemente para uma ocasião especial — ele oferece um ambiente intimista ambiente e agradável serviço.,positive,de_xuat
17836,Eu recomendo fortemente para uma ocasião especial — ele oferece um ambiente intimista ambiente e agradável serviço.,positive,nha_hang
17837,isso pode se tornar uma das instituições gastronômicas italianas de Nova York.,positive,nha_hang
17838,Acho que tive algumas das melhores refeições da minha vida no Minnow.,positive,am_thuc
17839,Entrar no Casa La Femme ontem à noite foi uma experiência única em Nova York!,positive,nha_hang
17840,Há muita variedade até para pessoas que são vegetarianas como eu.,positive,am_thuc
17841,foi muito bom pizza.,positive,am_thuc
17842,"Em um dia quente, foi maravilhoso parar e almoçar.",positive,nha_hang
17843,"Este é o restaurante MAIS maravilhoso de toda a cidade de Nova York, não apenas do Brooklyn...",positive,nha_hang
17844,Este pequeno lugar definitivamente superou minhas expectativas e você certamente ganha muita comida pelo seu dinheiro.,positive,am_thuc
17844,Este pequeno lugar definitivamente superou minhas expectativas e você certamente ganha muita comida pelo seu dinheiro.,positive,nha_hang
17844,Este pequeno lugar definitivamente superou minhas expectativas e você certamente ganha muita comida pelo seu dinheiro.,positive,gia_ca
17845,"No verão, coma ao ar livre em um terraço (outra grande característica do Suan) ! ! !",positive,khong_gian
17846,"O lugar é um BISTRÔ, o que significa: simples pratos e vinho servido com eficiência em um ambiente movimentado atmosfera.",positive,am_thuc
17846,"O lugar é um BISTRÔ, o que significa: simples pratos e vinho servido com eficiência em um ambiente movimentado atmosfera.",positive,dich_vu
17846,"O lugar é um BISTRÔ, o que significa: simples pratos e vinho servido com eficiência em um ambiente movimentado atmosfera.",positive,khong_gian
17847,Eu estava visitando Nova York com um amigo e descobrimos este restaurante muito acolhedor e convidativo.,positive,khong_gian
17848,"O jantar estava bom, nada que eu comeria de novo.",negative,am_thuc
17849,Meu amigo de Milão e eu ficamos agradavelmente surpresos quando chegamos e todos falavam italiano.,positive,nha_hang
17850,"Pedimos acompanhamentos, mas o garçom admitiu que esqueceu de colocar nessa parte do nosso pedido.",negative,dich_vu
17851,"Além disso, por ser tão fino, ele esfria muito rápido e não enche tanto.",negative,am_thuc
17852,O camarão scampi estava excelente e os antipasti eram abundantes.,positive,am_thuc
17853,"A torta de frango é excepcional, o cheeseburger é enorme e delicioso, e o serviço profissional e acolhedor.",positive,am_thuc
17853,"A torta de frango é excepcional, o cheeseburger é enorme e delicioso, e o serviço profissional e acolhedor.",positive,dich_vu
17854,Um pouco de abacaxi coberto com algum tipo de cobertura e uma torta de pêra. Nada impressionante.,negative,am_thuc
17855,Economize tempo e trabalho e pule esta!,negative,nha_hang
17856,A comida era autêntica.,positive,am_thuc
17857,Também era bem barato.,positive,gia_ca
17858,"Nós pensamos que a sobremesa seria melhor, Errado!",negative,am_thuc
17859,O serviço foi bom e A comida é maravilhosa.,positive,dich_vu
17859,O serviço foi bom e A comida é maravilhosa.,positive,am_thuc
17860,Você deve experimentar os aperitivos de camarão.,positive,am_thuc
17861,"Meu marido disse que poderia ter comido mais algumas, a (porção 2) estava boa para mim, ele até exclamou que as (porções 3) foram as melhores que ele já comeu.",negative,am_thuc
17861,"Meu marido disse que poderia ter comido mais algumas, a (porção 2) estava boa para mim, ele até exclamou que as (porções 3) foram as melhores que ele já comeu.",positive,am_thuc
17862,"por 7 anos eles produziram o mais saboroso, o mais delicioso comida e mantiveram assim...",positive,am_thuc
17863,Os mexilhões estavam fantásticos e a sobremesa também... com certeza voltarei muito em breve.,positive,am_thuc
17863,Os mexilhões estavam fantásticos e a sobremesa também... com certeza voltarei muito em breve.,positive,nha_hang
17864,"Um pouco acima da média vinhos começam em US$ 70+, com apenas uma seleção listada por US$ 30+.",negative,am_thuc
17864,"Um pouco acima da média vinhos começam em US$ 70+, com apenas uma seleção listada por US$ 30+.",negative,gia_ca
17865,"Não havia torneira cerveja naquela noite, o que foi uma decepção.",negative,am_thuc
17866,Este deve ser um dos restaurantes mais superestimados do Brooklyn.,negative,nha_hang
17867,Chapéu para o chef.,positive,am_thuc
17869,"Sim, o lugar é elegante e bonito, mas eles certamente têm como alvo o super saudável. Não o cidadão comum que quer se esforçar ao máximo de vez em quando.",positive,khong_gian
17869,"Sim, o lugar é elegante e bonito, mas eles certamente têm como alvo o super saudável. Não o cidadão comum que quer se esforçar ao máximo de vez em quando.",negative,gia_ca
17870,Os polvo com amêijoas assadas que compartilhamos como aperitivos foram os melhores que já comemos! !,positive,am_thuc
17871,"O chão estava molhado, a lata de lixo estava cheia de toalhas de mão espalhadas por todo o chão, não havia sabão e não havia toalhas de mão sobrando.",negative,khong_gian
17873,"Pizza - a única pizza em Nova York que não deveria ter coberturas adicionais - a crosta tem o melhor sabor, pão fresco assado!",positive,am_thuc
17874,"A melhor comida italiana que já comi (e sendo italiano, isso significa muito).",positive,am_thuc
17875,"EU AMO a pizza de berinjela deles, assim como as massas deles!",positive,am_thuc
17876,Quem tem espaço para Cheesesticks com a melhor pizza de Nova York!,positive,am_thuc
17877,Os personagens realmente proporcionam uma experiência agradável.,positive,khong_gian
17878,Parecia queijo ralado parcialmente pronto - ainda em tiras.,negative,am_thuc
17879,"Ao longo dos anos, o anfitrião, Vittorio, e sua equipe, sempre me trataram como família — embora, com todos os negócios que essa joia não tão pequena faz, seja incrível que ele consiga se lembrar de um visitante consistente, mas não tão frequente.",positive,dich_vu
17880,"A quantidade também é muito boa, você sairá satisfeito.",positive,am_thuc
17881,"Fui lá com minha esposa e tivemos que esperar por uma mesa, embora você pudesse ver que muitas estavam vazias e sem reserva.",negative,dich_vu
17882,"Na saída, ouvimos outros hóspedes reclamando de problemas semelhantes.",negative,dich_vu
17883,Este é um dos melhores lugares de comida caseira da cidade.,positive,nha_hang
17884,"Fomos conduzidos ao bar para esperar um momento e, quando chegamos, ficamos muito animados.",positive,nha_hang
17885,O serviço foi rápido.,positive,dich_vu
17886,"fica um pouco afastado se você não mora no bairro, mas definitivamente vale a pena a viagem de onde quer que você esteja.",negative,vi_tri
17886,"fica um pouco afastado se você não mora no bairro, mas definitivamente vale a pena a viagem de onde quer que você esteja.",positive,nha_hang
17887,Um colega de trabalho e eu experimentamos Pacifico depois do trabalho algumas sextas-feiras e adoramos.,positive,nha_hang
17888,A garçonete não foi nada atenciosa.,negative,dich_vu
17889,"Se você não se importa com peixes de baixa qualidade pré-cortados peixe, antipáticos equipe e um chef de sushi que parece infeliz, então este é o seu lugar.",negative,am_thuc
17889,"Se você não se importa com peixes de baixa qualidade pré-cortados peixe, antipáticos equipe e um chef de sushi que parece infeliz, então este é o seu lugar.",negative,dich_vu
17889,"Se você não se importa com peixes de baixa qualidade pré-cortados peixe, antipáticos equipe e um chef de sushi que parece infeliz, então este é o seu lugar.",negative,nha_hang
17890,"Além disso, o arroz não tinha tempero, então o sushi era insosso e nojento.",negative,am_thuc
17891,"A primeira vez que fui e fiquei completamente encantado pela banda de jazz ao vivo e atmosfera, pedi a Salada Cobb de Lagosta.",positive,khong_gian
17892,"Comi os ovos Benedict no brunch, que foram os piores da minha vida. Tentei remover completamente o molho holandês, foi o maior fracasso.",negative,am_thuc
17893,"É um lugar meio pequeno lugar, mas acho que se não estiver muito cheio pode acomodar um grupo de crianças.",neutral,nha_hang
17894,Minha namorada e eu tropeçamos neste lugar agitado  na outra noite e nos divertimos muito!,positive,nha_hang
17895,"Os cachorros-quentes são de primeira qualidade, e eles são Slamwich incríveis!",positive,am_thuc
17897,O serviço foi rápido e amigável.,positive,dich_vu
17898,Chow fun estava seco; shu mai de porco estava mais gorduroso do que o normal e tive que dividir a mesa com uma família barulhenta e rude.,negative,am_thuc
17898,Chow fun estava seco; shu mai de porco estava mais gorduroso do que o normal e tive que dividir a mesa com uma família barulhenta e rude.,negative,khong_gian
17899,"Sim, eles usam ingredientes sofisticados, mas mesmo ingredientes sofisticados não resultam em uma boa pizza, a menos que alguém saiba como fazer a crosta corretamente.",positive,am_thuc
17899,"Sim, eles usam ingredientes sofisticados, mas mesmo ingredientes sofisticados não resultam em uma boa pizza, a menos que alguém saiba como fazer a crosta corretamente.",negative,am_thuc
17900,Autêntico comida paquistanesa.,positive,am_thuc
17901,A comida era realmente horrível.,negative,am_thuc
17902,Este é de longe o meu lugar favorito no bairro.,positive,nha_hang
17903,Este restaurante foi muito superestimado.,negative,nha_hang
17904,Melhor restaurante no Brooklyn,positive,nha_hang
17905,"O serviço foi lento, mas as pessoas foram amigáveis.",negative,dich_vu
17905,"O serviço foi lento, mas as pessoas foram amigáveis.",positive,dich_vu
17906,"No entanto, acho que Jeckll and Hydes é um daqueles lugares que é divertido visitar uma vez.",positive,nha_hang
17907,O peixe estava realmente muito fresco.,positive,am_thuc
17908,Eu me diverti muito em Jekyll e Hyde!,positive,nha_hang
17909,"Nessa escala, é um sucesso mundial.",negative,nha_hang
17910,as bebidas são incríveis e com 50% de desconto até às 20h.,positive,am_thuc
17910,as bebidas são incríveis e com 50% de desconto até às 20h.,positive,gia_ca
17911,Esperei mais de uma hora por comida.,negative,dich_vu
17912,"Nas duas últimas vezes que pedi aqui, minha comida estava tão picante que mal consegui comer, e o tempero tirou o sabor do prato.",negative,am_thuc
17913,Haru no Parque S é simplesmente nojento.,negative,nha_hang
17914,"aqueles rolinhos eram grandes, mas não eram bons e rolinhos não era fresco.",positive,am_thuc
17914,"aqueles rolinhos eram grandes, mas não eram bons e rolinhos não era fresco.",negative,am_thuc
17915,"Este lugar é realmente moderno, mas eles se esqueceram da parte mais importante de um restaurante, a comida.",negative,am_thuc
17915,"Este lugar é realmente moderno, mas eles se esqueceram da parte mais importante de um restaurante, a comida.",positive,khong_gian
17916,Pacifico é um ótimo lugar para sair casualmente.,positive,nha_hang
17917,Não ficamos nem um pouco decepcionados com esta pequena joia.,positive,nha_hang
17918,Participei de um jantar de feriado no restaurante e a comida foi muito decepcionante.,negative,am_thuc
17919,Você deve passar o lula.,negative,am_thuc
17920,"Sua resposta foi presunçosa, arrogante e condescendente, totalmente consistente com seu comportamento demonstrado durante toda a noite.",negative,dich_vu
17921,"Se você já esteve ao longo do rio em Weehawken, você tem uma ideia do que o topo vista da casa de cartas tem a oferecer.",positive,vi_tri
17922,A única coisa mais maravilhosa que a comida (que é excepcional) é o serviço.,positive,am_thuc
17922,A única coisa mais maravilhosa que a comida (que é excepcional) é o serviço.,positive,dich_vu
17923,"curto e agradável – assentos é ótimo: é romântico, aconchegante e privado.",positive,khong_gian
17924,"Ela foi muito prestativa ao nos sugerir bebidas e nos ajudou a pedir muitas coisas boas pratos, já que não sabíamos nada sobre comida indiana.",positive,dich_vu
17924,"Ela foi muito prestativa ao nos sugerir bebidas e nos ajudou a pedir muitas coisas boas pratos, já que não sabíamos nada sobre comida indiana.",positive,am_thuc
17925,Os rolinhos são criativos e ainda não encontrei outro lugar de sushi que sirva comida mais criativa e deliciosa comida japonesa.,positive,am_thuc
17926,"Dei nota 4 em vez de 5 por causa do preço (apenas frango tikka masala - sem pão ou arroz - custa US$ 25), o que eu esperaria de um restaurante indiano sofisticado, mas este lugar não tem um ambiente sofisticado.",positive,nha_hang
17926,"Dei nota 4 em vez de 5 por causa do preço (apenas frango tikka masala - sem pão ou arroz - custa US$ 25), o que eu esperaria de um restaurante indiano sofisticado, mas este lugar não tem um ambiente sofisticado.",negative,gia_ca
17926,"Dei nota 4 em vez de 5 por causa do preço (apenas frango tikka masala - sem pão ou arroz - custa US$ 25), o que eu esperaria de um restaurante indiano sofisticado, mas este lugar não tem um ambiente sofisticado.",negative,khong_gian
17927,A pizza é cara e encharcada.,negative,am_thuc
17927,A pizza é cara e encharcada.,negative,gia_ca
17928,"A comida parecia muito apetitosa e deliciosa, pois vinha em uma variedade de pratos sofisticados.",positive,am_thuc
17929,"No geral, já estamos inventando desculpas para seguir em frente nas próximas semanas!!!",positive,nha_hang
17930,Sem dúvida a melhor pizza do planeta.,positive,am_thuc
17931,"nunca balançando, nunca ruim refeição, nunca ruim serviço ...",positive,nha_hang
17931,"nunca balançando, nunca ruim refeição, nunca ruim serviço ...",positive,am_thuc
17931,"nunca balançando, nunca ruim refeição, nunca ruim serviço ...",positive,dich_vu
17932,Os martinis são incríveis e têm preços muito justos.,positive,am_thuc
17932,Os martinis são incríveis e têm preços muito justos.,positive,gia_ca
17933,"Apesar da confusão espelhos, este provavelmente será meu lugar preferido para comida japonesa moderna no futuro próximo.",positive,am_thuc
17933,"Apesar da confusão espelhos, este provavelmente será meu lugar preferido para comida japonesa moderna no futuro próximo.",negative,khong_gian
17934,"No entanto, se você quer ótima comida a um ótimo preço e não se importa com a decoração, não há nada melhor que este lugar.",positive,am_thuc
17934,"No entanto, se você quer ótima comida a um ótimo preço e não se importa com a decoração, não há nada melhor que este lugar.",positive,gia_ca
17936,"Francamente, este é um dos piores sushi que já experimentei.",negative,am_thuc
17937,Que decepção...,negative,dich_vu
17938,Eu fui uma das pessoas que passou por essa experiência horrível.,negative,nha_hang
17939,Definitivamente vale a pena a viagem para Battery Park City!,positive,nha_hang
17940,Eu definitivamente recomendaria o SEA se você gosta de culinária tailandesa!,positive,am_thuc
17941,Já comi no Saul muitas vezes e a comida é sempre consistente e incrivelmente boa.,positive,am_thuc
17942,Big Wong recebe grandes elogios por um bom estabelecimento.,positive,nha_hang
17943,"O cordeiro estava macio e cheio de sabor, a sobremesa estava divina! !",positive,am_thuc
17944,Pizza e vinho eram excelentes -- o serviço também -- mas o que REALMENTE FEZ este lugar ser incrível foi a área de jantar no quintal.,positive,am_thuc
17944,Pizza e vinho eram excelentes -- o serviço também -- mas o que REALMENTE FEZ este lugar ser incrível foi a área de jantar no quintal.,positive,dich_vu
17945,A única reclamação é o preço — acredito que seria mais razoável pagar um dólar a menos em cada item listado no menu.,negative,gia_ca
17946,O nível de grosseria era absurdo.,negative,dich_vu
17947,O serviço também foi muito bom.,positive,dich_vu
17948,Experimente o lagosta teriyaki e o rolinho especial de rosas.,positive,am_thuc
17949,"Experimente de tudo, está tudo bem.",positive,am_thuc
17951,"Eles têm tudo: ótimo preço, comida e serviço.",positive,gia_ca
17951,"Eles têm tudo: ótimo preço, comida e serviço.",positive,am_thuc
17951,"Eles têm tudo: ótimo preço, comida e serviço.",positive,dich_vu
17952,"A decoração em madeira clara é muito relaxante, o saquê premium é excelente e o serviço é ótimo.",positive,khong_gian
17952,"A decoração em madeira clara é muito relaxante, o saquê premium é excelente e o serviço é ótimo.",positive,am_thuc
17952,"A decoração em madeira clara é muito relaxante, o saquê premium é excelente e o serviço é ótimo.",positive,dich_vu
17955,Tudo o que comemos era bom ou razoável... mas definitivamente nada de extraordinário.,neutral,am_thuc
17956,"Mais uma vez, sem desculpas, não há mais nada que eu possa lhe oferecer, não posso lhe oferecer uma bebida para compensar, nada!!!",negative,dich_vu
17957,Assista às talentosas dançarinas do ventre enquanto você saboreia um delicioso baba ganoush que tem mais sabor de limão do que defumado.,positive,am_thuc
17957,Assista às talentosas dançarinas do ventre enquanto você saboreia um delicioso baba ganoush que tem mais sabor de limão do que defumado.,positive,khong_gian
17958,"O serviço era divino, Ostras eram tão sensuais quanto pareciam, e o preço é imbatível!!!",positive,dich_vu
17958,"O serviço era divino, Ostras eram tão sensuais quanto pareciam, e o preço é imbatível!!!",positive,am_thuc
17958,"O serviço era divino, Ostras eram tão sensuais quanto pareciam, e o preço é imbatível!!!",positive,gia_ca
17959,Maravilhoso em época de férias.,positive,nha_hang
17960,"É ótimo, assim como o valor.",positive,am_thuc
17960,"É ótimo, assim como o valor.",positive,gia_ca
17961,"No geral, eu recomendaria e voltaria novamente.",positive,nha_hang
17962,mas no geral dou nota 10,positive,nha_hang
17963,Eu vou a muitos restaurantes diferentes e este é um lugar que você tem que experimentar.,positive,nha_hang
17964,Amigável equipe que realmente permite que você aproveite sua refeição e a companhia com quem está.,positive,dich_vu
17965,"É ótimo para um almoço rápido, sozinho ou com um amigo.",positive,nha_hang
17966,Fiquei surpreendentemente decepcionado.,negative,am_thuc
17968,O menu de saquê não deve ser esquecido!,positive,am_thuc
17969,"Muito `` normal comida indiana ``, mas muito bem feito.",neutral,am_thuc
17969,"Muito `` normal comida indiana ``, mas muito bem feito.",positive,am_thuc
17970,Há uma desvantagem se você fizer o pedido: os entregadores têm uma atitude IRREGULAR.,negative,dich_vu
17971,mas o serviço estava um pouco lento.,negative,dich_vu
17972,"O melhor de tudo é o ambiente acolhedor, o proprietário é super simpático e o serviço é rápido.",positive,khong_gian
17972,"O melhor de tudo é o ambiente acolhedor, o proprietário é super simpático e o serviço é rápido.",positive,dich_vu
17974,"Além disso, eu pessoalmente não sou fã de portobello e mole de aspargos.",negative,am_thuc
17975,"Não parece apetitoso, pois está coberto de tinta de lula e deixa seus lábios e dentes pretos, mas o sabor era fenomenal.",negative,am_thuc
17975,"Não parece apetitoso, pois está coberto de tinta de lula e deixa seus lábios e dentes pretos, mas o sabor era fenomenal.",positive,am_thuc
17976,"Eu realmente gosto tanto do vieiras quanto do mahi mahi (em risoto de açafrão, uma delícia!).",positive,am_thuc
17977,Experimente os pratos especiais do chef — eles são de comer e chorar por mais.,positive,am_thuc
17978,Foi o primeiro lugar que comemos na nossa primeira viagem a Nova York e será o último lugar que pararemos quando sairmos da cidade na nossa próxima viagem a Nova York.,positive,nha_hang
17979,As panelas individuais são do tamanho perfeito para aquelas noites de fome.,positive,am_thuc
17980,"Muito imaturo barman, não sabia como fazer bebidas específicas, serviço era muito lento, a comida não estava fresca nem quente, garçonetes estavam ocupadas flertando com os homens no bar e não eram muito atenciosas com todos os clientes.",negative,dich_vu
17980,"Muito imaturo barman, não sabia como fazer bebidas específicas, serviço era muito lento, a comida não estava fresca nem quente, garçonetes estavam ocupadas flertando com os homens no bar e não eram muito atenciosas com todos os clientes.",negative,am_thuc
17981,"As massas são incríveis, os risotos (principalmente o sépia) são fantásticos e o coelho assado é incrível.",positive,am_thuc
17982,"diversão incrível para os amantes de cachorro-quente de todas as idades. POR FAVOR, faça um favor a si mesmo e confira este lugar! ! ! !",positive,nha_hang
17982,"diversão incrível para os amantes de cachorro-quente de todas as idades. POR FAVOR, faça um favor a si mesmo e confira este lugar! ! ! !",positive,am_thuc
17983,"Somos muito exigentes com sushi e ficamos satisfeitos com todas as opções, que incluíam: mix de ceviche (especial), bolinhos de caranguejo, sashimis variados, sushi e rolinhos, dois tipos de saquê e tempura de banana.",positive,am_thuc
17984,"Bem, este lugar é tão gueto que nem é engraçado.",negative,khong_gian
17985,Encerramos nossa ótima experiência com Gulab Jamun (sobremesa) recomendado pelo garçom.,positive,am_thuc
17986,Boa comida: o meu preferido é o esparguete de marisco.,positive,am_thuc
17987,"No final, você acaba com uma conta justa e NADA ALÉM DE SE DIVERTIR MUITO!!!",positive,gia_ca
17987,"No final, você acaba com uma conta justa e NADA ALÉM DE SE DIVERTIR MUITO!!!",positive,nha_hang
17988,Voltarei para Suan em breve!,positive,nha_hang
17989,Ótimo bagels feito à moda antiga.,positive,am_thuc
17990,Não tinha sabor e a equipe é rude e pouco atenciosa.,negative,dich_vu
17990,Não tinha sabor e a equipe é rude e pouco atenciosa.,negative,am_thuc
17991,O design do espaço é bom.,positive,khong_gian
17992,"Tentei fazer reservas, mas nas duas vezes a anfitriã não tinha meu nome.",negative,dich_vu
17993,Quando você está sentado na sala de jantar principal (que tem um teto alto espetacular pintado à mão) você nunca saberia que existe um mundo lá fora.,positive,khong_gian
17994,"sinceramente, o pior sushi que meu marido e eu comemos em toda a nossa vida.",negative,am_thuc
17995,Big Wong é um ótimo lugar para comer e encher o estômago.,positive,nha_hang
17996,As bebidas são sempre bem feitas e seleção de vinhos tem preços justos.,positive,am_thuc
17996,As bebidas são sempre bem feitas e seleção de vinhos tem preços justos.,positive,gia_ca
17997,O serviço é rápido e amigável.,positive,dich_vu
17998,"Decoração tradicional francesa foi agradável, embora o salão fosse um pouco barulhento - o restaurante estava cheio e tivemos que levantar a voz para conseguir manter uma conversa.",positive,khong_gian
17998,"Decoração tradicional francesa foi agradável, embora o salão fosse um pouco barulhento - o restaurante estava cheio e tivemos que levantar a voz para conseguir manter uma conversa.",negative,khong_gian
17999,Este pequeno local de souvlaki em Astoria faz o que muitos consideram o melhor giroscópios de Nova York.,positive,am_thuc
18000,Os preços são maravilhosamente baixos.,positive,gia_ca
18001,Quando terminamos o jantar ainda não tínhamos recebido nenhuma bebida NEM narguilé!,negative,dich_vu
18002,"Depois da quarta vez, perguntei novamente e o garçom então disse depois do nosso jantar.",negative,dich_vu
18003,"Não sou necessariamente fanático por este lugar, mas foi um momento divertido para preços baixos.",positive,nha_hang
18003,"Não sou necessariamente fanático por este lugar, mas foi um momento divertido para preços baixos.",positive,gia_ca
18005,Esta foi uma visita repetida e definitivamente voltaremos novamente.,positive,nha_hang
18006,"Os sanduíches são secos, sem sabor e muito caros.",negative,am_thuc
18006,"Os sanduíches são secos, sem sabor e muito caros.",negative,gia_ca
18007,Vá ao Volare para primeira classe serviço e excelente comida.,positive,dich_vu
18007,Vá ao Volare para primeira classe serviço e excelente comida.,positive,am_thuc
18008,"As dosas são escassas, pouco atraentes e pingam gordura, e eu, pessoalmente, preferiria beber cobertura de pipoca do que comer outra dessas.",negative,am_thuc
18010,"quem quer que fosse a dupla de jazz, eles estavam no PONTO.",positive,khong_gian
18011,"Não queríamos uma garrafa de champanhe em um dia de semana, então cada um de nós pegou uma pequena (1 garrafa de Korbett), foi o suficiente.",positive,am_thuc
18012,Favorito Sushi em NYC,positive,am_thuc
18013,"Nas duas vezes fiquei extremamente decepcionado com o serviço, que foi quase rude.",negative,dich_vu
18014,"Mermaid Inn é um restaurante bom no geral, com frutos do mar muito bons.",positive,am_thuc
18014,"Mermaid Inn é um restaurante bom no geral, com frutos do mar muito bons.",positive,nha_hang
18015,"Quando saímos, nossas carteiras estavam vazias, assim como nossos estômagos, E perdemos o show que deveríamos ver depois do jantar, o que seria aceitável se tivéssemos aproveitado a experiência de uma boa comida dançarina do ventre!",negative,am_thuc
18015,"Quando saímos, nossas carteiras estavam vazias, assim como nossos estômagos, E perdemos o show que deveríamos ver depois do jantar, o que seria aceitável se tivéssemos aproveitado a experiência de uma boa comida dançarina do ventre!",negative,gia_ca
18015,"Quando saímos, nossas carteiras estavam vazias, assim como nossos estômagos, E perdemos o show que deveríamos ver depois do jantar, o que seria aceitável se tivéssemos aproveitado a experiência de uma boa comida dançarina do ventre!",negative,nha_hang
18016,Recomendo o lugar para amigos e sempre recebo boas respostas.,positive,nha_hang
18017,"A combinação de ingredientes super frescos nos pratos é inusitada, mas realmente deliciosa.",positive,am_thuc
18018,Estou relutante em escrever porque não quero que minha joia pizzaria fique superlotada.,positive,nha_hang
18019,Recebi um atendimento rápido serviço com um sorriso.,positive,dich_vu
18020,"Experimente o atum crocante, é de comer e chorar por mais.",positive,am_thuc
18021,Você vai acabar voltando com bastante frequência.,positive,nha_hang
18022,"O serviço aqui foi ótimo, A comida foi fantástica.",positive,dich_vu
18022,"O serviço aqui foi ótimo, A comida foi fantástica.",positive,am_thuc
18024,"Quando o prato principal finalmente chegou (mais 45 minutos), metade do nosso pedido estava faltando.",negative,dich_vu
18025,Adorei e RECOMENDO MUITO.,positive,nha_hang
18026,"Um local despretensioso em Park Slope, o sushi é consistentemente bom, o serviço é agradável, eficaz e despretensioso.",positive,khong_gian
18026,"Um local despretensioso em Park Slope, o sushi é consistentemente bom, o serviço é agradável, eficaz e despretensioso.",positive,am_thuc
18026,"Um local despretensioso em Park Slope, o sushi é consistentemente bom, o serviço é agradável, eficaz e despretensioso.",positive,dich_vu
18027,"Nos meses de verão, a área do jardim dos fundos é muito agradável.",positive,khong_gian
18029,"Recomendo muito os tacos de peixe, todo o resto estava ok.",positive,am_thuc
18029,"Recomendo muito os tacos de peixe, todo o resto estava ok.",neutral,am_thuc
18030,É definitivamente um bom local para lanches e bate-papo.,positive,nha_hang
18031,Reservei uma linda tenda de organza branca que incluía um menu fixo de quatro pratos que nós gostamos muito.,positive,am_thuc
18031,Reservei uma linda tenda de organza branca que incluía um menu fixo de quatro pratos que nós gostamos muito.,positive,khong_gian
18032,"Eu recomendaria o Roxy's por isso, mas não pela comida.",negative,am_thuc
18033,"Os mexilhões eram as coisas mais saborosas que já provei, o robalo era sem graça, a salada de queijo de cabra não tinha queijo de cabra, o penne com frango tinha espinhas... Era nojento.",negative,am_thuc
18034,Certifique-se de tentar isso lugar sempre que puder.,positive,nha_hang
18035,"Não sou vegetariano, mas quase todos os pratos eram ótimos.",positive,am_thuc
18036,Ótimo comida e os preços são muito razoáveis.,positive,am_thuc
18036,Ótimo comida e os preços são muito razoáveis.,positive,gia_ca
18037,Os preços são muito bons.,positive,gia_ca
18038,"Vá lá para um jantar romântico, mas não para uma experiência gastronômica incrível.",positive,khong_gian
18039,Eu definitivamente não voltaria.,negative,nha_hang
18040,A carta de vinhos é extensa e impressionante.,positive,am_thuc
18041,A carta de vinhos é extensa sem ser cara.,positive,am_thuc
18041,A carta de vinhos é extensa sem ser cara.,positive,gia_ca
18042,"Recentemente decidimos experimentar este local e, para nossa alegria, eles têm mesas ao ar livre, perfeito, já que eu estava com meu yorkie.",positive,khong_gian
18043,"A comida estava boa e razoável, nada que exigisse muita loucura.",neutral,am_thuc
18044,"Também pedi o Change Mojito, que era de outro mundo.",positive,am_thuc
18045,(Sempre peça ao barman a cerveja da ÉPOCA ! ! !,positive,am_thuc
18046,"carne é fresca, os molhos são ótimos, você ganha kimchi e uma salada grátis com sua refeição e serviço também é bom.",positive,am_thuc
18046,"carne é fresca, os molhos são ótimos, você ganha kimchi e uma salada grátis com sua refeição e serviço também é bom.",positive,dich_vu
18046,"carne é fresca, os molhos são ótimos, você ganha kimchi e uma salada grátis com sua refeição e serviço também é bom.",positive,gia_ca
18047,A pizza estava ótima.,positive,am_thuc
18048,Este é o melhor sushi da cidade de Nova York - sem dúvida.,positive,am_thuc
18049,"A comida aqui é muito boa, mas só se você quiser esperar por ela.",positive,am_thuc
18049,"A comida aqui é muito boa, mas só se você quiser esperar por ela.",negative,dich_vu
18051,Pena que a comida não era da mesma herança.,negative,am_thuc
18052,A equipe oferece um serviço impecável.,positive,dich_vu
18053,Eu pedi o especial de cordeiro que estava perfeito.,positive,am_thuc
18054,Os garçons são muito simpáticos.,positive,dich_vu
18055,"O tamanho das doses aqui é enorme, e o sushi é bom.",positive,am_thuc
18056,Apreciei uma muito boa Salada Caesar enquanto minha esposa comeu rúcula e queijo de cabra... ambos muito saborosos.,positive,am_thuc
18058,Eu NUNCA retornarei.,negative,nha_hang
18059,A comida está tão boa como sempre.,positive,am_thuc
18060,"O resto do dim sum, embora caro para os padrões de Chinatown, vale a pena.",negative,gia_ca
18060,"O resto do dim sum, embora caro para os padrões de Chinatown, vale a pena.",positive,am_thuc
18061,Sopa de macarrão com carne também é boa.,positive,am_thuc
18063,"Ótimo comida, incrível serviço, este lugar é uma atração de classe.",positive,am_thuc
18063,"Ótimo comida, incrível serviço, este lugar é uma atração de classe.",positive,dich_vu
18063,"Ótimo comida, incrível serviço, este lugar é uma atração de classe.",positive,nha_hang
18064,"Todos os pratos variados pratos gregos e cipriotas são excelentes, mas o giroscópio é o motivo para vir -- se você não comer um, sua viagem foi desperdiçada.",positive,am_thuc
18065,Fresco ingredientes e tudo feito sob encomenda.,positive,am_thuc
18066,"o pad se ew chicken estava delicioso, porém o pad thai estava muito oleoso.",positive,am_thuc
18066,"o pad se ew chicken estava delicioso, porém o pad thai estava muito oleoso.",negative,am_thuc
18067,O (menu Preço Fixo) vale cada centavo e você recebe mais do que o suficiente (tanto em quantidade quanto em qualidade).,positive,am_thuc
18067,O (menu Preço Fixo) vale cada centavo e você recebe mais do que o suficiente (tanto em quantidade quanto em qualidade).,positive,gia_ca
18068,"É só você e seu par e um ocasional e fofo ""com licença"" antes que o garçom abra a pequena cortina da sua mesa!",positive,dich_vu
18069,Bom para uma ocasião especial.,positive,nha_hang
18070,"De alguma forma, trabalhar o charme italiano com mille grazie constante não constitui um serviço adequado serviço.",negative,dich_vu
18071,"Eles estavam secos e nojentos, eu nem terminei minha primeira peça.",negative,am_thuc
18072,É muito divertido com entretenimento ao vivo e todos os tipos de efeitos especiais do tipo Disney.,positive,khong_gian
18073,"ambiente agradável, o serviço foi muito agradável e a sobremesa estava boa.",positive,khong_gian
18073,"ambiente agradável, o serviço foi muito agradável e a sobremesa estava boa.",positive,dich_vu
18073,"ambiente agradável, o serviço foi muito agradável e a sobremesa estava boa.",positive,am_thuc
18074,"Depois disso, ela simplesmente pegou nossos pratos, foi embora e voltou VINTE minutos depois com a conta e o frango nela!!!",negative,dich_vu
18075,"É apenas normal, apenas picado, sem tempero.",negative,am_thuc
18077,Um orgânico incrível cachorro e um ecologicamente correto e consciente estabelecimento.,positive,am_thuc
18077,Um orgânico incrível cachorro e um ecologicamente correto e consciente estabelecimento.,positive,nha_hang
18078,Recomendo muito esse lindo lugar.,positive,khong_gian
18078,Recomendo muito esse lindo lugar.,positive,nha_hang
18079,Menos de três minutos se passaram antes que eu me visse curvado sobre o vaso sanitário.,negative,am_thuc
18080,"Também não há muita coisa seleção de cerveja engarrafada, fomos com Brahma.",negative,am_thuc
18081,"porém, é o serviço que deixa um gosto ruim na minha boca.",negative,dich_vu
18082,"Eles deveriam ter chamado de mascarpone com gotas de chocolate - bom, mas muito diferente do que o nome sugere.",negative,am_thuc
18083,Este lugar tem o melhor estilo chinês costela assada da cidade.,positive,am_thuc
18084,O melhor !,positive,nha_hang
18085,Este lugar sobrevive apenas com base na reputação.,negative,nha_hang
18086,A decoração é horrível... mas eles REALMENTE precisam limpar aquela ventilação no teto... é bem desagradável e acaba com seu esforço de fazer esse lugar parecer elegante e moderno.,negative,khong_gian
18087,"O garçom foi atencioso, a comida estava deliciosa e as vistas da cidade eram ótimas.",positive,dich_vu
18087,"O garçom foi atencioso, a comida estava deliciosa e as vistas da cidade eram ótimas.",positive,am_thuc
18087,"O garçom foi atencioso, a comida estava deliciosa e as vistas da cidade eram ótimas.",positive,vi_tri
18088,"Ambiente é delicioso, serviço impecável.",positive,khong_gian
18088,"Ambiente é delicioso, serviço impecável.",positive,dich_vu
18089,A única coisa que chama a atenção é a decoração? (não muito agradável).,negative,khong_gian
18090,"Delicado especiarias, cebolas, ovos e um arrasador roti.",positive,am_thuc
18091,"A comida estava deliciosa (eu comi um especial de alabote, meu marido comeu bife) e o serviço foi de primeira qualidade.",positive,am_thuc
18091,"A comida estava deliciosa (eu comi um especial de alabote, meu marido comeu bife) e o serviço foi de primeira qualidade.",positive,dich_vu
18092,"os garçons são muito simpáticos, eles fazem você se sentir como se estivesse comendo em uma pequena e simpática cidade europeia.",positive,dich_vu
18093,Grande aprovação!,positive,nha_hang
18094,O aniversário do meu marido e do meu filho não foi como planejado... e dirigimos duas horas para gastar muito dinheiro e sermos tratados de forma horrível!,negative,gia_ca
18094,O aniversário do meu marido e do meu filho não foi como planejado... e dirigimos duas horas para gastar muito dinheiro e sermos tratados de forma horrível!,negative,dich_vu
18095,"A atmosfera era muito boa, mas tinha algumas deficiências, que ele tenta compensar com um esquema de espelhos maluco.",negative,khong_gian
18096,"Foi servido com pele, sobre uma cama de batatas extremamente mal cozidas espinafre e purê.",negative,am_thuc
18097,"Este lugar é totalmente estranho decoração, escadas que levam até paredes espelhadas - Estou surpreso como ninguém ainda quebrou a cabeça ou caiu da escada - paredes espelhadas deixam você tonto e delirante...",negative,khong_gian
18098,"A comida é incrível, rica massas e com massa fresca pizza.",positive,am_thuc
18099,"limitado menu, não tão fresco ingredientes, fatiado finamente peixe, desmanchado arroz.",negative,am_thuc
18100,"Gosto do somosas, chai e do chole, mas o dhosas e o dhal foram meio decepcionantes.",positive,am_thuc
18100,"Gosto do somosas, chai e do chole, mas o dhosas e o dhal foram meio decepcionantes.",negative,am_thuc
18101,Comida é ótima.,positive,am_thuc
18102,"Os cachorros-quentes são bons, sim, mas o motivo para vir aqui é o fantástico sanduíche de croquete de porco, perfeito no seu pãozinho macio de supermercado pãozinho.",positive,am_thuc
18103,Eu recomendo muito.,positive,nha_hang
18105,Sempre bom bebidas e serviço é muito bom;,positive,am_thuc
18105,Sempre bom bebidas e serviço é muito bom;,positive,dich_vu
18106,Recomendo muito!,positive,nha_hang
18107,"Eles não são nada úteis e vão te dar uma surra, então quando a data do evento chegar você não só vai se arrepender de ter escolhido esse lugar, mas também vai se tornar hostil!",negative,dich_vu
18108,Os preços eram BARATOS comparados à qualidade do serviço e da comida.,positive,gia_ca
18109,não é consistente.,negative,nha_hang
18110,A comida é incrível... especialmente se você escolher o menu degustação do chef e sua garrafa favorita (ou duas!) de vinho de uma extensa seleção de vinhos.,positive,am_thuc
18111,A pior desculpa para comida japonesa que já encontrei.,negative,nha_hang
18112,Pretendo passar por lá na semana que vem também.,positive,nha_hang
18113,o desprezo arrogante está em .,negative,dich_vu
18114,Alguém recomendou a sobremesa - também deixamos isso.,negative,am_thuc
18115,Este é o local perfeito para casais em Williamsburg.,positive,nha_hang
18116,Interno era muito aconchegante e fofo.,positive,khong_gian
18117,A única bebida que recebemos foi água em copos sujos!,negative,dich_vu
18118,É um dos nossos lugares favoritos para comer em Nova York.,positive,nha_hang
18119,Saladas são uma maneira deliciosa de começar a refeição.,positive,am_thuc
18120,Não voltarei novamente com certeza!,negative,nha_hang
18121,Este lugar me arruinou para o bairro sushi.,positive,am_thuc
18122,Eu e minhas meninas definitivamente voltaremos.,positive,nha_hang
18123,"A grande seleção de bruschettas, paninis, tramezzinis evita que o paladar fique estagnado.",positive,am_thuc
18124,NUNCA TIVE UMA EXPERIÊNCIA TÃO DESAGRADÁVEL.,negative,nha_hang
18125,"Pedimos o especial robalo grelhado, que estava tão cheio de osso que era difícil de comer.",negative,am_thuc
18126,A vitela e os cogumelos foram cozinhados na perfeição.,positive,am_thuc
18127,Minha amiga devorou ela frango e purê de batatas.,positive,am_thuc
18128,"A comida é toda compartilhada, então podemos pedir e comer juntos.",positive,am_thuc
18129,E realmente grandes porções.,positive,am_thuc
18130,"Não é barato, mas é muito gostoso.",negative,gia_ca
18130,"Não é barato, mas é muito gostoso.",positive,am_thuc
18131,"Gostaria que NY tivesse mais lugares assim: intimistas, excelentes comida, caseiros, de primeira qualidade em todos os aspectos, certamente vale a pena esperar.",positive,khong_gian
18131,"Gostaria que NY tivesse mais lugares assim: intimistas, excelentes comida, caseiros, de primeira qualidade em todos os aspectos, certamente vale a pena esperar.",positive,am_thuc
18131,"Gostaria que NY tivesse mais lugares assim: intimistas, excelentes comida, caseiros, de primeira qualidade em todos os aspectos, certamente vale a pena esperar.",positive,nha_hang
18132,"Toda a estrutura é realmente pouco profissional e eu gostaria que Café Noir tivesse uma boa equipe, porque apesar da atual, este é um ótimo lugar.",negative,dich_vu
18132,"Toda a estrutura é realmente pouco profissional e eu gostaria que Café Noir tivesse uma boa equipe, porque apesar da atual, este é um ótimo lugar.",positive,nha_hang
18133,"O atendimento é sempre rápido, embora o restaurante fique cheio à noite.",positive,dich_vu
18134,"O DJ é incrível, fui lá no meu aniversário e várias outras vezes com amigos e continuo voltando.",positive,khong_gian
18134,"O DJ é incrível, fui lá no meu aniversário e várias outras vezes com amigos e continuo voltando.",positive,nha_hang
18135,"O anti-massa estava excelente, especialmente o lula, assim como o recheio massa principal.",positive,am_thuc
18136,Uma ótima escolha a qualquer custo e um ótimo negócio.,positive,nha_hang
18136,Uma ótima escolha a qualquer custo e um ótimo negócio.,positive,gia_ca
18137,adoro a comida.,positive,am_thuc
18138,O motivo de haver 4 resultados diferentes no citysearch para o mesmo lugar é porque eles continuam tentando iniciar um novo tópico para poder enchê-lo com avaliações positivas.,negative,nha_hang
18139,Ela apenas assentiu e foi embora.,negative,dich_vu
18140,"Não só a culinária é a melhor da região, como o serviço sempre foi atencioso e charmoso.",positive,am_thuc
18140,"Não só a culinária é a melhor da região, como o serviço sempre foi atencioso e charmoso.",positive,dich_vu
18141,"grande demais para apenas duas pessoas, mas não sobrou nada.",negative,am_thuc
18141,"grande demais para apenas duas pessoas, mas não sobrou nada.",positive,am_thuc
18142,"Não parecíamos com os outros clientes, então, infelizmente, acho que isso pode ter sido parte do problema.",negative,nha_hang
18143,"Se você é o tipo de pessoa que gosta de se assustar e se divertir, este é um ótimo lugar para ir e comer.",positive,nha_hang
18144,Os sabores são incríveis e o valor é fenomenal.,positive,am_thuc
18144,Os sabores são incríveis e o valor é fenomenal.,positive,gia_ca
18145,Ambiente relaxado e elegante.,positive,khong_gian
18146,Recomendo muito visitar este restaurante e jantar e beber!,positive,nha_hang
18147,Recebi um grupo enorme no meu aniversário e fomos bem atendidos.,positive,dich_vu
18148,Basta ir até Yamato e pedir o Red Dragon Roll.,positive,nha_hang
18149,"O macarrão estava bem cozido, mas não tinha molho ou sabor suficiente.",positive,am_thuc
18149,"O macarrão estava bem cozido, mas não tinha molho ou sabor suficiente.",negative,am_thuc
18150,O vinho e o serviço também foram muito bons.,positive,am_thuc
18150,O vinho e o serviço também foram muito bons.,positive,dich_vu
18151,Suan é um ótimo lugar para onde costumo levar meus amigos (colegas de classe).,positive,nha_hang
18152,De longe o melhor salada que já comi em um restaurante de fast food.,positive,am_thuc
18153,Eu recomendo fortemente.,positive,nha_hang
18154,Muito abaixo da média,negative,nha_hang
18155,"Ambiente é tão fofo e pitoresco, bom para negócios, embora estivéssemos lá de férias.",positive,khong_gian
18156,A comida é ótima e barata.,positive,am_thuc
18156,A comida é ótima e barata.,positive,gia_ca
18157,"Incrível Pizza, especialmente a Fatia de Margheritta.",positive,am_thuc
18158,"(O aspargos, óleo de trufas, bruschetta de parmesão é um vencedor!)",positive,am_thuc
18159,"Considerando que você gastará pelo menos US$ 60 por pessoa, espero um serviço melhor.",negative,dich_vu
18160,"Se você quer comida boa e autêntica tailandesa, este não é o lugar para ir.",negative,am_thuc
18161,"Ao longo dos últimos 3 meses, o chef e equipe mudaram e não foi para melhor.",negative,am_thuc
18161,"Ao longo dos últimos 3 meses, o chef e equipe mudaram e não foi para melhor.",negative,dich_vu
18162,"Experimente o congee e a massa frita tipo donut que eles chamam de Ow Ley Soh, um pão delicioso e doce.",positive,am_thuc
18163,Poderíamos ter feito uma refeição deliciosa bolinhos do menu de bolinhos.,positive,am_thuc
18164,O cenário é casual e romântico.,positive,khong_gian
18165,O sushi parecia bem fresco e tinha proporções adequadas.,positive,am_thuc
18166,Ótimo bairro conjunto.,positive,nha_hang
18167,"A comida era incrível - adoro comida indiana e como regularmente, mas posso dizer que esta é uma das melhores que já comi.",positive,am_thuc
18168,"Embora estivesse lotado na maioria das vezes que fui lá, Bark sempre entrega o que promete comida.",positive,am_thuc
18168,"Embora estivesse lotado na maioria das vezes que fui lá, Bark sempre entrega o que promete comida.",neutral,nha_hang
18169,"Não era como se este restaurante tivesse algum motivo de orgulho antes, mas agora é simplesmente repulsivo.",negative,nha_hang
18170,o melhor!,positive,nha_hang
18171,"Olha, os aperitivos estavam realmente bons.",positive,am_thuc
18172,"Pastas e Coberturas são ótimas, embora um pouco caras.",positive,am_thuc
18172,"Pastas e Coberturas são ótimas, embora um pouco caras.",negative,gia_ca
18173,Ainda estou bravo por ter que pagar por uma péssima comida.,negative,am_thuc
18174,"Bem próximo ao L no Brooklyn, este é um lugar agradável e aconchegante lugar com boa pizza.",positive,am_thuc
18174,"Bem próximo ao L no Brooklyn, este é um lugar agradável e aconchegante lugar com boa pizza.",positive,khong_gian
18175,Um restaurante egípcio lindamente projetado e sonhador que fica lindo à noite.,positive,khong_gian
18176,Prato de queijos é uma delícia variada e uma ótima pechincha por US$ 10.,positive,am_thuc
18176,Prato de queijos é uma delícia variada e uma ótima pechincha por US$ 10.,positive,gia_ca
18177,Estive lá para um brunch recentemente e fomos acompanhados por uma garçonete e um garçom.,negative,dich_vu
18179,"Como BFC não aceita reservas, você quase sempre tem que esperar no bar - e ser maltratado pela equipe da recepção até ser acomodado, o que pode levar mais de uma hora!",negative,nha_hang
18179,"Como BFC não aceita reservas, você quase sempre tem que esperar no bar - e ser maltratado pela equipe da recepção até ser acomodado, o que pode levar mais de uma hora!",negative,dich_vu
18180,"E foi rápido, o que é muito importante.",positive,dich_vu
18182,Os sabores são fortes e sutis.,positive,am_thuc
18183,Simplesmente não é nada bom.,negative,am_thuc
18184,"Ótimo local, seja para tomar uns drinques ou para um jantar tranquilo.",positive,nha_hang
18185,"As bebidas são ótimas, especialmente quando feitas por Raymond.",positive,am_thuc
18185,"As bebidas são ótimas, especialmente quando feitas por Raymond.",positive,dich_vu
18186,"Os pratos oferecidos eram únicos, muito saborosos e frescos, desde as salsichas de cordeiro, sardinhas com biscoitos, camarões inteiros grandes até o incrível sorvete de pistache (o melhor e mais fresco que já comi).",positive,am_thuc
18187,"Depois de tudo isso, eles reclamaram comigo sobre a pequena gorjeta.",negative,dich_vu
18188,Experimente e divirta-se.,positive,nha_hang
18189,"Quando a conta chegou, não havia nada de cortesia, então eu disse ao gerente muito educadamente que estávamos dispostos a pagar pelo vinho, mas não achava que teria que pagar por comida com larva.",negative,dich_vu
18190,A comida é ótima e eles têm uma boa seleção de vinhos a preços razoáveis.,positive,am_thuc
18190,A comida é ótima e eles têm uma boa seleção de vinhos a preços razoáveis.,positive,gia_ca
18191,"Está um pouco fora do nosso orçamento para jantar lá, exceto em ocasiões especiais, mas comemos lá 6 vezes nos últimos 2 anos.",negative,gia_ca
18193,A garçonete foi muito paciente conosco e a comida é fenomenal!,positive,dich_vu
18193,A garçonete foi muito paciente conosco e a comida é fenomenal!,positive,am_thuc
18194,"Surpreendentemente, nada poderia estar mais longe da verdade.",positive,nha_hang
18195,Ótimo pizza para almoço.,positive,am_thuc
18196,comida estava morna.,negative,am_thuc
18197,"A comida que eles servem não é reconfortante, não é apetitosa e é crua.",negative,am_thuc
18198,"O entretenimento foi ótimo, eles têm shows que acontecem durante todo o jantar.",positive,khong_gian
18199,Confira o segredo sala dos fundos.,positive,khong_gian
18200,O salmão fumado também está sempre fresco.,positive,am_thuc
18201,Este é um ótimo lugar para levar visitantes e perfeito para assistir ao pôr do sol.,positive,vi_tri
18202,Eu esperava muito mais de um lugar tão caro menu.,negative,gia_ca
18202,Eu esperava muito mais de um lugar tão caro menu.,negative,am_thuc
18203,"as saladas são deliciosas, refrescantes e muito picantes.",positive,am_thuc
18204,Também muito barato.,positive,gia_ca
18205,O lugar era tranquilo e agradável.,positive,khong_gian
18206,Boa experiência,positive,nha_hang
18207,"Ainda assim, quaisquer reclamações sobre a conta foram compensadas pelo serviço ""sirva-se"" (3 medidas de licores), cortesia da casa...",neutral,gia_ca
18207,"Ainda assim, quaisquer reclamações sobre a conta foram compensadas pelo serviço ""sirva-se"" (3 medidas de licores), cortesia da casa...",positive,am_thuc
18208,Pensei que tinha morrido e ido para o céu.,positive,am_thuc
18209,"Comida indo-chinesa, muito boa...",positive,am_thuc
18210,até o vinho a copo era bom.,positive,am_thuc
18211,"O lugar tem um decoração agradável, alguns móveis atraentes e, pelo que pude perceber, uma carta de vinhos razoável (me deram o menu de comida quando pedi a carta de vinhos).",positive,khong_gian
18211,"O lugar tem um decoração agradável, alguns móveis atraentes e, pelo que pude perceber, uma carta de vinhos razoável (me deram o menu de comida quando pedi a carta de vinhos).",positive,am_thuc
18212,Este lugar tem que ser o melhor restaurante japonês na área de Nova York.,positive,nha_hang
18213,"Rao é um bom restaurante, mas não é nada especial.",neutral,nha_hang
18214,A única desvantagem disso restaurante são os preços.,negative,gia_ca
18215,"As porções são pequenas, mas o fato de a comida ser tão boa compensa.",negative,am_thuc
18215,"As porções são pequenas, mas o fato de a comida ser tão boa compensa.",positive,am_thuc
18216,A única coisa que meu amigo deixou de fora é que quando nos sentamos no bar o barman desapareceu.,negative,dich_vu
18217,Preço na faixa intermediária superior.,negative,gia_ca
18218,A comida é muito barata e os garçons são simpáticos.,positive,gia_ca
18218,A comida é muito barata e os garçons são simpáticos.,positive,dich_vu
18219,"Com exceção da nossa salada de limão que tinha tanta pimenta que nossos olhos começaram a lacrimejar, a comida aqui era decente, não ótima.",neutral,am_thuc
18219,"Com exceção da nossa salada de limão que tinha tanta pimenta que nossos olhos começaram a lacrimejar, a comida aqui era decente, não ótima.",negative,am_thuc
18220,"O serviço foi extremamente rápido e atencioso (graças ao botão de serviço na sua mesa), mas mal percebi uma palavra quando o empregado de mesa anotou o nosso pedido.",positive,dich_vu
18220,"O serviço foi extremamente rápido e atencioso (graças ao botão de serviço na sua mesa), mas mal percebi uma palavra quando o empregado de mesa anotou o nosso pedido.",negative,dich_vu
18221,"Minha quesadilla tinha gosto de comida feita por uma criança de três anos, sem noção de proporção ou sabor.",negative,am_thuc
18222,"Os ambos não são tão pequenos quanto algumas avaliações fazem parecer, eles são perfeitos para duas pessoas.",positive,khong_gian
18223,Até meu amigo indiano não conseguia acreditar em quão bom e saboroso tudo era.,positive,am_thuc
18224,"Alguém poderia pensar que receberíamos um pedido de desculpas ou bebidas de cortesia, mas em vez disso, fomos abordados por um esnobe garçom que nem sequer anotou nossos pedidos por 15 minutos e nos repreendeu quando pedimos.",negative,dich_vu
18225,Nunca comi um serviço ruim e o peixe é fresco e delicioso.,positive,dich_vu
18225,Nunca comi um serviço ruim e o peixe é fresco e delicioso.,positive,am_thuc
18226,"Há outra garota que não consigo descrever, ela tem cerca de 1,68 m, cabelos castanhos, que escuta sua conversa e dá sua opinião - exceto que ela só ouve a última parte do que você diz, então suas opiniões não solicitadas geralmente estão fora de contexto e não têm nada a ver com o que você está *realmente* falando.",negative,dich_vu
18227,"Fabuloso decoração - faz você se sentir como se estivesse em um restaurante moderno de Manhattan, muito, muito bom comida, preço baixo, geralmente amigável equipe e se você é um morador de Manhattan ou passa a maior parte do tempo em Manhattan, Rice Avenue fará você se sentir em casa... muito Soho/Village/Upper West Side, sem os preços altos e a clientela pretensiosa... tudo na Roosevelt Avenue!",positive,khong_gian
18227,"Fabuloso decoração - faz você se sentir como se estivesse em um restaurante moderno de Manhattan, muito, muito bom comida, preço baixo, geralmente amigável equipe e se você é um morador de Manhattan ou passa a maior parte do tempo em Manhattan, Rice Avenue fará você se sentir em casa... muito Soho/Village/Upper West Side, sem os preços altos e a clientela pretensiosa... tudo na Roosevelt Avenue!",positive,am_thuc
18227,"Fabuloso decoração - faz você se sentir como se estivesse em um restaurante moderno de Manhattan, muito, muito bom comida, preço baixo, geralmente amigável equipe e se você é um morador de Manhattan ou passa a maior parte do tempo em Manhattan, Rice Avenue fará você se sentir em casa... muito Soho/Village/Upper West Side, sem os preços altos e a clientela pretensiosa... tudo na Roosevelt Avenue!",positive,gia_ca
18227,"Fabuloso decoração - faz você se sentir como se estivesse em um restaurante moderno de Manhattan, muito, muito bom comida, preço baixo, geralmente amigável equipe e se você é um morador de Manhattan ou passa a maior parte do tempo em Manhattan, Rice Avenue fará você se sentir em casa... muito Soho/Village/Upper West Side, sem os preços altos e a clientela pretensiosa... tudo na Roosevelt Avenue!",positive,dich_vu
18227,"Fabuloso decoração - faz você se sentir como se estivesse em um restaurante moderno de Manhattan, muito, muito bom comida, preço baixo, geralmente amigável equipe e se você é um morador de Manhattan ou passa a maior parte do tempo em Manhattan, Rice Avenue fará você se sentir em casa... muito Soho/Village/Upper West Side, sem os preços altos e a clientela pretensiosa... tudo na Roosevelt Avenue!",positive,vi_tri
18228,"Ótimo comida, ótimo decoração, ótimo serviço.",positive,am_thuc
18228,"Ótimo comida, ótimo decoração, ótimo serviço.",positive,khong_gian
18228,"Ótimo comida, ótimo decoração, ótimo serviço.",positive,dich_vu
18229,"Eles não se preocupam muito com a saúde do cliente, só querem ganhar dinheiro.",negative,nha_hang
18231,Nós definitivamente voltaremos.,positive,nha_hang
18232,"Quando morei no interior por um tempo, eu comprava os bagels congelados e eles ainda eram melhores do que qualquer outro.",positive,am_thuc
18233,Excelente bolinhos servido em ambiente limpo e chique decoração.,positive,am_thuc
18233,Excelente bolinhos servido em ambiente limpo e chique decoração.,positive,khong_gian
18234,"Os bagels deles são bons, mas são um pouco cozidos demais e não são realmente uma experiência especial de bagel.",negative,am_thuc
18235,Ravioli estava bom... mas devo dizer que achei tudo um pouco caro.,positive,am_thuc
18235,Ravioli estava bom... mas devo dizer que achei tudo um pouco caro.,negative,gia_ca
18236,Acho que a pizza é superestimada e estava malpassada.,negative,am_thuc
18237,"Fizemos uma viagem de 3 dias farra de ostras, com Fish encerrando a conversa, e estou muito feliz que foi aqui que minha viagem terminou, porque foi ótima!",positive,nha_hang
18238,"O lugar é um pouco escondido, mas quando você chega lá, vale a pena.",neutral,vi_tri
18238,"O lugar é um pouco escondido, mas quando você chega lá, vale a pena.",positive,nha_hang
18239,"Este é o lugar perfeito  para encontrar amigos, almoçar, jantar, tomar um drinque antes ou depois do teatro!",positive,nha_hang
18240,"Eu descobri Village Underground por acidente, agora vou lá sempre.",positive,nha_hang
18241,"Rude serviço, medíocre comida ... há muitos restaurantes em NY ... fique longe deste",negative,dich_vu
18241,"Rude serviço, medíocre comida ... há muitos restaurantes em NY ... fique longe deste",neutral,am_thuc
18241,"Rude serviço, medíocre comida ... há muitos restaurantes em NY ... fique longe deste",negative,nha_hang
18242,"Dei uma mordida no de US$ 24 salmão e, nos 17 anos em que frequento restaurantes, nunca senti um sabor tão forte de peixe, tão seco e tão insosso quanto o da Flatbush Farms.",negative,am_thuc
18242,"Dei uma mordida no de US$ 24 salmão e, nos 17 anos em que frequento restaurantes, nunca senti um sabor tão forte de peixe, tão seco e tão insosso quanto o da Flatbush Farms.",negative,gia_ca
18243,Eu me senti como se estivesse comendo em Paris.,positive,am_thuc
18244,"O do meu marido ficou perfeito, o meu ficou bem passado e seco.",positive,am_thuc
18244,"O do meu marido ficou perfeito, o meu ficou bem passado e seco.",negative,am_thuc
18245,Não fiquei impressionado com a comida.,negative,am_thuc
18246,"O macarrão penne era bem amanteigado, cremoso, o que significa uma tarefa difícil de digerir... saboroso no começo, mas eu diria que fiquei satisfeito com uma fatia de pizza e 7 para contar, penne... fiquei um pouco mal-humorado depois porque estava empanturrado... rsrs",negative,am_thuc
18248,Saul é o melhor restaurante na Smith Street e no Brooklyn.,positive,nha_hang
18249,Primeiro fui aqui para aproveitar o terraço com jardim.,positive,khong_gian
18250,Eu/nós nunca mais voltaremos a este lugar.,negative,nha_hang
18251,às vezes sou bom comida e razoável serviço.,positive,am_thuc
18251,às vezes sou bom comida e razoável serviço.,neutral,dich_vu
18252,"Mais uma vez, eu ficaria super chateado se fosse meu funcionário.",negative,dich_vu
18253,"Tudo foi maravilhoso; comida, bebidas, equipe, milleau.",positive,am_thuc
18253,"Tudo foi maravilhoso; comida, bebidas, equipe, milleau.",positive,dich_vu
18253,"Tudo foi maravilhoso; comida, bebidas, equipe, milleau.",positive,khong_gian
18254,Para um casamento fabuloso!,positive,nha_hang
18255,"Tudo é sempre preparado com perfeição, o serviço é excelente, a decoração é bacana e discreta.",positive,am_thuc
18255,"Tudo é sempre preparado com perfeição, o serviço é excelente, a decoração é bacana e discreta.",positive,dich_vu
18255,"Tudo é sempre preparado com perfeição, o serviço é excelente, a decoração é bacana e discreta.",positive,khong_gian
18256,Vou lá desde que abriu e não me canso.,positive,nha_hang
18257,delicioso simples comida em ambiente agradável ao ar livre.,positive,am_thuc
18257,delicioso simples comida em ambiente agradável ao ar livre.,positive,khong_gian
18258,Achamos que este lugar está usando muito MSG na culinária alimentos.,negative,am_thuc
18259,"Todos estavam sorrindo, o que me fez sentir bem-vindo.",positive,dich_vu
18260,Garantidamente uma experiência saborosa! ),positive,am_thuc
18261,"Como um hipster aposentado, posso dizer com algum grau de certeza que o Lucky Strike tem sido o melhor bar noturno tranquilo da cidade no último ano .",positive,nha_hang
18262,Altamente recomendado!,positive,nha_hang
18263,"O serviço varia de dia para dia - às vezes eles são muito bons, às vezes não.",negative,dich_vu
18264,Este lugar tem o ambiente correto e uma equipe excelente para fazer você se sentir um hóspede e um amigo ao mesmo tempo.,positive,khong_gian
18264,Este lugar tem o ambiente correto e uma equipe excelente para fazer você se sentir um hóspede e um amigo ao mesmo tempo.,positive,dich_vu
18265,A comida era sem graça e oleosa.,negative,am_thuc
18266,Simplesmente algo saboroso comida chinesa a preços incríveis...,positive,am_thuc
18266,Simplesmente algo saboroso comida chinesa a preços incríveis...,positive,gia_ca
18267,"Minha mãe me apresentou a este lugar originalmente, mas até ela (sendo indiana) acha que a comida pode ser um pouco picante e muito oleosa.",negative,am_thuc
18268,"Ótimo serviço, ótimo comida.",positive,dich_vu
18268,"Ótimo serviço, ótimo comida.",positive,am_thuc
18269,Acolhedor e amigável no inverno e fantástico mesas ao ar livre nos meses mais quentes.,positive,khong_gian
18270,Serviço simpático e atencioso.,positive,dich_vu
18271,"Para ser completamente justo, o único fator redentor foi comida, que estava acima da média, mas não conseguiu compensar todas as outras deficiências de Teodora.",positive,am_thuc
18271,"Para ser completamente justo, o único fator redentor foi comida, que estava acima da média, mas não conseguiu compensar todas as outras deficiências de Teodora.",negative,nha_hang
18272,"A comida chegou 20 minutos depois que liguei, fria e encharcada.",negative,am_thuc
18272,"A comida chegou 20 minutos depois que liguei, fria e encharcada.",negative,dich_vu
18273,altamente recomendado.,positive,nha_hang
18274,O pessoal foi o mais amigável que já vi em Nova York.,positive,dich_vu
18275,O peixe não estava fresco e o arroz tinha gosto de velho e velho.,negative,am_thuc
18277,"Comida estava boa, nada demais.",neutral,am_thuc
18278,"Este foi o acompanhamento perfeito, tranquilo, relaxante e delicioso para nossa tarde de teatro.",positive,am_thuc
18278,"Este foi o acompanhamento perfeito, tranquilo, relaxante e delicioso para nossa tarde de teatro.",positive,khong_gian
18279,"Embora o lugar não seja bonito, a comida fala por si.",negative,khong_gian
18279,"Embora o lugar não seja bonito, a comida fala por si.",positive,am_thuc
18280,Minha esposa e eu comemos aqui no começo desta semana e não paramos de reclamar e falar muito sobre a comida.,positive,am_thuc
18281,A carta de vinhos também é muito boa.,positive,am_thuc
18282,"Este é um lugar maravilhoso  em todos os aspectos, especialmente em termos de custo-benefício.",positive,gia_ca
18282,"Este é um lugar maravilhoso  em todos os aspectos, especialmente em termos de custo-benefício.",positive,nha_hang
18283,"Ótimo seleção de vinhos, Gigondas vale o preço, e o champanhe da casa tem um ótimo custo-benefício.",positive,am_thuc
18283,"Ótimo seleção de vinhos, Gigondas vale o preço, e o champanhe da casa tem um ótimo custo-benefício.",positive,gia_ca
18284,"O serviço foi espetacular, pois o garçom sabia tudo sobre o menu e suas recomendações foram incríveis!",positive,de_xuat
18285,Muito aconchegante e quentinho por dentro...,positive,khong_gian
18286,Venho aqui há anos e só tenho coisas boas a dizer sobre o serviço e a ótima equipe do La Lanterna.,positive,dich_vu
18287,é uma delícia!,positive,am_thuc
18288,Excelente comida por ótimos preços,positive,am_thuc
18288,Excelente comida por ótimos preços,positive,gia_ca
18289,A comida tinha um gosto muito bom.,positive,am_thuc
18290,Os garçons são muito corteses e prestativos.,positive,dich_vu
18291,Este lugar é muito divertido.,positive,khong_gian
18292,"Com tantos bons restaurantes na UWS, não preciso de comida caros, garçons absurdamente arrogantes que não reconhecem que trabalham em um restaurante glorificado, desajeitados serviço e gerência que não se importam.",negative,gia_ca
18292,"Com tantos bons restaurantes na UWS, não preciso de comida caros, garçons absurdamente arrogantes que não reconhecem que trabalham em um restaurante glorificado, desajeitados serviço e gerência que não se importam.",negative,dich_vu
18293,"Então, troquei com meu namorado novamente para ver se eu conseguiria comer a carne e espinafre novamente, mas o espinafre estava tão malpassado que eu simplesmente não consegui mordê-lo.",negative,am_thuc
18294,"Custou US$ 14, nada mal por meio quilo de pastrami, mas não tinha muito sabor. Já comi melhor por menos em outro lugar!",neutral,gia_ca
18294,"Custou US$ 14, nada mal por meio quilo de pastrami, mas não tinha muito sabor. Já comi melhor por menos em outro lugar!",negative,am_thuc
18295,Não é o tema típico de um restaurante de Nova York restaurante.,positive,khong_gian
18296,os cachorros-quentes eram suculentos e macios por dentro e tinham bastante crocância e estalo por fora.,positive,am_thuc
18297,"Depois de nos divertirmos muito no bar, sentamos à mesa e jantamos.",positive,nha_hang
18298,"Além disso, os sanduíches (aproximadamente US$ 7) não vieram com nada como batatas fritas ou acompanhamento.",negative,am_thuc
18298,"Além disso, os sanduíches (aproximadamente US$ 7) não vieram com nada como batatas fritas ou acompanhamento.",negative,gia_ca
18299,Todos elogiaram a atmosfera (elegante quartos e absolutamente incomparável vistas) e a fabulosa comida!,positive,khong_gian
18299,Todos elogiaram a atmosfera (elegante quartos e absolutamente incomparável vistas) e a fabulosa comida!,positive,vi_tri
18299,Todos elogiaram a atmosfera (elegante quartos e absolutamente incomparável vistas) e a fabulosa comida!,positive,am_thuc
18300,Um restaurante que não tenta fazer nada além de servir ótima comida com ótimo serviço em um ambiente agradável ambiente.,positive,am_thuc
18300,Um restaurante que não tenta fazer nada além de servir ótima comida com ótimo serviço em um ambiente agradável ambiente.,positive,dich_vu
18300,Um restaurante que não tenta fazer nada além de servir ótima comida com ótimo serviço em um ambiente agradável ambiente.,positive,khong_gian
18301,Recentemente fui a este restaurante com alguns colegas de trabalho para almoçar e me diverti muito.,positive,nha_hang
18302,Atmosfera é agradável e relaxante também...,positive,khong_gian
18303,O melhor sanduíche Reuben de todos os tempos!,positive,am_thuc
18304,O serviço foi amigável e a atmosfera foi casual.,positive,dich_vu
18304,O serviço foi amigável e a atmosfera foi casual.,neutral,khong_gian
18305,"Paul, o maître, era totalmente profissional e sempre atento às coisas.",positive,dich_vu
18306,"No geral, a qualidade da comida era muito boa, embora eu tenha ouvido que o salmão é muito melhor quando não fica esfriando na frente do cliente.",positive,am_thuc
18308,O problema é que nada em Prune é particularmente memorável.,negative,nha_hang
18309,os hambúrgueres de peru são assustadores!,negative,am_thuc
18310,"O macarrão especial com cogumelos porcini não tinha gosto, assim como o tagliatelle de frutos do mar.",negative,am_thuc
18311,"Aproveitamos a oferta sushi pela metade do preço no sábado, então valeu a pena.",positive,am_thuc
18312,"O restaurante tem vista para belos gramados verdes, para o Rio Hudson e para a Estátua da Liberdade.",positive,vi_tri
18313,"Mesmo que a comida não seja tão boa, o jardim é um ótimo lugar para sentar ao ar livre e relaxar.",positive,khong_gian
18313,"Mesmo que a comida não seja tão boa, o jardim é um ótimo lugar para sentar ao ar livre e relaxar.",positive,am_thuc
18314,A anfitriã foi rude e tive a nítida sensação de que eles não queriam nos servir.,negative,dich_vu
18315,Adicione a isso ótimo serviço e ótima comida a um preço razoável e você terá o começo de uma ótima noite.,positive,dich_vu
18315,Adicione a isso ótimo serviço e ótima comida a um preço razoável e você terá o começo de uma ótima noite.,positive,am_thuc
18315,Adicione a isso ótimo serviço e ótima comida a um preço razoável e você terá o começo de uma ótima noite.,positive,gia_ca
18317,Nós nos divertimos muito.,positive,nha_hang
18318,"A comida é boa, especialmente os pratos básicos, e as bebidas são deliciosas.",positive,am_thuc
18319,O serviço também foi horrível e o ambiente não é tão bom.,negative,dich_vu
18319,O serviço também foi horrível e o ambiente não é tão bom.,negative,khong_gian
18320,"Mas se você estiver preparado para gastar algum dinheiro e lembrar de perguntar se algo que eles oferecem é de cortesia, então este é o lugar para ir para comida indiana",positive,am_thuc
18320,"Mas se você estiver preparado para gastar algum dinheiro e lembrar de perguntar se algo que eles oferecem é de cortesia, então este é o lugar para ir para comida indiana",positive,gia_ca
18321,O único problema é que o gerente é completamente incompetente.,negative,dich_vu
18322,"Fui lá ontem à noite - agradável decoração, bom serviço, mas a comida era surpreendentemente excelente.",positive,khong_gian
18322,"Fui lá ontem à noite - agradável decoração, bom serviço, mas a comida era surpreendentemente excelente.",positive,dich_vu
18322,"Fui lá ontem à noite - agradável decoração, bom serviço, mas a comida era surpreendentemente excelente.",positive,am_thuc
18323,"Enquanto terminávamos nossas refeições, que incluíam uma refeição de alto padrão garrafa de vinho, a noiva do nosso filho se juntou a nós para uma taça de vinho e sobremesa.",positive,am_thuc
18324,"Experimentei alguns outros pratos, mas não fiquei muito impressionado.",neutral,am_thuc
18325,Ótimo lugar para relaxar e aproveitar seu jantar,positive,khong_gian
18326,US$ 170 jogados no lixo...,negative,gia_ca
18327,E incrivelmente barato.,positive,gia_ca
18328,Boa criatividade rola!,positive,am_thuc
18329,O entregador às vezes fica chateado se você não dá uma gorjeta maior que 10%.,negative,dich_vu
18330,Eu tenho voltado várias vezes.,positive,nha_hang
18331,"Um garçom diferente melhorou a diversão, despejando nossos pratos principais na nossa frente no meio do nosso aperitivo (que estava delicioso).",negative,dich_vu
18331,"Um garçom diferente melhorou a diversão, despejando nossos pratos principais na nossa frente no meio do nosso aperitivo (que estava delicioso).",positive,am_thuc
18332,Gostamos tanto que sempre faremos questão de jantar aqui quando visitarmos Nova York.,positive,nha_hang
18333,"A maioria dos servidores são muito atenciosos, amigáveis e bastante atraentes.",positive,dich_vu
18334,é o único lugar onde você pode encontrar comida caseira japonesa deliciosa e autêntica.,positive,am_thuc
18335,Nós não comemos porque por volta das 2 da manhã não fomos servidos e estávamos muito chateados e cansados para começar a comer.,negative,dich_vu
18336,"Como muitos outros avaliadores notaram, seu pedido geralmente demora para chegar - isso acontece principalmente à noite, mas não é um problema durante o almoço.",neutral,dich_vu
18337,"Sim, os preços são altos, mas achei que valeu a pena.",negative,gia_ca
18337,"Sim, os preços são altos, mas achei que valeu a pena.",positive,nha_hang
18339,"No geral, a aparência do lugar supera as refeições em si.",positive,khong_gian
18340,Você não pode errar com este lugar.,positive,nha_hang
18341,"Já fui ao Sapphire duas vezes e nas duas vezes a comida estava boa, se não ótima.",positive,am_thuc
18342,"Eles são extremamente rudes, nem se desculpam pelo horrível serviço que recebemos e nos entregam uma conta de mais de US$ 500 por algumas bebidas e seu pão pita!",negative,dich_vu
18342,"Eles são extremamente rudes, nem se desculpam pelo horrível serviço que recebemos e nos entregam uma conta de mais de US$ 500 por algumas bebidas e seu pão pita!",negative,gia_ca
18343,"Adorei tudo, especialmente os shows e atores.",positive,khong_gian
18344,Eu recomendo fortemente a qualquer um que experimente este lugar.,positive,nha_hang
18345,Este é um restaurante divertido para ir.,positive,nha_hang
18347,Ficamos agradavelmente surpreendidos.,positive,nha_hang
18348,"Convenientemente localizado também, bem na Avenida Bedford.",positive,vi_tri
18349,"No entanto, é bom demais para não elogiá-lo.",positive,nha_hang
18350,O serviço foi excelente - amigável e atencioso.,positive,dich_vu
18351,"Já fomos a este lugar muitas vezes e sempre tivemos ótimos comida, vinho e serviço.",positive,am_thuc
18351,"Já fomos a este lugar muitas vezes e sempre tivemos ótimos comida, vinho e serviço.",positive,dich_vu
18352,Nenhuma das nossas refeições era comestível - insossa e/ou feita com sabores estranhos alecrim ou laranja.,negative,am_thuc
18353,Este lugar não é convidativo e a comida é totalmente estranha.,negative,khong_gian
18353,Este lugar não é convidativo e a comida é totalmente estranha.,negative,am_thuc
18355,O aperitivo de tártaro de atum deles é de morrer.,positive,am_thuc
18356,continue com o bom trabalho.,positive,nha_hang
18357,Também não é suficiente vinhos a copo.,negative,am_thuc
18358,Os assentos são desconfortáveis se você estiver sentado contra a parede em bancos de madeira.,negative,khong_gian
18359,"O ambiente é bonito e agradável para conversar, então um almoço casual aqui provavelmente seria a melhor opção.",positive,khong_gian
18359,"O ambiente é bonito e agradável para conversar, então um almoço casual aqui provavelmente seria a melhor opção.",positive,nha_hang
18360,Então nos apressar era absolutamente desnecessário!,negative,dich_vu
18361,"Para sobremesas, experimentamos o mousse de gergelim preto congelado (interessante, mas não extraordinário) e matcha (chá verde em pó e cheesecake de mirtilo), que estava fenomenal.",neutral,am_thuc
18361,"Para sobremesas, experimentamos o mousse de gergelim preto congelado (interessante, mas não extraordinário) e matcha (chá verde em pó e cheesecake de mirtilo), que estava fenomenal.",positive,am_thuc
18362,Vale a pena a viagem saindo de Manhattan.,positive,nha_hang
18363,O preço é muito razoável.,positive,gia_ca
18364,Desvantagens: serviço é lento e eles não torram!,negative,dich_vu
18365,Eles foram muito rudes comigo quando liguei e alegaram que a comida estava atrasada porque não havia arroz.,negative,dich_vu
18366,Pedi um sanduíche de queijo aberto e o gerente basicamente me disse para levar meu negócio para outro lugar!,negative,dich_vu
18367,"O SERVIÇO É INCRÍVEL, já tive garçons diferentes e todos foram simpáticos, o que é raro em Nova York.",positive,dich_vu
18368,Então decidi relatar à garçonete porque estava completamente intragável.,negative,am_thuc
18370,A comida estava bem preparada e o serviço impecável.,positive,am_thuc
18370,A comida estava bem preparada e o serviço impecável.,positive,dich_vu
18371,"A comida é excelente e o serviço é rápido, amigável e muito profissional.",positive,am_thuc
18371,"A comida é excelente e o serviço é rápido, amigável e muito profissional.",positive,dich_vu
18372,"Eles até mesmo colocam uma boa quantidade (para quem está de dieta), nem muito, nem pouco.",positive,am_thuc
18373,Melhor Restaurante Indiano da Cidade,positive,nha_hang
18374,"Do espetacular caviar ao hospitaleiro garçons, me senti como a realeza e aproveitei cada segundo.",positive,am_thuc
18374,"Do espetacular caviar ao hospitaleiro garçons, me senti como a realeza e aproveitei cada segundo.",positive,dich_vu
18375,Concordo que jantar no Casa La Femme é uma experiência gastronômica diferente de qualquer outra!,negative,nha_hang
18376,"O melhor chinês indiano da cidade, de longe!",positive,am_thuc
18377,"Houve um pequeno espera, mas mais curto do que eu esperava.",positive,dich_vu
18378,"Mas depois de ontem à noite, o Spice Grill é o único lugar onde estou comendo culinária indiana.",positive,am_thuc
18379,"A comida é decente, na melhor das hipóteses, e o ambiente, bem, é uma questão de opinião, alguns podem considerá-lo uma coisa doce, eu pensei que fosse apenas irritante.",negative,am_thuc
18379,"A comida é decente, na melhor das hipóteses, e o ambiente, bem, é uma questão de opinião, alguns podem considerá-lo uma coisa doce, eu pensei que fosse apenas irritante.",negative,khong_gian
18380,"Pessoalmente, eu gosto mais da pizza margherita, mas todas são boas.",positive,am_thuc
18381,"Se parecesse possível fazer isso enquanto estava lá, eu teria lutado contra a conta, já que a parte do jantar refeição estava intragável!",negative,am_thuc
18381,"Se parecesse possível fazer isso enquanto estava lá, eu teria lutado contra a conta, já que a parte do jantar refeição estava intragável!",negative,gia_ca
18382,"À primeira vista, este lugar parece um pouco caro para uma lanchonete de cachorro-quente, mas no Bark você não encontra apenas um cachorro-quente comum.",negative,gia_ca
18383,O sashimi é sempre fresco e os rolinhos são inovadores e deliciosos.,positive,am_thuc
18385,"A entrega pode ser pontual ou deficiente, dependendo do clima e do dia da semana.",negative,dich_vu
18386,Não há pontos negativos a mencionar.,positive,nha_hang
18387,O restaurante Four Seasons é uma ótima experiência.,positive,nha_hang
18389,"Gostei de 99% dos pratos muito autêntico para mim (sou uma pessoa ousada para comer, mas não TÃO ousada assim).",positive,am_thuc
18389,"Gostei de 99% dos pratos muito autêntico para mim (sou uma pessoa ousada para comer, mas não TÃO ousada assim).",negative,am_thuc
18391,"incrivelmente fresco cachorros-quentes, mas o melhor de tudo, infinito coberturas ! ! !",positive,am_thuc
18392,"Adoro esse lugar, toda vez que estamos na cidade esse é um dos lugares que sempre vamos.",positive,nha_hang
18393,O serviço não é o que se esperaria de um estabelecimento nessa categoria de preço.,negative,dich_vu
18394,Eu me deparei com esta ótima pizzaria enquanto explorava meu novo bairro.,positive,nha_hang
18395,Esta pitoresca e romântica trattoria está no topo da minha lista de restaurantes em Manhattan.,positive,khong_gian
18395,Esta pitoresca e romântica trattoria está no topo da minha lista de restaurantes em Manhattan.,positive,nha_hang
18396,"A comida estava deliciosa, mas não venha aqui com o estômago vazio.",positive,am_thuc
18397,"De médio a bom comida tailandesa, mas terrível entrega.",positive,am_thuc
18397,"De médio a bom comida tailandesa, mas terrível entrega.",negative,dich_vu
18398,Recomendo vivamente.,positive,nha_hang
18399,Você pode conseguir uma mesa sem reserva se chegar cedo. Eles não fazem garrafas.,positive,dich_vu
18400,"Você não está comendo alta gastronomia com toques sutis de qualquer coisa, exceto: Cassuolet, Steake Fritte, Ensopado de Tripa, etc.; coisas simples.",positive,am_thuc
18401,"Pelo preço, você não vai conseguir comer tão bem em Manhattan.",negative,gia_ca
18402,"Um dos melhores, se não O melhor, restaurantes em Park Slope (e NY em geral)",positive,nha_hang
18403,"Sempre ocupado, mas em movimento rápido.",positive,dich_vu
18404,"Costumo julgar um restaurante de sushi pelo seu ouriço-do-mar, que era divino no Sushi Rose.",positive,am_thuc
18405,Yakitori (carnes para churrasco) também é saboroso.,positive,am_thuc
18406,"Sempre que você precisar de uma dose de sushi, o Mizu estará lá com qualidade peixe e ótimo serviço.",positive,am_thuc
18406,"Sempre que você precisar de uma dose de sushi, o Mizu estará lá com qualidade peixe e ótimo serviço.",positive,dich_vu
18407,Faan é tão bom.,positive,nha_hang
18408,Sabores frescos e alucinantes.,positive,am_thuc
18409,"Não julgue este lugar à primeira vista, você tem que experimentar para acreditar, um lar longe de casa para o coração letrado.",positive,nha_hang
18410,Peixe é muito fresco.,positive,am_thuc
18411,Meu namorado comeu Prime Rib e estava bom.,positive,am_thuc
18412,Bebidas muito caras.,negative,gia_ca
18414,É um ótimo lugar para fazer pedidos ou sentar-se.,positive,nha_hang
18415,A comida é ótima e tem preços razoáveis.,positive,am_thuc
18415,A comida é ótima e tem preços razoáveis.,positive,gia_ca
18416,"Quando nos sentamos, fomos muito bem atendidos e rápidos atendimento.",positive,dich_vu
18417,"Não deixe de experimentar os sazonais, e sempre deliciosos, especiais.",positive,am_thuc
18418,"Quando ameaçamos ir embora, nos ofereceram um pequeno desconto, mesmo faltando metade do pedido.",negative,dich_vu
18419,"Ótimo comida, bom tamanho cardápio, ótimo serviço e despretensioso ambiente.",positive,am_thuc
18419,"Ótimo comida, bom tamanho cardápio, ótimo serviço e despretensioso ambiente.",positive,dich_vu
18419,"Ótimo comida, bom tamanho cardápio, ótimo serviço e despretensioso ambiente.",positive,khong_gian
18420,A sangria estava bem saborosa e boa para um dia quente e úmido.,positive,am_thuc
18421,"Cozido no vapor fresco para ser servido quente, quente, quente, na sua mesa.",positive,am_thuc
18422,Simplesmente não era tailandês.,negative,am_thuc
18423,Todos os funcionários são absolutamente profissionais! !,positive,dich_vu
18424,"O serviço foi impecável e discreto — a equipe sabe o que está lá para fazer — conhecer o menu, apresentar sua refeição e atender às suas necessidades.",positive,dich_vu
18425,"Um pouco caro, mas realmente cai bem numa manhã de domingo!",negative,gia_ca
18425,"Um pouco caro, mas realmente cai bem numa manhã de domingo!",positive,nha_hang
18426,"O Four Seasons tem história e é uma espécie de marco dos restaurantes de Nova York, mas acredite em mim, eles vão cobrar uma fortuna só para você poder dizer ``Eu fui ao restaurante Four Seasons``.",neutral,nha_hang
18426,"O Four Seasons tem história e é uma espécie de marco dos restaurantes de Nova York, mas acredite em mim, eles vão cobrar uma fortuna só para você poder dizer ``Eu fui ao restaurante Four Seasons``.",negative,gia_ca
18427,Isso foi uma grande surpresa.,positive,nha_hang
18428,"A comida pode ser cara, mas o menu degustação com preço fixo é o melhor comida por um bom preço e eles atendem a comida qualquer alergia comida ou comida que você não goste.",negative,gia_ca
18428,"A comida pode ser cara, mas o menu degustação com preço fixo é o melhor comida por um bom preço e eles atendem a comida qualquer alergia comida ou comida que você não goste.",positive,am_thuc
18428,"A comida pode ser cara, mas o menu degustação com preço fixo é o melhor comida por um bom preço e eles atendem a comida qualquer alergia comida ou comida que você não goste.",positive,gia_ca
18429,"Não sou exigente, mas na verdade foi nojento.",negative,am_thuc
18430,"A comida era muito boa, mas não era algo que eu consideraria fora deste mundo.",neutral,am_thuc
18431,O garçom foi muito legal e nos serviu comida e bebidas com um sorriso.,positive,dich_vu
18432,"O gerente veio até a mesa e disse que poderíamos fazer o que quiséssemos, então pagamos pelo que gostamos, as bebidas e aperitivos, e saímos.",positive,am_thuc
18433,Este lugar é o mais japonês que pode existir.,positive,nha_hang
18434,As porções são grandes e os garçons sempre nos surpreendem com uma entrada diferente.,positive,am_thuc
18435,Eu adorei absolutamente este lugar.,positive,nha_hang
18436,"O espaço é limitado, então esteja preparado para esperar de 45 minutos a 1 hora, mas seja amplamente recompensado ao saborear a deliciosa comida indo-chinesa.",negative,nha_hang
18436,"O espaço é limitado, então esteja preparado para esperar de 45 minutos a 1 hora, mas seja amplamente recompensado ao saborear a deliciosa comida indo-chinesa.",positive,am_thuc
18438,Eu amo isso .,positive,nha_hang
18439,"Eles têm uma deliciosa sobremesa de banana com chocolate, assim como uma ótima tempura de chá verde.",positive,am_thuc
18441,Aqui o cachorro-quente é elevado ao nível de um verdadeiro prato principal com inúmeras variações disponíveis.,positive,am_thuc
18442,o meu lugar favorito haha,positive,nha_hang
18443,O atendimento no balcão é ruim.,negative,dich_vu
18444,Tive uma experiência horrível no Casa la Femme em um jantar de sábado.,negative,nha_hang
18445,"Só porque é barato NÃO significa que as porções são pequenas ou que a comida é ruim, É ÓTIMO!",positive,am_thuc
18445,"Só porque é barato NÃO significa que as porções são pequenas ou que a comida é ruim, É ÓTIMO!",positive,gia_ca
18446,"Apesar de um menu um pouco limitado , tudo o que é preparado é feito com perfeição, ultra fresco e uma obra de arte culinária.",negative,am_thuc
18446,"Apesar de um menu um pouco limitado , tudo o que é preparado é feito com perfeição, ultra fresco e uma obra de arte culinária.",positive,am_thuc
18447,"Minha principal preocupação era a sanidade da comida que estava sendo enviada para mim e para outras pessoas, mas eu estaria mentindo se dissesse que, como alguém que trabalha em restaurantes desde os quinze anos, esperava pelo menos um esforço mínimo por parte do restaurante para corrigir a situação.",negative,am_thuc
18448,Todos devem vir aqui pelo menos uma vez.,positive,nha_hang
18449,"A crosta é fina, os ingredientes são frescos e a equipe é simpática.",positive,am_thuc
18449,"A crosta é fina, os ingredientes são frescos e a equipe é simpática.",positive,dich_vu
18450,"Não compre o Go Go Hamburgers, não importa o que as avaliações digam.",negative,am_thuc
18452,Mesmo depois de me terem cobrado a mais na última vez que estive lá.,negative,dich_vu
18453,Yamato é um excelente lugar para ir se você não gosta de sashimi ou se tem amigos que não gostam muito de sushi.,positive,nha_hang
18454,"Toda vez que decido experimentar outro lugar na UES, fico bravo por não ter ido ao Zucchero Pomodori.",positive,nha_hang
18456,O menu é muito limitado - acho que contamos 4 ou 5 pratos principais.,negative,am_thuc
18457,"Este é um dos meus lugares favoritos, muito relaxante, a comida é ótima o tempo todo, comemorei meu noivado e meu casamento aqui, foi muito bem organizado.",positive,nha_hang
18457,"Este é um dos meus lugares favoritos, muito relaxante, a comida é ótima o tempo todo, comemorei meu noivado e meu casamento aqui, foi muito bem organizado.",positive,khong_gian
18457,"Este é um dos meus lugares favoritos, muito relaxante, a comida é ótima o tempo todo, comemorei meu noivado e meu casamento aqui, foi muito bem organizado.",positive,am_thuc
18458,"No entanto, a decoração parece ser a distração, então você não vai perceber que acabou de pagar 300 dólares por uma comida fria berinjela que levou 2 HORAS PARA CHEGAR!!!",neutral,khong_gian
18458,"No entanto, a decoração parece ser a distração, então você não vai perceber que acabou de pagar 300 dólares por uma comida fria berinjela que levou 2 HORAS PARA CHEGAR!!!",negative,am_thuc
18458,"No entanto, a decoração parece ser a distração, então você não vai perceber que acabou de pagar 300 dólares por uma comida fria berinjela que levou 2 HORAS PARA CHEGAR!!!",negative,gia_ca
18458,"No entanto, a decoração parece ser a distração, então você não vai perceber que acabou de pagar 300 dólares por uma comida fria berinjela que levou 2 HORAS PARA CHEGAR!!!",negative,dich_vu
18459,Não vá com um grupo maior que 4!,negative,nha_hang
18460,"Como nativo do Japão, morei na área dos Três Estados por mais de 8 anos, mas fiquei muito impressionado com este lugar.",positive,nha_hang
18462,"mexilhões estavam excelentes, ravióli de lagosta estavam MUITO salgados!",positive,am_thuc
18462,"mexilhões estavam excelentes, ravióli de lagosta estavam MUITO salgados!",negative,am_thuc
18463,A atmosfera é relaxada e casual.,positive,khong_gian
18465,"A comida era média ou acima da média; a sopa de cebola francesa era farta, mas não muito impressionante, e as sobremesas não eram nada brilhantes.",positive,am_thuc
18465,"A comida era média ou acima da média; a sopa de cebola francesa era farta, mas não muito impressionante, e as sobremesas não eram nada brilhantes.",negative,am_thuc
18466,O gerente finalmente disse que iria compensar as duas taças de vinho (que custaram menos que a comida) e fez parecer uma grande concessão.,negative,dich_vu
18469,"A comida aqui era medíocre, na melhor das hipóteses.",negative,am_thuc
18470,"A decoração é vibrante e agradável aos olhos, com várias salas semiprivadas no lado direito do refeitório, que são ótimas para um encontro.",positive,khong_gian
18471,"Eles pareciam continuar nos apressando, pegando os pratos sem perguntar se tínhamos terminado (minha irmã ainda estava com o garfo na mão).",negative,dich_vu
18472,"A decoração é muito simples, mas confortável.",positive,khong_gian
18473,"Para começar, eles nos entregaram o pedido de outra pessoa.",negative,dich_vu
18474,Eu pedi peixe e meu marido pediu filé - ambos superaram nossas expectativas.,positive,am_thuc
18475,"O serviço foi atencioso, mas discreto.",positive,dich_vu
18476,"Eles me disseram que vão cobrir o jardim com vidro durante o inverno, então estou ansioso para ir lá em uma noite de neve para aproveitar.",positive,nha_hang
18477,"Chegamos e fomos acomodados imediatamente, o que nos deixou felizes.",positive,dich_vu
18478,Venho aqui para curtir muito com o marido.,positive,nha_hang
18479,Adorei e voltaria novamente.,positive,nha_hang
18480,"O restaurante tem um ambiente familiar, principalmente no que diz respeito às porções que são enormes; a vitela sozinha poderia ter resolvido a fome no terceiro mundo.",positive,khong_gian
18480,"O restaurante tem um ambiente familiar, principalmente no que diz respeito às porções que são enormes; a vitela sozinha poderia ter resolvido a fome no terceiro mundo.",positive,am_thuc
18481,Acho que não voltaria novamente.,negative,nha_hang
18482,Venho de uma família de donos de pizzaria e tenho quase vergonha de dizer que a pizza do Fornino's supera as receitas da minha família.,positive,am_thuc
18483,Sempre ótimo serviço!,positive,dich_vu
18484,Nossa experiência nunca melhorou.,negative,nha_hang
18485,A salada de farro e a purê de batatas Yukon também estavam extremamente saborosas.,positive,am_thuc
18486,"O restaurante é bonito, mas não é sofisticado.",neutral,nha_hang
18487,"Demos gorjeta, acho que a modelo/garçonete só queria mais e reclamou com o gerente.",negative,dich_vu
18488,E ainda mais desagradável porque foi muito caro para uma experiência tão desagradável.,negative,nha_hang
18488,E ainda mais desagradável porque foi muito caro para uma experiência tão desagradável.,negative,gia_ca
18489,"Escolhi um dos pratos especiais, o pernil de cordeiro assado no vinho tinto, que estava excelente.",positive,am_thuc
18490,Fiquei tão chocado que saí do jantar com fome e muito decepcionado.,negative,nha_hang
18491,As pessoas são sempre amigáveis.,positive,dich_vu
18492,Experimentei recentemente Suan e achei ótimo.,positive,nha_hang
18493,Pena que paguei US$ 2 a mais pela tigela de pedra.,negative,gia_ca
18494,"Gosto do ambiente, é muito escuro e original.",positive,khong_gian
18495,Pizza estava um pouco encharcada.,negative,am_thuc
18496,"ótimo comida, ótimo carta de vinhos, ótimo serviço em um ótimo bairro ...",positive,am_thuc
18496,"ótimo comida, ótimo carta de vinhos, ótimo serviço em um ótimo bairro ...",positive,dich_vu
18496,"ótimo comida, ótimo carta de vinhos, ótimo serviço em um ótimo bairro ...",positive,vi_tri
18497,"Se você quer algo realmente diferente, experimente Jekyll e Hyde.",positive,nha_hang
18499,Fiquei quase divertido com o fato de ela estar recusando clientes às 21h de uma sexta-feira à noite porque ela `` tinha um churrasco para ir `` naquela noite - WTF ? ?,negative,dich_vu
18500,Minha esposa mal tocou naquela bagunça de prato.,negative,am_thuc
18501,"Recomendo o água-viva, frango bêbado e o bolinhos de sopa, certamente o caranguejo azul frito.",positive,am_thuc
18502,"Thalia é um restaurante lindo com pessoas lindas te servindo, mas a comida não combina muito.",positive,dich_vu
18502,"Thalia é um restaurante lindo com pessoas lindas te servindo, mas a comida não combina muito.",negative,am_thuc
18502,"Thalia é um restaurante lindo com pessoas lindas te servindo, mas a comida não combina muito.",positive,khong_gian
18503,Não voltaremos a este lugar para uma boa refeição.,negative,am_thuc
18504,"Acontece que tenho uma política que anda junto com um pouco de respeito próprio, o que inclui não deixar um garçom me intimidar, ou seja, me fazer sentir mal pedindo trivialidades como água ou a conta.",negative,dich_vu
18505,"Meus amigos se contentaram com pratos de arroz, mas voltamos no dia seguinte para experimentar o dim sum, que estava bom... não excepcional, mas bom.",neutral,am_thuc
18506,"Os sinais, os menus especiais, comida e até mesmo todos os garçons são TODOS TOTALMENTE japoneses.",positive,nha_hang
18506,"Os sinais, os menus especiais, comida e até mesmo todos os garçons são TODOS TOTALMENTE japoneses.",positive,am_thuc
18506,"Os sinais, os menus especiais, comida e até mesmo todos os garçons são TODOS TOTALMENTE japoneses.",positive,dich_vu
18507,"Quando perguntamos sobre os vinhos do Porto, a garçonete listou vários, mas não sabia as variações de sabor ou o custo.",negative,dich_vu
18508,Este estabelecimento é o verdadeiro negócio.,positive,nha_hang
18509,Vá lá para relaxar e sentir como se estivesse em outro lugar.,positive,khong_gian
18510,Também pedimos Hooka seis vezes e o garçom continuou nos dizendo um minuto e nunca mais voltou com o Hooka.,negative,dich_vu
18511,Este lugar vale uma hora de carro.,positive,nha_hang
18512,os garçons são simpáticos.,positive,dich_vu
18514,Nunca saí de um restaurante com a sensação de ter sido abusado e desperdiçado meu dinheiro arduamente ganho.,negative,nha_hang
18514,Nunca saí de um restaurante com a sensação de ter sido abusado e desperdiçado meu dinheiro arduamente ganho.,negative,gia_ca
18515,"Gentil, atencioso garçons.",positive,dich_vu
18516,A decoração é charmosa.,positive,khong_gian
18517,A garçonete parece estar mais preocupada em ter uma boa aparência do que realmente garçonete servindo.,negative,dich_vu
18518,"Quando você soma tudo, simplesmente não parece valer a pena para mim... especialmente considerando os preços.",negative,nha_hang
18519,"Fomos almoçar aqui há algumas semanas, num sábado, e fiquei realmente impressionado com a comida.",positive,am_thuc
18520,O sake’s complementou muito bem os cursos e está me introduzindo com sucesso no mundo do saquê.,positive,am_thuc
18521,Passe fome e aproveite.,positive,nha_hang
18522,"Você pode pedir um martini completamente delicioso em uma taça (cerca de 2 1/2 drinques) por US$ 8,50 (eu recomendo o Vanilla Shanty, mmmm!) em um ambiente muito aconchegante ambiente com ótima música.",positive,am_thuc
18522,"Você pode pedir um martini completamente delicioso em uma taça (cerca de 2 1/2 drinques) por US$ 8,50 (eu recomendo o Vanilla Shanty, mmmm!) em um ambiente muito aconchegante ambiente com ótima música.",positive,gia_ca
18522,"Você pode pedir um martini completamente delicioso em uma taça (cerca de 2 1/2 drinques) por US$ 8,50 (eu recomendo o Vanilla Shanty, mmmm!) em um ambiente muito aconchegante ambiente com ótima música.",positive,khong_gian
18523,Mais lixo de Williamsburg,negative,nha_hang
18524,Este é um lugar incrível para experimentar alguns rolinhos de roti.,positive,am_thuc
18525,"A julgar por postagens anteriores, este costumava ser um bom lugar, mas não é mais.",negative,nha_hang
18526,Gostaria que eles voltassem a ser o que eram antes.,negative,nha_hang
18527,É uma cena bastante espetacular  Eu admito.,positive,khong_gian
18528,Um restaurante tailandês sem arroz durante o jantar?,negative,nha_hang
18529,O bar é muito bem abastecido com cervejas interessantes e com bons preços vinhos.,positive,am_thuc
18529,O bar é muito bem abastecido com cervejas interessantes e com bons preços vinhos.,positive,gia_ca
18530,Os funcionários de lá são muito atenciosos e realistas.,positive,dich_vu
18531,"A cozinha, no entanto, é quase sempre lenta.",negative,dich_vu
18532,Adorei!,positive,nha_hang
18533,"Pode ficar um pouco lotado nos fins de semana, mas o ambiente é bom e é a melhor comida francesa que você encontrará na área.",neutral,khong_gian
18533,"Pode ficar um pouco lotado nos fins de semana, mas o ambiente é bom e é a melhor comida francesa que você encontrará na área.",positive,khong_gian
18533,"Pode ficar um pouco lotado nos fins de semana, mas o ambiente é bom e é a melhor comida francesa que você encontrará na área.",positive,am_thuc
18534,Nossos filhos adolescentes também adoram.,positive,nha_hang
18535,eu amo o macarrão com frango não lembro o nome mas é muuuuito bom,positive,am_thuc
18536,"Não é apenas uma aventura chegar a este local um tanto escondido, assim que você entra pelas portas de madeira sem identificação, a decoração zen e intimista  fará você se sentir como se não estivesse mais na cidade.",neutral,vi_tri
18536,"Não é apenas uma aventura chegar a este local um tanto escondido, assim que você entra pelas portas de madeira sem identificação, a decoração zen e intimista  fará você se sentir como se não estivesse mais na cidade.",positive,khong_gian
18537,ótimo coberturas definitivamente um lugar que você precisa conferir para comer algo tarde da noite ou para se animar no meio do dia!,positive,am_thuc
18537,ótimo coberturas definitivamente um lugar que você precisa conferir para comer algo tarde da noite ou para se animar no meio do dia!,positive,nha_hang
18538,Uma verdadeira decepção.,negative,am_thuc
18539,Este lugar é incrivelmente pequeno.,negative,khong_gian
18540,"comida e serviço eram bons, porém o maitre-D era incrivelmente hostil e arrogante.",positive,am_thuc
18540,"comida e serviço eram bons, porém o maitre-D era incrivelmente hostil e arrogante.",positive,dich_vu
18540,"comida e serviço eram bons, porém o maitre-D era incrivelmente hostil e arrogante.",negative,dich_vu
18541,O confit de pato é sempre incrível e o terrine de foie gras com figos estava de outro mundo.,positive,am_thuc
18542,"Mais importante, comida é excelente.",positive,am_thuc
18543,Pedi o aperitivo de salmão defumado e ovas e o sabor estava estranho.,negative,am_thuc
18546,Comemos o sanduíche de lagosta e estava FANTÁSTICO.,positive,am_thuc
18547,Achei que esse lugar era totalmente superestimado.,negative,nha_hang
18548,Moro em Nova York há 5 anos e este lugar tem tudo.,positive,nha_hang
18549,"Ninguém neste restaurante dá respostas firmes sobre nada e, no final, ninguém assume a responsabilidade por nada.",negative,dich_vu
18550,"Pergunte por Usha, a bartender mais simpática de Manhattan.",positive,dich_vu
18551,"Eles esqueceram um sanduíche, não incluíram garfos de plástico e não incluíram pão pita com o prato de homus.",negative,dich_vu
18552,O serviço foi a única coisa boa neste restaurante.,positive,dich_vu
18553,Esperamos no bar e tomamos martinis que estavam perfeitos.,positive,am_thuc
18554,Este é um livro obrigatório para quem gosta de Shabu-Shabu.,positive,am_thuc
18555,O preço era totalmente alto - peixe com batata frita custava cerca de US$ 15...,negative,gia_ca
18556,Eles têm uma seleção enorme de diferentes queijos cremosos e todas as suas saladas são ótimas.,positive,am_thuc
18557,Muito satisfeito,positive,nha_hang
18558,Eu não esperaria isso por US$ 55 jantar.,negative,am_thuc
18558,Eu não esperaria isso por US$ 55 jantar.,negative,gia_ca
18559,Eu peguei cabelo na minha comida 2 vezes naquela época!,negative,am_thuc
18560,Pudim de macarrão é exatamente o tipo de serviço e comida que eu gosto.,positive,dich_vu
18560,Pudim de macarrão é exatamente o tipo de serviço e comida que eu gosto.,positive,am_thuc
18561,"Virgens volare ou frequentadores semanais, todos são tratados da mesma forma e você não pode pedir mais do que isso quando o serviço é tão amigável.",positive,dich_vu
18562,Pedi a uma atendente do carrinho um arroz enrolado em folhas de lótus e ela respondeu arroz e foi embora.,negative,dich_vu
18563,Este lugar é sempre muito movimentado e popular.,positive,nha_hang
18564,O design e atmosfera são igualmente bons.,positive,khong_gian
18565,"Interessante seleção, bom vinhos, serviço, fino, divertido decoração.",positive,am_thuc
18565,"Interessante seleção, bom vinhos, serviço, fino, divertido decoração.",positive,dich_vu
18565,"Interessante seleção, bom vinhos, serviço, fino, divertido decoração.",positive,khong_gian
18566,primeiro demoramos muito para encontrar o lugar.,negative,nha_hang
18567,O gerente foi rude e lidou com a situação de forma extremamente ruim.,negative,dich_vu
18568,Mas o melhor souvlaki de porco que já comi é o principal.,positive,am_thuc
18569,Gostaria de poder gostar mais deste lugar e gostaria que alguém requalificasse a equipe.,negative,dich_vu
18570,"Além disso, eles não aceitam cartão de crédito, então venha com dinheiro!",neutral,nha_hang
18571,"Toda vez que tenho uma ocasião especial com meu namorado, tenho dificuldade em ir a qualquer outro lugar.",positive,nha_hang
18573,"Ótimo comida, ótimos preços, ótimo serviço.",positive,am_thuc
18573,"Ótimo comida, ótimos preços, ótimo serviço.",positive,gia_ca
18573,"Ótimo comida, ótimos preços, ótimo serviço.",positive,dich_vu
18574,Meu filho e a namorada dele queriam cheeseburgers e eles eram enormes!,neutral,am_thuc
18575,Bom para encontros ou com amigos.,positive,nha_hang
18577,"Esse cara se recusou a acomodá-la e ela foi embora, seguida logo por nós quatro, mas não antes de eu lhe dizer que em meus 40 anos de viagens pelo mundo, incluindo Paris, nunca tinha visto tamanha demonstração de mau comportamento de um vocalista em um restaurante.",negative,dich_vu
18578,"No geral, decente comida a um bom preço, com pessoas amigáveis.",positive,am_thuc
18578,"No geral, decente comida a um bom preço, com pessoas amigáveis.",positive,gia_ca
18578,"No geral, decente comida a um bom preço, com pessoas amigáveis.",positive,dich_vu
18579,"Mostrei ao gerente, e ele se desculpou sorrindo e nos trouxe duas sobremesas grátis (mas não perguntou o que queríamos e então trouxe as duas últimas sobremesas que teríamos pedido).",positive,dich_vu
18580,Serviço é mediano.,neutral,dich_vu
18581,EU AMO o tailandês,positive,am_thuc
18582,"A garçonete moveu nossa mesa praticamente para o banheiro e quando pedimos para cancelar nossos pedidos de jantar porque não queríamos comer sentados no vaso sanitário, nos disseram que não...",negative,dich_vu
18583,Provavelmente não voltaria...,negative,nha_hang
18584,"O pequeno sobremesa custou US$ 8,00... simplesmente caro pelo que é.",negative,am_thuc
18584,"O pequeno sobremesa custou US$ 8,00... simplesmente caro pelo que é.",negative,gia_ca
18585,"Não jante no Tamarind pelos pratos vegetarianos, eles simplesmente não estão à altura das opções não vegetarianas.",negative,am_thuc
18586,"E tudo isso tem um preço muito razoável (congee, macarrão e pratos de arroz não custam mais do que US$ 3-6 cada).",positive,gia_ca
18587,Os pratos de aperitivos frios têm o mesmo sabor que eu me lembrava que tinham quando eu era criança em Taiwan.,positive,am_thuc
18588,Os aperitivos também são deliciosos!,positive,am_thuc
18589,A carta de vinhos é extensa e pode facilmente aumentar o preço de uma refeição que normalmente teria um preço razoável.,positive,am_thuc
18589,A carta de vinhos é extensa e pode facilmente aumentar o preço de uma refeição que normalmente teria um preço razoável.,positive,gia_ca
18590,"Por favor, siga meu conselho, vá e experimente este lugar.",positive,nha_hang
18591,"A decoração precisa ser melhorada, mas a comida é incrível!",negative,khong_gian
18591,"A decoração precisa ser melhorada, mas a comida é incrível!",positive,am_thuc
18592,Pior Single Restaurante em Manhattan,negative,nha_hang
18593,"O local fica aberto até tarde, sem código de vestimenta.",positive,nha_hang
18594,"Eu nunca tinha comido purê de edamame antes, mas achei inovador e saboroso (poderia ter usado um pouco mais de sal).",positive,am_thuc
18595,"Aberto até tarde (bem, tão tarde quanto eu cheguei lá e eu sou uma pessoa noturna)",positive,nha_hang
18596,A única coisa que gostei moderadamente foi o Frango grelhado especial com purê de edamame.,positive,am_thuc
18597,"Não gosto de lugares ou pessoas que tentam aumentar a conta sem o conhecimento do cliente, o que foi um grande desestímulo (mais do que o preço).",negative,dich_vu
18597,"Não gosto de lugares ou pessoas que tentam aumentar a conta sem o conhecimento do cliente, o que foi um grande desestímulo (mais do que o preço).",negative,gia_ca
18598,Adoro o cardápio de bebidas.,positive,am_thuc
18599,Bukhara está no meu top 5 de lugares indianos em Nova York,positive,nha_hang
18600,Sua localização é boa e o fato de a Hutner College ser próxima e seus preços serem muito razoáveis faz com que os alunos voltem para Suan repetidamente.,positive,vi_tri
18600,Sua localização é boa e o fato de a Hutner College ser próxima e seus preços serem muito razoáveis faz com que os alunos voltem para Suan repetidamente.,positive,gia_ca
18601,"Essa foi, do começo ao fim, uma experiência terrivelmente desconfortável.",negative,nha_hang
18602,"Terrível, terrível gestão - merece ser fechado.",negative,dich_vu
18602,"Terrível, terrível gestão - merece ser fechado.",negative,nha_hang
18603,Dei uma olhada no frango e fiquei chocado.,negative,am_thuc
18604,"Jantar no centro de 2002 - Preço fixo: Aperitivos estavam ok, garçom me deu uma sugestão ruim... experimente o batata recheada kanish melhor.",neutral,am_thuc
18604,"Jantar no centro de 2002 - Preço fixo: Aperitivos estavam ok, garçom me deu uma sugestão ruim... experimente o batata recheada kanish melhor.",negative,dich_vu
18604,"Jantar no centro de 2002 - Preço fixo: Aperitivos estavam ok, garçom me deu uma sugestão ruim... experimente o batata recheada kanish melhor.",positive,am_thuc
18606,Meu marido e eu ficamos convencidos desde a primeira visita.,positive,nha_hang
18607,"Excelente comida, embora o interior pudesse usar alguma ajuda.",positive,am_thuc
18607,"Excelente comida, embora o interior pudesse usar alguma ajuda.",negative,khong_gian
18608,Estou ansioso para comer aqui novamente,positive,nha_hang
18609,Fui ao Areo numa tarde de domingo com quatro amigas e passei três horas agradáveis lá.,positive,nha_hang
18610,"O serviço foi muito rápido, mas um pouco apressado.",positive,dich_vu
18611,garrafas de vinho são baratas e boas.,positive,gia_ca
18611,garrafas de vinho são baratas e boas.,positive,am_thuc
18612,O menu tem muitos itens de peixe e ostras.,positive,am_thuc
18613,Eles são rudes às vezes e não muito amigáveis.,negative,dich_vu
18614,A comida era absolutamente incrível! !,positive,am_thuc
18615,Terrível seria um elogio!,negative,nha_hang
18616,"O menu parecia ótimo, e o garçom foi muito simpático, mas quando a comida chegou, estava mediana.",positive,am_thuc
18616,"O menu parecia ótimo, e o garçom foi muito simpático, mas quando a comida chegou, estava mediana.",positive,dich_vu
18616,"O menu parecia ótimo, e o garçom foi muito simpático, mas quando a comida chegou, estava mediana.",neutral,am_thuc
18617,Fomos recebidos prontamente pelo garçom que foi muito simpático e cordial.,positive,dich_vu
18618,Os aperitivos levaram quase uma hora.,negative,dich_vu
18619,Ótimo achado no West Village!,positive,nha_hang
18620,Não voltarei a menos que outra pessoa esteja pagando a conta.,negative,gia_ca
18621,A seleção da carta de vinhos é boa e O vinho em taça estava generosamente servido até o topo.,positive,am_thuc
18622,As pessoas que trabalham lá são sempre tão amigáveis que às vezes você esquece que está em Nova York.,positive,dich_vu
18623,Decente vinho a preços razoáveis.,positive,am_thuc
18623,Decente vinho a preços razoáveis.,positive,gia_ca
18625,"Peguei o combo de 10 dim sum por US$ 10, e cada mordida estava ótima.",positive,am_thuc
18626,"Não tente, a menos que você esteja indo lá apenas para passear, como o resto dos hipsters que aparentemente não têm senso de paladar.",negative,nha_hang
18628,O pad penang deles é delicioso e todo o resto é fantástico.,positive,am_thuc
18629,Não consigo imaginar uma equipe equipe mais amigável trabalhando em um restaurante.,positive,dich_vu
18630,"Felizmente, guardamos espaço para Salmão grelhado, Robalo e Pato crocante.",positive,am_thuc
18631,Dokebi dá a Williamsburg o toque duplo certo de clássico comida coreana e toques de fusão como tacos de barriga de porco.,positive,am_thuc
18632,"Se você se aventurar fora da ilha de Manhattan e não conseguir encontrar um ótimo restaurante italiano, dirija até Corona.",positive,nha_hang
18633,Todos nós sentimos que valeu a pena.,positive,nha_hang
18634,Lucky Strike é um ótimo lugar casual para comer alguma coisa.,positive,nha_hang
18635,Já estive em Casimir mais de 5 vezes e sempre me diverti muito lá.,positive,nha_hang
18636,ótimo para uma noite romântica ou uma noite divertida com amigos...,positive,khong_gian
18636,ótimo para uma noite romântica ou uma noite divertida com amigos...,positive,nha_hang
18637,"Mas a melhor parte do LS é a atmosfera noturna, deliciosamente livre de BTs.",positive,khong_gian
18638,"A sala de jantar é discretamente elegante, sem nenhuma música para acompanhar -- que refrescante!",positive,khong_gian
18639,Este é um lugar adorável e tranquilo  para comer ao ar livre.,positive,khong_gian
18640,Não se deixe enganar por multidões de pessoas.,negative,nha_hang
18641,"Quanto ao meu comentário sobre a comida, nenhum pedido de desculpas ou reconhecimento foi feito.",negative,dich_vu
18642,O serviço é de primeira qualidade.,positive,dich_vu
18643,"ah, falando em banheiro, o banheiro masculino era nojento.",negative,khong_gian
18644,"Vou começar com alguns pontos positivos: legal decoração, bom pão pita e homus e polvo grelhado que estava realmente muito saboroso.",positive,khong_gian
18644,"Vou começar com alguns pontos positivos: legal decoração, bom pão pita e homus e polvo grelhado que estava realmente muito saboroso.",positive,am_thuc
18645,"É quase impossível conseguir uma mesa, então se você tiver a oportunidade de ir lá para jantar, NÃO deixe passar.",positive,nha_hang
18646,"O meu ficou um pouco queimado, mas ainda assim ficou delicioso com queijo de cabra e panchetta (raddichio estava meio amargo).",negative,am_thuc
18646,"O meu ficou um pouco queimado, mas ainda assim ficou delicioso com queijo de cabra e panchetta (raddichio estava meio amargo).",positive,am_thuc
18647,"Se eu pudesse dar 0 estrelas, daria para este lugar.",negative,nha_hang
18648,A anfitriã é rude a ponto de ser ofensiva.,negative,dich_vu
18649,A garota retrô e desgrenhada garota (com óculos de asa/Dame Edna) gritará com você se você tentar pedir uma bebida.,negative,dich_vu
18650,"pimentões, cebolas, condimentos, pimenta, queijos, você ESCOLHE.",positive,am_thuc
18651,Ótimo atmosfera e vale cada centavo.,positive,khong_gian
18651,Ótimo atmosfera e vale cada centavo.,positive,nha_hang
18652,"Bison foi excelente, no entanto.",positive,am_thuc
18653,O alimento é um diamante bruto -- o alimento é delicioso e caseiro com o equilíbrio perfeito de ervas e tomates.,positive,am_thuc
18654,Ele acerta em cheio todas as vezes,positive,nha_hang
18655,"A comida era boa e a vista da linha de esqui da cidade de Nova York era ótima, mesmo em um dia chuvoso e com neblina como quando fui.",positive,am_thuc
18655,"A comida era boa e a vista da linha de esqui da cidade de Nova York era ótima, mesmo em um dia chuvoso e com neblina como quando fui.",positive,vi_tri
18656,A sobremesa bolo de lava estava incrível e eu recomendo.,positive,am_thuc
18657,serviço é amigável e nunca tive problemas para entrar e conseguir uma mesa.,positive,dich_vu
18658,Vou sair com amigos e de repente estou com fome e só desejo uma coisa... a Pizza deles.,positive,am_thuc
18659,Estive aqui algumas semanas atrás e tivemos a pior experiência atendimento ao cliente em um restaurante de todos os tempos.,negative,dich_vu
18660,"O rolinho de atum picante estava excepcionalmente bom e o tempura de camarão estava incrível, ótimo aperitivo para compartilhar!",positive,am_thuc
18661,"localização e ambiente são bons, mas a comida é o que compensa.",neutral,vi_tri
18661,"localização e ambiente são bons, mas a comida é o que compensa.",neutral,khong_gian
18661,"localização e ambiente são bons, mas a comida é o que compensa.",positive,am_thuc
18662,"Notei que muitos indianos comem lá, o que é um ótimo sinal de um lugar indiano!",positive,nha_hang
18663,"Sempre uma multidão agradável , mas nunca barulhenta.",positive,nha_hang
18663,"Sempre uma multidão agradável , mas nunca barulhenta.",positive,khong_gian
18664,nós amamos o pônei rosa.,positive,nha_hang
18665,"Mesmo assim, terminei meu prato e foi quando encontrei uma larva molho de cogumelos no fundo.",negative,am_thuc
18666,"Comecei com uma cerveja Bombay, que era grande o suficiente para dois.",positive,am_thuc
18667,A vista é espetacular e a comida é ótima.,positive,vi_tri
18667,A vista é espetacular e a comida é ótima.,positive,am_thuc
18668,"O que realmente o faz brilhar é a comida, que é agressivamente temperada com especiarias cipriotas, e tudo feito em casa (até mesmo a carne giroscópica e salsichas), e feito com ingredientes de qualidade muito superior ao que seria de se esperar.",positive,am_thuc
18670,"Que, claro, não é carne de Kobe de verdade, mas sim carne de Wagyu.",negative,am_thuc
18671,"Além disso, especifique se você gosta de comida picante - é bastante insosso se você não gosta.",negative,am_thuc
18672,Eles foram servidos quentes e tinham um interior macio e fofo.,positive,am_thuc
18673,"O svc pode ser um pouco rude às vezes, especialmente se você tiver um grupo grande, mas no geral o restaurante é imperdível!",negative,dich_vu
18673,"O svc pode ser um pouco rude às vezes, especialmente se você tiver um grupo grande, mas no geral o restaurante é imperdível!",positive,nha_hang
18674,Tive uma ótima experiência.,positive,nha_hang
18675,MMMMMMMMMmmmmmmmm tão delicioso,positive,am_thuc
18676,É espesso e ligeiramente encharcado.,negative,am_thuc
18677,"A primeira vez o sushi foi excelente, a segunda vez foi um pouco sem graça.",positive,am_thuc
18677,"A primeira vez o sushi foi excelente, a segunda vez foi um pouco sem graça.",negative,am_thuc
18678,"Estilo autêntico de Xangai e não posso recomendar um lugar melhor em Xangai, em Nova York.",positive,nha_hang
18679,"A comida é saborosa, farta e com preços razoáveis.",positive,am_thuc
18679,"A comida é saborosa, farta e com preços razoáveis.",positive,gia_ca
18680,Frequento o 'ino há vários anos e a comida continua excelente.,positive,am_thuc
18681,Lindo lugar ideal para um jantar romântico,positive,khong_gian
18681,Lindo lugar ideal para um jantar romântico,positive,nha_hang
18682,"guacamole no pacífico é uma delícia, assim como as asas com chimmichuri.",positive,am_thuc
18683,Bonito e decorativo.,positive,khong_gian
18684,"Achei a comida excelente, principalmente o prato de salmão que comi.",positive,am_thuc
18685,"Minha esposa pediu camarão frito, que são enormes, e adorou.",positive,am_thuc
18686,Experimente rolinho de pepino com sushimi.,positive,am_thuc
18687,Eu não recomendo.,negative,nha_hang
18688,Verdadeiramente a marca de um atencioso garçom.,positive,dich_vu
18689,Não recomendaria para o jantar!,negative,nha_hang
18690,A pizza foi entregue fria e o queijo nem estava completamente derretido!,negative,am_thuc
18691,a última vez que passei por lá parecia bem vazio. hmmm.,negative,nha_hang
18692,Eu ficaria horrorizado se minha equipe estivesse recusando clientes tão cedo e tão rudemente!,negative,dich_vu
18693,O que sejamos realistas... às vezes é uma coisa boa.,positive,dich_vu
18694,O garçom entregou nossa comida enquanto segurava o que parecia ser um saco plástico de lixo em uma mão.,negative,dich_vu
18696,Voltarei aqui sempre que puder.,positive,nha_hang
18697,Pagamos um preço fixo mas não ganhamos nada!!,negative,dich_vu
18698,"Pedimos a caçarola de frango, mas o que recebemos foram alguns pedaços pequenos de frango, todos de carne escura e com osso.",negative,am_thuc
18699,"Quando cheguei lá o lugar estava lotado, mas eles fizeram questão de me acomodar rapidamente.",positive,dich_vu
18700,O sushi estava horrível!,negative,am_thuc
18702,O pessoal não é nenhuma bobagem.,positive,dich_vu
18703,Todas as pizzas são ótimas e o preço é melhor ainda!,positive,am_thuc
18703,Todas as pizzas são ótimas e o preço é melhor ainda!,positive,gia_ca
18704,"Bonito lugar, simpático garçons, mas nunca mais voltaria lá.",positive,dich_vu
18704,"Bonito lugar, simpático garçons, mas nunca mais voltaria lá.",positive,khong_gian
18704,"Bonito lugar, simpático garçons, mas nunca mais voltaria lá.",negative,nha_hang
18705,"O prato principal era insosso e pequeno, sobremesa não era inspirado.",negative,am_thuc
18706,Nossa família nunca imaginou algo tão incrível entretenimento em um restaurante.,positive,khong_gian
18707,"macarrão com camarão, frango e suco de coco é OBRIGATÓRIO!",positive,am_thuc
18708,panquecas de cebolinha e bolinhos fritos não eram nada fora do comum.,neutral,am_thuc
18709,Gostei muito deste lugar.,positive,nha_hang
18711,NUNCA fiquei decepcionado com o Red Eye.,positive,nha_hang
18714,Rápido e amigável serviço.,positive,dich_vu
18715,"Quando finalmente conseguimos uma mesa, apesar de termos indicado que queríamos um menu à la carte, fomos empurrados para uma mesa cujo preço era fixo!",negative,dich_vu
18716,Aviso: Você pode achar difícil jantar em outros restaurantes japoneses depois de uma visita ao Mizu!,positive,nha_hang
18718,Myagi é um dos meus restaurantes favoritos na cidade; o lugar que as avaliações negativas descrevem parece estar em outro lugar.,positive,nha_hang
18719,"Fresco atmosfera, a lareira na parte de trás realmente contribui para isso, mas precisa de um pouco mais de calor em uma noite fria.",positive,khong_gian
18720,"A atmosfera não é nada especial, mas parece um estabelecimento de sushi em Tóquio.",positive,khong_gian
18721,O atum e batatas wasabe são excelentes.,positive,am_thuc
18722,"Nunca tive problemas com serviço, exceto uma vez por falta de arroz.",positive,dich_vu
18723,"Estávamos preocupados que teríamos problemas para entrar, mas de alguma forma conseguimos ter uma curta espera.",positive,dich_vu
18724,"O interior é um pouco apertado, mas era de se esperar.",neutral,khong_gian
18725,Fiquei agradavelmente surpreso ao encontrar esta joia em Hoboken.,positive,nha_hang
18726,"Os aperitivos que pedimos foram servidos rapidamente - um pedido de ostras fritas e amêijoas estava delicioso, mas uma porção pequena (talvez 3 de cada).",positive,am_thuc
18726,"Os aperitivos que pedimos foram servidos rapidamente - um pedido de ostras fritas e amêijoas estava delicioso, mas uma porção pequena (talvez 3 de cada).",negative,am_thuc
18726,"Os aperitivos que pedimos foram servidos rapidamente - um pedido de ostras fritas e amêijoas estava delicioso, mas uma porção pequena (talvez 3 de cada).",positive,dich_vu
18727,"Mal posso esperar pelo verão, quando eles servirão ao ar livre em seu gigantesco pátio.",positive,khong_gian
18728,"Continuem com o bom trabalho, rapazes!",positive,nha_hang
18729,"fique com os pratos frango, carne bovina e cordeiro.",positive,am_thuc
18730,"Um pouco caro, mas vale a pena depois de experimentar.",negative,gia_ca
18730,"Um pouco caro, mas vale a pena depois de experimentar.",positive,am_thuc
18731,"No geral, foi um lugar muito romântico .",positive,nha_hang
18731,"No geral, foi um lugar muito romântico .",positive,khong_gian
18732,"Em vez de preparar prato vegetariano, o chef me presenteou com um prato de vegetais cozidos no vapor (sem molho, tempero ou qualquer forma ou apresentação estética).",negative,am_thuc
18733,"Bom, rápido serviço.",positive,dich_vu
18734,"Uma grande decepção, em todos os aspectos.",negative,nha_hang
18735,Este é o MELHOR Restaurante Shabu-Shabu na área de Try-State.,positive,nha_hang
18736,Meu namorado e eu fomos lá para comemorar meu aniversário na outra noite e tudo o que posso dizer é que foi magnífico.,positive,nha_hang
18737,O lugar era agradável e calmo.,positive,khong_gian
18738,O sanduíche de lagosta é bom e o espaguete com vieiras e camarão é ótimo.,positive,am_thuc
18739,"Planet Thailand sempre foi um sucesso para mim, costumo ir lá pelo sushi, que é ótimo, e a comida tailandesa também é excelente.",positive,am_thuc
18739,"Planet Thailand sempre foi um sucesso para mim, costumo ir lá pelo sushi, que é ótimo, e a comida tailandesa também é excelente.",positive,nha_hang
18740,NÃO voltaria.,negative,nha_hang
18741,Fomos cobrados pelo preço integral.,negative,dich_vu
18742,"Voltarei com certeza, gostaria que tivessem isso aqui em Los Angeles.",positive,nha_hang
18743,Você não pode errar no Red Eye Grill.,positive,nha_hang
18744,"No geral, a comida foi ótima (exceto as sobremesas).",positive,am_thuc
18745,"Quando a família chegou, ele deu a eles aplicativos para testar suas paletas e então fez o pedido para eles.",positive,dich_vu
18746,Não há desculpa para um serviço tão ruim !,negative,dich_vu
18747,Economize seu dinheiro e seu tempo e vá para outro lugar.,negative,nha_hang
18748,Ficamos muito decepcionados.,negative,am_thuc
18749,"Além disso, os garçons tentam empurrar mais comida para você, como sugerir coisas como se fossem de cortesia quando na verdade custam US$ .",negative,dich_vu
18750,O lugar em si é lindo e a cena dos bares parece estar acontecendo.,positive,khong_gian
18751,"Para as pessoas que querem ótima comida e ótima serviço, Roxy é um lugar a EVITAR!",negative,am_thuc
18751,"Para as pessoas que querem ótima comida e ótima serviço, Roxy é um lugar a EVITAR!",negative,dich_vu
18752,"Quando tropeçamos em Leon, pensamos que tínhamos encontrado uma verdadeira joia, MAS, certamente estávamos errados.",negative,nha_hang
18753,A pizza é uma delícia e eu gosto do ambiente.,positive,am_thuc
18753,A pizza é uma delícia e eu gosto do ambiente.,positive,khong_gian
18754,O Seafood Dynamite também é sobrenatural.,positive,am_thuc
18755,este lugar tinha TODOS os acompanhamentos e eu quero dizer todos.,positive,am_thuc
18756,Eu comi o melhor ravioli de todos os tempos.,positive,am_thuc
18757,Não consigo imaginar melhor comida indiana em toda a cidade.,positive,am_thuc
18758,Aconchegante e romântico atmosfera com apenas 15 mesas no máximo.,positive,khong_gian
18759,"Outros convidados gostaram de pizza, salada picada de Santa Fé e peixe com batatas fritas.",positive,am_thuc
18760,Melhor comida taiwanesa em NY!,positive,am_thuc
18761,"A comida era medíocre na melhor das hipóteses, mas foi o horrível serviço que me fez jurar nunca mais voltar.",negative,am_thuc
18761,"A comida era medíocre na melhor das hipóteses, mas foi o horrível serviço que me fez jurar nunca mais voltar.",negative,dich_vu
18762,Se você está procurando por comida de boa qualidade e barata comidas - este é o lugar.,positive,am_thuc
18762,Se você está procurando por comida de boa qualidade e barata comidas - este é o lugar.,positive,gia_ca
18763,"Pedimos alguns pratos sopa de carne e macarrão da seção tailandesa do menu, mas nada que recebemos era tailandês.",negative,am_thuc
18764,"O bibimbap estava normal, mas a tigela de pedra nem chegou perto de chiar.",neutral,am_thuc
18764,"O bibimbap estava normal, mas a tigela de pedra nem chegou perto de chiar.",negative,am_thuc
18765,"Este lugar, que tem apenas alguns meses de existência, é talvez o maior segredo do Queens!",positive,nha_hang
18766,"A comida era boa, não ótima, não vale a pena esperar ou visitar novamente",neutral,am_thuc
18767,"Não tenho certeza de onde o revisor anterior, lonk, jantou, mas Saul fica em um ótimo bairro e tem ótima comida!",positive,vi_tri
18767,"Não tenho certeza de onde o revisor anterior, lonk, jantou, mas Saul fica em um ótimo bairro e tem ótima comida!",positive,am_thuc
18768,"Meu amigo pediu a pizza de cogumelos, que tinha um sabor melhor.",positive,am_thuc
18769,Paguei cerca de US$ 60 por uma boa refeição,positive,am_thuc
18769,Paguei cerca de US$ 60 por uma boa refeição,positive,gia_ca
18770,Agradável vista do rio e de Nova York.,positive,vi_tri
18771,"Encontrei-o numa noite fria, o lugar perfeito local para me aquecer.",positive,nha_hang
18772,Fiquei muito decepcionado com este restaurante.,negative,nha_hang
18773,MMmmm... estava uma delícia.,positive,am_thuc
18774,A omelete para brunch é ótima...,positive,am_thuc
18775,Os bolinhos fritos são ÓTIMOS!,positive,am_thuc
18776,"Se você for pela comida, não valerá a pena.",negative,am_thuc
18777,Nunca mais!,negative,nha_hang
18778,"Em primeiro lugar, este lugar *não* é romântico, como afirma a análise editorial do Citysearch.",negative,khong_gian
18779,Tem um encontro? Vá aqui!,positive,nha_hang
18780,Meu favorito foi o sassy lassi ...,positive,am_thuc
18781,Um excelente serviço,positive,dich_vu
18782,"Fiquei muito impressionado com decoração e comida, com a hospitalidade e com a ótima noite que tive!",positive,khong_gian
18782,"Fiquei muito impressionado com decoração e comida, com a hospitalidade e com a ótima noite que tive!",positive,am_thuc
18782,"Fiquei muito impressionado com decoração e comida, com a hospitalidade e com a ótima noite que tive!",positive,dich_vu
18782,"Fiquei muito impressionado com decoração e comida, com a hospitalidade e com a ótima noite que tive!",positive,nha_hang
18784,Vale a pena visitar o 1st Ave spot porque é a loja original.,positive,nha_hang
18785,"No geral, excelente restaurante!",positive,nha_hang
18788,Uma fraqueza é o frango nas saladas.,negative,am_thuc
18789,Uma vergonha esse lugar pela péssima grosseria equipe e inexistente atendimento ao cliente.,negative,dich_vu
18790,Mas muito a leste!,negative,vi_tri
18791,Começamos com um delicioso sashimi amuse bouche.,positive,am_thuc
18792,"Talvez tenha sido a ótima companhia (tive amigos da Filadélfia visitando - sim, não foi um encontro dessa vez) ou o preço super razoável, mas não consigo dizer coisas boas o suficiente sobre isso brasserie.",positive,nha_hang
18792,"Talvez tenha sido a ótima companhia (tive amigos da Filadélfia visitando - sim, não foi um encontro dessa vez) ou o preço super razoável, mas não consigo dizer coisas boas o suficiente sobre isso brasserie.",positive,gia_ca
18793,É um bom lugar para relaxar e conversar.,positive,khong_gian
18794,Mas isso não foi a cereja do bolo: um tiramisu que não se parecia com nada que eu já tivesse comido.,negative,am_thuc
18796,Eu me apaixonei pelo macarrão de ovo no caldo de carne com bolinhos de camarão e fatias de porco assado na churrasqueira.,positive,am_thuc
18797,"A comida era muito boa, um ótimo negócio, e o lugar em si era ótimo.",positive,am_thuc
18797,"A comida era muito boa, um ótimo negócio, e o lugar em si era ótimo.",positive,gia_ca
18797,"A comida era muito boa, um ótimo negócio, e o lugar em si era ótimo.",positive,khong_gian
18798,Não consegui nem aproveitar o purê de batatas porque ele estava completamente escondido sob o frango e o espinafre.,negative,am_thuc
18799,O Yellowtail também foi particularmente bom.,positive,am_thuc
18800,"Com tantas experiências ruins no distrito dos teatros, é realmente um excelente achado!",positive,nha_hang
18801,"O preço é alto, mas a comida é boa, então eu voltaria novamente.",positive,am_thuc
18801,"O preço é alto, mas a comida é boa, então eu voltaria novamente.",negative,gia_ca
18801,"O preço é alto, mas a comida é boa, então eu voltaria novamente.",positive,nha_hang
18803,A carta de vinhos era extensa - embora a equipe não parecesse ter muito conhecimento sobre harmonização de vinhos.,positive,am_thuc
18803,A carta de vinhos era extensa - embora a equipe não parecesse ter muito conhecimento sobre harmonização de vinhos.,negative,dich_vu
18804,"Os calzones deles são horríveis, ruins, dão vômito, ECA.",negative,am_thuc
18805,Os preços estão em linha.,neutral,gia_ca
18807,Nós dois optamos por um prato de massa e eles foram servidos na hora certa e frescos.,positive,dich_vu
18807,Nós dois optamos por um prato de massa e eles foram servidos na hora certa e frescos.,positive,am_thuc
18808,Já fui muitas vezes e nunca fiquei decepcionado.,positive,nha_hang
18809,"Eles têm ótimos rolinhos, o triplo colorido e o norueguês rolinhos, são incríveis e satisfatórios.",positive,am_thuc
18810,"As bolinhas de batata não estavam nada secas... na verdade, estavam amanteigadas.",positive,am_thuc
18811,"Muito, muito legal",positive,nha_hang
18812,Já fui várias vezes e nunca decepcionou.,positive,nha_hang
18813,"Os frutos do mar são incríveis, há uma boa carta de vinhos e o menu sempre muda e sempre oferece ótimas surpresas.",positive,am_thuc
18814,Definitivamente um ótimo local para uma ocasião ou encontro agradável.,positive,nha_hang
18816,Um dos MELHORES,positive,nha_hang
18817,"Fomos por volta das 9h30 de uma sexta-feira e o clima já tinha diminuído um pouco, então o serviço foi ótimo!",positive,dich_vu
18819,"A comida era boa, o lugar era limpo e acessível.",positive,am_thuc
18819,"A comida era boa, o lugar era limpo e acessível.",positive,khong_gian
18819,"A comida era boa, o lugar era limpo e acessível.",positive,gia_ca
18820,tão delicioso ! ! ! ! ! !,positive,am_thuc
18821,"Eu sabia desse segredo pelos últimos 13 anos, Emilio (o Poderoso Chefão) continuou a servir comida e vinho para os deuses a preços mortais.",positive,am_thuc
18821,"Eu sabia desse segredo pelos últimos 13 anos, Emilio (o Poderoso Chefão) continuou a servir comida e vinho para os deuses a preços mortais.",positive,gia_ca
18822,"Embora as mesas possam estar muito próximas, a luz de velas, a qualidade da comida e o serviço compensam.",positive,khong_gian
18822,"Embora as mesas possam estar muito próximas, a luz de velas, a qualidade da comida e o serviço compensam.",positive,am_thuc
18822,"Embora as mesas possam estar muito próximas, a luz de velas, a qualidade da comida e o serviço compensam.",positive,dich_vu
18822,"Embora as mesas possam estar muito próximas, a luz de velas, a qualidade da comida e o serviço compensam.",negative,khong_gian
18823,Sobremesa é uma piada... não se incomode,negative,am_thuc
18825,A comida é boa e os preços aqui são medíocres.,neutral,am_thuc
18825,A comida é boa e os preços aqui são medíocres.,neutral,gia_ca
18826,"Nesse momento, a garçonete se aproxima e pergunta se estava tudo bem. Fiquei literalmente tão chocado que fiquei sem palavras e não disse nada. E, adivinhe, a garçonete FOI embora.",negative,dich_vu
18827,Devo dizer que fiquei agradavelmente surpreso e provavelmente voltarei lá se estiver por perto.,positive,nha_hang
18828,Adorei,positive,nha_hang
18829,"Se as celebridades fazem você suar, então você vai se dar mal, mas se você for como a maioria por aqui, então você vai apenas bocejar e se perguntar o que é toda essa agitação.",negative,nha_hang
18830,"Um pouco cheio, mas eles andam na fila muito rápido!",positive,dich_vu
18830,"Um pouco cheio, mas eles andam na fila muito rápido!",negative,nha_hang
18831,Bruto comida – Uau-,negative,am_thuc
18832,"As porções são ENORMES, então pode ser uma boa ideia pedir três coisas para dividir (em vez de uma entrada e um prato principal por pessoa) para duas pessoas.",neutral,am_thuc
18833,"Experimente o Pad Thai, é fabuloso e os preços são muito baratos!",positive,am_thuc
18833,"Experimente o Pad Thai, é fabuloso e os preços são muito baratos!",positive,gia_ca
18834,"Meu marido e eu pensamos que seria ótimo ir ao Jekyll and Hyde Pub para comemorar nosso aniversário e, para nossa surpresa, foi fantástico.",positive,nha_hang
18835,"eu sei, você estava muito ocupado exibindo sua camiseta vintage e parecendo entediado, mas minha agenda é: estou aqui para comer e aproveitar a companhia de amigos, buscando uma experiência agradável.",negative,dich_vu
18836,Meu chow fun e chow see era realmente sem graça e oleoso.,negative,am_thuc
18837,"É verdade que algumas noites dentro do restaurante eram bastante quentes, mas a cozinha aberta faz parte do charme.",positive,khong_gian
18837,"É verdade que algumas noites dentro do restaurante eram bastante quentes, mas a cozinha aberta faz parte do charme.",negative,khong_gian
18839,"Nós comemos pizza meio a meio, a minha era de berinjela e meu amigo pediu a de búfalo e era tão grande para uma pizza pequena!",positive,am_thuc
18840,"por favor, não nos engane.",negative,nha_hang
18841,A comida é saborosa e o tamanho das porções é apropriado.,positive,am_thuc
18842,"lagosta estava boa, nada espetacular.",neutral,am_thuc
18843,Chennai Garden é meu restaurante indiano favorito na cidade.,positive,nha_hang
18844,Linda experiência.,positive,nha_hang
18845,Nem me faça começar a falar das margaritas.,negative,am_thuc
18846,"A comida é deliciosa - dos pratos especiais aos pratos do menu regular, os pratos nunca são uma decepção.",positive,am_thuc
18847,Não porque você é `` As Quatro Estações `` ... – você tem o direito de cobrar uma fortuna por um jantar romântico.,negative,gia_ca
18848,"Os altos preços que você vai pagar são pela vista, não pela comida.",negative,gia_ca
18849,Localizado no final de um magnífico quarteirão.,positive,vi_tri
18850,A equipe  é incrivelmente prestativa e atenciosa.,positive,dich_vu
18851,Valeu a pena esperar.,positive,nha_hang
18853,"É sem graça por dentro, e o nosso sushi estava bem abaixo da média... o atum estava encharcado e o outro rolinhos não tinha sabor.",negative,khong_gian
18853,"É sem graça por dentro, e o nosso sushi estava bem abaixo da média... o atum estava encharcado e o outro rolinhos não tinha sabor.",negative,am_thuc
18854,"Esteja preparado para esperar, porque o lugar é bem pequeno.",negative,nha_hang
18854,"Esteja preparado para esperar, porque o lugar é bem pequeno.",negative,khong_gian
18856,Definitivamente não é um lugar para ir se você quer impressionar alguém.,negative,nha_hang
18857,"No entanto, quando recebi meu pedido previsivelmente medíocre do que Dokebi acha que passa como comida coreana justa (às vezes você tem que se contentar quando é sua única opção), comi cerca de metade do meu kimchee antes de encontrar um pedaço de alface aleatório acompanhado de um pedaço de pele de peixe muito mais nojento, viscoso e claramente ruim.",negative,am_thuc
18858,Estou feliz que fiz o comida foi incrível.,positive,am_thuc
18859,Amma não é nada especial.,neutral,nha_hang
18860,"Chamar o lugar Hampton Chutney Co. avisa que essas pessoas oferecem mais estilo do que substância, mas nesta sala pouco atraente com funcionários inúteis também havia uma escassez do primeiro.",negative,nha_hang
18860,"Chamar o lugar Hampton Chutney Co. avisa que essas pessoas oferecem mais estilo do que substância, mas nesta sala pouco atraente com funcionários inúteis também havia uma escassez do primeiro.",negative,khong_gian
18860,"Chamar o lugar Hampton Chutney Co. avisa que essas pessoas oferecem mais estilo do que substância, mas nesta sala pouco atraente com funcionários inúteis também havia uma escassez do primeiro.",negative,dich_vu
18861,A GRANDE RECLAMAÇÃO: NÃO HÁ BRINDES DISPONÍVEIS.,negative,dich_vu
18862,brioche e pirulitos como lembrancinhas são um toque fofo e doce para uma refeição memorável.,positive,am_thuc
18865,Ir para Bark sempre vale a pena a viagem de trem e deixará sua língua e barriga muito felizes!,positive,nha_hang
18865,Ir para Bark sempre vale a pena a viagem de trem e deixará sua língua e barriga muito felizes!,positive,am_thuc
18866,"No geral, eu voltaria, pois era um lindo restaurante, mas espero que a equipe preste mais atenção aos pequenos detalhes no futuro.",positive,nha_hang
18866,"No geral, eu voltaria, pois era um lindo restaurante, mas espero que a equipe preste mais atenção aos pequenos detalhes no futuro.",positive,khong_gian
18866,"No geral, eu voltaria, pois era um lindo restaurante, mas espero que a equipe preste mais atenção aos pequenos detalhes no futuro.",negative,dich_vu
18867,Autêntico comida taiwanesa que é barato... o que mais você poderia pedir?,positive,am_thuc
18867,Autêntico comida taiwanesa que é barato... o que mais você poderia pedir?,positive,gia_ca
18868,"Não tenho certeza de onde os outros críticos comeram, mas parece que visitamos dois restaurantes diferentes porque meus amigos e eu gostamos muito Mizu... e somos clientes recorrentes.",positive,nha_hang
18870,"Eu recomendo fortemente o Café St. Bart pela comida, pelo ambiente e pelo maravilhoso serviço.",positive,am_thuc
18870,"Eu recomendo fortemente o Café St. Bart pela comida, pelo ambiente e pelo maravilhoso serviço.",positive,khong_gian
18870,"Eu recomendo fortemente o Café St. Bart pela comida, pelo ambiente e pelo maravilhoso serviço.",positive,de_xuat
18871,Um dos meus lugares favoritos em Manhattan.,positive,nha_hang
18872,"A comida era excelente, assim como o serviço, no entanto, saí do The Four Seasons muito decepcionado.",positive,am_thuc
18872,"A comida era excelente, assim como o serviço, no entanto, saí do The Four Seasons muito decepcionado.",positive,dich_vu
18872,"A comida era excelente, assim como o serviço, no entanto, saí do The Four Seasons muito decepcionado.",negative,nha_hang
18873,"A sua lista de saké era extensa, mas estávamos à procura do Purple Haze, que não estava listado, mas foi feito para nós mediante pedido!",positive,am_thuc
18873,"A sua lista de saké era extensa, mas estávamos à procura do Purple Haze, que não estava listado, mas foi feito para nós mediante pedido!",positive,dich_vu
18874,"A DJ da casa nas noites de sábado tem um gosto musical extremamente bom e, além disso, aceita pedidos.",positive,khong_gian
18875,"você sabe o que quero dizer, todas as coisas positivas que aconteceram lá me fizeram escrever esta avaliação.",positive,nha_hang
18876,Comi o especial de peito de pato na minha última visita e estava incrível.,positive,am_thuc
18887,dokonca aj víno po pohári bolo dobré.,positive,am_thuc
18922,Bara inte bra alls.,negative,am_thuc
18930,Bra kreativ semlor!,positive,am_thuc
18962,Upendo Al Di La,positive,nha_hang
18978,penda chakula.,positive,am_thuc
18979,Mazingira tulivu na maridadi .,positive,khong_gian
18990,Upendo YUKA .,positive,nha_hang
19044,Çok romantik.,positive,khong_gian
19057,Servis de çok iyiydi.,positive,dich_vu
19060,Fiyatlar çok iyi.,positive,gia_ca
19072,Faan çok iyi.,positive,nha_hang
19380,pizza có giá quá cao và nhão.,negative,am_thuc
19380,pizza có giá quá cao và nhão.,negative,gia_ca
22120,Envuelto individualmente.,positive,am_thuc
22339,Ma fille adore ça yaourts fondants.,positive,am_thuc
22496,"Eu diria que esses sacos se tiver sorte, provavelmente mais como 2 usos por sacos, pois são muito menores do que o esperado.",negative,am_thuc
22498,Minha mistura favorita de café para minha Keurig.,positive,am_thuc
22499,O sabor é puro deleite cítrico.,positive,am_thuc
22500,Vale muito a pena o dinheiro gasto!!,positive,gia_ca
22501,"Consegui beber um pouco, mas precisava de muito tratamento.",negative,am_thuc
22503,O pacote  é barato e não pode ser fechado novamente.,negative,am_thuc
22503,O pacote  é barato e não pode ser fechado novamente.,neutral,am_thuc
22504,"Também é muito rico em nutrientes como ferro e magnésio, por isso troquei.",positive,am_thuc
22505,Também tem sabor de menta.,neutral,am_thuc
22506,Sinto que desperdicei totalmente o vale-presente que me foi dado.,negative,gia_ca
22507,Talvez escreva para seu congressista e peça que ingredientes derivados de trabalho escravo sejam rotulados?,negative,am_thuc
22508,"Eu fiz o meu em uma prensa francesa, com tempo de infusão de 3:30 a 4 minutos para obter melhores resultados.",positive,am_thuc
22509,"Nós experimentamos Lamb and Rice e Kodiac, adoramos e desde então paramos de mastigar as patas dele.",positive,am_thuc
22510,Obrigado a amazon . com por disponibilizar este bom chá a um preço justo.,positive,am_thuc
22511,Deve haver uma razão pela qual eles são tão bons.,positive,am_thuc
22512,Ambos foram maravilhosos.,positive,am_thuc
22513,Este produto não é bom e varia em consistência.,negative,am_thuc
22514,"A única coisa que me preocupa é a quantidade de açúcar, mas não é um exagero tão grande.",negative,am_thuc
22514,"A única coisa que me preocupa é a quantidade de açúcar, mas não é um exagero tão grande.",positive,am_thuc
22515,É uma delícia e simples de fazer.,positive,am_thuc
22516,Provavelmente o melhor dos chás que já experimentei até agora.,positive,am_thuc
22517,É uma das cervejas mais baratas cervejas do mercado e que não decepciona o bebedor.,positive,gia_ca
22517,É uma das cervejas mais baratas cervejas do mercado e que não decepciona o bebedor.,positive,am_thuc
22518,Vale a pena o $$.,positive,gia_ca
22519,"É realmente verde brilhante, então espere que muitas pessoas o incomodem com perguntas!",positive,am_thuc
22520,Isso foi extremamente doce.,negative,am_thuc
22521,Eles têm um ótimo equilíbrio entre doçura e tempero.,positive,am_thuc
22522,"Bem, agora não preciso mais esperar que meus amigos me enviem árabe café da Palestina. Posso fazer eu mesmo aqui nos EUA. Normalmente, torro um punhado de cardamomo e misturo com o Yemini árabe café - também da Amazon - e moo bem fino. Isso faz uma xícara perfeita de café. cardamomo também fica ótimo com carne moída, costumo adicioná-lo aos meus hambúrgueres e eles ficam fabulosos.",positive,am_thuc
22523,Muito suave e totalmente delicioso.,positive,am_thuc
22524,"Na verdade, não só o sabor era inferior, mas eu também NÃO gostei da consistência quando comparado às barras Clif Builder mais firmes.",negative,am_thuc
22525,Este café é ousado e realmente faz você começar!,neutral,am_thuc
22525,Este café é ousado e realmente faz você começar!,positive,am_thuc
22526,"Eles também são ótimos para recompensas de treinamento, pois não são carregados de calorias.",positive,am_thuc
22528,Mas com certeza pedirei mais!,positive,am_thuc
22529,Este é o nosso favorito aveia aqui em casa.,positive,am_thuc
22530,Comprei um saco ENORME dele e basicamente vivi dele até acabar.,positive,am_thuc
22531,"Se você gostava dos biscoitos McDonaldland quando criança, experimente os biscoitos Elfin, eles têm um sabor muito parecido.",neutral,am_thuc
22533,"Tenho certeza de que o chocolate é bom, mas não é apetitoso com gel por toda parte.",positive,am_thuc
22533,"Tenho certeza de que o chocolate é bom, mas não é apetitoso com gel por toda parte.",negative,am_thuc
22534,"A lata de cinco onças fornece cinco onças cheias de atum, totalmente utilizáveis.",positive,am_thuc
22535,"Recomendo vivamente a quem não pode comer Gulten que experimente este produto, pois no meu caso é um salva-vidas!",positive,noi_chung
22535,"Recomendo vivamente a quem não pode comer Gulten que experimente este produto, pois no meu caso é um salva-vidas!",positive,am_thuc
22536,"O produto é superior, embora talvez não seja o mais saboroso.",positive,am_thuc
22536,"O produto é superior, embora talvez não seja o mais saboroso.",negative,am_thuc
22537,Algumas pessoas que não bebem café estão gostando dessa bebida em particular.,positive,am_thuc
22538,O café tinha um gosto muito velho.,negative,am_thuc
22539,Sempre fiquei sem entender por que ele não é mais popular.,neutral,am_thuc
22540,Nós bebemos isso todos os dias!,positive,am_thuc
22541,Acho que SweetGourmet também tem a melhor relação preço/peso para este item.,positive,gia_ca
22542,O preço do pacote aqui economiza dinheiro em relação à compra em lojas locais de produtos naturais.,positive,gia_ca
22543,Experimentei o Crema e Gusto com base nas avaliações positivas e estou feliz por termos feito isso!,positive,am_thuc
22544,Eu adoro Barras de nozes e tâmaras KIND!,positive,am_thuc
22545,"Suave, bem redondo e sem sabor amargo.",positive,am_thuc
22546,"O alimento é feito de ingredientes saudáveis e é especialmente bom para um dos nossos cães que tem alergias de pele, e há muitos ingredientes que ele não tolera.",positive,am_thuc
22547,"Com ou sem adições, é uma sopa saborosa e saudável sopa.",positive,am_thuc
22548,"Normalmente gosto de um café forte, e este era mais suave do que o meu habitual, mas o sabor era fantástico!",positive,am_thuc
22548,"Normalmente gosto de um café forte, e este era mais suave do que o meu habitual, mas o sabor era fantástico!",neutral,am_thuc
22549,Não quero ter que trabalhar tanto para ficar gostoso.,positive,am_thuc
22550,Vou comprar k - xícaras na Amazon sempre que precisarmos agora!,positive,am_thuc
22551,Vou fazer novos pedidos com eles.,positive,am_thuc
22552,Mal posso esperar para assar com ele novamente.,positive,am_thuc
22553,"Quando abri o pacote, fiquei preocupado que simplesmente não tivessem o mesmo sabor, mas não tema, são exatamente como me lembro.",neutral,am_thuc
22553,"Quando abri o pacote, fiquei preocupado que simplesmente não tivessem o mesmo sabor, mas não tema, são exatamente como me lembro.",positive,am_thuc
22554,"A baunilha é versátil e pode ser usada para cozinhar, fazer café, chá, etc.",positive,am_thuc
22555,"Contém grãos integrais saudáveis, nozes saudáveis (inteiras, não em pedaços pequenos) e frutas saudáveis.",positive,am_thuc
22556,Este Bebida de Café Cappuccino illy issimo é muito bom servido com gelo!,positive,am_thuc
22557,Comprei este wasabi porque nunca me canso do material que vem com o sushi. Mas cuidado... este material é picante!,neutral,am_thuc
22558,"Esta bebida era muito boa, um pouco parecida com café, mas com um sabor mais parecido com ""gergelim"".",positive,am_thuc
22559,"Eles têm um sabor agradável, mas não são o que eu esperava.",positive,am_thuc
22559,"Eles têm um sabor agradável, mas não são o que eu esperava.",negative,am_thuc
22560,Estou emocionado por encontrar um petisco que Snows está ansioso para comer.,positive,am_thuc
22561,A família disse que eles eram os melhores que eu já tinha feito.,positive,am_thuc
22562,"Este é um ótimo produto * e * se você fizer uma análise de custo do pacote de 10 em relação a este de 21 onças, verá que está obtendo centenas de por cento de lucro de volta ao comprar este em vez dos pacotes individuais.",positive,am_thuc
22562,"Este é um ótimo produto * e * se você fizer uma análise de custo do pacote de 10 em relação a este de 21 onças, verá que está obtendo centenas de por cento de lucro de volta ao comprar este em vez dos pacotes individuais.",positive,gia_ca
22564,E continua sendo o mesmo produto confiável e saudável produto de sempre.,positive,am_thuc
22565,Gosto de café forte e Dark Magic é bem próximo do que eu gosto.,positive,am_thuc
22566,Ousado e divertido!,neutral,am_thuc
22566,Ousado e divertido!,positive,am_thuc
22567,Este é o melhor chá preto de todos os tempos.,positive,am_thuc
22568,"É suave e suave, mas ainda forte o suficiente para que você saiba que está bebendo café.",positive,am_thuc
22569,Tentei outras marcas sem sucesso.,positive,am_thuc
22570,"Eu simplesmente adoro isso goma de mascar... comprei pela primeira vez em uma loja de produtos naturais. Sim, a goma de mascar é um pouco pegajosa no começo, mas depois de mastigar por um tempo...",positive,am_thuc
22570,"Eu simplesmente adoro isso goma de mascar... comprei pela primeira vez em uma loja de produtos naturais. Sim, a goma de mascar é um pouco pegajosa no começo, mas depois de mastigar por um tempo...",negative,am_thuc
22571,"Este wasabi é muito bom, mas não tão bom quanto o que normalmente vem com o sushi.",positive,am_thuc
22571,"Este wasabi é muito bom, mas não tão bom quanto o que normalmente vem com o sushi.",negative,am_thuc
22573,Embalado individualmente.,positive,am_thuc
22574,"Este amante de mirtilos adoraria um chocolate cheio de mirtilos secos, adicionando o sabor apropriado de mirtilo a essas barras crocantes lanche.",neutral,am_thuc
22575,"Rico e cremoso, mas não muito doce!",positive,am_thuc
22576,Você precisará de cada um dos três para o bloody mary perfeito!,positive,am_thuc
22577,"A carne é sólida, sem pedacinhos flutuando na água e com muito pouco óleo natural.",positive,am_thuc
22578,Minha filha adora estes iogurte derretido.,positive,am_thuc
22579,Ainda não há resposta da Amazon sobre a substituição do pacote perdido.,negative,am_thuc
22580,Estou satisfeito com o produto.,positive,am_thuc
22582,O ÚNICO problema que tenho com as gotas é que pode ser muito difícil descobrir exatamente quanto você precisa para alguma coisa.,negative,am_thuc
22583,"Embora talvez tenha um sabor levemente achocolatado, sem nenhum toque de coco.",positive,am_thuc
22583,"Embora talvez tenha um sabor levemente achocolatado, sem nenhum toque de coco.",negative,am_thuc
22585,"Adicionei frango, vegetais mistos e um pacote parcial de caldo de galinha condensado, mas o sabor do quinoa estava muito forte.",negative,am_thuc
22586,"Provavelmente porque eu experimentei principalmente leite de coco e não água, eu diria que isso não foi nada do que eu esperava.",neutral,am_thuc
22587,"Meu café torrado italiano favorito ainda é o Tully's Coffee Italian, K-cups para cafeteiras Keurig, 24 unidades, caixas (pacote com 2), embora esta xícara seja um bom café para todas as manhãs ou a qualquer hora, com aquele acabamento italiano crocante.",positive,am_thuc
22588,Ótimo negócio comparado ao que você paga em lojas de varejo.,positive,gia_ca
22589,Este é o único chá que encontrei que tem um sabor forte de laranja.,positive,am_thuc
22591,Concordo com Catriona sobre o fato de que essas barras têm gosto de barra de amendoim e não são nada parecidas com a descrição anunciada.,negative,am_thuc
22592,Minha esposa os encontrou em uma loja especializada local e eles rapidamente se tornaram os favoritos quando nos sentamos para tomar café ou chá.,positive,am_thuc
22593,Você vai adorar sua torta.,positive,am_thuc
22594,Eles não eram horríveis,positive,am_thuc
22595,Fiz um molho para salada com isso e gostei.,positive,am_thuc
22596,Não é tão caro quanto os cereais fibrosos anunciados nacionalmente.,positive,gia_ca
22597,também é interessante que os grãos sejam tão brancos e comparados com os restantes rebentam ou pelo menos metade rebentam cerca de 95% dos grãos do saco.,positive,am_thuc
22598,Este café Green Mountain Dark Magic é muito bom.,positive,am_thuc
22599,O fato de serem bons para você é um bônus.,positive,am_thuc
22600,Fiquei viciado depois da primeira mordida.,positive,am_thuc
22601,"Eles são um pouco apertados para caber na área do filtro de porta, mas podem ser espremidos.",negative,am_thuc
22601,"Eles são um pouco apertados para caber na área do filtro de porta, mas podem ser espremidos.",positive,am_thuc
22602,Adoro beber quando estou comendo uma sobremesa de chocolate.,positive,am_thuc
22603,essas batatas fritas são tão boas. Elas têm uma ótima textura leve e crocante.,positive,am_thuc
22604,"Não é um dos chás mais caros chás do mercado, mas consegue estar alguns passos acima do padrão de folhas trituradas chás ao qual a maioria das pessoas está acostumada.",positive,gia_ca
22604,"Não é um dos chás mais caros chás do mercado, mas consegue estar alguns passos acima do padrão de folhas trituradas chás ao qual a maioria das pessoas está acostumada.",positive,am_thuc
22605,Mas esta é muito refrescante.,positive,am_thuc
22606,Eu definitivamente esperava uma torra mais escura.,neutral,am_thuc
22607,Eu recomendo fortemente ração Blue Buffalo para todos aqueles que desejam alimentar seus animais de estimação da melhor forma possível!,positive,noi_chung
22607,Eu recomendo fortemente ração Blue Buffalo para todos aqueles que desejam alimentar seus animais de estimação da melhor forma possível!,positive,am_thuc
22608,É muito apreciado por toda a minha família.,positive,am_thuc
22609,"Não muito florido, costumo tirar duas xícaras de um saquinho de chá.",positive,am_thuc
22610,É muito leve e basta usar um pouco de Splenda.,positive,am_thuc
22611,Exatamente como eu gosto.,positive,am_thuc
22613,É o único petisco para cachorro que ele come agora.,positive,am_thuc
22614,Meu outro gato e meu cachorro também os adoram (mas não são tão difíceis de agradar).,positive,am_thuc
22615,"Ficou tolerável se eu adicionasse açúcar, gengibre e leite.",positive,am_thuc
22616,"Se o seu cão gosta de guloseimas, experimente estas. Ele deixará cair outras guloseimas se vir estas saindo.",positive,noi_chung
22616,"Se o seu cão gosta de guloseimas, experimente estas. Ele deixará cair outras guloseimas se vir estas saindo.",positive,am_thuc
22617,VOU TER ALGUNS À MÃO,positive,am_thuc
22618,Enviei uma caixa para minha filha.,positive,am_thuc
22619,Elas têm de 3 a 4 vezes o tamanho de um ursinho de goma típico e a consistência de uma bala de goma sem o açúcar.,neutral,am_thuc
22619,Elas têm de 3 a 4 vezes o tamanho de um ursinho de goma típico e a consistência de uma bala de goma sem o açúcar.,positive,am_thuc
22620,"Também é um ótimo negócio! ! ! eles geralmente custam 1,25 a 7/11.",positive,gia_ca
22621,Já faz uma semana que estou alimentando ela com essa comida e seus triglicerídeos voltaram ao normal!,positive,am_thuc
22622,"Julgando apenas pela nutrição e pelo sabor, senti que eles deveriam ter um sabor melhor pela quantidade de calorias que tinham.",neutral,am_thuc
22623,"Para reduzir as calorias, às vezes deixo de fora o azeite de oliva. Mesmo assim, continua super saboroso!!!",positive,am_thuc
22624,Excelente produto para ter à mão na cozinha!,positive,am_thuc
22625,Recomendo-os aos amantes de chocolate amargo e encomendei mais três caixas imediatamente.,positive,noi_chung
22626,"Acrescento tomate em cubos, salsa e um pouco de suco de limão e fica perfeito!",positive,am_thuc
22627,"Ou compre a versão COM TEMPERO, é muito boa também, eu prefiro Baunilha)",positive,am_thuc
22628,"O sabor da amêndoa é perfeito e os biscoitos embalados individualmente ""biscoitos"" os mantêm frescos mesmo depois que a caixa é aberta.",positive,am_thuc
22629,"Não percebi que estava pedindo 4 recipientes grandes de semente de linhaça. Provavelmente é melhor para pedidos comerciais, eu acho.",negative,am_thuc
22630,"Se você ainda não pediu isso, faça isso AGORA MESMO!",positive,noi_chung
22631,É um produto muito melhor que o chocolate quente Swiss Miss Diet.,positive,am_thuc
22633,Eu realmente pensei que gostaria mais deles.,negative,am_thuc
22634,"Outras ""vantagens"" são que tem um ótimo custo-benefício e, por ser ""instantâneo"", é rápido e fácil de preparar.",positive,gia_ca
22634,"Outras ""vantagens"" são que tem um ótimo custo-benefício e, por ser ""instantâneo"", é rápido e fácil de preparar.",positive,am_thuc
22635,Foi um jantar ótimo e satisfatório.,positive,am_thuc
22636,"Comparado aos chás de rooibos, esta variante de honeybush com baunilha ameniza o gosto residual.",positive,am_thuc
22637,Nós amamos isso!,positive,am_thuc
22638,Aparentemente não posso devolver a caixa de biscoitos.,negative,am_thuc
22639,"Se você gosta de Starbucks Blonde ou Pikes Place, esses não são os cafés para você.",negative,am_thuc
22640,Basta misturar com água e aproveitar.,positive,am_thuc
22641,"Não é salgado, como a maioria das misturas de temperos.",positive,am_thuc
22642,Nós o comemos como um lanche e ficamos realmente satisfeitos com o sabor e o teor de fibras.,positive,am_thuc
22643,Este não combinou comigo.,negative,am_thuc
22644,Altamente recomendado a todos,positive,noi_chung
22645,Várias gotas chegaram em chocolate sem nenhuma fava no centro.,negative,am_thuc
22646,Tem quase o dobro de proteína de qualquer outro tipo de aveia.,positive,am_thuc
22647,É o melhor!,positive,am_thuc
22648,Adoro o tempero defumado que isso acrescenta aos pratos.,positive,am_thuc
22649,Esta é a MELHOR sopa de tomate ! !,positive,am_thuc
22650,E ele vem correndo.,positive,am_thuc
22651,Eu adoro preto!,positive,am_thuc
22652,Eu recomendo fortemente este produto; é um lanche saudável e ótimo para pessoas que estão sempre em movimento.,positive,noi_chung
22652,Eu recomendo fortemente este produto; é um lanche saudável e ótimo para pessoas que estão sempre em movimento.,positive,am_thuc
22654,"Não me canso deles, são doces e picantes, e com uma boa textura.",positive,am_thuc
22655,Este é de longe o melhor negócio para quinoa.,positive,gia_ca
22656,Satisfeito com o serviço e o produto.,positive,am_thuc
22657,Me ajudou a me recuperar das sessões de treinamento.,positive,am_thuc
22658,"Eu poderia, é claro, compará-lo com o da minha avó torta e criticá-lo, mas, em vez disso, apenas dizer que se você não come ruibarbo torta há algum tempo, ou nunca comeu, esta é uma das melhores e mais fáceis maneiras de reintroduzir ou apresentar a você esta maravilhosa torta.",positive,am_thuc
22659,"Não recomendo comer estes Jelly Bellies, a menos que seu corpo precise de eletrólitos, eles têm um sabor muito doce e salgado.",negative,am_thuc
22659,"Não recomendo comer estes Jelly Bellies, a menos que seu corpo precise de eletrólitos, eles têm um sabor muito doce e salgado.",neutral,noi_chung
22660,"Por outro lado, as barras de mirtilo são uma perdedora, na minha opinião.",negative,am_thuc
22661,Eu não tinha certeza se gostaria do páprica defumada picante e fiquei agradavelmente surpreso.,positive,am_thuc
22662,"No entanto, o sabor realmente lembra o de uma margarita!",neutral,am_thuc
22663,"Em nossos passeios e no parque para cães, as pessoas costumam comentar o quão bonito e brilhante é seu pelo.",positive,am_thuc
22664,"Os biscoitos Skinny Crisp são excelentes até mesmo para quem não precisa estar de dieta, mas a Amazon afirma que você compra um pacote com três sacos de 5 onças por US$ 5.",positive,am_thuc
22665,As barras maiores também são ótimas - especialmente quando combinadas com uma salada no almoço.,positive,am_thuc
22666,Pode ser um pouco mais caro (embora por US$ 28).,negative,gia_ca
22667,"No entanto, tentei dar este produto para qualquer um que quisesse levá-lo para o trabalho. e ninguém quis!",negative,am_thuc
22668,Perfeição!,positive,am_thuc
22669,"Fiquei com receio de comprar cereal on-line, mas arrisquei porque tem muita fibra e o teor calórico era baixo em relação ao tamanho da porção.",positive,am_thuc
22670,Ele contém muita sujeira/pó que atravessa a bola de chá e faz com que a xícara pareça uma suspensão em vez de uma infusão.,negative,am_thuc
22671,Obrigado por um ótimo produto!,positive,am_thuc
22672,Definitivamente no meu top 3 de todas as misturas K-Cup.,positive,am_thuc
22673,"Uma mistura muito suave, mas agradável.",positive,am_thuc
22674,"Adoramos os produtos maravilhosos que a Blue Buffalo utiliza na ração dos seus animais de estimação, são muito nutritivos!",positive,am_thuc
22675,Eu uso isso cacau em pó no meu café da manhã.,neutral,am_thuc
22676,"A única coisa que posso dizer é que meu gato parece preferir a variedade fatiada em vez da em flocos deste alimento (come mais rápido), mas parece amar os dois.",positive,am_thuc
22677,"Eu definitivamente recomendaria isso, mas não se você estiver procurando por algo incrivelmente ousado.",positive,noi_chung
22677,"Eu definitivamente recomendaria isso, mas não se você estiver procurando por algo incrivelmente ousado.",negative,noi_chung
22678,"O sabor do alcaçuz é muito diferente, se é que podemos realmente chamá-lo de alcaçuz.",negative,am_thuc
22679,É forte e saboroso.,positive,am_thuc
22680,"Não acho que tenha a ""profundidade"" certa para a intensidade do expresso.",negative,am_thuc
22681,"O sabor do café não é muito forte, mas é agradavelmente doce e contém uma boa dose de cafeína (81 mg), o que o torna um refrescante ""revigorante"" em uma tarde quente.",neutral,am_thuc
22681,"O sabor do café não é muito forte, mas é agradavelmente doce e contém uma boa dose de cafeína (81 mg), o que o torna um refrescante ""revigorante"" em uma tarde quente.",positive,am_thuc
22682,"E normalmente o recipiente está cheio principalmente de líquido, mas este não estava e foi maravilhoso.",positive,am_thuc
22683,Nós adoramos e sempre temos um pouco à mão.,positive,am_thuc
22684,Eu uso o método de infusão a frio para chá gelado chá e este chá é perfeito.,positive,am_thuc
22685,Esses grãos de café cobertos de chocolate são muito caros e têm um gosto muito ruim.,negative,gia_ca
22685,Esses grãos de café cobertos de chocolate são muito caros e têm um gosto muito ruim.,negative,am_thuc
22686,"Além de ser saboroso, você obtém uma mistura de maciez e maciez nos sacos.",positive,am_thuc
22687,Fiquei extremamente decepcionado com o sabor destas barras.,negative,am_thuc
22688,É muito melhor do que pagar preços altíssimos por um refrigerante ou chá.,positive,gia_ca
22689,Eu tinha minhas reservas sobre este produto quando o vi pela primeira vez.,neutral,am_thuc
22690,"Eu não sou a pessoa que mais bebe café em casa; no entanto, compro Jet Fuel, Wake Up Call e Black Tiger (todos os cafés Extra Bold) para meu marido e ele adora todos eles.",positive,am_thuc
22691,"Este não é meu molho favorito, e nem é o melhor molho que a Tabasco produz, na minha opinião, mas com a comida certa é ótimo!",negative,am_thuc
22691,"Este não é meu molho favorito, e nem é o melhor molho que a Tabasco produz, na minha opinião, mas com a comida certa é ótimo!",positive,am_thuc
22692,Eu até usei algumas rações como petiscos e ela faz todos os truques com apenas uma mordida.,positive,am_thuc
22693,"Não é um tempero muito picante, mas tem um sabor muito complexo, semelhante ao da páprica.",neutral,am_thuc
22693,"Não é um tempero muito picante, mas tem um sabor muito complexo, semelhante ao da páprica.",positive,am_thuc
22694,"Os ursos Charlee são ótimos e se algum dia ficarmos sem eles, as coisas não vão bem em nossa casa!",positive,am_thuc
22694,"Os ursos Charlee são ótimos e se algum dia ficarmos sem eles, as coisas não vão bem em nossa casa!",neutral,am_thuc
22695,Peça vários para não ficar sem.,positive,am_thuc
22696,"Não posso avaliar esses biscoitos completamente, honestamente, minha família comeu todos antes mesmo de eu chegar em casa no dia em que chegaram.",neutral,am_thuc
22697,Altamente recomendado e o preço é realmente competitivo.,positive,noi_chung
22697,Altamente recomendado e o preço é realmente competitivo.,positive,gia_ca
22698,Também o usei no lugar do cacau comum para assar brownies e eles ficaram muito ricos e achocolatados.,positive,am_thuc
22699,Parece que farei outro pedido em breve.,positive,am_thuc
22700,Assei um frango com páprica e parmesão e o cheiro era de dar água na boca.,positive,am_thuc
22701,Eu sou alguém que gosta de café bem leve o que acaba deixando o café frio muito rápido e com esses você não precisa adicionar nada então fica ótimo!!,positive,am_thuc
22702,Sou tão viciada em cristais de gengibre.,positive,am_thuc
22703,"Meu marido cresceu comendo e come quase antes da próxima entrega, mas não tanto!",positive,am_thuc
22704,Provavelmente nunca mais compraria por esse motivo.,negative,am_thuc
22705,Passamos 15 dias na estrada e nossos quatro cachorros aproveitaram todas as refeições durante toda a viagem.,positive,am_thuc
22706,"Comprei várias garrafas depois de não conseguir encontrá-las em nenhuma, mas na Flórida, e trouxe para Nova York. Não é só uma corrida até a loja.",positive,am_thuc
22707,Este é o melhor atum que já comi.,positive,am_thuc
22708,Há apenas um leve sabor de mirtilo.,negative,am_thuc
22709,Isso não tem gosto de Haribo da Alemanha!!! Não é comestível... Não compre se você conhece o produto original.,negative,am_thuc
22709,Isso não tem gosto de Haribo da Alemanha!!! Não é comestível... Não compre se você conhece o produto original.,negative,noi_chung
22710,Este é de longe o melhor carne seca que já comi.,positive,am_thuc
23670,¡Seguro que volveremos!,positive,tong_the
23691,maravilloso personal.,positive,dich_vu
23902,"No entanto, sua localização era imbatível - acessível por todos os tipos de transporte público.",positive,vi_tri
23903,"Prometeram-me um quarto específico hotel e quando cheguei, disseram que não tinham esse tipo de quarto no hotel deles.",negative,dich_vu
23904,"jantar foi incrível, café da manhã foi bom.",positive,am_thuc
23905,A única coisa boa sobre este hotel é sua excelente localização.,positive,vi_tri
23906,5 estrelas sem complicações,positive,tong_the
23907,Fiquei neste motel por duas noites na semana passada e achei o custo-benefício fantástico.,positive,gia_ca
23908,Este foi o pior lugar em que já fiquei.,negative,tong_the
23909,Boa escolha de pequenos cafés e lojas na área.,positive,vi_tri
23910,"Ficamos em um quarto tranquilo quarto (inacreditável em NY) e, embora a cama fosse um pouco pequena, tivemos um descanso confortável.",positive,chat_luong_phong
23910,"Ficamos em um quarto tranquilo quarto (inacreditável em NY) e, embora a cama fosse um pouco pequena, tivemos um descanso confortável.",neutral,chat_luong_phong
23911,a pia do banheiro estava mofada.,negative,ve_sinh
23912,Ficamos em várias propriedades pela cidade e ficamos agradavelmente surpresos com esta hotel.,positive,tong_the
23913,confortável e bom Achamos este hotel perfeito para nossa primeira noite em San Juan antes de partir para Viequez.,positive,khong_gian
23913,confortável e bom Achamos este hotel perfeito para nossa primeira noite em San Juan antes de partir para Viequez.,positive,tong_the
23914,"Ótimo Localização, Sujo quartos Depois de mudar de quarto 3 vezes, finalmente conseguimos um quarto meio decente.",positive,vi_tri
23914,"Ótimo Localização, Sujo quartos Depois de mudar de quarto 3 vezes, finalmente conseguimos um quarto meio decente.",negative,ve_sinh
23914,"Ótimo Localização, Sujo quartos Depois de mudar de quarto 3 vezes, finalmente conseguimos um quarto meio decente.",neutral,chat_luong_phong
23915,"Ficava em uma boa localização, bem ao lado de Chinatown, mas não deveria ser chamado de localização, mas sim de motel barato ou casebre.",positive,vi_tri
23915,"Ficava em uma boa localização, bem ao lado de Chinatown, mas não deveria ser chamado de localização, mas sim de motel barato ou casebre.",negative,tong_the
23916,Meu celular foi roubado do meu quarto durante minha estadia.,negative,chat_luong_phong
23917,"Nada mal, fiquei no o Grant em 1998 e fiquei impressionado o suficiente para voltar em 2007.",neutral,tong_the
23918,"É pequeno quartos, mas não nos importamos.",negative,chat_luong_phong
23919,O hotel é confortável e possui grande caráter.,positive,khong_gian
23919,O hotel é confortável e possui grande caráter.,positive,tong_the
23920,"O corredor do nosso quarto era escuro e sujo, com carpete manchado.",negative,ve_sinh
23921,"E embora o quarto estivesse um pouco decadente, ele estava limpo!!! Não há nada melhor que o preço, especialmente pela localização.",positive,ve_sinh
23921,"E embora o quarto estivesse um pouco decadente, ele estava limpo!!! Não há nada melhor que o preço, especialmente pela localização.",positive,gia_ca
23922,Equipe maravilhosamente prestativa.,positive,dich_vu
23923,"A localização era, como todos os outros hóspedes da Villa podem afirmar, soberba.",positive,vi_tri
23924,"O quarto era muito bom, ótimo quarto serviço, excelente check-in (eles fazem o check-in diretamente no seu quarto).",positive,chat_luong_phong
23924,"O quarto era muito bom, ótimo quarto serviço, excelente check-in (eles fazem o check-in diretamente no seu quarto).",positive,dich_vu
23925,"equipe ok, limpo hotel, muito moderno, excelente chuveiro, gratuito internet.",neutral,dich_vu
23925,"equipe ok, limpo hotel, muito moderno, excelente chuveiro, gratuito internet.",positive,ve_sinh
23925,"equipe ok, limpo hotel, muito moderno, excelente chuveiro, gratuito internet.",positive,khong_gian
23925,"equipe ok, limpo hotel, muito moderno, excelente chuveiro, gratuito internet.",positive,chat_luong_phong
23925,"equipe ok, limpo hotel, muito moderno, excelente chuveiro, gratuito internet.",positive,gia_ca
23926,"O quarto estava bom, mas o banheiro quarto estava meio obsoleto, com torneiras muito velhas e soltas",positive,chat_luong_phong
23926,"O quarto estava bom, mas o banheiro quarto estava meio obsoleto, com torneiras muito velhas e soltas",negative,chat_luong_phong
23927,"limpo hotel, ótimo preço. Seattle estava lotado, e esse lugar recebeu avaliações boas o suficiente no TripAdvisor, então eu o escolhi.",positive,ve_sinh
23927,"limpo hotel, ótimo preço. Seattle estava lotado, e esse lugar recebeu avaliações boas o suficiente no TripAdvisor, então eu o escolhi.",positive,gia_ca
23928,você não ficará desapontado.,positive,tong_the
23930,"Achamos a localização ótima, mas não ficaríamos neste hotel novamente devido à falta de limpeza.",positive,vi_tri
23930,"Achamos a localização ótima, mas não ficaríamos neste hotel novamente devido à falta de limpeza.",negative,tong_the
23931,Este é definitivamente um bom custo-benefício para um aeroporto hotel.,positive,gia_ca
23932,no entanto fiquei muito decepcionado.,negative,tong_the
23933,"Nosso quarto era grande, decorado com móveis de época/antiguidades e a cama era a mais confortável que já tivemos em qualquer hotel.",positive,chat_luong_phong
23935,"Serviço foi simplesmente excelente, rápido serviço de manobrista, ótimo concierge, prestativo equipe, excelente café da manhã.",positive,dich_vu
23935,"Serviço foi simplesmente excelente, rápido serviço de manobrista, ótimo concierge, prestativo equipe, excelente café da manhã.",positive,am_thuc
23936,E o preço... US$ 299 por uma cama king-size... é incomparável para um lugar agradável no centro da cidade.,positive,gia_ca
23937,Preço razoável e muito confortável. Nossa única reclamação foi sobre um membro rude funcionários que estava lá quando fizemos o check-in (todos os outros funcionários foram amigáveis e prestativos).,positive,gia_ca
23937,Preço razoável e muito confortável. Nossa única reclamação foi sobre um membro rude funcionários que estava lá quando fizemos o check-in (todos os outros funcionários foram amigáveis e prestativos).,positive,khong_gian
23937,Preço razoável e muito confortável. Nossa única reclamação foi sobre um membro rude funcionários que estava lá quando fizemos o check-in (todos os outros funcionários foram amigáveis e prestativos).,negative,dich_vu
23937,Preço razoável e muito confortável. Nossa única reclamação foi sobre um membro rude funcionários que estava lá quando fizemos o check-in (todos os outros funcionários foram amigáveis e prestativos).,positive,dich_vu
23938,Há algumas coisas que outros mencionaram e que também são verdadeiras: paredes finas (parede como se outra pessoa estivesse na sala),negative,chat_luong_phong
23940,"É um ótimo lugar, a menos que você esteja procurando um lugar chique e caro perto do porto.",positive,tong_the
23941,Nosso quarto era de bom tamanho e tinha vista para a praia.,positive,chat_luong_phong
23942,A equipe foi excelente e os quartos também.,positive,dich_vu
23943,"Muito velho, empoeirado e muito caro -",negative,khong_gian
23943,"Muito velho, empoeirado e muito caro -",negative,ve_sinh
23943,"Muito velho, empoeirado e muito caro -",negative,gia_ca
23944,"Agradável hotel, bom localização, bom instalações. Um ótimo hotel em um terreno lindo.",positive,tong_the
23944,"Agradável hotel, bom localização, bom instalações. Um ótimo hotel em um terreno lindo.",positive,vi_tri
23945,"sem vista, mas corta o barulho, pois SF é muito barulhento à noite.",negative,chat_luong_phong
23946,"Não que este seja o Ritz-Carlton, mas meu quarto tinha um frigobar e micro-ondas, com uma banheira e cortina de chuveiro ao redor.",positive,chat_luong_phong
23947,"É um hotel econômico estrelas, mas era limpo e confortável e ficaria aqui novamente.",positive,gia_ca
23947,"É um hotel econômico estrelas, mas era limpo e confortável e ficaria aqui novamente.",positive,ve_sinh
23947,"É um hotel econômico estrelas, mas era limpo e confortável e ficaria aqui novamente.",positive,khong_gian
23947,"É um hotel econômico estrelas, mas era limpo e confortável e ficaria aqui novamente.",positive,tong_the
23948,"Os quartos eram bons, bem equipados e muito limpos.",positive,chat_luong_phong
23948,"Os quartos eram bons, bem equipados e muito limpos.",positive,ve_sinh
23949,"Exterior cinco estrelas, três estrelas hotel quarto e uma estrela gerência.",positive,khong_gian
23949,"Exterior cinco estrelas, três estrelas hotel quarto e uma estrela gerência.",neutral,chat_luong_phong
23949,"Exterior cinco estrelas, três estrelas hotel quarto e uma estrela gerência.",negative,dich_vu
23950,"É limpo, com piso de madeira do chão ao teto, janelas com isolamento acústico, amplo e moderno banheiros e cozinhas, o que é ótimo para lanches noturnos ou matinais.",positive,ve_sinh
23950,"É limpo, com piso de madeira do chão ao teto, janelas com isolamento acústico, amplo e moderno banheiros e cozinhas, o que é ótimo para lanches noturnos ou matinais.",positive,chat_luong_phong
23951,Eu recomendo fortemente.,positive,de_xuat
23952,As vistas do oceano são muito bonitas.,positive,chat_luong_phong
23953,"Apresentava algumas manchas de idade nas paredes e nos móveis, mas serve como um lugar para ficar.",neutral,chat_luong_phong
23953,"Apresentava algumas manchas de idade nas paredes e nos móveis, mas serve como um lugar para ficar.",positive,chat_luong_phong
23954,"Se você está procurando um bom lugar por um preço razoável, este hotel seria uma excelente escolha!",positive,gia_ca
23954,"Se você está procurando um bom lugar por um preço razoável, este hotel seria uma excelente escolha!",positive,tong_the
23955,O único problema foi que o cofre estava trancado na chegada e a empregada pegou o roupão na 2ª noite e não o recolocou.,negative,chat_luong_phong
23955,O único problema foi que o cofre estava trancado na chegada e a empregada pegou o roupão na 2ª noite e não o recolocou.,negative,dich_vu
23956,"Graças a Deus, porque quando o vi enquanto dirigia pela rodovia, parecia bem horrível.",negative,tong_the
23958,"bom custo-benefício. Fiquei no hotel antes, quando era o Alisa.",positive,gia_ca
23959,Fiquei impressionado com os quartos dada a ótima localização e o baixo custo - definitivamente um tesouro que encontramos e mal podemos esperar para ficar lá novamente!,positive,chat_luong_phong
23959,Fiquei impressionado com os quartos dada a ótima localização e o baixo custo - definitivamente um tesouro que encontramos e mal podemos esperar para ficar lá novamente!,positive,vi_tri
23959,Fiquei impressionado com os quartos dada a ótima localização e o baixo custo - definitivamente um tesouro que encontramos e mal podemos esperar para ficar lá novamente!,positive,gia_ca
23959,Fiquei impressionado com os quartos dada a ótima localização e o baixo custo - definitivamente um tesouro que encontramos e mal podemos esperar para ficar lá novamente!,positive,tong_the
23960,"Bom quarto e localização Ficamos apenas uma noite em Florença, então escolhi este lugar pela proximidade com os pontos turísticos e a estação de trem, além das excelentes avaliações que recebi aqui.",positive,chat_luong_phong
23960,"Bom quarto e localização Ficamos apenas uma noite em Florença, então escolhi este lugar pela proximidade com os pontos turísticos e a estação de trem, além das excelentes avaliações que recebi aqui.",positive,vi_tri
23961,O hotel saff era muito bom e eles tinham um café da manhã decente café da manhã em um quarto lindo.,positive,dich_vu
23961,O hotel saff era muito bom e eles tinham um café da manhã decente café da manhã em um quarto lindo.,positive,am_thuc
23962,"Fica a uma curta distância da Times Square, do Bryant Park, do Rockefeller Center, da 5ª Avenida e muito mais.",positive,vi_tri
23963,"Os melhores pontos deste hotel são equipe, quartos e a proximidade da estação de metrô.",positive,dich_vu
23963,"Os melhores pontos deste hotel são equipe, quartos e a proximidade da estação de metrô.",positive,chat_luong_phong
23963,"Os melhores pontos deste hotel são equipe, quartos e a proximidade da estação de metrô.",positive,vi_tri
23964,Elegantemente confortável,positive,khong_gian
23965,"Não é tão conveniente quanto um hotel que fica no aeroporto, mas a localização fora do local o torna agradável e tranquilo - os quartos são extremamente bem isolados.",negative,vi_tri
23965,"Não é tão conveniente quanto um hotel que fica no aeroporto, mas a localização fora do local o torna agradável e tranquilo - os quartos são extremamente bem isolados.",positive,vi_tri
23965,"Não é tão conveniente quanto um hotel que fica no aeroporto, mas a localização fora do local o torna agradável e tranquilo - os quartos são extremamente bem isolados.",positive,chat_luong_phong
23966,O hotel deve permanecer fechado até que o trabalho seja concluído.,negative,tong_the
23967,"O hotel foi fácil de encontrar, e nosso quarto acabou sendo muito bom.",positive,vi_tri
23967,"O hotel foi fácil de encontrar, e nosso quarto acabou sendo muito bom.",positive,chat_luong_phong
23968,Comida e o resto do resort não tem nada de especial.,negative,tong_the
23968,Comida e o resto do resort não tem nada de especial.,neutral,am_thuc
23969,ótimo custo-benefício Olá a todos. Acabei de voltar de uma estadia de 2 noites em Tulip Inn Central.,positive,gia_ca
23970,Restaurante Hotel é muito bom.,positive,tong_the
23971,"O quarto era absolutamente fantástico, muito espaçoso, banheiro lindo quarto e totalmente equipado com tudo o que você precisa.",positive,chat_luong_phong
23972,"OK hotel, Ótimo Localização",neutral,tong_the
23972,"OK hotel, Ótimo Localização",positive,vi_tri
23973,Muito bem decorado quartos com pequenas varandas para deixar entrar um pouco de ar fresco (ou fumaça).,positive,chat_luong_phong
23974,"Hotel tinha edredons de plumas, colchões com pillow top e toalhas macias.",positive,chat_luong_phong
23975,"Perfeito Localização, amigável equipe, estadia muito agradável!",positive,vi_tri
23975,"Perfeito Localização, amigável equipe, estadia muito agradável!",positive,dich_vu
23975,"Perfeito Localização, amigável equipe, estadia muito agradável!",positive,tong_the
23976,Ótimo preço para um motel duas estrelas no centro da cidade. Provavelmente o preço mais barato para um motel quarto em uma cidade grande no centro da cidade.,positive,gia_ca
23977,Também é ótimo porque fica em ambas as linhas de bonde.,positive,vi_tri
23978,"Falando dos cômodos - eles são muito antigos - os móveis da sala estavam se desfazendo, as gavetas da cômoda do nosso quarto não tinham trilhos e",negative,chat_luong_phong
23979,A Equipe foi fabulosa ! ! !,positive,dich_vu
23980,Salas públicas são discretamente elegantes; quartos são espaçosos e camas extremamente confortáveis.,positive,chat_luong_phong
23981,Ótimo localização bom eficiente bem localizado hotel .,positive,vi_tri
23982,"Embora fosse barato ~ US$ 75/noite, realmente não valeu a pena.",positive,gia_ca
23982,"Embora fosse barato ~ US$ 75/noite, realmente não valeu a pena.",negative,gia_ca
23983,Limpo e Bom Localização,positive,vi_tri
23984,Evite os itens caros café da manhã e vá caminhando até uma loja próxima.,negative,gia_ca
23985,"A equipe foi muito simpática, o quarto era bem grande, limpo e confortável.",positive,dich_vu
23985,"A equipe foi muito simpática, o quarto era bem grande, limpo e confortável.",positive,chat_luong_phong
23985,"A equipe foi muito simpática, o quarto era bem grande, limpo e confortável.",positive,ve_sinh
23986,"Os quartos perto da rua foram reformados há alguns anos, então solicitei um quarto lá.",positive,chat_luong_phong
23987,"O café da manhã foi mais substancial do que imaginávamos, então, novamente, foi um bom bônus.",positive,am_thuc
23988,"Os quartos são de tamanho razoável, com TV padrão, rádio, telefone, ventilador, cofre, prensa para calças e comodidades para fazer chá e café instalações.",positive,chat_luong_phong
23989,Pacote decente Hotel quarto foi decente pelo preço pago.,positive,gia_ca
23989,Pacote decente Hotel quarto foi decente pelo preço pago.,positive,chat_luong_phong
23990,"A localização era perfeita para acesso a todas as partes de Hong Kong, Kowloon e Novos Territórios - através do MTR e um Hong Kong Octopus Card.",positive,vi_tri
23991,"A vista também era ótima, o que era esperado considerando a localização brilhante  bem no porto.",positive,chat_luong_phong
23991,"A vista também era ótima, o que era esperado considerando a localização brilhante  bem no porto.",positive,vi_tri
23992,"Incrível localização, seguro estacionamento e um interior interessante.",positive,vi_tri
23992,"Incrível localização, seguro estacionamento e um interior interessante.",positive,khong_gian
23993,Tive uma ótima estadia!,positive,tong_the
23994,"Não ficaria em nenhum outro lugar em Manhattan. Nos últimos dez anos, ficamos no Hotel Beacon quatro vezes e, tendo ficado em outros hotéis, nunca ficaríamos em nenhum outro lugar em Nova York. Os quartos são enormes e muito confortáveis, com uma cozinha compacta pequena, mas bem equipada.",positive,chat_luong_phong
23994,"Não ficaria em nenhum outro lugar em Manhattan. Nos últimos dez anos, ficamos no Hotel Beacon quatro vezes e, tendo ficado em outros hotéis, nunca ficaríamos em nenhum outro lugar em Nova York. Os quartos são enormes e muito confortáveis, com uma cozinha compacta pequena, mas bem equipada.",negative,chat_luong_phong
23995,Ótimo Café da manhã Fiquei no Catalonia Aragon por 3 noites no mês passado (novembro de 2005).,positive,am_thuc
23996,Bom hotel em ótimo localização,positive,tong_the
23996,Bom hotel em ótimo localização,positive,vi_tri
23997,"Espaçoso quartos, bom banheiro quartos (com aquecedor de toalhas), ótima localização e fabuloso equipe.",positive,chat_luong_phong
23997,"Espaçoso quartos, bom banheiro quartos (com aquecedor de toalhas), ótima localização e fabuloso equipe.",positive,vi_tri
23997,"Espaçoso quartos, bom banheiro quartos (com aquecedor de toalhas), ótima localização e fabuloso equipe.",positive,dich_vu
23998,"O quarto é bem limpo, especialmente o banheiroquarto.",positive,ve_sinh
23999,Não deixe nenhum objeto pessoal no quarto.,negative,chat_luong_phong
24000,"Ótimo local e serviço, um pouco decadente. Fiquei aqui duas noites em abril visitando a família, etc.",positive,dich_vu
24000,"Ótimo local e serviço, um pouco decadente. Fiquei aqui duas noites em abril visitando a família, etc.",positive,vi_tri
24001,e eu nunca mais voltarei aqui!,negative,tong_the
24002,O serviço foi excelente e as pessoas foram simpáticas e sempre dispostas a ajudar.,positive,dich_vu
24003,"Recomenda-se evitar, se possível.",negative,de_xuat
24004,"É um pequeno e adorável hotel, com ótimo custo-benefício, ótima localização, agradável equipe, e eu, sem dúvida, ficaria lá novamente.",positive,tong_the
24004,"É um pequeno e adorável hotel, com ótimo custo-benefício, ótima localização, agradável equipe, e eu, sem dúvida, ficaria lá novamente.",positive,khong_gian
24004,"É um pequeno e adorável hotel, com ótimo custo-benefício, ótima localização, agradável equipe, e eu, sem dúvida, ficaria lá novamente.",positive,gia_ca
24004,"É um pequeno e adorável hotel, com ótimo custo-benefício, ótima localização, agradável equipe, e eu, sem dúvida, ficaria lá novamente.",positive,vi_tri
24004,"É um pequeno e adorável hotel, com ótimo custo-benefício, ótima localização, agradável equipe, e eu, sem dúvida, ficaria lá novamente.",positive,dich_vu
24005,Este é um hotel 2 estrelas  (talvez ? ? ),neutral,tong_the
24006,"Recomendo muito, pegue o metrô - é fácil e rápido.",positive,de_xuat
24007,A equipe não poderia ter sido mais gentil e prestativa.,positive,dich_vu
24008,Não é um hotel 5 estrelas hotel!,negative,tong_the
24009,"Os funcionários, do porteiro à camareira e da recepção ao gerente de turno, foram muito prestativos e profissionais.",positive,dich_vu
24010,"É um edifício relativamente novo, alto e estreito, espremido entre dois maiores, então há pouca luz natural, mas os quartos são o que você normalmente esperaria de um Marriott Courtyard e surpreendentemente espaçosos para Manhattan... limpos, com roupas de cama confortáveis e toalhas felpudas, internet gratuita, bom café no quarto (evite as máquinas do lobby), TV de tela plana e, acima de tudo, uma equipe muito profissional e prestativa.",neutral,khong_gian
24010,"É um edifício relativamente novo, alto e estreito, espremido entre dois maiores, então há pouca luz natural, mas os quartos são o que você normalmente esperaria de um Marriott Courtyard e surpreendentemente espaçosos para Manhattan... limpos, com roupas de cama confortáveis e toalhas felpudas, internet gratuita, bom café no quarto (evite as máquinas do lobby), TV de tela plana e, acima de tudo, uma equipe muito profissional e prestativa.",negative,khong_gian
24010,"É um edifício relativamente novo, alto e estreito, espremido entre dois maiores, então há pouca luz natural, mas os quartos são o que você normalmente esperaria de um Marriott Courtyard e surpreendentemente espaçosos para Manhattan... limpos, com roupas de cama confortáveis e toalhas felpudas, internet gratuita, bom café no quarto (evite as máquinas do lobby), TV de tela plana e, acima de tudo, uma equipe muito profissional e prestativa.",positive,chat_luong_phong
24010,"É um edifício relativamente novo, alto e estreito, espremido entre dois maiores, então há pouca luz natural, mas os quartos são o que você normalmente esperaria de um Marriott Courtyard e surpreendentemente espaçosos para Manhattan... limpos, com roupas de cama confortáveis e toalhas felpudas, internet gratuita, bom café no quarto (evite as máquinas do lobby), TV de tela plana e, acima de tudo, uma equipe muito profissional e prestativa.",positive,ve_sinh
24010,"É um edifício relativamente novo, alto e estreito, espremido entre dois maiores, então há pouca luz natural, mas os quartos são o que você normalmente esperaria de um Marriott Courtyard e surpreendentemente espaçosos para Manhattan... limpos, com roupas de cama confortáveis e toalhas felpudas, internet gratuita, bom café no quarto (evite as máquinas do lobby), TV de tela plana e, acima de tudo, uma equipe muito profissional e prestativa.",positive,gia_ca
24010,"É um edifício relativamente novo, alto e estreito, espremido entre dois maiores, então há pouca luz natural, mas os quartos são o que você normalmente esperaria de um Marriott Courtyard e surpreendentemente espaçosos para Manhattan... limpos, com roupas de cama confortáveis e toalhas felpudas, internet gratuita, bom café no quarto (evite as máquinas do lobby), TV de tela plana e, acima de tudo, uma equipe muito profissional e prestativa.",positive,am_thuc
24010,"É um edifício relativamente novo, alto e estreito, espremido entre dois maiores, então há pouca luz natural, mas os quartos são o que você normalmente esperaria de um Marriott Courtyard e surpreendentemente espaçosos para Manhattan... limpos, com roupas de cama confortáveis e toalhas felpudas, internet gratuita, bom café no quarto (evite as máquinas do lobby), TV de tela plana e, acima de tudo, uma equipe muito profissional e prestativa.",positive,dich_vu
24011,"- estava acima da média, mas era apenas uma parada de negócios típica - mais hotel.",neutral,tong_the
24012,"Insuficiente toalhas, fedorento banheiro, indiferente serviço (nenhuma resposta à limpeza ou recepção por cerca de 10 minutos ao tentar resolver o problema toalhas.",negative,chat_luong_phong
24012,"Insuficiente toalhas, fedorento banheiro, indiferente serviço (nenhuma resposta à limpeza ou recepção por cerca de 10 minutos ao tentar resolver o problema toalhas.",negative,ve_sinh
24012,"Insuficiente toalhas, fedorento banheiro, indiferente serviço (nenhuma resposta à limpeza ou recepção por cerca de 10 minutos ao tentar resolver o problema toalhas.",negative,dich_vu
24013,O quarto era espaçoso e limpo e o banheiro grande quarto era um bônus.,positive,chat_luong_phong
24013,O quarto era espaçoso e limpo e o banheiro grande quarto era um bônus.,positive,ve_sinh
24014,O banheiro era enorme e o preço era razoável - belos contrastes com Barcelona.,positive,chat_luong_phong
24014,O banheiro era enorme e o preço era razoável - belos contrastes com Barcelona.,positive,gia_ca
24015,"O lobby é muito bom, mas os quartos e corredores são antigos.",negative,chat_luong_phong
24015,"O lobby é muito bom, mas os quartos e corredores são antigos.",negative,tong_the
24016,"A equipe é certamente prestativa e serviço de quarto foi adequado, mas eu esperaria até uma reforma completa dos quartos antes de me hospedar no Biltmore novamente.",positive,dich_vu
24016,"A equipe é certamente prestativa e serviço de quarto foi adequado, mas eu esperaria até uma reforma completa dos quartos antes de me hospedar no Biltmore novamente.",negative,tong_the
24017,Nós definitivamente voltaremos.,positive,tong_the
24019,"Os carregadores foram muito prestativos, tínhamos toneladas de coisas porque estávamos fazendo um casamento em um destino turístico.",positive,dich_vu
24020,"Desde o momento em que fizemos o check-in, a equipe foi muito prestativa e simpática.",positive,dich_vu
24021,Definitivamente ficaria lá novamente quando retornasse a Amsterdã.,positive,tong_the
24023,Muito perto da Union Square  minutos a pé e bem no coração da ação.,positive,vi_tri
24024,"Gostamos de comer no Ginger and Olsen - dois restaurantes próximos, e se tivéssemos tempo, teríamos experimentado mais, conforme recomendado pela equipe.",positive,de_xuat
24025,Uma estadia impecável e altamente recomendada.,positive,de_xuat
24026,"Ficamos no 10º andar, mas fomos acompanhados por reformas que estavam acontecendo em um quarto naquele andar, das 7h30 da manhã em 2 manhãs!",negative,chat_luong_phong
24027,"Fiquei lá no final de janeiro de 2005 como viajante individual, consegui uma ótima oferta de 85 euros por noite e, ao chegar, recebi um upgrade para um quarto duplo  quarto!",positive,gia_ca
24027,"Fiquei lá no final de janeiro de 2005 como viajante individual, consegui uma ótima oferta de 85 euros por noite e, ao chegar, recebi um upgrade para um quarto duplo  quarto!",positive,dich_vu
24028,O quarto estava imaculado quando meu marido e eu chegamos depois do casamento.,positive,ve_sinh
24029,amei esse lugar,positive,tong_the
24030,"La Rambla e o Bairro Gótico ficam logo na porta, assim como duas estações de metrô em linhas diferentes.",positive,vi_tri
24031,E como outros já disseram - um ótimo café da manhã!,positive,am_thuc
24032,O pior hotel em que já ficamos. Meu marido e eu ficamos no Raphael em maio de 2004.,negative,tong_the
24033,"Uma boa localização em Tóquio, o metrô é muito próximo (use a passarela subterrânea coberta na maior parte do caminho, o que significa que você não precisa atravessar nenhuma rua para chegar lá) e oferece bom acesso tanto ao leste quanto ao oeste da cidade, e Akasaka tem uma boa mistura de restaurantes, bares e cafeterias.",positive,vi_tri
24034,"Os móveis do quarto estavam razoavelmente limpos e em boas condições, embora tudo parecesse precisar de uma reforma, especialmente o banheiro.",positive,ve_sinh
24034,"Os móveis do quarto estavam razoavelmente limpos e em boas condições, embora tudo parecesse precisar de uma reforma, especialmente o banheiro.",positive,chat_luong_phong
24034,"Os móveis do quarto estavam razoavelmente limpos e em boas condições, embora tudo parecesse precisar de uma reforma, especialmente o banheiro.",neutral,chat_luong_phong
24035,Acabamos de voltar de uma estadia maravilhosa no o Alicia.,positive,tong_the
24036,Definitivamente retornarei!,positive,tong_the
24037,"Este hotel está muito bem localizado, a uma curta distância do Grand Central Terminal e é ideal para quem vai ao teatro.",positive,vi_tri
24038,e devo dizer que conseguimos um ÓTIMO negócio para o Memorial Weekend.,positive,gia_ca
24039,"A melhor coisa sobre o hotel é a honestidade e integridade da equipe, o que achei que faltava em alguns hotéis venezianos.",positive,dich_vu
24040,"Muito espaço, secadores de cabelo, cofres em quarto, geladeira em quarto e muito sabonete/xampu.",positive,chat_luong_phong
24041,"US$ 31/dia. - O restaurante (Café 15) estava muito lento serviço quando comi lá, embora não estivessem fazendo muitos negócios.",negative,dich_vu
24042,"A equipe da recepção foi educada, prestativa e profissional.",positive,dich_vu
24043,A maioria das atrações ficava a uma curta distância.,positive,vi_tri
24044,"Era central, limpo e amigável.",positive,vi_tri
24044,"Era central, limpo e amigável.",positive,ve_sinh
24044,"Era central, limpo e amigável.",positive,dich_vu
24045,"Enquanto o lobby reformado restaurantes e bares ainda é elegante e luxuoso, o padrão quartos lembra muito mais um dormitório decrépito.",negative,chat_luong_phong
24046,"Christine foi muito prestativa e paciente com todas as perguntas que tínhamos, pois éramos viajantes de primeira viagem a Paris e não tínhamos nenhum conhecimento de francês.",positive,dich_vu
24047,Ficarei aqui novamente.,positive,tong_the
24048,"Há um buffet de café da manhã continental no saguão diariamente e uma recepção com vinho à noite, ambos de cortesia.",positive,gia_ca
24049,Os Louvres Tuileries Notre Dame e Left Bank estão todos a uma curta distância a pé.,positive,vi_tri
24050,"O hotel poderia passar por uma reforma, e concordo que não é um hotel de quatro estrelas.",neutral,tong_the
24051,você é tratado como realeza.,positive,dich_vu
24052,Não recomendo este hotel a ninguém ! ! ! ! ! !,negative,de_xuat
24053,"A equipe é boa, mas os quartos aqui são tão pequenos que desafiam a crença.",positive,dich_vu
24053,"A equipe é boa, mas os quartos aqui são tão pequenos que desafiam a crença.",negative,chat_luong_phong
24054,"equipe foi toda prestativa e amigável e, no geral, eu recomendaria como uma boa cidade hotel, mas talvez mais adequada para solteiros/casais do que para famílias.",positive,de_xuat
24055,Bela caminhada até o Checkpoint Charlie e muitos restaurantes ao redor.,positive,vi_tri
24056,Hospedagem por 10 dias em abril de 2005 e gostei muito.,positive,tong_the
24057,"No geral, é um bom hotel, os quartos são ótimos, impecáveis, bem abastecidos, e o meu, de qualquer forma, teria tido excelente acesso para cadeira de rodas, a recepção e equipe são prestativos e o café da manhã era simples, mas saboroso e farto.",positive,tong_the
24057,"No geral, é um bom hotel, os quartos são ótimos, impecáveis, bem abastecidos, e o meu, de qualquer forma, teria tido excelente acesso para cadeira de rodas, a recepção e equipe são prestativos e o café da manhã era simples, mas saboroso e farto.",positive,chat_luong_phong
24057,"No geral, é um bom hotel, os quartos são ótimos, impecáveis, bem abastecidos, e o meu, de qualquer forma, teria tido excelente acesso para cadeira de rodas, a recepção e equipe são prestativos e o café da manhã era simples, mas saboroso e farto.",positive,ve_sinh
24057,"No geral, é um bom hotel, os quartos são ótimos, impecáveis, bem abastecidos, e o meu, de qualquer forma, teria tido excelente acesso para cadeira de rodas, a recepção e equipe são prestativos e o café da manhã era simples, mas saboroso e farto.",positive,dich_vu
24057,"No geral, é um bom hotel, os quartos são ótimos, impecáveis, bem abastecidos, e o meu, de qualquer forma, teria tido excelente acesso para cadeira de rodas, a recepção e equipe são prestativos e o café da manhã era simples, mas saboroso e farto.",neutral,am_thuc
24057,"No geral, é um bom hotel, os quartos são ótimos, impecáveis, bem abastecidos, e o meu, de qualquer forma, teria tido excelente acesso para cadeira de rodas, a recepção e equipe são prestativos e o café da manhã era simples, mas saboroso e farto.",positive,am_thuc
24058,maravilhoso equipe.,positive,dich_vu
24059,Muito próximo da Torre Eiffel (5 minutos a pé).,positive,vi_tri
24060,"Tinta lascada, acessórios enferrujados, rejunte mofado e uma total falta de comodidades.",negative,chat_luong_phong
24062,No entanto quartos na parte mais antiga do hotel precisam de atualização.,negative,chat_luong_phong
24063,O banheiro cheirava tão mal a mofo que não conseguíamos abrir a porta sem que o quarto inteiro cheirasse.,negative,ve_sinh
24064,"Embora não seja barato, já paguei mais e obtive muito menos.",negative,gia_ca
24065,"Mesmo com a reforma em andamento, nossa estadia na Bienville House foi maravilhosa!",positive,tong_the
24066,"2º. o hotel estava totalmente reservado para quartos regulares, então quando fiz o check-in fui promovido para um andar executivo, apenas pelo quarto, não pelo serviço. o hotel fica logo acima de um grande shopping center com comida ok, e uma estação de metrô que não é das mais convenientes, mas serve. o  quarto estava limpo, o serviço estava ok, mas definitivamente não é algo para escrever de qualquer maneira, se você precisa de um bom hotel em HK, e Mongkok é sua região, aceite, mas somente se eles derem um bom preço, eu queria estender minha estadia, mas eles me deram uma oferta ridícula",positive,dich_vu
24066,"2º. o hotel estava totalmente reservado para quartos regulares, então quando fiz o check-in fui promovido para um andar executivo, apenas pelo quarto, não pelo serviço. o hotel fica logo acima de um grande shopping center com comida ok, e uma estação de metrô que não é das mais convenientes, mas serve. o  quarto estava limpo, o serviço estava ok, mas definitivamente não é algo para escrever de qualquer maneira, se você precisa de um bom hotel em HK, e Mongkok é sua região, aceite, mas somente se eles derem um bom preço, eu queria estender minha estadia, mas eles me deram uma oferta ridícula",neutral,am_thuc
24066,"2º. o hotel estava totalmente reservado para quartos regulares, então quando fiz o check-in fui promovido para um andar executivo, apenas pelo quarto, não pelo serviço. o hotel fica logo acima de um grande shopping center com comida ok, e uma estação de metrô que não é das mais convenientes, mas serve. o  quarto estava limpo, o serviço estava ok, mas definitivamente não é algo para escrever de qualquer maneira, se você precisa de um bom hotel em HK, e Mongkok é sua região, aceite, mas somente se eles derem um bom preço, eu queria estender minha estadia, mas eles me deram uma oferta ridícula",negative,vi_tri
24066,"2º. o hotel estava totalmente reservado para quartos regulares, então quando fiz o check-in fui promovido para um andar executivo, apenas pelo quarto, não pelo serviço. o hotel fica logo acima de um grande shopping center com comida ok, e uma estação de metrô que não é das mais convenientes, mas serve. o  quarto estava limpo, o serviço estava ok, mas definitivamente não é algo para escrever de qualquer maneira, se você precisa de um bom hotel em HK, e Mongkok é sua região, aceite, mas somente se eles derem um bom preço, eu queria estender minha estadia, mas eles me deram uma oferta ridícula",positive,ve_sinh
24067,"Bom localização, mas pegue um quarto interno",positive,vi_tri
24068,"Quarto típico europeu pequeno, mas não fomos a Berlim para ficar no hotel!",negative,chat_luong_phong
24069,"Eu deveria ter sido melhor em anotar todas as informações de cancelamento, porque um mês depois, eles me cobraram pelo quarto em que eu nem fiquei e se recusaram a devolver meu dinheiro.",negative,dich_vu
24070,Aqui você definitivamente recebe o que paga.,positive,tong_the
24071,"Embora hotel e o terraço sejam comodidades muito agradáveis, definitivamente fique longe do restaurante e do seu arrogante gerente Alex.",positive,tong_the
24071,"Embora hotel e o terraço sejam comodidades muito agradáveis, definitivamente fique longe do restaurante e do seu arrogante gerente Alex.",negative,dich_vu
24072,No geral... fabuloso. Tenho que dizer que a maioria das avaliações são precisas.,positive,tong_the
24073,Este hotel foi excelente e superou nossas expectativas.,positive,tong_the
24074,Cancelei minha reserva para o resto da semana e fiquei apenas uma noite (tarde demais para cancelar naquela noite). Não é um hotel 5 estrelas hotel.,negative,tong_the
24075,"O motel fica na Lombard Street, que na verdade é uma seção da 101, mas como tínhamos quartos longe da rua, não tivemos problemas com o barulho.",positive,chat_luong_phong
24076,"Recomendaria este hotel a qualquer pessoa que queira uma acomodação decente em Nova York, mas não queira pagar os preços mais altos das redes de  hotéis.",positive,de_xuat
24077,"Achei o lugar muito limpo, amigável e em ótima localização.",positive,ve_sinh
24077,"Achei o lugar muito limpo, amigável e em ótima localização.",positive,dich_vu
24077,"Achei o lugar muito limpo, amigável e em ótima localização.",positive,vi_tri
24078,A melhor coisa foi tomar um Starbucks no lobby e poder caminhar até o meio da Times Square.,positive,vi_tri
24079,"As acomodações, comodidades, comida e, acima de tudo, o entretenimento fizeram deste resort um lugar para voltar a visitar no futuro.",positive,tong_the
24863,I go twice a month !,positive,nha_hang
25017,"No desert menu , no apology , nothing ! ! ! ! ! !",negative,dich_vu
25109,buenísimo perritos calientes.,positive,am_thuc
25355,Terrible pérdida de dinero... estafadores,negative,nha_hang
25355,Terrible pérdida de dinero... estafadores,negative,gia_ca
25519,A essayer absolument !,positive,nha_hang
25735,Pedi um cardápio e a mesma garçonete olhou para mim como se eu fosse louco.,negative,dich_vu
25736,O proprietário realmente atende a todas as suas necessidades.,positive,dich_vu
25737,"Sou uma pessoa amigável, então não me importaria se ela não fosse tão desagradável e se tornasse tão pessoal.",negative,dich_vu
25740,"O proprietário e a equipe também são todos japoneses, o que contribui para todo o ambiente.",positive,khong_gian
25741,"Os acompanhamentos eram aceitáveis, e eu pedi um refil.",neutral,am_thuc
25741,"Os acompanhamentos eram aceitáveis, e eu pedi um refil.",positive,am_thuc
25742,"Ótimo, amigável serviço, Rápido assentos, Rápido Entrega, Excelente sushi.",positive,dich_vu
25742,"Ótimo, amigável serviço, Rápido assentos, Rápido Entrega, Excelente sushi.",positive,am_thuc
25743,Fui lá para almoço e não foi tão bom quanto eu esperava pelas avaliações que li.,negative,am_thuc
25744,A tilápia estava horrível... tinha gosto de papelão.,negative,am_thuc
25745,Eu simplesmente não entendo todo esse alarde...,negative,nha_hang
25746,Sutil comida e serviço,positive,am_thuc
25746,Sutil comida e serviço,positive,dich_vu
25747,O serviço foi maravilhoso;,positive,dich_vu
25748,"A comida aqui faz um grande favor ao nome (cantonês, claro).",positive,am_thuc
25749,"Nenhuma foi feita, então desliguei.",negative,dich_vu
25750,Este lugar é uma ótima pechincha.,positive,gia_ca
25751,Voltarei e recomendo de coração!,positive,nha_hang
25753,A comida também era boa.,positive,am_thuc
25754,Winnie e sua equipe são a melhor equipe que você pode encontrar servindo você.,positive,dich_vu
25755,"O serviço foi rápido, amigável e ótimo.",positive,dich_vu
25756,"O ambiente era muito divertido e os preços eram ótimos, além do fato de que a comida era realmente saborosa.",positive,khong_gian
25756,"O ambiente era muito divertido e os preços eram ótimos, além do fato de que a comida era realmente saborosa.",positive,gia_ca
25756,"O ambiente era muito divertido e os preços eram ótimos, além do fato de que a comida era realmente saborosa.",positive,am_thuc
25757,a comida é sempre fresca...,positive,am_thuc
25758,"Excelente sashimi, e o rolo do milénio é mais do que delicioso.",positive,am_thuc
25759,Não é um ótimo lugar para refeições em família ou em geral.,negative,nha_hang
25760,"Os bagels sempre quentes, macios por dentro, crocantes por fora e enormes em tamanho.",positive,am_thuc
25761,Tão rude!!!,negative,dich_vu
25762,"Esta é uma boa pizzaria com boa seleção de pizza de massa fina, incluindo a fatia de manjericão.",positive,am_thuc
25762,"Esta é uma boa pizzaria com boa seleção de pizza de massa fina, incluindo a fatia de manjericão.",positive,nha_hang
25763,"A comida é muito normal... a comida de fusão tailandesa é um pouco doce demais, tudo que eles servem aqui é muito doce.",negative,am_thuc
25764,"Nossa garçonete não foi má, mas também não foi especialmente calorosa ou atenciosa.",neutral,dich_vu
25765,O molho tinha mais gosto de fast food chinês do que de comida coreana decente.,negative,am_thuc
25766,mexilhões e lulas estavam excelentes na noite de sábado.,positive,am_thuc
25767,"A comida é maravilhosa, saborosa e farta, e o serviço é profissional e amigável.",positive,am_thuc
25767,"A comida é maravilhosa, saborosa e farta, e o serviço é profissional e amigável.",positive,dich_vu
25768,O serviço é horrível.,negative,dich_vu
25769,"O peixe estava adequado, mas mal cortado.",negative,am_thuc
25770,"Bagels são ok, mas certifique-se de não fazer nenhum pedido especial!",neutral,am_thuc
25770,"Bagels são ok, mas certifique-se de não fazer nenhum pedido especial!",negative,dich_vu
25772,"A comida era incrível, e o serviço foi rápido e prestativo, mas não exagerado ou apressado.",positive,am_thuc
25772,"A comida era incrível, e o serviço foi rápido e prestativo, mas não exagerado ou apressado.",positive,dich_vu
25773,O molho estava aguado e a comida não tinha muito sabor.,negative,am_thuc
25774,"Não fui pela pizza, então não posso comentar ainda, mas o que comi estava muito bom.",positive,am_thuc
25775,Não ficamos nada impressionados.,negative,nha_hang
25776,"Eles têm um ótimo coquetel com Citrus Vodka, suco de limão e lima e folhas de hortelã que é de morrer!",positive,am_thuc
25777,"A comida era média ou acima, incluindo alguns pratos surpreendentemente saborosos.",positive,am_thuc
25778,"às vezes eu recebo ruim comida e ruim serviço, às vezes eu recebo bom bom e ruim serviço.",negative,am_thuc
25778,"às vezes eu recebo ruim comida e ruim serviço, às vezes eu recebo bom bom e ruim serviço.",negative,dich_vu
25778,"às vezes eu recebo ruim comida e ruim serviço, às vezes eu recebo bom bom e ruim serviço.",positive,am_thuc
25779,O melhor coxinhas com arroz e sopa agridoce da cidade!,positive,am_thuc
25780,Os trabalhadores de lá também enchem o bagel com cream cheese (fica um pouco bagunçado).,negative,am_thuc
25781,"Algumas dicas: pule bolo de nabo, pãezinhos de porco assado e cremes de ovos.",negative,am_thuc
25782,O melhor de TODA a cidade de Nova York,positive,nha_hang
25783,Não vale a pena.,negative,gia_ca
25784,"Vanison foi bom, mas não incrível.",neutral,am_thuc
25785,"No início ficamos um pouco surpresos, pois isso pareceu ser um problema, embora o restaurante parecesse bastante vazio, mas eles rapidamente arrumaram a mesa para nós.",positive,dich_vu
25786,"Mas para o Shabu Shabu, você não encontrará nada muito melhor em NY.",positive,am_thuc
25787,O restaurante cipriota tem muito a oferecer.,positive,nha_hang
25788,"Eu trabalhei em restaurantes e cozinhei muito, e não há como uma larva conseguir comer algo bem preparado comida.",negative,am_thuc
25789,"Já estive no Cafe Spice provavelmente 5 a 8 vezes, provavelmente ainda é o melhor restaurante indiano perto da Union Square.",positive,nha_hang
25790,"É agradável e tranquilo, pequeno mas suficiente para 6 (ou mais).",positive,khong_gian
25791,Adorei o toque diferente e inovador que o chef dá à comida.,positive,am_thuc
25792,"A comida é boa, não posso mentir.",positive,am_thuc
25793,"Serviço, no entanto, foi excelente... e gostei muito do ambiente/atmosfera.",positive,dich_vu
25793,"Serviço, no entanto, foi excelente... e gostei muito do ambiente/atmosfera.",positive,khong_gian
25794,"A comida geralmente é muito boa, embora ocasionalmente eu me pergunte sobre a frescura de vegetais crus nos acompanhamentos.",positive,am_thuc
25794,"A comida geralmente é muito boa, embora ocasionalmente eu me pergunte sobre a frescura de vegetais crus nos acompanhamentos.",negative,am_thuc
25796,"Meu grupo pediu o menu com preço fixo BBE de US$ 29, o que foi um ótimo negócio, pois também veio com uma degustação de saquê!",positive,gia_ca
25796,"Meu grupo pediu o menu com preço fixo BBE de US$ 29, o que foi um ótimo negócio, pois também veio com uma degustação de saquê!",positive,am_thuc
25797,A comida é confiável e o preço é moderado.,positive,am_thuc
25797,A comida é confiável e o preço é moderado.,neutral,gia_ca
25798,Minha colega de quarto e eu AMAMOS este lugar.,positive,nha_hang
25799,"Se você gosta de música detonada e o sistema não é tão bom e se você quer pagar pelo menos 100 dólares garrafa no mínimo, então você vai adorar aqui.",negative,gia_ca
25799,"Se você gosta de música detonada e o sistema não é tão bom e se você quer pagar pelo menos 100 dólares garrafa no mínimo, então você vai adorar aqui.",negative,khong_gian
25800,O melhor pad thai que já comi.,positive,am_thuc
25802,"Embora nos tenham dito que duraria de 10 a 15 minutos, na verdade foram cerca de 45 minutos.",negative,dich_vu
25803,"Cada vez que fomos, a equipe da recepção (não os garçons - eles são fantásticos - mas as pessoas que nos recebem e nos acomodam) foi tão horrível conosco que, se não fosse pelos pratos de peixe excepcionais, eu nunca voltaria.",positive,dich_vu
25803,"Cada vez que fomos, a equipe da recepção (não os garçons - eles são fantásticos - mas as pessoas que nos recebem e nos acomodam) foi tão horrível conosco que, se não fosse pelos pratos de peixe excepcionais, eu nunca voltaria.",negative,dich_vu
25803,"Cada vez que fomos, a equipe da recepção (não os garçons - eles são fantásticos - mas as pessoas que nos recebem e nos acomodam) foi tão horrível conosco que, se não fosse pelos pratos de peixe excepcionais, eu nunca voltaria.",positive,am_thuc
25804,Possivelmente o mais romântico Restaurante da cidade,positive,khong_gian
25805,"Embora estivéssemos procurando alface comum e algumas nozes, as saladas que recebemos eram ótimas.",positive,am_thuc
25806,"O serviço não é exatamente cinco estrelas, mas isso não é realmente um grande problema.",neutral,dich_vu
25807,A comida é ótima e o ambiente é ainda melhor.,positive,am_thuc
25807,A comida é ótima e o ambiente é ainda melhor.,positive,khong_gian
25808,Tudo o que eu comi era bom e eu sou um comedor.,positive,am_thuc
25809,O buffet tinha uma boa seleção.,positive,am_thuc
25810,"Sinceramente, nem sei por onde começar.",negative,nha_hang
25811,A entrega também é rápida.,positive,dich_vu
25812,Melhor . Sushi . De todos os tempos .,positive,am_thuc
25813,"Bom pastas, ótimo seleção de bebidas e bagels muito saboroso.",positive,am_thuc
25814,Todos ficaram mais do que felizes com suas escolhas.,positive,dich_vu
25815,Um dos meus lugares favoritos no Brooklyn.,positive,nha_hang
25816,O conceito de tapas japonesas é recém-criado e claramente não funciona.,negative,am_thuc
25817,Muito bom escolhas de vinhos.,positive,am_thuc
25818,Recomendo muito a pizza Sophia.,positive,am_thuc
25819,"O serviço é excelente, a decoração é ótima e a comida é deliciosa e vem em porções grandes.",positive,dich_vu
25819,"O serviço é excelente, a decoração é ótima e a comida é deliciosa e vem em porções grandes.",positive,khong_gian
25819,"O serviço é excelente, a decoração é ótima e a comida é deliciosa e vem em porções grandes.",positive,am_thuc
25820,Eu vou duas vezes por mês!,positive,nha_hang
25821,"também é ótimo jantar num lugar muito romântico e confortável , o serviço é simplesmente perfeito... eles são tão simpáticos que nunca queremos viver o lugar!",positive,khong_gian
25821,"também é ótimo jantar num lugar muito romântico e confortável , o serviço é simplesmente perfeito... eles são tão simpáticos que nunca queremos viver o lugar!",positive,dich_vu
25822,E US$ 11 por um prato sem graça guacamole?,negative,am_thuc
25822,E US$ 11 por um prato sem graça guacamole?,negative,gia_ca
25823,"Ingredientes são orgânicos, o que é uma grande vantagem para mim.",positive,am_thuc
25824,"A comida é deliciosa, especialmente seus pratos perfeitamente cozidos mexilhões em molho de tomate picante e suas batatas fritas crocantes batatas fritas.",positive,am_thuc
25825,Maitre-D- `` Coma e saia ``,negative,dich_vu
25826,"Lexicógrafos, tomem nota: uma nova e fascinante definição de grosseria está viva e florescendo aqui no Brooklyn.",negative,dich_vu
25827,E avaliado nesses termos Pastis é simplesmente maravilhoso.,positive,nha_hang
25829,"Delicioso, criativo e divertido.",positive,am_thuc
25830,É porque é tão bom que você precisa experimentar!!!,positive,am_thuc
25831,Fiquei sem palavras com a comida horrível.,negative,am_thuc
25832,Foi maravilhoso.,positive,am_thuc
25833,"No entanto, acho que este lugar é um bom lugar para sair.",positive,khong_gian
25834,"A decoração deste lugar é muito parecida com a de um restaurante e o tipo de lugar que você espera encontrar no East Village - nada romântico, apenas simples, pequeno e esparso.",neutral,khong_gian
25835,Experimente o Pad Thai ou experimente qualquer coisa do menu de aperitivos... todos são deliciosos.,positive,am_thuc
25836,Ess-A-Bagel (tanto em Sty-town quanto em Midtown) é de longe o melhor bagel em NY.,positive,am_thuc
25837,"E mesmo com o clima de pub, eles foram ótimos com meus filhos também!",positive,dich_vu
25838,"Red Dragon Roll - minha comida favorita, de qualquer grupo alimentar - sem dúvida",positive,am_thuc
25839,A (ração de arroz para peixe) também era boa — eles não tentaram encher demais o arroz.,positive,am_thuc
25840,Eles têm comida autêntica indiana a preços incríveis.,positive,am_thuc
25840,Eles têm comida autêntica indiana a preços incríveis.,positive,gia_ca
25841,"Meu pai pediu o bife de flanco que estava muito bom, e minha mãe pediu o peixe-espada.",positive,am_thuc
25842,Fabuloso comida - se a equipe da recepção não te desanimar –,positive,am_thuc
25842,Fabuloso comida - se a equipe da recepção não te desanimar –,negative,dich_vu
25843,"De longe, a melhor pizza de Manhattan.",positive,am_thuc
25844,Caro e nada saboroso,negative,gia_ca
25844,Caro e nada saboroso,negative,am_thuc
25845,"Pizza é ótima, assim como massa caseira.",positive,am_thuc
25847,A localização é perfeita.,positive,vi_tri
25848,"No geral, esta joia do centro da cidade se tornou instantaneamente um dos meus restaurantes de sushi favoritos na cidade.",positive,nha_hang
25849,Este lugar não faz sentido algum,negative,nha_hang
25850,"As mesas estão muito próximas, o cardápio é típico de qualquer restaurante italiano e a carta de vinhos é simplesmente cara.",negative,khong_gian
25850,"As mesas estão muito próximas, o cardápio é típico de qualquer restaurante italiano e a carta de vinhos é simplesmente cara.",neutral,am_thuc
25850,"As mesas estão muito próximas, o cardápio é típico de qualquer restaurante italiano e a carta de vinhos é simplesmente cara.",negative,gia_ca
25851,"A comida era bem tradicional, mas estava quente e boa, com porções grandes.",positive,am_thuc
25852,"No entanto, tenho reservas quanto à oferta coma à vontade: as opções são bastante limitadas e você provavelmente pode pedir mais comida do que pode comer por menos de US$ 18, apenas escolhendo o menu.",negative,am_thuc
25852,"No entanto, tenho reservas quanto à oferta coma à vontade: as opções são bastante limitadas e você provavelmente pode pedir mais comida do que pode comer por menos de US$ 18, apenas escolhendo o menu.",negative,gia_ca
25853,Imperdível!,positive,nha_hang
25854,Devo dizer que nunca tive uma refeição decepcionante refeição aqui.,positive,am_thuc
25855,Não se esqueça de não pedir nada além de bagels!,negative,am_thuc
25856,"o espinafre é fresco, definitivamente não congelado...",positive,am_thuc
25857,Eu comi o Robalo frito ao estilo tailandês ... que estava muito bom.,positive,am_thuc
25858,"A vista é de tirar o fôlego, o serviço é de primeira... o ambiente é maravilhoso.",positive,vi_tri
25858,"A vista é de tirar o fôlego, o serviço é de primeira... o ambiente é maravilhoso.",positive,dich_vu
25858,"A vista é de tirar o fôlego, o serviço é de primeira... o ambiente é maravilhoso.",positive,khong_gian
25859,"O ambiente era bom, mas serviço não era tão bom.",positive,khong_gian
25859,"O ambiente era bom, mas serviço não era tão bom.",negative,dich_vu
25860,Este lugar não vale os preços.,negative,nha_hang
25860,Este lugar não vale os preços.,negative,gia_ca
25861,"Comemos fora no pátio dos fundos, o que vale a pena porque é legal e a música é bem ouvida lá.",positive,khong_gian
25862,"Não experimentei o caviar, mas experimentei salmão e salada de caranguejo (são todos bons)",positive,am_thuc
25863,Estávamos sentados do lado de fora e o garçom derramou vinho tinto e chá quente em mim e no meu acompanhante.,negative,dich_vu
25864,Pedimos bebidas e nunca as recebemos.,negative,dich_vu
25865,Ótimo comida indiana e o serviço é incrível.,positive,am_thuc
25865,Ótimo comida indiana e o serviço é incrível.,positive,dich_vu
25866,"Eu definitivamente voltaria aqui novamente, pois é uma das minhas principais escolhas.",positive,nha_hang
25867,"Ok, não me importo com a parte oleosa (porque a maioria é cozida dessa forma), mas era muito sem graça.",negative,am_thuc
25868,A atmosfera é barulhenta e os garçons estão literalmente andando por aí fazendo as coisas o mais rápido que podem.,negative,khong_gian
25868,A atmosfera é barulhenta e os garçons estão literalmente andando por aí fazendo as coisas o mais rápido que podem.,positive,dich_vu
25869,é um lugar perfeito para comer uma comida indiana incrível.,positive,am_thuc
25870,"O mais fresco, a melhor variedade e o mais rápido entrega.",positive,am_thuc
25870,"O mais fresco, a melhor variedade e o mais rápido entrega.",positive,dich_vu
25871,"Achei comida, serviço e valor excepcionais todas as vezes que estive lá.",positive,am_thuc
25871,"Achei comida, serviço e valor excepcionais todas as vezes que estive lá.",positive,dich_vu
25871,"Achei comida, serviço e valor excepcionais todas as vezes que estive lá.",positive,gia_ca
25872,"Em uma área que infelizmente carece de comida decente comida tailandesa, este é um dos melhores lugares.",positive,am_thuc
25873,Peguei um pedaço excelente de cheesecake e comemos vários outros doces deliciosos.,positive,am_thuc
25875,"É aqui que a coisa realmente fica ruim: a gerente disse que não há absolutamente nada que possamos fazer, é uma questão de gosto que ela não gostou, e eu não posso comparar.",negative,dich_vu
25876,O lugar perfeito ponto.,positive,nha_hang
25877,"Serviço ok, mas hostil, sujo banheiro.",negative,dich_vu
25877,"Serviço ok, mas hostil, sujo banheiro.",negative,khong_gian
25878,"A equipe foi prestativa, a comida estava absolutamente deliciosa e o lugar é adorável.",positive,dich_vu
25878,"A equipe foi prestativa, a comida estava absolutamente deliciosa e o lugar é adorável.",positive,am_thuc
25878,"A equipe foi prestativa, a comida estava absolutamente deliciosa e o lugar é adorável.",positive,khong_gian
25879,"bom música, ótimo comida, rápido serviço preços acessíveis.",positive,khong_gian
25879,"bom música, ótimo comida, rápido serviço preços acessíveis.",positive,am_thuc
25879,"bom música, ótimo comida, rápido serviço preços acessíveis.",positive,dich_vu
25879,"bom música, ótimo comida, rápido serviço preços acessíveis.",positive,gia_ca
25880,"Estávamos planejando pedir sobremesa, mas a garçonete basicamente jogou a conta para nós antes que tivéssemos a chance de fazer o pedido.",negative,dich_vu
25881,Nós nos divertimos muito no Jekyll and Hyde Pub ontem à noite.,positive,nha_hang
25882,A comida é autenticamente italiana - deliciosa!,positive,am_thuc
25883,Agradeci ao meu amigo que me recomendou este restaurante e certamente o recomendarei a outros.,positive,nha_hang
25884,Planet Thai é ótimo!,positive,nha_hang
25885,"Para resumir: O serviço varia de bom a medíocre, dependendo do garçom que você escolher; geralmente é apenas mediano.",neutral,dich_vu
25887,"A comida não era fresca, os molhos eram insossos e muito oleosos.",negative,am_thuc
25888,Acabei de voltar para casa depois de visitar Casa La Femme e fiquei tão ofendido com minha visita que achei necessário tentar alertar outros clientes que valorizam seu dinheiro e tempo.,negative,nha_hang
25888,Acabei de voltar para casa depois de visitar Casa La Femme e fiquei tão ofendido com minha visita que achei necessário tentar alertar outros clientes que valorizam seu dinheiro e tempo.,negative,gia_ca
25889,Este é um dos meus restaurantes favoritos e não pode ser perdido.,positive,nha_hang
25890,"Qualquer pessoa que goste deste lugar deve ser de outro planeta, onde o gorduroso, o seco e o sem sabor são complementares.",negative,am_thuc
25891,O Rao's tem o melhor serviço e ambiente de Nova York.,positive,dich_vu
25891,O Rao's tem o melhor serviço e ambiente de Nova York.,positive,khong_gian
25892,É simplesmente como sair de Manhattan e entrar em um refúgio de tranquilidade.,positive,khong_gian
25893,O lugar é muito divertido.,positive,khong_gian
25894,"Com a grande variedade do menu, como aqui com frequência e nunca fico entediado.",positive,am_thuc
25895,"O ambiente é muito relaxado e aconchegante, o serviço foi ótimo e a comida foi excelente!",positive,khong_gian
25895,"O ambiente é muito relaxado e aconchegante, o serviço foi ótimo e a comida foi excelente!",positive,dich_vu
25895,"O ambiente é muito relaxado e aconchegante, o serviço foi ótimo e a comida foi excelente!",positive,am_thuc
25896,Moro no Japão há 7 anos e o sabor da comida e a sensação do restaurante são como estar de volta ao Japão.,positive,am_thuc
25896,Moro no Japão há 7 anos e o sabor da comida e a sensação do restaurante são como estar de volta ao Japão.,positive,khong_gian
25897,"Se você gosta de comida apimentada, experimente o frango vindaloo.",positive,am_thuc
25898,"A decoração é boa, mas O serviço pode ser irregular.",positive,khong_gian
25898,"A decoração é boa, mas O serviço pode ser irregular.",negative,dich_vu
25899,"A atmosfera não é das melhores, mas acho que é assim que eles mantêm os preços baixos.",negative,khong_gian
25899,"A atmosfera não é das melhores, mas acho que é assim que eles mantêm os preços baixos.",positive,gia_ca
25900,Não me lembro da última vez que comi uma comida tão nojenta comida em Nova York.,negative,am_thuc
25901,"Comemos neste lugar tailandês seguindo as avaliações, mas ficamos muito insatisfeitos com a comida.",negative,am_thuc
25902,Definitivamente um favorito do bairro.,positive,nha_hang
25903,"A pizza de pesto era excelente, pizza de massa fina com uma boa quantidade de queijo italiano picante do qual eu nunca tinha ouvido falar antes.",positive,am_thuc
25904,"Comida demorou um pouco para preparar, mas valeu a pena esperar.",positive,am_thuc
25904,"Comida demorou um pouco para preparar, mas valeu a pena esperar.",neutral,dich_vu
25905,"De qualquer forma, voltaremos e mal podemos esperar para visitar no verão e aproveitar o pátio.",positive,nha_hang
25906,"Leon é uma joia do East Village: casual, mas descolado, com pratos básicos de bistrô francês bem preparados, bons especiais e uma atmosfera calorosa e animada.",positive,khong_gian
25906,"Leon é uma joia do East Village: casual, mas descolado, com pratos básicos de bistrô francês bem preparados, bons especiais e uma atmosfera calorosa e animada.",positive,am_thuc
25907,Melhor refeição em muito tempo!,positive,am_thuc
25908,"Como sempre, tomamos uma ótima taça de vinho enquanto esperávamos.",positive,am_thuc
25909,caro comida japonesa com medíocre serviço,negative,gia_ca
25909,caro comida japonesa com medíocre serviço,neutral,dich_vu
25910,Tenho feito tudo isso na Heartland Brewery há mais de 5 anos e NUNCA FIQUEI DECEPCIONADO!,positive,nha_hang
25911,Comemos peixe frito especial da Pam e estava incrível.,positive,am_thuc
25912,"O menu é limitado, mas quase todos os pratos são excelentes.",negative,am_thuc
25912,"O menu é limitado, mas quase todos os pratos são excelentes.",positive,am_thuc
25913,"Para cada prato, esperamos mais de 1/2 hora a 45 minutos e nunca nos ofereceram uma bebida.",negative,dich_vu
25915,"Chegamos tarde para nossa reserva, então não posso reclamar muito da espera por uma mesa.",neutral,dich_vu
25917,esse pequeno lugar tem uma decoração interior fofa e preços acessíveis na cidade.,positive,khong_gian
25917,esse pequeno lugar tem uma decoração interior fofa e preços acessíveis na cidade.,positive,gia_ca
25918,Mas US$ 500 por um jantar para dois que não incluía vinho?,negative,gia_ca
25919,Este é um bom restaurante se você estiver procurando um bom lugar para organizar um jantar íntimo com colegas de trabalho.,positive,nha_hang
25921,"Meu namorado pediu o New England Chowder, que estava bom, mas acho que o prêmio deveria ser para o Lobster Bisque.",positive,am_thuc
25924,Pobre serviço e gestão,negative,dich_vu
25926,Preços moderados.,neutral,gia_ca
25927,A anfitriã e a garçonete foram incrivelmente rudes e fizeram de tudo para nos expulsar.,negative,dich_vu
25928,"Em uma tarde de domingo recente, um amigo e eu acidentalmente encontramos este ótimo restaurante enquanto íamos ver a peça vencedora do prêmio Pulitzer, DÚVIDA.",positive,nha_hang
25929,Há algo em sua atmosfera que me faz voltar quase toda semana.,positive,khong_gian
25931,"A área de estar no jardim dos fundos é muito agradável, onde você pode ver o jardim de ervas pessoal deles.",positive,khong_gian
25932,"O serviço foi péssimo, tivemos que esperar por tudo e pedir a mesma coisa para várias pessoas diferentes antes de sermos atendidos.",negative,dich_vu
25933,"Ah, e eu nunca escrevo avaliações. Fiquei tão comovido com o quão ruim esse lugar era, que senti que era meu dever espalhar a notícia.",negative,nha_hang
25934,"Não é um lugar muito chique lugar, mas é muito bom comida indiana ao estilo chinês.",neutral,khong_gian
25934,"Não é um lugar muito chique lugar, mas é muito bom comida indiana ao estilo chinês.",positive,am_thuc
25935,Maravilhoso laticínios de morango também!,positive,am_thuc
25936,A comida era péssima - muito doce ou muito salgada e as porções eram minúsculas.,negative,am_thuc
25937,"delicioso bagels, especialmente quando saem direto do forno.",positive,am_thuc
25938,"Embora eles façam as perguntas típicas sobre que tipo de água você gostaria, o serviço foi bom e, no geral, muito relaxante para lugar comer.",positive,dich_vu
25938,"Embora eles façam as perguntas típicas sobre que tipo de água você gostaria, o serviço foi bom e, no geral, muito relaxante para lugar comer.",positive,khong_gian
25939,Quase hesitei em escrever uma avaliação porque a atmosfera era ótima e eu odiaria que ficasse muito lotado.,positive,khong_gian
25940,Esta foi minha primeira vez no Café St. Bart e devo dizer o quão deliciosa era a comida e o serviço.,positive,am_thuc
25941,O serviço foi excelente e a comida estava deliciosa.,positive,dich_vu
25941,O serviço foi excelente e a comida estava deliciosa.,positive,am_thuc
25942,"Para aqueles que foram uma vez e não gostaram, tudo o que posso dizer é que eles simplesmente não entenderam.",positive,nha_hang
25943,"As bebidas do bar eram, no mínimo, ok.",negative,am_thuc
25944,"Considerando que éramos os últimos clientes lá e já passava do horário de fechamento, os garçons não nos apressaram em nada e nos fizeram sentir confortáveis e relaxados.",positive,dich_vu
25945,A comida é ótima.,positive,am_thuc
25946,"Ótimo clima, muita gente.",positive,khong_gian
25947,"Este é sem dúvida o meu favorito brasserie japonesa moderna (que não serve sushi) e, na minha opinião, um dos restaurantes mais românticos da cidade!",positive,nha_hang
25947,"Este é sem dúvida o meu favorito brasserie japonesa moderna (que não serve sushi) e, na minha opinião, um dos restaurantes mais românticos da cidade!",positive,khong_gian
25948,O pão que recebemos era horrível - duro como pedra e frio - e o ``grátis`` aperitivo de azeitonas foi decepcionante.,negative,am_thuc
25948,O pão que recebemos era horrível - duro como pedra e frio - e o ``grátis`` aperitivo de azeitonas foi decepcionante.,neutral,gia_ca
25949,"Embora seja compreensível que cada lugar seja diferente, não havia necessidade de ser descortês com os clientes e totalmente rude.",negative,dich_vu
25950,O nakgi-bokum foi horrível.,negative,am_thuc
25951,"Comi aqui há uma semana e achei a maioria pratos mediana, na melhor das hipóteses, e muito cara.",negative,am_thuc
25951,"Comi aqui há uma semana e achei a maioria pratos mediana, na melhor das hipóteses, e muito cara.",negative,gia_ca
25952,Eles honraram muito bem a reserva na tarde de domingo.,positive,dich_vu
25953,A anfitriã foi muito agradável.,positive,dich_vu
25954,"Pule isso restaurante, é uma grande decepção.",negative,nha_hang
25955,"O serviço foi muito bom - rápido, atencioso e não intrusivo.",positive,dich_vu
25956,Eu estava lá no sábado para o meu aniversário e nos divertimos muito.,positive,nha_hang
25957,"La Rosa entra valsando, e acho que eles estão fazendo isso da melhor maneira possível.",positive,am_thuc
25958,"Toons foi reformado recentemente, então agora é um espaço muito atraente.",positive,khong_gian
25959,Sushi A experiência foi inacreditável com meu noivo.,positive,am_thuc
25960,"Não costumo visitar o mesmo estabelecimento mais de uma vez, muito menos duas, mas sempre que posso vou ao Zenkichi para um jantar tranquilo, sem pressa e memorável.",positive,nha_hang
25960,"Não costumo visitar o mesmo estabelecimento mais de uma vez, muito menos duas, mas sempre que posso vou ao Zenkichi para um jantar tranquilo, sem pressa e memorável.",positive,khong_gian
25961,Eu recomendo fortemente o Caviar Russe para qualquer um que queira um prato delicioso de primeira qualidade caviar e fantástico serviço.,positive,am_thuc
25961,Eu recomendo fortemente o Caviar Russe para qualquer um que queira um prato delicioso de primeira qualidade caviar e fantástico serviço.,positive,de_xuat
25962,Nós partimos para nunca mais voltar.,negative,nha_hang
25963,Eles são muito caros e você pode encontrar melhores logo ali na esquina:,negative,gia_ca
25963,Eles são muito caros e você pode encontrar melhores logo ali na esquina:,negative,am_thuc
25964,"Vá lá uma vez e, ah sim... você vai voltar... você vai...",positive,nha_hang
25965,"O Steak Tartare é uma ótima aposta, eles preparam para você na mesa.",positive,am_thuc
25966,"Eu gosto do Café Noir, não me entenda mal, é que as pessoas que trabalham lá são más e incompetentes!!",negative,dich_vu
25966,"Eu gosto do Café Noir, não me entenda mal, é que as pessoas que trabalham lá são más e incompetentes!!",positive,nha_hang
25967,"É muito picante, mas não ofensivo.",positive,am_thuc
25968,Primeiro de tudo Dal Bukhara Rochas.,positive,am_thuc
25969,A carta de vinhos é excelente.,positive,am_thuc
25970,"No entanto, nossos US$ 14 bebidas foram horríveis!",negative,am_thuc
25970,"No entanto, nossos US$ 14 bebidas foram horríveis!",negative,gia_ca
25971,"Nenhum menu de sobremesas, nenhum pedido de desculpas, nada!!!",negative,dich_vu
25972,Este é um prato muito bom e barato sushi.,positive,am_thuc
25972,Este é um prato muito bom e barato sushi.,positive,gia_ca
25973,Já estive lá três vezes e sempre tive experiências maravilhosas.,positive,nha_hang
25974,Levei minha mãe para o Dia das Mães e o maître foi bem rude.,negative,dich_vu
25975,"No entanto, opte pelo ambiente e considere a comida apenas uma companhia para uma viagem pelo mundo!",neutral,am_thuc
25976,Provavelmente não voltaria aqui.,negative,nha_hang
25977,Só quero avisar a todos: não desperdicem seu tempo e dinheiro.,negative,nha_hang
25978,O prato filé mignon estava excelente!,positive,am_thuc
25979,"A única desvantagem... eles só aceitam dinheiro, o que é bom se você souber disso com antecedência.",negative,nha_hang
25980,"O serviço é bom, algumas pessoas não receberam o que pediram.",neutral,dich_vu
25981,Nunca comi 40 pedaços de algo relativamente bom nigiri.,neutral,am_thuc
25982,"É caro, mas vale a pena o dinheiro gasto.",negative,gia_ca
25982,"É caro, mas vale a pena o dinheiro gasto.",positive,nha_hang
25983,O lugar decoração e banheiros escondidos rendeu boas risadas.,positive,khong_gian
25984,"O sanduíche de lagosta custa US$ 24 e, embora fosse bom, não foi o suficiente para justificar esse preço.",positive,am_thuc
25984,"O sanduíche de lagosta custa US$ 24 e, embora fosse bom, não foi o suficiente para justificar esse preço.",negative,gia_ca
25985,"A comida é muito boa, mas não excepcional.",neutral,am_thuc
25986,Lounge no andar de baixo é sempre uma boa atração,positive,khong_gian
25987,O rolinho de atum picante é enorme e provavelmente o melhor que já comi nessa faixa de preço.,positive,am_thuc
25987,O rolinho de atum picante é enorme e provavelmente o melhor que já comi nessa faixa de preço.,positive,gia_ca
25988,"O pirulito de frango é o meu favorito, a maioria dos pratos (tenho que concordar com um crítico anterior) são bastante oleosos e muito picantes, especialmente o Frango com Pimenta.",positive,am_thuc
25988,"O pirulito de frango é o meu favorito, a maioria dos pratos (tenho que concordar com um crítico anterior) são bastante oleosos e muito picantes, especialmente o Frango com Pimenta.",negative,am_thuc
25989,"Não dá para discutir sobre isso, mas eles estão claramente caros.",negative,gia_ca
25990,"Um pão especial e um pão normal são suficientes para encher você, mas guarde espaço para sobremesa!",positive,am_thuc
25991,Fomos então enxotados para dentro.,negative,dich_vu
25993,"O bife de gancho era como borracha e o atum não tinha sabor, sem falar que parecia que tinha acabado de ser descongelado.",negative,am_thuc
25994,Excelente local para encontros de férias com colegas de trabalho ou amigos que você não vê há algum tempo.,positive,nha_hang
25995,"Pequeno porções para prato principal, eu comi salmão (não fiquei impressionado) e minha namorada pediu frango, estava bom.",negative,am_thuc
25995,"Pequeno porções para prato principal, eu comi salmão (não fiquei impressionado) e minha namorada pediu frango, estava bom.",positive,am_thuc
25997,Meu filho de seis anos adorou.,positive,nha_hang
25998,Terrível desperdício de dinheiro... golpistas,negative,nha_hang
25998,Terrível desperdício de dinheiro... golpistas,negative,gia_ca
26000,Você não ficará desapontado de forma alguma.,positive,nha_hang
26001,"A comida era apenas mediana... se eles abaixassem os preços um pouco, seria um atrativo maior.",neutral,am_thuc
26002,Tudo estava indo bem até chegarmos às refeições.,positive,nha_hang
26003,"Também fiquei surpreso com todas as novidades dos últimos anos: um novo Jazz Bar, o mais fantástico Dining Garden, o melhor Pizzas de massa fina e agora um Menu de lasanha que é de morrer (essas não são suas lasanhas comuns)!",positive,khong_gian
26003,"Também fiquei surpreso com todas as novidades dos últimos anos: um novo Jazz Bar, o mais fantástico Dining Garden, o melhor Pizzas de massa fina e agora um Menu de lasanha que é de morrer (essas não são suas lasanhas comuns)!",positive,am_thuc
26004,"Depois do jantar, o gerente agarrou meu namorado, perguntou: De onde você é... talvez você não saiba como as coisas funcionam na América... e no final saiu furioso, quase chorando, gritando que as gorjetas são a única coisa com que eles sobrevivem.",negative,dich_vu
26005,"O restaurante é um pouco barulhento, mas isso é algo que pode passar despercebido quando você se senta e desfruta de uma ótima refeição",positive,am_thuc
26005,"O restaurante é um pouco barulhento, mas isso é algo que pode passar despercebido quando você se senta e desfruta de uma ótima refeição",negative,khong_gian
26007,"O ambiente é inédito, o serviço impecável e a comida magnífica.",positive,khong_gian
26007,"O ambiente é inédito, o serviço impecável e a comida magnífica.",positive,dich_vu
26007,"O ambiente é inédito, o serviço impecável e a comida magnífica.",positive,am_thuc
26008,"Duas reclamações: a seleção de aperitivos deles fede, seria legal ter alguns palitos de mussarela no menu.",negative,am_thuc
26009,"US$ 6 e há muita comida saborosa comida, tudo fresco e continuamente reabastecido.",positive,am_thuc
26009,"US$ 6 e há muita comida saborosa comida, tudo fresco e continuamente reabastecido.",positive,gia_ca
26010,A comida exótica é lindamente apresentada e é uma delícia em combinações deliciosas.,positive,am_thuc
26011,"Um cavalheiro, talvez o gerente, veio até a nossa mesa e, sem sequer sorrir ou cumprimentar, perguntou nosso pedido.",negative,dich_vu
26012,Voltarei muito em breve.,positive,nha_hang
26013,"A comida que pedimos estava excelente, embora eu não diria que as margaritas foram algo digno de nota.",positive,am_thuc
26013,"A comida que pedimos estava excelente, embora eu não diria que as margaritas foram algo digno de nota.",neutral,am_thuc
26014,"O que fizemos foi perder 3 horas presos em uma mesa esperando e esperando por comida, bebida e narguilé... alguns dos quais nunca recebemos!",negative,dich_vu
26015,Mas a pizza é muito cara.,negative,gia_ca
26016,Simplesmente barato e bom comida.,positive,am_thuc
26016,Simplesmente barato e bom comida.,positive,gia_ca
26017,Este prato é o meu favorito e eu sempre peço quando vou lá e nunca me canso.,positive,am_thuc
26018,US$ 20 por sushi à vontade é imbatível.,positive,gia_ca
26019,Recebemos até a visita do Gerente que queria ter certeza de que estávamos nos divertindo.,positive,dich_vu
26020,Fiquei chocado que meus amigos queriam ficar depois que a garçonete disse: ``posso ajudá-lo?`` e ``quantas pessoas estão no seu grupo.``,negative,dich_vu
26021,"O take away também é ótimo, pois eles também fornecem tupperware de alta qualidade.",positive,dich_vu
26022,"Você deve experimentar a lasanha de caranguejo, que é de outro mundo, e o pudim de pão com chocolate de sobremesa.",positive,am_thuc
26023,"é apenas um lugar divertido para ir, não um cinco estrelas restaurante.",neutral,nha_hang
26024,A equipe é muito prestativa.,positive,dich_vu
26025,"Ele me serviu um Uni Hand roll, que eu nunca tinha comido antes, e deixe-me dizer... FOI O PARAÍSO!",positive,am_thuc
26026,"Aperitivo de guacamole+camarão foi realmente ótimo, nós dois pedimos o filé, muito bom, não gostamos muito das batatas fritas que vieram com ele, mas o filé estava tão bom que nenhum de nós se importou.",positive,am_thuc
26026,"Aperitivo de guacamole+camarão foi realmente ótimo, nós dois pedimos o filé, muito bom, não gostamos muito das batatas fritas que vieram com ele, mas o filé estava tão bom que nenhum de nós se importou.",negative,am_thuc
26027,"O alimento, no entanto, é o que se poderia esperar.",negative,am_thuc
26028,"Nós nos divertimos comendo lá, chegamos lá por volta das 3 da manhã!",positive,nha_hang
26029,"Provavelmente não retornarei, mas é uma ótima experiência gastronômica para experimentar pelo menos uma vez.",negative,nha_hang
26029,"Provavelmente não retornarei, mas é uma ótima experiência gastronômica para experimentar pelo menos uma vez.",positive,nha_hang
26030,Ótima experiência sushi.,positive,am_thuc
26031,Ótimo pizza e fantástico serviço.,positive,am_thuc
26031,Ótimo pizza e fantástico serviço.,positive,dich_vu
26032,"Na nossa última visita, eles pularam nosso nome na lista, nos deixando esperando uma hora a mais por uma mesa.",negative,dich_vu
26033,Já estive lá dezenas de vezes e nunca deixei de aproveitar a experiência.,positive,nha_hang
26034,Estou feliz por ter conhecido este lugar e esta é uma joia rara em NY.,positive,nha_hang
26035,Facilmente o pior lula frita que já provei.,negative,am_thuc
26036,"Com o teatro a 2 quarteirões de distância, tivemos uma deliciosa refeição em uma linda sala.",positive,am_thuc
26036,"Com o teatro a 2 quarteirões de distância, tivemos uma deliciosa refeição em uma linda sala.",positive,khong_gian
26036,"Com o teatro a 2 quarteirões de distância, tivemos uma deliciosa refeição em uma linda sala.",positive,vi_tri
26038,"Nossa visita lá, para dizer o mínimo, foi uma experiência desagradável e cara!",negative,nha_hang
26038,"Nossa visita lá, para dizer o mínimo, foi uma experiência desagradável e cara!",negative,gia_ca
26040,A comida é preparada de forma rápida e eficiente.,positive,dich_vu
26041,"Se você for, experimente o molho marinara/arrabiatta, o mussarela en Carozza é mmmmmmmm... tudo é simplesmente delicioso.",positive,am_thuc
26042,A pizza era muito boa e enorme.,positive,am_thuc
26046,jedlo bolo dobré.,positive,am_thuc
26073,Mkamilifu doa .,positive,nha_hang
27880,Recomendado .,positive,noi_chung
27921,Este producto parece ser 3.,neutral,am_thuc
28156,He usado este té durante 2 de mis 3 embarazos.,positive,am_thuc
28251,J'adore ça café !,positive,am_thuc
28368,Ouais xylitol !,positive,am_thuc
28411,J'adore ça protéines !,positive,am_thuc
28586,Toute ma famille adore ça tomates !!,positive,am_thuc
28664,Samo dovoljno.,neutral,am_thuc
28691,Eles têm a quantidade certa de sabor e aroma.,positive,am_thuc
28692,"Recomendo muito, gostei tanto que já programei a entrega.",positive,noi_chung
28692,"Recomendo muito, gostei tanto que já programei a entrega.",positive,am_thuc
28693,Estou muito feliz por ter encontrado estes produtos.,positive,am_thuc
28694,O sabor é ótimo e não causa problemas depois. Estou lhe dizendo que esse é o caminho a seguir.,positive,am_thuc
28695,"Mesmo com recipientes pequenos, eles não os enchem.",negative,am_thuc
28696,Tem um sabor ótimo e realmente me deu energia extra.,positive,am_thuc
28697,Adoro o Espresso e também a maioria dos outros sabores.,positive,am_thuc
28698,"Sozinho, acho um pouco florido demais, mas misturado... perfeito.",neutral,am_thuc
28698,"Sozinho, acho um pouco florido demais, mas misturado... perfeito.",positive,am_thuc
28699,"Elas definitivamente são muito ricas em ""calorias provenientes de gordura"", mas me mantêm satisfeito por muito mais tempo do que uma barra de cereal comum.",positive,am_thuc
28700,"Finalmente, um pirulito sem xarope de milho, produtos químicos, corantes e sabores artificiais!",positive,am_thuc
28701,"Não estou dizendo que é um produto ruim (2), apenas que meu filho de 8 anos não gosta.",neutral,am_thuc
28701,"Não estou dizendo que é um produto ruim (2), apenas que meu filho de 8 anos não gosta.",negative,am_thuc
28702,Esta é uma das minhas couves cheddar cruas favoritas chips.,positive,am_thuc
28703,"Pegue, abra e despeje.",positive,am_thuc
28704,Nossa Boston Terrier adora estes ossos - nós os damos a ela como um agrado ou para mantê-la ocupada quando temos companhia.,positive,am_thuc
28706,"Ele come isso diariamente, o que é ótimo, pois ele era um animal resgatado que antes comia comida humana, e eu lutei contra o problema da comida por anos antes de encontrar isso.",positive,am_thuc
28707,Eu ainda gosto destes Quadrados de aveia Quaker e eles ainda são ótimos para qualquer hora do dia.,positive,am_thuc
28708,É algo diferente e todo mundo adora o sabor.,positive,am_thuc
28709,Eu nem gosto de chá (ou não gostava). Estou completamente viciada nisso.,positive,am_thuc
28710,"Portanto, cuidado com as bocas sensíveis.",neutral,am_thuc
28711,Estou aqui hoje para dizer que esta bebida é incrível!,positive,am_thuc
28712,Encomendei quatro de Natural Calm e recebi apenas um. Tenho ligado sobre esse pedido e não tenho solução para essa situação.,negative,am_thuc
28713,Só queria que não fossem tão caros!,negative,gia_ca
28714,"Nós os usamos polvilhados sobre saladas ou vegetais cozidos ou, às vezes, eu os coloco na minha máquina VitaMix junto com tofu extra firme para misturá-los em uma pasta lisa como base para um enorme milk-shake/smoothie de frutas mistas no café da manhã.",positive,am_thuc
28715,Mistura bem e tem um gosto bom para mim!,positive,am_thuc
28716,Este é um produto fantástico.,positive,am_thuc
28717,Você fornece o frango e é fácil e rápido de fazer.,positive,am_thuc
28718,Até agora tem funcionado bem para mim.,positive,am_thuc
28719,"O sabor desagradável ainda está lá com força total. Duvido que eu consiga salvá-los neste momento, mas continuarei tentando.",negative,am_thuc
28720,"Comprei este em particular goma de xilitol, mas nunca questionei onde foi feito.",neutral,am_thuc
28721,"Se você é um amante de chocolate café que gosta de uma caneca de café quente pela manhã, este pode ser o café sabor de chocolate perfeito para você - que te acorda e te dá um impulso inicial!",positive,am_thuc
28721,"Se você é um amante de chocolate café que gosta de uma caneca de café quente pela manhã, este pode ser o café sabor de chocolate perfeito para você - que te acorda e te dá um impulso inicial!",neutral,am_thuc
28722,"Contém MSG, nitrito de sódio e muito sódio.",negative,am_thuc
28723,"É perfeito para o meu gosto - rico, mas não amargo - e certamente pedirei novamente.",positive,am_thuc
28724,Encontramos o suprimento sempre fresco quando pedimos.,positive,am_thuc
28725,"E, sem a culpa . desmaiar",positive,am_thuc
28726,Não é possível obter melhores testes produtos irlandeses em nenhum outro lugar dos Estados Unidos.,positive,am_thuc
28728,"Adoro comidas picantes e fortes, mas o tempero aqui é forte e tem um sabor desagradável!",negative,am_thuc
28729,"Eu usei o arroz em várias receitas - de pilafs a sopas, cozidos rapidamente ou cozidos no vapor.",positive,am_thuc
28730,"Dito isto, este é um produto bom, suave e sem nenhum amargor comum em muitas coisas mais baratas vendidas no supermercado local.",positive,am_thuc
28731,"O resto é guardado em segurança, para aqueles dias em que uma terapia pessoal do tipo chocolate amargo é necessária.",positive,am_thuc
28733,Fiquei muito animado ao encontrar uma mais barata cidra.,positive,am_thuc
28733,Fiquei muito animado ao encontrar uma mais barata cidra.,positive,gia_ca
28734,Este é provavelmente o melhor chá de hortelã que encontramos.,positive,am_thuc
28735,"Deixou o atum delicioso, tanto que comi a lata inteira.",positive,am_thuc
28736,Geralmente não sou exigente quando se trata de substitutos do açúcar. Entendo que nada se compara exatamente ao açúcar em sabor.,negative,am_thuc
28737,"Não há muita descrição na caixa e nenhuma instrução, mas é basicamente um saquinho de chá que diz ""este lado está virado para baixo"".",negative,am_thuc
28737,"Não há muita descrição na caixa e nenhuma instrução, mas é basicamente um saquinho de chá que diz ""este lado está virado para baixo"".",neutral,am_thuc
28738,"E o tamanho é bom, assim como o preço.",positive,am_thuc
28738,"E o tamanho é bom, assim como o preço.",positive,gia_ca
28739,"No entanto, nem pense em adquiri-los se você tiver dentaduras, pois eles também são muito firmes e não precisam de preenchimento.",negative,am_thuc
28740,"Este é meu novo adoçante favorito para bebidas, culinária e panificação - até mesmo biscoitos.",positive,am_thuc
28741,"Agora posso aproveitar o mesmo sabor, menos metade da gordura.",positive,am_thuc
28742,"Costumo comprar produtos similares na Trader Joes e, na minha opinião, eles são muito melhores e custam muito menos.",negative,am_thuc
28742,"Costumo comprar produtos similares na Trader Joes e, na minha opinião, eles são muito melhores e custam muito menos.",negative,gia_ca
28743,Adoro o sabor e o toque!,positive,am_thuc
28744,"Ela come o produto genérico do Walmart, mas por algum motivo ela não gosta disso.",negative,am_thuc
28745,Isso é típico dos outros jantares da Kraft Skillet.,neutral,am_thuc
28746,"O pior sabor água de coco foi comparado a One, Naked e VitaCoco.",negative,am_thuc
28747,O sabor é maravilhoso; nem muito forte nem muito picante.,positive,am_thuc
28747,O sabor é maravilhoso; nem muito forte nem muito picante.,neutral,am_thuc
28748,"Se você precisa de um produto para manter seu cão ocupado, o Lickity Stik funcionaria, mas ele não parece fazer nada além de encorajar seu cão a lamber.",positive,am_thuc
28749,É mastigável e picante.,neutral,am_thuc
28750,Maçã azeda tem gosto tóxico.,negative,am_thuc
28752,Esses biscoitos são realmente ótimos.,positive,am_thuc
28753,"O chá não tem gosto ruim, o que é viável para o propósito a que se destina.",positive,am_thuc
28753,"O chá não tem gosto ruim, o que é viável para o propósito a que se destina.",neutral,am_thuc
28754,Adoro a praticidade e os pequenos detalhes que o tornam saudável e satisfatório.,positive,am_thuc
28754,Adoro a praticidade e os pequenos detalhes que o tornam saudável e satisfatório.,neutral,am_thuc
28755,Fiquei tão impressionado com os sabores e aromas fortes que pesquisei a linha de produtos e comprei várias caixas maiores (100 sacos por caixa).,positive,am_thuc
28756,Há muitas maneiras de usá-los.,positive,am_thuc
28757,"Como não posso mais comer glúten, experimentei outras marcas, mas realmente prefiro essas.",neutral,am_thuc
28757,"Como não posso mais comer glúten, experimentei outras marcas, mas realmente prefiro essas.",positive,am_thuc
28758,Tem um sabor agradável de café e não parece que veio de lata.,positive,am_thuc
28758,Tem um sabor agradável de café e não parece que veio de lata.,neutral,am_thuc
28759,"É uma pena que seja tão difícil encontrá-lo hoje em dia, mas eu adoro minha máquina Senseo.",positive,am_thuc
28760,"Não posso comentar sobre produto em si, além de dizer que ele realmente está ajudando o cão.",positive,am_thuc
28761,Tem gosto de plástico e nada a ver com água de coco.,negative,am_thuc
28762,Por que tenho uma lembrança tão forte dos cheiros dos hospitais nos anos 50?,negative,am_thuc
28763,"O sabor deixou um pouco a desejar, pois tinha um gosto químico defumado que para mim não foi agradável.",negative,am_thuc
28764,"Não, isso definitivamente não é doce que eu comia quando criança.",negative,am_thuc
28765,Nossa família inteira adora estes biscoitos.,positive,am_thuc
28767,Adorei isso café!,positive,am_thuc
28768,Gosto da combinação de ingredientes.,positive,am_thuc
28769,"O cubo em si pode ser muito barulhento, mas isso não me incomoda e o cachorro adora.",neutral,am_thuc
28769,"O cubo em si pode ser muito barulhento, mas isso não me incomoda e o cachorro adora.",positive,am_thuc
28770,Meu marido e eu adoramos isso café.,positive,am_thuc
28771,Eu gosto de Popchips.,positive,am_thuc
28772,"bem, eu ainda não tenho o saco em casa, devido a algumas políticas do país para importação de alimentos para animais, de qualquer forma eu sempre compro essa marca para minha gata e ela gosta muito, combinado com os feline greenies é tudo o que ela precisa.",positive,am_thuc
28773,Minhas saladas são sempre o assunto da festa - todo mundo quer saber que tipo de molho eu usei!,positive,am_thuc
28774,Muito prático para colocar na bolsa de fraldas.,positive,am_thuc
28775,"Mesmo assim, nunca mais os comprarei; vou me limitar a ursinhos de goma e gomas de vinho para minhas raras indulgências com doces.",negative,am_thuc
28776,"Este item é um item alimentar e se a data de validade tiver expirado, ele NÃO deve ser enviado aos clientes.",negative,am_thuc
28777,Então eu recomendo que você experimente isso.,positive,noi_chung
28778,"Quer dizer, eles são saudáveis, práticos e comestíveis, mas se você gosta de mastigar e realmente gosta da comida, é decepcionante.",negative,am_thuc
28778,"Quer dizer, eles são saudáveis, práticos e comestíveis, mas se você gosta de mastigar e realmente gosta da comida, é decepcionante.",positive,am_thuc
28778,"Quer dizer, eles são saudáveis, práticos e comestíveis, mas se você gosta de mastigar e realmente gosta da comida, é decepcionante.",neutral,am_thuc
28779,Recebi meu pedido cuja data de validade expirou.,negative,am_thuc
28780,Já fiz pedidos de Tommy Moloneys em diversas ocasiões e a QUALIDADE E O SERVIÇO SÃO ABSOLUTAMENTE EXCELENTES.,positive,am_thuc
28781,Minha sobrinha me viciou no Via.,positive,am_thuc
28782,Não acredito que exista um produto melhor por aí e na Amazon eles têm um ótimo preço.,positive,am_thuc
28782,Não acredito que exista um produto melhor por aí e na Amazon eles têm um ótimo preço.,positive,gia_ca
28783,Sou vegana há um ano e estes biscoitos são maravilhosos!!! especialmente com leite de soja quando você quiser.,positive,am_thuc
28784,"O sabor é exatamente igual ao da versão com cafeína, mas você pode beber xícara após xícara porque não há cafeína!",positive,am_thuc
28785,As amigas da minha filha sempre pedem para ela levar um pouco para a escola.,positive,am_thuc
28786,"De qualquer forma, os biscoitos têm um sabor ótimo como base para cheesecake sem glúten e todo mundo elogia ; - )",positive,am_thuc
28787,"Sou membro do Vigilantes do Peso e posso aproveitar 23 fichas por apenas 3 pontos, o que é muito gratificante.",positive,am_thuc
28788,Comprei isso coisas para ela por causa dos benefícios orgânicos crus.,neutral,am_thuc
28789,Mas eles têm um sabor bem artificial e a textura não é nada mastigável.,negative,am_thuc
28790,"Seu sabor é exatamente o que você esperaria, com notas de limão e menta.",positive,am_thuc
28791,"mas infelizmente, para mim, era realmente intragável.",negative,am_thuc
28792,Comprei o pacote com quatro unidades e vou comprar estes por muito tempo! ~,positive,am_thuc
28793,"Para as bolsas maiores , consigo terminar de uma vez!",positive,am_thuc
28794,Esta também é uma ótima ideia de presente.,positive,am_thuc
28795,Acabamos de terminar nossa caixa final e meus filhos querem saber qual sabor vamos pedir em seguida.,positive,am_thuc
28796,"Eu consigo minha ""dose de batata frita"" sem a colcha de todas essas calorias.",positive,am_thuc
28797,"Meu chihuahua de 4,5 kg sofre de alergias de pele, então experimentei alimentos produto sem grãos e sem frango, e ele adorou este produto.",positive,am_thuc
28798,Mas eles são precisos.,neutral,am_thuc
28799,"que bom que consegui isso, pesquisei na internet a melhor comida para um cachorro com problemas de estômago, fezes moles, o que consegui no veterinário não ajudou, depois de ler muitos comentários, consegui isso e adorei porque",positive,am_thuc
28800,Não é de se admirar que meus filhos não comam.,negative,am_thuc
28801,"A data de validade do produto é março de 2013, uma boa data a partir de abril de 2012.",positive,am_thuc
28803,Eu simplesmente adoro isso vestir.,positive,am_thuc
28804,"Concordo com um revisor anterior. Grãos, feijões e lentilhas parecem uma combinação incomum para mim, mas esta mistura para sopa é realmente boa!",neutral,am_thuc
28804,"Concordo com um revisor anterior. Grãos, feijões e lentilhas parecem uma combinação incomum para mim, mas esta mistura para sopa é realmente boa!",positive,am_thuc
28805,Este produto foi ótimo no TetraPak.,positive,am_thuc
28806,"Todos os chás de gengibre (4) terão aquele toque de aspereza que define o gengibre, mas este (4) tem um cheiro forte de aspereza e amargor não naturais que parecem ter sido produzidos apenas pelo uso de um gengibre mutante de baixa qualidade (se é que é gengibre de verdade).",negative,am_thuc
28807,"Muitos chás com especiarias chai (que eu bebo puro, sem leite ou adoçante adicional) me dão náuseas, mas este não me deu - - - eu adorei!",positive,am_thuc
28808,O único problema é que alguns chegaram quebrados.,negative,am_thuc
28809,"E claro, chá verde é cheio de antioxidantes.",positive,am_thuc
28810,Nós realmente gostamos disso aveia.,positive,am_thuc
28811,"Fiz uma xícara e joguei fora, MUITO DECEPCIONANTE.",negative,am_thuc
28812,Este em particular Earl Grey é saboroso e reconfortante.,positive,am_thuc
28813,Foi uma ótima seleção e deixou meu Mocha de Chocolate Branco perfeito.,positive,am_thuc
28814,Recomendamos muito!,positive,noi_chung
28815,O serviço foi ótimo e agora sei que posso comer sempre que tiver vontade sopa de caranguejo!,positive,am_thuc
28816,"Meus gatos também adoram greenies, a variedade felina.",positive,am_thuc
28818,Eu gosto de comer frutas mariani e cerejas.,positive,am_thuc
28819,A única comida seca que minha gata rainha come.,positive,am_thuc
28820,Encomendei três pacotes.,positive,am_thuc
28821,Eu só tive o cubo por algumas semanas antes que ele caísse e ela o mastigasse.,positive,am_thuc
28822,"Na verdade, eles vieram em uma caixa de Natal (eu não sabia disso até abrir minha caixa da Amazon), o que teria sido ótimo se eu os tivesse dado de presente.",positive,am_thuc
28823,"Na verdade, a melhor de todas as marcas europeias que experimentamos em nossos cinco anos de namoro.",positive,am_thuc
28824,Adoro os sabores cítricos e de framboesa do Ricochet Sours.,positive,am_thuc
28825,"Se você acha que ""orgânico"" significa ""tem gosto de terra"", então estas balas são para você.",neutral,am_thuc
28826,"Ótimo sabor, forte, mas não amargo, café encorpado. Os amantes do café parecem ter o melhor k xícaras que existe.",positive,am_thuc
28826,"Ótimo sabor, forte, mas não amargo, café encorpado. Os amantes do café parecem ter o melhor k xícaras que existe.",neutral,am_thuc
28827,Eles estavam em pedaços e pareciam velhos.,negative,am_thuc
28828,Fica ótimo com leite de arroz ou apenas água!,positive,am_thuc
28829,"Eu adoro isso chá, mas só quando misturo com outros chá ""normais"".",positive,am_thuc
28830,"Eu não tinha grandes expectativas para este produto, mas quando chegou, fiquei surpreso ao ver o quão pequenas eram as bolas de goma, que quando mastigadas ficavam bem pequenas na boca.",negative,am_thuc
28831,"Sabor delicioso, calmante para a mente, espírito e estômago.",positive,am_thuc
28832,Pedir por caixa realmente economiza dinheiro em comparação com o supermercado.,positive,gia_ca
28833,"Mas, para outros, recomendo que experimentem luo han antes de fazer o pedido.",positive,noi_chung
28834,A embalagem é linda e você tem certeza de que vai se deliciar.,positive,am_thuc
28836,Não vejo razão para colocá-lo em uma cafeteira. Desperdício total de eletricidade.,negative,am_thuc
28837,Com certeza faremos novos pedidos com eles.,positive,am_thuc
28838,"No entanto, é um alimento com baixo teor de gordura, rico em proteínas e muito saboroso.",positive,am_thuc
28839,"Há apenas uma pequena quantidade de chocolate amargo (que é o que eu gosto, menos calorias e mais cafeína) e o grão de café expresso tem um sabor ótimo, basicamente o grão derrete na boca.",positive,am_thuc
28839,"Há apenas uma pequena quantidade de chocolate amargo (que é o que eu gosto, menos calorias e mais cafeína) e o grão de café expresso tem um sabor ótimo, basicamente o grão derrete na boca.",neutral,am_thuc
28840,Eu realmente adoro o Proteína de cânhamo com baunilha em pó.,positive,am_thuc
28841,Black Tiger na verdade tem o mesmo gosto que o café deveria ter.,neutral,am_thuc
28842,Este ainda é o número 1 na minha lista.,positive,am_thuc
28843,Tem um sabor mentolado muito agradável.,positive,am_thuc
28844,"A água parece ""grossa"", mas sedosa ao engolir.",neutral,am_thuc
28844,"A água parece ""grossa"", mas sedosa ao engolir.",positive,am_thuc
28845,"Para mim, a variedade de canela tem quase o mesmo sabor que o toque de açúcar mascavo quadradinhos de aveia.",neutral,am_thuc
28846,E pensar que encontrei esta pequena joia enquanto procurava minha música de Natal favorita.,positive,am_thuc
28847,Recomendo comprar dessa forma.,positive,noi_chung
28849,"Minha razão não é o porquê, mas sim não comprar outro.",negative,am_thuc
28850,"Elas são boas para ele, então estou muito feliz que ele goste tanto delas.",positive,am_thuc
28851,"Eu adoro o maçã, canela e noz-pecã.",positive,am_thuc
28852,Eu realmente gosto disto missô instantâneo.,positive,am_thuc
28853,O tamanho variou de extra grande (talvez 15%) a pequeno (a maioria deles fechados).,negative,am_thuc
28854,"Textura agradável, sabor maravilhoso!",positive,am_thuc
28855,"Nunca dei uma avaliação ruim antes, mas essas azeitonas são tão horríveis",negative,am_thuc
28856,Comprei-os para ajudar a acabar com meus desejos descontrolados por doces à tarde.,positive,am_thuc
28857,Recomendo com certeza!,positive,noi_chung
28858,"Um passo de cada vez, se cada um de nós fizer uma coisa, como se apaixonar por esta bebida orgânica fácil de usar café, que irá deliciar suavemente seu paladar sem dominá-lo.",neutral,am_thuc
28858,"Um passo de cada vez, se cada um de nós fizer uma coisa, como se apaixonar por esta bebida orgânica fácil de usar café, que irá deliciar suavemente seu paladar sem dominá-lo.",positive,am_thuc
28859,Você não vai se arrepender.,positive,noi_chung
28860,"É bom saber que o milho é orgânico, mas estou um pouco bravo comigo mesmo por comprar um suprimento para 10 anos! ; )",positive,am_thuc
28861,Tudo ficou maravilhoso até eu adicionar tomate pelado.,negative,am_thuc
28862,"A lata de illy issimo Caffe Coffee drink é uma lata pequena e no começo pensei que fosse muito pequena, mas eu estava errado!!",neutral,am_thuc
28862,"A lata de illy issimo Caffe Coffee drink é uma lata pequena e no começo pensei que fosse muito pequena, mas eu estava errado!!",positive,am_thuc
28863,Eu recomendaria este produto a todos que amam o sabor de um bom café com leite!,positive,noi_chung
28863,Eu recomendaria este produto a todos que amam o sabor de um bom café com leite!,positive,am_thuc
28864,"O que procuro são ingredientes orgânicos, sabores de frutas e corantes naturais.",positive,am_thuc
28864,"O que procuro são ingredientes orgânicos, sabores de frutas e corantes naturais.",neutral,am_thuc
28865,Minha família que não segue a dieta sem glúten prefere Pretzels glutinosos aos pretzels comuns (venenosos).,positive,am_thuc
28866,Eu recomendo barras KIND para todos porque elas são muito deliciosas.,positive,am_thuc
28866,Eu recomendo barras KIND para todos porque elas são muito deliciosas.,positive,noi_chung
28867,Aumento do estado de alerta por cerca de 5 horas.,positive,am_thuc
28868,"Suspeito que isso possa ser lixo feito na China porque o preço é muito baixo, o que é um sinal revelador de que foi feito na China.",neutral,gia_ca
28869,"Eles combinam muito bem com sopas, queijo e homus.",positive,am_thuc
28870,Experimentei as sementes de cânhamo Nutiva uma vez e gostei tanto que não vejo razão para experimentar outra marca e Amazon tem o melhor preço entre os lugares que comparei.,positive,am_thuc
28871,Experimente e você ficará viciado.,positive,noi_chung
28872,"Se você gosta de café forte e encorpado café, isso é para você.",neutral,am_thuc
28872,"Se você gosta de café forte e encorpado café, isso é para você.",positive,noi_chung
28873,Incrível rápido pré-medido pacotes.,positive,am_thuc
28874,Que decepção!,negative,am_thuc
28875,Não como os de Lundberg que compro no WF Market.,negative,am_thuc
28876,O melhor de tudo é que estes também têm um sabor ótimo!,positive,am_thuc
28877,Recomendado.,positive,noi_chung
28878,Fiquei agradavelmente surpreso ao descobrir que estava errado.,positive,am_thuc
28879,Então descobri que o pão sem glúten tem uma massa muito diferente do pão de farinha de trigo.,neutral,am_thuc
28880,Eu tomo um maço por dia.,positive,am_thuc
28881,"Pensei que seria uma daquelas coisas boas demais para ser verdade, mas eu estava enganado.",positive,am_thuc
28882,"É muito azedo, então não o coma direto do recipiente.",neutral,am_thuc
28883,Eles são grossos e crocantes.,positive,am_thuc
28884,"Experimente, pode funcionar para você.",positive,am_thuc
28884,"Experimente, pode funcionar para você.",positive,noi_chung
28885,Nós compraremos mais destes!,positive,am_thuc
28886,"Mas, nossa, isso luo han simplesmente não funciona para mim.",positive,am_thuc
28887,Meu marido e eu temos bebido esse delicioso chá nos últimos anos e até o levamos conosco quando saímos de férias.,positive,am_thuc
28889,"Considerando que eles têm quase exatamente os mesmos ingredientes dos meus doces favoritos, as gomas de vinho, eu esperava que fossem bons.",neutral,am_thuc
28890,Estes chips não contêm glúten.,positive,am_thuc
28893,"Lindt O cacau 99% pode parecer chocolate de padeiro com um sabor muito amargo, mas não é.",neutral,am_thuc
28893,"Lindt O cacau 99% pode parecer chocolate de padeiro com um sabor muito amargo, mas não é.",positive,am_thuc
28894,"Não há necessidade de adicionar nada a isso café saborizado, se você estiver procurando por um sabor que realce o sabor do café sem sobrecarregá-lo e fazer com que ele tenha gosto de outra coisa.",positive,am_thuc
28895,A trava central cai facilmente e torna fácil para o cão mastigá-la.,positive,am_thuc
28896,Esta é uma ótima empresa porque quando você vai ao supermercado os temperos são muito caros e esta empresa é muito mais barata e fresca.,positive,am_thuc
28896,Esta é uma ótima empresa porque quando você vai ao supermercado os temperos são muito caros e esta empresa é muito mais barata e fresca.,positive,gia_ca
28897,"Infelizmente, as gotas saíram muito rápido e o brinquedo ficou com uma cor marrom estranha.",negative,am_thuc
28898,"Além disso, concordo com a pessoa que disse que o gosto era de café de posto de gasolina, mas devemos ter postos de gasolina diferentes porque todo mundo (inclusive eu) adora os cappuccinos do meu posto de gasolina!",neutral,am_thuc
28899,"O pão assou perfeitamente e ficou ótimo. Tinha uma textura diferente do pão normal, mas ainda era muito saboroso.",positive,am_thuc
28899,"O pão assou perfeitamente e ficou ótimo. Tinha uma textura diferente do pão normal, mas ainda era muito saboroso.",neutral,am_thuc
28900,"Só para esclarecer, este não é um PACOTE de barras como na foto.",negative,am_thuc
28901,Melhor que pipoca de cinema e posso prepará-la sempre que quiser.,positive,noi_chung
28901,Melhor que pipoca de cinema e posso prepará-la sempre que quiser.,positive,am_thuc
28902,"Agora imagine-me falando com sotaque indiano "" Kikkoman , você faz um curry muito ruim, muito ruim mesmo. """,negative,am_thuc
28903,"Então, além das palavras enganosas no rótulo, produto está bom",negative,am_thuc
28903,"Então, além das palavras enganosas no rótulo, produto está bom",neutral,am_thuc
28904,"Se você ama coco, você DEVE experimentar isso.",positive,noi_chung
28905,"Eu raramente bebo chá preto, mas para aqueles que gostam, este produto será uma boa opção.",positive,am_thuc
28906,Estou enviando a ele uma etiqueta para devolvê-lo.,negative,am_thuc
28907,Feliz por tê-lo encontrado novamente.,positive,am_thuc
28908,"Acho isso uma ""roubada"".",negative,am_thuc
28909,Recomendo este produto considerando os benefícios do arroz integral para a saúde e o sabor.,positive,noi_chung
28909,Recomendo este produto considerando os benefícios do arroz integral para a saúde e o sabor.,positive,am_thuc
28910,"Aquele foi o melhor de todos, mas este está bem próximo.",positive,am_thuc
28911,"No entanto, meu cachorro foi até a cidade e lambeu o brinquedo por uns bons 10 minutos.",positive,am_thuc
28912,"Concluindo, este produto era muito pior do que até mesmo as marcas de supermercado mais comuns.",negative,am_thuc
28913,"Para uma cadela de 16 libras, ela é uma mastigadora poderosa e esses alimentos duram algumas horas, com pausas para verificar se ela está esquecendo de alguma coisa!",positive,am_thuc
28914,Meu cachorro adora bolsos para comprimidos.,positive,am_thuc
28915,"De manhã, quando tenho que chegar no horário e sair de casa com pressa, uso o Via e o sabor é exatamente igual ao do café coado.",positive,am_thuc
28916,O molho Kikkoman teria acabado com qualquer esperança de ela experimentar curry novamente.,negative,am_thuc
28917,Eu nunca fico sem ele.,positive,am_thuc
28918,Eles são viciantes e é difícil imaginar comer pipoca sem eles.,positive,am_thuc
28919,Este produto parece ser 3.,neutral,am_thuc
28920,"Se for verão ou estiver calor na sua região, não os peça! !",negative,noi_chung
28921,"Pode ser um gosto adquirido, mas acho que é superior ao assado e mais saudável do que frito.",neutral,am_thuc
28921,"Pode ser um gosto adquirido, mas acho que é superior ao assado e mais saudável do que frito.",positive,am_thuc
28922,"É um pouco mais duro do que algumas gomas, então gosto de combiná-lo com o Doublemint da Wrigley.",neutral,am_thuc
28922,"É um pouco mais duro do que algumas gomas, então gosto de combiná-lo com o Doublemint da Wrigley.",positive,am_thuc
28923,"De alguma forma, há doçura suficiente para fazer desta uma barra surpreendentemente deliciosa e talvez a melhor para os benefícios puros do chocolate amargo para a saúde.",positive,am_thuc
28924,"Este é, sem dúvida, o melhor xícara k que existe.",positive,am_thuc
28925,"Aparentemente ele é infundido por eletrólitos e tem fator de pH de 9,5.",positive,am_thuc
28926,"Somos uma família que adora pimenta na comida e esta mistura atende às nossas necessidades de carne, vegetais e saladas.",positive,am_thuc
28927,Biscoito de chocolate é melhor do que qualquer biscoito vegano ou laticínio que já provei.,positive,am_thuc
28928,"Como os outros disseram, se você está procurando um molho que adicione um ótimo sabor com apenas um toque do calor que vem de um molho picante convencional, vale a pena experimentar.",positive,am_thuc
28929,"Sydney, nossa mistura australiana, geralmente tem dificuldades quando mudamos sua comida, mas esse não foi o caso quando mudamos para Vitality, ela adora essas coisas.",positive,am_thuc
28930,Eu estava muito errado.,negative,am_thuc
28931,Também adoro que não seja uma embalagem de vidro.,positive,am_thuc
28932,"Não tenho a ilusão de que eles são super saudáveis ou algo assim, mas me sinto melhor pelo fato de serem orgânicos e não conterem um monte de ingredientes dos quais nunca ouvi falar.",positive,am_thuc
28933,Todos deveriam experimentar - vocês vão ficar viciados.,positive,noi_chung
28934,Adorei isso proteína!,positive,am_thuc
28935,"Ainda crocante por dentro, mesmo que o exterior esteja um pouco encharcado, e ainda bom para você também, mas não é meu favorito.",neutral,am_thuc
28935,"Ainda crocante por dentro, mesmo que o exterior esteja um pouco encharcado, e ainda bom para você também, mas não é meu favorito.",positive,am_thuc
28936,"Isso deixou o macarrão macio o suficiente, mas ainda não mole.",positive,am_thuc
28938,Ótima maneira de começar a manhã.,positive,am_thuc
28939,Experimente os dois para ver qual é o seu favorito; acho que você não pode errar com nenhum desses deliciosos temperos!,positive,am_thuc
28940,"Se você quer um chá de qualidade decente folhas soltas, não compre isso.",negative,noi_chung
28940,"Se você quer um chá de qualidade decente folhas soltas, não compre isso.",negative,am_thuc
28941,"eles estavam velhos eu amo castanhas do Brasil isso foi um completo desperdício de dinheiro. eu geralmente gosto de todas as minhas compras na Amazon, mas fiquei completamente decepcionado com esta compra",negative,am_thuc
28941,"eles estavam velhos eu amo castanhas do Brasil isso foi um completo desperdício de dinheiro. eu geralmente gosto de todas as minhas compras na Amazon, mas fiquei completamente decepcionado com esta compra",negative,gia_ca
28942,Não consigo encontrar nada de bom para dizer sobre eles.,negative,am_thuc
28943,Esteja ciente disso !!! ! ! !,negative,am_thuc
28944,"Procurando um chá de gengibre equilibrado, suave e com sabor agradável (3)?",negative,am_thuc
28945,"Esta é uma mostarda moída na pedra que fica maravilhosa em sanduíches ou em receitas que pedem mostarda, onde ela não é completamente misturada aos outros ingredientes, mas ainda é visível sozinha.",positive,am_thuc
28946,Até agora meu favorito absoluto batatas fritas.,positive,am_thuc
28947,"Meu marido e eu também gostamos de comer estes biscoitos com pudim do Kozy Shack, que também não contém glúten.",positive,am_thuc
28948,Recomendo muito estes cookies e esta empresa.,positive,noi_chung
28949,"A pasta de tamarindo da marca Tamicon é concentrada e dura até 6 meses na geladeira depois de aberta, o que a torna uma boa pechincha aqui na Amazon.",positive,am_thuc
28950,Ajuda a prevenir bolas de pelo.,positive,am_thuc
28951,Parece ser um lanche saudável lanche.,positive,am_thuc
28952,"Criado comendo macarrão a vida toda, eu estava procurando um produto de macarrão com baixo teor de carboidratos e que não tivesse gosto de papelão.",positive,am_thuc
28953,"Estou pedindo isso para um período de 6 meses, mas em breve posso mudar para 3 meses.",positive,am_thuc
28954,"Até experimentar isso, eu achava que a Keurig não era capaz de preparar uma xícara de café decente, mas graças a Black Tiger, agora tenho algo pelo que esperar quando quero uma xícara de café no trabalho.",positive,am_thuc
28956,"É bom, mas não tão bom quanto o Twinings Earl Grey normal.",neutral,am_thuc
28956,"É bom, mas não tão bom quanto o Twinings Earl Grey normal.",negative,am_thuc
28957,"Na verdade, o pacote chegou pegajoso, com o mel líquido pingando de cada doce embrulhado em plástico, o que tornou cada pedaço nojento para abrir.",negative,am_thuc
28958,"Tirando o custo do frete, um ótimo negócio.",positive,gia_ca
28959,"No geral, é uma boa comida para o café da manhã.",positive,am_thuc
28960,"Os grãos de pimenta têm ótimo sabor, moem bem e são atraentes na mesa.",positive,am_thuc
28961,"Pipoca estoura com o mínimo de milho ""não estourado"".",neutral,am_thuc
28962,"Se você está procurando um café delicioso, suave e torrado médio, misturado com uma boa dose de sabor de chocolate, este café Gevalia pode ser o ideal para você!",positive,am_thuc
28963,Encomendei isso Carne Seca para meu pai como presente de Dia dos Pais.,positive,am_thuc
28964,"No entanto, pelo menos um quarto das nozes não estavam abertas e eram tão difíceis de abrir que era mais fácil jogá-las fora.",negative,am_thuc
28965,Fiquei muito decepcionado.,negative,am_thuc
28966,Muito mais barato e um produto melhor  do que essas grandes empresas.,positive,gia_ca
28966,Muito mais barato e um produto melhor  do que essas grandes empresas.,positive,am_thuc
28967,Ficamos exultantes quando experimentamos isso!,positive,am_thuc
28968,"Eles estavam frescos, limpos e tinham um sabor ótimo.",positive,am_thuc
28969,ZiwiPeak é um produto excelente.,positive,am_thuc
28970,"Eu carrego ele e minha caneca comigo e simplesmente adiciono água quente ou fria, dependendo do meu humor.",positive,am_thuc
28971,"A massa estava muito mais úmida do que o pão normal (mais como uma massa grossa) e, a princípio, pensei que devia ter cometido um erro ao medir os outros ingredientes.",neutral,am_thuc
28972,O que poderia ser melhor?,positive,am_thuc
28973,"Sim, ele é derivado do trigo ou do milho, mas esse sabor de alimento altamente processado dificilmente é o que a maioria consideraria quando ouvimos ""tudo natural, sem sabores falsos"" - é claro que eles estão tecnicamente dizendo a verdade, é apenas um adoçante de amido de origem natural e altamente processado e uma fonte de carboidratos.",negative,am_thuc
28974,Vou tirar a bolsa do depósito e tenho certeza que ela também vai adorar,positive,am_thuc
28975,Sem bagunça e sem medições.,positive,am_thuc
28976,Este leite de coco é delicioso e uma verdadeira pechincha para orgânicos!!!,positive,am_thuc
28977,"Esta é uma ótima comida, com ingredientes de qualidade e aparentemente deliciosa.",positive,am_thuc
28978,"É realmente uma combinação estranha, mas funciona extremamente bem.",neutral,am_thuc
28978,"É realmente uma combinação estranha, mas funciona extremamente bem.",positive,am_thuc
28979,Total desperdício de dinheiro.,negative,am_thuc
28980,Comida saudável e integral que sacia minha fome por muito tempo.,positive,am_thuc
28981,"Eles podem ser facilmente resgatados se você deixá-los abertos por algumas semanas, então dei duas estrelas.",neutral,am_thuc
28981,"Eles podem ser facilmente resgatados se você deixá-los abertos por algumas semanas, então dei duas estrelas.",negative,am_thuc
28982,Tem um ótimo sabor de xarope de bordo e cozinha rapidamente.,positive,am_thuc
28983,Não consegui sentir o gosto da bergamota neste chá.,negative,am_thuc
28984,Eu não compraria nenhuma outra massa além desta.,positive,am_thuc
28985,O melhor sabor de todos os que experimentei. E eu experimentei todos.,positive,am_thuc
28986,"Comprei este tamanho para combinar com o popper West Bend de 2,5 oz.",positive,am_thuc
28987,Também fico feliz em ver a variedade de massas que eles fazem.,positive,am_thuc
28988,A melhor parte que eu gosto nessas barras é que elas não são muito açucaradas e têm a quantidade certa de açúcar para tirar o gosto insosso das nozes.,positive,am_thuc
28989,"Eu uso apenas um pouco menos de uma xícara disso para fazer três pães de fermento natural cerca de duas vezes por semana, então dura um tempo, mas vou acabar com isso e pedir outro pacote quando chegar o sexto mês, para que ele permaneça razoavelmente fresco.",positive,am_thuc
28990,"Eles têm o mesmo sabor agradável de milho que os grãos de milho, mas são muito mais leves e fáceis de mastigar.",positive,am_thuc
28991,É muito simples espremer o pacote inteiro.,positive,am_thuc
28992,Uma verdadeira chatice...,negative,am_thuc
28993,Esta garrafa de água vem em um recipiente de plástico que pode ser reciclado.,positive,am_thuc
28994,Paragon Dental Chews é um produto fantástico.,positive,am_thuc
28995,"Este café é forte - então se você gosta de um café suave, experimente uma mistura diferente da Coffee People.",neutral,am_thuc
28995,"Este café é forte - então se você gosta de um café suave, experimente uma mistura diferente da Coffee People.",neutral,noi_chung
28996,O produto é bom e eu o recomendo com uma ressalva.,positive,am_thuc
28996,O produto é bom e eu o recomendo com uma ressalva.,positive,noi_chung
28997,"A propósito, eu adoro bacon, mas isso não era bacon.",negative,am_thuc
28998,"Claro, a bebida tem um gosto bom sem ela, mas isso atinge novos patamares quando você concorda em temperá-la.",neutral,am_thuc
28999,Este é de longe o melhor macarrão que você pode conseguir.,positive,am_thuc
29000,"Este sabor em particular é o meu favorito, porque não é forte como a maioria dos shakes de proteína, e eu adoro qualquer coisa com sabor de café.",positive,am_thuc
29001,Os fios do macarrão estavam separados (não moles e o sabor não era diferente do macarrão de arroz comum.,positive,am_thuc
29002,Este é provavelmente o melhor produto produzido em massa carne seca do mercado.,positive,am_thuc
29003,"Eles são perfeitos (tamanho 1) para minha cadela, e ela os devora!",positive,am_thuc
29004,As cores não são tão brilhantes como costumavam ser.,negative,am_thuc
29005,Com certeza comprarei mais.,positive,noi_chung
29007,Recomendado por um amigo que vende comida para animais de estimação.,positive,noi_chung
29008,A única coisa que não gosto é que ele também diminui o colesterol bom - HDL e se você parar por um tempo o LDL sobe. O que você pode recomendar para esse efeito?,negative,am_thuc
29009,"Felizmente, um dos meus colegas de quarto gostou, então não foi uma perda total.",positive,am_thuc
29010,"Não tenho certeza se era uma caixa ruim ou um lote ruim do produto, mas continuamos a usar nossa cafeteira em todas as outras marcas sem problemas.",negative,am_thuc
29011,Uau... esse tipo de produto parece depender apenas do aroma e minimamente do sabor.,neutral,am_thuc
29011,Uau... esse tipo de produto parece depender apenas do aroma e minimamente do sabor.,negative,am_thuc
29012,Eu uso compota de maçã em vez de gordura vegetal para ter guloseimas saudáveis.,positive,am_thuc
29014,"Na verdade, tive que regular as porções porque os cachorros não paravam de comer.",positive,am_thuc
29015,"Para um husky siberiano, isso comida é imbatível!",positive,am_thuc
29016,Eu esperava um grão maior açúcar e fiquei decepcionado com este produto.,negative,am_thuc
29016,Eu esperava um grão maior açúcar e fiquei decepcionado com este produto.,neutral,am_thuc
29017,Eu uso 2 ou 3 latas por semana de leite de coco orgânico porque uso em vitaminas e gosto de tomá-lo puro ou despejá-lo sobre cereais.,positive,am_thuc
29018,"Cada um dos meus quatro filhos os adora e os pede diariamente, embora eu tente reservá-los para ocasiões especiais.",positive,am_thuc
29019,"O chá de sálvia tem sido recomendado por muitos como um meio de reduzir as ondas de calor, em vez de tomar medicamentos que podem estar associados ao câncer.",positive,noi_chung
29020,"É o tipo de chocolate que você não só compraria para presente, mas também gostaria de comprar e guardar para seu lanche.",positive,am_thuc
29021,Ela é uma Cocker Spaniel e fez isso rápido.,positive,am_thuc
29022,"Não importa o quanto eu tentasse, não conseguia misturá-lo adequadamente com o leite.",negative,am_thuc
29023,Este é um ótimo tempero se você gosta de comida saborosa e picante.,positive,am_thuc
29024,Já contei para 3 amigos que também ficaram muito felizes com suas compras.,positive,noi_chung
29024,Já contei para 3 amigos que também ficaram muito felizes com suas compras.,positive,am_thuc
29025,Não tenho certeza se o chá se acumula no seu organismo e para de funcionar ou se é só comigo.,neutral,am_thuc
29026,"Essas batatas fritas doces eram saborosas, mas minha única objeção real era a maltodextrina, que dificilmente é ""tudo natural, nada falso ou falso"" como anunciado.",positive,am_thuc
29026,"Essas batatas fritas doces eram saborosas, mas minha única objeção real era a maltodextrina, que dificilmente é ""tudo natural, nada falso ou falso"" como anunciado.",negative,am_thuc
29027,E estou muito feliz que haja um pacote de teste - cada um deles tem um bom tamanho e ajuda a variar na hora de fazer arroz para o jantar.,positive,am_thuc
29028,Agora está absolutamente horrível.,negative,am_thuc
29029,"Tem bom sabor doce, boa qualidade e bom preço.",positive,am_thuc
29029,"Tem bom sabor doce, boa qualidade e bom preço.",positive,gia_ca
29030,Sem nervosismo por causa do café.,positive,am_thuc
29031,"Se você quer aquele cheiro e sabor forte café, você não vai errar aqui.",positive,am_thuc
29032,Esses são ótimos chás.,positive,am_thuc
29033,Comprei o chá de folhas soltas pensando que a marca Twinings seria de boa qualidade.,negative,am_thuc
29034,Existe algum ingrediente exótico tão caro quanto o ouro contido nesses pequenos quadrados?,negative,gia_ca
29034,Existe algum ingrediente exótico tão caro quanto o ouro contido nesses pequenos quadrados?,negative,am_thuc
29035,Que golpe de sorte; seus temperos são tão bons quanto sua música!,positive,am_thuc
29036,"pedi isso para um presente, principalmente. pedi quatro sacos. comi um e enviei os outros três como presente. este doce é muito saboroso e tem pedaços de bom tamanho. gruda um pouco nos dentes, mas no geral eu daria um polegar para cima.",positive,am_thuc
29036,"pedi isso para um presente, principalmente. pedi quatro sacos. comi um e enviei os outros três como presente. este doce é muito saboroso e tem pedaços de bom tamanho. gruda um pouco nos dentes, mas no geral eu daria um polegar para cima.",neutral,am_thuc
29037,Eu gosto e continuarei comprando.,positive,am_thuc
29038,Agora posso continuar minha jornada de alimentação saudável com a ajuda deste saboroso molho.,positive,am_thuc
29039,Tinha mais um leve gosto de casca de laranja.,neutral,am_thuc
29040,"Este chá tem a aparência e a consistência de café instantâneo, NÃO de folhas soltas chá.",negative,am_thuc
29041,Nacho Cheddar e White Cheddar são nossos sabores favoritos.,positive,am_thuc
29042,"Este estará na minha rotação sazonal, pois é uma xícara satisfatória de café picante com sabor de abóbora que não sobrecarrega o paladar e não tem gosto artificial como eu temia que tivesse.",positive,am_thuc
29043,"Eles têm o formato dos doces Smarties, mas são um pouco mais quebradiços.",neutral,am_thuc
29044,"Algumas pessoas dizem que é nojento porque é café instantâneo e usa óleo hidrogenado, mas é super ótimo - além de economizar dinheiro em creme e açúcar!",positive,am_thuc
29044,"Algumas pessoas dizem que é nojento porque é café instantâneo e usa óleo hidrogenado, mas é super ótimo - além de economizar dinheiro em creme e açúcar!",positive,gia_ca
29045,"Quando o pedido chegou, o envio e toda a embalagem estavam perfeitos, sem danos em nenhuma parte do pedido.",positive,am_thuc
29046,Eles têm a quantidade certa de crocância e 10 g de proteína.,positive,am_thuc
29047,Minha outra metade não gosta de alho e não se ofendeu com a quantidade de alho no produto.,positive,am_thuc
29048,Minha esposa fez um prato tradicional usando estes macarrão de arroz integral e ficou muito bom.,positive,am_thuc
29049,Eu os uso exclusivamente nas minhas pizzas e também em quase todas as minhas receitas de molhos.,positive,am_thuc
29050,"Os pedaços ficaram maiores, talvez para compensar a falta de sabor ( ? ).",positive,am_thuc
29050,"Os pedaços ficaram maiores, talvez para compensar a falta de sabor ( ? ).",negative,am_thuc
29051,Talvez eu esteja esperando um nível de sabor dos Altoids. Até metade disso seria aceitável. Notei que eles têm o mesmo número de calorias que os Altoids.,negative,am_thuc
29052,"Quando esfria, fica bom e grosso novamente!",positive,am_thuc
29053,"Algumas pessoas na minha família têm reações estranhas ao MSG, e eu queria poder tomar a sopa sem ele.",negative,am_thuc
29053,"Algumas pessoas na minha família têm reações estranhas ao MSG, e eu queria poder tomar a sopa sem ele.",neutral,am_thuc
29054,Minha cadela não mastiga nem mastigará isso.,negative,am_thuc
29055,Não tem sabor forte de proteína e não me faz sentir enjoado depois de bebê-lo.,positive,am_thuc
29056,Esta é de longe a melhor bebida proteica que já provei.,positive,am_thuc
29057,"Ela recuperou metade do seu peso em 2 semanas e sua pelagem está melhorando, assim como seus níveis de energia.",positive,am_thuc
29059,Nenhum chip se compara.,positive,am_thuc
29060,A castanha de Hua Rou é famosa na China.,positive,am_thuc
29061,Black Tiger é de longe o melhor café que já provei (para máquinas Keurig).,positive,am_thuc
29063,O preço Amazon foi um ótimo incentivo - e compraremos novamente quando estiver em falta!,positive,am_thuc
29064,Adicione uma banana ou alguma fruta e pronto!,positive,am_thuc
29065,Eles têm um cheiro agradável até para mim.,positive,am_thuc
29066,"Recebi recentemente a Salada de Lagosta do Maine, completa com autênticos rolinhos de queijo (exatamente como os que eu comia quando criança na Nova Inglaterra).",positive,am_thuc
29067,Eu até gosto de ter um estojo como reserva.,positive,am_thuc
29068,Minhas únicas reclamações são o MSG e a grande quantidade de sódio.,negative,am_thuc
29069,"Mesmo depois de cozinhar por algumas horas, ainda tinha gosto e cheiro do interior da lata.",negative,am_thuc
29070,"Quando você está fazendo uma dieta baixa em carboidratos, essas são uma boa opção crocante.",positive,am_thuc
29071,"Digo isso porque já experimentei alguns em que o feijão é como casca de árvore ou alguns têm tanto chocolate cobrindo-os que você mal consegue encontrar o feijão, então você se sente mal antes de obter o estímulo desejado da cafeína, então esta é uma mudança refrescante, pois a proporção de feijão para chocolate é perfeita.",positive,am_thuc
29072,"No começo é um pouco difícil me acostumar com o sabor, mas agora eu adoro.",neutral,am_thuc
29072,"No começo é um pouco difícil me acostumar com o sabor, mas agora eu adoro.",positive,am_thuc
29073,Temos uma máquina Keurig no trabalho e Black Tiger é o único sabor que bebo agora que pedimos por acaso quando um sabor mais antigo não estava mais sendo feito.,positive,am_thuc
29074,"Não só era tão bom quanto o que eu tinha lá, na maior parte, como era ainda melhor.",positive,am_thuc
29075,Essas fichas são as melhores fichas de todos os tempos.,positive,am_thuc
29076,"Nunca mais voltarei ao supermercado, querida.",positive,am_thuc
29077,"Acabei de encontrar este óleo em um mercado um dia e decidi experimentar. É um dos melhores que já experimentei. Mais tarde, vi que Batali o usa em seu programa. Isso é bem legal. É um ótimo óleo e tem um ótimo sabor fresco que combina com qualquer coisa, até mesmo sozinho.",positive,am_thuc
29078,"Não muito picante, apenas o sabor de boa qualidade carne magra e defumada.",neutral,am_thuc
29078,"Não muito picante, apenas o sabor de boa qualidade carne magra e defumada.",positive,am_thuc
29079,"Eu alimento menos, eles fazem menos cocô, mais dinheiro adiantado, mas menos custo a longo prazo, também recebo em casa, o que poderia ser melhor, não poderia dizer coisas boas o suficiente, te amo canidae",positive,gia_ca
29079,"Eu alimento menos, eles fazem menos cocô, mais dinheiro adiantado, mas menos custo a longo prazo, também recebo em casa, o que poderia ser melhor, não poderia dizer coisas boas o suficiente, te amo canidae",positive,am_thuc
29080,Essa foi a melhor coisa para mim durante a gravidez e também durante a amamentação.,positive,am_thuc
29081,Uma camada inferior granulada e grossa sempre persistia até a última onça e isso certamente não realçava o sabor.,negative,am_thuc
29082,"Deixe em infusão em água bem quente por 5 minutos, esprema bem e pronto, você tem uma porção única fácil de fazer café.",positive,am_thuc
29083,Eu gosto destes sacos de leite de nozes.,positive,am_thuc
29084,Eu os recomendo fortemente!,positive,noi_chung
29085,"Eu como em torradas, waffles e uso para adoçar café e chá.",positive,am_thuc
29086,EU AMO o perfil totalmente natural e rico em proteínas desta (1 barra) - ela tem 16 g de proteína em 160 calorias.,positive,am_thuc
29087,Eu adoro estes cereal barras. Os frutos secos mistos com proteína barras são os meus favoritos.,positive,am_thuc
29088,Descobri que você deve enxaguá-los muito bem primeiro para se livrar do cheiro estranho.,neutral,am_thuc
29089,Ter uma quantidade tão grande nos permite ser liberais com a quantidade usada por xícara e o sabor é maravilhoso.,positive,am_thuc
29090,"Acho que ele os inalou, então aparentemente eles são excelentes.",positive,am_thuc
29091,Elas são TÃO boas.,positive,am_thuc
29092,Adoro cozinhar com Agave!,positive,am_thuc
29093,Experimente uma caixa e você ficará viciado.,positive,am_thuc
29094,"Essas latinhas vêm com menos da metade da quantidade e, pelo preço cobrado, parece uma roubada.",negative,am_thuc
29094,"Essas latinhas vêm com menos da metade da quantidade e, pelo preço cobrado, parece uma roubada.",negative,gia_ca
29095,"Gosto de usá-lo para temperar minha farinha para fritar ou refogar frango, peixe e vegetais, como abóbora.",positive,am_thuc
29096,"Com os antioxidantes naturais, enzimas, vitaminas e energizantes fornecidos pelas abelhas através do mel [ [ B003SO9QZA : RAW ] ], é questionável por que esse alimento processado foi aquecido e contém coisas adicionadas.",negative,am_thuc
29097,Decidi experimentar Jet Fuel e não fiquei desapontado - tem um cheiro rico e um sabor ótimo.,positive,am_thuc
29098,"O combustível de jato é muito semelhante, mas não tão bom quanto este >",positive,am_thuc
29099,Recomendo muito.,positive,noi_chung
29100,"Eles também vêm em sabores únicos que normalmente não são encontrados em pirulitos ou balas duras, como manga, melancia, romã e mirtilo.",positive,am_thuc
29101,"Não sei se são os ingredientes diferentes ou se é minha memória falha, mas o produto é terrivelmente decepcionante e quase nojento.",negative,am_thuc
29103,"Eles tendem a cutucar e arranhar porque são duros e duros e, quando você morde, não quebram uniformemente nem se esfarelam.",neutral,am_thuc
29103,"Eles tendem a cutucar e arranhar porque são duros e duros e, quando você morde, não quebram uniformemente nem se esfarelam.",negative,am_thuc
29104,"Combina bem com tudo, desde peixe até frango.",positive,am_thuc
29105,Esta não é uma mostarda do tipo Dijon e não há nenhum toque de raiz-forte.,neutral,am_thuc
29106,"Certamente não se encaixa na minha descrição de ""lixar"" açúcar.",negative,am_thuc
29107,"Se você gosta do seu café escuro e forte o suficiente para colocar uma ferradura nele, isso pode ser muito chato para você.",neutral,am_thuc
29108,"Não há ""all-sort"" nestes Allsorts.",negative,am_thuc
29109,"No entanto, compartilhamos com muitos amigos e não hesitaríamos em pedir novamente.",positive,am_thuc
29110,Gostaria de ter pedido mais da primeira vez porque acabaram muito rápido!,positive,am_thuc
29111,Não precisei fazer muitas tentativas com elas como base.,positive,am_thuc
29112,Minha família inteira AMA estes tomates!!,positive,am_thuc
29113,Este café tem um cheiro e um sabor ótimos e nunca iremos trocá-lo café.,positive,am_thuc
29114,. . E a primeira mordida tem um gosto ótimo... até você mastigar um pouco e sentir apenas aquele sabor calcário de proteína de soja em pó.,positive,am_thuc
29114,. . E a primeira mordida tem um gosto ótimo... até você mastigar um pouco e sentir apenas aquele sabor calcário de proteína de soja em pó.,neutral,am_thuc
29115,Ótimo café e preço incrível!,positive,am_thuc
29115,Ótimo café e preço incrível!,positive,gia_ca
29116,"Ele disse que era duro como pedra, como couro de sapato.",negative,am_thuc
29117,"Às vezes encontro um quadrado que tem mais sabor de canela do que os outros, mas devo dizer que fiquei um pouco decepcionado com estes, considerando o quanto gosto do tipo caixa azul.",neutral,am_thuc
29118,Esses macarons são incríveis.,positive,am_thuc
29119,Elas são tão gostosas.,positive,am_thuc
29120,Não vale a pena devolver e não compraria novamente.,negative,am_thuc
29121,Obrigado pelo ótimo produto.,positive,am_thuc
29122,Não tem gosto ruim.,neutral,am_thuc
29123,É melhor você estar pronto para gemer de prazer ao provar esses eXXXtra smokie palitos de carne.,positive,am_thuc
29124,"Eu bebo produtos Crystal Light como uma alternativa às bebidas açucaradas e, embora esse sabor de Mojito tenha vários adoçantes artificiais, o sabor é muito bom!",positive,am_thuc
29125,Comprei três cases até agora e simplesmente adorei!,positive,am_thuc
29126,Ele até produz uma leve espuma.,neutral,am_thuc
29127,"Eles são completamente livres de animais, o que eu adoro, já que é difícil encontrar ossos para mastigar com benefícios dentais que sejam adequados para vegetais.",positive,am_thuc
29128,Adoro poder fazer café na correria - e estou muito feliz com as K - Cups.,positive,am_thuc
29129,Espero que continuem disponíveis.,neutral,am_thuc
29130,"Eles são um pouco caros, mas definitivamente valem a pena!!",neutral,gia_ca
29130,"Eles são um pouco caros, mas definitivamente valem a pena!!",positive,am_thuc
29131,"Estes Amêndoa e Damasco são semelhantes ao Almond Joy, mas sem o chocolate.",neutral,am_thuc
29132,"O sabor é ótimo, mas é caro.",positive,am_thuc
29132,"O sabor é ótimo, mas é caro.",negative,gia_ca
29133,"É uma bebida deliciosa, com um forte cheiro de chocolate e um sabor agradável também.",positive,am_thuc
29133,"É uma bebida deliciosa, com um forte cheiro de chocolate e um sabor agradável também.",neutral,am_thuc
29134,Duas libras de chá é uma quantidade surpreendentemente grande.,neutral,am_thuc
29135,Eu gosto de chiclete Spearment da Wrigley.,positive,am_thuc
29136,Infelizmente não percebi que o produto era adoçado artificialmente.,neutral,am_thuc
29137,Adoro que eles sejam bons para os meus dentes.,positive,am_thuc
29138,Nosso cãozinho realmente gosta disso como petisco.,positive,am_thuc
29139,Acho que ele me dá o tipo certo de energia e pode até saciar minha fome entre as refeições.,positive,am_thuc
29140,Tem um sabor agradável de ponche de frutas e muito pouco gosto residual.,positive,am_thuc
29141,Ajuda a fortalecer o útero.,positive,am_thuc
29142,Eu uso uma ou duas colheres de sopa de pasta de tamarindo em pratos indianos e tailandeses. Ela acrescenta um sabor ácido característico aos pratos asiáticos.,positive,am_thuc
29143,"Eles são uma ótima maneira de adicionar não apenas ômega 3, mas também proteína extra a uma refeição e, embora o sabor seja muito suave, são muito bons.",positive,am_thuc
29143,"Eles são uma ótima maneira de adicionar não apenas ômega 3, mas também proteína extra a uma refeição e, embora o sabor seja muito suave, são muito bons.",neutral,am_thuc
29144,"Não é muito duro ou seco como as marcas mais baratas, nem muito doce ou picante.",neutral,am_thuc
29144,"Não é muito duro ou seco como as marcas mais baratas, nem muito doce ou picante.",negative,am_thuc
29146,Nós pedimos o produto. Nosso cachorro adora. Mas ninguém se importa se está 100 graus lá fora. Recebemos em uma grande bola derretida. Pensamos que eles enviariam em gelo seco.,positive,am_thuc
29147,"Depois de ler as avaliações, escolhi xarope Torani.",positive,am_thuc
29149,"Não tem um sabor muito forte de baunilha, mas ajuda a mascarar o sabor super nozes.",neutral,am_thuc
29150,Os fabricantes podem ser honestos em suas negociações?,negative,am_thuc
29151,Fiz isso na máquina de pão e ficou perfeito.,positive,am_thuc
29152,"Vitamin Squeeze foi uma boa oportunidade para abrir os olhos pela manhã, e me fez sentir bem saber que estava recebendo todas aquelas vitaminas!",positive,am_thuc
29153,"É ótimo com ovos, vegetais e qualquer outro tipo de carne.",positive,am_thuc
29154,Eu acho que elas são bem doces e deliciosas.,neutral,am_thuc
29154,Eu acho que elas são bem doces e deliciosas.,positive,am_thuc
29155,Esta comida de cachorro era tão apreciada pelos cães que eles não paravam de comer.,positive,am_thuc
29156,"No entanto, depois de ler os ingredientes - sendo o mel o terceiro depois do açúcar e do xarope de milho - decidimos reciclar isso guloseima com nossos amigáveis insetos do quintal.",negative,am_thuc
29157,Esta bebida é deliciosa.,positive,am_thuc
29158,Usei isso chá em 2 das minhas 3 gestações.,positive,am_thuc
29159,"Café é suave e suave, eu o chamaria de torrado médio.",neutral,am_thuc
29160,Flui muito facilmente e o sabor é maravilhoso.,positive,am_thuc
29161,Estou usando macarrão Shirataki há cerca de um mês e adoro.,positive,am_thuc
29162,"Essas pequenas balas horríveis balas têm um gosto forte de açúcar velho, com um leve toque de menta.",negative,am_thuc
29164,Apenas o suficiente.,neutral,am_thuc
29165,Eu os encorajaria a comprar novamente porque minha data de validade era 12 de março de 2012 e o sabor era exatamente igual ao que eu lembrava de quando era criança.,positive,am_thuc
29165,Eu os encorajaria a comprar novamente porque minha data de validade era 12 de março de 2012 e o sabor era exatamente igual ao que eu lembrava de quando era criança.,positive,noi_chung
29166,Subtraí uma estrela da avaliação por causa do texto publicitário ridiculamente pretensioso na caixa.,negative,am_thuc
29167,Chegou tudo frio e maravilhoso.,positive,am_thuc
29168,O mel do Colorado é suave e não muito doce.,neutral,am_thuc
29169,"Deixo onde ela possa ver, lavo para o caso de ela não gostar do cheiro, mas ela não aceita nada.",negative,am_thuc
29172,"Adoro isso café, principalmente porque não preciso fazer nada com ele!",positive,am_thuc
29173,"Eles são ótimos para o cuidado dentário dos meus cães, e eles adoram mastigá-los como um petisco.",positive,am_thuc
29174,Você poderia fazer pior.,positive,am_thuc
29175,"Gostei disso bebida - era refrescante e se você gosta de café, esta é uma boa opção para o verão bebida.",positive,am_thuc
29176,"Bom produto, bom serviço.",positive,am_thuc
29194,Hela min familj ÄLSKAR dessa tomater! !,positive,am_thuc
29214,. itanunua tena :),positive,am_thuc
29220,Nunua sasa!,positive,noi_chung
30210,Meget rent velholdt.,positive,ve_sinh
31195,"harming , romantic , quaint No complaints .",positive,tong_the
31447,"Maravilloso Hotel, maravilloso país, maravilloso personas ¡Excelente hotel!",positive,tong_the
31447,"Maravilloso Hotel, maravilloso país, maravilloso personas ¡Excelente hotel!",positive,dich_vu
31589,Muy bonito hotel,positive,tong_the
31593,¡Seguro que volveré a Affinia!,positive,tong_the
31613,No recomendado,negative,de_xuat
31644,Pagué $ 535.00 por 4 noches.,positive,gia_ca
31720,retiro dichoso,positive,tong_the
32148,j'adore ça hôtel,positive,tong_the
32451,>Prodao me.,negative,tong_the
32493,"Definitivamente recomendaria Residence Foch, a área era perfeita, literalmente no máximo dez minutos a pé do Arco do Triunfo, adorável e segura área.",positive,vi_tri
32493,"Definitivamente recomendaria Residence Foch, a área era perfeita, literalmente no máximo dez minutos a pé do Arco do Triunfo, adorável e segura área.",positive,de_xuat
32494,A equipe foi ótima.,positive,dich_vu
32495,A equipe  foi excelente - muito simpática e prestativa.,positive,dich_vu
32496,"O quarto é bem decorado, embora barulhento e pequeno.",positive,chat_luong_phong
32496,"O quarto é bem decorado, embora barulhento e pequeno.",negative,chat_luong_phong
32497,Bons restaurantes nas proximidades (,positive,vi_tri
32498,"Além disso, chuveiro poderia ser definitivamente melhorado.",negative,chat_luong_phong
32499,Foi muito legal.,positive,tong_the
32500,Dois polegares para cima para acomodações acessíveis .,positive,gia_ca
32501,Os funcionários são muito simpáticos e prestativos.,positive,dich_vu
32502,USS Constallation fica a uma curta distânciaI,positive,vi_tri
32503,"Ótimo Localização Midtown, local moderno Ótimo lugar para ficar no centro de Manhattan.",positive,vi_tri
32504,"Quando tive que mudar as datas de última hora devido a problemas com o avião, o hotel foi extremamente flexível.",positive,tong_the
32505,Eu definitivamente ficaria aqui novamente se tivesse que retornar a Cingapura a negócios.,positive,tong_the
32506,"A equipe é ótima, quartos são de bom tamanho, a ótima localização e é limpo, limpo, limpo.",positive,dich_vu
32506,"A equipe é ótima, quartos são de bom tamanho, a ótima localização e é limpo, limpo, limpo.",positive,chat_luong_phong
32506,"A equipe é ótima, quartos são de bom tamanho, a ótima localização e é limpo, limpo, limpo.",positive,vi_tri
32506,"A equipe é ótima, quartos são de bom tamanho, a ótima localização e é limpo, limpo, limpo.",positive,ve_sinh
32507,A única desvantagem foi que alguns dos funcionários poderiam ter sido mais atenciosos e amigáveis.,neutral,dich_vu
32508,Decoração bonita e moderna no auge de Paris.,positive,khong_gian
32508,Decoração bonita e moderna no auge de Paris.,positive,vi_tri
32509,Simpático e prestativo recepção também.,positive,dich_vu
32510,O hotel está perfeitamente localizado perto dos museus e da Leidisplein.,positive,vi_tri
32511,"Tudo é ótimo: a piscina, a praia, a comida, os coquetéis, mas há apenas um problema com o quarto, com um cheiro horrível e certamente não 5 estrelas, mas 3.",positive,am_thuc
32511,"Tudo é ótimo: a piscina, a praia, a comida, os coquetéis, mas há apenas um problema com o quarto, com um cheiro horrível e certamente não 5 estrelas, mas 3.",negative,chat_luong_phong
32512,O lado bom é que eles nos permitiram fazer o check-in mais cedo e o quarto estava limpo.,positive,ve_sinh
32512,O lado bom é que eles nos permitiram fazer o check-in mais cedo e o quarto estava limpo.,positive,dich_vu
32513,Este é definitivamente o lugar para ficar em Amsterdã para uma curta pausa na cidade!,positive,tong_the
32514,"O hotel está começando a mostrar a idade, e os preços padrão são várias vezes maiores do que deveriam ser.",positive,khong_gian
32514,"O hotel está começando a mostrar a idade, e os preços padrão são várias vezes maiores do que deveriam ser.",negative,gia_ca
32515,ótima experiência lá.,positive,tong_the
32516,"A equipe foi muito prestativa com todas as reservas de viagens, restaurantes e cruzeiros fluviais - como dito Localização ideal, as instalações estavam muito limpas e definitivamente recomendaria a quaisquer amigos/familiares no futuro.",positive,de_xuat
32516,"A equipe foi muito prestativa com todas as reservas de viagens, restaurantes e cruzeiros fluviais - como dito Localização ideal, as instalações estavam muito limpas e definitivamente recomendaria a quaisquer amigos/familiares no futuro.",positive,vi_tri
32516,"A equipe foi muito prestativa com todas as reservas de viagens, restaurantes e cruzeiros fluviais - como dito Localização ideal, as instalações estavam muito limpas e definitivamente recomendaria a quaisquer amigos/familiares no futuro.",positive,ve_sinh
32517,"Todos, incluindo o recepcionista, o concierge, o porteiro e a equipe de limpeza foram simpáticos e prestativos.",positive,dich_vu
32518,"No geral, não dormi muito por causa disso",negative,chat_luong_phong
32519,Sujo e abafado hotel,negative,ve_sinh
32519,Sujo e abafado hotel,negative,tong_the
32520,Bem perto do hotel tem um cambista que nos deu um bom desconto em dólares americanos.,positive,vi_tri
32521,"Uau, esse lugar era ruim.",negative,tong_the
32522,Mais do que adequado para sua classe. Ficamos no o Monna Lisa por 4 noites no início de dezembro e tivemos uma experiência positiva.,positive,tong_the
32523,"A equipe, além das dificuldades iniciais, foi agradável e prestativa, e o hotel parecia limpo.",positive,dich_vu
32523,"A equipe, além das dificuldades iniciais, foi agradável e prestativa, e o hotel parecia limpo.",positive,ve_sinh
32524,Não é um 5 estrelas - Precisa de reforma Este Hotel NÃO pode ser considerado um 5 estrelas Hotel.,negative,tong_the
32525,O Midtown Hotel é exatamente o que deveria ser.,positive,tong_the
32526,ficamos em um quarto com vista de ponte a ponte quarto - caro - mas não nos sentimos mimados ou especiais durante nossa estadia no hotel de forma alguma.,negative,chat_luong_phong
32526,ficamos em um quarto com vista de ponte a ponte quarto - caro - mas não nos sentimos mimados ou especiais durante nossa estadia no hotel de forma alguma.,negative,gia_ca
32526,ficamos em um quarto com vista de ponte a ponte quarto - caro - mas não nos sentimos mimados ou especiais durante nossa estadia no hotel de forma alguma.,negative,tong_the
32527,"Eles nos mudaram para duas suítes de um quarto, uma em frente à outra, no corredor - camas",neutral,dich_vu
32528,O quarto estava impecável.,positive,ve_sinh
32529,Pequenos detalhes incríveis que fazem você se sentir uma rainha (ou um rei) em férias. A equipe  é extremamente prestativa e sabe muitas dicas que você não encontraria em um guia.,positive,tong_the
32529,Pequenos detalhes incríveis que fazem você se sentir uma rainha (ou um rei) em férias. A equipe  é extremamente prestativa e sabe muitas dicas que você não encontraria em um guia.,positive,dich_vu
32530,"e ela é muito simpática, ela é um crédito para este hotel.",positive,dich_vu
32531,Os funcionários foram absolutamente fabulosos e muito prestativos.,positive,dich_vu
32532,"Se você está procurando um imóvel em São Francisco, não tem como errar com este hotel.",positive,tong_the
32533,Os shows à noite são muito divertidos.,positive,tong_the
32534,"Tudo é 5 estrelas, os quartos, a comida, o serviço etc.",positive,chat_luong_phong
32534,"Tudo é 5 estrelas, os quartos, a comida, o serviço etc.",positive,am_thuc
32534,"Tudo é 5 estrelas, os quartos, a comida, o serviço etc.",positive,dich_vu
32535,Fui ao Millennium Hotel com meu marido e me apaixonei pela área do spa/piscina!,positive,tong_the
32536,"Muito impressionado com este hotel, maravilhoso localização para os pontos turísticos, espaçoso quartos, ótimo equipe.",positive,tong_the
32536,"Muito impressionado com este hotel, maravilhoso localização para os pontos turísticos, espaçoso quartos, ótimo equipe.",positive,vi_tri
32536,"Muito impressionado com este hotel, maravilhoso localização para os pontos turísticos, espaçoso quartos, ótimo equipe.",positive,chat_luong_phong
32536,"Muito impressionado com este hotel, maravilhoso localização para os pontos turísticos, espaçoso quartos, ótimo equipe.",positive,dich_vu
32537,"Hotel é ótimo, ótimo localização, camas muito confortáveis, especialmente depois do voo do Reino Unido.",positive,tong_the
32537,"Hotel é ótimo, ótimo localização, camas muito confortáveis, especialmente depois do voo do Reino Unido.",positive,vi_tri
32537,"Hotel é ótimo, ótimo localização, camas muito confortáveis, especialmente depois do voo do Reino Unido.",positive,chat_luong_phong
32538,"Fiquei muito agradavelmente surpreso com o hotel localização, a nova vista do nosso quarto no 21º andar e um café da manhã de cortesia café da manhã no início da manhã antes do nosso passeio.",positive,vi_tri
32538,"Fiquei muito agradavelmente surpreso com o hotel localização, a nova vista do nosso quarto no 21º andar e um café da manhã de cortesia café da manhã no início da manhã antes do nosso passeio.",positive,gia_ca
32539,"Muito, muito agradável e acolhedor equipe.",positive,dich_vu
32540,"Quarto era contemporâneo, limpo e de alto padrão.",positive,chat_luong_phong
32540,"Quarto era contemporâneo, limpo e de alto padrão.",positive,ve_sinh
32541,"Os quartos são muito confortáveis e tivemos ótimas noites de sono, não comemos no hotel porque era um pouco caro para o nosso gosto, eles recomendaram lugares muito bons para comer nas proximidades que atenderam perfeitamente às nossas necessidades.",positive,chat_luong_phong
32541,"Os quartos são muito confortáveis e tivemos ótimas noites de sono, não comemos no hotel porque era um pouco caro para o nosso gosto, eles recomendaram lugares muito bons para comer nas proximidades que atenderam perfeitamente às nossas necessidades.",negative,gia_ca
32542,Os funcionários foram simpáticos e prestativos.,positive,dich_vu
32543,Darling Harbour é ótimo para restaurantes e bares e o hotel fica a 2 minutos a pé.,positive,vi_tri
32544,Os pedidos de travesseiros de espuma e uma cama dobrável foram respondidos prontamente e meus filhos adoraram o pacote de boas-vindas infantil no check-in.,positive,dich_vu
32545,A única reclamação foi que a televisão no quarto era muito pequena.,negative,chat_luong_phong
32546,"A equipe  é maravilhosa, amigável e irá ajudá-lo o máximo possível.",positive,dich_vu
32547,"Bom localização, passivo - agressivo serviço",positive,vi_tri
32547,"Bom localização, passivo - agressivo serviço",neutral,dich_vu
32548,Mike na recepção é excepcionalmente prestativo com restaurantes e passeios.,positive,dich_vu
32549,Nós nos divertimos muito lá.,positive,tong_the
32550,"Muito bom quartos, limpo e tranquilo, simpático funcionários e bom serviço.",positive,chat_luong_phong
32550,"Muito bom quartos, limpo e tranquilo, simpático funcionários e bom serviço.",positive,ve_sinh
32550,"Muito bom quartos, limpo e tranquilo, simpático funcionários e bom serviço.",positive,dich_vu
32551,"ficou sem toalhas na beira da piscina, não havia garçons suficientes na beira da piscina, bife de costela para jantar ruim, esperei 45 minutos.",negative,dich_vu
32551,"ficou sem toalhas na beira da piscina, não havia garçons suficientes na beira da piscina, bife de costela para jantar ruim, esperei 45 minutos.",negative,am_thuc
32552,"A construção do interior, no entanto, foi feita de forma muito frugal e houve muita manutenção adiada em cômodo.",negative,chat_luong_phong
32553,e havia muito barulho na estrada e usamos protetores de ouvido.,negative,chat_luong_phong
32554,"Eu nunca poderia me dar ao luxo de ficar aqui sozinho, mas foi divertido só dessa vez.",negative,gia_ca
32555,Quartos precisam de um pouco de amor!,negative,chat_luong_phong
32556,Nossa estadia foi excelente para um hotel três estrelas de preço médio hotel.,positive,gia_ca
32556,Nossa estadia foi excelente para um hotel três estrelas de preço médio hotel.,positive,tong_the
32557,Eu também adorei sopa de abóbora e suco de limão.,positive,am_thuc
32559,"Agradável recepção, perto de cafés e trattorias, curta caminhada até o trem -",positive,dich_vu
32559,"Agradável recepção, perto de cafés e trattorias, curta caminhada até o trem -",positive,vi_tri
32560,Fui para Nova Orleans com meu novo noivo e ficamos no Doubletree na Canal Street e nos divertimos muito.,positive,tong_the
32561,não precisa sair da cama de manhã! O equipe,positive,dich_vu
32562,Um dos melhores Hilton Hotels,positive,tong_the
32563,"Localização era boa, perto da agitação da Times Square.",positive,vi_tri
32564,Ele está convenientemente localizado perto do transporte público e sempre recebemos boas instruções na recepção.,positive,dich_vu
32565,"muito bom, perfeito localização ! ! !",positive,tong_the
32565,"muito bom, perfeito localização ! ! !",positive,vi_tri
32566,"Ótimo localizações, simpático equipe, ótimo preço.",positive,vi_tri
32566,"Ótimo localizações, simpático equipe, ótimo preço.",positive,dich_vu
32566,"Ótimo localizações, simpático equipe, ótimo preço.",positive,gia_ca
32567,Melhor Segredo Mantido em Seattle!,positive,tong_the
32568,A equipe foi muito simpática e até trouxe um peixinho dourado para nosso filho cuidar durante sua estadia.,positive,dich_vu
32569,Foi perfeito para uma pernoite antes do nosso cruzeiro.,positive,tong_the
32570,"No entanto, considere pular café da manhã -",negative,am_thuc
32571,"A comida é ótima, você pode escolher entre 5 restaurantes diferentes.",positive,am_thuc
32572,Passamos duas noites maravilhosas no San Juan Marriott Resort em Condado.,positive,tong_the
32573,A estadia perfeita em Barcelona,positive,tong_the
32574,"Superior Hotel Qualquer pessoa que visite Paris deve ficar neste hotel, a localização é perfeita, o hotel é imaculado e charmoso e",positive,vi_tri
32574,"Superior Hotel Qualquer pessoa que visite Paris deve ficar neste hotel, a localização é perfeita, o hotel é imaculado e charmoso e",positive,tong_the
32575,Qualidade hotel a ótimo preço,positive,tong_the
32575,Qualidade hotel a ótimo preço,positive,gia_ca
32576,Equipe foi maravilhoso - especialmente Gwendalyn.,positive,dich_vu
32577,Estou planejando voltar para Florença em setembro e definitivamente ficaria no mesmo hotel e com um pouco de sorte no mesmo quarto.,positive,tong_the
32578,A única coisa melhor foi o hotel equipe!,positive,dich_vu
32579,"Acesso às principais rodovias interestaduais, ao American Center para shows e ao centro da cidade.",positive,vi_tri
32580,"Achei que o custo-benefício era bom e a localização era ótima, a equipe era muito prestativa (eles até me emprestaram uma bicicleta) e é tranquilo depois de um dia agitado.",positive,vi_tri
32580,"Achei que o custo-benefício era bom e a localização era ótima, a equipe era muito prestativa (eles até me emprestaram uma bicicleta) e é tranquilo depois de um dia agitado.",positive,dich_vu
32580,"Achei que o custo-benefício era bom e a localização era ótima, a equipe era muito prestativa (eles até me emprestaram uma bicicleta) e é tranquilo depois de um dia agitado.",positive,gia_ca
32581,Um hotel hotel muito bem administrado com um toque pessoal encantador. Certamente voltaremos em breve.,positive,tong_the
32582,Realmente mediano serviço Realmente comum serviço .,negative,dich_vu
32583,noite ! ! Espero ter a chance de ficar aqui novamente ! !,positive,tong_the
32584,Excelente escolha para viajantes a negócios e turistas. Um hotel muito bom .,positive,tong_the
32585,",era como um caixão",negative,tong_the
32586,"O café da manhã também foi excelente, com muitas opções e alimentos frescos usados.",positive,am_thuc
32587,"Já fiquei em muitos hotéis quatro estrelas hotel na Itália, mas nenhum se compara a este hotel.",positive,tong_the
32588,Você não ficará desapontado. Um hotel 4 estrelas muito bom .,positive,tong_the
32589,"A localização é perfeita para passeios noturnos à beira do rio, com todos os restaurantes por perto.",positive,vi_tri
32590,Reservei este hotel depois de ler as avaliações e saber que ele tem pontuação # 5 hotel em Toronto,positive,tong_the
32591,Eles foram muito amigáveis.,positive,dich_vu
32592,A localização foi excelente e o serviço foi soberbo.,positive,vi_tri
32592,A localização foi excelente e o serviço foi soberbo.,positive,dich_vu
32593,O Astor Crowne Plaza é um hotel maravilhoso. Nós gostamos da nossa estadia no Astor Crowne Plaza.,positive,tong_the
32594,A equipe de limpeza foi muito simpática.,positive,dich_vu
32595,Este é realmente um dos melhores Hilton Hotels em que já ficamos.,positive,tong_the
32596,"Era limpo, arejado e parecia uma casa de férias, não um hotel quarto.",positive,ve_sinh
32596,"Era limpo, arejado e parecia uma casa de férias, não um hotel quarto.",positive,chat_luong_phong
32597,"O café da manhã, que estava incluído, era mais do que satisfatório para um continental café da manhã.",positive,gia_ca
32597,"O café da manhã, que estava incluído, era mais do que satisfatório para um continental café da manhã.",positive,am_thuc
32598,"Maravilhoso Hotel, país maravilhoso, maravilhoso pessoas Excelente hotel!",positive,tong_the
32598,"Maravilhoso Hotel, país maravilhoso, maravilhoso pessoas Excelente hotel!",positive,dich_vu
32599,Ótimo Localização,positive,vi_tri
32600,Uma ótima base para explorar SF Fiquei aqui por 3 dias enquanto explorava SF pela primeira vez - que lugar ótimo!,positive,tong_the
32601,"O hotel ficava a uma curta distância da Alexanderplatz, onde há um sistema de metrô muito eficiente que atende a maioria das áreas de Berlim.",positive,vi_tri
32602,"Este hotel era muito limpo, tinha um ótimo café da manhã, excelente serviço e ficava perto da linha do teleférico.",positive,ve_sinh
32602,"Este hotel era muito limpo, tinha um ótimo café da manhã, excelente serviço e ficava perto da linha do teleférico.",positive,am_thuc
32602,"Este hotel era muito limpo, tinha um ótimo café da manhã, excelente serviço e ficava perto da linha do teleférico.",positive,dich_vu
32602,"Este hotel era muito limpo, tinha um ótimo café da manhã, excelente serviço e ficava perto da linha do teleférico.",positive,vi_tri
32603,"Depois de ler as avaliações elogiosas sobre o Magic Castle Hotel, decidi reservar 2 noites.",positive,tong_the
32604,"Este hotel tem uma boa relação custo-benefício, reservamos um quarto com vista parcial para o mar quarto que estava limpo e arrumado.",positive,gia_ca
32604,"Este hotel tem uma boa relação custo-benefício, reservamos um quarto com vista parcial para o mar quarto que estava limpo e arrumado.",positive,ve_sinh
32605,"Não gostei do Chealsea Lodge Em primeiro lugar, confio no Trip Advisor para minhas viagens.",positive,tong_the
32606,mas esses foram pequenos descuidos para uma estadia tão confortável.,positive,khong_gian
32607,"Ótimo localização, limpo e com equipe prestativa. Reservamos por 4 noites em meados de setembro, pois já tínhamos ficado aqui há 3 anos.",positive,dich_vu
32607,"Ótimo localização, limpo e com equipe prestativa. Reservamos por 4 noites em meados de setembro, pois já tínhamos ficado aqui há 3 anos.",positive,ve_sinh
32607,"Ótimo localização, limpo e com equipe prestativa. Reservamos por 4 noites em meados de setembro, pois já tínhamos ficado aqui há 3 anos.",positive,vi_tri
32608,"Agradável hotel, mas horrível concierge e equipe de recepção",positive,tong_the
32608,"Agradável hotel, mas horrível concierge e equipe de recepção",negative,dich_vu
32609,Muito perto da praia e de restaurantes.,positive,vi_tri
32611,Nunca mais ficarei aqui.,negative,tong_the
32612,"A localização fica a uma quadra do metrô e da Torre de Londres, então é fácil se locomover.",positive,vi_tri
32613,"Na verdade, eles eram tão legais que quando tropecei em uma tampa de bueiro que estava no estacionamento, o porteiro imediatamente foi pegar uma chave de fenda e prendeu a tampa no chão!",positive,dich_vu
32614,"Comemos no restaurante e pedimos serviço de quarto, ambos excelentes.",positive,am_thuc
32614,"Comemos no restaurante e pedimos serviço de quarto, ambos excelentes.",positive,dich_vu
32615,"Ficamos no quinto andar e posso dizer honestamente que nosso (3º quarto) era muito limpo, tinha ar condicionado funcionando e cofre.",positive,ve_sinh
32615,"Ficamos no quinto andar e posso dizer honestamente que nosso (3º quarto) era muito limpo, tinha ar condicionado funcionando e cofre.",positive,chat_luong_phong
32616,Realmente incrível. Retornou em 12 de junho - foi fabuloso.,positive,tong_the
32617,Minha esposa e eu passamos quatro noites fabulosas no Hotel Preciados!,positive,tong_the
32618,"O campo é muito verde e exuberante, com paisagens de tirar o fôlego. Vale a pena fazer uma excursão e vivenciar a cultura local.",positive,tong_the
32619,"O quarto era pequeno, mas não passei muito tempo nele - e era silencioso.",negative,chat_luong_phong
32619,"O quarto era pequeno, mas não passei muito tempo nele - e era silencioso.",positive,chat_luong_phong
32620,Gostaria de agradecer pessoalmente à concierge Kary e à Carolina por trabalharem pacientemente conosco na tentativa de localizar nossa bagagem perdida (culpa da companhia aérea).,positive,dich_vu
32621,Fiquei bastante impressionado com minha estadia anterior no Parkcity e ficarei novamente no início de julho.,positive,tong_the
32622,"O restaurante é muito bom - preços razoáveis, menu enorme, muito popular.",positive,am_thuc
32623,A apenas duas quadras do metrô e cinco minutos a pé da Torre Eiffel.,positive,vi_tri
32624,O café da manhã e a tarde queijo e vinho foram realmente apreciados.,positive,am_thuc
32626,"Langham Place é meu novo negócio hotel de agora em diante em Hong Kong. Não tive tempo para explorar os arredores, mas melhor posso concluir sobre o hotel e suas instalações.",positive,tong_the
32627,Perto de bons restaurantes e de um grande Whole Foods na Magazine Street.,positive,vi_tri
32628,Fantástico. Fiquei recentemente no Luna Simone Hotel depois de levar minha esposa para ver Billy Elliot em Victoria.,positive,tong_the
32629,O hotel acabou sendo melhor do que eu esperava e eu relaxei completamente.,positive,tong_the
32630,O hotel equipe foi cortês.,positive,dich_vu
32631,e está convenientemente localizado bem próximo ao aeroporto.,positive,vi_tri
32632,"Este hotel é ótimo, é ultramoderno.",positive,khong_gian
32633,"No dia seguinte, os funcionários se desculparam muito e me mudaram para um quarto com vista para o Hyde Park.",positive,chat_luong_phong
32633,"No dia seguinte, os funcionários se desculparam muito e me mudaram para um quarto com vista para o Hyde Park.",positive,dich_vu
32634,"prejudicial, pitoresco hotel no centro de SF localização",positive,tong_the
32634,"prejudicial, pitoresco hotel no centro de SF localização",positive,vi_tri
32635,O melhor em Londres,positive,tong_the
32636,"Este é um hotel muito bom , mas é bem caro.",positive,tong_the
32636,"Este é um hotel muito bom , mas é bem caro.",negative,gia_ca
32638,"limpo e arrumado empregada foi um pouco imprevisível com toalhas, mas não foi um problema praia foi muito agradável e limpo, muito entretenimento, independentemente do que você gostou",positive,ve_sinh
32638,"limpo e arrumado empregada foi um pouco imprevisível com toalhas, mas não foi um problema praia foi muito agradável e limpo, muito entretenimento, independentemente do que você gostou",neutral,dich_vu
32638,"limpo e arrumado empregada foi um pouco imprevisível com toalhas, mas não foi um problema praia foi muito agradável e limpo, muito entretenimento, independentemente do que você gostou",positive,vi_tri
32639,estivemos lá por uma semana e nos divertimos muito.,positive,tong_the
32640,"Nós nos divertimos muito em Florença, e o hotel fez parte dessa experiência.",positive,tong_the
32641,"Parecia que o banheiro estar constantemente inundado já seria ruim o suficiente, mas não, eles foram e se mataram sendo infestados de cupins.",negative,ve_sinh
32642,A equipe foi maravilhosa.,positive,dich_vu
32643,Vários restaurantes nas proximidades e o hotel tinha um café da manhã muito bom café da manhã.,positive,am_thuc
32643,Vários restaurantes nas proximidades e o hotel tinha um café da manhã muito bom café da manhã.,positive,gia_ca
32643,Vários restaurantes nas proximidades e o hotel tinha um café da manhã muito bom café da manhã.,positive,vi_tri
32644,"Os funcionários foram fantásticos, sempre disponíveis para oferecer conselhos amigáveis sobre onde fazer passeios de um dia e em qual restaurante comer.",positive,dich_vu
32645,* Programas de TV ruins. * Cama é extremamente difícil,negative,chat_luong_phong
32646,"e você tem uma seleção inteligente para o viajante com orçamento limitado (mas não muito limitado!). Muitos pontos turísticos, uma infinidade de restaurantes e áreas de compras a uma curta distância deste hotel.",positive,vi_tri
32647,"Ótimo localização, agradável e limpo quarto, uma grande taça de vinho gratuita todas as noites entre 18h e 19h foi um bônus.",positive,vi_tri
32647,"Ótimo localização, agradável e limpo quarto, uma grande taça de vinho gratuita todas as noites entre 18h e 19h foi um bônus.",positive,chat_luong_phong
32647,"Ótimo localização, agradável e limpo quarto, uma grande taça de vinho gratuita todas as noites entre 18h e 19h foi um bônus.",positive,ve_sinh
32647,"Ótimo localização, agradável e limpo quarto, uma grande taça de vinho gratuita todas as noites entre 18h e 19h foi um bônus.",positive,gia_ca
32648,Um pequeno e agradável hotel no meio da Big Apple,positive,tong_the
32648,Um pequeno e agradável hotel no meio da Big Apple,negative,khong_gian
32648,Um pequeno e agradável hotel no meio da Big Apple,positive,vi_tri
32649,"A equipe foi muito prestativa, A localização foi incrível e o metrô ficou muito perto - embora Notre Dame e o Quartier Latin estivessem a apenas 15 minutos de caminhada.",positive,dich_vu
32649,"A equipe foi muito prestativa, A localização foi incrível e o metrô ficou muito perto - embora Notre Dame e o Quartier Latin estivessem a apenas 15 minutos de caminhada.",positive,vi_tri
32650,A suíte quartos é fabulosa e ótima pelo preço.,positive,chat_luong_phong
32651,"custo-benefício Fiquei 5 noites no hotel, devo dizer que valeu a pena.",positive,gia_ca
32652,"Nosso pequeno hotel favorito (4): limpo, confortável, atencioso, generoso.",positive,ve_sinh
32652,"Nosso pequeno hotel favorito (4): limpo, confortável, atencioso, generoso.",positive,khong_gian
32652,"Nosso pequeno hotel favorito (4): limpo, confortável, atencioso, generoso.",positive,tong_the
32653,Achamos muito confortável e com fácil acesso ao transporte local.,positive,khong_gian
32653,Achamos muito confortável e com fácil acesso ao transporte local.,positive,vi_tri
32654,O único ponto negativo é que os quartos são terrivelmente pequenos (camas enormes pioram ainda mais a situação).,negative,chat_luong_phong
32655,Definitivamente ficarei aqui novamente na próxima vez que estiver em Porto Rico.,positive,tong_the
32656,Ótimo localização,positive,vi_tri
32657,também brilhante (gostei muito dos petiscos servidos para acompanhar suas bebidas no bar no andar de baixo). Os quartos eram incríveis e definitivamente tinham um fator 'uau'.,positive,chat_luong_phong
32658,Meu marido e eu ficamos aqui depois de escolher o hotel com base em outras avaliações - não ficamos desapontados!!,positive,tong_the
32660,"O hotel localização é bom, com alguns pontos turísticos, shopping centers e uma estação de metrô nas proximidades.",positive,vi_tri
32661,O hotel foi reformado recentemente - - e meu quarto estava bem mobiliado.,positive,chat_luong_phong
32661,O hotel foi reformado recentemente - - e meu quarto estava bem mobiliado.,positive,tong_the
32662,Fantástico Fiquei hospedado durante um fim de semana em fevereiro de 2008.,positive,tong_the
32663,Perfeito para uma curta pausa em Paris,positive,tong_the
32664,Os funcionários do hotel foram sempre muito prestativos e amigáveis.,positive,dich_vu
32665,Nosso quarto era muito grande e tinha até uma cama separada quarto da sala de estar.,positive,chat_luong_phong
32666,"No geral, um ótimo hotel e ficarei lá novamente no futuro.",positive,tong_the
32667,"Tenho certeza de que este hotel é bom para turistas: os quartos são bons (especialmente as cozinhas), a localização é muito boa e a equipe é prestativa.",positive,tong_the
32667,"Tenho certeza de que este hotel é bom para turistas: os quartos são bons (especialmente as cozinhas), a localização é muito boa e a equipe é prestativa.",positive,chat_luong_phong
32667,"Tenho certeza de que este hotel é bom para turistas: os quartos são bons (especialmente as cozinhas), a localização é muito boa e a equipe é prestativa.",positive,vi_tri
32667,"Tenho certeza de que este hotel é bom para turistas: os quartos são bons (especialmente as cozinhas), a localização é muito boa e a equipe é prestativa.",positive,dich_vu
32668,"Localização era simplesmente perfeita, tudo a uma curta distância.",positive,vi_tri
32669,Muitas convenções realizadas lá check-in duraram mais de uma hora!,negative,dich_vu
32670,"Ótimo localização, ótimo serviço, nada é muito incômodo.",positive,vi_tri
32670,"Ótimo localização, ótimo serviço, nada é muito incômodo.",positive,dich_vu
32671,"Achei o Country Inn Suites na Magazine Street com preços razoáveis, limpo e conveniente em localização para minha conferência e para o French Quarter.",positive,gia_ca
32671,"Achei o Country Inn Suites na Magazine Street com preços razoáveis, limpo e conveniente em localização para minha conferência e para o French Quarter.",positive,vi_tri
32671,"Achei o Country Inn Suites na Magazine Street com preços razoáveis, limpo e conveniente em localização para minha conferência e para o French Quarter.",positive,ve_sinh
32673,As camas são confortáveis e os quartos são agradáveis.,positive,chat_luong_phong
32673,As camas são confortáveis e os quartos são agradáveis.,positive,tong_the
32674,Definitivamente voltaríamos e recomendamos fortemente para qualquer um que viaje para Londres!,positive,de_xuat
32675,"Maravilhoso hotel com fácil acesso à cidade Maravilhoso, limpo e confortável quartos.",positive,tong_the
32675,"Maravilhoso hotel com fácil acesso à cidade Maravilhoso, limpo e confortável quartos.",positive,vi_tri
32675,"Maravilhoso hotel com fácil acesso à cidade Maravilhoso, limpo e confortável quartos.",positive,ve_sinh
32675,"Maravilhoso hotel com fácil acesso à cidade Maravilhoso, limpo e confortável quartos.",positive,chat_luong_phong
32676,são grandes para os padrões europeus e bem decorados.,positive,chat_luong_phong
32677,Demorou 48 horas para obter uma resposta e até agora ninguém me ligou para relatar o que realmente aconteceu naquela noite.,negative,dich_vu
32680,Tudo neste lugar é único.,positive,tong_the
32681,"O bom - Aceita animais de estimação - Café e chá orgânicos disponíveis no lobby todas as manhãs - Aveda Artigos de higiene pessoal - Macio Roupões de banho - Ótimo vinho Recepção - Macio, maravilhoso Roupa de camaO ruim - Tamanho do quarto -",positive,chat_luong_phong
32681,"O bom - Aceita animais de estimação - Café e chá orgânicos disponíveis no lobby todas as manhãs - Aveda Artigos de higiene pessoal - Macio Roupões de banho - Ótimo vinho Recepção - Macio, maravilhoso Roupa de camaO ruim - Tamanho do quarto -",positive,dich_vu
32682,Excelente custo-benefício (pelos preços de Londres) para uma estadia de luxo.,positive,gia_ca
32682,Excelente custo-benefício (pelos preços de Londres) para uma estadia de luxo.,positive,tong_the
32683,"O café da manhã foi de primeira qualidade, assim como o adorável bar na cobertura.",positive,am_thuc
32684,Fantástico localização equipe foram extremamente simpáticos.,positive,vi_tri
32684,Fantástico localização equipe foram extremamente simpáticos.,positive,dich_vu
32685,"Excelência Um pequeno e encantador hotel com ótimo design de interiores, primeira classe serviço e maravilhosa localização.",positive,tong_the
32685,"Excelência Um pequeno e encantador hotel com ótimo design de interiores, primeira classe serviço e maravilhosa localização.",positive,khong_gian
32685,"Excelência Um pequeno e encantador hotel com ótimo design de interiores, primeira classe serviço e maravilhosa localização.",positive,dich_vu
32685,"Excelência Um pequeno e encantador hotel com ótimo design de interiores, primeira classe serviço e maravilhosa localização.",positive,vi_tri
32686,"Os quartos são básicos, mas têm tudo o que você precisa.",neutral,chat_luong_phong
32687,10 vezes melhor do que as avaliações até agora Fiz reservas para o Civic Center Ramada pelo Yahoo Travel / Travelocity.,positive,tong_the
32688,"Os quartos são pequenos, mas o edifício é arquitetonicamente interessante por ser uma combinação de três edifícios mais antigos que foram remodelados em um hotel.",negative,chat_luong_phong
32688,"Os quartos são pequenos, mas o edifício é arquitetonicamente interessante por ser uma combinação de três edifícios mais antigos que foram remodelados em um hotel.",positive,khong_gian
32689,Definitivamente recomendarei este hotel para amigos e me hospedarei novamente quando retornar a Nova Orleans.,positive,de_xuat
32690,Pretendo ficar aqui novamente.,positive,tong_the
32691,Fenomenal Um dos melhores hotéis de todos os tempos.,positive,tong_the
32692,Estilo bobo em vez de substância,negative,khong_gian
32693,"O café da manhã foi muito fraco e quando pedi chocolate para meu filho, eles não tinham.",negative,am_thuc
32694,Este hotel tem uma ótima localização para todos os pontos turísticos de Barcelona. A equipe é muito prestativa desde a sua entrada até a sua saída.,positive,vi_tri
32694,Este hotel tem uma ótima localização para todos os pontos turísticos de Barcelona. A equipe é muito prestativa desde a sua entrada até a sua saída.,positive,dich_vu
32695,"Bom custo-benefício, ótimo localização Fiquei no Monticello no fim de semana do Memorial Day de 2004.",positive,vi_tri
32695,"Bom custo-benefício, ótimo localização Fiquei no Monticello no fim de semana do Memorial Day de 2004.",positive,gia_ca
32696,Os banheiros também são velhos e com vazamentos.,negative,chat_luong_phong
32697,"Ótimo Localização Ótima localização, recomendaria este hotel para uma pausa na cidade!",positive,de_xuat
32698,"Nosso quarto era grande, com uma boa vista e bem decorado.",positive,chat_luong_phong
32699,"Não usamos o restaurante, mas encontramos muitos lugares a uma curta distância para todas as refeições.",positive,vi_tri
32700,muito legal nos fazer sentir realmente bem-vindos.,positive,dich_vu
32701,"O pátio era pitoresco, os quartos eram mantidos impecáveis e a equipe muito prestativa.",positive,ve_sinh
32701,"O pátio era pitoresco, os quartos eram mantidos impecáveis e a equipe muito prestativa.",positive,dich_vu
32701,"O pátio era pitoresco, os quartos eram mantidos impecáveis e a equipe muito prestativa.",positive,khong_gian
32702,Mais uma ótima experiência. Passei três noites aqui no início de maio.,positive,tong_the
32703,Conveniente para tudo em São Francisco.,positive,vi_tri
32704,Localizado perto de um parque muito bonito.,positive,vi_tri
32705,A equipe foi cortês e eficiente e o bar serviço foi excelente.,positive,dich_vu
32707,Boutique Maravilhosa Hotel,positive,tong_the
32708,"O hotel quarto era bom, um pouco pequeno, mas ok.",positive,chat_luong_phong
32708,"O hotel quarto era bom, um pouco pequeno, mas ok.",negative,chat_luong_phong
32709,Nós nos sentimos bem-vindos desde o momento em que chegamos pelo pequeno elevador até o momento da nossa partida tão rápida.,positive,dich_vu
32710,Não posso recomendar isso o suficiente!!,positive,de_xuat
32711,"bem - as crianças adoraram o fim de semana, mas esse é o objetivo - ainda considerando o custo, poderia fazer um esforço melhor para alimentar os adultos",positive,dich_vu
32712,"Também gostamos das atividades na piscina, como aulas de espanhol, hidroginástica - obrigado à equipe de atividades que fez um ótimo trabalho.",positive,dich_vu
32713,"É limpo, bem conservado, com decoração moderna e minimalista e os funcionários são extremamente simpáticos e prestativos.",positive,ve_sinh
32713,"É limpo, bem conservado, com decoração moderna e minimalista e os funcionários são extremamente simpáticos e prestativos.",positive,chat_luong_phong
32713,"É limpo, bem conservado, com decoração moderna e minimalista e os funcionários são extremamente simpáticos e prestativos.",positive,dich_vu
32713,"É limpo, bem conservado, com decoração moderna e minimalista e os funcionários são extremamente simpáticos e prestativos.",negative,dich_vu
32714,"A localização é ótima, mas o hotel foi uma decepção.",positive,vi_tri
32714,"A localização é ótima, mas o hotel foi uma decepção.",negative,tong_the
32715,Não é tão ruim assim,neutral,tong_the
32716,"A melhor parte de tudo foi a simpatia da equipe, o que é muito difícil de encontrar em alguns hotéis.",positive,dich_vu
32718,e eu tive que rir do custo do intestino de flocos de milho entregue no meu quarto por US$ 27.,negative,gia_ca
32719,"Adorei Le Pavillion Vamos a Nova Orleans com frequência, a negócios e a lazer.",positive,tong_the
32720,"Espero resolver isso, pois parece que cobraram uma taxa muito alta e, se não conseguirmos resolver, não ficaremos aqui novamente.",negative,tong_the
32721,"Localização Localização Localização Excelente localização, perto de lojas, restaurantes, área muito boa no que diz respeito a Barcelona.",positive,vi_tri
32722,A comida servida no buffet de café da manhã era fresca e deliciosa e tinha preços acessíveis.,positive,am_thuc
32722,A comida servida no buffet de café da manhã era fresca e deliciosa e tinha preços acessíveis.,positive,gia_ca
32723,Os quartos são fabulosos.,positive,chat_luong_phong
32724,"Eles tinham camas muito confortáveis, perfeitas para uma escala",positive,chat_luong_phong
32725,As únicas desvantagens - que não são segredo - são que os quartos são pequenos (embora muito bem organizados) e os banheiros quartos são compartilhados (ou pelo menos o meu era).,negative,chat_luong_phong
32725,As únicas desvantagens - que não são segredo - são que os quartos são pequenos (embora muito bem organizados) e os banheiros quartos são compartilhados (ou pelo menos o meu era).,positive,chat_luong_phong
32726,Acabei de voltar de uma estadia de cinco noites no Beacon e não poderia estar mais feliz.,positive,tong_the
32727,"O que antes era um hotel de US$ 400 para viajantes de negócios e elite agora é um hotel 4 estrelas barato de US$ 49 a 79 noites; verifique em qualquer Experien, Yahoo ou Priceline, este é o mais barato de todos. Os proprietários originais do Dupuy ficariam muito decepcionados.",negative,gia_ca
32728,Os cômodos parecem ter passado por um retoque e agora parecem muito mais limpos e iluminados.,positive,ve_sinh
32728,Os cômodos parecem ter passado por um retoque e agora parecem muito mais limpos e iluminados.,positive,chat_luong_phong
32729,Um orçamento honesto Hotel que quase certamente excederá suas expectativas.,positive,gia_ca
32729,Um orçamento honesto Hotel que quase certamente excederá suas expectativas.,positive,tong_the
32730,"O hotel era bem administrado e charmoso, com uma atmosfera limpa, suave e moderna.",positive,tong_the
32730,"O hotel era bem administrado e charmoso, com uma atmosfera limpa, suave e moderna.",positive,khong_gian
32730,"O hotel era bem administrado e charmoso, com uma atmosfera limpa, suave e moderna.",positive,ve_sinh
32731,Maravilhoso Resort / Concierge,positive,tong_the
32731,Maravilhoso Resort / Concierge,positive,dich_vu
32732,Adorei o Belvedere ! !,positive,tong_the
32733,Não consegui dormir neste hotel.,negative,khong_gian
32734,"A comida no restaurante giratório era excelente, assim como o serviço, embora fosse um pouco caro.",positive,am_thuc
32734,"A comida no restaurante giratório era excelente, assim como o serviço, embora fosse um pouco caro.",positive,dich_vu
32734,"A comida no restaurante giratório era excelente, assim como o serviço, embora fosse um pouco caro.",negative,gia_ca
32735,Tive o prazer de ficar neste hotel duas vezes nos últimos meses e fiquei muito impressionado.,positive,tong_the
32736,"Amigável equipe, limpo, espaçoso quartos, perfeito localização e definitivamente.",positive,dich_vu
32736,"Amigável equipe, limpo, espaçoso quartos, perfeito localização e definitivamente.",positive,vi_tri
32736,"Amigável equipe, limpo, espaçoso quartos, perfeito localização e definitivamente.",positive,ve_sinh
32736,"Amigável equipe, limpo, espaçoso quartos, perfeito localização e definitivamente.",positive,chat_luong_phong
32737,A gerência claramente não está fazendo seu trabalho de garantir consistência e comunicação entre os funcionários.,negative,tong_the
32738,"A localização do hotel é ótima, do outro lado da rua da praia, com muitos restaurantes e lojas nas proximidades.",positive,vi_tri
32739,"Eu não voltaria ao The Clift; o Redwood Bar é divertido e a equipe do concierge/portaria é boa, mas é só isso.",positive,dich_vu
32741,O banheiro era enorme para os padrões italianos e muito moderno.,positive,chat_luong_phong
32742,>Aviso sobre o quarto Ocean View,negative,chat_luong_phong
32743,"Fiquei em hotéis com funcionários decentes, esses funcionários foram os melhores.",positive,dich_vu
32744,Definitivamente voltarei ao Affinia!,positive,tong_the
32745,adorei isso hotel,positive,tong_the
32746,"enxuto e bom localização, mas voltado para a comunidade gay.",positive,vi_tri
32747,"Meu amigo e eu ficamos no Cruz Sol em julho, depois de fazer uma reserva pela internet com meses de antecedência.",positive,tong_the
32748,"Você está a uma curta distância da praia, das lojas e é muito, muito bom comida.",positive,vi_tri
32748,"Você está a uma curta distância da praia, das lojas e é muito, muito bom comida.",positive,am_thuc
32749,"Ótimo centro localização Bom quarto, cama muito boa, banheiro agradável quarto, ótimo café da manhã.",positive,vi_tri
32749,"Ótimo centro localização Bom quarto, cama muito boa, banheiro agradável quarto, ótimo café da manhã.",positive,chat_luong_phong
32749,"Ótimo centro localização Bom quarto, cama muito boa, banheiro agradável quarto, ótimo café da manhã.",positive,am_thuc
32750,"No geral, o custo-benefício foi bom e a localização fez valer a pena.",positive,tong_the
32750,"No geral, o custo-benefício foi bom e a localização fez valer a pena.",positive,vi_tri
32751,"O quarto estava limpo, a roupa de cama estava impecável e o banheiro quarto estava impecável.",positive,ve_sinh
32751,"O quarto estava limpo, a roupa de cama estava impecável e o banheiro quarto estava impecável.",positive,chat_luong_phong
32752,Certamente ficarei novamente na próxima viagem à Nova Zelândia,positive,tong_the
32753,Grátis café da manhã.,positive,gia_ca
32754,"Nosso (3º quarto) foi reformado recentemente e ficou lindo, até com uma torneira de água potável.",positive,chat_luong_phong
32755,"É muito perto da ação, mas da próxima vez vou gastar alguns dólares a mais para ficar em algum lugar",positive,vi_tri
32756,Existem opções melhores do que este cansado e desatualizado hotel,negative,tong_the
32757,"Os quartos e corredores são um pouco antigos, mas são impecáveis e têm muitas comodidades.",negative,chat_luong_phong
32757,"Os quartos e corredores são um pouco antigos, mas são impecáveis e têm muitas comodidades.",positive,ve_sinh
32757,"Os quartos e corredores são um pouco antigos, mas são impecáveis e têm muitas comodidades.",positive,chat_luong_phong
32758,O único problema era que o apartamento de 3 quartos não tinha sala de estar quarto e nem cozinha completa,negative,chat_luong_phong
32759,Altamente recomendado,positive,de_xuat
32760,"No entanto, o chuveiro/banheira era muito perigoso e definitivamente não era para casais maduros ou pessoas com deficiência.",negative,chat_luong_phong
32761,e fiquei aqui por 4 noites antes de ir para Cape Cod. Este hotel é uma ótima base para ver todos os pontos turísticos de Boston.,positive,vi_tri
32762,"Estadia maravilhosa. Fiquei aqui por uma noite antes de voar de uma viagem longa, fria e chuvosa.",positive,tong_the
32763,Nós nos divertimos muito neste hotel.,positive,tong_the
32764,Não recomendado,negative,de_xuat
32765,Voltarei pela terceira vez este ano porque este hotel é muito atraente.,positive,tong_the
32766,"Depois de encontrar uma ótima oferta no Travelzoo, minha esposa foi para a cidade passar a noite.",positive,gia_ca
32767,O serviço foi impecável e os quartos são muito bonitos.,positive,dich_vu
32767,O serviço foi impecável e os quartos são muito bonitos.,positive,chat_luong_phong
32768,Uma boa estadia,positive,tong_the
32769,Evite a todo custo Como este lugar pode se autodenominar um hotel 4.5/5 estrelas está além da minha compreensão -,negative,tong_the
32770,"na verdade nos sentimos um pouco deprimidos neste hotel, mal podíamos esperar para ir embora - então fizemos o check-out um dia antes.",negative,tong_the
32771,"Ao chegar, tivemos que pagar em dinheiro antes de entrar no quarto, depois encontramos em uma cama, roupa de cama suja que teve que ser trocada.",negative,gia_ca
32771,"Ao chegar, tivemos que pagar em dinheiro antes de entrar no quarto, depois encontramos em uma cama, roupa de cama suja que teve que ser trocada.",negative,ve_sinh
32772,Nós realmente gostamos!!,positive,tong_the
32773,"Este hotel ficava a 1 quarteirão da fileira de restaurantes e a 2 quarteirões do distrito dos teatros, além de custar em média US$ 159 por noite.",positive,vi_tri
32773,"Este hotel ficava a 1 quarteirão da fileira de restaurantes e a 2 quarteirões do distrito dos teatros, além de custar em média US$ 159 por noite.",neutral,gia_ca
32774,"Tivemos um ótimo serviço, uma ótima vista, uma ótima localização e algumas outras coisas que são incomuns em hotéis de grandes cidades (por exemplo, o menu de travesseiros e a ênfase em atividades físicas/saúde).",positive,dich_vu
32774,"Tivemos um ótimo serviço, uma ótima vista, uma ótima localização e algumas outras coisas que são incomuns em hotéis de grandes cidades (por exemplo, o menu de travesseiros e a ênfase em atividades físicas/saúde).",positive,vi_tri
32774,"Tivemos um ótimo serviço, uma ótima vista, uma ótima localização e algumas outras coisas que são incomuns em hotéis de grandes cidades (por exemplo, o menu de travesseiros e a ênfase em atividades físicas/saúde).",positive,tong_the
32775,O pessoal foi prestável e o seu conhecimento de São Francisco foi excelente.,positive,dich_vu
32776,"O hotel equipe foi rude e não acredite nas fotos que eles mostram no site, não se parece em nada com isso.",negative,dich_vu
32777,Os quartos são ótimos e a localização é brilhante.,positive,chat_luong_phong
32777,Os quartos são ótimos e a localização é brilhante.,positive,vi_tri
32779,"localização central Tendo que ir a Manhattan a negócios, nossa empresa nos reservou neste hotel.",positive,tong_the
32780,O pior de todos Este é o pior hotel em que fiquei durante meus vinte anos de viagem.,negative,tong_the
32782,Perto de lojas e atrações do centro da cidade.,positive,vi_tri
32783,A equipe foi cordial.,positive,dich_vu
32784,Tivemos uma ótima estadia de 5 dias - muito perto da melhor parte da cidade e das principais atrações!,positive,vi_tri
32784,Tivemos uma ótima estadia de 5 dias - muito perto da melhor parte da cidade e das principais atrações!,positive,tong_the
32785,"Ficamos apenas uma noite, mas o hotel foi excepcionalmente amigável.",positive,tong_the
32786,Excelente localização e vista!,positive,vi_tri
32787,"O 41 é uma verdadeira jóia, é aconchegante e muito atencioso, com funcionários genuinamente amigáveis equipe.",positive,dich_vu
32788,Muito prestativo e amigável.,positive,dich_vu
32789,O Café e Bar dão ao hotel uma ótima atmosfera.,positive,khong_gian
32790,Silêncio também -,positive,chat_luong_phong
32791,"Os funcionários foram extremamente simpáticos e ofereceram muitos conselhos úteis sobre vários passeios, etc.",positive,dich_vu
32792,"Um santuário entre hotéis inferiores Depois de uma experiência horrível no hotel LaFayette, no final da rua, meu colega de trabalho e eu voltamos para o conforto familiar do Marriott.",positive,khong_gian
32793,Agradável Hotel Ótimo hotel para ficar durante uma viagem entre amigas.,positive,tong_the
32794,Pretendo ficar no Hotel Le Cirque novamente... nem que seja só para agradecer à equipe por estar lá por nós.,positive,dich_vu
32795,"Paguei US$ 535,00 por 4 noites.",positive,gia_ca
32796,Um lugar limpo e agradável para ficar com um preço médio.,positive,ve_sinh
32796,Um lugar limpo e agradável para ficar com um preço médio.,neutral,gia_ca
32797,Um pouco isolado demais para sair do resort.,negative,vi_tri
32798,"Quando fiz o check-out, a equipe me acusou de tentar economizar nas compras do frigobar.",negative,dich_vu
32799,Nada mal. Já fiquei aqui várias vezes no passado e o hotel está começando a mostrar um pouco de desgaste.,negative,khong_gian
32800,O hotel é intimista e muito britânico.,positive,tong_the
32802,O Hotel Casci é uma delícia,positive,tong_the
32803,Agradável localização e muito agradável quartos.,positive,vi_tri
32803,Agradável localização e muito agradável quartos.,positive,chat_luong_phong
32804,"Espero voltar novamente, desta vez para minha lua de mel.",positive,tong_the
32805,"Com bons hotéis comodidades e uma equipe simpática e prestativa funcionários, consegui concluir meu negócio e aproveitar um pouco da vida noturna que ficou famosa na Bourbon Street.",positive,chat_luong_phong
32805,"Com bons hotéis comodidades e uma equipe simpática e prestativa funcionários, consegui concluir meu negócio e aproveitar um pouco da vida noturna que ficou famosa na Bourbon Street.",positive,dich_vu
32806,Fiquei impressionado com todos os aspectos do Affinia 50.,positive,tong_the
32807,Muito limpo e excelente serviço.,positive,ve_sinh
32807,Muito limpo e excelente serviço.,positive,dich_vu
32808,"O bairro ao redor parece um pouco decadente, mas talvez seja apenas a aparência antiga do lugar.",neutral,tong_the
32809,"Um ótimo hotel em uma localização fantástica, bem ao lado do Checkpoint Charlie.",positive,tong_the
32809,"Um ótimo hotel em uma localização fantástica, bem ao lado do Checkpoint Charlie.",positive,vi_tri
32810,Os quartos são modernos e espaçosos para os padrões japoneses.,positive,chat_luong_phong
32811,Adorei!,positive,tong_the
32812,"Os funcionários são muito falsos, por trás do sorriso deles há uma pessoa muito miserável.",negative,dich_vu
32813,Era um pouco fora de Nova Orleans,negative,vi_tri
32814,"O quarto standard quarto não é tão grande, mas se você guardar suas roupas no armário e colocar suas malas debaixo da cama, você realmente se sentirá em casa! !",negative,chat_luong_phong
32814,"O quarto standard quarto não é tão grande, mas se você guardar suas roupas no armário e colocar suas malas debaixo da cama, você realmente se sentirá em casa! !",neutral,chat_luong_phong
32815,Uma boa base de valor em Berlim.,positive,gia_ca
32816,Localização para o DART é ótimo.,positive,vi_tri
32817,"Uma vista realmente tremenda! Maravilhosa localização, bem no centro de Amsterdã.",positive,vi_tri
32817,"Uma vista realmente tremenda! Maravilhosa localização, bem no centro de Amsterdã.",positive,tong_the
32818,Tive uma ótima estadia nesta propriedade.,positive,tong_the
32819,"Perfeito Localização Localização , localização , localização !",positive,vi_tri
32820,O serviço da equipe do carregador foi igualmente excelente.,positive,dich_vu
32821,"Muito bom hotel em ótima localização Acabei de voltar de um longo fim de semana em Paris, onde fiquei no Agora.",positive,tong_the
32821,"Muito bom hotel em ótima localização Acabei de voltar de um longo fim de semana em Paris, onde fiquei no Agora.",positive,vi_tri
32822,"Não há nada de extraordinário neste hotel, a academia é pitoresca, os quartos são pequenos, o banheiro é realmente muito grande, tem cerca de metade do tamanho do quarto...",negative,chat_luong_phong
32822,"Não há nada de extraordinário neste hotel, a academia é pitoresca, os quartos são pequenos, o banheiro é realmente muito grande, tem cerca de metade do tamanho do quarto...",positive,chat_luong_phong
32823,Passamos alguns dias aqui no final de outubro para comemorar nosso aniversário e não poderíamos ter escolhido um lugar melhor.,positive,tong_the
32824,"O serviço foi incrível, usando seu nome quando você faz o check-in, fornecendo um mordomo, etc.",positive,dich_vu
32825,"Possui iluminação ambiente, persianas eletrônicas e um enorme TV de plasma . . . .",positive,chat_luong_phong
32826,"Hotel (2 quartos) como esperado para Embassy Suites, nível de ruído no lado da cama (2 quartos) da rua muito alto e perturbador.",neutral,chat_luong_phong
32826,"Hotel (2 quartos) como esperado para Embassy Suites, nível de ruído no lado da cama (2 quartos) da rua muito alto e perturbador.",negative,chat_luong_phong
32827,Recomendamos fortemente este hotel e faremos outra reserva ainda este ano! ! ! ! ! ! !,positive,de_xuat
32828,Adorei este hotel Fiquei aqui recentemente com meus 2 filhos (de 9 a 11 anos).,positive,tong_the
32829,O serviço é bom - o suficiente e as escadas (não há elevador) podem ser assustadoras se você tiver malas grandes.,positive,dich_vu
32830,Acredito que o hotel é adequado apenas para surfistas e jovens.,neutral,tong_the
32831,Muito limpo e bem conservado.,positive,ve_sinh
32832,"No geral, é um ótimo lugar para ficar se você quer paz e tranquilidade, mas perto do centro principal (5/8 minutos de distância)",positive,tong_the
32832,"No geral, é um ótimo lugar para ficar se você quer paz e tranquilidade, mas perto do centro principal (5/8 minutos de distância)",positive,khong_gian
32832,"No geral, é um ótimo lugar para ficar se você quer paz e tranquilidade, mas perto do centro principal (5/8 minutos de distância)",positive,vi_tri
32833,"Adorei o hotel, equipe e localização",positive,tong_the
32833,"Adorei o hotel, equipe e localização",positive,dich_vu
32833,"Adorei o hotel, equipe e localização",positive,vi_tri
32834,Esta é minha segunda estadia no Angeleno Hotel em Brentwood.,positive,tong_the
32835,"Muitos pontos positivos distinguem este hotel: agradável ambiente, amigável e cooperativo equipe, confortável quartos.",positive,tong_the
32835,"Muitos pontos positivos distinguem este hotel: agradável ambiente, amigável e cooperativo equipe, confortável quartos.",positive,dich_vu
32835,"Muitos pontos positivos distinguem este hotel: agradável ambiente, amigável e cooperativo equipe, confortável quartos.",positive,chat_luong_phong
32836,"Viagem fantástica Ficamos quatro noites no Harbour Plaza North Point, em junho de 2007.",positive,tong_the
32837,Não é um lugar ruim para ficar. Precisávamos de um lugar relativamente barato perto do bairro e encontramos o Courtyard.,positive,gia_ca
32838,A equipe equipe acolhedora e eficiente fez com que tudo corresse muito bem e nosso quarto era adorável.,positive,dich_vu
32838,A equipe equipe acolhedora e eficiente fez com que tudo corresse muito bem e nosso quarto era adorável.,positive,chat_luong_phong
32839,Nós gostamos muito das duas noites que passamos aqui.,positive,tong_the
32840,Melhor do que esperávamos!,positive,tong_the
32841,Bem no coração da orla turística.,positive,vi_tri
32842,"Bom custo-benefício, muito limpo e OK café da manhã.",positive,gia_ca
32842,"Bom custo-benefício, muito limpo e OK café da manhã.",positive,ve_sinh
32842,"Bom custo-benefício, muito limpo e OK café da manhã.",neutral,am_thuc
32843,"O hotel também está localizado bem ao lado do Vondel Park, ótimo para passear e observar os moradores locais correndo, correndo e passeando com seus cachorros (às vezes ao mesmo tempo!). Eu definitivamente voltaria aqui na próxima vez que visitar Amsterdã.",positive,vi_tri
32844,Watertown Hotel - - Incrível!,positive,tong_the
32845,Eu definitivamente tive a experiência que esperava.,positive,tong_the
32847,"Resumindo, este é provavelmente o melhor hotel hotel em que já fiquei.",positive,tong_the
32848,Bonito e tranquilo,positive,tong_the
32848,Bonito e tranquilo,positive,khong_gian
32849,nós gostamos do São Francisco,positive,tong_the
32850,Bom lugar para ficar em Seattle,positive,tong_the
32851,Dizer que aproveitei meu tempo em Jays é pouco!,positive,tong_the
32852,"É verdade que a localização é boa, mas se eu soubesse que os quartos eram assim, eu teria ido para o Roosevelt.",positive,vi_tri
32853,"Excelente serviço, simpático equipe, bom comida.",positive,dich_vu
32853,"Excelente serviço, simpático equipe, bom comida.",positive,am_thuc
32854,Perfeito Localização . . .,positive,vi_tri
32855,Eu adorei...,positive,tong_the
32856,Agradável café da manhã com uma boa seleção de itens.,positive,am_thuc
32858,"Estava limpo, confortável e a equipe  era amigável.",positive,ve_sinh
32858,"Estava limpo, confortável e a equipe  era amigável.",positive,khong_gian
32858,"Estava limpo, confortável e a equipe  era amigável.",positive,dich_vu
32859,Grande variedade de opções buffet de café da manhã e a melhor piscina/sauna/clube de saúde que já usamos.,positive,am_thuc
32861,Uma pessoa consistentemente carrancuda e pouco prestativa na recepção impediu uma excelente avaliação.,negative,dich_vu
32862,"Enviei dois e-mails para o hotel - sem resposta e, finalmente, tive que ligar para obter um reembolso - que eles fizeram imediatamente, mas sem nenhum pedido de desculpas ou explicação.",negative,dich_vu
32863,"adorável lobby, lindo quartos, agradável equipe.",positive,chat_luong_phong
32863,"adorável lobby, lindo quartos, agradável equipe.",positive,tong_the
32863,"adorável lobby, lindo quartos, agradável equipe.",positive,dich_vu
32864,"A comida era ótima, os quartos eram bons e a equipe era incrível.",positive,am_thuc
32864,"A comida era ótima, os quartos eram bons e a equipe era incrível.",positive,chat_luong_phong
32864,"A comida era ótima, os quartos eram bons e a equipe era incrível.",positive,dich_vu
32865,"Trouxe percevejos para casa. Cenário bonito, mas vasto hotel e um pouco impessoal.",negative,ve_sinh
32867,Você pode dizer que este hotel é novo e bem,positive,tong_the
32868,Ficamos no Ritz Millenia por 5 dias em setembro de 2006.,positive,tong_the
32869,Os funcionários foram muito educados e o quarto era espaçoso e limpo.,positive,dich_vu
32869,Os funcionários foram muito educados e o quarto era espaçoso e limpo.,positive,chat_luong_phong
32869,Os funcionários foram muito educados e o quarto era espaçoso e limpo.,positive,ve_sinh
32871,"A boa notícia é que esta é uma área turística conveniente, com atrações divertidas, como artistas de rua.",positive,vi_tri
32872,retiro feliz,positive,tong_the
32874,"E a localização é bem difícil de superar - a apenas um quarteirão da Plaza Mayor, perto de bares e restaurantes, não muito longe de uma estação de metrô.",positive,vi_tri
32875,"Agradável hotel com um toque europeu. O Ace era um lugar muito agradável e limpo, e a equipe era absolutamente fabulosa.",positive,khong_gian
32875,"Agradável hotel com um toque europeu. O Ace era um lugar muito agradável e limpo, e a equipe era absolutamente fabulosa.",positive,ve_sinh
32875,"Agradável hotel com um toque europeu. O Ace era um lugar muito agradável e limpo, e a equipe era absolutamente fabulosa.",positive,dich_vu
32876,Gostei muito da localização e da equipe foi ótima considerando que eu estava lá durante o festival de música Essence,positive,vi_tri
32876,Gostei muito da localização e da equipe foi ótima considerando que eu estava lá durante o festival de música Essence,positive,dich_vu
32877,"Há uma tonelada de hotéis e eu digo, procure outro lugar",negative,tong_the
32878,A cama foi uma das mais confortáveis em que meu marido e eu já dormimos.,positive,chat_luong_phong
32879,"Preço individual quarto, duplo.",negative,gia_ca
32881,"O quarto era muito limpo, banheiro agradável quarto, acomodações muito modernas.",positive,ve_sinh
32881,"O quarto era muito limpo, banheiro agradável quarto, acomodações muito modernas.",positive,chat_luong_phong
32882,"Fiquei neste hotel no início de março, embora a localização seja excelente, não voltaremos a este hotel.",positive,vi_tri
32882,"Fiquei neste hotel no início de março, embora a localização seja excelente, não voltaremos a este hotel.",negative,tong_the
32883,"A equipe  foi MUITO ÚTIL, até o gerente se ofereceu para deixar nossa bagagem grande lá para uma pequena viagem a Londres.",positive,dich_vu
32884,"Cara, meu filho ficou animado: as novas suítes eram incrivelmente lindas, com comodidades de luxo e muito gentis serviço.",positive,chat_luong_phong
32884,"Cara, meu filho ficou animado: as novas suítes eram incrivelmente lindas, com comodidades de luxo e muito gentis serviço.",positive,dich_vu
32885,Bom custo-benefício e muito central - cerca de 5 minutos até Santa Croche.,positive,vi_tri
32885,Bom custo-benefício e muito central - cerca de 5 minutos até Santa Croche.,positive,tong_the
32886,Todos os funcionários que conhecemos foram simpáticos e fizeram de tudo para tornar a nossa estadia agradável.,positive,dich_vu
32887,"A localização também é boa, muito central e ficamos em 3 quartos em partes diferentes do hotel e nenhum de nós sofreu com nenhum dos barulhos mencionados em avaliações anteriores.",positive,vi_tri
32887,"A localização também é boa, muito central e ficamos em 3 quartos em partes diferentes do hotel e nenhum de nós sofreu com nenhum dos barulhos mencionados em avaliações anteriores.",positive,khong_gian
32889,Eu recomendaria como uma boa pechincha pelo dinheiro,positive,de_xuat
32889,Eu recomendaria como uma boa pechincha pelo dinheiro,positive,gia_ca
32890,Os quartos eram muito agradáveis e as camas muito confortáveis.,positive,chat_luong_phong
32891,"Os quartos deluxe são muito espaçosos, luxuosamente decorados e confortáveis.",positive,chat_luong_phong
32892,Nós frequentemente ficamos em holiday inns e este foi um ótimo.,positive,tong_the
32893,Gostei especialmente da simpatia equipe do Polo Lounge.,positive,dich_vu
32894,"Ótimo lugar para ficar, com preço acessível. Fiquei hospedado por duas noites no último final de semana e tive uma estadia perfeitamente agradável.",positive,tong_the
32894,"Ótimo lugar para ficar, com preço acessível. Fiquei hospedado por duas noites no último final de semana e tive uma estadia perfeitamente agradável.",positive,gia_ca
32895,O serviço de táxi disponível no hotel foi muito simpático e prestativo.,positive,dich_vu
32896,Fantástico hotel Não podemos elogiar este hotel o suficiente!,positive,tong_the
32897,O hotel tem uma localização boa e central.,positive,vi_tri
32898,Eles foram extremamente prestativos com sugestões de restaurantes.,positive,dich_vu
32899,Muito luxuoso hotel.,positive,khong_gian
32900,"Minhas únicas reclamações eram as paredes finas (você podia ouvir conversas no apartamento ao lado, mesmo quando os outros falavam), e uma noite os vizinhos gostavam de festejar até tarde.",negative,chat_luong_phong
32901,"Lençóis e toalhas trocados diariamente, quarto era de tamanho suficiente com comodidades para fazer chá repostas todos os dias, o café da manhã era simples, mas muito comestível e equipe, embora não tenhamos exigido muito, foi prestativa!",positive,chat_luong_phong
32901,"Lençóis e toalhas trocados diariamente, quarto era de tamanho suficiente com comodidades para fazer chá repostas todos os dias, o café da manhã era simples, mas muito comestível e equipe, embora não tenhamos exigido muito, foi prestativa!",positive,am_thuc
32901,"Lençóis e toalhas trocados diariamente, quarto era de tamanho suficiente com comodidades para fazer chá repostas todos os dias, o café da manhã era simples, mas muito comestível e equipe, embora não tenhamos exigido muito, foi prestativa!",positive,dich_vu
32902,"A propriedade é única, bonita e moderna.",positive,tong_the
32904,"Adorei nosso Spaulding Hotel Muito bom localização, com localização central, perto de teatros e lojas.",positive,tong_the
32904,"Adorei nosso Spaulding Hotel Muito bom localização, com localização central, perto de teatros e lojas.",positive,vi_tri
32905,Ficamos 4 noites nesta joia do Upper East Side.,positive,tong_the
32906,"O hotel é muito bom, quartos são do tamanho certo e café da manhã é excelente.",positive,tong_the
32906,"O hotel é muito bom, quartos são do tamanho certo e café da manhã é excelente.",positive,chat_luong_phong
32906,"O hotel é muito bom, quartos são do tamanho certo e café da manhã é excelente.",positive,am_thuc
32908,"prejudicial, romântico, pitoresco Sem reclamações.",positive,tong_the
32909,"Em nossa viagem pelo México, ficamos três noites no NH Hotel Mexico City.",positive,tong_the
32910,"Super conveniente Chegando pouco antes de um feriado no Japão foi difícil encontrar algum hotel razoável com quartos vagos, então decidimos tentar isso (com base em avaliações do TripAdvisor, é claro). Ao chegar no aeroporto (Narita), pedimos para ir para Shinagawa e nos deram uma passagem para um trem que ia direto para lá, do outro lado da rua do hotel.",positive,tong_the
32910,"Super conveniente Chegando pouco antes de um feriado no Japão foi difícil encontrar algum hotel razoável com quartos vagos, então decidimos tentar isso (com base em avaliações do TripAdvisor, é claro). Ao chegar no aeroporto (Narita), pedimos para ir para Shinagawa e nos deram uma passagem para um trem que ia direto para lá, do outro lado da rua do hotel.",positive,vi_tri
32911,"Ótimo hotel, ótimo equipe, ótimo localização",positive,tong_the
32911,"Ótimo hotel, ótimo equipe, ótimo localização",positive,dich_vu
32911,"Ótimo hotel, ótimo equipe, ótimo localização",positive,vi_tri
32912,"Os quartos eram bons, mas um pouco pequenos.",positive,chat_luong_phong
32912,"Os quartos eram bons, mas um pouco pequenos.",negative,chat_luong_phong
32913,Bom pelo preço... Fiquei no Hotel Accademia por 3 noites em meados de novembro de 2004.,positive,gia_ca
32915,l localização Fiquei alguns dias em Nova York no meu caminho para casa da Costa Oeste.,positive,tong_the
32916,"Para um aeroporto hotel, era surpreendentemente tranquilo, quartos eram extremamente confortáveis e bem preparados, e funcionários eram todos extremamente prestativos e corteses.",positive,khong_gian
32916,"Para um aeroporto hotel, era surpreendentemente tranquilo, quartos eram extremamente confortáveis e bem preparados, e funcionários eram todos extremamente prestativos e corteses.",positive,chat_luong_phong
32916,"Para um aeroporto hotel, era surpreendentemente tranquilo, quartos eram extremamente confortáveis e bem preparados, e funcionários eram todos extremamente prestativos e corteses.",positive,dich_vu
32917,"Quartos eram adequados e bem decorados, com banheiros limpos e modernos.",positive,chat_luong_phong
32917,"Quartos eram adequados e bem decorados, com banheiros limpos e modernos.",positive,ve_sinh
32918,tudo parecia estar um pouco errado.,negative,tong_the
32919,"Excelente localização Este é um ótimo hotel considerando a tarifa, localização e o nível de serviço.",positive,vi_tri
32919,"Excelente localização Este é um ótimo hotel considerando a tarifa, localização e o nível de serviço.",positive,tong_the
32919,"Excelente localização Este é um ótimo hotel considerando a tarifa, localização e o nível de serviço.",positive,gia_ca
32919,"Excelente localização Este é um ótimo hotel considerando a tarifa, localização e o nível de serviço.",positive,dich_vu
32920,"Para ser justo, camas proporcionaram uma bela vista para o mar e equipe foi sincera e muito prestativa.",negative,chat_luong_phong
32920,"Para ser justo, camas proporcionaram uma bela vista para o mar e equipe foi sincera e muito prestativa.",positive,dich_vu
32922,"Tomamos café no nosso quarto, mas não havia chaleira, então você pede água quente e eles trazem, mas eu também pedi leite no meu café (não há UHT no quarto) 6 euros! 6 euros por leite no meu café!!!",negative,chat_luong_phong
32922,"Tomamos café no nosso quarto, mas não havia chaleira, então você pede água quente e eles trazem, mas eu também pedi leite no meu café (não há UHT no quarto) 6 euros! 6 euros por leite no meu café!!!",negative,gia_ca
32923,"Eu definitivamente ficaria aqui novamente, mas um conselho: certifique-se de tirar seu carro da garagem dentro de um período de 24 horas ou eles cobrarão um dia extra, mesmo que você esteja apenas um ou dois minutos atrasado!",positive,tong_the
32924,Não tive problemas com a recepção do celular no meu quarto e provavelmente fiz 50 ligações na época.,positive,chat_luong_phong
32925,"Para resumir, nos divertimos muito e recomendamos fortemente uma visita.",positive,de_xuat
32926,Todas as atrações são facilmente acessadas pelo sistema de metrô.,positive,vi_tri
32927,"Os porteiros são excepcionalmente amigáveis e hospitaleiros, e são extremamente bem informados sobre os pontos turísticos imperdíveis.",positive,dich_vu
32928,Os funcionários foram muito prestativos e o café da manhã foi bom.,positive,dich_vu
32928,Os funcionários foram muito prestativos e o café da manhã foi bom.,positive,am_thuc
32929,não hesitaria em recomendar a qualquer,positive,de_xuat
32930,"O hotel está convenientemente localizado a meio quarteirão da Bourbon Street, mas é muito tranquilo.",positive,vi_tri
32931,"O serviço no restaurante era terrível, A comida medíocre.",negative,dich_vu
32931,"O serviço no restaurante era terrível, A comida medíocre.",negative,am_thuc
32932,"A atenção aos detalhes é ótima e nada foi problema para a equipe, incluindo um check-out tardio em cima da hora e sem custo extra - mas o principal sobre este hotel é a localização!",positive,dich_vu
32932,"A atenção aos detalhes é ótima e nada foi problema para a equipe, incluindo um check-out tardio em cima da hora e sem custo extra - mas o principal sobre este hotel é a localização!",positive,vi_tri
32933,O sistema de computador e iluminação na sala é ótimo.,positive,chat_luong_phong
32934,Eu definitivamente recomendaria este hotel aos nossos amigos!,positive,de_xuat
32935,"Na chegada, fomos atualizados para um quarto superior quarto, o que foi adorável!",positive,chat_luong_phong
32936,Agradecimentos especiais a Karda por ajudar a organizar uma excursão a cavalo!,positive,dich_vu
32937,amigável e prestativo.,positive,dich_vu
32938,Já usei o hotel antes e continuarei a fazê-lo no futuro.,positive,tong_the
32939,"Tínhamos um quarto enorme , uma cama king size grande e confortável e um ótimo chuveiro.",positive,chat_luong_phong
32940,Definitivamente ficaria aqui novamente e recomendaria a outros.,positive,de_xuat
32942,Parece que tivemos sorte e conseguimos um quarto muito superior quarto ao que tínhamos antes (ou eles apenas decoraram!) e a equipe não poderia ter sido mais amigável e prestativa.,negative,dich_vu
32942,Parece que tivemos sorte e conseguimos um quarto muito superior quarto ao que tínhamos antes (ou eles apenas decoraram!) e a equipe não poderia ter sido mais amigável e prestativa.,positive,chat_luong_phong
32943,"bem perto do metrô Tower Hill, então viajar para os pontos mais animados é muito fácil. recomendado.",positive,vi_tri
32944,Simplesmente horrível,negative,tong_the
32945,"O quarto estava limpo, com um bom chuveiro e a equipe era amigável.",positive,ve_sinh
32945,"O quarto estava limpo, com um bom chuveiro e a equipe era amigável.",positive,chat_luong_phong
32945,"O quarto estava limpo, com um bom chuveiro e a equipe era amigável.",positive,dich_vu
32946,"E acima de tudo, a equipe  foi totalmente prestativa e prestativa.",positive,dich_vu
32947,Excelente localização na cidade.,positive,vi_tri
32948,Eu recomendaria este hotel a qualquer pessoa que queira visitar São Francisco.,positive,de_xuat
32949,média na melhor das hipóteses,neutral,tong_the
32950,"Novos comodidades, como um espaço maior armário e um sofá para assistir TV, foram totalmente inesperados para mim.",positive,chat_luong_phong
32951,Lindas acomodações Ficamos no The Legacy em setembro de 2006 e achamos as acomodações muito limpas e lindamente decoradas.,positive,chat_luong_phong
32951,Lindas acomodações Ficamos no The Legacy em setembro de 2006 e achamos as acomodações muito limpas e lindamente decoradas.,positive,ve_sinh
32952,"Limpo, decorado de forma fofa, confortável (4 camas).",positive,ve_sinh
32952,"Limpo, decorado de forma fofa, confortável (4 camas).",positive,chat_luong_phong
32953,Ótima experiência,positive,tong_the
32954,"No geral, nós realmente gostamos da nossa experiência aqui.",positive,tong_the
32955,As camas tinham belas capas de edredom e eram confortáveis.,positive,chat_luong_phong
32956,"Não recomendarei este hotel aos meus amigos ou familiares, pois acredito que existam hotéis mais modernos na cidade.",negative,de_xuat
32957,"Foi melhor do que esperávamos pelo preço; agradável, grande quarto, azulejos e lâmpada de aquecimento no banheiro quarto, ótimo localização, muito limpo, e o homem prestativo na recepção nos disse onde ir e onde não ir.",positive,gia_ca
32957,"Foi melhor do que esperávamos pelo preço; agradável, grande quarto, azulejos e lâmpada de aquecimento no banheiro quarto, ótimo localização, muito limpo, e o homem prestativo na recepção nos disse onde ir e onde não ir.",positive,chat_luong_phong
32957,"Foi melhor do que esperávamos pelo preço; agradável, grande quarto, azulejos e lâmpada de aquecimento no banheiro quarto, ótimo localização, muito limpo, e o homem prestativo na recepção nos disse onde ir e onde não ir.",positive,vi_tri
32957,"Foi melhor do que esperávamos pelo preço; agradável, grande quarto, azulejos e lâmpada de aquecimento no banheiro quarto, ótimo localização, muito limpo, e o homem prestativo na recepção nos disse onde ir e onde não ir.",positive,ve_sinh
32957,"Foi melhor do que esperávamos pelo preço; agradável, grande quarto, azulejos e lâmpada de aquecimento no banheiro quarto, ótimo localização, muito limpo, e o homem prestativo na recepção nos disse onde ir e onde não ir.",positive,dich_vu
32958,"Na verdade, cancelamos outra reserva no caminho de volta da Península de Monterey para ficar aqui novamente.",positive,tong_the
32959,"A TV não tinha boa recepção, o chuveiro ficava entre escaldante e congelante, e havia um cano enorme no quarto que ficava apitando como uma chaleira.",negative,chat_luong_phong
32960,"Os quartos são bons e impecáveis, o café da manhã é ótimo, mas",positive,am_thuc
32961,Excelente serviço em todos os aspectos.,positive,dich_vu
32962,Excelente localização - literalmente 2 minutos a pé de La Ramblas.,positive,vi_tri
32963,"Todos na equipe  foram incríveis e nos fizeram sentir como se fôssemos os únicos hóspedes lá, embora o hotel estivesse lotado!",positive,dich_vu
32964,Infelizmente o sinal sem fio estava muito fraco e eu continuava perdendo a conexão.,negative,chat_luong_phong
32965,"Embora o exterior não seja particularmente especial, o meu quarto com duas camas de solteiro era excelente.",positive,tong_the
32966,"Quando o ar condicionado está ligado, você não ouve o barulho, e quando você só precisa de cinco minutos para chegar a qualquer lugar, você esquece a grosseria da equipe da recepção.",positive,vi_tri
32966,"Quando o ar condicionado está ligado, você não ouve o barulho, e quando você só precisa de cinco minutos para chegar a qualquer lugar, você esquece a grosseria da equipe da recepção.",negative,dich_vu
32967,"Moderno, excelente camas, ótimo localização (embora fosse perto de Rembrandt)",positive,khong_gian
32967,"Moderno, excelente camas, ótimo localização (embora fosse perto de Rembrandt)",positive,chat_luong_phong
32967,"Moderno, excelente camas, ótimo localização (embora fosse perto de Rembrandt)",positive,vi_tri
32968,"Acabei no Green Isle Inn ao lado, que era MUITO melhor e apenas alguns dólares mais barato",positive,tong_the
32968,"Acabei no Green Isle Inn ao lado, que era MUITO melhor e apenas alguns dólares mais barato",positive,gia_ca
32969,Isso é basicamente um golpe com o hotel representando que é um luxo hotel quando nada poderia estar mais longe da verdade.,negative,tong_the
32970,"Nos sombrios dias do início do inverno que estão rapidamente envolvendo o Norte da Irlanda, pensamos o tempo todo em nosso ""tempo livre"" neste pequeno idílio florentino e esperamos retornar algum dia.",positive,tong_the
32971,Os funcionários são atenciosos e eficientes.,positive,dich_vu
32972,"Havia aperitivos gratuitos à noite, incluindo morangos cobertos com chocolate que eram incríveis.",positive,gia_ca
32972,"Havia aperitivos gratuitos à noite, incluindo morangos cobertos com chocolate que eram incríveis.",positive,am_thuc
32973,Eu definitivamente ficaria aqui novamente pela conveniência de sair do elevador para o meu próximo voo.,positive,vi_tri
32973,Eu definitivamente ficaria aqui novamente pela conveniência de sair do elevador para o meu próximo voo.,positive,tong_the
32974,Fica em uma boa localização e perto de muitas lojas e restaurantes.,positive,vi_tri
32975,Minha casa favorita longe de casa. Fiquei várias vezes no charmoso Seven Bridges Hotel e posso recomendá-lo a qualquer um que goste de experimentar uma antiga casa de canal de Amsterdã.,positive,de_xuat
32976,Eu definitivamente ficaria lá novamente.,positive,tong_the
32977,"Eu tinha um voo muito tarde saindo de Seattle no dia em que parti, e me permitiram ficar mais tempo no meu quarto sem custo extra.",positive,dich_vu
32978,"Hotel Globus, perto da estação de trem é perfeito.",positive,vi_tri
32979,"Quarto era espaçoso e limpo, equipe foi muito prestativa e amigável.",positive,chat_luong_phong
32979,"Quarto era espaçoso e limpo, equipe foi muito prestativa e amigável.",positive,ve_sinh
32979,"Quarto era espaçoso e limpo, equipe foi muito prestativa e amigável.",positive,dich_vu
32980,A área do cais tem muitos restaurantes e coisas para ver.,positive,vi_tri
32981,"Situado na Plazza Della Republica, com vistas maravilhosas, este é um lindo hotel com ótimos quartos, ótimos restaurantes e alguns dos funcionários mais bem treinados que já conhecemos. O serviço foi inigualável e o gerente deve estar orgulhoso de si mesmo.",positive,vi_tri
32981,"Situado na Plazza Della Republica, com vistas maravilhosas, este é um lindo hotel com ótimos quartos, ótimos restaurantes e alguns dos funcionários mais bem treinados que já conhecemos. O serviço foi inigualável e o gerente deve estar orgulhoso de si mesmo.",positive,tong_the
32981,"Situado na Plazza Della Republica, com vistas maravilhosas, este é um lindo hotel com ótimos quartos, ótimos restaurantes e alguns dos funcionários mais bem treinados que já conhecemos. O serviço foi inigualável e o gerente deve estar orgulhoso de si mesmo.",positive,chat_luong_phong
32981,"Situado na Plazza Della Republica, com vistas maravilhosas, este é um lindo hotel com ótimos quartos, ótimos restaurantes e alguns dos funcionários mais bem treinados que já conhecemos. O serviço foi inigualável e o gerente deve estar orgulhoso de si mesmo.",positive,dich_vu
32982,Recomendar este Hotel Acabei de voltar de uma estadia de 3 noites neste hotel,positive,de_xuat
32983,"Nosso quarto tinha uma ótima vista da ponte Golden Gate, o que era bom.",positive,chat_luong_phong
32985,Adorei o quarto e com certeza voltaria novamente. . . . .,positive,chat_luong_phong
32986,"A localização foi ótima, ficaria aqui novamente.",positive,vi_tri
32986,"A localização foi ótima, ficaria aqui novamente.",positive,tong_the
32987,"Ficamos agradavelmente surpresos com nosso quarto, o teto alto tinha lindas vigas de madeira e o quarto era espaçoso.",positive,chat_luong_phong
32988,Muitas opções no café da manhã e ótimo serviço da equipe.,positive,dich_vu
32988,Muitas opções no café da manhã e ótimo serviço da equipe.,positive,am_thuc
32989,Este hotel com preços razoáveis hotel foi a surpresa da nossa viagem.,positive,gia_ca
32990,Muito bom café da manhã pelo valor - reserve com antecedência no site do hotel,positive,am_thuc
32991,"Localização é ótima; a meio quarteirão do Sena, no meio do caminho entre o Louvre e Notre Dame.",positive,vi_tri
32992,Realmente fantástico Este hotel tem uma excelente localização para visitar Londres e o metrô fica a uma curta caminhada na mesma rua.,positive,tong_the
32992,Realmente fantástico Este hotel tem uma excelente localização para visitar Londres e o metrô fica a uma curta caminhada na mesma rua.,positive,vi_tri
32994,Você pode ir a pé a todos os shows populares e nos sentimos seguros nas ruas.,positive,vi_tri
32995,O hotel tem uma boa localização e Sanjay nos deu uma excelente recomendação para jantar e foi muito prestativo durante todo o processo.,positive,vi_tri
32995,O hotel tem uma boa localização e Sanjay nos deu uma excelente recomendação para jantar e foi muito prestativo durante todo o processo.,positive,de_xuat
32997,O hotel equipe foi ótimo em dar recomendações de restaurantes que os moradores locais realmente frequentam.,positive,de_xuat
32998,Tudo superou as nossas expectativas.,positive,tong_the
32999,"Se você quer um ótimo custo-benefício, fique aqui.",positive,gia_ca
33001,"As camas são as mais confortáveis de todas, como um marshmallow enorme!",positive,chat_luong_phong
33003,Fizemos o check-in às 14h30 e o quarto não estava pronto.,negative,dich_vu
33004,Café da manhã foi medíocre com o serviço de buffet sendo administrado por um contratante externo!,negative,am_thuc
33005,Este motel sempre foi um favorito devido à sua localização perto da Folsom Street e da vida noturna - mas está ainda melhor agora que recebeu uma classificação AAA - diamante e melhorou os quartos.,positive,vi_tri
33005,Este motel sempre foi um favorito devido à sua localização perto da Folsom Street e da vida noturna - mas está ainda melhor agora que recebeu uma classificação AAA - diamante e melhorou os quartos.,positive,chat_luong_phong
33006,Agradável hotel - bom localização,positive,tong_the
33006,Agradável hotel - bom localização,positive,vi_tri
33007,"Se eu e meu marido voltarmos, ficaremos no Cartwright novamente! !",positive,tong_the
33008,Ótimo achado - família hotel no coração da cidade de Nova York. Encontrei este hotel por acidente e que achado...,positive,tong_the
33008,Ótimo achado - família hotel no coração da cidade de Nova York. Encontrei este hotel por acidente e que achado...,positive,vi_tri
33009,Boa escolha para negócios ou lazer,positive,tong_the
33010,"O Perak não é como as grandes redes de hotéis, mas tem um ótimo custo-benefício em Cingapura.",positive,gia_ca
33011,"A localização é boa para as atrações do centro da cidade e também tem boas conexões de ônibus e metrô para SoHo, Greenwich Village, etc.",positive,vi_tri
33012,Fiquei 3 noites e não tive problemas.,positive,tong_the
33013,"Se você usar o chuveiro, esteja ciente de que poderá se queimar, pois o sistema de válvula é obsoleto e não é bem conservado.",negative,chat_luong_phong
33014,"Meu marido me levou para Nova York como presente de Natal, nem preciso dizer que fiquei encantada com a cidade e o hotel.",positive,tong_the
33015,"A área fica perto do centro da cidade, que fica perto de tudo.",positive,vi_tri
33016,Ótimo Estadia Tive uma ótima estadia.,positive,tong_the
33017,Metrô próximo também.,positive,vi_tri
33018,O café da manhã era variado e saboroso.,positive,am_thuc
33019,"Fora isso, só tenho elogios para este hotel muito confortável!",positive,khong_gian
33020,"Não tem banheira de hidromassagem, pensei que tinha",negative,chat_luong_phong
33021,"Os quartos são pequenos, mas limpos.",negative,chat_luong_phong
33021,"Os quartos são pequenos, mas limpos.",positive,ve_sinh
33022,"Você vê o oceano de todos os quartos, o mordomo foi ótimo e, embora a equipe não fosse a mais eficiente do mundo, seus esforços e gentileza compensam.",positive,chat_luong_phong
33022,"Você vê o oceano de todos os quartos, o mordomo foi ótimo e, embora a equipe não fosse a mais eficiente do mundo, seus esforços e gentileza compensam.",neutral,dich_vu
33022,"Você vê o oceano de todos os quartos, o mordomo foi ótimo e, embora a equipe não fosse a mais eficiente do mundo, seus esforços e gentileza compensam.",positive,dich_vu
33023,"Acreditamos que eles atendem ao mercado gay, embora isso não nos incomode nem um pouco, achamos a pornografia gay explícita deixada nas áreas comuns ofensiva e deu ao hotel um elemento decadente.",negative,tong_the
33024,Os funcionários odeiam os americanos!,negative,dich_vu
33025,"Embora o quarto  fosse um pouco pequeno/apertado, ele foi muito bem reformado, com uma vista absolutamente incrível da praia.",negative,chat_luong_phong
33025,"Embora o quarto  fosse um pouco pequeno/apertado, ele foi muito bem reformado, com uma vista absolutamente incrível da praia.",positive,tong_the
33026,"Embora não seja barato, vale a pena uma visita.",positive,gia_ca
33027,Não tenho reclamações e recomendo fortemente o Boston Park Plaza.,positive,de_xuat
33028,"Pobre localização, arrogante equipe e um restaurante que mais parecia uma cafeteria militar do que um restaurante de hotel, tudo isso contribuiu para uma experiência de hotel claramente inesquecível.",negative,vi_tri
33028,"Pobre localização, arrogante equipe e um restaurante que mais parecia uma cafeteria militar do que um restaurante de hotel, tudo isso contribuiu para uma experiência de hotel claramente inesquecível.",negative,dich_vu
33029,Ficaria novamente apenas se estivesse preso.,negative,tong_the
33030,"Eles me ajudaram a encontrar outro hotel para a noite (muitos hotéis estavam lotados naquela noite), mas acho que não reservarei este hotel novamente nas minhas próximas estadias em Barcelona.",positive,dich_vu
33030,"Eles me ajudaram a encontrar outro hotel para a noite (muitos hotéis estavam lotados naquela noite), mas acho que não reservarei este hotel novamente nas minhas próximas estadias em Barcelona.",negative,tong_the
33031,"Os funcionários foram rudes, rancorosos e fizeram de tudo para tornar minha estadia desagradável.",negative,dich_vu
33032,"Excelente localização a uma curta distância da estação de trem e do estacionamento do hotel (preço diário razoável de US$ 13,00).",positive,vi_tri
33033,"Localização Em termos de localização, o hotel tem muitos cafés e restaurantes nas proximidades, bem como algumas excelentes confeitarias.",positive,vi_tri
33034,Fantástico Nossa empresa utilizou o Hotel Michelangelo para uma reunião de negócios com 16 participantes.,positive,tong_the
33035,Pretendo ficar aqui novamente nas minhas viagens de volta a Nova York.,positive,tong_the
33036,"Os cafés da manhã são excelentes, com uma grande variedade de comida continental e inglesa.",positive,am_thuc
33037,"e será corrigido, o café da manhã foi maravilhoso com muitas opções.",positive,am_thuc
33038,não faça isso a menos que você tenha 2. não fique aqui a menos que seja necessário.,negative,tong_the
33039,"Muito bom hotel, com ótimas instalações, se necessário.",positive,tong_the
33040,Passamos duas noites aqui no último fim de semana e ele correspondeu a todas as avaliações positivas deste site.,positive,tong_the
33041,"Nós nos apaixonamos por Florença e também por este hotel que, para nós, encapsulou o coração desta bela cidade com sua elegância relaxante e espírito acolhedor.",positive,tong_the
33042,O quarto que nos foi atribuído originalmente foi atualizado (gratuitamente) devido a um mal-entendido sobre a cama disponível para a terceira pessoa que ficaria conosco.,positive,dich_vu
33043,"O hotel é pequeno, mas parecia novo para nós.",negative,khong_gian
33043,"O hotel é pequeno, mas parecia novo para nós.",positive,tong_the
33044,Acomodação muito acessível - recomendaria a qualquer um!,positive,gia_ca
33045,"Mas, no geral, foi uma ótima escapada para o Memorial Day.",positive,tong_the
33046,"Gostaríamos de visitá-lo novamente, assim que possível! Muito obrigado a toda a equipe!",positive,tong_the
33047,"Passamos um dia na praia no hotel afiliado deles, La Concha, que foi excelente.",positive,vi_tri
33048,Bom valor e localização Passei 3 noites (US$ 110 por noite) no Ilima em dezembro de 2005.,positive,gia_ca
33048,Bom valor e localização Passei 3 noites (US$ 110 por noite) no Ilima em dezembro de 2005.,positive,vi_tri
33049,"Os quartos eram lindos, com todas as comodidades.",positive,chat_luong_phong
33050,Meus amigos e eu passamos uma semana no Marriott em San Juan e adoramos! !,positive,tong_the
33051,"Hotel tem como tema o norte da África e funciona perfeitamente, os simpáticos e atenciosos equipe parecem realmente se importar com o seu bem-estar e você não se sente como se fosse um número corporativo.",positive,khong_gian
33051,"Hotel tem como tema o norte da África e funciona perfeitamente, os simpáticos e atenciosos equipe parecem realmente se importar com o seu bem-estar e você não se sente como se fosse um número corporativo.",positive,dich_vu
33052,Definitivamente ficarei lá novamente!,positive,tong_the
33053,"Boa experiência, bom preço e excelentes acomodações, embora o lounge serviço fosse horrível...",positive,khong_gian
33053,"Boa experiência, bom preço e excelentes acomodações, embora o lounge serviço fosse horrível...",positive,gia_ca
33053,"Boa experiência, bom preço e excelentes acomodações, embora o lounge serviço fosse horrível...",positive,tong_the
33053,"Boa experiência, bom preço e excelentes acomodações, embora o lounge serviço fosse horrível...",negative,dich_vu
33054,Velho e Pequeno,negative,khong_gian
33055,"Bem localizado no bairro Mitte (antiga Berlim Oriental), perto do metrô e das linhas de bonde.",positive,vi_tri
33071,Hotellet personal var artig.,positive,dich_vu
33119,Bora huduma kote .,positive,dich_vu
33129,Sevimli,positive,tong_the
33133,Sessiz de -,positive,chat_luong_phong
33138,Sadece korkunç,negative,tong_the
35419,Comida libanesa ¡Qué delicia!,positive,am_thuc
35548,Fue absolutamente increíble .,positive,nha_hang
35552,Demasiado caro,negative,gia_ca
35618,¡¡¡No recomendado!!!,negative,nha_hang
35793,Seguro que volveremos a este restaurante.,positive,nha_hang
36141,J'adore ça restaurant,positive,nha_hang
36235,Le plus frais sushi – J’adore ça restaurant.,positive,am_thuc
36235,Le plus frais sushi – J’adore ça restaurant.,positive,nha_hang
36352,"Tout ce que j'ai eu ici est bon, salades de tacos, burritos, enchiladas, j'adore ça endroit.",positive,am_thuc
36352,"Tout ce que j'ai eu ici est bon, salades de tacos, burritos, enchiladas, j'adore ça endroit.",positive,nha_hang
36368,– Je recommande vivement Mioposto .,positive,nha_hang
36427,j'adore ça endroit !,positive,nha_hang
36455,Sladak,positive,am_thuc
36467,Tua Dapat Diandalkan,positive,nha_hang
36522,"Esperei de 10 a 15 minutos para serviço, pedi uma cerveja e nunca mais fui atendido.",negative,dich_vu
36523,O ambiente era um intervalo tranquilo e relaxante entre todas as crianças correndo pelo Downtown Disney.,positive,khong_gian
36525,Fui lá com um amigo de fora da cidade... e nós dois ficamos muito impressionados!,positive,nha_hang
36526,É ótimo sushi e ainda melhor serviço.,positive,am_thuc
36526,É ótimo sushi e ainda melhor serviço.,positive,dich_vu
36527,"Todos os seus itens do menu são um sucesso, e eles servem mimosas.",positive,am_thuc
36528,– ... e a melhor experiência de verão deck -- eles até trazem um cobertor para você se sentir frio no clima noturno de Seattle.,positive,khong_gian
36528,– ... e a melhor experiência de verão deck -- eles até trazem um cobertor para você se sentir frio no clima noturno de Seattle.,positive,dich_vu
36530,Acho que já experimentei cada item do menu  pelo menos uma vez e todos são excelentes.,positive,am_thuc
36531,– O pepperoni é cortado bem grosso -- Delicioso.,positive,am_thuc
36532,Creme brulee de chá verde fica melhor cada vez que tomo.,positive,am_thuc
36533,não é tão bom que você se sinta desconfortável e tenha que se vestir bem.,positive,khong_gian
36534,Atmosfera era agradável.,positive,khong_gian
36536,EVITE O LUGAR,negative,nha_hang
36537,"Para ser sincero, já comi pizza congelada melhor pizza.",negative,am_thuc
36538,O serviço foi excepcional - às vezes tínhamos a sensação de que estávamos sendo servidos por um exército de garçons amigáveis.,positive,dich_vu
36539,E eles embalaram tudo muito bem para não derramar.,positive,dich_vu
36541,O alimento é pecaminoso.,positive,am_thuc
36542,"Para começar, aproximadamente 8-10 oz de suco de laranja custarão US$ 3.",negative,gia_ca
36543,bom seleção de saquê.,positive,am_thuc
36544,"Embora eu pudesse ter passado sem os jovens que compartilharam a noite conosco, nossos maravilhosos garçom e comida tornaram a experiência muito positiva.",positive,dich_vu
36544,"Embora eu pudesse ter passado sem os jovens que compartilharam a noite conosco, nossos maravilhosos garçom e comida tornaram a experiência muito positiva.",positive,am_thuc
36544,"Embora eu pudesse ter passado sem os jovens que compartilharam a noite conosco, nossos maravilhosos garçom e comida tornaram a experiência muito positiva.",positive,nha_hang
36545,Que achado!,positive,nha_hang
36546,– O Mioposto tem um menu pizza muito criativo e delicioso.,positive,am_thuc
36547,"Em uma viagem recente, nosso garçom foi extremamente indiferente, enquanto nada menos que três funcionários esperavam de braços e mãos por duas garotas japonesas sentadas nas proximidades.",negative,dich_vu
36548,"Eu normalmente não terminaria o brócolis quando peço esse tipo de comida, mas pela primeira vez, cada pedaço foi tão marcante quanto o primeiro... o vieiras e o camarões estavam tão frescos e bem cozidos.",positive,am_thuc
36549,"Não é o mais barato sushi, mas valeu a pena todas as vezes.",neutral,gia_ca
36549,"Não é o mais barato sushi, mas valeu a pena todas as vezes.",positive,am_thuc
36550,Você nunca se sente enjoado ou empanturrado depois de comer lá.,positive,am_thuc
36551,"Como fazíamos parte de um pequeno grupo de quatro pessoas, nossa comida foi deixada sem comentários;",negative,dich_vu
36552,Espero que um dia Scooner ou mais tarde volte a ser o que era antes.,negative,nha_hang
36553,"Primeiro, a comida chegou rápido e tudo junto : ) Eu gosto disso... odeio a pretensão de coisas chegando uma depois da outra.",positive,dich_vu
36554,A comida estava ótima!,positive,am_thuc
36555,"Se houver uma fila todos os dias da semana durante todo o tempo em que um lugar estiver aberto, você saberá que é ótimo.",positive,nha_hang
36556,A surpresa mais agradável foi o cheque que não superou minhas expectativas como sempre acontece na maioria dos lugares.,positive,gia_ca
36557,"Na melhor das hipóteses, a comida era boa e definitivamente cara.",positive,am_thuc
36557,"Na melhor das hipóteses, a comida era boa e definitivamente cara.",negative,gia_ca
36558,A área do pátio externo tem um menu abreviado .,neutral,am_thuc
36559,Melhor comida indiana em Los Angeles.,positive,am_thuc
36560,Vamos direto ao ponto: isso é incrível!,positive,nha_hang
36561,"A comida não é mais o que era antes (poções foram seriamente reduzidas), os preços aumentaram e o serviço é o pior que já experimentei em qualquer lugar (incluindo a Europa continental).",negative,am_thuc
36561,"A comida não é mais o que era antes (poções foram seriamente reduzidas), os preços aumentaram e o serviço é o pior que já experimentei em qualquer lugar (incluindo a Europa continental).",negative,dich_vu
36561,"A comida não é mais o que era antes (poções foram seriamente reduzidas), os preços aumentaram e o serviço é o pior que já experimentei em qualquer lugar (incluindo a Europa continental).",negative,gia_ca
36563,os brócolis estavam tão frescos e saborosos.,positive,am_thuc
36564,E eles dão uma boa quantidade pelo preço.,positive,am_thuc
36566,O MELHOR de Seattle Lista de vinhos,positive,am_thuc
36567,– Não posso dizer o suficiente sobre este lugar.,positive,nha_hang
36568,– Eu como neste lugar há mais de 8 anos e nunca comi uma refeição ruim.,positive,am_thuc
36569,"Fui para casa e pesquisei online novamente, onde descobri que havia um link para um brinde que não funciona, então enviei um e-mail para o restaurante sobre o serviço inexistente e o link enganoso.",negative,nha_hang
36570,Pedaços extravagantes de peixe exótico em um prato de US$ 100 prato e NENHUM estava comestível.,negative,gia_ca
36570,Pedaços extravagantes de peixe exótico em um prato de US$ 100 prato e NENHUM estava comestível.,negative,am_thuc
36571,"Eu comi gostoso korma de cordeiro, saag paneer, chamuças, naan, etc.",positive,am_thuc
36572,Serve muito bem sushi.,positive,am_thuc
36573,"Como de costume, o omikase não decepcionou em frescor, embora tenha obtido pontuação baixa em criatividade e seleção.",positive,am_thuc
36573,"Como de costume, o omikase não decepcionou em frescor, embora tenha obtido pontuação baixa em criatividade e seleção.",negative,am_thuc
36574,"Arroz estava muito seco, atum também não estava tão fresco.",negative,am_thuc
36576,Deixe espaço para as deliciosas sobremesas.,positive,am_thuc
36577,Nosso servidor foi muito profissional e amigável.,positive,dich_vu
36578,Fui lá por recomendação e certamente voltarei mais vezes.,positive,nha_hang
36579,"A comida era boa, mas era muito suave.",positive,am_thuc
36579,"A comida era boa, mas era muito suave.",negative,am_thuc
36580,– Meu marido e eu adoramos comer no Mioposto Café.,positive,nha_hang
36581,– Foi uma ótima experiência gastronômica.,positive,nha_hang
36582,A equipe foi muito simpática.,positive,dich_vu
36583,Gastamos facilmente mais de US$ 40 por pessoa (sem incluir álcool) e ainda estávamos com fome.,negative,gia_ca
36583,Gastamos facilmente mais de US$ 40 por pessoa (sem incluir álcool) e ainda estávamos com fome.,negative,am_thuc
36584,Este lugar está no mesmo nível de outros lugares em Tóquio no que diz respeito ao frescor.,positive,am_thuc
36585,"Depois que um membro do nosso grupo foi esbarrado várias vezes por uma garçonete, um pedido educado para que ele não fosse esbarrado fez com que a garçonete começasse um discurso abusivo.",negative,dich_vu
36586,– O Ray's (surpreendentemente) tem o MELHOR e mais diversificado da cidade carta de vinhos.,positive,am_thuc
36587,Eu provavelmente não voltaria porque não sei se vale a pena.,negative,nha_hang
36588,batatas fritas e molho são muito gostosos e os preços são fabulosos.,positive,am_thuc
36588,batatas fritas e molho são muito gostosos e os preços são fabulosos.,positive,gia_ca
36589,"O sommelier é fantástico, realista e extremamente conhecedor.",positive,dich_vu
36590,grande e grosso calabresa,positive,am_thuc
36591,Não vale a pena ir lá e gastar seu dinheiro!!!,negative,nha_hang
36594,NÃO VÁ!,negative,nha_hang
36595,"Até que isso aconteça, meu conselho é FICAR LONGE.",negative,nha_hang
36596,"Ah, esqueci de mencionar que eles não têm serviço de pão.",negative,dich_vu
36597,Eles não são gordurosos nem nada.,positive,am_thuc
36598,"A música é ótima, nenhuma noite é melhor ou pior, os bartenders são generosos com o serviço, e a atmosfera alegre vai levantar seu ânimo.",positive,khong_gian
36598,"A música é ótima, nenhuma noite é melhor ou pior, os bartenders são generosos com o serviço, e a atmosfera alegre vai levantar seu ânimo.",positive,am_thuc
36599,"Agradável ambiente, mas superestimado lugar.",positive,khong_gian
36599,"Agradável ambiente, mas superestimado lugar.",negative,nha_hang
36601,"Os jantares sempre foram excelentes, em termos de qualidade da comida.",positive,am_thuc
36602,Os aplicativos deles são todos deliciosos.,positive,am_thuc
36603,Blue Ribbon faz jus à sua fantástica reputação.,positive,nha_hang
36604,Eu me senti estranho e na próxima vez fui ao banheiro do cassino.,negative,nha_hang
36605,– Decidi comer no Stack por causa do jantar pré-show com preço fixo.,neutral,gia_ca
36606,"– Levei meus pais aqui para o aniversário deles - fiquei muito, muito decepcionado!!!",negative,nha_hang
36607,Imbatível sushi!,positive,am_thuc
36608,"Para começar, nossa simpática garçonete Brooke rapidamente apareceu para anotar meu pedido de bebida.",positive,dich_vu
36609,"Toda vez que `` 0-sessenta e nove `` é chamado, o barman paga bebidas para todos!",positive,dich_vu
36610,"Diversão sem fim, incrível música, ótimo equipe ! ! !",positive,khong_gian
36610,"Diversão sem fim, incrível música, ótimo equipe ! ! !",positive,dich_vu
36610,"Diversão sem fim, incrível música, ótimo equipe ! ! !",positive,nha_hang
36611,Feira seleção de menu.,neutral,am_thuc
36612,Duas crianças travessas estavam sentadas perto de nós na primeira parte do jantar... elas foram substituídas por uma pré-adolescente encantadora que fingia engasgar toda vez que frutos do mar eram mencionados em sua mesa.,negative,nha_hang
36613,"Rejeitei porque, ao tentar consertar os ovos, eles quebraram outra coisa no prato e eu estava frustrado demais para continuar.",negative,am_thuc
36614,"tinha muitos pratos, mas o MELHOR foi o lagosta de 3 maneiras.",positive,am_thuc
36615,"O aperitivo era interessante, mas o Creme Brulee era muito saboroso e delicioso.",positive,am_thuc
36616,A decoração era linda e única.,positive,khong_gian
36617,"É fresco, acolhedor, delicioso e relaxante.",positive,am_thuc
36617,"É fresco, acolhedor, delicioso e relaxante.",positive,khong_gian
36619,"Até o grão-de-bico, que normalmente acho muito seco, estava bom.",positive,am_thuc
36621,"Esse é um grande elogio, especialmente no inconstante ramo de restaurantes... já chega!",positive,nha_hang
36622,"Depois de ficar sentado ali com meu copo vazio por mais de 20 minutos, fui embora.",negative,dich_vu
36623,Não deixe de experimentar o rolinho de ostra.,positive,am_thuc
36624,Estou surpreso que este restaurante seja categorizado como $ $ $ em vez de $ $ $ $.,negative,gia_ca
36625,"Foi decente, mas nada excepcional.",neutral,am_thuc
36626,"O serviço foi meio lento, nossa garçonete demorou uma eternidade para nos dar a conta, embora não estivesse tão cheio.",negative,dich_vu
36628,O menu de almoço é uma oferta incrível!,positive,gia_ca
36629,"Demorou uma eternidade para receber nosso pedido, pedir mais água era demais e a única vez que ela foi rápida foi quando pedimos nossa conta, quando conseguimos sua atenção.",negative,dich_vu
36630,O garçom foi um pouco antipático e a sensação do restaurante estava lotada.,negative,dich_vu
36630,O garçom foi um pouco antipático e a sensação do restaurante estava lotada.,negative,khong_gian
36631,"– Recentemente tive o prazer de jantar neste delicioso restaurante na 2nd street e, nossa, que noite maravilhosa tivemos.",positive,nha_hang
36632,"A especialidade aqui é decadente panquecas, mas já voltei quatro vezes e fiquei impressionado todas as vezes.",positive,am_thuc
36633,– Bem barato para um restaurante mexicano e para o centro da cidade.,positive,gia_ca
36633,– Bem barato para um restaurante mexicano e para o centro da cidade.,positive,vi_tri
36634,"O aperitivo de ostras, lagosta, caranguejo (tamanho pequeno) foi um prato principal perfeito para minha esposa.",positive,am_thuc
36635,Acabei de descobrir que você pode ter o lugar só para você à noite e nos fins de semana para uma festa privada. Mal posso esperar para comemorar meu próximo aniversário lá.,positive,nha_hang
36636,"– Como a maioria dos restaurantes em Seattle, o serviço do Mioposto era ruim e a comida era cara.",negative,dich_vu
36636,"– Como a maioria dos restaurantes em Seattle, o serviço do Mioposto era ruim e a comida era cara.",negative,gia_ca
36637,"Você pode ouvi-lo facilmente, então foi um som agradável e não insuportável.",positive,khong_gian
36638,Basta ir lá e ver com seus próprios olhos.,positive,nha_hang
36639,É um ótimo lugarzinho com muito potencial para ser um lugar de bairro se o serviço não fosse tão impessoal e corporativo.,positive,nha_hang
36639,É um ótimo lugarzinho com muito potencial para ser um lugar de bairro se o serviço não fosse tão impessoal e corporativo.,negative,dich_vu
36640,"O brunch no Murphy's é de morrer, minha especialidade... omelete de clara de ovo, a comida é sempre preparada na hora.",positive,am_thuc
36641,Mama Mia – Moro no bairro e me sinto sortuda por morar perto de uma pizzaria tão boa.,positive,nha_hang
36642,– escondido perto do Beverly Center.,neutral,vi_tri
36643,A equipe é muito amigável.,positive,dich_vu
36644,E o serviço foi simplesmente esplêndido - uma delícia.,positive,dich_vu
36645,Ok... – Talvez eu tenha entrado no dia ruim de alguém...,negative,nha_hang
36646,"Já comi água-viva, carapau, atum rabilho e rolinho de saquê Ikura, entre outros, e todos estavam bons.",positive,am_thuc
36649,Fiquei com a boca muito seca depois e fiquei com aquele gosto característico de glutamato monossódico na garganta depois que saí do restaurante.,negative,am_thuc
36650,Ah sim... a vista também era boa.,positive,vi_tri
36651,"A gerente interrompia continuamente com ``Há mais alguma coisa que eu possa fazer por você? ``, um comentário estranho porque ela mal tinha escutado, muito menos respondido, à nossa expressão de decepção com a experiência.",negative,dich_vu
36652,O serviço varia de medíocre a ofensivo.,negative,dich_vu
36653,Fresco ingredientes e super saboroso.,positive,am_thuc
36654,o ambiente do restaurante era agradável e bom para um jantar requintado.,positive,khong_gian
36655,E o lá em cima é um ótimo lugar para ficar.,positive,khong_gian
36657,Eu comi o prato Kafta e estava perfeito.,positive,am_thuc
36658,– Este lugar é famoso pelo seu café da manhã.,positive,am_thuc
36659,"Esperei 35 minutos por uma mesa para 8 pessoas, o que foi bom para uma multidão tão grande.",neutral,dich_vu
36660,Toda a equipe  foi extremamente prestativa e atendeu a todas as minhas necessidades.,positive,dich_vu
36661,"O lugar tinha uma vibração muito boa... boa música, atmosfera e parecia feliz pessoas.",positive,khong_gian
36661,"O lugar tinha uma vibração muito boa... boa música, atmosfera e parecia feliz pessoas.",positive,nha_hang
36662,"Experimente o Escolha do Chef para sushi, pois o olho de boi defumado era incrível e os rolinhos também eram saborosos.",positive,am_thuc
36663,"O sushi é tão fresco quanto parece? Você pensaria que o oceano estava no quintal deles, não é brincadeira!",positive,am_thuc
36664,"comida estava bom, com um pouco mais de sabor do que o normal salsa.",positive,am_thuc
36665,"Para os apreciadores de sushi exigentes e aqueles que já experimentaram o melhor que Nova York tem a oferecer, o peixe é o mais fresco e o serviço é excelente.",positive,am_thuc
36665,"Para os apreciadores de sushi exigentes e aqueles que já experimentaram o melhor que Nova York tem a oferecer, o peixe é o mais fresco e o serviço é excelente.",positive,dich_vu
36666,Velho confiável,positive,nha_hang
36667,Um dos melhores Sushi place da cidade.,positive,nha_hang
36668,"Comida Em termos de comida, é bom, mas um pouco caro para o que você recebe, considerando que o restaurante não é um lugar chique.",neutral,am_thuc
36668,"Comida Em termos de comida, é bom, mas um pouco caro para o que você recebe, considerando que o restaurante não é um lugar chique.",negative,gia_ca
36668,"Comida Em termos de comida, é bom, mas um pouco caro para o que você recebe, considerando que o restaurante não é um lugar chique.",neutral,khong_gian
36670,Eles vieram em uma caixa própria e prática para viagem e com cobertura caseira; muito leves e não muito doces.,positive,am_thuc
36671,Gostei da comida,positive,am_thuc
36672,Já fui a este restaurante mais de uma dúzia de vezes e não tenho nenhuma reclamação até agora.,positive,nha_hang
36673,"Prefiro pedir e retirar porque não gosto dos garçons, um moça em particular.",negative,dich_vu
36674,achado incrível,positive,nha_hang
36675,"Não era o mais fresco frutos do mar de todos, mas o sabor e a apresentação estavam bons.",neutral,am_thuc
36676,"Entretanto, tanto o valor quanto serviço são severamente deficientes.",negative,dich_vu
36676,"Entretanto, tanto o valor quanto serviço são severamente deficientes.",negative,gia_ca
36677,Em Grammercy/Union Square/East Village este é o meu vizinho e o meu local preferido.,positive,nha_hang
36678,"O acompanhamento de batatas é de morrer, assim como o labne (molho de iogurte).",positive,am_thuc
36679,Que delícia saborosa e folhada!,positive,am_thuc
36680,"Ótimo comida, melhor Margaritas!",positive,am_thuc
36681,O serviço é realmente atencioso e charmoso.,positive,dich_vu
36682,O mais importante é que ficamos muito animados com a comida depois de ver o menu  muito criativo.,positive,am_thuc
36684,O melhor é que os preços também são bastante razoáveis.,positive,gia_ca
36685,"Ela prometeu falar com a garçonete que tinha ido embora furiosa, mas não conseguimos levar sua promessa a sério, já que ela não se preocupou em anotar o nome da garçonete.",negative,dich_vu
36686,O chana masala (grão-de-bico) também é excelente.,positive,am_thuc
36687,"Este estabelecimento realmente sofreu um declínio acentuado após (e esta é uma história recorrente) a exibição do programa FOOD TELEVISIONS `` DINERS , DRIVE-INS , AND DIVES `` apresentado por Guy Fieri , no qual Schooner or Later foi tema de .",negative,nha_hang
36688,Eu adoro caranguejos Dungeness e no Ray's você pode comê-los servidos de cerca de 6 maneiras diferentes!,positive,am_thuc
36689,A comida era boa e apetitosa.,positive,am_thuc
36690,Foi absolutamente incrível.,positive,nha_hang
36691,Este é um ótimo lugar para saborear uma deliciosa refeição.,positive,am_thuc
36692,"além disso, sou alérgico a arroz, e os garçons foram incrivelmente prestativos -- nem piscaram!",positive,dich_vu
36693,– Fiquei muito decepcionado com a comida no Pagoda.,negative,am_thuc
36694,Caro demais,negative,gia_ca
36695,Isso é triste para o que já foi um dos melhores lugares onde você poderia comer.,negative,nha_hang
36696,"Uma vez lá dentro, a verdadeira experiência começa.",positive,nha_hang
36697,e o garçom sugeriu um perfeito saquê ! !,positive,am_thuc
36698,O proprietário é beligerante com os hóspedes que têm alguma reclamação.,negative,dich_vu
36699,"Tudo o que você quer e muito mais, muito fresco.",positive,am_thuc
36700,Meu amigo gostou do salmão grelhado do Alasca com um delicioso batatas russet cremosas de Washington e crocante feijão verde.,positive,am_thuc
36701,"A comida era muito boa, filé mignon foi provavelmente o melhor que já experimentei.",positive,am_thuc
36702,"– O restaurante Mercedes é tão saboroso, o serviço é inegavelmente incrível!",positive,dich_vu
36702,"– O restaurante Mercedes é tão saboroso, o serviço é inegavelmente incrível!",positive,am_thuc
36703,Posso recomendar fortemente seus vários saag e paneer e korma.,positive,am_thuc
36704,A comida é ótima e eles fazem um bloody mary incrível.,positive,am_thuc
36705,"Legal comida, mas sem tempero!",positive,am_thuc
36705,"Legal comida, mas sem tempero!",negative,am_thuc
36706,"Outra vantagem é a sensação de espaço aberto  do restaurante, com paredes de vidro em todos os lados.",positive,khong_gian
36708,"O banheiro em si é muito pequeno, com dois vasos sanitários e apenas uma pia, a menina ficava totalmente no caminho pendurando toalhas de papel no dispensador.",negative,nha_hang
36709,Adorei as enchiladas e canja de galinha - e não deixe de conferir as especiais.,positive,am_thuc
36710,A comida é simplesmente inesquecível!,positive,am_thuc
36711,A gerência realmente deveria prestar atenção e treinar seus garçons e ensinar-lhes algumas boas maneiras.,negative,dich_vu
36712,Os funcionários são simpáticos e a decoração é ética e colorida.,positive,dich_vu
36712,Os funcionários são simpáticos e a decoração é ética e colorida.,positive,khong_gian
36713,O melhor Chuwam Mushi que já comi.,positive,am_thuc
36714,"Porções foi o suficiente para mim, mas pode não ser para alguém que come muito.",neutral,am_thuc
36716,Ainda assim eu recomendaria este lugar.,positive,nha_hang
36717,"– O sushi aqui é perfeitamente bom, mas por US$ 5 cada, ou as fatias de peixe deveriam ser maiores, ou não deveria haver pretensão de que este é um restaurante com preços moderados (mesmo para Nova York).",positive,am_thuc
36717,"– O sushi aqui é perfeitamente bom, mas por US$ 5 cada, ou as fatias de peixe deveriam ser maiores, ou não deveria haver pretensão de que este é um restaurante com preços moderados (mesmo para Nova York).",negative,gia_ca
36717,"– O sushi aqui é perfeitamente bom, mas por US$ 5 cada, ou as fatias de peixe deveriam ser maiores, ou não deveria haver pretensão de que este é um restaurante com preços moderados (mesmo para Nova York).",negative,am_thuc
36718,Você certamente terá um momento muito encantador.,positive,nha_hang
36719,"Desde então, voltamos e também tivemos uma ótima experiência, experimentando mais pratos pequenos e uma variedade de cerveja (gelada e boa).",positive,am_thuc
36719,"Desde então, voltamos e também tivemos uma ótima experiência, experimentando mais pratos pequenos e uma variedade de cerveja (gelada e boa).",positive,nha_hang
36720,Melhor Sushi da cidade.,positive,am_thuc
36721,a equipe foi muito simpática e cortês e obviamente chinesa.,positive,dich_vu
36722,"Pedimos uma seleção de pratos pequenos, e cebolas em tiras, pizza de queijo de cabra, aspargos grelhados e brie frito com frutas estavam todos muito bons.",positive,am_thuc
36723,Bom trabalho!,positive,nha_hang
36724,"Porém, uma coisa que percebi mais tarde foi que o restaurante usava MSG ou um amaciante de carne no bife.",negative,am_thuc
36725,Ótimo seleção de saquês.,positive,am_thuc
36726,Parabéns a esses caras.,positive,nha_hang
36727,"A menos que você esteja apenas para tomar algumas bebidas, eu não recomendo ir lá.",negative,nha_hang
36728,Ótimo garrafa de vinho.,positive,am_thuc
36729,O prato combinado abra-se o gergelim é uma pechincha pela quantidade de comida oferecida.,positive,gia_ca
36729,O prato combinado abra-se o gergelim é uma pechincha pela quantidade de comida oferecida.,positive,am_thuc
36731,Valeu a pena esperar,positive,nha_hang
36732,Não existe nada melhor que isso.,positive,nha_hang
36733,melhor camarão com mel que já provamos.,positive,am_thuc
36734,Eles foram apresentados no Food Network e merecem.,positive,nha_hang
36735,Adoro o ambiente quente e aconchegante .,positive,khong_gian
36737,"A atmosfera é inspiradora, e a decoração é festiva e surpreendente...",positive,khong_gian
36738,"Os rolinhos especiais deles são impressionantes, embora eu não consiga lembrar o que comemos.",positive,am_thuc
36739,– Adorei o ravióli de abóbora e o nhoque de queijo de cabra (5 grandes em um prato em vez de 20 ou mais nhoques pequenos) e minha irmã adorou filé mignon sobre espinafre e purê de batatas.,positive,am_thuc
36740,"Não é o maior porções, mas é adequado.",neutral,am_thuc
36741,"Vá com alguns amigos, espere cerca de meia hora com uma xícara de café e aproveite mais do que a média café da manhã.",positive,am_thuc
36741,"Vá com alguns amigos, espere cerca de meia hora com uma xícara de café e aproveite mais do que a média café da manhã.",positive,nha_hang
36742,ótimo serviço.,positive,dich_vu
36743,"Depois, fomos cobrados pelo saquê mais caro (US$ 20 ou mais por porção), quando na verdade bebemos um saquê que custou menos da metade desse preço.",negative,dich_vu
36745,frango ao curry e frango tikka masala são meus pratos de carne favoritos.,positive,am_thuc
36746,"melhor restaurante do mundo, ótimo decoração, ótimo atendimento ao cliente, amigável gerente",positive,nha_hang
36746,"melhor restaurante do mundo, ótimo decoração, ótimo atendimento ao cliente, amigável gerente",positive,khong_gian
36746,"melhor restaurante do mundo, ótimo decoração, ótimo atendimento ao cliente, amigável gerente",positive,dich_vu
36747,As bebidas eram boas.,positive,am_thuc
36748,"A apresentação da comida foi um bônus adicional, a aparência era tão boa quanto o sabor!",positive,am_thuc
36749,"Mesmo assim, o pedido não estava correto e ainda ficamos esperando alguns itens.",negative,dich_vu
36750,– Fomos tratados de forma muito rude aqui uma vez no café da manhã.,negative,dich_vu
36751,"Ótimo comida, espetacular localização e amigável serviço nos fazem voltar ano após ano.",positive,am_thuc
36751,"Ótimo comida, espetacular localização e amigável serviço nos fazem voltar ano após ano.",positive,vi_tri
36751,"Ótimo comida, espetacular localização e amigável serviço nos fazem voltar ano após ano.",positive,dich_vu
36753,– Evite perda de tempo e NÃO visite.,negative,nha_hang
36754,A comida era boa e barata.,positive,am_thuc
36754,A comida era boa e barata.,positive,gia_ca
36756,É ótimo se você passou o dia lá e não quis dirigir para comer.,positive,vi_tri
36757,Ótimo custo-benefício sushi com alta qualidade e bom ambiente.,positive,gia_ca
36757,Ótimo custo-benefício sushi com alta qualidade e bom ambiente.,positive,am_thuc
36757,Ótimo custo-benefício sushi com alta qualidade e bom ambiente.,positive,khong_gian
36758,"Era tanta coisa que mal consegui terminar, mas terminei, porque estava uma delícia.",neutral,am_thuc
36758,"Era tanta coisa que mal consegui terminar, mas terminei, porque estava uma delícia.",positive,am_thuc
36759,Eu amo isso restaurante,positive,nha_hang
36760,Não recomendado ! ! !,negative,nha_hang
36761,Ficamos ali por 10 minutos enquanto funcionários andavam de um lado para o outro nos ignorando.,negative,dich_vu
36762,"Minha namorada e eu concordamos que comida era muito medíocre, especialmente considerando o preço.",negative,am_thuc
36762,"Minha namorada e eu concordamos que comida era muito medíocre, especialmente considerando o preço.",negative,gia_ca
36763,"– A comida aqui é incrível, embora a qualidade seja inconsistente durante almoço.",positive,am_thuc
36763,"– A comida aqui é incrível, embora a qualidade seja inconsistente durante almoço.",negative,am_thuc
36764,Não tenho nada de ruim a dizer sobre este lugar.,positive,nha_hang
36765,"o único problema é que você realmente tem que esquentar a pizza antes que ela fique comestível, mesmo quando você pede com antecedência.",negative,am_thuc
36766,– Este é o meu restaurante ``para levar convidados de fora da cidade'NULL' e eles sempre gostam e elogiam muito.,positive,nha_hang
36767,Eu comi o prato de kafta e gostei.,positive,am_thuc
36768,Estava claro que ele realmente não se importava.,negative,dich_vu
36769,A salada Caesar que pedi tinha tanto limão que não consegui comer.,negative,am_thuc
36770,"Bom Comida, Ótimo Serviço, Preços médios (para a Strip)",positive,am_thuc
36770,"Bom Comida, Ótimo Serviço, Preços médios (para a Strip)",positive,dich_vu
36770,"Bom Comida, Ótimo Serviço, Preços médios (para a Strip)",neutral,gia_ca
36771,18h de um sábado antes de uma peça da Broadway e fomos rapidamente acomodados e servidos.,positive,dich_vu
36772,"Eles prestam muita atenção em tudo, desde sopa de missô até o complexo pãezinhos.",positive,am_thuc
36775,"Em outras palavras, se eles não estão ganhando dinheiro com você, então você não tem uma classificação alta na escala 'serviço' deles.",negative,dich_vu
36776,– Gostei muito da minha refeição aqui.,positive,am_thuc
36777,"A música  tocada era muito descolada, pop dos anos 20-30  mas o  subwoofer do sistema de som estava localizado embaixo do meu assento, o que se tornou irritante no meio do jantar.",positive,khong_gian
36777,"A música  tocada era muito descolada, pop dos anos 20-30  mas o  subwoofer do sistema de som estava localizado embaixo do meu assento, o que se tornou irritante no meio do jantar.",negative,khong_gian
36779,"Como entrada, gostei muito das vieiras do Alasca grelhadas complementadas com acelga, corações de alcachofra, erva-doce e pecorino toscano.",positive,am_thuc
36780,"A decoração é rústica, tradicional japonesa.",neutral,khong_gian
36781,"Não só a seleção pode ser inovadora, mas também há um bom equilíbrio entre o tradicional sushi.",positive,am_thuc
36782,É provável que você fique desapontado.,negative,nha_hang
36783,"A comida é ótima, os bartenders fazem um esforço extra.",positive,am_thuc
36783,"A comida é ótima, os bartenders fazem um esforço extra.",positive,dich_vu
36784,O restaurante oferece uma extensa carta de vinhos e um ambiente que você não vai esquecer!,positive,am_thuc
36784,O restaurante oferece uma extensa carta de vinhos e um ambiente que você não vai esquecer!,positive,khong_gian
36785,"O naan foi um dos melhores que já comi e eu realmente gostei do bhartha, não muito tomate.",positive,am_thuc
36786,Aos donos do Open Sesame... Bravo... Mal posso esperar para voltar a jantar no seu restaurante!,positive,nha_hang
36787,"o peixe estava fresco, embora tenha sido cortado muito fino.",positive,am_thuc
36787,"o peixe estava fresco, embora tenha sido cortado muito fino.",negative,am_thuc
36788,Já estive lá muitas vezes e é sempre um bom momento.,positive,nha_hang
36789,Meu favorito pizzaria em Seattle,positive,nha_hang
36790,Eu recomendo fortemente este lugar para todos que querem experimentar comida indiana pela primeira vez.,positive,am_thuc
36792,Pior Serviço que já tive,positive,dich_vu
36793,"Acontece que o proprietário estava sentado bem ao nosso lado e, quando veio verificar nossos problemas, foi muito indiferente e ofereceu um desconto simbólico de 20% na nossa conta.",negative,dich_vu
36794,Fui lá com alguns amigos uma noite para jogar bingo e assistir ao jogo dos Sox e foi demais!,positive,nha_hang
36796,"– Ovos, panquecas, batatas, frutas frescas e iogurte — tudo o que eles servem é delicioso.",positive,am_thuc
36797,– Ray's é O lugar para ir para jantares de frutos do mar de alta qualidade frutos do mar.,positive,am_thuc
36798,Também gosto muito da simplicidade da decoração e do ambiente intimista sensação de um pequeno restaurante.,positive,khong_gian
36799,Estamos voltando . : D,positive,nha_hang
36800,"Eu deveria ter pensado em mencionar isso, mas nunca imaginei que a comida fosse tão suave.",negative,am_thuc
36801,"Quando entrei, fiquei surpreso com a incrível decoração em madeira.",positive,khong_gian
36802,"É um lugar pequeno lugar, então se você chegar antes das 20h em um fim de semana (quinta-feira? domingo), será mais fácil conseguir uma mesa ou um assento no sushi bar.",neutral,nha_hang
36803,Melhor Bairro Standby.,positive,nha_hang
36804,Eu voltaria lá num piscar de olhos.,positive,nha_hang
36805,"O preço é *muito* razoável, principalmente pela qualidade da comida.",positive,gia_ca
36806,"bastante comida, acredite em mim.",positive,am_thuc
36807,É o local perfeito  para um encontro romântico a dois ou um encontro secreto!,positive,nha_hang
36807,É o local perfeito  para um encontro romântico a dois ou um encontro secreto!,positive,khong_gian
36808,Também tem ótimas margaritas!,positive,am_thuc
36809,É despretensioso e underground.,positive,khong_gian
36810,O lugar é a melhor opção depois da comida da minha mãe.,positive,am_thuc
36811,"O melhor lugar para um café da manhã de domingo em meio a iates, depois dê um passeio pelo Mercado de Agricultores nas proximidades.",positive,nha_hang
36812,"Se puder, venha até este lugar de barco e passe uma noite inteira lá.",positive,nha_hang
36813,"de sobremesa pedimos o creme brulee de manga e gengibre... oh la la, uma delícia!!!",positive,am_thuc
36814,"Vale a pena esperar, principalmente porque eles ligam para você quando a mesa estiver pronta.",positive,nha_hang
36815,Eles têm uma grande variedade de peixes e até listam de quais oceanos eles vêm; Atlântico ou Pacífico.,positive,am_thuc
36816,"Bem, acho que é difícil estar sentado quando se é invisível para a equipe.",negative,dich_vu
36817,"Ótimo, aberto e amigável ambiente.",positive,khong_gian
36818,Uma breve conversa com o gerente no final da refeição foi a maior decepção -- dizer que ficamos `` decepcionados `` seria um eufemismo.,negative,dich_vu
36819,"O Ray's é uma espécie de instituição de Seattle, mas, dadas suas vistas deslumbrantes Sound, eu suspeitava que os elogios se deviam mais ao cenário do que à comida e ao serviço.",positive,vi_tri
36820,Jurei nunca mais voltar para uma refeição quente cerveja e medíocre refeição.,negative,am_thuc
36821,"Se estiver bom tempo lá fora, peça uma mesa na varanda.",positive,khong_gian
36822,Ótimo comida com um ambiente incrível!,positive,am_thuc
36822,Ótimo comida com um ambiente incrível!,positive,khong_gian
36823,Terminei a refeição com o inusitado sobremesa de degustação de vinho do Porto e chocolate... uma delícia!,positive,am_thuc
36824,Pedi o aperitivo de frutos do mar e camarão e estava bom.,neutral,am_thuc
36825,As pizzas são de massa fina e o menu oferece combinações e coberturas muito criativas.,positive,am_thuc
36826,É um ótimo lugar para aproveitar comida e encontrar amigos.,positive,am_thuc
36826,É um ótimo lugar para aproveitar comida e encontrar amigos.,positive,nha_hang
36827,"O serviço foi excelente, o café foi bom até mesmo para os padrões do Starbucks e a comida foi excepcional.",positive,dich_vu
36827,"O serviço foi excelente, o café foi bom até mesmo para os padrões do Starbucks e a comida foi excepcional.",positive,am_thuc
36828,Este é o lugar para relaxar e aproveitar a melhor qualidade comida que a indústria pode oferecer.,positive,khong_gian
36828,Este é o lugar para relaxar e aproveitar a melhor qualidade comida que a indústria pode oferecer.,positive,am_thuc
36829,Eu voltaria só pela experiência vinho.,positive,am_thuc
36830,O melhor lula de Seattle!,positive,am_thuc
36831,A apresentação do Snooze é excelente e é um daqueles lugares que você se sente mais sofisticado só por estar lá; mas retire as camadas e você terá um IHOP caro com um Snooze sofisticado.,positive,khong_gian
36831,A apresentação do Snooze é excelente e é um daqueles lugares que você se sente mais sofisticado só por estar lá; mas retire as camadas e você terá um IHOP caro com um Snooze sofisticado.,negative,am_thuc
36831,A apresentação do Snooze é excelente e é um daqueles lugares que você se sente mais sofisticado só por estar lá; mas retire as camadas e você terá um IHOP caro com um Snooze sofisticado.,negative,gia_ca
36832,"Reclamei com o gerente, mas ele nem se desculpou.",negative,dich_vu
36833,Muito mais do que uma ótima vista!,positive,vi_tri
36834,A atmosfera estava apenas ok.,neutral,khong_gian
36835,"Depois de sentar, demorou cerca de 30 minutos para finalmente receber a refeição.",negative,dich_vu
36836,"– Em uma era de cortes de custos incrementais em restaurantes, é bom ver um lugar que contraria essa tendência e simplesmente oferece alta qualidade comida e bom serviço, ponto final.",positive,am_thuc
36836,"– Em uma era de cortes de custos incrementais em restaurantes, é bom ver um lugar que contraria essa tendência e simplesmente oferece alta qualidade comida e bom serviço, ponto final.",positive,dich_vu
36837,"Gostei muito do ambiente, mas a comida não valeu o preço.",positive,khong_gian
36837,"Gostei muito do ambiente, mas a comida não valeu o preço.",negative,am_thuc
36837,"Gostei muito do ambiente, mas a comida não valeu o preço.",negative,gia_ca
36838,"Ele fica em um shopping perto do Beverly Center, não é o melhor localização, mas a comida me faz voltar para mais.",neutral,vi_tri
36838,"Ele fica em um shopping perto do Beverly Center, não é o melhor localização, mas a comida me faz voltar para mais.",positive,am_thuc
36839,"Na minha refeição tive que devolver meus ovos por um simples pedido de quebrar as gemas antes de cozinhar, e teria que devolvê-los novamente se não tivesse rejeitado a refeição completamente.",negative,am_thuc
36840,A banda foi muito boa e o serviço foi atencioso.,positive,khong_gian
36840,A banda foi muito boa e o serviço foi atencioso.,positive,dich_vu
36841,"– Como descrever o melhor sushi em Nova York: hmmmm, delicioso, incrível, fantástico, suculento, perfeito, nah, todas as opções acima.",positive,am_thuc
36842,– O charme localização ao longo da marina em Long Beach e a mediocridade comida do Schooner or Later infelizmente não compensam seu péssimo atendimento atendimento ao cliente.,positive,vi_tri
36842,– O charme localização ao longo da marina em Long Beach e a mediocridade comida do Schooner or Later infelizmente não compensam seu péssimo atendimento atendimento ao cliente.,neutral,am_thuc
36842,– O charme localização ao longo da marina em Long Beach e a mediocridade comida do Schooner or Later infelizmente não compensam seu péssimo atendimento atendimento ao cliente.,negative,dich_vu
36843,"Fomos acomodados imediatamente, a mesa era privada e agradável.",positive,khong_gian
36844,"bom saquê, bom comida – sinceramente, não sei muito sobre japonês comida.",positive,am_thuc
36845,Traga seu celular porque você pode ter que esperar para entrar no melhor restaurante de sushi do mundo : BLUE RIBBON SUSHI.,positive,nha_hang
36846,"No final, nossa conta chegou a US$ 27 por 4 pequenas panquecas, um burrito de café da manhã, um suco de laranja e um chá gelado (eu tomei água).",negative,am_thuc
36846,"No final, nossa conta chegou a US$ 27 por 4 pequenas panquecas, um burrito de café da manhã, um suco de laranja e um chá gelado (eu tomei água).",negative,gia_ca
36847,Bom comida!,positive,am_thuc
36848,"O serviço de buffet é de outro mundo, e sopa de frango e legumes Raouls abala meu mundo!!!",positive,am_thuc
36849,Eu deveria ter pedido a conta quando vi isso; mas o menu deles era tão único que continuei.,positive,am_thuc
36850,Ótimo Café da manhã,positive,am_thuc
36851,Robalo com risoto de lagosta foi o melhor.,positive,am_thuc
36852,– A atmosfera é ótima para qualquer ocasião especial que você queira comemorar.,positive,khong_gian
36853,"Ótimo peixe da estação e frutos do mar, com um ambiente elegante à beira-mar.",positive,am_thuc
36853,"Ótimo peixe da estação e frutos do mar, com um ambiente elegante à beira-mar.",positive,khong_gian
36854,As pizzas não são enormes e a massa é fina... tenha isso em mente quando fizer o pedido.,neutral,am_thuc
36855,A única coisa positiva sobre o Mioposto é a boa localização.,positive,vi_tri
36856,Eu também aprecio a entrega deles.,positive,dich_vu
36858,A pizza é deliciosa e as saladas são fantásticas.,positive,am_thuc
36859,Mais fresco sushi – Adoro isto restaurante.,positive,am_thuc
36859,Mais fresco sushi – Adoro isto restaurante.,positive,nha_hang
36860,O bife foi feito exatamente como eu gosto (malpassado) e estava bom e suculento.,positive,am_thuc
36861,"Sério, você não pode errar se o que você procura é diversão local despretensiosa.",positive,khong_gian
36862,Os proprietários são muito divertidos e a seleção de cervejas vale a pena ficar.,positive,dich_vu
36862,Os proprietários são muito divertidos e a seleção de cervejas vale a pena ficar.,positive,am_thuc
36863,Ótimo seleção de chope e garrafa e o pizza é demais.,positive,am_thuc
36864,"Garanto que você não ficará desapontado, também há serviço de manobrista.",positive,nha_hang
36865,Jantar tarde da noite com comida excepcional .,positive,am_thuc
36866,"As porções  são grandes, então não peça muito.",neutral,am_thuc
36867,Definitivamente tem uma das melhores jukebox que já vi em muito tempo.,positive,khong_gian
36868,O serviço foi decente.,neutral,dich_vu
36870,"Ah, e as batatas fritas com queijo são incríveis!",positive,am_thuc
36871,Todos que estavam sentados lá fora concordaram que esse foi o pior serviço que já recebemos.,negative,dich_vu
36872,"Posso não ser um guru de sushi, mas posso dizer que a comida aqui é apenas razoável e que não há muito mais do que isso.",negative,am_thuc
36873,"Excelente comida, agradável ambiente, bastante caro",positive,am_thuc
36873,"Excelente comida, agradável ambiente, bastante caro",positive,khong_gian
36873,"Excelente comida, agradável ambiente, bastante caro",negative,gia_ca
36874,"Derrete na boca nigiri e sashmi, e muito saboroso rolinhos também.",positive,am_thuc
36875,Finalmente uma refeição que você vai lembrar por muito tempo!,positive,am_thuc
36876,"Melhor comida, fenomenal serviço",positive,am_thuc
36876,"Melhor comida, fenomenal serviço",positive,dich_vu
36877,Recomendo para uma noite em que você quer esbanjar! (foi um pouco caro),positive,nha_hang
36877,Recomendo para uma noite em que você quer esbanjar! (foi um pouco caro),negative,gia_ca
36878,"Embora este restaurante tivesse comida razoavelmente boa, a equipe do restaurante parecia completamente indiferente à nossa presença, e essa atitude se refletiu na falta de serviço.",positive,am_thuc
36878,"Embora este restaurante tivesse comida razoavelmente boa, a equipe do restaurante parecia completamente indiferente à nossa presença, e essa atitude se refletiu na falta de serviço.",negative,dich_vu
36879,Sem comparação,positive,nha_hang
36880,"então sobre os camarões, eles estavam frescos e tinham uma leve crocância sobre a massa... tããão bons... as nozes foram cortadas em pedaços menores e muito crocantes e saborosas.",positive,am_thuc
36881,Estou muito feliz por ter um maravilhoso restaurante italiano no meu bairro.,positive,nha_hang
36882,Esperamos uma hora para sermos acomodados.,negative,dich_vu
36883,"Fizemos nosso pedido e, embora tivéssemos pedido 4 entradas, a comida só chegou 45 minutos depois... COM NOSSO PRATO PRINCIPAL.",negative,dich_vu
36884,Mal posso esperar para voltar no próximo fim de semana!,positive,nha_hang
36885,"Se você está interessado em pratos saborosos (sem gosto ou cheiro de peixe), grandes porções e criativos pratos de sushi, este é o seu lugar...",positive,am_thuc
36886,Um lugar perfeito  para receber hóspedes de fora da cidade em qualquer época do ano.,positive,nha_hang
36887,Provei todos os três itens que ela preparou prato e eles estavam excelentes.,positive,am_thuc
36888,Bom para jantar tarde da noite (planejamento de última hora) sem reservas.,positive,nha_hang
36890,– De longe o melhor bar do East Village...,positive,nha_hang
36891,É um ótimo lugar para observar as pessoas.,positive,nha_hang
36892,"Espaço era limitado, mas a comida compensava.",negative,nha_hang
36892,"Espaço era limitado, mas a comida compensava.",positive,am_thuc
36893,"As vieiras são aparentemente cozidas em manteiga de azeitona preta, o que as torna realmente únicas (para não mencionar saborosas).",positive,am_thuc
36894,Este lugar é charmoso e relaxante.,positive,khong_gian
36895,nada mastigável.,positive,am_thuc
36896,Ficamos em Seattle apenas uma noite e estou muito feliz por termos escolhido Rays para jantar!,positive,nha_hang
36897,"– Nunca esquecerei a incrível refeição, serviço e ambiente que experimentei neste restaurante.",positive,am_thuc
36897,"– Nunca esquecerei a incrível refeição, serviço e ambiente que experimentei neste restaurante.",positive,dich_vu
36897,"– Nunca esquecerei a incrível refeição, serviço e ambiente que experimentei neste restaurante.",positive,khong_gian
36898,Incrível aperitivo especial de cavala espanhola e perfeito sushi de caixa (isso enguia com abacate -- hum hum hum).,positive,am_thuc
36899,"Nos fins de semana, você pode ter que esperar algumas horas.",neutral,dich_vu
36900,– A comida não era ótima e os garçons eram rudes.,negative,am_thuc
36900,– A comida não era ótima e os garçons eram rudes.,negative,dich_vu
36901,"O bife 9 oz veio em seguida e estava ótimo, pelo menos no começo.",positive,am_thuc
36902,"Quando cheguei lá, sentei-me no andar de cima, onde a atmosfera era aconchegante e o serviço era horrível!",positive,khong_gian
36902,"Quando cheguei lá, sentei-me no andar de cima, onde a atmosfera era aconchegante e o serviço era horrível!",negative,dich_vu
36903,"A carta de vinhos é incrível, extensa e diversificada, a comida é toda incrível e a equipe foi toda muito simpática, boa no que faz e culta.",positive,am_thuc
36903,"A carta de vinhos é incrível, extensa e diversificada, a comida é toda incrível e a equipe foi toda muito simpática, boa no que faz e culta.",positive,dich_vu
36904,– NÃO PODE FICAR MELHOR ! ! ! ! !,positive,nha_hang
36905,Nas tardes de domingo há uma banda tocando e é muito divertido.,positive,khong_gian
36906,"Tudo, e eu quero dizer tudo no menu é delicioso.",positive,am_thuc
36907,"Sei que muitas pessoas têm seus tipos favoritos de pizza e pizzarias, mas o pizzaria do Mioposto carece de qualidade e bom gosto.",negative,am_thuc
36908,Há apenas um lugar na costa leste que tem tudo isso e muito mais.,positive,nha_hang
36909,Sempre um vencedor.,positive,nha_hang
36910,"As avaliações anteriores diziam que era adequado para crianças... me dá um tempo com duas crianças pequenas, isso é anos-luz.",negative,nha_hang
36911,As pizzas são leves e deliciosas.,positive,am_thuc
36912,"Veja a arte nas paredes, muito colorida!",positive,khong_gian
36914,Nunca mais voltarei.,negative,nha_hang
36915,Tivemos muita dificuldade em chamar a atenção da garçonete e finalmente tivemos que nos levantar e entrar para falar com um gerente.,negative,dich_vu
36916,Nunca muito lotado e sempre ótimo serviço.,positive,dich_vu
36916,Nunca muito lotado e sempre ótimo serviço.,positive,nha_hang
36917,você está com um encontro quente e ele/ela está com vontade de sushi ... então este pode ser o lugar.,positive,am_thuc
36918,"Pode ficar cheio nas sextas-feiras para conseguir uma mesa, mas depois de sentar, o serviço é tão eficiente que você pode entrar e sair de lá rapidamente.",positive,dich_vu
36919,"É servido com molho de pimenta ou redução de vinho tinto, embora ambos tenham sabor indistinguível.",neutral,am_thuc
36920,Os garçons mais simpáticos da cidade.,positive,dich_vu
36921,O serviço foi cortês e atencioso.,positive,dich_vu
36922,"No momento em que escrevo isso, tentei distribuir um link novamente e ainda não funciona.",negative,nha_hang
36923,"quaisquer outras necessidades que pudéssemos ter não poderiam ter sido atendidas, pois ninguém parou na mesa.",negative,dich_vu
36924,Mas os servidores foram extremamente atenciosos e muito amigáveis.,positive,dich_vu
36925,"Eu estive neste lugar, pessoal, e é RUIM.",negative,nha_hang
36926,ótimo serviço,positive,dich_vu
36927,Foi como jantar em um restaurante completamente diferente.,positive,nha_hang
36928,Dois polegares para cima!,positive,am_thuc
36929,Imagine minha feliz surpresa ao descobrir que as visualizações são apenas a terceira melhor coisa sobre Ray!,positive,vi_tri
36929,Imagine minha feliz surpresa ao descobrir que as visualizações são apenas a terceira melhor coisa sobre Ray!,positive,nha_hang
36930,"Sem dúvida, o melhor atum que já comi.",positive,am_thuc
36931,"Se você for ver Danny Gans ou estiver hospedado no Mirage, não perca este.",positive,nha_hang
36932,ótimo local para almoçar,positive,nha_hang
36933,Eu adoro café da manhã aqui.,positive,am_thuc
36934,O sashimi foi o mais fresco e macio que já provei.,positive,am_thuc
36935,Você não ficará desapontado com o menu.,positive,am_thuc
36936,"Muitas pessoas falam sobre o ótimo pizza e o ruim serviço, então não podem ser apenas os desabafos de alguns clientes insatisfeitos.",positive,am_thuc
36936,"Muitas pessoas falam sobre o ótimo pizza e o ruim serviço, então não podem ser apenas os desabafos de alguns clientes insatisfeitos.",negative,dich_vu
36937,Eu não voltarei.,negative,nha_hang
36938,meu serviço foi estelar!,positive,dich_vu
36939,com certeza voltaremos a este restaurante.,positive,nha_hang
36941,"Talvez seja bom para aquela noite em que os chefs decidem usar peixe, que é meio decente.",negative,am_thuc
36942,"– Só fui ao Open Sesame uma vez, mas ainda estou me recuperando da experiência! !",positive,nha_hang
36943,"As panquecas eram certamente criativas, mas US$ 8,50 por 3 a 6 `` panquecas (uma delas tinha mais de 5 ``) na versão de panquecas (amostra de 3 panquecas) diferentes é um preço bem alto.",positive,am_thuc
36943,"As panquecas eram certamente criativas, mas US$ 8,50 por 3 a 6 `` panquecas (uma delas tinha mais de 5 ``) na versão de panquecas (amostra de 3 panquecas) diferentes é um preço bem alto.",negative,gia_ca
36944,"NO ENTANTO, numa tarde de domingo, meu marido e eu fomos (embora com meus altos protestos) e ficamos agradavelmente surpresos.",positive,nha_hang
36946,Cuidado - é real comida para pessoas que amam o melhor.,positive,am_thuc
36947,"Tenho um porém aqui: havia um atendente de banheiro no banheiro, o que era estranho.",negative,nha_hang
36948,O melhor prato é o camarão com nozes -- simplesmente extraordinário.,positive,am_thuc
36949,"As panquecas deveriam ser maiores (pelo menos 8 ``) para justificar o gasto, mesmo com as ofertas exclusivas.",negative,am_thuc
36950,– Minha primeira vez jantando neste restaurante foi com meu filho e foi absolutamente horrível!,negative,nha_hang
36952,"O estacionamento é razoavelmente bom, eles têm seu próprio estacionamento e você pode estacionar no parque próximo.",positive,nha_hang
36953,Salada Caesar estava excelente.,positive,am_thuc
36954,"– Não entendo como fiquei tanto tempo sem conhecer esse lugar... a salada de fajita, a colorado, as fajitas - TUDO é delicioso.",positive,am_thuc
36955,melhor comida chinesa que já provei há muito tempo,positive,am_thuc
36956,O preço também estava certo.,positive,gia_ca
36958,"Colocamos nosso nome e, embora houvesse mesas vagas, fomos informados de que a espera seria de 30 minutos.",negative,dich_vu
36959,O café também é muito bom.,positive,am_thuc
36960,Esperamos mais de 30 minutos por nossas bebidas e mais de 1 hora e meia por nossa comida.,negative,dich_vu
36961,Os garçons atrás do balcão são sempre simpáticos e prestativos.,positive,dich_vu
36962,"Nosso garçom era inexistente e depois que nossa comida finalmente chegou, mais de uma hora depois do pedido, não nos deram água nem utensílios.",negative,dich_vu
36963,– Este lugar é incrivelmente superestimado.,negative,nha_hang
36964,Muito ruim atendimento ao cliente.,negative,dich_vu
36965,Não podemos dizer o suficiente sobre suas deliciosas pizzas gourmet !,positive,am_thuc
36966,"Além disso, enquanto o peixe é inquestionavelmente fresco, pãezinhos tendem a ser inexplicavelmente insossos.",positive,am_thuc
36966,"Além disso, enquanto o peixe é inquestionavelmente fresco, pãezinhos tendem a ser inexplicavelmente insossos.",negative,am_thuc
36967,O único inconveniente é a lotação lugares sentados e a lentidão serviço.,negative,nha_hang
36967,O único inconveniente é a lotação lugares sentados e a lentidão serviço.,negative,dich_vu
36968,"Não há muitos lugares para fumar em Nova York, mas encontrei meu lugar favorito para fumar varanda na cidade.",positive,nha_hang
36969,Nós compartilhamos o prato da família e eu gostei especialmente do bacalhau preto em saquê kasu.,positive,am_thuc
36970,"Mas o espaço é pequeno e adorável, e o serviço é útil.",positive,khong_gian
36970,"Mas o espaço é pequeno e adorável, e o serviço é útil.",positive,dich_vu
36974,- Medíocre Serviço / Qualidade,neutral,dich_vu
36975,"– Este é um dos meus lugares favoritos para almoçar, enorme porções, rápido serviço e incrível NULL! !",positive,nha_hang
36975,"– Este é um dos meus lugares favoritos para almoçar, enorme porções, rápido serviço e incrível NULL! !",positive,am_thuc
36975,"– Este é um dos meus lugares favoritos para almoçar, enorme porções, rápido serviço e incrível NULL! !",positive,dich_vu
36976,Melhor Bolinhos de Caranguejo da Cidade,positive,am_thuc
36977,"Tudo o que comi aqui é bom, saladas de taco, burritos, enchiladas eu adoro este lugar.",positive,am_thuc
36977,"Tudo o que comi aqui é bom, saladas de taco, burritos, enchiladas eu adoro este lugar.",positive,nha_hang
36978,"Ótimo Pizza, Ruim Serviço",positive,am_thuc
36978,"Ótimo Pizza, Ruim Serviço",negative,dich_vu
36979,esplêndido,positive,nha_hang
36980,Minha melhor amiga comeu o shawarma de frango e ela AINDA fala que é o melhor de todos!,positive,am_thuc
36981,Chintzy porções,negative,am_thuc
36982,Bom come.,positive,am_thuc
36983,"Normalmente, os lugares perguntam o quão picante você quer, mas não perguntam.",negative,dich_vu
36984,"Sempre achei os garçons e, se você sentar no bar, os cozinheiros muito simpáticos.",positive,dich_vu
36985,Nada no menu é menos que incrível.,positive,am_thuc
36986,"Meu grupo de dois estava se sentindo particularmente ambicioso, e nós esbanjamos no Shilshole Sampler... uma bela variedade de enormes camarões brancos do golfo, atum albacora defumado, o fantástico amêijoas de Manila temperado com endro do Ray, vieiras em um saboroso molho de soja e uma pequena pilha de caranguejo Dungeness sobre um sublime molho de manteiga.",positive,am_thuc
36987,"Fiquei francamente chocado quando li as críticas negativas - este lugar é fantástico; não nos decepcionou de forma alguma, e já comemos aqui mais de 10 vezes.",positive,nha_hang
36988,"Você é um fã de sushi, você ama peixes cortados com maestria peixe, ótimos saquê, um matador local SOHO e, claro: salmão, atum, linguado, linguado, bacalhau, cavala, geleia peixe, ouriço-do-mar, camarão, lagosta, dourada, truta, peixe-leite, atum-rabilho, enguia, caranguejo, sardinha, tamboril, ovas, vieira, ostras e uma variedade de toro.",positive,am_thuc
36988,"Você é um fã de sushi, você ama peixes cortados com maestria peixe, ótimos saquê, um matador local SOHO e, claro: salmão, atum, linguado, linguado, bacalhau, cavala, geleia peixe, ouriço-do-mar, camarão, lagosta, dourada, truta, peixe-leite, atum-rabilho, enguia, caranguejo, sardinha, tamboril, ovas, vieira, ostras e uma variedade de toro.",positive,vi_tri
36989,O serviço é fantástico neste lugar divertido.,positive,dich_vu
36989,O serviço é fantástico neste lugar divertido.,positive,nha_hang
36990,"Além disso, havia apenas um banheiro - provavelmente precisaria de mais para uma multidão tão grande.",negative,nha_hang
36991,Saímos sem nunca receber atendimento.,negative,dich_vu
36993,– Recomendo muito Mioposto .,positive,nha_hang
36994,"A comida é fantástica, autêntica, deliciosa e muito, muito acessível.",positive,am_thuc
36994,"A comida é fantástica, autêntica, deliciosa e muito, muito acessível.",positive,gia_ca
36995,Já comi aqui três vezes e achei a qualidade e a variedade do peixe excelentes.,positive,am_thuc
36996,"Mas ela é muito amigável com certas pessoas, o que torna isso ainda mais irritante.",negative,dich_vu
36997,"O menu regular aqui é um pouco acima da média, o que não vale a atitude arrogante que você recebe.",neutral,am_thuc
36997,"O menu regular aqui é um pouco acima da média, o que não vale a atitude arrogante que você recebe.",negative,dich_vu
36998,"Eles também servem O MELHOR homus da América, com um fiozinho de azeite de oliva aromático (que, acredito eu, é o método tradicional)!",positive,am_thuc
37000,Frutos do mar Mais,positive,am_thuc
37001,"é triste que não haja muitas pessoas que frequentem lugares como esses que parecem caros porque ficam no hotel... mas eles são definitivamente um lugar que você não vai querer perder, especialmente se estiver no centro de San José.",positive,nha_hang
37002,Eles servem em um copo alto e fino em formato de ampulheta para disfarçar o fato de que você está comprando um suco pequeno suco pelo preço de meio galão em um supermercado.,negative,am_thuc
37002,Eles servem em um copo alto e fino em formato de ampulheta para disfarçar o fato de que você está comprando um suco pequeno suco pelo preço de meio galão em um supermercado.,negative,gia_ca
37003,"A comida estava boa, mas o serviço era tão ruim que a comida estava fria quando todos do meu grupo foram servidos.",neutral,am_thuc
37003,"A comida estava boa, mas o serviço era tão ruim que a comida estava fria quando todos do meu grupo foram servidos.",negative,dich_vu
37004,ótimo refeição – o peixe no prato omikase estava absolutamente decadente -- não havia nada da viscosidade que às vezes acompanha sushi razoável -- este peixe estava perfeito! ! ! !,positive,am_thuc
37005,"As bebidas são excelentes, e sinto-me como se estivesse num país do Terceiro Mundo quando entro pela porta.",positive,am_thuc
37005,"As bebidas são excelentes, e sinto-me como se estivesse num país do Terceiro Mundo quando entro pela porta.",positive,khong_gian
37006,Aberto e Fresco Lugar com o Melhor Pizza e Café,positive,khong_gian
37006,Aberto e Fresco Lugar com o Melhor Pizza e Café,positive,am_thuc
37007,Creme brulee de chá verde é imperdível!,positive,am_thuc
37008,Encontrei uma nova casa e acabei de me mudar com um contrato de longo prazo.,positive,nha_hang
37009,"Eles não são os mais falantes, mas todas as vezes que estive lá eles estavam muito ocupados, o que provavelmente explica a falta de conversa.",neutral,dich_vu
37010,"A pizza em si não é exatamente a melhor que já comi, mas ainda assim é muito boa.",positive,am_thuc
37011,"Tivemos o mesmo garçom na segunda vez, então talvez o serviço seja irregular e nossa sorte esteja boa.",positive,dich_vu
37012,"– Essa é uma afirmação importante, considerando que eu mesmo puxo armadilhas para caranguejos e faço os bolos desde os meus sete anos, mas há algo sobre esses diabinhos que fica melhor a cada vez.",positive,am_thuc
37014,"No entanto, este lugar é uma jóia, e não vou parar de voltar.",positive,nha_hang
37015,"fica bem cheio, então chegue cedo para conseguir um lugar, se tiver que esperar, não é ruim porque o serviço é rápido!",positive,dich_vu
37016,"O jantar levou apenas cerca de uma hora e os preços estavam bons para a região, quase US$ 50/pessoa, depois de impostos e gorjeta (aproximadamente a média).",neutral,gia_ca
37017,Os anéis de cebola são ótimos!,positive,am_thuc
37018,"Se você estiver na área, não ficará desapontado.",positive,nha_hang
37019,– Ótimo distrito financeiro ponto mexicano.,positive,nha_hang
37020,O rolo especial da casa é realmente bom.,positive,am_thuc
37021,Os garçons são muito experientes e prestativos ao combinar sua escolha de bebida com seu gosto pela comida ou vice-versa.,positive,dich_vu
37022,Perfeição.,positive,nha_hang
37023,Ruim atendimento ao cliente / Ruim pizza.,negative,dich_vu
37023,Ruim atendimento ao cliente / Ruim pizza.,negative,am_thuc
37024,"No geral, eu voltaria e comeria no restaurante novamente.",positive,nha_hang
37025,Servidor fez várias sugestões saquê que foram muito boas.,positive,am_thuc
37025,Servidor fez várias sugestões saquê que foram muito boas.,positive,dich_vu
37026,Meu único comentário negativo é que eu gostaria que as peças fossem um pouco maiores.,negative,am_thuc
37027,"Eu escolhi o aspargos, que ficou incrível e perfeitamente preparado.",positive,am_thuc
37028,O que pode ser interessante para a maioria é que o pior serviço/atitude vem dos proprietários deste estabelecimento.,negative,dich_vu
37029,A única desvantagem é que este lugar é muito caro e as porções são pequenas.,negative,gia_ca
37029,A única desvantagem é que este lugar é muito caro e as porções são pequenas.,negative,am_thuc
37030,"Terrível serviço, comida ok, caro",negative,dich_vu
37030,"Terrível serviço, comida ok, caro",neutral,am_thuc
37030,"Terrível serviço, comida ok, caro",negative,gia_ca
37031,Embora o serviço pudesse ser melhorado considerando o dinheiro que você investiu.,negative,dich_vu
37032,"É comum ver famílias e amigos indianos jantando lá, o que é sempre um bom sinal.",positive,nha_hang
37033,"Se eu quisesse ficar na fila de um domingo por uma hora para conseguir uma comida mediana comida de brunch, então eu colocaria o Murphy's no topo da lista.",neutral,am_thuc
37033,"Se eu quisesse ficar na fila de um domingo por uma hora para conseguir uma comida mediana comida de brunch, então eu colocaria o Murphy's no topo da lista.",negative,dich_vu
37034,Pela quantidade de comida que recebemos os preços deveriam ter sido mais baixos.,negative,gia_ca
37035,"Sempre ocupado, mas eles são bons em atendê-lo prontamente e têm um serviço rápido .",positive,dich_vu
37036,A carta de vinhos é maravilhosa e a comida me lembra minha recente viagem à Itália.,positive,am_thuc
37037,"a comida estava ótima, as margaritas também, mas a garçonete estava muito ocupada sendo gentil com seu outro grupo maior do que para cuidar melhor de mim e do meu amigo.",positive,am_thuc
37037,"a comida estava ótima, as margaritas também, mas a garçonete estava muito ocupada sendo gentil com seu outro grupo maior do que para cuidar melhor de mim e do meu amigo.",negative,dich_vu
37038,Não posso dizer coisas boas o suficiente sobre este restaurante e mal posso esperar pelas próximas visitas.,positive,nha_hang
37039,Adoro sempre,positive,nha_hang
37040,Somos moradores locais e temos a sensação de que a única maneira deste lugar sobreviver com tanta mediocridade comida é porque a maioria dos clientes são provavelmente turistas que só vêm uma vez.,negative,am_thuc
37041,Também adoro a salada caeser.,positive,am_thuc
37042,Ela não faz você se sentir bem-vindo e te trata como um incômodo.,negative,dich_vu
37043,É do tamanho certo para o menu.,positive,nha_hang
37044,"A comida é fantástica, e a equipe de garçons foi perfeita todas as vezes que estivemos lá.",positive,am_thuc
37044,"A comida é fantástica, e a equipe de garçons foi perfeita todas as vezes que estivemos lá.",positive,dich_vu
37045,A sobremesa foi o final perfeito para um jantar quase perfeito.,positive,am_thuc
37046,"Estive aqui, gastei muito dinheiro num jantar especial do chef e foi uma grande decepção.",negative,am_thuc
37046,"Estive aqui, gastei muito dinheiro num jantar especial do chef e foi uma grande decepção.",negative,gia_ca
37048,"– Tive que esperar trinta minutos para entrar em uma manhã de terça-feira, mas valeu muito a pena.",negative,nha_hang
37048,"– Tive que esperar trinta minutos para entrar em uma manhã de terça-feira, mas valeu muito a pena.",positive,nha_hang
37049,"– É triste ver um lugar que já foi `` O `` lugar para se encontrar e comer no café da manhã ou almoço, agora ser o lugar que é um grande `` NÃO SE INCOMODE ``.",negative,nha_hang
37050,"O frango com limão tinha gosto de donuts doces e pegajosos e os camarões com nozes e mel, os poucos que eles realmente oferecem... não eram bons.",negative,am_thuc
37051,"Foi romântico - e até legal, mesmo com minha irmã, me lembrou da Itália, e tinha obras de arte e música que mantinham a sensação de estar em uma vila mediterrânea.",positive,khong_gian
37052,O sushi estava excelente e o garçons foi rápido.,positive,am_thuc
37052,O sushi estava excelente e o garçons foi rápido.,positive,dich_vu
37053,"Na verdade, muitos querem retornar uma segunda vez durante sua visita.",positive,nha_hang
37054,– Melhor lugar mexicano para almoçar no distrito financeiro.,positive,nha_hang
37055,eu amo esse lugar!,positive,nha_hang
37056,a atmosfera é ótima.,positive,khong_gian
37057,Perfeito para um dia frio.,positive,am_thuc
37096,inte seg alls.,positive,am_thuc
37145,- Mediocre Huduma / Ubora,neutral,dich_vu
37242,to dày pepperoni,positive,am_thuc
37347,Giá quá cao,negative,gia_ca
